
/home/hjkwon/chipyard/generators/velasaturn/software/build/pid_vector_double_optimized.riscv:     file format elf64-littleriscv


Disassembly of section .text:

0000000080000000 <_start>:
    80000000:	4081                	li	ra,0
    80000002:	4101                	li	sp,0
    80000004:	4181                	li	gp,0
    80000006:	4201                	li	tp,0
    80000008:	4281                	li	t0,0
    8000000a:	4301                	li	t1,0
    8000000c:	4381                	li	t2,0
    8000000e:	4401                	li	s0,0
    80000010:	4481                	li	s1,0
    80000012:	4501                	li	a0,0
    80000014:	4581                	li	a1,0
    80000016:	4601                	li	a2,0
    80000018:	4681                	li	a3,0
    8000001a:	4701                	li	a4,0
    8000001c:	4781                	li	a5,0
    8000001e:	4801                	li	a6,0
    80000020:	4881                	li	a7,0
    80000022:	4901                	li	s2,0
    80000024:	4981                	li	s3,0
    80000026:	4a01                	li	s4,0
    80000028:	4a81                	li	s5,0
    8000002a:	4b01                	li	s6,0
    8000002c:	4b81                	li	s7,0
    8000002e:	4c01                	li	s8,0
    80000030:	4c81                	li	s9,0
    80000032:	4d01                	li	s10,0
    80000034:	4d81                	li	s11,0
    80000036:	4e01                	li	t3,0
    80000038:	4e81                	li	t4,0
    8000003a:	4f01                	li	t5,0
    8000003c:	4f81                	li	t6,0
    8000003e:	62f9                	lui	t0,0x1e
    80000040:	6002829b          	addiw	t0,t0,1536 # 1e600 <__stack_size+0x16600>
    80000044:	3002a073          	csrs	mstatus,t0
    80000048:	00000297          	auipc	t0,0x0
    8000004c:	09028293          	addi	t0,t0,144 # 800000d8 <_start+0xd8>
    80000050:	30529073          	csrw	mtvec,t0
    80000054:	00301073          	fscsr	zero
    80000058:	f0000053          	fmv.w.x	ft0,zero
    8000005c:	f00000d3          	fmv.w.x	ft1,zero
    80000060:	f0000153          	fmv.w.x	ft2,zero
    80000064:	f00001d3          	fmv.w.x	ft3,zero
    80000068:	f0000253          	fmv.w.x	ft4,zero
    8000006c:	f00002d3          	fmv.w.x	ft5,zero
    80000070:	f0000353          	fmv.w.x	ft6,zero
    80000074:	f00003d3          	fmv.w.x	ft7,zero
    80000078:	f0000453          	fmv.w.x	fs0,zero
    8000007c:	f00004d3          	fmv.w.x	fs1,zero
    80000080:	f0000553          	fmv.w.x	fa0,zero
    80000084:	f00005d3          	fmv.w.x	fa1,zero
    80000088:	f0000653          	fmv.w.x	fa2,zero
    8000008c:	f00006d3          	fmv.w.x	fa3,zero
    80000090:	f0000753          	fmv.w.x	fa4,zero
    80000094:	f00007d3          	fmv.w.x	fa5,zero
    80000098:	f0000853          	fmv.w.x	fa6,zero
    8000009c:	f00008d3          	fmv.w.x	fa7,zero
    800000a0:	f0000953          	fmv.w.x	fs2,zero
    800000a4:	f00009d3          	fmv.w.x	fs3,zero
    800000a8:	f0000a53          	fmv.w.x	fs4,zero
    800000ac:	f0000ad3          	fmv.w.x	fs5,zero
    800000b0:	f0000b53          	fmv.w.x	fs6,zero
    800000b4:	f0000bd3          	fmv.w.x	fs7,zero
    800000b8:	f0000c53          	fmv.w.x	fs8,zero
    800000bc:	f0000cd3          	fmv.w.x	fs9,zero
    800000c0:	f0000d53          	fmv.w.x	fs10,zero
    800000c4:	f0000dd3          	fmv.w.x	fs11,zero
    800000c8:	f0000e53          	fmv.w.x	ft8,zero
    800000cc:	f0000ed3          	fmv.w.x	ft9,zero
    800000d0:	f0000f53          	fmv.w.x	ft10,zero
    800000d4:	f0000fd3          	fmv.w.x	ft11,zero
    800000d8:	00005197          	auipc	gp,0x5
    800000dc:	2c818193          	addi	gp,gp,712 # 800053a0 <__global_pointer$>
    800000e0:	f1402473          	csrr	s0,mhartid
    800000e4:	00f00293          	li	t0,15
    800000e8:	00025217          	auipc	tp,0x25
    800000ec:	f1820213          	addi	tp,tp,-232 # 80025000 <__heap_end>
    800000f0:	005412b3          	sll	t0,s0,t0
    800000f4:	9216                	add	tp,tp,t0
    800000f6:	62a1                	lui	t0,0x8
    800000f8:	00028293          	mv	t0,t0
    800000fc:	00520133          	add	sp,tp,t0
    80000100:	00000297          	auipc	t0,0x0
    80000104:	04428293          	addi	t0,t0,68 # 80000144 <trap_entry>
    80000108:	30529073          	csrw	mtvec,t0
    8000010c:	65d030ef          	jal	80003f68 <__init_tls>
    80000110:	00000293          	li	t0,0
    80000114:	00540463          	beq	s0,t0,8000011c <_start+0x11c>
    80000118:	0f60006f          	j	8000020e <_start_secondary>
    8000011c:	87818293          	addi	t0,gp,-1928 # 80004c18 <__malloc_sbrk_start>
    80000120:	be818313          	addi	t1,gp,-1048 # 80004f88 <_end>
    80000124:	0062f763          	bgeu	t0,t1,80000132 <_start+0x132>
    80000128:	0002b023          	sd	zero,0(t0)
    8000012c:	02a1                	addi	t0,t0,8
    8000012e:	fe62ede3          	bltu	t0,t1,80000128 <_start+0x128>
    80000132:	00004517          	auipc	a0,0x4
    80000136:	f5050513          	addi	a0,a0,-176 # 80004082 <__libc_fini_array>
    8000013a:	6b1030ef          	jal	80003fea <atexit>
    8000013e:	6e7030ef          	jal	80004024 <__libc_init_array>
    80000142:	a075                	j	800001ee <_start_main>

0000000080000144 <trap_entry>:
    80000144:	34011073          	csrw	mscratch,sp
    80000148:	7111                	addi	sp,sp,-256
    8000014a:	e406                	sd	ra,8(sp)
    8000014c:	340020f3          	csrr	ra,mscratch
    80000150:	e806                	sd	ra,16(sp)
    80000152:	ec0e                	sd	gp,24(sp)
    80000154:	f012                	sd	tp,32(sp)
    80000156:	f416                	sd	t0,40(sp)
    80000158:	f81a                	sd	t1,48(sp)
    8000015a:	fc1e                	sd	t2,56(sp)
    8000015c:	e0a2                	sd	s0,64(sp)
    8000015e:	e4a6                	sd	s1,72(sp)
    80000160:	e8aa                	sd	a0,80(sp)
    80000162:	ecae                	sd	a1,88(sp)
    80000164:	f0b2                	sd	a2,96(sp)
    80000166:	f4b6                	sd	a3,104(sp)
    80000168:	f8ba                	sd	a4,112(sp)
    8000016a:	fcbe                	sd	a5,120(sp)
    8000016c:	e142                	sd	a6,128(sp)
    8000016e:	e546                	sd	a7,136(sp)
    80000170:	e94a                	sd	s2,144(sp)
    80000172:	ed4e                	sd	s3,152(sp)
    80000174:	f152                	sd	s4,160(sp)
    80000176:	f556                	sd	s5,168(sp)
    80000178:	f95a                	sd	s6,176(sp)
    8000017a:	fd5e                	sd	s7,184(sp)
    8000017c:	e1e2                	sd	s8,192(sp)
    8000017e:	e5e6                	sd	s9,200(sp)
    80000180:	e9ea                	sd	s10,208(sp)
    80000182:	edee                	sd	s11,216(sp)
    80000184:	f1f2                	sd	t3,224(sp)
    80000186:	f5f6                	sd	t4,232(sp)
    80000188:	f9fa                	sd	t5,240(sp)
    8000018a:	fdfe                	sd	t6,248(sp)
    8000018c:	34102573          	csrr	a0,mepc
    80000190:	342025f3          	csrr	a1,mcause
    80000194:	34302673          	csrr	a2,mtval
    80000198:	868a                	mv	a3,sp
    8000019a:	5b9030ef          	jal	80003f52 <handle_trap>
    8000019e:	34151073          	csrw	mepc,a0
    800001a2:	6289                	lui	t0,0x2
    800001a4:	8002829b          	addiw	t0,t0,-2048 # 1800 <__stack_align+0x17f0>
    800001a8:	3002a073          	csrs	mstatus,t0
    800001ac:	60a2                	ld	ra,8(sp)
    800001ae:	61e2                	ld	gp,24(sp)
    800001b0:	7202                	ld	tp,32(sp)
    800001b2:	72a2                	ld	t0,40(sp)
    800001b4:	7342                	ld	t1,48(sp)
    800001b6:	73e2                	ld	t2,56(sp)
    800001b8:	6406                	ld	s0,64(sp)
    800001ba:	64a6                	ld	s1,72(sp)
    800001bc:	6546                	ld	a0,80(sp)
    800001be:	65e6                	ld	a1,88(sp)
    800001c0:	7606                	ld	a2,96(sp)
    800001c2:	76a6                	ld	a3,104(sp)
    800001c4:	7746                	ld	a4,112(sp)
    800001c6:	77e6                	ld	a5,120(sp)
    800001c8:	680a                	ld	a6,128(sp)
    800001ca:	68aa                	ld	a7,136(sp)
    800001cc:	694a                	ld	s2,144(sp)
    800001ce:	69ea                	ld	s3,152(sp)
    800001d0:	7a0a                	ld	s4,160(sp)
    800001d2:	7aaa                	ld	s5,168(sp)
    800001d4:	7b4a                	ld	s6,176(sp)
    800001d6:	7bea                	ld	s7,184(sp)
    800001d8:	6c0e                	ld	s8,192(sp)
    800001da:	6cae                	ld	s9,200(sp)
    800001dc:	6d4e                	ld	s10,208(sp)
    800001de:	6dee                	ld	s11,216(sp)
    800001e0:	7e0e                	ld	t3,224(sp)
    800001e2:	7eae                	ld	t4,232(sp)
    800001e4:	7f4e                	ld	t5,240(sp)
    800001e6:	7fee                	ld	t6,248(sp)
    800001e8:	6142                	ld	sp,16(sp)
    800001ea:	30200073          	mret

00000000800001ee <_start_main>:
    800001ee:	52fd                	li	t0,-1
    800001f0:	0110000f          	fence	w,w
    800001f4:	ac51a423          	sw	t0,-1336(gp) # 80004e68 <__boot_sync>
    800001f8:	4505                	li	a0,1
    800001fa:	00004597          	auipc	a1,0x4
    800001fe:	6d658593          	addi	a1,a1,1750 # 800048d0 <argv>
    80000202:	8101b603          	ld	a2,-2032(gp) # 80004bb0 <environ>
    80000206:	02a000ef          	jal	80000230 <main>
    8000020a:	5eb0306f          	j	80003ff4 <exit>

000000008000020e <_start_secondary>:
    8000020e:	ac81a283          	lw	t0,-1336(gp) # 80004e68 <__boot_sync>
    80000212:	fe028ee3          	beqz	t0,8000020e <_start_secondary>
    80000216:	0220000f          	fence	r,r
    8000021a:	4505                	li	a0,1
    8000021c:	00004597          	auipc	a1,0x4
    80000220:	6b458593          	addi	a1,a1,1716 # 800048d0 <argv>
    80000224:	8101b603          	ld	a2,-2032(gp) # 80004bb0 <environ>
    80000228:	571030ef          	jal	80003f98 <__main>
    8000022c:	5c90306f          	j	80003ff4 <exit>

0000000080000230 <main>:
    80000230:	bd010113          	addi	sp,sp,-1072
    80000234:	42113423          	sd	ra,1064(sp)
    80000238:	42813023          	sd	s0,1056(sp)
    8000023c:	40913c23          	sd	s1,1048(sp)
    80000240:	41213823          	sd	s2,1040(sp)
    80000244:	41313423          	sd	s3,1032(sp)
    80000248:	00004797          	auipc	a5,0x4
    8000024c:	20078793          	addi	a5,a5,512 # 80004448 <__tbss_end+0x252>
    80000250:	20010713          	addi	a4,sp,512
    80000254:	00004817          	auipc	a6,0x4
    80000258:	3f480813          	addi	a6,a6,1012 # 80004648 <__tbss_end+0x452>
    8000025c:	0007b503          	ld	a0,0(a5)
    80000260:	0087b583          	ld	a1,8(a5)
    80000264:	0107b603          	ld	a2,16(a5)
    80000268:	0187b683          	ld	a3,24(a5)
    8000026c:	00a73023          	sd	a0,0(a4)
    80000270:	00b73423          	sd	a1,8(a4)
    80000274:	00c73823          	sd	a2,16(a4)
    80000278:	00d73c23          	sd	a3,24(a4)
    8000027c:	02078793          	addi	a5,a5,32
    80000280:	02070713          	addi	a4,a4,32
    80000284:	fd079ce3          	bne	a5,a6,8000025c <main+0x2c>
    80000288:	20010493          	addi	s1,sp,512
    8000028c:	1c010713          	addi	a4,sp,448
    80000290:	00010e13          	mv	t3,sp
    80000294:	04010313          	addi	t1,sp,64
    80000298:	08010893          	addi	a7,sp,128
    8000029c:	0c010813          	addi	a6,sp,192
    800002a0:	10010513          	addi	a0,sp,256
    800002a4:	14010593          	addi	a1,sp,320
    800002a8:	18010613          	addi	a2,sp,384
    800002ac:	40010e93          	addi	t4,sp,1024
    800002b0:	00070693          	mv	a3,a4
    800002b4:	00048793          	mv	a5,s1
    800002b8:	0007b087          	fld	ft1,0(a5)
    800002bc:	0087b007          	fld	ft0,8(a5)
    800002c0:	0107b507          	fld	fa0,16(a5)
    800002c4:	0187b587          	fld	fa1,24(a5)
    800002c8:	0207b607          	fld	fa2,32(a5)
    800002cc:	0287b687          	fld	fa3,40(a5)
    800002d0:	0307b707          	fld	fa4,48(a5)
    800002d4:	0387b787          	fld	fa5,56(a5)
    800002d8:	001e3027          	fsd	ft1,0(t3)
    800002dc:	00033027          	fsd	ft0,0(t1)
    800002e0:	00a8b027          	fsd	fa0,0(a7)
    800002e4:	00b83027          	fsd	fa1,0(a6)
    800002e8:	00c53027          	fsd	fa2,0(a0)
    800002ec:	00d5b027          	fsd	fa3,0(a1)
    800002f0:	00e63027          	fsd	fa4,0(a2)
    800002f4:	00f6b027          	fsd	fa5,0(a3)
    800002f8:	04078793          	addi	a5,a5,64
    800002fc:	008e0e13          	addi	t3,t3,8
    80000300:	00830313          	addi	t1,t1,8
    80000304:	00888893          	addi	a7,a7,8
    80000308:	00880813          	addi	a6,a6,8
    8000030c:	00850513          	addi	a0,a0,8
    80000310:	00858593          	addi	a1,a1,8
    80000314:	00860613          	addi	a2,a2,8
    80000318:	00868693          	addi	a3,a3,8
    8000031c:	f9d79ee3          	bne	a5,t4,800002b8 <main+0x88>
    80000320:	c00025f3          	rdcycle	a1
    80000324:	04010513          	addi	a0,sp,64
    80000328:	cd847057          	vsetivli	zero,8,e64,m1,ta,ma
    8000032c:	02057f07          	vle64.v	v30,(a0)
    80000330:	08010513          	addi	a0,sp,128
    80000334:	02057c07          	vle64.v	v24,(a0)
    80000338:	0c010513          	addi	a0,sp,192
    8000033c:	02057e87          	vle64.v	v29,(a0)
    80000340:	10010513          	addi	a0,sp,256
    80000344:	02057e07          	vle64.v	v28,(a0)
    80000348:	14010513          	addi	a0,sp,320
    8000034c:	02057d87          	vle64.v	v27,(a0)
    80000350:	18010513          	addi	a0,sp,384
    80000354:	02057d07          	vle64.v	v26,(a0)
    80000358:	00005797          	auipc	a5,0x5
    8000035c:	8687b707          	fld	fa4,-1944(a5) # 80004bc0 <__atexit_dummy+0x8>
    80000360:	14010513          	addi	a0,sp,320
    80000364:	02017c87          	vle64.v	v25,(sp)
    80000368:	00005797          	auipc	a5,0x5
    8000036c:	8607b787          	fld	fa5,-1952(a5) # 80004bc8 <__atexit_dummy+0x10>
    80000370:	0b9f1cd7          	vfsub.vv	v25,v25,v30
    80000374:	20010613          	addi	a2,sp,512
    80000378:	b3975dd7          	vfmacc.vf	v27,fa4,v25
    8000037c:	02057da7          	vse64.v	v27,(a0)
    80000380:	18010513          	addi	a0,sp,384
    80000384:	02057ca7          	vse64.v	v25,(a0)
    80000388:	00060793          	mv	a5,a2
    8000038c:	1c010513          	addi	a0,sp,448
    80000390:	0b9d1d57          	vfsub.vv	v26,v25,v26
    80000394:	938c9c57          	vfmul.vv	v24,v24,v25
    80000398:	93a7dd57          	vfmul.vf	v26,v26,fa5
    8000039c:	b3be9c57          	vfmacc.vv	v24,v29,v27
    800003a0:	b3ae1c57          	vfmacc.vv	v24,v28,v26
    800003a4:	02057c27          	vse64.v	v24,(a0)
    800003a8:	00073787          	fld	fa5,0(a4)
    800003ac:	00870713          	addi	a4,a4,8
    800003b0:	04078793          	addi	a5,a5,64
    800003b4:	fef7bc27          	fsd	fa5,-8(a5)
    800003b8:	fec718e3          	bne	a4,a2,800003a8 <main+0x178>
    800003bc:	c00027f3          	rdcycle	a5
    800003c0:	00004517          	auipc	a0,0x4
    800003c4:	e3850513          	addi	a0,a0,-456 # 800041f8 <__tbss_end+0x2>
    800003c8:	40b785b3          	sub	a1,a5,a1
    800003cc:	22f000ef          	jal	80000dfa <iprintf>
    800003d0:	00000413          	li	s0,0
    800003d4:	00004997          	auipc	s3,0x4
    800003d8:	e3498993          	addi	s3,s3,-460 # 80004208 <__tbss_end+0x12>
    800003dc:	00800913          	li	s2,8
    800003e0:	0384b603          	ld	a2,56(s1)
    800003e4:	00040593          	mv	a1,s0
    800003e8:	00098513          	mv	a0,s3
    800003ec:	0014041b          	addiw	s0,s0,1
    800003f0:	20b000ef          	jal	80000dfa <iprintf>
    800003f4:	04048493          	addi	s1,s1,64
    800003f8:	ff2414e3          	bne	s0,s2,800003e0 <main+0x1b0>
    800003fc:	42813083          	ld	ra,1064(sp)
    80000400:	42013403          	ld	s0,1056(sp)
    80000404:	41813483          	ld	s1,1048(sp)
    80000408:	41013903          	ld	s2,1040(sp)
    8000040c:	40813983          	ld	s3,1032(sp)
    80000410:	00000513          	li	a0,0
    80000414:	43010113          	addi	sp,sp,1072
    80000418:	00008067          	ret

000000008000041c <__cvt>:
    8000041c:	715d                	addi	sp,sp,-80
    8000041e:	e0a2                	sd	s0,64(sp)
    80000420:	e2050453          	fmv.x.d	s0,fa0
    80000424:	fc26                	sd	s1,56(sp)
    80000426:	f44e                	sd	s3,40(sp)
    80000428:	f052                	sd	s4,32(sp)
    8000042a:	ec56                	sd	s5,24(sp)
    8000042c:	e486                	sd	ra,72(sp)
    8000042e:	f84a                	sd	s2,48(sp)
    80000430:	89ba                	mv	s3,a4
    80000432:	84ae                	mv	s1,a1
    80000434:	8a32                	mv	s4,a2
    80000436:	8ac2                	mv	s5,a6
    80000438:	4701                	li	a4,0
    8000043a:	00045863          	bgez	s0,8000044a <__cvt+0x2e>
    8000043e:	22a517d3          	fneg.d	fa5,fa0
    80000442:	02d00713          	li	a4,45
    80000446:	e2078453          	fmv.x.d	s0,fa5
    8000044a:	fdf7f913          	andi	s2,a5,-33
    8000044e:	00e68023          	sb	a4,0(a3)
    80000452:	04600793          	li	a5,70
    80000456:	458d                	li	a1,3
    80000458:	00f90863          	beq	s2,a5,80000468 <__cvt+0x4c>
    8000045c:	04500793          	li	a5,69
    80000460:	4589                	li	a1,2
    80000462:	00f91363          	bne	s2,a5,80000468 <__cvt+0x4c>
    80000466:	2485                	addiw	s1,s1,1
    80000468:	f2040553          	fmv.d.x	fa0,s0
    8000046c:	003c                	addi	a5,sp,8
    8000046e:	0058                	addi	a4,sp,4
    80000470:	86ce                	mv	a3,s3
    80000472:	8626                	mv	a2,s1
    80000474:	347000ef          	jal	80000fba <_dtoa_r>
    80000478:	04700793          	li	a5,71
    8000047c:	02f91563          	bne	s2,a5,800004a6 <__cvt+0x8a>
    80000480:	001a7a13          	andi	s4,s4,1
    80000484:	009507b3          	add	a5,a0,s1
    80000488:	040a1963          	bnez	s4,800004da <__cvt+0xbe>
    8000048c:	67a2                	ld	a5,8(sp)
    8000048e:	60a6                	ld	ra,72(sp)
    80000490:	6406                	ld	s0,64(sp)
    80000492:	8f89                	sub	a5,a5,a0
    80000494:	00faa023          	sw	a5,0(s5)
    80000498:	74e2                	ld	s1,56(sp)
    8000049a:	7942                	ld	s2,48(sp)
    8000049c:	79a2                	ld	s3,40(sp)
    8000049e:	7a02                	ld	s4,32(sp)
    800004a0:	6ae2                	ld	s5,24(sp)
    800004a2:	6161                	addi	sp,sp,80
    800004a4:	8082                	ret
    800004a6:	04600713          	li	a4,70
    800004aa:	009507b3          	add	a5,a0,s1
    800004ae:	02e91663          	bne	s2,a4,800004da <__cvt+0xbe>
    800004b2:	00054683          	lbu	a3,0(a0)
    800004b6:	03000713          	li	a4,48
    800004ba:	00e69d63          	bne	a3,a4,800004d4 <__cvt+0xb8>
    800004be:	f20007d3          	fmv.d.x	fa5,zero
    800004c2:	f2040753          	fmv.d.x	fa4,s0
    800004c6:	a2f72753          	feq.d	a4,fa4,fa5
    800004ca:	e709                	bnez	a4,800004d4 <__cvt+0xb8>
    800004cc:	4705                	li	a4,1
    800004ce:	9f05                	subw	a4,a4,s1
    800004d0:	00e9a023          	sw	a4,0(s3)
    800004d4:	0009a703          	lw	a4,0(s3)
    800004d8:	97ba                	add	a5,a5,a4
    800004da:	f20007d3          	fmv.d.x	fa5,zero
    800004de:	f2040753          	fmv.d.x	fa4,s0
    800004e2:	a2f72753          	feq.d	a4,fa4,fa5
    800004e6:	c311                	beqz	a4,800004ea <__cvt+0xce>
    800004e8:	e43e                	sd	a5,8(sp)
    800004ea:	03000693          	li	a3,48
    800004ee:	6722                	ld	a4,8(sp)
    800004f0:	f8f77ee3          	bgeu	a4,a5,8000048c <__cvt+0x70>
    800004f4:	00170613          	addi	a2,a4,1
    800004f8:	e432                	sd	a2,8(sp)
    800004fa:	00d70023          	sb	a3,0(a4)
    800004fe:	bfc5                	j	800004ee <__cvt+0xd2>

0000000080000500 <__exponent>:
    80000500:	00c50023          	sb	a2,0(a0)
    80000504:	02b00793          	li	a5,43
    80000508:	0005d663          	bgez	a1,80000514 <__exponent+0x14>
    8000050c:	40b005bb          	negw	a1,a1
    80000510:	02d00793          	li	a5,45
    80000514:	00f500a3          	sb	a5,1(a0)
    80000518:	47a5                	li	a5,9
    8000051a:	06b7d563          	bge	a5,a1,80000584 <__exponent+0x84>
    8000051e:	1141                	addi	sp,sp,-16
    80000520:	00f10713          	addi	a4,sp,15
    80000524:	883a                	mv	a6,a4
    80000526:	48a9                	li	a7,10
    80000528:	06300313          	li	t1,99
    8000052c:	0315e7bb          	remw	a5,a1,a7
    80000530:	86ba                	mv	a3,a4
    80000532:	177d                	addi	a4,a4,-1
    80000534:	0307879b          	addiw	a5,a5,48
    80000538:	fef68fa3          	sb	a5,-1(a3)
    8000053c:	87ae                	mv	a5,a1
    8000053e:	0315c5bb          	divw	a1,a1,a7
    80000542:	862e                	mv	a2,a1
    80000544:	fef344e3          	blt	t1,a5,8000052c <__exponent+0x2c>
    80000548:	0306061b          	addiw	a2,a2,48
    8000054c:	00250793          	addi	a5,a0,2
    80000550:	ffe68593          	addi	a1,a3,-2
    80000554:	fec70fa3          	sb	a2,-1(a4)
    80000558:	872e                	mv	a4,a1
    8000055a:	863e                	mv	a2,a5
    8000055c:	01076d63          	bltu	a4,a6,80000576 <__exponent+0x76>
    80000560:	4701                	li	a4,0
    80000562:	00b86563          	bltu	a6,a1,8000056c <__exponent+0x6c>
    80000566:	01110713          	addi	a4,sp,17
    8000056a:	8f15                	sub	a4,a4,a3
    8000056c:	97ba                	add	a5,a5,a4
    8000056e:	40a7853b          	subw	a0,a5,a0
    80000572:	0141                	addi	sp,sp,16
    80000574:	8082                	ret
    80000576:	00074883          	lbu	a7,0(a4)
    8000057a:	0705                	addi	a4,a4,1
    8000057c:	0605                	addi	a2,a2,1
    8000057e:	ff160fa3          	sb	a7,-1(a2)
    80000582:	bfe9                	j	8000055c <__exponent+0x5c>
    80000584:	03000793          	li	a5,48
    80000588:	00f50123          	sb	a5,2(a0)
    8000058c:	0305859b          	addiw	a1,a1,48
    80000590:	00450793          	addi	a5,a0,4
    80000594:	00b501a3          	sb	a1,3(a0)
    80000598:	40a7853b          	subw	a0,a5,a0
    8000059c:	8082                	ret

000000008000059e <_printf_float>:
    8000059e:	7175                	addi	sp,sp,-144
    800005a0:	e506                	sd	ra,136(sp)
    800005a2:	e122                	sd	s0,128(sp)
    800005a4:	f4ce                	sd	s3,104(sp)
    800005a6:	842e                	mv	s0,a1
    800005a8:	f0d2                	sd	s4,96(sp)
    800005aa:	ecd6                	sd	s5,88(sp)
    800005ac:	8a3a                	mv	s4,a4
    800005ae:	e8da                	sd	s6,80(sp)
    800005b0:	e4de                	sd	s7,72(sp)
    800005b2:	e0e2                	sd	s8,64(sp)
    800005b4:	e432                	sd	a2,8(sp)
    800005b6:	89b6                	mv	s3,a3
    800005b8:	fca6                	sd	s1,120(sp)
    800005ba:	f8ca                	sd	s2,112(sp)
    800005bc:	fc66                	sd	s9,56(sp)
    800005be:	f86a                	sd	s10,48(sp)
    800005c0:	f46e                	sd	s11,40(sp)
    800005c2:	e02a                	sd	a0,0(sp)
    800005c4:	085000ef          	jal	80000e48 <_localeconv_r>
    800005c8:	00053c03          	ld	s8,0(a0)
    800005cc:	8562                	mv	a0,s8
    800005ce:	08f000ef          	jal	80000e5c <strlen>
    800005d2:	00042b03          	lw	s6,0(s0)
    800005d6:	cc02                	sw	zero,24(sp)
    800005d8:	01844a83          	lbu	s5,24(s0)
    800005dc:	100b7713          	andi	a4,s6,256
    800005e0:	000a3783          	ld	a5,0(s4)
    800005e4:	8baa                	mv	s7,a0
    800005e6:	c755                	beqz	a4,80000692 <_printf_float+0xf4>
    800005e8:	07bd                	addi	a5,a5,15
    800005ea:	9bc1                	andi	a5,a5,-16
    800005ec:	6388                	ld	a0,0(a5)
    800005ee:	678c                	ld	a1,8(a5)
    800005f0:	01078713          	addi	a4,a5,16
    800005f4:	00ea3023          	sd	a4,0(s4)
    800005f8:	664030ef          	jal	80003c5c <__trunctfdf2>
    800005fc:	e2050353          	fmv.x.d	t1,fa0
    80000600:	00004797          	auipc	a5,0x4
    80000604:	5d07b707          	fld	fa4,1488(a5) # 80004bd0 <__atexit_dummy+0x18>
    80000608:	04643423          	sd	t1,72(s0)
    8000060c:	00102773          	frflags	a4
    80000610:	f20307d3          	fmv.d.x	fa5,t1
    80000614:	22f7a7d3          	fabs.d	fa5,fa5
    80000618:	a2f717d3          	flt.d	a5,fa4,fa5
    8000061c:	00171073          	fsflags	a4
    80000620:	c3c1                	beqz	a5,800006a0 <_printf_float+0x102>
    80000622:	f20007d3          	fmv.d.x	fa5,zero
    80000626:	f2030753          	fmv.d.x	fa4,t1
    8000062a:	a2f717d3          	flt.d	a5,fa4,fa5
    8000062e:	c789                	beqz	a5,80000638 <_printf_float+0x9a>
    80000630:	02d00793          	li	a5,45
    80000634:	04f401a3          	sb	a5,67(s0)
    80000638:	04700793          	li	a5,71
    8000063c:	00004a17          	auipc	s4,0x4
    80000640:	beca0a13          	addi	s4,s4,-1044 # 80004228 <__tbss_end+0x32>
    80000644:	0157e663          	bltu	a5,s5,80000650 <_printf_float+0xb2>
    80000648:	00004a17          	auipc	s4,0x4
    8000064c:	bd8a0a13          	addi	s4,s4,-1064 # 80004220 <__tbss_end+0x2a>
    80000650:	ffbb7b13          	andi	s6,s6,-5
    80000654:	478d                	li	a5,3
    80000656:	01642023          	sw	s6,0(s0)
    8000065a:	c81c                	sw	a5,16(s0)
    8000065c:	4b01                	li	s6,0
    8000065e:	66a2                	ld	a3,8(sp)
    80000660:	6502                	ld	a0,0(sp)
    80000662:	874e                	mv	a4,s3
    80000664:	0870                	addi	a2,sp,28
    80000666:	85a2                	mv	a1,s0
    80000668:	3c8000ef          	jal	80000a30 <_printf_common>
    8000066c:	5cfd                	li	s9,-1
    8000066e:	15951b63          	bne	a0,s9,800007c4 <_printf_float+0x226>
    80000672:	557d                	li	a0,-1
    80000674:	60aa                	ld	ra,136(sp)
    80000676:	640a                	ld	s0,128(sp)
    80000678:	74e6                	ld	s1,120(sp)
    8000067a:	7946                	ld	s2,112(sp)
    8000067c:	79a6                	ld	s3,104(sp)
    8000067e:	7a06                	ld	s4,96(sp)
    80000680:	6ae6                	ld	s5,88(sp)
    80000682:	6b46                	ld	s6,80(sp)
    80000684:	6ba6                	ld	s7,72(sp)
    80000686:	6c06                	ld	s8,64(sp)
    80000688:	7ce2                	ld	s9,56(sp)
    8000068a:	7d42                	ld	s10,48(sp)
    8000068c:	7da2                	ld	s11,40(sp)
    8000068e:	6149                	addi	sp,sp,144
    80000690:	8082                	ret
    80000692:	00878713          	addi	a4,a5,8
    80000696:	0007b303          	ld	t1,0(a5)
    8000069a:	00ea3023          	sd	a4,0(s4)
    8000069e:	b78d                	j	80000600 <_printf_float+0x62>
    800006a0:	f20307d3          	fmv.d.x	fa5,t1
    800006a4:	a2f7a7d3          	feq.d	a5,fa5,fa5
    800006a8:	e785                	bnez	a5,800006d0 <_printf_float+0x132>
    800006aa:	00035663          	bgez	t1,800006b6 <_printf_float+0x118>
    800006ae:	02d00793          	li	a5,45
    800006b2:	04f401a3          	sb	a5,67(s0)
    800006b6:	04700793          	li	a5,71
    800006ba:	00004a17          	auipc	s4,0x4
    800006be:	b7ea0a13          	addi	s4,s4,-1154 # 80004238 <__tbss_end+0x42>
    800006c2:	f957e7e3          	bltu	a5,s5,80000650 <_printf_float+0xb2>
    800006c6:	00004a17          	auipc	s4,0x4
    800006ca:	b6aa0a13          	addi	s4,s4,-1174 # 80004230 <__tbss_end+0x3a>
    800006ce:	b749                	j	80000650 <_printf_float+0xb2>
    800006d0:	405c                	lw	a5,4(s0)
    800006d2:	577d                	li	a4,-1
    800006d4:	0dfafc93          	andi	s9,s5,223
    800006d8:	06e79f63          	bne	a5,a4,80000756 <_printf_float+0x1b8>
    800006dc:	4799                	li	a5,6
    800006de:	c05c                	sw	a5,4(s0)
    800006e0:	404c                	lw	a1,4(s0)
    800006e2:	f2030553          	fmv.d.x	fa0,t1
    800006e6:	6502                	ld	a0,0(sp)
    800006e8:	400b6613          	ori	a2,s6,1024
    800006ec:	87d6                	mv	a5,s5
    800006ee:	c010                	sw	a2,0(s0)
    800006f0:	4881                	li	a7,0
    800006f2:	01810813          	addi	a6,sp,24
    800006f6:	0858                	addi	a4,sp,20
    800006f8:	01310693          	addi	a3,sp,19
    800006fc:	d21ff0ef          	jal	8000041c <__cvt>
    80000700:	04700793          	li	a5,71
    80000704:	45d2                	lw	a1,20(sp)
    80000706:	8a2a                	mv	s4,a0
    80000708:	04fc9e63          	bne	s9,a5,80000764 <_printf_float+0x1c6>
    8000070c:	57f5                	li	a5,-3
    8000070e:	00f5c563          	blt	a1,a5,80000718 <_printf_float+0x17a>
    80000712:	405c                	lw	a5,4(s0)
    80000714:	08b7d563          	bge	a5,a1,8000079e <_printf_float+0x200>
    80000718:	3af9                	addiw	s5,s5,-2
    8000071a:	0ffafa93          	zext.b	s5,s5
    8000071e:	35fd                	addiw	a1,a1,-1
    80000720:	8656                	mv	a2,s5
    80000722:	05040513          	addi	a0,s0,80
    80000726:	ca2e                	sw	a1,20(sp)
    80000728:	dd9ff0ef          	jal	80000500 <__exponent>
    8000072c:	4762                	lw	a4,24(sp)
    8000072e:	4685                	li	a3,1
    80000730:	8b2a                	mv	s6,a0
    80000732:	00a707bb          	addw	a5,a4,a0
    80000736:	c81c                	sw	a5,16(s0)
    80000738:	00e6c563          	blt	a3,a4,80000742 <_printf_float+0x1a4>
    8000073c:	4018                	lw	a4,0(s0)
    8000073e:	8b05                	andi	a4,a4,1
    80000740:	c319                	beqz	a4,80000746 <_printf_float+0x1a8>
    80000742:	2785                	addiw	a5,a5,1
    80000744:	c81c                	sw	a5,16(s0)
    80000746:	01314783          	lbu	a5,19(sp)
    8000074a:	db91                	beqz	a5,8000065e <_printf_float+0xc0>
    8000074c:	02d00793          	li	a5,45
    80000750:	04f401a3          	sb	a5,67(s0)
    80000754:	b729                	j	8000065e <_printf_float+0xc0>
    80000756:	04700713          	li	a4,71
    8000075a:	f8ec93e3          	bne	s9,a4,800006e0 <_printf_float+0x142>
    8000075e:	f3c9                	bnez	a5,800006e0 <_printf_float+0x142>
    80000760:	4785                	li	a5,1
    80000762:	bfb5                	j	800006de <_printf_float+0x140>
    80000764:	06500793          	li	a5,101
    80000768:	fb57fbe3          	bgeu	a5,s5,8000071e <_printf_float+0x180>
    8000076c:	06600793          	li	a5,102
    80000770:	02fa9963          	bne	s5,a5,800007a2 <_printf_float+0x204>
    80000774:	6018                	ld	a4,0(s0)
    80000776:	57fd                	li	a5,-1
    80000778:	1782                	slli	a5,a5,0x20
    8000077a:	0785                	addi	a5,a5,1
    8000077c:	8f7d                	and	a4,a4,a5
    8000077e:	00b05b63          	blez	a1,80000794 <_printf_float+0x1f6>
    80000782:	c80c                	sw	a1,16(s0)
    80000784:	c709                	beqz	a4,8000078e <_printf_float+0x1f0>
    80000786:	405c                	lw	a5,4(s0)
    80000788:	2785                	addiw	a5,a5,1
    8000078a:	9fad                	addw	a5,a5,a1
    8000078c:	c81c                	sw	a5,16(s0)
    8000078e:	cc2c                	sw	a1,88(s0)
    80000790:	4b01                	li	s6,0
    80000792:	bf55                	j	80000746 <_printf_float+0x1a8>
    80000794:	4785                	li	a5,1
    80000796:	db7d                	beqz	a4,8000078c <_printf_float+0x1ee>
    80000798:	405c                	lw	a5,4(s0)
    8000079a:	2789                	addiw	a5,a5,2
    8000079c:	bfc5                	j	8000078c <_printf_float+0x1ee>
    8000079e:	06700a93          	li	s5,103
    800007a2:	47e2                	lw	a5,24(sp)
    800007a4:	00f5c963          	blt	a1,a5,800007b6 <_printf_float+0x218>
    800007a8:	401c                	lw	a5,0(s0)
    800007aa:	c80c                	sw	a1,16(s0)
    800007ac:	8b85                	andi	a5,a5,1
    800007ae:	d3e5                	beqz	a5,8000078e <_printf_float+0x1f0>
    800007b0:	0015879b          	addiw	a5,a1,1
    800007b4:	bfe1                	j	8000078c <_printf_float+0x1ee>
    800007b6:	4705                	li	a4,1
    800007b8:	00b04463          	bgtz	a1,800007c0 <_printf_float+0x222>
    800007bc:	4709                	li	a4,2
    800007be:	9f0d                	subw	a4,a4,a1
    800007c0:	9fb9                	addw	a5,a5,a4
    800007c2:	b7e9                	j	8000078c <_printf_float+0x1ee>
    800007c4:	401c                	lw	a5,0(s0)
    800007c6:	4007f713          	andi	a4,a5,1024
    800007ca:	e70d                	bnez	a4,800007f4 <_printf_float+0x256>
    800007cc:	4814                	lw	a3,16(s0)
    800007ce:	65a2                	ld	a1,8(sp)
    800007d0:	6502                	ld	a0,0(sp)
    800007d2:	8652                	mv	a2,s4
    800007d4:	9982                	jalr	s3
    800007d6:	e9950ee3          	beq	a0,s9,80000672 <_printf_float+0xd4>
    800007da:	401c                	lw	a5,0(s0)
    800007dc:	8b89                	andi	a5,a5,2
    800007de:	24079463          	bnez	a5,80000a26 <_printf_float+0x488>
    800007e2:	4458                	lw	a4,12(s0)
    800007e4:	47f2                	lw	a5,28(sp)
    800007e6:	0007051b          	sext.w	a0,a4
    800007ea:	e8f755e3          	bge	a4,a5,80000674 <_printf_float+0xd6>
    800007ee:	0007851b          	sext.w	a0,a5
    800007f2:	b549                	j	80000674 <_printf_float+0xd6>
    800007f4:	06500713          	li	a4,101
    800007f8:	1b577163          	bgeu	a4,s5,8000099a <_printf_float+0x3fc>
    800007fc:	2438                	fld	fa4,72(s0)
    800007fe:	f20007d3          	fmv.d.x	fa5,zero
    80000802:	a2f727d3          	feq.d	a5,fa4,fa5
    80000806:	cbb1                	beqz	a5,8000085a <_printf_float+0x2bc>
    80000808:	65a2                	ld	a1,8(sp)
    8000080a:	6502                	ld	a0,0(sp)
    8000080c:	4685                	li	a3,1
    8000080e:	00004617          	auipc	a2,0x4
    80000812:	a3260613          	addi	a2,a2,-1486 # 80004240 <__tbss_end+0x4a>
    80000816:	9982                	jalr	s3
    80000818:	e5950de3          	beq	a0,s9,80000672 <_printf_float+0xd4>
    8000081c:	4a62                	lw	s4,24(sp)
    8000081e:	47d2                	lw	a5,20(sp)
    80000820:	0147c563          	blt	a5,s4,8000082a <_printf_float+0x28c>
    80000824:	401c                	lw	a5,0(s0)
    80000826:	8b85                	andi	a5,a5,1
    80000828:	dbcd                	beqz	a5,800007da <_printf_float+0x23c>
    8000082a:	65a2                	ld	a1,8(sp)
    8000082c:	6502                	ld	a0,0(sp)
    8000082e:	86de                	mv	a3,s7
    80000830:	8662                	mv	a2,s8
    80000832:	9982                	jalr	s3
    80000834:	57fd                	li	a5,-1
    80000836:	e2f50ee3          	beq	a0,a5,80000672 <_printf_float+0xd4>
    8000083a:	4a81                	li	s5,0
    8000083c:	3a7d                	addiw	s4,s4,-1
    8000083e:	01a40b13          	addi	s6,s0,26
    80000842:	5bfd                	li	s7,-1
    80000844:	f94adbe3          	bge	s5,s4,800007da <_printf_float+0x23c>
    80000848:	65a2                	ld	a1,8(sp)
    8000084a:	6502                	ld	a0,0(sp)
    8000084c:	4685                	li	a3,1
    8000084e:	865a                	mv	a2,s6
    80000850:	9982                	jalr	s3
    80000852:	e37500e3          	beq	a0,s7,80000672 <_printf_float+0xd4>
    80000856:	2a85                	addiw	s5,s5,1
    80000858:	b7f5                	j	80000844 <_printf_float+0x2a6>
    8000085a:	47d2                	lw	a5,20(sp)
    8000085c:	06f04763          	bgtz	a5,800008ca <_printf_float+0x32c>
    80000860:	65a2                	ld	a1,8(sp)
    80000862:	6502                	ld	a0,0(sp)
    80000864:	4685                	li	a3,1
    80000866:	00004617          	auipc	a2,0x4
    8000086a:	9da60613          	addi	a2,a2,-1574 # 80004240 <__tbss_end+0x4a>
    8000086e:	9982                	jalr	s3
    80000870:	e19501e3          	beq	a0,s9,80000672 <_printf_float+0xd4>
    80000874:	4b62                	lw	s6,24(sp)
    80000876:	47d2                	lw	a5,20(sp)
    80000878:	00fb67b3          	or	a5,s6,a5
    8000087c:	e781                	bnez	a5,80000884 <_printf_float+0x2e6>
    8000087e:	401c                	lw	a5,0(s0)
    80000880:	8b85                	andi	a5,a5,1
    80000882:	dfa1                	beqz	a5,800007da <_printf_float+0x23c>
    80000884:	65a2                	ld	a1,8(sp)
    80000886:	6502                	ld	a0,0(sp)
    80000888:	86de                	mv	a3,s7
    8000088a:	8662                	mv	a2,s8
    8000088c:	9982                	jalr	s3
    8000088e:	57fd                	li	a5,-1
    80000890:	def501e3          	beq	a0,a5,80000672 <_printf_float+0xd4>
    80000894:	4a81                	li	s5,0
    80000896:	01a40b93          	addi	s7,s0,26
    8000089a:	5c7d                	li	s8,-1
    8000089c:	47d2                	lw	a5,20(sp)
    8000089e:	40f007bb          	negw	a5,a5
    800008a2:	00facb63          	blt	s5,a5,800008b8 <_printf_float+0x31a>
    800008a6:	86da                	mv	a3,s6
    800008a8:	8652                	mv	a2,s4
    800008aa:	65a2                	ld	a1,8(sp)
    800008ac:	6502                	ld	a0,0(sp)
    800008ae:	9982                	jalr	s3
    800008b0:	57fd                	li	a5,-1
    800008b2:	f2f514e3          	bne	a0,a5,800007da <_printf_float+0x23c>
    800008b6:	bb75                	j	80000672 <_printf_float+0xd4>
    800008b8:	65a2                	ld	a1,8(sp)
    800008ba:	6502                	ld	a0,0(sp)
    800008bc:	4685                	li	a3,1
    800008be:	865e                	mv	a2,s7
    800008c0:	9982                	jalr	s3
    800008c2:	db8508e3          	beq	a0,s8,80000672 <_printf_float+0xd4>
    800008c6:	2a85                	addiw	s5,s5,1
    800008c8:	bfd1                	j	8000089c <_printf_float+0x2fe>
    800008ca:	4c3c                	lw	a5,88(s0)
    800008cc:	4b62                	lw	s6,24(sp)
    800008ce:	00078a9b          	sext.w	s5,a5
    800008d2:	00fb5463          	bge	s6,a5,800008da <_printf_float+0x33c>
    800008d6:	000b0a9b          	sext.w	s5,s6
    800008da:	07504b63          	bgtz	s5,80000950 <_printf_float+0x3b2>
    800008de:	4c81                	li	s9,0
    800008e0:	84d6                	mv	s1,s5
    800008e2:	01a40d13          	addi	s10,s0,26
    800008e6:	597d                	li	s2,-1
    800008e8:	05842d83          	lw	s11,88(s0)
    800008ec:	87a6                	mv	a5,s1
    800008ee:	000ad363          	bgez	s5,800008f4 <_printf_float+0x356>
    800008f2:	4781                	li	a5,0
    800008f4:	40fd87bb          	subw	a5,s11,a5
    800008f8:	06fcc563          	blt	s9,a5,80000962 <_printf_float+0x3c4>
    800008fc:	47d2                	lw	a5,20(sp)
    800008fe:	0767cb63          	blt	a5,s6,80000974 <_printf_float+0x3d6>
    80000902:	401c                	lw	a5,0(s0)
    80000904:	8b85                	andi	a5,a5,1
    80000906:	e7bd                	bnez	a5,80000974 <_printf_float+0x3d6>
    80000908:	4ad2                	lw	s5,20(sp)
    8000090a:	41bb073b          	subw	a4,s6,s11
    8000090e:	415b06bb          	subw	a3,s6,s5
    80000912:	8ab6                	mv	s5,a3
    80000914:	00d75463          	bge	a4,a3,8000091c <_printf_float+0x37e>
    80000918:	00070a9b          	sext.w	s5,a4
    8000091c:	07504563          	bgtz	s5,80000986 <_printf_float+0x3e8>
    80000920:	4a01                	li	s4,0
    80000922:	8bd6                	mv	s7,s5
    80000924:	01a40c13          	addi	s8,s0,26
    80000928:	5cfd                	li	s9,-1
    8000092a:	47d2                	lw	a5,20(sp)
    8000092c:	875e                	mv	a4,s7
    8000092e:	40fb07bb          	subw	a5,s6,a5
    80000932:	000ad363          	bgez	s5,80000938 <_printf_float+0x39a>
    80000936:	4701                	li	a4,0
    80000938:	9f99                	subw	a5,a5,a4
    8000093a:	eafa50e3          	bge	s4,a5,800007da <_printf_float+0x23c>
    8000093e:	65a2                	ld	a1,8(sp)
    80000940:	6502                	ld	a0,0(sp)
    80000942:	4685                	li	a3,1
    80000944:	8662                	mv	a2,s8
    80000946:	9982                	jalr	s3
    80000948:	d39505e3          	beq	a0,s9,80000672 <_printf_float+0xd4>
    8000094c:	2a05                	addiw	s4,s4,1
    8000094e:	bff1                	j	8000092a <_printf_float+0x38c>
    80000950:	65a2                	ld	a1,8(sp)
    80000952:	6502                	ld	a0,0(sp)
    80000954:	86d6                	mv	a3,s5
    80000956:	8652                	mv	a2,s4
    80000958:	9982                	jalr	s3
    8000095a:	57fd                	li	a5,-1
    8000095c:	f8f511e3          	bne	a0,a5,800008de <_printf_float+0x340>
    80000960:	bb09                	j	80000672 <_printf_float+0xd4>
    80000962:	65a2                	ld	a1,8(sp)
    80000964:	6502                	ld	a0,0(sp)
    80000966:	4685                	li	a3,1
    80000968:	866a                	mv	a2,s10
    8000096a:	9982                	jalr	s3
    8000096c:	d12503e3          	beq	a0,s2,80000672 <_printf_float+0xd4>
    80000970:	2c85                	addiw	s9,s9,1
    80000972:	bf9d                	j	800008e8 <_printf_float+0x34a>
    80000974:	65a2                	ld	a1,8(sp)
    80000976:	6502                	ld	a0,0(sp)
    80000978:	86de                	mv	a3,s7
    8000097a:	8662                	mv	a2,s8
    8000097c:	9982                	jalr	s3
    8000097e:	57fd                	li	a5,-1
    80000980:	f8f514e3          	bne	a0,a5,80000908 <_printf_float+0x36a>
    80000984:	b1fd                	j	80000672 <_printf_float+0xd4>
    80000986:	65a2                	ld	a1,8(sp)
    80000988:	6502                	ld	a0,0(sp)
    8000098a:	86d6                	mv	a3,s5
    8000098c:	01ba0633          	add	a2,s4,s11
    80000990:	9982                	jalr	s3
    80000992:	57fd                	li	a5,-1
    80000994:	f8f516e3          	bne	a0,a5,80000920 <_printf_float+0x382>
    80000998:	b9e9                	j	80000672 <_printf_float+0xd4>
    8000099a:	4ae2                	lw	s5,24(sp)
    8000099c:	4705                	li	a4,1
    8000099e:	4685                	li	a3,1
    800009a0:	8652                	mv	a2,s4
    800009a2:	01574463          	blt	a4,s5,800009aa <_printf_float+0x40c>
    800009a6:	8b85                	andi	a5,a5,1
    800009a8:	cb85                	beqz	a5,800009d8 <_printf_float+0x43a>
    800009aa:	65a2                	ld	a1,8(sp)
    800009ac:	6502                	ld	a0,0(sp)
    800009ae:	5cfd                	li	s9,-1
    800009b0:	9982                	jalr	s3
    800009b2:	cd9500e3          	beq	a0,s9,80000672 <_printf_float+0xd4>
    800009b6:	65a2                	ld	a1,8(sp)
    800009b8:	6502                	ld	a0,0(sp)
    800009ba:	86de                	mv	a3,s7
    800009bc:	8662                	mv	a2,s8
    800009be:	9982                	jalr	s3
    800009c0:	cb9509e3          	beq	a0,s9,80000672 <_printf_float+0xd4>
    800009c4:	2438                	fld	fa4,72(s0)
    800009c6:	f20007d3          	fmv.d.x	fa5,zero
    800009ca:	3afd                	addiw	s5,s5,-1
    800009cc:	a2f727d3          	feq.d	a5,fa4,fa5
    800009d0:	eb85                	bnez	a5,80000a00 <_printf_float+0x462>
    800009d2:	86d6                	mv	a3,s5
    800009d4:	001a0613          	addi	a2,s4,1
    800009d8:	65a2                	ld	a1,8(sp)
    800009da:	6502                	ld	a0,0(sp)
    800009dc:	9982                	jalr	s3
    800009de:	01951d63          	bne	a0,s9,800009f8 <_printf_float+0x45a>
    800009e2:	b941                	j	80000672 <_printf_float+0xd4>
    800009e4:	65a2                	ld	a1,8(sp)
    800009e6:	6502                	ld	a0,0(sp)
    800009e8:	4685                	li	a3,1
    800009ea:	865e                	mv	a2,s7
    800009ec:	9982                	jalr	s3
    800009ee:	c98502e3          	beq	a0,s8,80000672 <_printf_float+0xd4>
    800009f2:	2a05                	addiw	s4,s4,1
    800009f4:	ff5a48e3          	blt	s4,s5,800009e4 <_printf_float+0x446>
    800009f8:	86da                	mv	a3,s6
    800009fa:	05040613          	addi	a2,s0,80
    800009fe:	b575                	j	800008aa <_printf_float+0x30c>
    80000a00:	4a01                	li	s4,0
    80000a02:	01a40b93          	addi	s7,s0,26
    80000a06:	5c7d                	li	s8,-1
    80000a08:	b7f5                	j	800009f4 <_printf_float+0x456>
    80000a0a:	65a2                	ld	a1,8(sp)
    80000a0c:	6502                	ld	a0,0(sp)
    80000a0e:	4685                	li	a3,1
    80000a10:	8656                	mv	a2,s5
    80000a12:	9982                	jalr	s3
    80000a14:	c5650fe3          	beq	a0,s6,80000672 <_printf_float+0xd4>
    80000a18:	2a05                	addiw	s4,s4,1
    80000a1a:	445c                	lw	a5,12(s0)
    80000a1c:	4772                	lw	a4,28(sp)
    80000a1e:	9f99                	subw	a5,a5,a4
    80000a20:	fefa45e3          	blt	s4,a5,80000a0a <_printf_float+0x46c>
    80000a24:	bb7d                	j	800007e2 <_printf_float+0x244>
    80000a26:	4a01                	li	s4,0
    80000a28:	01940a93          	addi	s5,s0,25
    80000a2c:	5b7d                	li	s6,-1
    80000a2e:	b7f5                	j	80000a1a <_printf_float+0x47c>

0000000080000a30 <_printf_common>:
    80000a30:	715d                	addi	sp,sp,-80
    80000a32:	f052                	sd	s4,32(sp)
    80000a34:	ec56                	sd	s5,24(sp)
    80000a36:	8a36                	mv	s4,a3
    80000a38:	8aba                	mv	s5,a4
    80000a3a:	4994                	lw	a3,16(a1)
    80000a3c:	4598                	lw	a4,8(a1)
    80000a3e:	e0a2                	sd	s0,64(sp)
    80000a40:	f84a                	sd	s2,48(sp)
    80000a42:	f44e                	sd	s3,40(sp)
    80000a44:	e486                	sd	ra,72(sp)
    80000a46:	fc26                	sd	s1,56(sp)
    80000a48:	e85a                	sd	s6,16(sp)
    80000a4a:	e45e                	sd	s7,8(sp)
    80000a4c:	89aa                	mv	s3,a0
    80000a4e:	842e                	mv	s0,a1
    80000a50:	8932                	mv	s2,a2
    80000a52:	87ba                	mv	a5,a4
    80000a54:	00e6c363          	blt	a3,a4,80000a5a <_printf_common+0x2a>
    80000a58:	87b6                	mv	a5,a3
    80000a5a:	00f92023          	sw	a5,0(s2)
    80000a5e:	04344703          	lbu	a4,67(s0)
    80000a62:	c701                	beqz	a4,80000a6a <_printf_common+0x3a>
    80000a64:	2785                	addiw	a5,a5,1
    80000a66:	00f92023          	sw	a5,0(s2)
    80000a6a:	401c                	lw	a5,0(s0)
    80000a6c:	0207f793          	andi	a5,a5,32
    80000a70:	c791                	beqz	a5,80000a7c <_printf_common+0x4c>
    80000a72:	00092783          	lw	a5,0(s2)
    80000a76:	2789                	addiw	a5,a5,2
    80000a78:	00f92023          	sw	a5,0(s2)
    80000a7c:	4004                	lw	s1,0(s0)
    80000a7e:	8899                	andi	s1,s1,6
    80000a80:	e891                	bnez	s1,80000a94 <_printf_common+0x64>
    80000a82:	01940b13          	addi	s6,s0,25
    80000a86:	5bfd                	li	s7,-1
    80000a88:	445c                	lw	a5,12(s0)
    80000a8a:	00092703          	lw	a4,0(s2)
    80000a8e:	9f99                	subw	a5,a5,a4
    80000a90:	06f4c063          	blt	s1,a5,80000af0 <_printf_common+0xc0>
    80000a94:	04344783          	lbu	a5,67(s0)
    80000a98:	00f03633          	snez	a2,a5
    80000a9c:	00f036b3          	snez	a3,a5
    80000aa0:	401c                	lw	a5,0(s0)
    80000aa2:	0207f793          	andi	a5,a5,32
    80000aa6:	ebb5                	bnez	a5,80000b1a <_printf_common+0xea>
    80000aa8:	04340613          	addi	a2,s0,67
    80000aac:	85d2                	mv	a1,s4
    80000aae:	854e                	mv	a0,s3
    80000ab0:	9a82                	jalr	s5
    80000ab2:	57fd                	li	a5,-1
    80000ab4:	04f50563          	beq	a0,a5,80000afe <_printf_common+0xce>
    80000ab8:	401c                	lw	a5,0(s0)
    80000aba:	4711                	li	a4,4
    80000abc:	4481                	li	s1,0
    80000abe:	8b99                	andi	a5,a5,6
    80000ac0:	00e79b63          	bne	a5,a4,80000ad6 <_printf_common+0xa6>
    80000ac4:	00092783          	lw	a5,0(s2)
    80000ac8:	4444                	lw	s1,12(s0)
    80000aca:	9c9d                	subw	s1,s1,a5
    80000acc:	02049793          	slli	a5,s1,0x20
    80000ad0:	0007d363          	bgez	a5,80000ad6 <_printf_common+0xa6>
    80000ad4:	4481                	li	s1,0
    80000ad6:	441c                	lw	a5,8(s0)
    80000ad8:	4818                	lw	a4,16(s0)
    80000ada:	00f75463          	bge	a4,a5,80000ae2 <_printf_common+0xb2>
    80000ade:	9f99                	subw	a5,a5,a4
    80000ae0:	9cbd                	addw	s1,s1,a5
    80000ae2:	4901                	li	s2,0
    80000ae4:	0469                	addi	s0,s0,26
    80000ae6:	5b7d                	li	s6,-1
    80000ae8:	05249a63          	bne	s1,s2,80000b3c <_printf_common+0x10c>
    80000aec:	4501                	li	a0,0
    80000aee:	a809                	j	80000b00 <_printf_common+0xd0>
    80000af0:	4685                	li	a3,1
    80000af2:	865a                	mv	a2,s6
    80000af4:	85d2                	mv	a1,s4
    80000af6:	854e                	mv	a0,s3
    80000af8:	9a82                	jalr	s5
    80000afa:	01751e63          	bne	a0,s7,80000b16 <_printf_common+0xe6>
    80000afe:	557d                	li	a0,-1
    80000b00:	60a6                	ld	ra,72(sp)
    80000b02:	6406                	ld	s0,64(sp)
    80000b04:	74e2                	ld	s1,56(sp)
    80000b06:	7942                	ld	s2,48(sp)
    80000b08:	79a2                	ld	s3,40(sp)
    80000b0a:	7a02                	ld	s4,32(sp)
    80000b0c:	6ae2                	ld	s5,24(sp)
    80000b0e:	6b42                	ld	s6,16(sp)
    80000b10:	6ba2                	ld	s7,8(sp)
    80000b12:	6161                	addi	sp,sp,80
    80000b14:	8082                	ret
    80000b16:	2485                	addiw	s1,s1,1
    80000b18:	bf85                	j	80000a88 <_printf_common+0x58>
    80000b1a:	00d407b3          	add	a5,s0,a3
    80000b1e:	03000693          	li	a3,48
    80000b22:	04d781a3          	sb	a3,67(a5)
    80000b26:	0016071b          	addiw	a4,a2,1
    80000b2a:	0026069b          	addiw	a3,a2,2
    80000b2e:	04544603          	lbu	a2,69(s0)
    80000b32:	00e407b3          	add	a5,s0,a4
    80000b36:	04c781a3          	sb	a2,67(a5)
    80000b3a:	b7bd                	j	80000aa8 <_printf_common+0x78>
    80000b3c:	4685                	li	a3,1
    80000b3e:	8622                	mv	a2,s0
    80000b40:	85d2                	mv	a1,s4
    80000b42:	854e                	mv	a0,s3
    80000b44:	9a82                	jalr	s5
    80000b46:	fb650ce3          	beq	a0,s6,80000afe <_printf_common+0xce>
    80000b4a:	2905                	addiw	s2,s2,1
    80000b4c:	bf71                	j	80000ae8 <_printf_common+0xb8>

0000000080000b4e <_printf_i>:
    80000b4e:	715d                	addi	sp,sp,-80
    80000b50:	e0a2                	sd	s0,64(sp)
    80000b52:	f84a                	sd	s2,48(sp)
    80000b54:	f44e                	sd	s3,40(sp)
    80000b56:	f052                	sd	s4,32(sp)
    80000b58:	e486                	sd	ra,72(sp)
    80000b5a:	fc26                	sd	s1,56(sp)
    80000b5c:	ec56                	sd	s5,24(sp)
    80000b5e:	e85a                	sd	s6,16(sp)
    80000b60:	0185c803          	lbu	a6,24(a1)
    80000b64:	07800793          	li	a5,120
    80000b68:	892a                	mv	s2,a0
    80000b6a:	842e                	mv	s0,a1
    80000b6c:	89b2                	mv	s3,a2
    80000b6e:	8a36                	mv	s4,a3
    80000b70:	0307e263          	bltu	a5,a6,80000b94 <_printf_i+0x46>
    80000b74:	06200793          	li	a5,98
    80000b78:	04358693          	addi	a3,a1,67
    80000b7c:	0307e163          	bltu	a5,a6,80000b9e <_printf_i+0x50>
    80000b80:	1c080663          	beqz	a6,80000d4c <_printf_i+0x1fe>
    80000b84:	05800793          	li	a5,88
    80000b88:	00003617          	auipc	a2,0x3
    80000b8c:	6c060613          	addi	a2,a2,1728 # 80004248 <__tbss_end+0x52>
    80000b90:	14f80a63          	beq	a6,a5,80000ce4 <_printf_i+0x196>
    80000b94:	04240493          	addi	s1,s0,66
    80000b98:	05040123          	sb	a6,66(s0)
    80000b9c:	a815                	j	80000bd0 <_printf_i+0x82>
    80000b9e:	f9d8079b          	addiw	a5,a6,-99
    80000ba2:	0ff7f793          	zext.b	a5,a5
    80000ba6:	4655                	li	a2,21
    80000ba8:	fef666e3          	bltu	a2,a5,80000b94 <_printf_i+0x46>
    80000bac:	00004617          	auipc	a2,0x4
    80000bb0:	a9c60613          	addi	a2,a2,-1380 # 80004648 <__tbss_end+0x452>
    80000bb4:	078a                	slli	a5,a5,0x2
    80000bb6:	97b2                	add	a5,a5,a2
    80000bb8:	439c                	lw	a5,0(a5)
    80000bba:	97b2                	add	a5,a5,a2
    80000bbc:	8782                	jr	a5
    80000bbe:	631c                	ld	a5,0(a4)
    80000bc0:	04258493          	addi	s1,a1,66
    80000bc4:	00878693          	addi	a3,a5,8
    80000bc8:	439c                	lw	a5,0(a5)
    80000bca:	e314                	sd	a3,0(a4)
    80000bcc:	04f58123          	sb	a5,66(a1)
    80000bd0:	4785                	li	a5,1
    80000bd2:	aa4d                	j	80000d84 <_printf_i+0x236>
    80000bd4:	419c                	lw	a5,0(a1)
    80000bd6:	6308                	ld	a0,0(a4)
    80000bd8:	0807f613          	andi	a2,a5,128
    80000bdc:	00850593          	addi	a1,a0,8
    80000be0:	c20d                	beqz	a2,80000c02 <_printf_i+0xb4>
    80000be2:	611c                	ld	a5,0(a0)
    80000be4:	e30c                	sd	a1,0(a4)
    80000be6:	0007d863          	bgez	a5,80000bf6 <_printf_i+0xa8>
    80000bea:	02d00713          	li	a4,45
    80000bee:	40f007b3          	neg	a5,a5
    80000bf2:	04e401a3          	sb	a4,67(s0)
    80000bf6:	00003617          	auipc	a2,0x3
    80000bfa:	65260613          	addi	a2,a2,1618 # 80004248 <__tbss_end+0x52>
    80000bfe:	4829                	li	a6,10
    80000c00:	a83d                	j	80000c3e <_printf_i+0xf0>
    80000c02:	0407f613          	andi	a2,a5,64
    80000c06:	411c                	lw	a5,0(a0)
    80000c08:	e30c                	sd	a1,0(a4)
    80000c0a:	de71                	beqz	a2,80000be6 <_printf_i+0x98>
    80000c0c:	0107979b          	slliw	a5,a5,0x10
    80000c10:	4107d79b          	sraiw	a5,a5,0x10
    80000c14:	bfc9                	j	80000be6 <_printf_i+0x98>
    80000c16:	4190                	lw	a2,0(a1)
    80000c18:	631c                	ld	a5,0(a4)
    80000c1a:	08067513          	andi	a0,a2,128
    80000c1e:	00878593          	addi	a1,a5,8
    80000c22:	cd41                	beqz	a0,80000cba <_printf_i+0x16c>
    80000c24:	639c                	ld	a5,0(a5)
    80000c26:	e30c                	sd	a1,0(a4)
    80000c28:	06f00713          	li	a4,111
    80000c2c:	00003617          	auipc	a2,0x3
    80000c30:	61c60613          	addi	a2,a2,1564 # 80004248 <__tbss_end+0x52>
    80000c34:	0ee81e63          	bne	a6,a4,80000d30 <_printf_i+0x1e2>
    80000c38:	4821                	li	a6,8
    80000c3a:	040401a3          	sb	zero,67(s0)
    80000c3e:	4058                	lw	a4,4(s0)
    80000c40:	c418                	sw	a4,8(s0)
    80000c42:	00074563          	bltz	a4,80000c4c <_printf_i+0xfe>
    80000c46:	400c                	lw	a1,0(s0)
    80000c48:	99ed                	andi	a1,a1,-5
    80000c4a:	c00c                	sw	a1,0(s0)
    80000c4c:	e399                	bnez	a5,80000c52 <_printf_i+0x104>
    80000c4e:	84b6                	mv	s1,a3
    80000c50:	cf19                	beqz	a4,80000c6e <_printf_i+0x120>
    80000c52:	84b6                	mv	s1,a3
    80000c54:	0307f733          	remu	a4,a5,a6
    80000c58:	14fd                	addi	s1,s1,-1
    80000c5a:	9732                	add	a4,a4,a2
    80000c5c:	00074703          	lbu	a4,0(a4)
    80000c60:	00e48023          	sb	a4,0(s1)
    80000c64:	873e                	mv	a4,a5
    80000c66:	0307d7b3          	divu	a5,a5,a6
    80000c6a:	ff0775e3          	bgeu	a4,a6,80000c54 <_printf_i+0x106>
    80000c6e:	47a1                	li	a5,8
    80000c70:	00f81e63          	bne	a6,a5,80000c8c <_printf_i+0x13e>
    80000c74:	401c                	lw	a5,0(s0)
    80000c76:	8b85                	andi	a5,a5,1
    80000c78:	cb91                	beqz	a5,80000c8c <_printf_i+0x13e>
    80000c7a:	4058                	lw	a4,4(s0)
    80000c7c:	481c                	lw	a5,16(s0)
    80000c7e:	00e7c763          	blt	a5,a4,80000c8c <_printf_i+0x13e>
    80000c82:	03000793          	li	a5,48
    80000c86:	fef48fa3          	sb	a5,-1(s1)
    80000c8a:	14fd                	addi	s1,s1,-1
    80000c8c:	8e85                	sub	a3,a3,s1
    80000c8e:	c814                	sw	a3,16(s0)
    80000c90:	8752                	mv	a4,s4
    80000c92:	86ce                	mv	a3,s3
    80000c94:	0070                	addi	a2,sp,12
    80000c96:	85a2                	mv	a1,s0
    80000c98:	854a                	mv	a0,s2
    80000c9a:	d97ff0ef          	jal	80000a30 <_printf_common>
    80000c9e:	5afd                	li	s5,-1
    80000ca0:	0f551663          	bne	a0,s5,80000d8c <_printf_i+0x23e>
    80000ca4:	557d                	li	a0,-1
    80000ca6:	60a6                	ld	ra,72(sp)
    80000ca8:	6406                	ld	s0,64(sp)
    80000caa:	74e2                	ld	s1,56(sp)
    80000cac:	7942                	ld	s2,48(sp)
    80000cae:	79a2                	ld	s3,40(sp)
    80000cb0:	7a02                	ld	s4,32(sp)
    80000cb2:	6ae2                	ld	s5,24(sp)
    80000cb4:	6b42                	ld	s6,16(sp)
    80000cb6:	6161                	addi	sp,sp,80
    80000cb8:	8082                	ret
    80000cba:	439c                	lw	a5,0(a5)
    80000cbc:	04067613          	andi	a2,a2,64
    80000cc0:	e30c                	sd	a1,0(a4)
    80000cc2:	c601                	beqz	a2,80000cca <_printf_i+0x17c>
    80000cc4:	17c2                	slli	a5,a5,0x30
    80000cc6:	93c1                	srli	a5,a5,0x30
    80000cc8:	b785                	j	80000c28 <_printf_i+0xda>
    80000cca:	1782                	slli	a5,a5,0x20
    80000ccc:	9381                	srli	a5,a5,0x20
    80000cce:	bfa9                	j	80000c28 <_printf_i+0xda>
    80000cd0:	419c                	lw	a5,0(a1)
    80000cd2:	0a07e793          	ori	a5,a5,160
    80000cd6:	c19c                	sw	a5,0(a1)
    80000cd8:	07800813          	li	a6,120
    80000cdc:	00003617          	auipc	a2,0x3
    80000ce0:	58460613          	addi	a2,a2,1412 # 80004260 <__tbss_end+0x6a>
    80000ce4:	050402a3          	sb	a6,69(s0)
    80000ce8:	400c                	lw	a1,0(s0)
    80000cea:	631c                	ld	a5,0(a4)
    80000cec:	0805f813          	andi	a6,a1,128
    80000cf0:	00878513          	addi	a0,a5,8
    80000cf4:	00080d63          	beqz	a6,80000d0e <_printf_i+0x1c0>
    80000cf8:	639c                	ld	a5,0(a5)
    80000cfa:	e308                	sd	a0,0(a4)
    80000cfc:	0015f713          	andi	a4,a1,1
    80000d00:	c701                	beqz	a4,80000d08 <_printf_i+0x1ba>
    80000d02:	0205e593          	ori	a1,a1,32
    80000d06:	c00c                	sw	a1,0(s0)
    80000d08:	cf99                	beqz	a5,80000d26 <_printf_i+0x1d8>
    80000d0a:	4841                	li	a6,16
    80000d0c:	b73d                	j	80000c3a <_printf_i+0xec>
    80000d0e:	439c                	lw	a5,0(a5)
    80000d10:	0405f813          	andi	a6,a1,64
    80000d14:	e308                	sd	a0,0(a4)
    80000d16:	00080563          	beqz	a6,80000d20 <_printf_i+0x1d2>
    80000d1a:	17c2                	slli	a5,a5,0x30
    80000d1c:	93c1                	srli	a5,a5,0x30
    80000d1e:	bff9                	j	80000cfc <_printf_i+0x1ae>
    80000d20:	1782                	slli	a5,a5,0x20
    80000d22:	9381                	srli	a5,a5,0x20
    80000d24:	bfe1                	j	80000cfc <_printf_i+0x1ae>
    80000d26:	4018                	lw	a4,0(s0)
    80000d28:	fdf77713          	andi	a4,a4,-33
    80000d2c:	c018                	sw	a4,0(s0)
    80000d2e:	bff1                	j	80000d0a <_printf_i+0x1bc>
    80000d30:	4829                	li	a6,10
    80000d32:	b721                	j	80000c3a <_printf_i+0xec>
    80000d34:	4190                	lw	a2,0(a1)
    80000d36:	631c                	ld	a5,0(a4)
    80000d38:	49cc                	lw	a1,20(a1)
    80000d3a:	08067813          	andi	a6,a2,128
    80000d3e:	00878513          	addi	a0,a5,8
    80000d42:	00080963          	beqz	a6,80000d54 <_printf_i+0x206>
    80000d46:	e308                	sd	a0,0(a4)
    80000d48:	639c                	ld	a5,0(a5)
    80000d4a:	e38c                	sd	a1,0(a5)
    80000d4c:	00042823          	sw	zero,16(s0)
    80000d50:	84b6                	mv	s1,a3
    80000d52:	bf3d                	j	80000c90 <_printf_i+0x142>
    80000d54:	e308                	sd	a0,0(a4)
    80000d56:	04067613          	andi	a2,a2,64
    80000d5a:	639c                	ld	a5,0(a5)
    80000d5c:	c601                	beqz	a2,80000d64 <_printf_i+0x216>
    80000d5e:	00b79023          	sh	a1,0(a5)
    80000d62:	b7ed                	j	80000d4c <_printf_i+0x1fe>
    80000d64:	c38c                	sw	a1,0(a5)
    80000d66:	b7dd                	j	80000d4c <_printf_i+0x1fe>
    80000d68:	631c                	ld	a5,0(a4)
    80000d6a:	41d0                	lw	a2,4(a1)
    80000d6c:	4581                	li	a1,0
    80000d6e:	00878693          	addi	a3,a5,8
    80000d72:	e314                	sd	a3,0(a4)
    80000d74:	6384                	ld	s1,0(a5)
    80000d76:	8526                	mv	a0,s1
    80000d78:	0b0000ef          	jal	80000e28 <memchr>
    80000d7c:	c119                	beqz	a0,80000d82 <_printf_i+0x234>
    80000d7e:	8d05                	sub	a0,a0,s1
    80000d80:	c048                	sw	a0,4(s0)
    80000d82:	405c                	lw	a5,4(s0)
    80000d84:	c81c                	sw	a5,16(s0)
    80000d86:	040401a3          	sb	zero,67(s0)
    80000d8a:	b719                	j	80000c90 <_printf_i+0x142>
    80000d8c:	4814                	lw	a3,16(s0)
    80000d8e:	8626                	mv	a2,s1
    80000d90:	85ce                	mv	a1,s3
    80000d92:	854a                	mv	a0,s2
    80000d94:	9a02                	jalr	s4
    80000d96:	f15507e3          	beq	a0,s5,80000ca4 <_printf_i+0x156>
    80000d9a:	401c                	lw	a5,0(s0)
    80000d9c:	8b89                	andi	a5,a5,2
    80000d9e:	eb85                	bnez	a5,80000dce <_printf_i+0x280>
    80000da0:	4458                	lw	a4,12(s0)
    80000da2:	47b2                	lw	a5,12(sp)
    80000da4:	0007051b          	sext.w	a0,a4
    80000da8:	eef75fe3          	bge	a4,a5,80000ca6 <_printf_i+0x158>
    80000dac:	0007851b          	sext.w	a0,a5
    80000db0:	bddd                	j	80000ca6 <_printf_i+0x158>
    80000db2:	4685                	li	a3,1
    80000db4:	8656                	mv	a2,s5
    80000db6:	85ce                	mv	a1,s3
    80000db8:	854a                	mv	a0,s2
    80000dba:	9a02                	jalr	s4
    80000dbc:	ef6504e3          	beq	a0,s6,80000ca4 <_printf_i+0x156>
    80000dc0:	2485                	addiw	s1,s1,1
    80000dc2:	445c                	lw	a5,12(s0)
    80000dc4:	4732                	lw	a4,12(sp)
    80000dc6:	9f99                	subw	a5,a5,a4
    80000dc8:	fef4c5e3          	blt	s1,a5,80000db2 <_printf_i+0x264>
    80000dcc:	bfd1                	j	80000da0 <_printf_i+0x252>
    80000dce:	4481                	li	s1,0
    80000dd0:	01940a93          	addi	s5,s0,25
    80000dd4:	5b7d                	li	s6,-1
    80000dd6:	b7f5                	j	80000dc2 <_printf_i+0x274>

0000000080000dd8 <_iprintf_r>:
    80000dd8:	715d                	addi	sp,sp,-80
    80000dda:	f032                	sd	a2,32(sp)
    80000ddc:	f436                	sd	a3,40(sp)
    80000dde:	f83a                	sd	a4,48(sp)
    80000de0:	fc3e                	sd	a5,56(sp)
    80000de2:	e0c2                	sd	a6,64(sp)
    80000de4:	e4c6                	sd	a7,72(sp)
    80000de6:	862e                	mv	a2,a1
    80000de8:	690c                	ld	a1,16(a0)
    80000dea:	1014                	addi	a3,sp,32
    80000dec:	ec06                	sd	ra,24(sp)
    80000dee:	e436                	sd	a3,8(sp)
    80000df0:	2e9010ef          	jal	800028d8 <_vfiprintf_r>
    80000df4:	60e2                	ld	ra,24(sp)
    80000df6:	6161                	addi	sp,sp,80
    80000df8:	8082                	ret

0000000080000dfa <iprintf>:
    80000dfa:	711d                	addi	sp,sp,-96
    80000dfc:	f832                	sd	a2,48(sp)
    80000dfe:	fc36                	sd	a3,56(sp)
    80000e00:	e4be                	sd	a5,72(sp)
    80000e02:	f42e                	sd	a1,40(sp)
    80000e04:	e0ba                	sd	a4,64(sp)
    80000e06:	e8c2                	sd	a6,80(sp)
    80000e08:	ecc6                	sd	a7,88(sp)
    80000e0a:	00004797          	auipc	a5,0x4
    80000e0e:	d967b783          	ld	a5,-618(a5) # 80004ba0 <_impure_ptr>
    80000e12:	6b8c                	ld	a1,16(a5)
    80000e14:	1034                	addi	a3,sp,40
    80000e16:	862a                	mv	a2,a0
    80000e18:	853e                	mv	a0,a5
    80000e1a:	ec06                	sd	ra,24(sp)
    80000e1c:	e436                	sd	a3,8(sp)
    80000e1e:	2bb010ef          	jal	800028d8 <_vfiprintf_r>
    80000e22:	60e2                	ld	ra,24(sp)
    80000e24:	6125                	addi	sp,sp,96
    80000e26:	8082                	ret

0000000080000e28 <memchr>:
    80000e28:	0ff5f593          	zext.b	a1,a1
    80000e2c:	962a                	add	a2,a2,a0
    80000e2e:	00c51463          	bne	a0,a2,80000e36 <memchr+0xe>
    80000e32:	4501                	li	a0,0
    80000e34:	8082                	ret
    80000e36:	00054783          	lbu	a5,0(a0)
    80000e3a:	feb78de3          	beq	a5,a1,80000e34 <memchr+0xc>
    80000e3e:	0505                	addi	a0,a0,1
    80000e40:	b7fd                	j	80000e2e <memchr+0x6>

0000000080000e42 <__localeconv_l>:
    80000e42:	10050513          	addi	a0,a0,256
    80000e46:	8082                	ret

0000000080000e48 <_localeconv_r>:
    80000e48:	00004517          	auipc	a0,0x4
    80000e4c:	cb050513          	addi	a0,a0,-848 # 80004af8 <__global_locale+0x100>
    80000e50:	8082                	ret

0000000080000e52 <localeconv>:
    80000e52:	00004517          	auipc	a0,0x4
    80000e56:	ca650513          	addi	a0,a0,-858 # 80004af8 <__global_locale+0x100>
    80000e5a:	8082                	ret

0000000080000e5c <strlen>:
    80000e5c:	87aa                	mv	a5,a0
    80000e5e:	0007c703          	lbu	a4,0(a5)
    80000e62:	0785                	addi	a5,a5,1
    80000e64:	ff6d                	bnez	a4,80000e5e <strlen+0x2>
    80000e66:	40a78533          	sub	a0,a5,a0
    80000e6a:	157d                	addi	a0,a0,-1
    80000e6c:	8082                	ret

0000000080000e6e <quorem>:
    80000e6e:	7139                	addi	sp,sp,-64
    80000e70:	f822                	sd	s0,48(sp)
    80000e72:	495c                	lw	a5,20(a0)
    80000e74:	49c0                	lw	s0,20(a1)
    80000e76:	fc06                	sd	ra,56(sp)
    80000e78:	f426                	sd	s1,40(sp)
    80000e7a:	f04a                	sd	s2,32(sp)
    80000e7c:	ec4e                	sd	s3,24(sp)
    80000e7e:	e852                	sd	s4,16(sp)
    80000e80:	e456                	sd	s5,8(sp)
    80000e82:	e05a                	sd	s6,0(sp)
    80000e84:	1287c963          	blt	a5,s0,80000fb6 <quorem+0x148>
    80000e88:	347d                	addiw	s0,s0,-1
    80000e8a:	00241613          	slli	a2,s0,0x2
    80000e8e:	01858a93          	addi	s5,a1,24
    80000e92:	00ca8a33          	add	s4,s5,a2
    80000e96:	01850993          	addi	s3,a0,24
    80000e9a:	000a2483          	lw	s1,0(s4)
    80000e9e:	964e                	add	a2,a2,s3
    80000ea0:	421c                	lw	a5,0(a2)
    80000ea2:	0014871b          	addiw	a4,s1,1
    80000ea6:	892a                	mv	s2,a0
    80000ea8:	02e7db3b          	divuw	s6,a5,a4
    80000eac:	84da                	mv	s1,s6
    80000eae:	06e7e863          	bltu	a5,a4,80000f1e <quorem+0xb0>
    80000eb2:	6541                	lui	a0,0x10
    80000eb4:	834e                	mv	t1,s3
    80000eb6:	88d6                	mv	a7,s5
    80000eb8:	4e01                	li	t3,0
    80000eba:	4e81                	li	t4,0
    80000ebc:	157d                	addi	a0,a0,-1 # ffff <__stack_size+0x7fff>
    80000ebe:	0008a703          	lw	a4,0(a7)
    80000ec2:	0891                	addi	a7,a7,4
    80000ec4:	0311                	addi	t1,t1,4
    80000ec6:	00a77833          	and	a6,a4,a0
    80000eca:	0368083b          	mulw	a6,a6,s6
    80000ece:	0107571b          	srliw	a4,a4,0x10
    80000ed2:	0367073b          	mulw	a4,a4,s6
    80000ed6:	01c8083b          	addw	a6,a6,t3
    80000eda:	0108579b          	srliw	a5,a6,0x10
    80000ede:	01057833          	and	a6,a0,a6
    80000ee2:	9f3d                	addw	a4,a4,a5
    80000ee4:	ffc32783          	lw	a5,-4(t1)
    80000ee8:	01075e1b          	srliw	t3,a4,0x10
    80000eec:	8f69                	and	a4,a4,a0
    80000eee:	00a7f6b3          	and	a3,a5,a0
    80000ef2:	410686bb          	subw	a3,a3,a6
    80000ef6:	01d686bb          	addw	a3,a3,t4
    80000efa:	0107d79b          	srliw	a5,a5,0x10
    80000efe:	9f99                	subw	a5,a5,a4
    80000f00:	4106d71b          	sraiw	a4,a3,0x10
    80000f04:	9fb9                	addw	a5,a5,a4
    80000f06:	4107de9b          	sraiw	t4,a5,0x10
    80000f0a:	8ee9                	and	a3,a3,a0
    80000f0c:	0107979b          	slliw	a5,a5,0x10
    80000f10:	8edd                	or	a3,a3,a5
    80000f12:	fed32e23          	sw	a3,-4(t1)
    80000f16:	fb1a74e3          	bgeu	s4,a7,80000ebe <quorem+0x50>
    80000f1a:	421c                	lw	a5,0(a2)
    80000f1c:	cfb5                	beqz	a5,80000f98 <quorem+0x12a>
    80000f1e:	854a                	mv	a0,s2
    80000f20:	416010ef          	jal	80002336 <__mcmp>
    80000f24:	04054b63          	bltz	a0,80000f7a <quorem+0x10c>
    80000f28:	6641                	lui	a2,0x10
    80000f2a:	85ce                	mv	a1,s3
    80000f2c:	86d6                	mv	a3,s5
    80000f2e:	4801                	li	a6,0
    80000f30:	167d                	addi	a2,a2,-1 # ffff <__stack_size+0x7fff>
    80000f32:	4288                	lw	a0,0(a3)
    80000f34:	419c                	lw	a5,0(a1)
    80000f36:	0691                	addi	a3,a3,4
    80000f38:	00c578b3          	and	a7,a0,a2
    80000f3c:	00c7f733          	and	a4,a5,a2
    80000f40:	4117073b          	subw	a4,a4,a7
    80000f44:	0107073b          	addw	a4,a4,a6
    80000f48:	0105551b          	srliw	a0,a0,0x10
    80000f4c:	0107d79b          	srliw	a5,a5,0x10
    80000f50:	9f89                	subw	a5,a5,a0
    80000f52:	4107551b          	sraiw	a0,a4,0x10
    80000f56:	9fa9                	addw	a5,a5,a0
    80000f58:	4107d81b          	sraiw	a6,a5,0x10
    80000f5c:	8f71                	and	a4,a4,a2
    80000f5e:	0107979b          	slliw	a5,a5,0x10
    80000f62:	8f5d                	or	a4,a4,a5
    80000f64:	c198                	sw	a4,0(a1)
    80000f66:	0591                	addi	a1,a1,4
    80000f68:	fcda75e3          	bgeu	s4,a3,80000f32 <quorem+0xc4>
    80000f6c:	00241793          	slli	a5,s0,0x2
    80000f70:	97ce                	add	a5,a5,s3
    80000f72:	4398                	lw	a4,0(a5)
    80000f74:	cb1d                	beqz	a4,80000faa <quorem+0x13c>
    80000f76:	00148b1b          	addiw	s6,s1,1
    80000f7a:	000b051b          	sext.w	a0,s6
    80000f7e:	70e2                	ld	ra,56(sp)
    80000f80:	7442                	ld	s0,48(sp)
    80000f82:	74a2                	ld	s1,40(sp)
    80000f84:	7902                	ld	s2,32(sp)
    80000f86:	69e2                	ld	s3,24(sp)
    80000f88:	6a42                	ld	s4,16(sp)
    80000f8a:	6aa2                	ld	s5,8(sp)
    80000f8c:	6b02                	ld	s6,0(sp)
    80000f8e:	6121                	addi	sp,sp,64
    80000f90:	8082                	ret
    80000f92:	421c                	lw	a5,0(a2)
    80000f94:	e789                	bnez	a5,80000f9e <quorem+0x130>
    80000f96:	347d                	addiw	s0,s0,-1
    80000f98:	1671                	addi	a2,a2,-4
    80000f9a:	fec9ece3          	bltu	s3,a2,80000f92 <quorem+0x124>
    80000f9e:	00892a23          	sw	s0,20(s2)
    80000fa2:	bfb5                	j	80000f1e <quorem+0xb0>
    80000fa4:	4398                	lw	a4,0(a5)
    80000fa6:	e709                	bnez	a4,80000fb0 <quorem+0x142>
    80000fa8:	347d                	addiw	s0,s0,-1
    80000faa:	17f1                	addi	a5,a5,-4
    80000fac:	fef9ece3          	bltu	s3,a5,80000fa4 <quorem+0x136>
    80000fb0:	00892a23          	sw	s0,20(s2)
    80000fb4:	b7c9                	j	80000f76 <quorem+0x108>
    80000fb6:	4501                	li	a0,0
    80000fb8:	b7d9                	j	80000f7e <quorem+0x110>

0000000080000fba <_dtoa_r>:
    80000fba:	7155                	addi	sp,sp,-208
    80000fbc:	f54e                	sd	s3,168(sp)
    80000fbe:	e20509d3          	fmv.x.d	s3,fa0
    80000fc2:	f43e                	sd	a5,40(sp)
    80000fc4:	7d1c                	ld	a5,56(a0)
    80000fc6:	e1a2                	sd	s0,192(sp)
    80000fc8:	e55e                	sd	s7,136(sp)
    80000fca:	e586                	sd	ra,200(sp)
    80000fcc:	fd26                	sd	s1,184(sp)
    80000fce:	f94a                	sd	s2,176(sp)
    80000fd0:	f152                	sd	s4,160(sp)
    80000fd2:	ed56                	sd	s5,152(sp)
    80000fd4:	e95a                	sd	s6,144(sp)
    80000fd6:	e162                	sd	s8,128(sp)
    80000fd8:	fce6                	sd	s9,120(sp)
    80000fda:	f8ea                	sd	s10,112(sp)
    80000fdc:	f4ee                	sd	s11,104(sp)
    80000fde:	e42a                	sd	a0,8(sp)
    80000fe0:	f032                	sd	a2,32(sp)
    80000fe2:	e4b6                	sd	a3,72(sp)
    80000fe4:	ec4e                	sd	s3,24(sp)
    80000fe6:	8bae                	mv	s7,a1
    80000fe8:	843a                	mv	s0,a4
    80000fea:	ef8d                	bnez	a5,80001024 <_dtoa_r+0x6a>
    80000fec:	02000513          	li	a0,32
    80000ff0:	295000ef          	jal	80001a84 <malloc>
    80000ff4:	67a2                	ld	a5,8(sp)
    80000ff6:	ff88                	sd	a0,56(a5)
    80000ff8:	ed11                	bnez	a0,80001014 <_dtoa_r+0x5a>
    80000ffa:	00003697          	auipc	a3,0x3
    80000ffe:	29668693          	addi	a3,a3,662 # 80004290 <__tbss_end+0x9a>
    80001002:	4601                	li	a2,0
    80001004:	0ef00593          	li	a1,239
    80001008:	00003517          	auipc	a0,0x3
    8000100c:	2a050513          	addi	a0,a0,672 # 800042a8 <__tbss_end+0xb2>
    80001010:	54c020ef          	jal	8000355c <__assert_func>
    80001014:	00052423          	sw	zero,8(a0)
    80001018:	00053823          	sd	zero,16(a0)
    8000101c:	00053023          	sd	zero,0(a0)
    80001020:	00053c23          	sd	zero,24(a0)
    80001024:	67a2                	ld	a5,8(sp)
    80001026:	7f9c                	ld	a5,56(a5)
    80001028:	638c                	ld	a1,0(a5)
    8000102a:	cd91                	beqz	a1,80001046 <_dtoa_r+0x8c>
    8000102c:	4798                	lw	a4,8(a5)
    8000102e:	6522                	ld	a0,8(sp)
    80001030:	4785                	li	a5,1
    80001032:	00e797bb          	sllw	a5,a5,a4
    80001036:	c5dc                	sw	a5,12(a1)
    80001038:	c598                	sw	a4,8(a1)
    8000103a:	49f000ef          	jal	80001cd8 <_Bfree>
    8000103e:	67a2                	ld	a5,8(sp)
    80001040:	7f9c                	ld	a5,56(a5)
    80001042:	0007b023          	sd	zero,0(a5)
    80001046:	4209d793          	srai	a5,s3,0x20
    8000104a:	0409dd63          	bgez	s3,800010a4 <_dtoa_r+0xea>
    8000104e:	4705                	li	a4,1
    80001050:	c018                	sw	a4,0(s0)
    80001052:	577d                	li	a4,-1
    80001054:	1786                	slli	a5,a5,0x21
    80001056:	9301                	srli	a4,a4,0x20
    80001058:	8385                	srli	a5,a5,0x1
    8000105a:	01377733          	and	a4,a4,s3
    8000105e:	8fd9                	or	a5,a5,a4
    80001060:	ec3e                	sd	a5,24(sp)
    80001062:	67e2                	ld	a5,24(sp)
    80001064:	7ff00737          	lui	a4,0x7ff00
    80001068:	4207da13          	srai	s4,a5,0x20
    8000106c:	7ff007b7          	lui	a5,0x7ff00
    80001070:	00fa77b3          	and	a5,s4,a5
    80001074:	02e79b63          	bne	a5,a4,800010aa <_dtoa_r+0xf0>
    80001078:	6726                	ld	a4,72(sp)
    8000107a:	6789                	lui	a5,0x2
    8000107c:	70f78793          	addi	a5,a5,1807 # 270f <__stack_align+0x26ff>
    80001080:	c31c                	sw	a5,0(a4)
    80001082:	67e2                	ld	a5,24(sp)
    80001084:	07b2                	slli	a5,a5,0xc
    80001086:	180783e3          	beqz	a5,80001a0c <_dtoa_r+0xa52>
    8000108a:	77a2                	ld	a5,40(sp)
    8000108c:	00003997          	auipc	s3,0x3
    80001090:	1fc98993          	addi	s3,s3,508 # 80004288 <__tbss_end+0x92>
    80001094:	180788e3          	beqz	a5,80001a24 <_dtoa_r+0xa6a>
    80001098:	00003797          	auipc	a5,0x3
    8000109c:	1f378793          	addi	a5,a5,499 # 8000428b <__tbss_end+0x95>
    800010a0:	1810006f          	j	80001a20 <_dtoa_r+0xa66>
    800010a4:	00042023          	sw	zero,0(s0)
    800010a8:	bf6d                	j	80001062 <_dtoa_r+0xa8>
    800010aa:	6962                	ld	s2,24(sp)
    800010ac:	f20007d3          	fmv.d.x	fa5,zero
    800010b0:	f2090753          	fmv.d.x	fa4,s2
    800010b4:	a2f727d3          	feq.d	a5,fa4,fa5
    800010b8:	c395                	beqz	a5,800010dc <_dtoa_r+0x122>
    800010ba:	6726                	ld	a4,72(sp)
    800010bc:	4785                	li	a5,1
    800010be:	c31c                	sw	a5,0(a4)
    800010c0:	77a2                	ld	a5,40(sp)
    800010c2:	c799                	beqz	a5,800010d0 <_dtoa_r+0x116>
    800010c4:	7722                	ld	a4,40(sp)
    800010c6:	00003797          	auipc	a5,0x3
    800010ca:	17b78793          	addi	a5,a5,379 # 80004241 <__tbss_end+0x4b>
    800010ce:	e31c                	sd	a5,0(a4)
    800010d0:	00003997          	auipc	s3,0x3
    800010d4:	17098993          	addi	s3,s3,368 # 80004240 <__tbss_end+0x4a>
    800010d8:	14d0006f          	j	80001a24 <_dtoa_r+0xa6a>
    800010dc:	2562                	fld	fa0,24(sp)
    800010de:	6522                	ld	a0,8(sp)
    800010e0:	08b0                	addi	a2,sp,88
    800010e2:	08ec                	addi	a1,sp,92
    800010e4:	526010ef          	jal	8000260a <__d2b>
    800010e8:	014a579b          	srliw	a5,s4,0x14
    800010ec:	e82a                	sd	a0,16(sp)
    800010ee:	7ff7f793          	andi	a5,a5,2047
    800010f2:	4666                	lw	a2,88(sp)
    800010f4:	cfed                	beqz	a5,800011ee <_dtoa_r+0x234>
    800010f6:	00c91713          	slli	a4,s2,0xc
    800010fa:	65e2                	ld	a1,24(sp)
    800010fc:	9331                	srli	a4,a4,0x2c
    800010fe:	3ff006b7          	lui	a3,0x3ff00
    80001102:	8f55                	or	a4,a4,a3
    80001104:	c017879b          	addiw	a5,a5,-1023
    80001108:	4a01                	li	s4,0
    8000110a:	02071693          	slli	a3,a4,0x20
    8000110e:	577d                	li	a4,-1
    80001110:	9301                	srli	a4,a4,0x20
    80001112:	8f6d                	and	a4,a4,a1
    80001114:	8f55                	or	a4,a4,a3
    80001116:	f2070753          	fmv.d.x	fa4,a4
    8000111a:	00004697          	auipc	a3,0x4
    8000111e:	abe6b787          	fld	fa5,-1346(a3) # 80004bd8 <__atexit_dummy+0x20>
    80001122:	00004717          	auipc	a4,0x4
    80001126:	abe73687          	fld	fa3,-1346(a4) # 80004be0 <__atexit_dummy+0x28>
    8000112a:	0af777d3          	fsub.d	fa5,fa4,fa5
    8000112e:	00004717          	auipc	a4,0x4
    80001132:	aba73707          	fld	fa4,-1350(a4) # 80004be8 <__atexit_dummy+0x30>
    80001136:	72d7f7c3          	fmadd.d	fa5,fa5,fa3,fa4
    8000113a:	d2078753          	fcvt.d.w	fa4,a5
    8000113e:	00004717          	auipc	a4,0x4
    80001142:	ab273687          	fld	fa3,-1358(a4) # 80004bf0 <__atexit_dummy+0x38>
    80001146:	7ad777c3          	fmadd.d	fa5,fa4,fa3,fa5
    8000114a:	f2000753          	fmv.d.x	fa4,zero
    8000114e:	c20796d3          	fcvt.w.d	a3,fa5,rtz
    80001152:	a2e795d3          	flt.d	a1,fa5,fa4
    80001156:	0006849b          	sext.w	s1,a3
    8000115a:	c981                	beqz	a1,8000116a <_dtoa_r+0x1b0>
    8000115c:	d2068753          	fcvt.d.w	fa4,a3
    80001160:	a2f725d3          	feq.d	a1,fa4,fa5
    80001164:	e199                	bnez	a1,8000116a <_dtoa_r+0x1b0>
    80001166:	fff6849b          	addiw	s1,a3,-1
    8000116a:	4705                	li	a4,1
    8000116c:	0004869b          	sext.w	a3,s1
    80001170:	45d9                	li	a1,22
    80001172:	fc3a                	sd	a4,56(sp)
    80001174:	02d5e163          	bltu	a1,a3,80001196 <_dtoa_r+0x1dc>
    80001178:	00349593          	slli	a1,s1,0x3
    8000117c:	00003697          	auipc	a3,0x3
    80001180:	58468693          	addi	a3,a3,1412 # 80004700 <__mprec_tens>
    80001184:	96ae                	add	a3,a3,a1
    80001186:	229c                	fld	fa5,0(a3)
    80001188:	f2090753          	fmv.d.x	fa4,s2
    8000118c:	a2f716d3          	flt.d	a3,fa4,fa5
    80001190:	c291                	beqz	a3,80001194 <_dtoa_r+0x1da>
    80001192:	34fd                	addiw	s1,s1,-1
    80001194:	fc02                	sd	zero,56(sp)
    80001196:	9e1d                	subw	a2,a2,a5
    80001198:	fff60d1b          	addiw	s10,a2,-1
    8000119c:	4401                	li	s0,0
    8000119e:	000d5663          	bgez	s10,800011aa <_dtoa_r+0x1f0>
    800011a2:	4685                	li	a3,1
    800011a4:	40c6843b          	subw	s0,a3,a2
    800011a8:	4d01                	li	s10,0
    800011aa:	0804ca63          	bltz	s1,8000123e <_dtoa_r+0x284>
    800011ae:	01a48d3b          	addw	s10,s1,s10
    800011b2:	f826                	sd	s1,48(sp)
    800011b4:	4881                	li	a7,0
    800011b6:	47a5                	li	a5,9
    800011b8:	0f77e363          	bltu	a5,s7,8000129e <_dtoa_r+0x2e4>
    800011bc:	4795                	li	a5,5
    800011be:	4a85                	li	s5,1
    800011c0:	0177d463          	bge	a5,s7,800011c8 <_dtoa_r+0x20e>
    800011c4:	3bf1                	addiw	s7,s7,-4
    800011c6:	4a81                	li	s5,0
    800011c8:	4791                	li	a5,4
    800011ca:	06fb8f63          	beq	s7,a5,80001248 <_dtoa_r+0x28e>
    800011ce:	4795                	li	a5,5
    800011d0:	0afb8c63          	beq	s7,a5,80001288 <_dtoa_r+0x2ce>
    800011d4:	4789                	li	a5,2
    800011d6:	0afb8763          	beq	s7,a5,80001284 <_dtoa_r+0x2ca>
    800011da:	478d                	li	a5,3
    800011dc:	4d81                	li	s11,0
    800011de:	0afb8663          	beq	s7,a5,8000128a <_dtoa_r+0x2d0>
    800011e2:	4d85                	li	s11,1
    800011e4:	5cfd                	li	s9,-1
    800011e6:	5b7d                	li	s6,-1
    800011e8:	47c9                	li	a5,18
    800011ea:	f002                	sd	zero,32(sp)
    800011ec:	a0a5                	j	80001254 <_dtoa_r+0x29a>
    800011ee:	47f6                	lw	a5,92(sp)
    800011f0:	02000713          	li	a4,32
    800011f4:	2981                	sext.w	s3,s3
    800011f6:	9fb1                	addw	a5,a5,a2
    800011f8:	4327859b          	addiw	a1,a5,1074
    800011fc:	02b75b63          	bge	a4,a1,80001232 <_dtoa_r+0x278>
    80001200:	04000713          	li	a4,64
    80001204:	9f0d                	subw	a4,a4,a1
    80001206:	00ea1a3b          	sllw	s4,s4,a4
    8000120a:	4127871b          	addiw	a4,a5,1042
    8000120e:	00e9d9bb          	srlw	s3,s3,a4
    80001212:	013a6a33          	or	s4,s4,s3
    80001216:	000a099b          	sext.w	s3,s4
    8000121a:	d21987d3          	fcvt.d.wu	fa5,s3
    8000121e:	fe100737          	lui	a4,0xfe100
    80001222:	37fd                	addiw	a5,a5,-1
    80001224:	e20785d3          	fmv.x.d	a1,fa5
    80001228:	4a05                	li	s4,1
    8000122a:	0205d693          	srli	a3,a1,0x20
    8000122e:	9f35                	addw	a4,a4,a3
    80001230:	bde9                	j	8000110a <_dtoa_r+0x150>
    80001232:	02000713          	li	a4,32
    80001236:	9f0d                	subw	a4,a4,a1
    80001238:	00e999bb          	sllw	s3,s3,a4
    8000123c:	bff9                	j	8000121a <_dtoa_r+0x260>
    8000123e:	9c05                	subw	s0,s0,s1
    80001240:	409008bb          	negw	a7,s1
    80001244:	f802                	sd	zero,48(sp)
    80001246:	bf85                	j	800011b6 <_dtoa_r+0x1fc>
    80001248:	4d85                	li	s11,1
    8000124a:	7782                	ld	a5,32(sp)
    8000124c:	04f05c63          	blez	a5,800012a4 <_dtoa_r+0x2ea>
    80001250:	8cbe                	mv	s9,a5
    80001252:	8b3e                	mv	s6,a5
    80001254:	6722                	ld	a4,8(sp)
    80001256:	4581                	li	a1,0
    80001258:	4611                	li	a2,4
    8000125a:	7f08                	ld	a0,56(a4)
    8000125c:	01c60313          	addi	t1,a2,28
    80001260:	0467f863          	bgeu	a5,t1,800012b0 <_dtoa_r+0x2f6>
    80001264:	c50c                	sw	a1,8(a0)
    80001266:	6522                	ld	a0,8(sp)
    80001268:	e0c6                	sd	a7,64(sp)
    8000126a:	1c3000ef          	jal	80001c2c <_Balloc>
    8000126e:	6886                	ld	a7,64(sp)
    80001270:	89aa                	mv	s3,a0
    80001272:	e139                	bnez	a0,800012b8 <_dtoa_r+0x2fe>
    80001274:	00003697          	auipc	a3,0x3
    80001278:	0bc68693          	addi	a3,a3,188 # 80004330 <__tbss_end+0x13a>
    8000127c:	4601                	li	a2,0
    8000127e:	1af00593          	li	a1,431
    80001282:	b359                	j	80001008 <_dtoa_r+0x4e>
    80001284:	4d81                	li	s11,0
    80001286:	b7d1                	j	8000124a <_dtoa_r+0x290>
    80001288:	4d85                	li	s11,1
    8000128a:	7782                	ld	a5,32(sp)
    8000128c:	00f48cbb          	addw	s9,s1,a5
    80001290:	001c8b1b          	addiw	s6,s9,1
    80001294:	87da                	mv	a5,s6
    80001296:	fb604fe3          	bgtz	s6,80001254 <_dtoa_r+0x29a>
    8000129a:	4785                	li	a5,1
    8000129c:	bf65                	j	80001254 <_dtoa_r+0x29a>
    8000129e:	4a85                	li	s5,1
    800012a0:	4b81                	li	s7,0
    800012a2:	b781                	j	800011e2 <_dtoa_r+0x228>
    800012a4:	4705                	li	a4,1
    800012a6:	4c85                	li	s9,1
    800012a8:	4b05                	li	s6,1
    800012aa:	4785                	li	a5,1
    800012ac:	f03a                	sd	a4,32(sp)
    800012ae:	b75d                	j	80001254 <_dtoa_r+0x29a>
    800012b0:	2585                	addiw	a1,a1,1
    800012b2:	0016161b          	slliw	a2,a2,0x1
    800012b6:	b75d                	j	8000125c <_dtoa_r+0x2a2>
    800012b8:	67a2                	ld	a5,8(sp)
    800012ba:	4639                	li	a2,14
    800012bc:	7f9c                	ld	a5,56(a5)
    800012be:	e388                	sd	a0,0(a5)
    800012c0:	000b079b          	sext.w	a5,s6
    800012c4:	0cf66e63          	bltu	a2,a5,800013a0 <_dtoa_r+0x3e6>
    800012c8:	0c0a8c63          	beqz	s5,800013a0 <_dtoa_r+0x3e6>
    800012cc:	14905e63          	blez	s1,80001428 <_dtoa_r+0x46e>
    800012d0:	00f4f613          	andi	a2,s1,15
    800012d4:	060e                	slli	a2,a2,0x3
    800012d6:	00003797          	auipc	a5,0x3
    800012da:	42a78793          	addi	a5,a5,1066 # 80004700 <__mprec_tens>
    800012de:	97b2                	add	a5,a5,a2
    800012e0:	239c                	fld	fa5,0(a5)
    800012e2:	4044d79b          	sraiw	a5,s1,0x4
    800012e6:	0107f613          	andi	a2,a5,16
    800012ea:	4509                	li	a0,2
    800012ec:	ce01                	beqz	a2,80001304 <_dtoa_r+0x34a>
    800012ee:	f20906d3          	fmv.d.x	fa3,s2
    800012f2:	00003717          	auipc	a4,0x3
    800012f6:	40673707          	fld	fa4,1030(a4) # 800046f8 <__mprec_bigtens+0x20>
    800012fa:	8bbd                	andi	a5,a5,15
    800012fc:	1ae6f753          	fdiv.d	fa4,fa3,fa4
    80001300:	450d                	li	a0,3
    80001302:	ac3a                	fsd	fa4,24(sp)
    80001304:	00003617          	auipc	a2,0x3
    80001308:	3d460613          	addi	a2,a2,980 # 800046d8 <__mprec_bigtens>
    8000130c:	10079463          	bnez	a5,80001414 <_dtoa_r+0x45a>
    80001310:	2762                	fld	fa4,24(sp)
    80001312:	1af777d3          	fdiv.d	fa5,fa4,fa5
    80001316:	ac3e                	fsd	fa5,24(sp)
    80001318:	77e2                	ld	a5,56(sp)
    8000131a:	2762                	fld	fa4,24(sp)
    8000131c:	16078763          	beqz	a5,8000148a <_dtoa_r+0x4d0>
    80001320:	00004797          	auipc	a5,0x4
    80001324:	8d87b787          	fld	fa5,-1832(a5) # 80004bf8 <__atexit_dummy+0x40>
    80001328:	a2f717d3          	flt.d	a5,fa4,fa5
    8000132c:	14078f63          	beqz	a5,8000148a <_dtoa_r+0x4d0>
    80001330:	160b0063          	beqz	s6,80001490 <_dtoa_r+0x4d6>
    80001334:	07905563          	blez	s9,8000139e <_dtoa_r+0x3e4>
    80001338:	00004797          	auipc	a5,0x4
    8000133c:	8907b787          	fld	fa5,-1904(a5) # 80004bc8 <__atexit_dummy+0x10>
    80001340:	12f777d3          	fmul.d	fa5,fa4,fa5
    80001344:	fff48a9b          	addiw	s5,s1,-1
    80001348:	2505                	addiw	a0,a0,1
    8000134a:	85e6                	mv	a1,s9
    8000134c:	ac3e                	fsd	fa5,24(sp)
    8000134e:	d2050753          	fcvt.d.w	fa4,a0
    80001352:	27e2                	fld	fa5,24(sp)
    80001354:	00004797          	auipc	a5,0x4
    80001358:	8ac7b687          	fld	fa3,-1876(a5) # 80004c00 <__atexit_dummy+0x48>
    8000135c:	fcc00637          	lui	a2,0xfcc00
    80001360:	6af77743          	fmadd.d	fa4,fa4,fa5,fa3
    80001364:	e2070553          	fmv.x.d	a0,fa4
    80001368:	02055793          	srli	a5,a0,0x20
    8000136c:	9e3d                	addw	a2,a2,a5
    8000136e:	57fd                	li	a5,-1
    80001370:	9381                	srli	a5,a5,0x20
    80001372:	1602                	slli	a2,a2,0x20
    80001374:	8fe9                	and	a5,a5,a0
    80001376:	8fd1                	or	a5,a5,a2
    80001378:	10059f63          	bnez	a1,80001496 <_dtoa_r+0x4dc>
    8000137c:	00004717          	auipc	a4,0x4
    80001380:	88c73707          	fld	fa4,-1908(a4) # 80004c08 <__atexit_dummy+0x50>
    80001384:	0ae7f753          	fsub.d	fa4,fa5,fa4
    80001388:	f20787d3          	fmv.d.x	fa5,a5
    8000138c:	a2e79653          	flt.d	a2,fa5,fa4
    80001390:	48061a63          	bnez	a2,80001824 <_dtoa_r+0x86a>
    80001394:	22f797d3          	fneg.d	fa5,fa5
    80001398:	a2f717d3          	flt.d	a5,fa4,fa5
    8000139c:	e3b1                	bnez	a5,800013e0 <_dtoa_r+0x426>
    8000139e:	ec4a                	sd	s2,24(sp)
    800013a0:	47f6                	lw	a5,92(sp)
    800013a2:	2807c263          	bltz	a5,80001626 <_dtoa_r+0x66c>
    800013a6:	4639                	li	a2,14
    800013a8:	26964f63          	blt	a2,s1,80001626 <_dtoa_r+0x66c>
    800013ac:	00349693          	slli	a3,s1,0x3
    800013b0:	00003797          	auipc	a5,0x3
    800013b4:	35078793          	addi	a5,a5,848 # 80004700 <__mprec_tens>
    800013b8:	97b6                	add	a5,a5,a3
    800013ba:	2398                	fld	fa4,0(a5)
    800013bc:	7782                	ld	a5,32(sp)
    800013be:	1c07d163          	bgez	a5,80001580 <_dtoa_r+0x5c6>
    800013c2:	1b604f63          	bgtz	s6,80001580 <_dtoa_r+0x5c6>
    800013c6:	000b1d63          	bnez	s6,800013e0 <_dtoa_r+0x426>
    800013ca:	00004797          	auipc	a5,0x4
    800013ce:	83e7b787          	fld	fa5,-1986(a5) # 80004c08 <__atexit_dummy+0x50>
    800013d2:	12f77753          	fmul.d	fa4,fa4,fa5
    800013d6:	27e2                	fld	fa5,24(sp)
    800013d8:	a2e787d3          	fle.d	a5,fa5,fa4
    800013dc:	44078363          	beqz	a5,80001822 <_dtoa_r+0x868>
    800013e0:	4a01                	li	s4,0
    800013e2:	4901                	li	s2,0
    800013e4:	7782                	ld	a5,32(sp)
    800013e6:	8c4e                	mv	s8,s3
    800013e8:	fff7ca93          	not	s5,a5
    800013ec:	4b01                	li	s6,0
    800013ee:	6522                	ld	a0,8(sp)
    800013f0:	85d2                	mv	a1,s4
    800013f2:	0e7000ef          	jal	80001cd8 <_Bfree>
    800013f6:	18090063          	beqz	s2,80001576 <_dtoa_r+0x5bc>
    800013fa:	000b0863          	beqz	s6,8000140a <_dtoa_r+0x450>
    800013fe:	012b0663          	beq	s6,s2,8000140a <_dtoa_r+0x450>
    80001402:	6522                	ld	a0,8(sp)
    80001404:	85da                	mv	a1,s6
    80001406:	0d3000ef          	jal	80001cd8 <_Bfree>
    8000140a:	6522                	ld	a0,8(sp)
    8000140c:	85ca                	mv	a1,s2
    8000140e:	0cb000ef          	jal	80001cd8 <_Bfree>
    80001412:	a295                	j	80001576 <_dtoa_r+0x5bc>
    80001414:	0017f593          	andi	a1,a5,1
    80001418:	c589                	beqz	a1,80001422 <_dtoa_r+0x468>
    8000141a:	2218                	fld	fa4,0(a2)
    8000141c:	2505                	addiw	a0,a0,1
    8000141e:	12e7f7d3          	fmul.d	fa5,fa5,fa4
    80001422:	8785                	srai	a5,a5,0x1
    80001424:	0621                	addi	a2,a2,8 # fffffffffcc00008 <__heap_end+0xffffffff7cbdb008>
    80001426:	b5dd                	j	8000130c <_dtoa_r+0x352>
    80001428:	4509                	li	a0,2
    8000142a:	ee0487e3          	beqz	s1,80001318 <_dtoa_r+0x35e>
    8000142e:	409007bb          	negw	a5,s1
    80001432:	00f7f593          	andi	a1,a5,15
    80001436:	058e                	slli	a1,a1,0x3
    80001438:	00003617          	auipc	a2,0x3
    8000143c:	2c860613          	addi	a2,a2,712 # 80004700 <__mprec_tens>
    80001440:	962e                	add	a2,a2,a1
    80001442:	221c                	fld	fa5,0(a2)
    80001444:	f2090753          	fmv.d.x	fa4,s2
    80001448:	4047d79b          	sraiw	a5,a5,0x4
    8000144c:	00003597          	auipc	a1,0x3
    80001450:	28c58593          	addi	a1,a1,652 # 800046d8 <__mprec_bigtens>
    80001454:	12f777d3          	fmul.d	fa5,fa4,fa5
    80001458:	4301                	li	t1,0
    8000145a:	e2078653          	fmv.x.d	a2,fa5
    8000145e:	ec32                	sd	a2,24(sp)
    80001460:	e789                	bnez	a5,8000146a <_dtoa_r+0x4b0>
    80001462:	ea030be3          	beqz	t1,80001318 <_dtoa_r+0x35e>
    80001466:	ec32                	sd	a2,24(sp)
    80001468:	bd45                	j	80001318 <_dtoa_r+0x35e>
    8000146a:	0017fe13          	andi	t3,a5,1
    8000146e:	000e0b63          	beqz	t3,80001484 <_dtoa_r+0x4ca>
    80001472:	f2060753          	fmv.d.x	fa4,a2
    80001476:	219c                	fld	fa5,0(a1)
    80001478:	2505                	addiw	a0,a0,1
    8000147a:	4305                	li	t1,1
    8000147c:	12f777d3          	fmul.d	fa5,fa4,fa5
    80001480:	e2078653          	fmv.x.d	a2,fa5
    80001484:	8785                	srai	a5,a5,0x1
    80001486:	05a1                	addi	a1,a1,8
    80001488:	bfe1                	j	80001460 <_dtoa_r+0x4a6>
    8000148a:	8aa6                	mv	s5,s1
    8000148c:	85da                	mv	a1,s6
    8000148e:	b5c1                	j	8000134e <_dtoa_r+0x394>
    80001490:	8aa6                	mv	s5,s1
    80001492:	4581                	li	a1,0
    80001494:	bd6d                	j	8000134e <_dtoa_r+0x394>
    80001496:	fff5851b          	addiw	a0,a1,-1
    8000149a:	050e                	slli	a0,a0,0x3
    8000149c:	00003617          	auipc	a2,0x3
    800014a0:	26460613          	addi	a2,a2,612 # 80004700 <__mprec_tens>
    800014a4:	962a                	add	a2,a2,a0
    800014a6:	2214                	fld	fa3,0(a2)
    800014a8:	060d8163          	beqz	s11,8000150a <_dtoa_r+0x550>
    800014ac:	00003717          	auipc	a4,0x3
    800014b0:	76473707          	fld	fa4,1892(a4) # 80004c10 <__atexit_dummy+0x58>
    800014b4:	1ad77753          	fdiv.d	fa4,fa4,fa3
    800014b8:	f20786d3          	fmv.d.x	fa3,a5
    800014bc:	8c4e                	mv	s8,s3
    800014be:	00003797          	auipc	a5,0x3
    800014c2:	73a7b607          	fld	fa2,1850(a5) # 80004bf8 <__atexit_dummy+0x40>
    800014c6:	0ad77753          	fsub.d	fa4,fa4,fa3
    800014ca:	00003797          	auipc	a5,0x3
    800014ce:	6fe7b687          	fld	fa3,1790(a5) # 80004bc8 <__atexit_dummy+0x10>
    800014d2:	c2079653          	fcvt.w.d	a2,fa5,rtz
    800014d6:	0c05                	addi	s8,s8,1
    800014d8:	d20605d3          	fcvt.d.w	fa1,a2
    800014dc:	0306061b          	addiw	a2,a2,48
    800014e0:	fecc0fa3          	sb	a2,-1(s8)
    800014e4:	0ab7f7d3          	fsub.d	fa5,fa5,fa1
    800014e8:	a2e79653          	flt.d	a2,fa5,fa4
    800014ec:	e649                	bnez	a2,80001576 <_dtoa_r+0x5bc>
    800014ee:	0af675d3          	fsub.d	fa1,fa2,fa5
    800014f2:	a2e59653          	flt.d	a2,fa1,fa4
    800014f6:	ee65                	bnez	a2,800015ee <_dtoa_r+0x634>
    800014f8:	413c063b          	subw	a2,s8,s3
    800014fc:	eab651e3          	bge	a2,a1,8000139e <_dtoa_r+0x3e4>
    80001500:	12d77753          	fmul.d	fa4,fa4,fa3
    80001504:	12d7f7d3          	fmul.d	fa5,fa5,fa3
    80001508:	b7e9                	j	800014d2 <_dtoa_r+0x518>
    8000150a:	f2078753          	fmv.d.x	fa4,a5
    8000150e:	4781                	li	a5,0
    80001510:	12e6f753          	fmul.d	fa4,fa3,fa4
    80001514:	00003717          	auipc	a4,0x3
    80001518:	6b473687          	fld	fa3,1716(a4) # 80004bc8 <__atexit_dummy+0x10>
    8000151c:	c2079653          	fcvt.w.d	a2,fa5,rtz
    80001520:	00f98533          	add	a0,s3,a5
    80001524:	0785                	addi	a5,a5,1
    80001526:	d2060653          	fcvt.d.w	fa2,a2
    8000152a:	0306061b          	addiw	a2,a2,48
    8000152e:	00c50023          	sb	a2,0(a0)
    80001532:	0007861b          	sext.w	a2,a5
    80001536:	0ac7f7d3          	fsub.d	fa5,fa5,fa2
    8000153a:	04c59063          	bne	a1,a2,8000157a <_dtoa_r+0x5c0>
    8000153e:	00003797          	auipc	a5,0x3
    80001542:	6d27b687          	fld	fa3,1746(a5) # 80004c10 <__atexit_dummy+0x58>
    80001546:	02d77653          	fadd.d	fa2,fa4,fa3
    8000154a:	1582                	slli	a1,a1,0x20
    8000154c:	9181                	srli	a1,a1,0x20
    8000154e:	00b98c33          	add	s8,s3,a1
    80001552:	a2f61653          	flt.d	a2,fa2,fa5
    80001556:	ee41                	bnez	a2,800015ee <_dtoa_r+0x634>
    80001558:	0ae6f6d3          	fsub.d	fa3,fa3,fa4
    8000155c:	a2d79653          	flt.d	a2,fa5,fa3
    80001560:	e2060fe3          	beqz	a2,8000139e <_dtoa_r+0x3e4>
    80001564:	03000693          	li	a3,48
    80001568:	8762                	mv	a4,s8
    8000156a:	fffc4603          	lbu	a2,-1(s8)
    8000156e:	1c7d                	addi	s8,s8,-1
    80001570:	fed60ce3          	beq	a2,a3,80001568 <_dtoa_r+0x5ae>
    80001574:	8c3a                	mv	s8,a4
    80001576:	84d6                	mv	s1,s5
    80001578:	a891                	j	800015cc <_dtoa_r+0x612>
    8000157a:	12d7f7d3          	fmul.d	fa5,fa5,fa3
    8000157e:	bf79                	j	8000151c <_dtoa_r+0x562>
    80001580:	27e2                	fld	fa5,24(sp)
    80001582:	f20006d3          	fmv.d.x	fa3,zero
    80001586:	8c4e                	mv	s8,s3
    80001588:	00003797          	auipc	a5,0x3
    8000158c:	6407b607          	fld	fa2,1600(a5) # 80004bc8 <__atexit_dummy+0x10>
    80001590:	1ae7f5d3          	fdiv.d	fa1,fa5,fa4
    80001594:	0c05                	addi	s8,s8,1
    80001596:	c20596d3          	fcvt.w.d	a3,fa1,rtz
    8000159a:	d20685d3          	fcvt.d.w	fa1,a3
    8000159e:	0006861b          	sext.w	a2,a3
    800015a2:	0306869b          	addiw	a3,a3,48
    800015a6:	fedc0fa3          	sb	a3,-1(s8)
    800015aa:	413c06bb          	subw	a3,s8,s3
    800015ae:	7ae5f7cb          	fnmsub.d	fa5,fa1,fa4,fa5
    800015b2:	07669463          	bne	a3,s6,8000161a <_dtoa_r+0x660>
    800015b6:	02f7f7d3          	fadd.d	fa5,fa5,fa5
    800015ba:	a2f716d3          	flt.d	a3,fa4,fa5
    800015be:	e69d                	bnez	a3,800015ec <_dtoa_r+0x632>
    800015c0:	a2e7a6d3          	feq.d	a3,fa5,fa4
    800015c4:	c681                	beqz	a3,800015cc <_dtoa_r+0x612>
    800015c6:	00167693          	andi	a3,a2,1
    800015ca:	e28d                	bnez	a3,800015ec <_dtoa_r+0x632>
    800015cc:	65c2                	ld	a1,16(sp)
    800015ce:	6522                	ld	a0,8(sp)
    800015d0:	708000ef          	jal	80001cd8 <_Bfree>
    800015d4:	67a6                	ld	a5,72(sp)
    800015d6:	000c0023          	sb	zero,0(s8)
    800015da:	0014871b          	addiw	a4,s1,1
    800015de:	c398                	sw	a4,0(a5)
    800015e0:	77a2                	ld	a5,40(sp)
    800015e2:	44078163          	beqz	a5,80001a24 <_dtoa_r+0xa6a>
    800015e6:	0187b023          	sd	s8,0(a5)
    800015ea:	a92d                	j	80001a24 <_dtoa_r+0xa6a>
    800015ec:	8aa6                	mv	s5,s1
    800015ee:	8762                	mv	a4,s8
    800015f0:	03900693          	li	a3,57
    800015f4:	8c3a                	mv	s8,a4
    800015f6:	fff74603          	lbu	a2,-1(a4)
    800015fa:	177d                	addi	a4,a4,-1
    800015fc:	00d61963          	bne	a2,a3,8000160e <_dtoa_r+0x654>
    80001600:	fee99ae3          	bne	s3,a4,800015f4 <_dtoa_r+0x63a>
    80001604:	03000693          	li	a3,48
    80001608:	2a85                	addiw	s5,s5,1
    8000160a:	00d98023          	sb	a3,0(s3)
    8000160e:	00074683          	lbu	a3,0(a4)
    80001612:	2685                	addiw	a3,a3,1
    80001614:	00d70023          	sb	a3,0(a4)
    80001618:	bfb9                	j	80001576 <_dtoa_r+0x5bc>
    8000161a:	12c7f7d3          	fmul.d	fa5,fa5,fa2
    8000161e:	a2d7a6d3          	feq.d	a3,fa5,fa3
    80001622:	d6bd                	beqz	a3,80001590 <_dtoa_r+0x5d6>
    80001624:	b765                	j	800015cc <_dtoa_r+0x612>
    80001626:	1a0d8463          	beqz	s11,800017ce <_dtoa_r+0x814>
    8000162a:	4605                	li	a2,1
    8000162c:	17764763          	blt	a2,s7,8000179a <_dtoa_r+0x7e0>
    80001630:	160a0063          	beqz	s4,80001790 <_dtoa_r+0x7d6>
    80001634:	4337879b          	addiw	a5,a5,1075
    80001638:	8a46                	mv	s4,a7
    8000163a:	8c22                	mv	s8,s0
    8000163c:	6522                	ld	a0,8(sp)
    8000163e:	4585                	li	a1,1
    80001640:	e0c6                	sd	a7,64(sp)
    80001642:	9c3d                	addw	s0,s0,a5
    80001644:	01a78d3b          	addw	s10,a5,s10
    80001648:	13d000ef          	jal	80001f84 <__i2b>
    8000164c:	6886                	ld	a7,64(sp)
    8000164e:	892a                	mv	s2,a0
    80001650:	000c0d63          	beqz	s8,8000166a <_dtoa_r+0x6b0>
    80001654:	01a05b63          	blez	s10,8000166a <_dtoa_r+0x6b0>
    80001658:	87e2                	mv	a5,s8
    8000165a:	018d5363          	bge	s10,s8,80001660 <_dtoa_r+0x6a6>
    8000165e:	87ea                	mv	a5,s10
    80001660:	9c1d                	subw	s0,s0,a5
    80001662:	40fc0c3b          	subw	s8,s8,a5
    80001666:	40fd0d3b          	subw	s10,s10,a5
    8000166a:	04088163          	beqz	a7,800016ac <_dtoa_r+0x6f2>
    8000166e:	160d8463          	beqz	s11,800017d6 <_dtoa_r+0x81c>
    80001672:	020a0563          	beqz	s4,8000169c <_dtoa_r+0x6e2>
    80001676:	6522                	ld	a0,8(sp)
    80001678:	85ca                	mv	a1,s2
    8000167a:	8652                	mv	a2,s4
    8000167c:	e0c6                	sd	a7,64(sp)
    8000167e:	2d5000ef          	jal	80002152 <__pow5mult>
    80001682:	85aa                	mv	a1,a0
    80001684:	6642                	ld	a2,16(sp)
    80001686:	892a                	mv	s2,a0
    80001688:	6522                	ld	a0,8(sp)
    8000168a:	133000ef          	jal	80001fbc <__multiply>
    8000168e:	8aaa                	mv	s5,a0
    80001690:	65c2                	ld	a1,16(sp)
    80001692:	6522                	ld	a0,8(sp)
    80001694:	644000ef          	jal	80001cd8 <_Bfree>
    80001698:	6886                	ld	a7,64(sp)
    8000169a:	e856                	sd	s5,16(sp)
    8000169c:	4148863b          	subw	a2,a7,s4
    800016a0:	c611                	beqz	a2,800016ac <_dtoa_r+0x6f2>
    800016a2:	65c2                	ld	a1,16(sp)
    800016a4:	6522                	ld	a0,8(sp)
    800016a6:	2ad000ef          	jal	80002152 <__pow5mult>
    800016aa:	e82a                	sd	a0,16(sp)
    800016ac:	6522                	ld	a0,8(sp)
    800016ae:	4585                	li	a1,1
    800016b0:	0d5000ef          	jal	80001f84 <__i2b>
    800016b4:	77c2                	ld	a5,48(sp)
    800016b6:	8a2a                	mv	s4,a0
    800016b8:	38078663          	beqz	a5,80001a44 <_dtoa_r+0xa8a>
    800016bc:	85aa                	mv	a1,a0
    800016be:	6522                	ld	a0,8(sp)
    800016c0:	863e                	mv	a2,a5
    800016c2:	291000ef          	jal	80002152 <__pow5mult>
    800016c6:	4785                	li	a5,1
    800016c8:	e082                	sd	zero,64(sp)
    800016ca:	8a2a                	mv	s4,a0
    800016cc:	0377c463          	blt	a5,s7,800016f4 <_dtoa_r+0x73a>
    800016d0:	67e2                	ld	a5,24(sp)
    800016d2:	e082                	sd	zero,64(sp)
    800016d4:	07b2                	slli	a5,a5,0xc
    800016d6:	ef81                	bnez	a5,800016ee <_dtoa_r+0x734>
    800016d8:	67e2                	ld	a5,24(sp)
    800016da:	9381                	srli	a5,a5,0x20
    800016dc:	0147d613          	srli	a2,a5,0x14
    800016e0:	7ff67613          	andi	a2,a2,2047
    800016e4:	c609                	beqz	a2,800016ee <_dtoa_r+0x734>
    800016e6:	4785                	li	a5,1
    800016e8:	2405                	addiw	s0,s0,1
    800016ea:	2d05                	addiw	s10,s10,1
    800016ec:	e0be                	sd	a5,64(sp)
    800016ee:	77c2                	ld	a5,48(sp)
    800016f0:	4505                	li	a0,1
    800016f2:	cf91                	beqz	a5,8000170e <_dtoa_r+0x754>
    800016f4:	014a2783          	lw	a5,20(s4)
    800016f8:	37fd                	addiw	a5,a5,-1
    800016fa:	0791                	addi	a5,a5,4
    800016fc:	078a                	slli	a5,a5,0x2
    800016fe:	97d2                	add	a5,a5,s4
    80001700:	4788                	lw	a0,8(a5)
    80001702:	7bc000ef          	jal	80001ebe <__hi0bits>
    80001706:	02000793          	li	a5,32
    8000170a:	40a7853b          	subw	a0,a5,a0
    8000170e:	00ad053b          	addw	a0,s10,a0
    80001712:	897d                	andi	a0,a0,31
    80001714:	c579                	beqz	a0,800017e2 <_dtoa_r+0x828>
    80001716:	02000793          	li	a5,32
    8000171a:	9f89                	subw	a5,a5,a0
    8000171c:	4611                	li	a2,4
    8000171e:	0af65e63          	bge	a2,a5,800017da <_dtoa_r+0x820>
    80001722:	47f1                	li	a5,28
    80001724:	9f89                	subw	a5,a5,a0
    80001726:	9c3d                	addw	s0,s0,a5
    80001728:	01878c3b          	addw	s8,a5,s8
    8000172c:	01a78d3b          	addw	s10,a5,s10
    80001730:	00805863          	blez	s0,80001740 <_dtoa_r+0x786>
    80001734:	65c2                	ld	a1,16(sp)
    80001736:	6522                	ld	a0,8(sp)
    80001738:	8622                	mv	a2,s0
    8000173a:	2f5000ef          	jal	8000222e <__lshift>
    8000173e:	e82a                	sd	a0,16(sp)
    80001740:	01a05863          	blez	s10,80001750 <_dtoa_r+0x796>
    80001744:	6522                	ld	a0,8(sp)
    80001746:	85d2                	mv	a1,s4
    80001748:	866a                	mv	a2,s10
    8000174a:	2e5000ef          	jal	8000222e <__lshift>
    8000174e:	8a2a                	mv	s4,a0
    80001750:	77e2                	ld	a5,56(sp)
    80001752:	cbd1                	beqz	a5,800017e6 <_dtoa_r+0x82c>
    80001754:	6542                	ld	a0,16(sp)
    80001756:	85d2                	mv	a1,s4
    80001758:	3df000ef          	jal	80002336 <__mcmp>
    8000175c:	08055563          	bgez	a0,800017e6 <_dtoa_r+0x82c>
    80001760:	65c2                	ld	a1,16(sp)
    80001762:	6522                	ld	a0,8(sp)
    80001764:	4681                	li	a3,0
    80001766:	4629                	li	a2,10
    80001768:	5d2000ef          	jal	80001d3a <__multadd>
    8000176c:	e82a                	sd	a0,16(sp)
    8000176e:	fff48a9b          	addiw	s5,s1,-1
    80001772:	2c0d8f63          	beqz	s11,80001a50 <_dtoa_r+0xa96>
    80001776:	6522                	ld	a0,8(sp)
    80001778:	85ca                	mv	a1,s2
    8000177a:	4681                	li	a3,0
    8000177c:	4629                	li	a2,10
    8000177e:	5bc000ef          	jal	80001d3a <__multadd>
    80001782:	892a                	mv	s2,a0
    80001784:	0b904563          	bgtz	s9,8000182e <_dtoa_r+0x874>
    80001788:	4789                	li	a5,2
    8000178a:	0777c563          	blt	a5,s7,800017f4 <_dtoa_r+0x83a>
    8000178e:	a045                	j	8000182e <_dtoa_r+0x874>
    80001790:	4666                	lw	a2,88(sp)
    80001792:	03600793          	li	a5,54
    80001796:	9f91                	subw	a5,a5,a2
    80001798:	b545                	j	80001638 <_dtoa_r+0x67e>
    8000179a:	fffb061b          	addiw	a2,s6,-1
    8000179e:	00c8c963          	blt	a7,a2,800017b0 <_dtoa_r+0x7f6>
    800017a2:	40c88a3b          	subw	s4,a7,a2
    800017a6:	020b4063          	bltz	s6,800017c6 <_dtoa_r+0x80c>
    800017aa:	8c22                	mv	s8,s0
    800017ac:	87da                	mv	a5,s6
    800017ae:	b579                	j	8000163c <_dtoa_r+0x682>
    800017b0:	77c2                	ld	a5,48(sp)
    800017b2:	41160a3b          	subw	s4,a2,a7
    800017b6:	8c22                	mv	s8,s0
    800017b8:	00fa07bb          	addw	a5,s4,a5
    800017bc:	f83e                	sd	a5,48(sp)
    800017be:	88b2                	mv	a7,a2
    800017c0:	87da                	mv	a5,s6
    800017c2:	4a01                	li	s4,0
    800017c4:	bda5                	j	8000163c <_dtoa_r+0x682>
    800017c6:	41640c3b          	subw	s8,s0,s6
    800017ca:	4781                	li	a5,0
    800017cc:	bd85                	j	8000163c <_dtoa_r+0x682>
    800017ce:	8a46                	mv	s4,a7
    800017d0:	8c22                	mv	s8,s0
    800017d2:	4901                	li	s2,0
    800017d4:	bdb5                	j	80001650 <_dtoa_r+0x696>
    800017d6:	8646                	mv	a2,a7
    800017d8:	b5e9                	j	800016a2 <_dtoa_r+0x6e8>
    800017da:	f4c78be3          	beq	a5,a2,80001730 <_dtoa_r+0x776>
    800017de:	27f1                	addiw	a5,a5,28
    800017e0:	b799                	j	80001726 <_dtoa_r+0x76c>
    800017e2:	4781                	li	a5,0
    800017e4:	bfed                	j	800017de <_dtoa_r+0x824>
    800017e6:	8aa6                	mv	s5,s1
    800017e8:	8cda                	mv	s9,s6
    800017ea:	05604063          	bgtz	s6,8000182a <_dtoa_r+0x870>
    800017ee:	4789                	li	a5,2
    800017f0:	0377dd63          	bge	a5,s7,8000182a <_dtoa_r+0x870>
    800017f4:	be0c98e3          	bnez	s9,800013e4 <_dtoa_r+0x42a>
    800017f8:	6522                	ld	a0,8(sp)
    800017fa:	85d2                	mv	a1,s4
    800017fc:	4681                	li	a3,0
    800017fe:	4615                	li	a2,5
    80001800:	53a000ef          	jal	80001d3a <__multadd>
    80001804:	8a2a                	mv	s4,a0
    80001806:	85aa                	mv	a1,a0
    80001808:	6542                	ld	a0,16(sp)
    8000180a:	32d000ef          	jal	80002336 <__mcmp>
    8000180e:	bca05be3          	blez	a0,800013e4 <_dtoa_r+0x42a>
    80001812:	03100713          	li	a4,49
    80001816:	00198c13          	addi	s8,s3,1
    8000181a:	00e98023          	sb	a4,0(s3)
    8000181e:	2a85                	addiw	s5,s5,1
    80001820:	b6f1                	j	800013ec <_dtoa_r+0x432>
    80001822:	8aa6                	mv	s5,s1
    80001824:	4a01                	li	s4,0
    80001826:	4901                	li	s2,0
    80001828:	b7ed                	j	80001812 <_dtoa_r+0x858>
    8000182a:	220d8563          	beqz	s11,80001a54 <_dtoa_r+0xa9a>
    8000182e:	01805863          	blez	s8,8000183e <_dtoa_r+0x884>
    80001832:	6522                	ld	a0,8(sp)
    80001834:	85ca                	mv	a1,s2
    80001836:	8662                	mv	a2,s8
    80001838:	1f7000ef          	jal	8000222e <__lshift>
    8000183c:	892a                	mv	s2,a0
    8000183e:	6786                	ld	a5,64(sp)
    80001840:	854a                	mv	a0,s2
    80001842:	cf9d                	beqz	a5,80001880 <_dtoa_r+0x8c6>
    80001844:	00892583          	lw	a1,8(s2)
    80001848:	6522                	ld	a0,8(sp)
    8000184a:	3e2000ef          	jal	80001c2c <_Balloc>
    8000184e:	8b2a                	mv	s6,a0
    80001850:	e911                	bnez	a0,80001864 <_dtoa_r+0x8aa>
    80001852:	00003697          	auipc	a3,0x3
    80001856:	ade68693          	addi	a3,a3,-1314 # 80004330 <__tbss_end+0x13a>
    8000185a:	4601                	li	a2,0
    8000185c:	2ef00593          	li	a1,751
    80001860:	fa8ff06f          	j	80001008 <_dtoa_r+0x4e>
    80001864:	01492603          	lw	a2,20(s2)
    80001868:	01090593          	addi	a1,s2,16
    8000186c:	0541                	addi	a0,a0,16
    8000186e:	0609                	addi	a2,a2,2
    80001870:	060a                	slli	a2,a2,0x2
    80001872:	4bd010ef          	jal	8000352e <memcpy>
    80001876:	6522                	ld	a0,8(sp)
    80001878:	4605                	li	a2,1
    8000187a:	85da                	mv	a1,s6
    8000187c:	1b3000ef          	jal	8000222e <__lshift>
    80001880:	67e2                	ld	a5,24(sp)
    80001882:	8b4a                	mv	s6,s2
    80001884:	84ce                	mv	s1,s3
    80001886:	8b85                	andi	a5,a5,1
    80001888:	892a                	mv	s2,a0
    8000188a:	ec3e                	sd	a5,24(sp)
    8000188c:	6542                	ld	a0,16(sp)
    8000188e:	85d2                	mv	a1,s4
    80001890:	ddeff0ef          	jal	80000e6e <quorem>
    80001894:	0305041b          	addiw	s0,a0,48
    80001898:	8daa                	mv	s11,a0
    8000189a:	6542                	ld	a0,16(sp)
    8000189c:	85da                	mv	a1,s6
    8000189e:	d022                	sw	s0,32(sp)
    800018a0:	297000ef          	jal	80002336 <__mcmp>
    800018a4:	8d2a                	mv	s10,a0
    800018a6:	6522                	ld	a0,8(sp)
    800018a8:	85d2                	mv	a1,s4
    800018aa:	864a                	mv	a2,s2
    800018ac:	2bd000ef          	jal	80002368 <__mdiff>
    800018b0:	491c                	lw	a5,16(a0)
    800018b2:	85aa                	mv	a1,a0
    800018b4:	4685                	li	a3,1
    800018b6:	e799                	bnez	a5,800018c4 <_dtoa_r+0x90a>
    800018b8:	f82a                	sd	a0,48(sp)
    800018ba:	6542                	ld	a0,16(sp)
    800018bc:	27b000ef          	jal	80002336 <__mcmp>
    800018c0:	75c2                	ld	a1,48(sp)
    800018c2:	86aa                	mv	a3,a0
    800018c4:	6522                	ld	a0,8(sp)
    800018c6:	f836                	sd	a3,48(sp)
    800018c8:	00148c13          	addi	s8,s1,1
    800018cc:	40c000ef          	jal	80001cd8 <_Bfree>
    800018d0:	76c2                	ld	a3,48(sp)
    800018d2:	67e2                	ld	a5,24(sp)
    800018d4:	0176e633          	or	a2,a3,s7
    800018d8:	8e5d                	or	a2,a2,a5
    800018da:	2601                	sext.w	a2,a2
    800018dc:	ee01                	bnez	a2,800018f4 <_dtoa_r+0x93a>
    800018de:	03900693          	li	a3,57
    800018e2:	04d40863          	beq	s0,a3,80001932 <_dtoa_r+0x978>
    800018e6:	01a05463          	blez	s10,800018ee <_dtoa_r+0x934>
    800018ea:	031d841b          	addiw	s0,s11,49
    800018ee:	00848023          	sb	s0,0(s1)
    800018f2:	bcf5                	j	800013ee <_dtoa_r+0x434>
    800018f4:	000d4a63          	bltz	s10,80001908 <_dtoa_r+0x94e>
    800018f8:	67e2                	ld	a5,24(sp)
    800018fa:	01abed33          	or	s10,s7,s10
    800018fe:	01a7ed33          	or	s10,a5,s10
    80001902:	2d01                	sext.w	s10,s10
    80001904:	040d1863          	bnez	s10,80001954 <_dtoa_r+0x99a>
    80001908:	fed053e3          	blez	a3,800018ee <_dtoa_r+0x934>
    8000190c:	65c2                	ld	a1,16(sp)
    8000190e:	6522                	ld	a0,8(sp)
    80001910:	4605                	li	a2,1
    80001912:	11d000ef          	jal	8000222e <__lshift>
    80001916:	85d2                	mv	a1,s4
    80001918:	e82a                	sd	a0,16(sp)
    8000191a:	21d000ef          	jal	80002336 <__mcmp>
    8000191e:	00a04663          	bgtz	a0,8000192a <_dtoa_r+0x970>
    80001922:	f571                	bnez	a0,800018ee <_dtoa_r+0x934>
    80001924:	00147693          	andi	a3,s0,1
    80001928:	d2f9                	beqz	a3,800018ee <_dtoa_r+0x934>
    8000192a:	03900693          	li	a3,57
    8000192e:	fad41ee3          	bne	s0,a3,800018ea <_dtoa_r+0x930>
    80001932:	03900713          	li	a4,57
    80001936:	00e48023          	sb	a4,0(s1)
    8000193a:	8762                	mv	a4,s8
    8000193c:	03900613          	li	a2,57
    80001940:	8c3a                	mv	s8,a4
    80001942:	fffc4683          	lbu	a3,-1(s8)
    80001946:	177d                	addi	a4,a4,-1
    80001948:	0ac68a63          	beq	a3,a2,800019fc <_dtoa_r+0xa42>
    8000194c:	2685                	addiw	a3,a3,1
    8000194e:	00d70023          	sb	a3,0(a4)
    80001952:	bc71                	j	800013ee <_dtoa_r+0x434>
    80001954:	00d05c63          	blez	a3,8000196c <_dtoa_r+0x9b2>
    80001958:	03900693          	li	a3,57
    8000195c:	fcd40be3          	beq	s0,a3,80001932 <_dtoa_r+0x978>
    80001960:	5782                	lw	a5,32(sp)
    80001962:	0017871b          	addiw	a4,a5,1
    80001966:	00e48023          	sb	a4,0(s1)
    8000196a:	b451                	j	800013ee <_dtoa_r+0x434>
    8000196c:	fe8c0fa3          	sb	s0,-1(s8)
    80001970:	413c06bb          	subw	a3,s8,s3
    80001974:	05968b63          	beq	a3,s9,800019ca <_dtoa_r+0xa10>
    80001978:	65c2                	ld	a1,16(sp)
    8000197a:	6522                	ld	a0,8(sp)
    8000197c:	4681                	li	a3,0
    8000197e:	4629                	li	a2,10
    80001980:	3ba000ef          	jal	80001d3a <__multadd>
    80001984:	e82a                	sd	a0,16(sp)
    80001986:	4681                	li	a3,0
    80001988:	6522                	ld	a0,8(sp)
    8000198a:	4629                	li	a2,10
    8000198c:	85da                	mv	a1,s6
    8000198e:	012b1863          	bne	s6,s2,8000199e <_dtoa_r+0x9e4>
    80001992:	3a8000ef          	jal	80001d3a <__multadd>
    80001996:	8b2a                	mv	s6,a0
    80001998:	892a                	mv	s2,a0
    8000199a:	84e2                	mv	s1,s8
    8000199c:	bdc5                	j	8000188c <_dtoa_r+0x8d2>
    8000199e:	39c000ef          	jal	80001d3a <__multadd>
    800019a2:	8b2a                	mv	s6,a0
    800019a4:	6522                	ld	a0,8(sp)
    800019a6:	85ca                	mv	a1,s2
    800019a8:	4681                	li	a3,0
    800019aa:	4629                	li	a2,10
    800019ac:	38e000ef          	jal	80001d3a <__multadd>
    800019b0:	892a                	mv	s2,a0
    800019b2:	b7e5                	j	8000199a <_dtoa_r+0x9e0>
    800019b4:	4785                	li	a5,1
    800019b6:	01905763          	blez	s9,800019c4 <_dtoa_r+0xa0a>
    800019ba:	fffc879b          	addiw	a5,s9,-1
    800019be:	1782                	slli	a5,a5,0x20
    800019c0:	9381                	srli	a5,a5,0x20
    800019c2:	0785                	addi	a5,a5,1
    800019c4:	00f98c33          	add	s8,s3,a5
    800019c8:	4b01                	li	s6,0
    800019ca:	65c2                	ld	a1,16(sp)
    800019cc:	6522                	ld	a0,8(sp)
    800019ce:	4605                	li	a2,1
    800019d0:	05f000ef          	jal	8000222e <__lshift>
    800019d4:	85d2                	mv	a1,s4
    800019d6:	e82a                	sd	a0,16(sp)
    800019d8:	15f000ef          	jal	80002336 <__mcmp>
    800019dc:	f4a04fe3          	bgtz	a0,8000193a <_dtoa_r+0x980>
    800019e0:	e501                	bnez	a0,800019e8 <_dtoa_r+0xa2e>
    800019e2:	00147713          	andi	a4,s0,1
    800019e6:	fb31                	bnez	a4,8000193a <_dtoa_r+0x980>
    800019e8:	8762                	mv	a4,s8
    800019ea:	03000693          	li	a3,48
    800019ee:	8c3a                	mv	s8,a4
    800019f0:	fff74603          	lbu	a2,-1(a4)
    800019f4:	177d                	addi	a4,a4,-1
    800019f6:	fed60ce3          	beq	a2,a3,800019ee <_dtoa_r+0xa34>
    800019fa:	bad5                	j	800013ee <_dtoa_r+0x434>
    800019fc:	f4e992e3          	bne	s3,a4,80001940 <_dtoa_r+0x986>
    80001a00:	03100713          	li	a4,49
    80001a04:	2a85                	addiw	s5,s5,1
    80001a06:	00e98023          	sb	a4,0(s3)
    80001a0a:	b2d5                	j	800013ee <_dtoa_r+0x434>
    80001a0c:	77a2                	ld	a5,40(sp)
    80001a0e:	00003997          	auipc	s3,0x3
    80001a12:	86a98993          	addi	s3,s3,-1942 # 80004278 <__tbss_end+0x82>
    80001a16:	c799                	beqz	a5,80001a24 <_dtoa_r+0xa6a>
    80001a18:	00003797          	auipc	a5,0x3
    80001a1c:	86878793          	addi	a5,a5,-1944 # 80004280 <__tbss_end+0x8a>
    80001a20:	7722                	ld	a4,40(sp)
    80001a22:	e31c                	sd	a5,0(a4)
    80001a24:	60ae                	ld	ra,200(sp)
    80001a26:	640e                	ld	s0,192(sp)
    80001a28:	74ea                	ld	s1,184(sp)
    80001a2a:	794a                	ld	s2,176(sp)
    80001a2c:	7a0a                	ld	s4,160(sp)
    80001a2e:	6aea                	ld	s5,152(sp)
    80001a30:	6b4a                	ld	s6,144(sp)
    80001a32:	6baa                	ld	s7,136(sp)
    80001a34:	6c0a                	ld	s8,128(sp)
    80001a36:	7ce6                	ld	s9,120(sp)
    80001a38:	7d46                	ld	s10,112(sp)
    80001a3a:	7da6                	ld	s11,104(sp)
    80001a3c:	854e                	mv	a0,s3
    80001a3e:	79aa                	ld	s3,168(sp)
    80001a40:	6169                	addi	sp,sp,208
    80001a42:	8082                	ret
    80001a44:	4785                	li	a5,1
    80001a46:	c977d5e3          	bge	a5,s7,800016d0 <_dtoa_r+0x716>
    80001a4a:	e082                	sd	zero,64(sp)
    80001a4c:	4505                	li	a0,1
    80001a4e:	b1c1                	j	8000170e <_dtoa_r+0x754>
    80001a50:	d9905fe3          	blez	s9,800017ee <_dtoa_r+0x834>
    80001a54:	4b01                	li	s6,0
    80001a56:	6542                	ld	a0,16(sp)
    80001a58:	85d2                	mv	a1,s4
    80001a5a:	c14ff0ef          	jal	80000e6e <quorem>
    80001a5e:	016987b3          	add	a5,s3,s6
    80001a62:	0305041b          	addiw	s0,a0,48
    80001a66:	0b05                	addi	s6,s6,1
    80001a68:	00878023          	sb	s0,0(a5)
    80001a6c:	000b079b          	sext.w	a5,s6
    80001a70:	f597d2e3          	bge	a5,s9,800019b4 <_dtoa_r+0x9fa>
    80001a74:	65c2                	ld	a1,16(sp)
    80001a76:	6522                	ld	a0,8(sp)
    80001a78:	4681                	li	a3,0
    80001a7a:	4629                	li	a2,10
    80001a7c:	2be000ef          	jal	80001d3a <__multadd>
    80001a80:	e82a                	sd	a0,16(sp)
    80001a82:	bfd1                	j	80001a56 <_dtoa_r+0xa9c>

0000000080001a84 <malloc>:
    80001a84:	85aa                	mv	a1,a0
    80001a86:	00003517          	auipc	a0,0x3
    80001a8a:	11a53503          	ld	a0,282(a0) # 80004ba0 <_impure_ptr>
    80001a8e:	a0ad                	j	80001af8 <_malloc_r>

0000000080001a90 <free>:
    80001a90:	85aa                	mv	a1,a0
    80001a92:	00003517          	auipc	a0,0x3
    80001a96:	10e53503          	ld	a0,270(a0) # 80004ba0 <_impure_ptr>
    80001a9a:	3430106f          	j	800035dc <_free_r>

0000000080001a9e <sbrk_aligned>:
    80001a9e:	1101                	addi	sp,sp,-32
    80001aa0:	e04a                	sd	s2,0(sp)
    80001aa2:	87818913          	addi	s2,gp,-1928 # 80004c18 <__malloc_sbrk_start>
    80001aa6:	00093783          	ld	a5,0(s2)
    80001aaa:	e822                	sd	s0,16(sp)
    80001aac:	e426                	sd	s1,8(sp)
    80001aae:	ec06                	sd	ra,24(sp)
    80001ab0:	84aa                	mv	s1,a0
    80001ab2:	842e                	mv	s0,a1
    80001ab4:	e791                	bnez	a5,80001ac0 <sbrk_aligned+0x22>
    80001ab6:	4581                	li	a1,0
    80001ab8:	1ed010ef          	jal	800034a4 <_sbrk_r>
    80001abc:	00a93023          	sd	a0,0(s2)
    80001ac0:	85a2                	mv	a1,s0
    80001ac2:	8526                	mv	a0,s1
    80001ac4:	1e1010ef          	jal	800034a4 <_sbrk_r>
    80001ac8:	597d                	li	s2,-1
    80001aca:	01251a63          	bne	a0,s2,80001ade <sbrk_aligned+0x40>
    80001ace:	547d                	li	s0,-1
    80001ad0:	60e2                	ld	ra,24(sp)
    80001ad2:	8522                	mv	a0,s0
    80001ad4:	6442                	ld	s0,16(sp)
    80001ad6:	64a2                	ld	s1,8(sp)
    80001ad8:	6902                	ld	s2,0(sp)
    80001ada:	6105                	addi	sp,sp,32
    80001adc:	8082                	ret
    80001ade:	00750413          	addi	s0,a0,7
    80001ae2:	9861                	andi	s0,s0,-8
    80001ae4:	fe8506e3          	beq	a0,s0,80001ad0 <sbrk_aligned+0x32>
    80001ae8:	40a405b3          	sub	a1,s0,a0
    80001aec:	8526                	mv	a0,s1
    80001aee:	1b7010ef          	jal	800034a4 <_sbrk_r>
    80001af2:	fd251fe3          	bne	a0,s2,80001ad0 <sbrk_aligned+0x32>
    80001af6:	bfe1                	j	80001ace <sbrk_aligned+0x30>

0000000080001af8 <_malloc_r>:
    80001af8:	00758793          	addi	a5,a1,7
    80001afc:	7179                	addi	sp,sp,-48
    80001afe:	9be1                	andi	a5,a5,-8
    80001b00:	ec26                	sd	s1,24(sp)
    80001b02:	e84a                	sd	s2,16(sp)
    80001b04:	f406                	sd	ra,40(sp)
    80001b06:	f022                	sd	s0,32(sp)
    80001b08:	e44e                	sd	s3,8(sp)
    80001b0a:	e052                	sd	s4,0(sp)
    80001b0c:	07a1                	addi	a5,a5,8
    80001b0e:	4741                	li	a4,16
    80001b10:	892a                	mv	s2,a0
    80001b12:	44c1                	li	s1,16
    80001b14:	00e7e363          	bltu	a5,a4,80001b1a <_malloc_r+0x22>
    80001b18:	84be                	mv	s1,a5
    80001b1a:	80000737          	lui	a4,0x80000
    80001b1e:	fff74713          	not	a4,a4
    80001b22:	00f76463          	bltu	a4,a5,80001b2a <_malloc_r+0x32>
    80001b26:	00b4fe63          	bgeu	s1,a1,80001b42 <_malloc_r+0x4a>
    80001b2a:	47b1                	li	a5,12
    80001b2c:	00f92023          	sw	a5,0(s2)
    80001b30:	4501                	li	a0,0
    80001b32:	70a2                	ld	ra,40(sp)
    80001b34:	7402                	ld	s0,32(sp)
    80001b36:	64e2                	ld	s1,24(sp)
    80001b38:	6942                	ld	s2,16(sp)
    80001b3a:	69a2                	ld	s3,8(sp)
    80001b3c:	6a02                	ld	s4,0(sp)
    80001b3e:	6145                	addi	sp,sp,48
    80001b40:	8082                	ret
    80001b42:	854a                	mv	a0,s2
    80001b44:	0e4000ef          	jal	80001c28 <__malloc_lock>
    80001b48:	88018993          	addi	s3,gp,-1920 # 80004c20 <__malloc_free_list>
    80001b4c:	0009b783          	ld	a5,0(s3)
    80001b50:	843e                	mv	s0,a5
    80001b52:	ec21                	bnez	s0,80001baa <_malloc_r+0xb2>
    80001b54:	85a6                	mv	a1,s1
    80001b56:	854a                	mv	a0,s2
    80001b58:	f47ff0ef          	jal	80001a9e <sbrk_aligned>
    80001b5c:	57fd                	li	a5,-1
    80001b5e:	842a                	mv	s0,a0
    80001b60:	0af51f63          	bne	a0,a5,80001c1e <_malloc_r+0x126>
    80001b64:	0009b403          	ld	s0,0(s3)
    80001b68:	87a2                	mv	a5,s0
    80001b6a:	efd1                	bnez	a5,80001c06 <_malloc_r+0x10e>
    80001b6c:	c055                	beqz	s0,80001c10 <_malloc_r+0x118>
    80001b6e:	00043a03          	ld	s4,0(s0)
    80001b72:	4581                	li	a1,0
    80001b74:	854a                	mv	a0,s2
    80001b76:	9a22                	add	s4,s4,s0
    80001b78:	12d010ef          	jal	800034a4 <_sbrk_r>
    80001b7c:	08aa1a63          	bne	s4,a0,80001c10 <_malloc_r+0x118>
    80001b80:	601c                	ld	a5,0(s0)
    80001b82:	854a                	mv	a0,s2
    80001b84:	8c9d                	sub	s1,s1,a5
    80001b86:	85a6                	mv	a1,s1
    80001b88:	f17ff0ef          	jal	80001a9e <sbrk_aligned>
    80001b8c:	57fd                	li	a5,-1
    80001b8e:	08f50163          	beq	a0,a5,80001c10 <_malloc_r+0x118>
    80001b92:	601c                	ld	a5,0(s0)
    80001b94:	97a6                	add	a5,a5,s1
    80001b96:	e01c                	sd	a5,0(s0)
    80001b98:	0009b783          	ld	a5,0(s3)
    80001b9c:	c3d9                	beqz	a5,80001c22 <_malloc_r+0x12a>
    80001b9e:	6798                	ld	a4,8(a5)
    80001ba0:	06871663          	bne	a4,s0,80001c0c <_malloc_r+0x114>
    80001ba4:	0007b423          	sd	zero,8(a5)
    80001ba8:	a015                	j	80001bcc <_malloc_r+0xd4>
    80001baa:	6014                	ld	a3,0(s0)
    80001bac:	9e85                	subw	a3,a3,s1
    80001bae:	0406c963          	bltz	a3,80001c00 <_malloc_r+0x108>
    80001bb2:	473d                	li	a4,15
    80001bb4:	02d75e63          	bge	a4,a3,80001bf0 <_malloc_r+0xf8>
    80001bb8:	e004                	sd	s1,0(s0)
    80001bba:	00940733          	add	a4,s0,s1
    80001bbe:	02879763          	bne	a5,s0,80001bec <_malloc_r+0xf4>
    80001bc2:	00e9b023          	sd	a4,0(s3)
    80001bc6:	641c                	ld	a5,8(s0)
    80001bc8:	e314                	sd	a3,0(a4)
    80001bca:	e71c                	sd	a5,8(a4)
    80001bcc:	854a                	mv	a0,s2
    80001bce:	05c000ef          	jal	80001c2a <__malloc_unlock>
    80001bd2:	00f40513          	addi	a0,s0,15
    80001bd6:	00840793          	addi	a5,s0,8
    80001bda:	9961                	andi	a0,a0,-8
    80001bdc:	40f507bb          	subw	a5,a0,a5
    80001be0:	dba9                	beqz	a5,80001b32 <_malloc_r+0x3a>
    80001be2:	943e                	add	s0,s0,a5
    80001be4:	40f007bb          	negw	a5,a5
    80001be8:	e01c                	sd	a5,0(s0)
    80001bea:	b7a1                	j	80001b32 <_malloc_r+0x3a>
    80001bec:	e798                	sd	a4,8(a5)
    80001bee:	bfe1                	j	80001bc6 <_malloc_r+0xce>
    80001bf0:	6418                	ld	a4,8(s0)
    80001bf2:	00879563          	bne	a5,s0,80001bfc <_malloc_r+0x104>
    80001bf6:	00e9b023          	sd	a4,0(s3)
    80001bfa:	bfc9                	j	80001bcc <_malloc_r+0xd4>
    80001bfc:	e798                	sd	a4,8(a5)
    80001bfe:	b7f9                	j	80001bcc <_malloc_r+0xd4>
    80001c00:	87a2                	mv	a5,s0
    80001c02:	6400                	ld	s0,8(s0)
    80001c04:	b7b9                	j	80001b52 <_malloc_r+0x5a>
    80001c06:	843e                	mv	s0,a5
    80001c08:	679c                	ld	a5,8(a5)
    80001c0a:	b785                	j	80001b6a <_malloc_r+0x72>
    80001c0c:	87ba                	mv	a5,a4
    80001c0e:	b779                	j	80001b9c <_malloc_r+0xa4>
    80001c10:	47b1                	li	a5,12
    80001c12:	00f92023          	sw	a5,0(s2)
    80001c16:	854a                	mv	a0,s2
    80001c18:	012000ef          	jal	80001c2a <__malloc_unlock>
    80001c1c:	bf11                	j	80001b30 <_malloc_r+0x38>
    80001c1e:	e104                	sd	s1,0(a0)
    80001c20:	b775                	j	80001bcc <_malloc_r+0xd4>
    80001c22:	00003423          	sd	zero,8(zero) # 8 <__boot_hart+0x8>
    80001c26:	9002                	ebreak

0000000080001c28 <__malloc_lock>:
    80001c28:	8082                	ret

0000000080001c2a <__malloc_unlock>:
    80001c2a:	8082                	ret

0000000080001c2c <_Balloc>:
    80001c2c:	7d1c                	ld	a5,56(a0)
    80001c2e:	1101                	addi	sp,sp,-32
    80001c30:	e822                	sd	s0,16(sp)
    80001c32:	e426                	sd	s1,8(sp)
    80001c34:	ec06                	sd	ra,24(sp)
    80001c36:	e04a                	sd	s2,0(sp)
    80001c38:	842a                	mv	s0,a0
    80001c3a:	84ae                	mv	s1,a1
    80001c3c:	ef85                	bnez	a5,80001c74 <_Balloc+0x48>
    80001c3e:	02000513          	li	a0,32
    80001c42:	e43ff0ef          	jal	80001a84 <malloc>
    80001c46:	fc08                	sd	a0,56(s0)
    80001c48:	ed11                	bnez	a0,80001c64 <_Balloc+0x38>
    80001c4a:	00002697          	auipc	a3,0x2
    80001c4e:	64668693          	addi	a3,a3,1606 # 80004290 <__tbss_end+0x9a>
    80001c52:	4601                	li	a2,0
    80001c54:	06b00593          	li	a1,107
    80001c58:	00002517          	auipc	a0,0x2
    80001c5c:	6f050513          	addi	a0,a0,1776 # 80004348 <__tbss_end+0x152>
    80001c60:	0fd010ef          	jal	8000355c <__assert_func>
    80001c64:	00052423          	sw	zero,8(a0)
    80001c68:	00053823          	sd	zero,16(a0)
    80001c6c:	00053023          	sd	zero,0(a0)
    80001c70:	00053c23          	sd	zero,24(a0)
    80001c74:	03843903          	ld	s2,56(s0)
    80001c78:	01893783          	ld	a5,24(s2)
    80001c7c:	c79d                	beqz	a5,80001caa <_Balloc+0x7e>
    80001c7e:	7c1c                	ld	a5,56(s0)
    80001c80:	00349713          	slli	a4,s1,0x3
    80001c84:	6f9c                	ld	a5,24(a5)
    80001c86:	97ba                	add	a5,a5,a4
    80001c88:	6388                	ld	a0,0(a5)
    80001c8a:	e131                	bnez	a0,80001cce <_Balloc+0xa2>
    80001c8c:	4905                	li	s2,1
    80001c8e:	0099163b          	sllw	a2,s2,s1
    80001c92:	8932                	mv	s2,a2
    80001c94:	061d                	addi	a2,a2,7
    80001c96:	060a                	slli	a2,a2,0x2
    80001c98:	4585                	li	a1,1
    80001c9a:	8522                	mv	a0,s0
    80001c9c:	10b010ef          	jal	800035a6 <_calloc_r>
    80001ca0:	c105                	beqz	a0,80001cc0 <_Balloc+0x94>
    80001ca2:	c504                	sw	s1,8(a0)
    80001ca4:	01252623          	sw	s2,12(a0)
    80001ca8:	a02d                	j	80001cd2 <_Balloc+0xa6>
    80001caa:	04100613          	li	a2,65
    80001cae:	45a1                	li	a1,8
    80001cb0:	8522                	mv	a0,s0
    80001cb2:	0f5010ef          	jal	800035a6 <_calloc_r>
    80001cb6:	7c1c                	ld	a5,56(s0)
    80001cb8:	00a93c23          	sd	a0,24(s2)
    80001cbc:	6f9c                	ld	a5,24(a5)
    80001cbe:	f3e1                	bnez	a5,80001c7e <_Balloc+0x52>
    80001cc0:	4501                	li	a0,0
    80001cc2:	60e2                	ld	ra,24(sp)
    80001cc4:	6442                	ld	s0,16(sp)
    80001cc6:	64a2                	ld	s1,8(sp)
    80001cc8:	6902                	ld	s2,0(sp)
    80001cca:	6105                	addi	sp,sp,32
    80001ccc:	8082                	ret
    80001cce:	6118                	ld	a4,0(a0)
    80001cd0:	e398                	sd	a4,0(a5)
    80001cd2:	00053823          	sd	zero,16(a0)
    80001cd6:	b7f5                	j	80001cc2 <_Balloc+0x96>

0000000080001cd8 <_Bfree>:
    80001cd8:	7d1c                	ld	a5,56(a0)
    80001cda:	1101                	addi	sp,sp,-32
    80001cdc:	e822                	sd	s0,16(sp)
    80001cde:	e426                	sd	s1,8(sp)
    80001ce0:	ec06                	sd	ra,24(sp)
    80001ce2:	84aa                	mv	s1,a0
    80001ce4:	842e                	mv	s0,a1
    80001ce6:	ef85                	bnez	a5,80001d1e <_Bfree+0x46>
    80001ce8:	02000513          	li	a0,32
    80001cec:	d99ff0ef          	jal	80001a84 <malloc>
    80001cf0:	fc88                	sd	a0,56(s1)
    80001cf2:	ed11                	bnez	a0,80001d0e <_Bfree+0x36>
    80001cf4:	00002697          	auipc	a3,0x2
    80001cf8:	59c68693          	addi	a3,a3,1436 # 80004290 <__tbss_end+0x9a>
    80001cfc:	4601                	li	a2,0
    80001cfe:	08f00593          	li	a1,143
    80001d02:	00002517          	auipc	a0,0x2
    80001d06:	64650513          	addi	a0,a0,1606 # 80004348 <__tbss_end+0x152>
    80001d0a:	053010ef          	jal	8000355c <__assert_func>
    80001d0e:	00052423          	sw	zero,8(a0)
    80001d12:	00053823          	sd	zero,16(a0)
    80001d16:	00053023          	sd	zero,0(a0)
    80001d1a:	00053c23          	sd	zero,24(a0)
    80001d1e:	c809                	beqz	s0,80001d30 <_Bfree+0x58>
    80001d20:	7c9c                	ld	a5,56(s1)
    80001d22:	4418                	lw	a4,8(s0)
    80001d24:	6f9c                	ld	a5,24(a5)
    80001d26:	070e                	slli	a4,a4,0x3
    80001d28:	97ba                	add	a5,a5,a4
    80001d2a:	6398                	ld	a4,0(a5)
    80001d2c:	e018                	sd	a4,0(s0)
    80001d2e:	e380                	sd	s0,0(a5)
    80001d30:	60e2                	ld	ra,24(sp)
    80001d32:	6442                	ld	s0,16(sp)
    80001d34:	64a2                	ld	s1,8(sp)
    80001d36:	6105                	addi	sp,sp,32
    80001d38:	8082                	ret

0000000080001d3a <__multadd>:
    80001d3a:	7179                	addi	sp,sp,-48
    80001d3c:	ec26                	sd	s1,24(sp)
    80001d3e:	84aa                	mv	s1,a0
    80001d40:	6541                	lui	a0,0x10
    80001d42:	f022                	sd	s0,32(sp)
    80001d44:	e84a                	sd	s2,16(sp)
    80001d46:	842e                	mv	s0,a1
    80001d48:	0145a903          	lw	s2,20(a1)
    80001d4c:	f406                	sd	ra,40(sp)
    80001d4e:	e44e                	sd	s3,8(sp)
    80001d50:	e052                	sd	s4,0(sp)
    80001d52:	05e1                	addi	a1,a1,24
    80001d54:	4801                	li	a6,0
    80001d56:	157d                	addi	a0,a0,-1 # ffff <__stack_size+0x7fff>
    80001d58:	419c                	lw	a5,0(a1)
    80001d5a:	2805                	addiw	a6,a6,1
    80001d5c:	00a7f733          	and	a4,a5,a0
    80001d60:	02c7073b          	mulw	a4,a4,a2
    80001d64:	0107d79b          	srliw	a5,a5,0x10
    80001d68:	02c787bb          	mulw	a5,a5,a2
    80001d6c:	9f35                	addw	a4,a4,a3
    80001d6e:	0107569b          	srliw	a3,a4,0x10
    80001d72:	8f69                	and	a4,a4,a0
    80001d74:	9fb5                	addw	a5,a5,a3
    80001d76:	0107d99b          	srliw	s3,a5,0x10
    80001d7a:	0107d69b          	srliw	a3,a5,0x10
    80001d7e:	0107979b          	slliw	a5,a5,0x10
    80001d82:	9fb9                	addw	a5,a5,a4
    80001d84:	c19c                	sw	a5,0(a1)
    80001d86:	0591                	addi	a1,a1,4
    80001d88:	fd2848e3          	blt	a6,s2,80001d58 <__multadd+0x1e>
    80001d8c:	ceb1                	beqz	a3,80001de8 <__multadd+0xae>
    80001d8e:	445c                	lw	a5,12(s0)
    80001d90:	04f94363          	blt	s2,a5,80001dd6 <__multadd+0x9c>
    80001d94:	440c                	lw	a1,8(s0)
    80001d96:	8526                	mv	a0,s1
    80001d98:	2585                	addiw	a1,a1,1
    80001d9a:	e93ff0ef          	jal	80001c2c <_Balloc>
    80001d9e:	8a2a                	mv	s4,a0
    80001da0:	ed11                	bnez	a0,80001dbc <__multadd+0x82>
    80001da2:	00002697          	auipc	a3,0x2
    80001da6:	58e68693          	addi	a3,a3,1422 # 80004330 <__tbss_end+0x13a>
    80001daa:	4601                	li	a2,0
    80001dac:	0ba00593          	li	a1,186
    80001db0:	00002517          	auipc	a0,0x2
    80001db4:	59850513          	addi	a0,a0,1432 # 80004348 <__tbss_end+0x152>
    80001db8:	7a4010ef          	jal	8000355c <__assert_func>
    80001dbc:	4850                	lw	a2,20(s0)
    80001dbe:	01040593          	addi	a1,s0,16
    80001dc2:	0541                	addi	a0,a0,16
    80001dc4:	0609                	addi	a2,a2,2
    80001dc6:	060a                	slli	a2,a2,0x2
    80001dc8:	766010ef          	jal	8000352e <memcpy>
    80001dcc:	85a2                	mv	a1,s0
    80001dce:	8526                	mv	a0,s1
    80001dd0:	f09ff0ef          	jal	80001cd8 <_Bfree>
    80001dd4:	8452                	mv	s0,s4
    80001dd6:	00490793          	addi	a5,s2,4
    80001dda:	078a                	slli	a5,a5,0x2
    80001ddc:	97a2                	add	a5,a5,s0
    80001dde:	0137a423          	sw	s3,8(a5)
    80001de2:	2905                	addiw	s2,s2,1
    80001de4:	01242a23          	sw	s2,20(s0)
    80001de8:	70a2                	ld	ra,40(sp)
    80001dea:	8522                	mv	a0,s0
    80001dec:	7402                	ld	s0,32(sp)
    80001dee:	64e2                	ld	s1,24(sp)
    80001df0:	6942                	ld	s2,16(sp)
    80001df2:	69a2                	ld	s3,8(sp)
    80001df4:	6a02                	ld	s4,0(sp)
    80001df6:	6145                	addi	sp,sp,48
    80001df8:	8082                	ret

0000000080001dfa <__s2b>:
    80001dfa:	7139                	addi	sp,sp,-64
    80001dfc:	47a5                	li	a5,9
    80001dfe:	f426                	sd	s1,40(sp)
    80001e00:	84ba                	mv	s1,a4
    80001e02:	0086871b          	addiw	a4,a3,8
    80001e06:	02f7473b          	divw	a4,a4,a5
    80001e0a:	f822                	sd	s0,48(sp)
    80001e0c:	f04a                	sd	s2,32(sp)
    80001e0e:	ec4e                	sd	s3,24(sp)
    80001e10:	e852                	sd	s4,16(sp)
    80001e12:	842e                	mv	s0,a1
    80001e14:	fc06                	sd	ra,56(sp)
    80001e16:	e456                	sd	s5,8(sp)
    80001e18:	892a                	mv	s2,a0
    80001e1a:	8a32                	mv	s4,a2
    80001e1c:	89b6                	mv	s3,a3
    80001e1e:	4785                	li	a5,1
    80001e20:	4581                	li	a1,0
    80001e22:	02e7c363          	blt	a5,a4,80001e48 <__s2b+0x4e>
    80001e26:	854a                	mv	a0,s2
    80001e28:	e05ff0ef          	jal	80001c2c <_Balloc>
    80001e2c:	e115                	bnez	a0,80001e50 <__s2b+0x56>
    80001e2e:	00002697          	auipc	a3,0x2
    80001e32:	50268693          	addi	a3,a3,1282 # 80004330 <__tbss_end+0x13a>
    80001e36:	4601                	li	a2,0
    80001e38:	0d300593          	li	a1,211
    80001e3c:	00002517          	auipc	a0,0x2
    80001e40:	50c50513          	addi	a0,a0,1292 # 80004348 <__tbss_end+0x152>
    80001e44:	718010ef          	jal	8000355c <__assert_func>
    80001e48:	0017979b          	slliw	a5,a5,0x1
    80001e4c:	2585                	addiw	a1,a1,1
    80001e4e:	bfd1                	j	80001e22 <__s2b+0x28>
    80001e50:	4785                	li	a5,1
    80001e52:	c95c                	sw	a5,20(a0)
    80001e54:	cd04                	sw	s1,24(a0)
    80001e56:	47a5                	li	a5,9
    80001e58:	0547d563          	bge	a5,s4,80001ea2 <__s2b+0xa8>
    80001e5c:	0425                	addi	s0,s0,9
    80001e5e:	8aa2                	mv	s5,s0
    80001e60:	44a5                	li	s1,9
    80001e62:	000ac683          	lbu	a3,0(s5)
    80001e66:	85aa                	mv	a1,a0
    80001e68:	4629                	li	a2,10
    80001e6a:	fd06869b          	addiw	a3,a3,-48
    80001e6e:	854a                	mv	a0,s2
    80001e70:	ecbff0ef          	jal	80001d3a <__multadd>
    80001e74:	87a6                	mv	a5,s1
    80001e76:	2485                	addiw	s1,s1,1
    80001e78:	0a85                	addi	s5,s5,1
    80001e7a:	fe9a14e3          	bne	s4,s1,80001e62 <__s2b+0x68>
    80001e7e:	37e5                	addiw	a5,a5,-7
    80001e80:	1782                	slli	a5,a5,0x20
    80001e82:	9381                	srli	a5,a5,0x20
    80001e84:	943e                	add	s0,s0,a5
    80001e86:	9c81                	subw	s1,s1,s0
    80001e88:	008487bb          	addw	a5,s1,s0
    80001e8c:	0137ce63          	blt	a5,s3,80001ea8 <__s2b+0xae>
    80001e90:	70e2                	ld	ra,56(sp)
    80001e92:	7442                	ld	s0,48(sp)
    80001e94:	74a2                	ld	s1,40(sp)
    80001e96:	7902                	ld	s2,32(sp)
    80001e98:	69e2                	ld	s3,24(sp)
    80001e9a:	6a42                	ld	s4,16(sp)
    80001e9c:	6aa2                	ld	s5,8(sp)
    80001e9e:	6121                	addi	sp,sp,64
    80001ea0:	8082                	ret
    80001ea2:	0429                	addi	s0,s0,10
    80001ea4:	44a5                	li	s1,9
    80001ea6:	b7c5                	j	80001e86 <__s2b+0x8c>
    80001ea8:	00044683          	lbu	a3,0(s0)
    80001eac:	85aa                	mv	a1,a0
    80001eae:	4629                	li	a2,10
    80001eb0:	fd06869b          	addiw	a3,a3,-48
    80001eb4:	854a                	mv	a0,s2
    80001eb6:	0405                	addi	s0,s0,1
    80001eb8:	e83ff0ef          	jal	80001d3a <__multadd>
    80001ebc:	b7f1                	j	80001e88 <__s2b+0x8e>

0000000080001ebe <__hi0bits>:
    80001ebe:	87aa                	mv	a5,a0
    80001ec0:	6741                	lui	a4,0x10
    80001ec2:	4501                	li	a0,0
    80001ec4:	00e7f563          	bgeu	a5,a4,80001ece <__hi0bits+0x10>
    80001ec8:	0107979b          	slliw	a5,a5,0x10
    80001ecc:	4541                	li	a0,16
    80001ece:	01000737          	lui	a4,0x1000
    80001ed2:	00e7f563          	bgeu	a5,a4,80001edc <__hi0bits+0x1e>
    80001ed6:	2521                	addiw	a0,a0,8
    80001ed8:	0087979b          	slliw	a5,a5,0x8
    80001edc:	10000737          	lui	a4,0x10000
    80001ee0:	00e7f563          	bgeu	a5,a4,80001eea <__hi0bits+0x2c>
    80001ee4:	2511                	addiw	a0,a0,4
    80001ee6:	0047979b          	slliw	a5,a5,0x4
    80001eea:	40000737          	lui	a4,0x40000
    80001eee:	00e7f563          	bgeu	a5,a4,80001ef8 <__hi0bits+0x3a>
    80001ef2:	2509                	addiw	a0,a0,2
    80001ef4:	0027979b          	slliw	a5,a5,0x2
    80001ef8:	0007c963          	bltz	a5,80001f0a <__hi0bits+0x4c>
    80001efc:	02179713          	slli	a4,a5,0x21
    80001f00:	2505                	addiw	a0,a0,1
    80001f02:	00074463          	bltz	a4,80001f0a <__hi0bits+0x4c>
    80001f06:	02000513          	li	a0,32
    80001f0a:	8082                	ret

0000000080001f0c <__lo0bits>:
    80001f0c:	411c                	lw	a5,0(a0)
    80001f0e:	872a                	mv	a4,a0
    80001f10:	0077f613          	andi	a2,a5,7
    80001f14:	86be                	mv	a3,a5
    80001f16:	c20d                	beqz	a2,80001f38 <__lo0bits+0x2c>
    80001f18:	0017f613          	andi	a2,a5,1
    80001f1c:	4501                	li	a0,0
    80001f1e:	e235                	bnez	a2,80001f82 <__lo0bits+0x76>
    80001f20:	8a89                	andi	a3,a3,2
    80001f22:	c691                	beqz	a3,80001f2e <__lo0bits+0x22>
    80001f24:	0017d79b          	srliw	a5,a5,0x1
    80001f28:	c31c                	sw	a5,0(a4)
    80001f2a:	4505                	li	a0,1
    80001f2c:	8082                	ret
    80001f2e:	0027d79b          	srliw	a5,a5,0x2
    80001f32:	c31c                	sw	a5,0(a4)
    80001f34:	4509                	li	a0,2
    80001f36:	8082                	ret
    80001f38:	03079693          	slli	a3,a5,0x30
    80001f3c:	92c1                	srli	a3,a3,0x30
    80001f3e:	4501                	li	a0,0
    80001f40:	e681                	bnez	a3,80001f48 <__lo0bits+0x3c>
    80001f42:	0107d79b          	srliw	a5,a5,0x10
    80001f46:	4541                	li	a0,16
    80001f48:	0ff7f693          	zext.b	a3,a5
    80001f4c:	e681                	bnez	a3,80001f54 <__lo0bits+0x48>
    80001f4e:	2521                	addiw	a0,a0,8
    80001f50:	0087d79b          	srliw	a5,a5,0x8
    80001f54:	00f7f693          	andi	a3,a5,15
    80001f58:	e681                	bnez	a3,80001f60 <__lo0bits+0x54>
    80001f5a:	2511                	addiw	a0,a0,4
    80001f5c:	0047d79b          	srliw	a5,a5,0x4
    80001f60:	0037f693          	andi	a3,a5,3
    80001f64:	e681                	bnez	a3,80001f6c <__lo0bits+0x60>
    80001f66:	2509                	addiw	a0,a0,2
    80001f68:	0027d79b          	srliw	a5,a5,0x2
    80001f6c:	0017f693          	andi	a3,a5,1
    80001f70:	e689                	bnez	a3,80001f7a <__lo0bits+0x6e>
    80001f72:	0017d79b          	srliw	a5,a5,0x1
    80001f76:	2505                	addiw	a0,a0,1
    80001f78:	c399                	beqz	a5,80001f7e <__lo0bits+0x72>
    80001f7a:	c31c                	sw	a5,0(a4)
    80001f7c:	8082                	ret
    80001f7e:	02000513          	li	a0,32
    80001f82:	8082                	ret

0000000080001f84 <__i2b>:
    80001f84:	1141                	addi	sp,sp,-16
    80001f86:	e022                	sd	s0,0(sp)
    80001f88:	842e                	mv	s0,a1
    80001f8a:	4585                	li	a1,1
    80001f8c:	e406                	sd	ra,8(sp)
    80001f8e:	c9fff0ef          	jal	80001c2c <_Balloc>
    80001f92:	ed11                	bnez	a0,80001fae <__i2b+0x2a>
    80001f94:	00002697          	auipc	a3,0x2
    80001f98:	39c68693          	addi	a3,a3,924 # 80004330 <__tbss_end+0x13a>
    80001f9c:	4601                	li	a2,0
    80001f9e:	14500593          	li	a1,325
    80001fa2:	00002517          	auipc	a0,0x2
    80001fa6:	3a650513          	addi	a0,a0,934 # 80004348 <__tbss_end+0x152>
    80001faa:	5b2010ef          	jal	8000355c <__assert_func>
    80001fae:	60a2                	ld	ra,8(sp)
    80001fb0:	cd00                	sw	s0,24(a0)
    80001fb2:	6402                	ld	s0,0(sp)
    80001fb4:	4705                	li	a4,1
    80001fb6:	c958                	sw	a4,20(a0)
    80001fb8:	0141                	addi	sp,sp,16
    80001fba:	8082                	ret

0000000080001fbc <__multiply>:
    80001fbc:	49d8                	lw	a4,20(a1)
    80001fbe:	4a5c                	lw	a5,20(a2)
    80001fc0:	7179                	addi	sp,sp,-48
    80001fc2:	f022                	sd	s0,32(sp)
    80001fc4:	e84a                	sd	s2,16(sp)
    80001fc6:	f406                	sd	ra,40(sp)
    80001fc8:	ec26                	sd	s1,24(sp)
    80001fca:	e44e                	sd	s3,8(sp)
    80001fcc:	e052                	sd	s4,0(sp)
    80001fce:	892e                	mv	s2,a1
    80001fd0:	8432                	mv	s0,a2
    80001fd2:	00f74463          	blt	a4,a5,80001fda <__multiply+0x1e>
    80001fd6:	842e                	mv	s0,a1
    80001fd8:	8932                	mv	s2,a2
    80001fda:	01442a03          	lw	s4,20(s0)
    80001fde:	01492983          	lw	s3,20(s2)
    80001fe2:	445c                	lw	a5,12(s0)
    80001fe4:	440c                	lw	a1,8(s0)
    80001fe6:	013a04bb          	addw	s1,s4,s3
    80001fea:	0097d363          	bge	a5,s1,80001ff0 <__multiply+0x34>
    80001fee:	2585                	addiw	a1,a1,1
    80001ff0:	c3dff0ef          	jal	80001c2c <_Balloc>
    80001ff4:	ed11                	bnez	a0,80002010 <__multiply+0x54>
    80001ff6:	00002697          	auipc	a3,0x2
    80001ffa:	33a68693          	addi	a3,a3,826 # 80004330 <__tbss_end+0x13a>
    80001ffe:	4601                	li	a2,0
    80002000:	16200593          	li	a1,354
    80002004:	00002517          	auipc	a0,0x2
    80002008:	34450513          	addi	a0,a0,836 # 80004348 <__tbss_end+0x152>
    8000200c:	550010ef          	jal	8000355c <__assert_func>
    80002010:	01850693          	addi	a3,a0,24
    80002014:	00249813          	slli	a6,s1,0x2
    80002018:	9836                	add	a6,a6,a3
    8000201a:	87b6                	mv	a5,a3
    8000201c:	0507ea63          	bltu	a5,a6,80002070 <__multiply+0xb4>
    80002020:	01840313          	addi	t1,s0,24
    80002024:	002a1613          	slli	a2,s4,0x2
    80002028:	01890593          	addi	a1,s2,24
    8000202c:	00299893          	slli	a7,s3,0x2
    80002030:	961a                	add	a2,a2,t1
    80002032:	01940793          	addi	a5,s0,25
    80002036:	98ae                	add	a7,a7,a1
    80002038:	4e11                	li	t3,4
    8000203a:	00f66863          	bltu	a2,a5,8000204a <__multiply+0x8e>
    8000203e:	40860433          	sub	s0,a2,s0
    80002042:	141d                	addi	s0,s0,-25
    80002044:	9871                	andi	s0,s0,-4
    80002046:	00440e13          	addi	t3,s0,4
    8000204a:	6ec1                	lui	t4,0x10
    8000204c:	1efd                	addi	t4,t4,-1 # ffff <__stack_size+0x7fff>
    8000204e:	0315e563          	bltu	a1,a7,80002078 <__multiply+0xbc>
    80002052:	00905663          	blez	s1,8000205e <__multiply+0xa2>
    80002056:	ffc82783          	lw	a5,-4(a6)
    8000205a:	1871                	addi	a6,a6,-4
    8000205c:	cbed                	beqz	a5,8000214e <__multiply+0x192>
    8000205e:	70a2                	ld	ra,40(sp)
    80002060:	7402                	ld	s0,32(sp)
    80002062:	c944                	sw	s1,20(a0)
    80002064:	6942                	ld	s2,16(sp)
    80002066:	64e2                	ld	s1,24(sp)
    80002068:	69a2                	ld	s3,8(sp)
    8000206a:	6a02                	ld	s4,0(sp)
    8000206c:	6145                	addi	sp,sp,48
    8000206e:	8082                	ret
    80002070:	0007a023          	sw	zero,0(a5)
    80002074:	0791                	addi	a5,a5,4
    80002076:	b75d                	j	8000201c <__multiply+0x60>
    80002078:	0005af03          	lw	t5,0(a1)
    8000207c:	01df7f33          	and	t5,t5,t4
    80002080:	060f0163          	beqz	t5,800020e2 <__multiply+0x126>
    80002084:	82b6                	mv	t0,a3
    80002086:	8f9a                	mv	t6,t1
    80002088:	4401                	li	s0,0
    8000208a:	000fa783          	lw	a5,0(t6)
    8000208e:	0002a383          	lw	t2,0(t0)
    80002092:	0f91                	addi	t6,t6,4
    80002094:	01d7f733          	and	a4,a5,t4
    80002098:	03e7073b          	mulw	a4,a4,t5
    8000209c:	0107d79b          	srliw	a5,a5,0x10
    800020a0:	01d3f933          	and	s2,t2,t4
    800020a4:	0103d39b          	srliw	t2,t2,0x10
    800020a8:	0291                	addi	t0,t0,4
    800020aa:	03e787bb          	mulw	a5,a5,t5
    800020ae:	0127073b          	addw	a4,a4,s2
    800020b2:	9f21                	addw	a4,a4,s0
    800020b4:	007787bb          	addw	a5,a5,t2
    800020b8:	0107539b          	srliw	t2,a4,0x10
    800020bc:	007787bb          	addw	a5,a5,t2
    800020c0:	0107d39b          	srliw	t2,a5,0x10
    800020c4:	0107d41b          	srliw	s0,a5,0x10
    800020c8:	00eef733          	and	a4,t4,a4
    800020cc:	0107979b          	slliw	a5,a5,0x10
    800020d0:	8f5d                	or	a4,a4,a5
    800020d2:	fee2ae23          	sw	a4,-4(t0)
    800020d6:	facfeae3          	bltu	t6,a2,8000208a <__multiply+0xce>
    800020da:	01c687b3          	add	a5,a3,t3
    800020de:	0077a023          	sw	t2,0(a5)
    800020e2:	0025d383          	lhu	t2,2(a1)
    800020e6:	06038163          	beqz	t2,80002148 <__multiply+0x18c>
    800020ea:	4298                	lw	a4,0(a3)
    800020ec:	8f1a                	mv	t5,t1
    800020ee:	8fb6                	mv	t6,a3
    800020f0:	4281                	li	t0,0
    800020f2:	000f2783          	lw	a5,0(t5)
    800020f6:	002fd403          	lhu	s0,2(t6)
    800020fa:	01d77733          	and	a4,a4,t4
    800020fe:	01d7f7b3          	and	a5,a5,t4
    80002102:	027787bb          	mulw	a5,a5,t2
    80002106:	0f11                	addi	t5,t5,4
    80002108:	0f91                	addi	t6,t6,4
    8000210a:	9fa1                	addw	a5,a5,s0
    8000210c:	005787bb          	addw	a5,a5,t0
    80002110:	0107929b          	slliw	t0,a5,0x10
    80002114:	00576733          	or	a4,a4,t0
    80002118:	feefae23          	sw	a4,-4(t6)
    8000211c:	ffef5703          	lhu	a4,-2(t5)
    80002120:	000fa283          	lw	t0,0(t6)
    80002124:	0107d79b          	srliw	a5,a5,0x10
    80002128:	0277073b          	mulw	a4,a4,t2
    8000212c:	01d2f2b3          	and	t0,t0,t4
    80002130:	0057073b          	addw	a4,a4,t0
    80002134:	9fb9                	addw	a5,a5,a4
    80002136:	0007871b          	sext.w	a4,a5
    8000213a:	0107d29b          	srliw	t0,a5,0x10
    8000213e:	facf6ae3          	bltu	t5,a2,800020f2 <__multiply+0x136>
    80002142:	01c68733          	add	a4,a3,t3
    80002146:	c31c                	sw	a5,0(a4)
    80002148:	0591                	addi	a1,a1,4
    8000214a:	0691                	addi	a3,a3,4
    8000214c:	b709                	j	8000204e <__multiply+0x92>
    8000214e:	34fd                	addiw	s1,s1,-1
    80002150:	b709                	j	80002052 <__multiply+0x96>

0000000080002152 <__pow5mult>:
    80002152:	7179                	addi	sp,sp,-48
    80002154:	ec26                	sd	s1,24(sp)
    80002156:	e84a                	sd	s2,16(sp)
    80002158:	e44e                	sd	s3,8(sp)
    8000215a:	f406                	sd	ra,40(sp)
    8000215c:	f022                	sd	s0,32(sp)
    8000215e:	e052                	sd	s4,0(sp)
    80002160:	00367793          	andi	a5,a2,3
    80002164:	892a                	mv	s2,a0
    80002166:	84b2                	mv	s1,a2
    80002168:	89ae                	mv	s3,a1
    8000216a:	cf89                	beqz	a5,80002184 <__pow5mult+0x32>
    8000216c:	37fd                	addiw	a5,a5,-1
    8000216e:	00002717          	auipc	a4,0x2
    80002172:	53270713          	addi	a4,a4,1330 # 800046a0 <p05.0>
    80002176:	078a                	slli	a5,a5,0x2
    80002178:	97ba                	add	a5,a5,a4
    8000217a:	4390                	lw	a2,0(a5)
    8000217c:	4681                	li	a3,0
    8000217e:	bbdff0ef          	jal	80001d3a <__multadd>
    80002182:	89aa                	mv	s3,a0
    80002184:	8489                	srai	s1,s1,0x2
    80002186:	c8d9                	beqz	s1,8000221c <__pow5mult+0xca>
    80002188:	03893783          	ld	a5,56(s2)
    8000218c:	ef8d                	bnez	a5,800021c6 <__pow5mult+0x74>
    8000218e:	02000513          	li	a0,32
    80002192:	8f3ff0ef          	jal	80001a84 <malloc>
    80002196:	02a93c23          	sd	a0,56(s2)
    8000219a:	ed11                	bnez	a0,800021b6 <__pow5mult+0x64>
    8000219c:	00002697          	auipc	a3,0x2
    800021a0:	0f468693          	addi	a3,a3,244 # 80004290 <__tbss_end+0x9a>
    800021a4:	4601                	li	a2,0
    800021a6:	1b300593          	li	a1,435
    800021aa:	00002517          	auipc	a0,0x2
    800021ae:	19e50513          	addi	a0,a0,414 # 80004348 <__tbss_end+0x152>
    800021b2:	3aa010ef          	jal	8000355c <__assert_func>
    800021b6:	00052423          	sw	zero,8(a0)
    800021ba:	00053823          	sd	zero,16(a0)
    800021be:	00053023          	sd	zero,0(a0)
    800021c2:	00053c23          	sd	zero,24(a0)
    800021c6:	03893a03          	ld	s4,56(s2)
    800021ca:	010a3403          	ld	s0,16(s4)
    800021ce:	e819                	bnez	s0,800021e4 <__pow5mult+0x92>
    800021d0:	27100593          	li	a1,625
    800021d4:	854a                	mv	a0,s2
    800021d6:	dafff0ef          	jal	80001f84 <__i2b>
    800021da:	00aa3823          	sd	a0,16(s4)
    800021de:	842a                	mv	s0,a0
    800021e0:	00053023          	sd	zero,0(a0)
    800021e4:	0014f793          	andi	a5,s1,1
    800021e8:	cf81                	beqz	a5,80002200 <__pow5mult+0xae>
    800021ea:	85ce                	mv	a1,s3
    800021ec:	8622                	mv	a2,s0
    800021ee:	854a                	mv	a0,s2
    800021f0:	dcdff0ef          	jal	80001fbc <__multiply>
    800021f4:	8a2a                	mv	s4,a0
    800021f6:	85ce                	mv	a1,s3
    800021f8:	854a                	mv	a0,s2
    800021fa:	adfff0ef          	jal	80001cd8 <_Bfree>
    800021fe:	89d2                	mv	s3,s4
    80002200:	8485                	srai	s1,s1,0x1
    80002202:	cc89                	beqz	s1,8000221c <__pow5mult+0xca>
    80002204:	6008                	ld	a0,0(s0)
    80002206:	e909                	bnez	a0,80002218 <__pow5mult+0xc6>
    80002208:	8622                	mv	a2,s0
    8000220a:	85a2                	mv	a1,s0
    8000220c:	854a                	mv	a0,s2
    8000220e:	dafff0ef          	jal	80001fbc <__multiply>
    80002212:	e008                	sd	a0,0(s0)
    80002214:	00053023          	sd	zero,0(a0)
    80002218:	842a                	mv	s0,a0
    8000221a:	b7e9                	j	800021e4 <__pow5mult+0x92>
    8000221c:	70a2                	ld	ra,40(sp)
    8000221e:	7402                	ld	s0,32(sp)
    80002220:	64e2                	ld	s1,24(sp)
    80002222:	6942                	ld	s2,16(sp)
    80002224:	6a02                	ld	s4,0(sp)
    80002226:	854e                	mv	a0,s3
    80002228:	69a2                	ld	s3,8(sp)
    8000222a:	6145                	addi	sp,sp,48
    8000222c:	8082                	ret

000000008000222e <__lshift>:
    8000222e:	715d                	addi	sp,sp,-80
    80002230:	e0a2                	sd	s0,64(sp)
    80002232:	842e                	mv	s0,a1
    80002234:	e85a                	sd	s6,16(sp)
    80002236:	01442b03          	lw	s6,20(s0)
    8000223a:	f44e                	sd	s3,40(sp)
    8000223c:	458c                	lw	a1,8(a1)
    8000223e:	4056599b          	sraiw	s3,a2,0x5
    80002242:	445c                	lw	a5,12(s0)
    80002244:	01698b3b          	addw	s6,s3,s6
    80002248:	fc26                	sd	s1,56(sp)
    8000224a:	f84a                	sd	s2,48(sp)
    8000224c:	ec56                	sd	s5,24(sp)
    8000224e:	e45e                	sd	s7,8(sp)
    80002250:	e486                	sd	ra,72(sp)
    80002252:	f052                	sd	s4,32(sp)
    80002254:	892a                	mv	s2,a0
    80002256:	84b2                	mv	s1,a2
    80002258:	40565b93          	srai	s7,a2,0x5
    8000225c:	001b0a9b          	addiw	s5,s6,1
    80002260:	0357c463          	blt	a5,s5,80002288 <__lshift+0x5a>
    80002264:	854a                	mv	a0,s2
    80002266:	9c7ff0ef          	jal	80001c2c <_Balloc>
    8000226a:	8a2a                	mv	s4,a0
    8000226c:	e115                	bnez	a0,80002290 <__lshift+0x62>
    8000226e:	00002697          	auipc	a3,0x2
    80002272:	0c268693          	addi	a3,a3,194 # 80004330 <__tbss_end+0x13a>
    80002276:	4601                	li	a2,0
    80002278:	1de00593          	li	a1,478
    8000227c:	00002517          	auipc	a0,0x2
    80002280:	0cc50513          	addi	a0,a0,204 # 80004348 <__tbss_end+0x152>
    80002284:	2d8010ef          	jal	8000355c <__assert_func>
    80002288:	2585                	addiw	a1,a1,1
    8000228a:	0017979b          	slliw	a5,a5,0x1
    8000228e:	bfc9                	j	80002260 <__lshift+0x32>
    80002290:	01850693          	addi	a3,a0,24
    80002294:	8736                	mv	a4,a3
    80002296:	4781                	li	a5,0
    80002298:	0977c363          	blt	a5,s7,8000231e <__lshift+0xf0>
    8000229c:	000bd363          	bgez	s7,800022a2 <__lshift+0x74>
    800022a0:	4981                	li	s3,0
    800022a2:	4858                	lw	a4,20(s0)
    800022a4:	098a                	slli	s3,s3,0x2
    800022a6:	01840793          	addi	a5,s0,24
    800022aa:	070a                	slli	a4,a4,0x2
    800022ac:	88fd                	andi	s1,s1,31
    800022ae:	96ce                	add	a3,a3,s3
    800022b0:	973e                	add	a4,a4,a5
    800022b2:	c8bd                	beqz	s1,80002328 <__lshift+0xfa>
    800022b4:	02000813          	li	a6,32
    800022b8:	4098083b          	subw	a6,a6,s1
    800022bc:	8536                	mv	a0,a3
    800022be:	4601                	li	a2,0
    800022c0:	438c                	lw	a1,0(a5)
    800022c2:	009595bb          	sllw	a1,a1,s1
    800022c6:	8e4d                	or	a2,a2,a1
    800022c8:	c110                	sw	a2,0(a0)
    800022ca:	438c                	lw	a1,0(a5)
    800022cc:	0791                	addi	a5,a5,4
    800022ce:	0511                	addi	a0,a0,4
    800022d0:	0105d63b          	srlw	a2,a1,a6
    800022d4:	85b2                	mv	a1,a2
    800022d6:	fee7e5e3          	bltu	a5,a4,800022c0 <__lshift+0x92>
    800022da:	01940513          	addi	a0,s0,25
    800022de:	4791                	li	a5,4
    800022e0:	00a76763          	bltu	a4,a0,800022ee <__lshift+0xc0>
    800022e4:	8f01                	sub	a4,a4,s0
    800022e6:	171d                	addi	a4,a4,-25
    800022e8:	9b71                	andi	a4,a4,-4
    800022ea:	00470793          	addi	a5,a4,4
    800022ee:	97b6                	add	a5,a5,a3
    800022f0:	c38c                	sw	a1,0(a5)
    800022f2:	c219                	beqz	a2,800022f8 <__lshift+0xca>
    800022f4:	002b0a9b          	addiw	s5,s6,2
    800022f8:	3afd                	addiw	s5,s5,-1
    800022fa:	015a2a23          	sw	s5,20(s4)
    800022fe:	854a                	mv	a0,s2
    80002300:	85a2                	mv	a1,s0
    80002302:	9d7ff0ef          	jal	80001cd8 <_Bfree>
    80002306:	60a6                	ld	ra,72(sp)
    80002308:	6406                	ld	s0,64(sp)
    8000230a:	74e2                	ld	s1,56(sp)
    8000230c:	7942                	ld	s2,48(sp)
    8000230e:	79a2                	ld	s3,40(sp)
    80002310:	6ae2                	ld	s5,24(sp)
    80002312:	6b42                	ld	s6,16(sp)
    80002314:	6ba2                	ld	s7,8(sp)
    80002316:	8552                	mv	a0,s4
    80002318:	7a02                	ld	s4,32(sp)
    8000231a:	6161                	addi	sp,sp,80
    8000231c:	8082                	ret
    8000231e:	00072023          	sw	zero,0(a4)
    80002322:	2785                	addiw	a5,a5,1
    80002324:	0711                	addi	a4,a4,4
    80002326:	bf8d                	j	80002298 <__lshift+0x6a>
    80002328:	4390                	lw	a2,0(a5)
    8000232a:	0791                	addi	a5,a5,4
    8000232c:	c290                	sw	a2,0(a3)
    8000232e:	0691                	addi	a3,a3,4
    80002330:	fee7ece3          	bltu	a5,a4,80002328 <__lshift+0xfa>
    80002334:	b7d1                	j	800022f8 <__lshift+0xca>

0000000080002336 <__mcmp>:
    80002336:	49d8                	lw	a4,20(a1)
    80002338:	87aa                	mv	a5,a0
    8000233a:	4948                	lw	a0,20(a0)
    8000233c:	9d19                	subw	a0,a0,a4
    8000233e:	e505                	bnez	a0,80002366 <__mcmp+0x30>
    80002340:	070a                	slli	a4,a4,0x2
    80002342:	07e1                	addi	a5,a5,24
    80002344:	05e1                	addi	a1,a1,24
    80002346:	00e786b3          	add	a3,a5,a4
    8000234a:	95ba                	add	a1,a1,a4
    8000234c:	16f1                	addi	a3,a3,-4
    8000234e:	15f1                	addi	a1,a1,-4
    80002350:	4290                	lw	a2,0(a3)
    80002352:	4198                	lw	a4,0(a1)
    80002354:	00e60763          	beq	a2,a4,80002362 <__mcmp+0x2c>
    80002358:	4505                	li	a0,1
    8000235a:	00e67663          	bgeu	a2,a4,80002366 <__mcmp+0x30>
    8000235e:	557d                	li	a0,-1
    80002360:	8082                	ret
    80002362:	fed7e5e3          	bltu	a5,a3,8000234c <__mcmp+0x16>
    80002366:	8082                	ret

0000000080002368 <__mdiff>:
    80002368:	7179                	addi	sp,sp,-48
    8000236a:	ec26                	sd	s1,24(sp)
    8000236c:	84ae                	mv	s1,a1
    8000236e:	e84a                	sd	s2,16(sp)
    80002370:	85b2                	mv	a1,a2
    80002372:	892a                	mv	s2,a0
    80002374:	8526                	mv	a0,s1
    80002376:	f022                	sd	s0,32(sp)
    80002378:	f406                	sd	ra,40(sp)
    8000237a:	e44e                	sd	s3,8(sp)
    8000237c:	8432                	mv	s0,a2
    8000237e:	fb9ff0ef          	jal	80002336 <__mcmp>
    80002382:	ed15                	bnez	a0,800023be <__mdiff+0x56>
    80002384:	4581                	li	a1,0
    80002386:	854a                	mv	a0,s2
    80002388:	8a5ff0ef          	jal	80001c2c <_Balloc>
    8000238c:	ed11                	bnez	a0,800023a8 <__mdiff+0x40>
    8000238e:	00002697          	auipc	a3,0x2
    80002392:	fa268693          	addi	a3,a3,-94 # 80004330 <__tbss_end+0x13a>
    80002396:	4601                	li	a2,0
    80002398:	23700593          	li	a1,567
    8000239c:	00002517          	auipc	a0,0x2
    800023a0:	fac50513          	addi	a0,a0,-84 # 80004348 <__tbss_end+0x152>
    800023a4:	1b8010ef          	jal	8000355c <__assert_func>
    800023a8:	4785                	li	a5,1
    800023aa:	c95c                	sw	a5,20(a0)
    800023ac:	00052c23          	sw	zero,24(a0)
    800023b0:	70a2                	ld	ra,40(sp)
    800023b2:	7402                	ld	s0,32(sp)
    800023b4:	64e2                	ld	s1,24(sp)
    800023b6:	6942                	ld	s2,16(sp)
    800023b8:	69a2                	ld	s3,8(sp)
    800023ba:	6145                	addi	sp,sp,48
    800023bc:	8082                	ret
    800023be:	4981                	li	s3,0
    800023c0:	00055663          	bgez	a0,800023cc <__mdiff+0x64>
    800023c4:	87a6                	mv	a5,s1
    800023c6:	4985                	li	s3,1
    800023c8:	84a2                	mv	s1,s0
    800023ca:	843e                	mv	s0,a5
    800023cc:	448c                	lw	a1,8(s1)
    800023ce:	854a                	mv	a0,s2
    800023d0:	85dff0ef          	jal	80001c2c <_Balloc>
    800023d4:	e909                	bnez	a0,800023e6 <__mdiff+0x7e>
    800023d6:	00002697          	auipc	a3,0x2
    800023da:	f5a68693          	addi	a3,a3,-166 # 80004330 <__tbss_end+0x13a>
    800023de:	4601                	li	a2,0
    800023e0:	24500593          	li	a1,581
    800023e4:	bf65                	j	8000239c <__mdiff+0x34>
    800023e6:	0144a803          	lw	a6,20(s1)
    800023ea:	4858                	lw	a4,20(s0)
    800023ec:	01848313          	addi	t1,s1,24
    800023f0:	00281613          	slli	a2,a6,0x2
    800023f4:	01840793          	addi	a5,s0,24
    800023f8:	070a                	slli	a4,a4,0x2
    800023fa:	6ec1                	lui	t4,0x10
    800023fc:	01352823          	sw	s3,16(a0)
    80002400:	961a                	add	a2,a2,t1
    80002402:	97ba                	add	a5,a5,a4
    80002404:	01850593          	addi	a1,a0,24
    80002408:	4e61                	li	t3,24
    8000240a:	4881                	li	a7,0
    8000240c:	1efd                	addi	t4,t4,-1 # ffff <__stack_size+0x7fff>
    8000240e:	01c406b3          	add	a3,s0,t3
    80002412:	01c48733          	add	a4,s1,t3
    80002416:	0006af03          	lw	t5,0(a3)
    8000241a:	4318                	lw	a4,0(a4)
    8000241c:	01df7fb3          	and	t6,t5,t4
    80002420:	01d776b3          	and	a3,a4,t4
    80002424:	41f686bb          	subw	a3,a3,t6
    80002428:	011686bb          	addw	a3,a3,a7
    8000242c:	010f5f1b          	srliw	t5,t5,0x10
    80002430:	0107571b          	srliw	a4,a4,0x10
    80002434:	4106d89b          	sraiw	a7,a3,0x10
    80002438:	41e7073b          	subw	a4,a4,t5
    8000243c:	0117073b          	addw	a4,a4,a7
    80002440:	4107589b          	sraiw	a7,a4,0x10
    80002444:	00def6b3          	and	a3,t4,a3
    80002448:	0107171b          	slliw	a4,a4,0x10
    8000244c:	01c50f33          	add	t5,a0,t3
    80002450:	8ed9                	or	a3,a3,a4
    80002452:	0e11                	addi	t3,t3,4
    80002454:	00df2023          	sw	a3,0(t5)
    80002458:	008e0733          	add	a4,t3,s0
    8000245c:	faf769e3          	bltu	a4,a5,8000240e <__mdiff+0xa6>
    80002460:	01940693          	addi	a3,s0,25
    80002464:	4711                	li	a4,4
    80002466:	00d7e763          	bltu	a5,a3,80002474 <__mdiff+0x10c>
    8000246a:	8f81                	sub	a5,a5,s0
    8000246c:	179d                	addi	a5,a5,-25
    8000246e:	9bf1                	andi	a5,a5,-4
    80002470:	00478713          	addi	a4,a5,4
    80002474:	00e586b3          	add	a3,a1,a4
    80002478:	933a                	add	t1,t1,a4
    8000247a:	6e41                	lui	t3,0x10
    8000247c:	8eb6                	mv	t4,a3
    8000247e:	859a                	mv	a1,t1
    80002480:	1e7d                	addi	t3,t3,-1 # ffff <__stack_size+0x7fff>
    80002482:	02c5e463          	bltu	a1,a2,800024aa <__mdiff+0x142>
    80002486:	ffd30793          	addi	a5,t1,-3
    8000248a:	4701                	li	a4,0
    8000248c:	00f66763          	bltu	a2,a5,8000249a <__mdiff+0x132>
    80002490:	060d                	addi	a2,a2,3
    80002492:	40660633          	sub	a2,a2,t1
    80002496:	ffc67713          	andi	a4,a2,-4
    8000249a:	00e687b3          	add	a5,a3,a4
    8000249e:	17f1                	addi	a5,a5,-4
    800024a0:	4398                	lw	a4,0(a5)
    800024a2:	cf1d                	beqz	a4,800024e0 <__mdiff+0x178>
    800024a4:	01052a23          	sw	a6,20(a0)
    800024a8:	b721                	j	800023b0 <__mdiff+0x48>
    800024aa:	4198                	lw	a4,0(a1)
    800024ac:	00088f1b          	sext.w	t5,a7
    800024b0:	0591                	addi	a1,a1,4
    800024b2:	01c777b3          	and	a5,a4,t3
    800024b6:	011787bb          	addw	a5,a5,a7
    800024ba:	4107d79b          	sraiw	a5,a5,0x10
    800024be:	0107589b          	srliw	a7,a4,0x10
    800024c2:	011787bb          	addw	a5,a5,a7
    800024c6:	01e7073b          	addw	a4,a4,t5
    800024ca:	4107d89b          	sraiw	a7,a5,0x10
    800024ce:	01c77733          	and	a4,a4,t3
    800024d2:	0107979b          	slliw	a5,a5,0x10
    800024d6:	8f5d                	or	a4,a4,a5
    800024d8:	00eea023          	sw	a4,0(t4)
    800024dc:	0e91                	addi	t4,t4,4
    800024de:	b755                	j	80002482 <__mdiff+0x11a>
    800024e0:	387d                	addiw	a6,a6,-1
    800024e2:	bf75                	j	8000249e <__mdiff+0x136>

00000000800024e4 <__ulp>:
    800024e4:	e20507d3          	fmv.x.d	a5,fa0
    800024e8:	7ff00737          	lui	a4,0x7ff00
    800024ec:	9381                	srli	a5,a5,0x20
    800024ee:	8f7d                	and	a4,a4,a5
    800024f0:	fcc007b7          	lui	a5,0xfcc00
    800024f4:	9f3d                	addw	a4,a4,a5
    800024f6:	00e04d63          	bgtz	a4,80002510 <__ulp+0x2c>
    800024fa:	40e007bb          	negw	a5,a4
    800024fe:	4147d69b          	sraiw	a3,a5,0x14
    80002502:	474d                	li	a4,19
    80002504:	00d74863          	blt	a4,a3,80002514 <__ulp+0x30>
    80002508:	00080737          	lui	a4,0x80
    8000250c:	40d7573b          	sraw	a4,a4,a3
    80002510:	4681                	li	a3,0
    80002512:	a821                	j	8000252a <__ulp+0x46>
    80002514:	fec6879b          	addiw	a5,a3,-20
    80002518:	4779                	li	a4,30
    8000251a:	4685                	li	a3,1
    8000251c:	00f74663          	blt	a4,a5,80002528 <__ulp+0x44>
    80002520:	800006b7          	lui	a3,0x80000
    80002524:	00f6d6bb          	srlw	a3,a3,a5
    80002528:	4701                	li	a4,0
    8000252a:	1682                	slli	a3,a3,0x20
    8000252c:	9281                	srli	a3,a3,0x20
    8000252e:	1702                	slli	a4,a4,0x20
    80002530:	8f55                	or	a4,a4,a3
    80002532:	f2070553          	fmv.d.x	fa0,a4
    80002536:	8082                	ret

0000000080002538 <__b2d>:
    80002538:	7179                	addi	sp,sp,-48
    8000253a:	ec26                	sd	s1,24(sp)
    8000253c:	4944                	lw	s1,20(a0)
    8000253e:	e44e                	sd	s3,8(sp)
    80002540:	01850993          	addi	s3,a0,24
    80002544:	048a                	slli	s1,s1,0x2
    80002546:	94ce                	add	s1,s1,s3
    80002548:	f022                	sd	s0,32(sp)
    8000254a:	ffc4a403          	lw	s0,-4(s1)
    8000254e:	e84a                	sd	s2,16(sp)
    80002550:	e052                	sd	s4,0(sp)
    80002552:	8522                	mv	a0,s0
    80002554:	8a2e                	mv	s4,a1
    80002556:	f406                	sd	ra,40(sp)
    80002558:	967ff0ef          	jal	80001ebe <__hi0bits>
    8000255c:	02000793          	li	a5,32
    80002560:	9f89                	subw	a5,a5,a0
    80002562:	00fa2023          	sw	a5,0(s4)
    80002566:	47a9                	li	a5,10
    80002568:	ffc48913          	addi	s2,s1,-4
    8000256c:	04a7c663          	blt	a5,a0,800025b8 <__b2d+0x80>
    80002570:	46ad                	li	a3,11
    80002572:	9e89                	subw	a3,a3,a0
    80002574:	3ff00737          	lui	a4,0x3ff00
    80002578:	00d457bb          	srlw	a5,s0,a3
    8000257c:	8fd9                	or	a5,a5,a4
    8000257e:	1782                	slli	a5,a5,0x20
    80002580:	4701                	li	a4,0
    80002582:	0129f463          	bgeu	s3,s2,8000258a <__b2d+0x52>
    80002586:	ff84a703          	lw	a4,-8(s1)
    8000258a:	2555                	addiw	a0,a0,21
    8000258c:	00d7573b          	srlw	a4,a4,a3
    80002590:	00a4143b          	sllw	s0,s0,a0
    80002594:	8c59                	or	s0,s0,a4
    80002596:	0004071b          	sext.w	a4,s0
    8000259a:	70a2                	ld	ra,40(sp)
    8000259c:	7402                	ld	s0,32(sp)
    8000259e:	1702                	slli	a4,a4,0x20
    800025a0:	9381                	srli	a5,a5,0x20
    800025a2:	9301                	srli	a4,a4,0x20
    800025a4:	1782                	slli	a5,a5,0x20
    800025a6:	8fd9                	or	a5,a5,a4
    800025a8:	64e2                	ld	s1,24(sp)
    800025aa:	6942                	ld	s2,16(sp)
    800025ac:	69a2                	ld	s3,8(sp)
    800025ae:	6a02                	ld	s4,0(sp)
    800025b0:	f2078553          	fmv.d.x	fa0,a5
    800025b4:	6145                	addi	sp,sp,48
    800025b6:	8082                	ret
    800025b8:	4701                	li	a4,0
    800025ba:	0129f663          	bgeu	s3,s2,800025c6 <__b2d+0x8e>
    800025be:	ff84a703          	lw	a4,-8(s1)
    800025c2:	ff848913          	addi	s2,s1,-8
    800025c6:	ff55059b          	addiw	a1,a0,-11
    800025ca:	c995                	beqz	a1,800025fe <__b2d+0xc6>
    800025cc:	02000613          	li	a2,32
    800025d0:	9e0d                	subw	a2,a2,a1
    800025d2:	00c757bb          	srlw	a5,a4,a2
    800025d6:	00b4143b          	sllw	s0,s0,a1
    800025da:	8c5d                	or	s0,s0,a5
    800025dc:	3ff007b7          	lui	a5,0x3ff00
    800025e0:	8c5d                	or	s0,s0,a5
    800025e2:	02041793          	slli	a5,s0,0x20
    800025e6:	4681                	li	a3,0
    800025e8:	0129f463          	bgeu	s3,s2,800025f0 <__b2d+0xb8>
    800025ec:	ffc92683          	lw	a3,-4(s2)
    800025f0:	00b7173b          	sllw	a4,a4,a1
    800025f4:	00c6d6bb          	srlw	a3,a3,a2
    800025f8:	8f55                	or	a4,a4,a3
    800025fa:	2701                	sext.w	a4,a4
    800025fc:	bf79                	j	8000259a <__b2d+0x62>
    800025fe:	3ff007b7          	lui	a5,0x3ff00
    80002602:	8c5d                	or	s0,s0,a5
    80002604:	02041793          	slli	a5,s0,0x20
    80002608:	bf49                	j	8000259a <__b2d+0x62>

000000008000260a <__d2b>:
    8000260a:	7139                	addi	sp,sp,-64
    8000260c:	ec4e                	sd	s3,24(sp)
    8000260e:	89ae                	mv	s3,a1
    80002610:	4585                	li	a1,1
    80002612:	f822                	sd	s0,48(sp)
    80002614:	f04a                	sd	s2,32(sp)
    80002616:	fc06                	sd	ra,56(sp)
    80002618:	f426                	sd	s1,40(sp)
    8000261a:	e852                	sd	s4,16(sp)
    8000261c:	e2050453          	fmv.x.d	s0,fa0
    80002620:	8932                	mv	s2,a2
    80002622:	e0aff0ef          	jal	80001c2c <_Balloc>
    80002626:	ed11                	bnez	a0,80002642 <__d2b+0x38>
    80002628:	00002697          	auipc	a3,0x2
    8000262c:	d0868693          	addi	a3,a3,-760 # 80004330 <__tbss_end+0x13a>
    80002630:	4601                	li	a2,0
    80002632:	30f00593          	li	a1,783
    80002636:	00002517          	auipc	a0,0x2
    8000263a:	d1250513          	addi	a0,a0,-750 # 80004348 <__tbss_end+0x152>
    8000263e:	71f000ef          	jal	8000355c <__assert_func>
    80002642:	42045493          	srai	s1,s0,0x20
    80002646:	02c49793          	slli	a5,s1,0x2c
    8000264a:	0144d49b          	srliw	s1,s1,0x14
    8000264e:	7ff4f493          	andi	s1,s1,2047
    80002652:	8a2a                	mv	s4,a0
    80002654:	93b1                	srli	a5,a5,0x2c
    80002656:	c481                	beqz	s1,8000265e <__d2b+0x54>
    80002658:	00100737          	lui	a4,0x100
    8000265c:	8fd9                	or	a5,a5,a4
    8000265e:	c63e                	sw	a5,12(sp)
    80002660:	2401                	sext.w	s0,s0
    80002662:	c035                	beqz	s0,800026c6 <__d2b+0xbc>
    80002664:	0028                	addi	a0,sp,8
    80002666:	c422                	sw	s0,8(sp)
    80002668:	8a5ff0ef          	jal	80001f0c <__lo0bits>
    8000266c:	46b2                	lw	a3,12(sp)
    8000266e:	4722                	lw	a4,8(sp)
    80002670:	c921                	beqz	a0,800026c0 <__d2b+0xb6>
    80002672:	02000793          	li	a5,32
    80002676:	9f89                	subw	a5,a5,a0
    80002678:	00f697bb          	sllw	a5,a3,a5
    8000267c:	8f5d                	or	a4,a4,a5
    8000267e:	00a6d6bb          	srlw	a3,a3,a0
    80002682:	00ea2c23          	sw	a4,24(s4)
    80002686:	c636                	sw	a3,12(sp)
    80002688:	4432                	lw	s0,12(sp)
    8000268a:	008a2e23          	sw	s0,28(s4)
    8000268e:	00803433          	snez	s0,s0
    80002692:	0405                	addi	s0,s0,1
    80002694:	008a2a23          	sw	s0,20(s4)
    80002698:	c0a9                	beqz	s1,800026da <__d2b+0xd0>
    8000269a:	bcd4849b          	addiw	s1,s1,-1075
    8000269e:	9ca9                	addw	s1,s1,a0
    800026a0:	0099a023          	sw	s1,0(s3)
    800026a4:	03500413          	li	s0,53
    800026a8:	9c09                	subw	s0,s0,a0
    800026aa:	00892023          	sw	s0,0(s2)
    800026ae:	70e2                	ld	ra,56(sp)
    800026b0:	7442                	ld	s0,48(sp)
    800026b2:	74a2                	ld	s1,40(sp)
    800026b4:	7902                	ld	s2,32(sp)
    800026b6:	69e2                	ld	s3,24(sp)
    800026b8:	8552                	mv	a0,s4
    800026ba:	6a42                	ld	s4,16(sp)
    800026bc:	6121                	addi	sp,sp,64
    800026be:	8082                	ret
    800026c0:	00ea2c23          	sw	a4,24(s4)
    800026c4:	b7d1                	j	80002688 <__d2b+0x7e>
    800026c6:	0068                	addi	a0,sp,12
    800026c8:	845ff0ef          	jal	80001f0c <__lo0bits>
    800026cc:	47b2                	lw	a5,12(sp)
    800026ce:	0205051b          	addiw	a0,a0,32
    800026d2:	4405                	li	s0,1
    800026d4:	00fa2c23          	sw	a5,24(s4)
    800026d8:	bf75                	j	80002694 <__d2b+0x8a>
    800026da:	bce5079b          	addiw	a5,a0,-1074
    800026de:	00f9a023          	sw	a5,0(s3)
    800026e2:	00241793          	slli	a5,s0,0x2
    800026e6:	97d2                	add	a5,a5,s4
    800026e8:	4bc8                	lw	a0,20(a5)
    800026ea:	0054141b          	slliw	s0,s0,0x5
    800026ee:	fd0ff0ef          	jal	80001ebe <__hi0bits>
    800026f2:	bf5d                	j	800026a8 <__d2b+0x9e>

00000000800026f4 <__ratio>:
    800026f4:	7139                	addi	sp,sp,-64
    800026f6:	f04a                	sd	s2,32(sp)
    800026f8:	892e                	mv	s2,a1
    800026fa:	002c                	addi	a1,sp,8
    800026fc:	fc06                	sd	ra,56(sp)
    800026fe:	f426                	sd	s1,40(sp)
    80002700:	ec4e                	sd	s3,24(sp)
    80002702:	f822                	sd	s0,48(sp)
    80002704:	89aa                	mv	s3,a0
    80002706:	e33ff0ef          	jal	80002538 <__b2d>
    8000270a:	006c                	addi	a1,sp,12
    8000270c:	854a                	mv	a0,s2
    8000270e:	e20504d3          	fmv.x.d	s1,fa0
    80002712:	e27ff0ef          	jal	80002538 <__b2d>
    80002716:	01492603          	lw	a2,20(s2)
    8000271a:	0149a783          	lw	a5,20(s3)
    8000271e:	45b2                	lw	a1,12(sp)
    80002720:	e20506d3          	fmv.x.d	a3,fa0
    80002724:	9f91                	subw	a5,a5,a2
    80002726:	4622                	lw	a2,8(sp)
    80002728:	0057979b          	slliw	a5,a5,0x5
    8000272c:	9e0d                	subw	a2,a2,a1
    8000272e:	9e3d                	addw	a2,a2,a5
    80002730:	02c05a63          	blez	a2,80002764 <__ratio+0x70>
    80002734:	8736                	mv	a4,a3
    80002736:	0146179b          	slliw	a5,a2,0x14
    8000273a:	0204d693          	srli	a3,s1,0x20
    8000273e:	547d                	li	s0,-1
    80002740:	9fb5                	addw	a5,a5,a3
    80002742:	9001                	srli	s0,s0,0x20
    80002744:	1782                	slli	a5,a5,0x20
    80002746:	8c65                	and	s0,s0,s1
    80002748:	8c5d                	or	s0,s0,a5
    8000274a:	f20407d3          	fmv.d.x	fa5,s0
    8000274e:	70e2                	ld	ra,56(sp)
    80002750:	7442                	ld	s0,48(sp)
    80002752:	f2070753          	fmv.d.x	fa4,a4
    80002756:	74a2                	ld	s1,40(sp)
    80002758:	7902                	ld	s2,32(sp)
    8000275a:	69e2                	ld	s3,24(sp)
    8000275c:	1ae7f553          	fdiv.d	fa0,fa5,fa4
    80002760:	6121                	addi	sp,sp,64
    80002762:	8082                	ret
    80002764:	fff00737          	lui	a4,0xfff00
    80002768:	02c707bb          	mulw	a5,a4,a2
    8000276c:	0206d713          	srli	a4,a3,0x20
    80002770:	8426                	mv	s0,s1
    80002772:	9fb9                	addw	a5,a5,a4
    80002774:	577d                	li	a4,-1
    80002776:	9301                	srli	a4,a4,0x20
    80002778:	1782                	slli	a5,a5,0x20
    8000277a:	8f75                	and	a4,a4,a3
    8000277c:	8f5d                	or	a4,a4,a5
    8000277e:	b7f1                	j	8000274a <__ratio+0x56>

0000000080002780 <_mprec_log10>:
    80002780:	47dd                	li	a5,23
    80002782:	00a7ca63          	blt	a5,a0,80002796 <_mprec_log10+0x16>
    80002786:	050e                	slli	a0,a0,0x3
    80002788:	00002797          	auipc	a5,0x2
    8000278c:	f7878793          	addi	a5,a5,-136 # 80004700 <__mprec_tens>
    80002790:	97aa                	add	a5,a5,a0
    80002792:	2388                	fld	fa0,0(a5)
    80002794:	8082                	ret
    80002796:	00002797          	auipc	a5,0x2
    8000279a:	4627b507          	fld	fa0,1122(a5) # 80004bf8 <__atexit_dummy+0x40>
    8000279e:	00002797          	auipc	a5,0x2
    800027a2:	42a7b787          	fld	fa5,1066(a5) # 80004bc8 <__atexit_dummy+0x10>
    800027a6:	357d                	addiw	a0,a0,-1
    800027a8:	12f57553          	fmul.d	fa0,fa0,fa5
    800027ac:	fd6d                	bnez	a0,800027a6 <_mprec_log10+0x26>
    800027ae:	8082                	ret

00000000800027b0 <__copybits>:
    800027b0:	fff5879b          	addiw	a5,a1,-1
    800027b4:	4a58                	lw	a4,20(a2)
    800027b6:	4057d79b          	sraiw	a5,a5,0x5
    800027ba:	2785                	addiw	a5,a5,1
    800027bc:	078a                	slli	a5,a5,0x2
    800027be:	01860693          	addi	a3,a2,24
    800027c2:	070a                	slli	a4,a4,0x2
    800027c4:	97aa                	add	a5,a5,a0
    800027c6:	9736                	add	a4,a4,a3
    800027c8:	85aa                	mv	a1,a0
    800027ca:	00e6ef63          	bltu	a3,a4,800027e8 <__copybits+0x38>
    800027ce:	01560693          	addi	a3,a2,21
    800027d2:	4581                	li	a1,0
    800027d4:	00d76663          	bltu	a4,a3,800027e0 <__copybits+0x30>
    800027d8:	8f11                	sub	a4,a4,a2
    800027da:	172d                	addi	a4,a4,-21 # ffffffffffefffeb <__heap_end+0xffffffff7fedafeb>
    800027dc:	ffc77593          	andi	a1,a4,-4
    800027e0:	952e                	add	a0,a0,a1
    800027e2:	00f56a63          	bltu	a0,a5,800027f6 <__copybits+0x46>
    800027e6:	8082                	ret
    800027e8:	0006a803          	lw	a6,0(a3)
    800027ec:	0691                	addi	a3,a3,4
    800027ee:	0105a023          	sw	a6,0(a1)
    800027f2:	0591                	addi	a1,a1,4
    800027f4:	bfd9                	j	800027ca <__copybits+0x1a>
    800027f6:	00052023          	sw	zero,0(a0)
    800027fa:	0511                	addi	a0,a0,4
    800027fc:	b7dd                	j	800027e2 <__copybits+0x32>

00000000800027fe <__any_on>:
    800027fe:	4954                	lw	a3,20(a0)
    80002800:	4055d793          	srai	a5,a1,0x5
    80002804:	01850713          	addi	a4,a0,24
    80002808:	02f6c763          	blt	a3,a5,80002836 <__any_on+0x38>
    8000280c:	00d7df63          	bge	a5,a3,8000282a <__any_on+0x2c>
    80002810:	89fd                	andi	a1,a1,31
    80002812:	cd81                	beqz	a1,8000282a <__any_on+0x2c>
    80002814:	00279693          	slli	a3,a5,0x2
    80002818:	96ba                	add	a3,a3,a4
    8000281a:	4290                	lw	a2,0(a3)
    8000281c:	4505                	li	a0,1
    8000281e:	00b656bb          	srlw	a3,a2,a1
    80002822:	00b696bb          	sllw	a3,a3,a1
    80002826:	00c69e63          	bne	a3,a2,80002842 <__any_on+0x44>
    8000282a:	078a                	slli	a5,a5,0x2
    8000282c:	97ba                	add	a5,a5,a4
    8000282e:	00f76663          	bltu	a4,a5,8000283a <__any_on+0x3c>
    80002832:	4501                	li	a0,0
    80002834:	8082                	ret
    80002836:	87b6                	mv	a5,a3
    80002838:	bfcd                	j	8000282a <__any_on+0x2c>
    8000283a:	17f1                	addi	a5,a5,-4
    8000283c:	4394                	lw	a3,0(a5)
    8000283e:	dae5                	beqz	a3,8000282e <__any_on+0x30>
    80002840:	4505                	li	a0,1
    80002842:	8082                	ret

0000000080002844 <__sfputc_r>:
    80002844:	465c                	lw	a5,12(a2)
    80002846:	fff7871b          	addiw	a4,a5,-1
    8000284a:	c658                	sw	a4,12(a2)
    8000284c:	00075a63          	bgez	a4,80002860 <__sfputc_r+0x1c>
    80002850:	561c                	lw	a5,40(a2)
    80002852:	00f74563          	blt	a4,a5,8000285c <__sfputc_r+0x18>
    80002856:	47a9                	li	a5,10
    80002858:	00f59463          	bne	a1,a5,80002860 <__sfputc_r+0x1c>
    8000285c:	1110006f          	j	8000316c <__swbuf_r>
    80002860:	621c                	ld	a5,0(a2)
    80002862:	852e                	mv	a0,a1
    80002864:	00178713          	addi	a4,a5,1
    80002868:	e218                	sd	a4,0(a2)
    8000286a:	00b78023          	sb	a1,0(a5)
    8000286e:	8082                	ret

0000000080002870 <__sfputs_r>:
    80002870:	7179                	addi	sp,sp,-48
    80002872:	f022                	sd	s0,32(sp)
    80002874:	ec26                	sd	s1,24(sp)
    80002876:	e84a                	sd	s2,16(sp)
    80002878:	e44e                	sd	s3,8(sp)
    8000287a:	e052                	sd	s4,0(sp)
    8000287c:	f406                	sd	ra,40(sp)
    8000287e:	892a                	mv	s2,a0
    80002880:	89ae                	mv	s3,a1
    80002882:	8432                	mv	s0,a2
    80002884:	00d604b3          	add	s1,a2,a3
    80002888:	5a7d                	li	s4,-1
    8000288a:	00941463          	bne	s0,s1,80002892 <__sfputs_r+0x22>
    8000288e:	4501                	li	a0,0
    80002890:	a811                	j	800028a4 <__sfputs_r+0x34>
    80002892:	00044583          	lbu	a1,0(s0)
    80002896:	864e                	mv	a2,s3
    80002898:	854a                	mv	a0,s2
    8000289a:	fabff0ef          	jal	80002844 <__sfputc_r>
    8000289e:	0405                	addi	s0,s0,1
    800028a0:	ff4515e3          	bne	a0,s4,8000288a <__sfputs_r+0x1a>
    800028a4:	70a2                	ld	ra,40(sp)
    800028a6:	7402                	ld	s0,32(sp)
    800028a8:	64e2                	ld	s1,24(sp)
    800028aa:	6942                	ld	s2,16(sp)
    800028ac:	69a2                	ld	s3,8(sp)
    800028ae:	6a02                	ld	s4,0(sp)
    800028b0:	6145                	addi	sp,sp,48
    800028b2:	8082                	ret

00000000800028b4 <__sprint_r>:
    800028b4:	6a1c                	ld	a5,16(a2)
    800028b6:	1141                	addi	sp,sp,-16
    800028b8:	e022                	sd	s0,0(sp)
    800028ba:	e406                	sd	ra,8(sp)
    800028bc:	8432                	mv	s0,a2
    800028be:	cb99                	beqz	a5,800028d4 <__sprint_r+0x20>
    800028c0:	4a8000ef          	jal	80002d68 <__sfvwrite_r>
    800028c4:	00043823          	sd	zero,16(s0)
    800028c8:	60a2                	ld	ra,8(sp)
    800028ca:	00042423          	sw	zero,8(s0)
    800028ce:	6402                	ld	s0,0(sp)
    800028d0:	0141                	addi	sp,sp,16
    800028d2:	8082                	ret
    800028d4:	4501                	li	a0,0
    800028d6:	bfcd                	j	800028c8 <__sprint_r+0x14>

00000000800028d8 <_vfiprintf_r>:
    800028d8:	7155                	addi	sp,sp,-208
    800028da:	e1a2                	sd	s0,192(sp)
    800028dc:	fd26                	sd	s1,184(sp)
    800028de:	f94a                	sd	s2,176(sp)
    800028e0:	f54e                	sd	s3,168(sp)
    800028e2:	f152                	sd	s4,160(sp)
    800028e4:	e586                	sd	ra,200(sp)
    800028e6:	ed56                	sd	s5,152(sp)
    800028e8:	e95a                	sd	s6,144(sp)
    800028ea:	e55e                	sd	s7,136(sp)
    800028ec:	e162                	sd	s8,128(sp)
    800028ee:	fce6                	sd	s9,120(sp)
    800028f0:	f8ea                	sd	s10,112(sp)
    800028f2:	8a2a                	mv	s4,a0
    800028f4:	892e                	mv	s2,a1
    800028f6:	84b2                	mv	s1,a2
    800028f8:	8436                	mv	s0,a3
    800028fa:	4981                	li	s3,0
    800028fc:	c509                	beqz	a0,80002906 <_vfiprintf_r+0x2e>
    800028fe:	613c                	ld	a5,64(a0)
    80002900:	e399                	bnez	a5,80002906 <_vfiprintf_r+0x2e>
    80002902:	422000ef          	jal	80002d24 <__sinit>
    80002906:	01095783          	lhu	a5,16(s2)
    8000290a:	8ba1                	andi	a5,a5,8
    8000290c:	cbe1                	beqz	a5,800029dc <_vfiprintf_r+0x104>
    8000290e:	01893783          	ld	a5,24(s2)
    80002912:	c7e9                	beqz	a5,800029dc <_vfiprintf_r+0x104>
    80002914:	02000793          	li	a5,32
    80002918:	02f104a3          	sb	a5,41(sp)
    8000291c:	5afd                	li	s5,-1
    8000291e:	03000793          	li	a5,48
    80002922:	d202                	sw	zero,36(sp)
    80002924:	02f10523          	sb	a5,42(sp)
    80002928:	e422                	sd	s0,8(sp)
    8000292a:	02500b93          	li	s7,37
    8000292e:	020a9c13          	slli	s8,s5,0x20
    80002932:	00002b17          	auipc	s6,0x2
    80002936:	aa6b0b13          	addi	s6,s6,-1370 # 800043d8 <__tbss_end+0x1e2>
    8000293a:	4c85                	li	s9,1
    8000293c:	8426                	mv	s0,s1
    8000293e:	00044783          	lbu	a5,0(s0)
    80002942:	c399                	beqz	a5,80002948 <_vfiprintf_r+0x70>
    80002944:	0d779063          	bne	a5,s7,80002a04 <_vfiprintf_r+0x12c>
    80002948:	40940d3b          	subw	s10,s0,s1
    8000294c:	000d0e63          	beqz	s10,80002968 <_vfiprintf_r+0x90>
    80002950:	86ea                	mv	a3,s10
    80002952:	8626                	mv	a2,s1
    80002954:	85ca                	mv	a1,s2
    80002956:	8552                	mv	a0,s4
    80002958:	f19ff0ef          	jal	80002870 <__sfputs_r>
    8000295c:	1d550963          	beq	a0,s5,80002b2e <_vfiprintf_r+0x256>
    80002960:	5792                	lw	a5,36(sp)
    80002962:	01a787bb          	addw	a5,a5,s10
    80002966:	d23e                	sw	a5,36(sp)
    80002968:	00044783          	lbu	a5,0(s0)
    8000296c:	1c078163          	beqz	a5,80002b2e <_vfiprintf_r+0x256>
    80002970:	00140493          	addi	s1,s0,1
    80002974:	e862                	sd	s8,16(sp)
    80002976:	ec02                	sd	zero,24(sp)
    80002978:	040109a3          	sb	zero,83(sp)
    8000297c:	d482                	sw	zero,104(sp)
    8000297e:	0004c583          	lbu	a1,0(s1)
    80002982:	4615                	li	a2,5
    80002984:	855a                	mv	a0,s6
    80002986:	ca2fe0ef          	jal	80000e28 <memchr>
    8000298a:	47c2                	lw	a5,16(sp)
    8000298c:	00148413          	addi	s0,s1,1
    80002990:	ed25                	bnez	a0,80002a08 <_vfiprintf_r+0x130>
    80002992:	0107f713          	andi	a4,a5,16
    80002996:	c709                	beqz	a4,800029a0 <_vfiprintf_r+0xc8>
    80002998:	02000713          	li	a4,32
    8000299c:	04e109a3          	sb	a4,83(sp)
    800029a0:	0087f713          	andi	a4,a5,8
    800029a4:	c709                	beqz	a4,800029ae <_vfiprintf_r+0xd6>
    800029a6:	02b00713          	li	a4,43
    800029aa:	04e109a3          	sb	a4,83(sp)
    800029ae:	0004c683          	lbu	a3,0(s1)
    800029b2:	02a00713          	li	a4,42
    800029b6:	06e68163          	beq	a3,a4,80002a18 <_vfiprintf_r+0x140>
    800029ba:	47f2                	lw	a5,28(sp)
    800029bc:	8426                	mv	s0,s1
    800029be:	4681                	li	a3,0
    800029c0:	4625                	li	a2,9
    800029c2:	4829                	li	a6,10
    800029c4:	00044703          	lbu	a4,0(s0)
    800029c8:	00140513          	addi	a0,s0,1
    800029cc:	fd07059b          	addiw	a1,a4,-48
    800029d0:	872e                	mv	a4,a1
    800029d2:	08b67a63          	bgeu	a2,a1,80002a66 <_vfiprintf_r+0x18e>
    800029d6:	caa9                	beqz	a3,80002a28 <_vfiprintf_r+0x150>
    800029d8:	ce3e                	sw	a5,28(sp)
    800029da:	a0b9                	j	80002a28 <_vfiprintf_r+0x150>
    800029dc:	85ca                	mv	a1,s2
    800029de:	8552                	mv	a0,s4
    800029e0:	037000ef          	jal	80003216 <__swsetup_r>
    800029e4:	d905                	beqz	a0,80002914 <_vfiprintf_r+0x3c>
    800029e6:	557d                	li	a0,-1
    800029e8:	60ae                	ld	ra,200(sp)
    800029ea:	640e                	ld	s0,192(sp)
    800029ec:	74ea                	ld	s1,184(sp)
    800029ee:	794a                	ld	s2,176(sp)
    800029f0:	79aa                	ld	s3,168(sp)
    800029f2:	7a0a                	ld	s4,160(sp)
    800029f4:	6aea                	ld	s5,152(sp)
    800029f6:	6b4a                	ld	s6,144(sp)
    800029f8:	6baa                	ld	s7,136(sp)
    800029fa:	6c0a                	ld	s8,128(sp)
    800029fc:	7ce6                	ld	s9,120(sp)
    800029fe:	7d46                	ld	s10,112(sp)
    80002a00:	6169                	addi	sp,sp,208
    80002a02:	8082                	ret
    80002a04:	0405                	addi	s0,s0,1
    80002a06:	bf25                	j	8000293e <_vfiprintf_r+0x66>
    80002a08:	41650533          	sub	a0,a0,s6
    80002a0c:	00ac953b          	sllw	a0,s9,a0
    80002a10:	8fc9                	or	a5,a5,a0
    80002a12:	c83e                	sw	a5,16(sp)
    80002a14:	84a2                	mv	s1,s0
    80002a16:	b7a5                	j	8000297e <_vfiprintf_r+0xa6>
    80002a18:	6722                	ld	a4,8(sp)
    80002a1a:	00870693          	addi	a3,a4,8
    80002a1e:	4318                	lw	a4,0(a4)
    80002a20:	e436                	sd	a3,8(sp)
    80002a22:	02074b63          	bltz	a4,80002a58 <_vfiprintf_r+0x180>
    80002a26:	ce3a                	sw	a4,28(sp)
    80002a28:	00044703          	lbu	a4,0(s0)
    80002a2c:	02e00793          	li	a5,46
    80002a30:	06f71163          	bne	a4,a5,80002a92 <_vfiprintf_r+0x1ba>
    80002a34:	00144703          	lbu	a4,1(s0)
    80002a38:	02a00793          	li	a5,42
    80002a3c:	02f71b63          	bne	a4,a5,80002a72 <_vfiprintf_r+0x19a>
    80002a40:	67a2                	ld	a5,8(sp)
    80002a42:	0409                	addi	s0,s0,2
    80002a44:	00878713          	addi	a4,a5,8
    80002a48:	e43a                	sd	a4,8(sp)
    80002a4a:	4398                	lw	a4,0(a5)
    80002a4c:	87ba                	mv	a5,a4
    80002a4e:	00075363          	bgez	a4,80002a54 <_vfiprintf_r+0x17c>
    80002a52:	57fd                	li	a5,-1
    80002a54:	ca3e                	sw	a5,20(sp)
    80002a56:	a835                	j	80002a92 <_vfiprintf_r+0x1ba>
    80002a58:	40e0073b          	negw	a4,a4
    80002a5c:	0027e793          	ori	a5,a5,2
    80002a60:	ce3a                	sw	a4,28(sp)
    80002a62:	c83e                	sw	a5,16(sp)
    80002a64:	b7d1                	j	80002a28 <_vfiprintf_r+0x150>
    80002a66:	02f807bb          	mulw	a5,a6,a5
    80002a6a:	842a                	mv	s0,a0
    80002a6c:	4685                	li	a3,1
    80002a6e:	9fb9                	addw	a5,a5,a4
    80002a70:	bf91                	j	800029c4 <_vfiprintf_r+0xec>
    80002a72:	0405                	addi	s0,s0,1
    80002a74:	ca02                	sw	zero,20(sp)
    80002a76:	4681                	li	a3,0
    80002a78:	4781                	li	a5,0
    80002a7a:	4625                	li	a2,9
    80002a7c:	4829                	li	a6,10
    80002a7e:	00044703          	lbu	a4,0(s0)
    80002a82:	00140513          	addi	a0,s0,1
    80002a86:	fd07059b          	addiw	a1,a4,-48
    80002a8a:	872e                	mv	a4,a1
    80002a8c:	06b67e63          	bgeu	a2,a1,80002b08 <_vfiprintf_r+0x230>
    80002a90:	f2f1                	bnez	a3,80002a54 <_vfiprintf_r+0x17c>
    80002a92:	00044583          	lbu	a1,0(s0)
    80002a96:	460d                	li	a2,3
    80002a98:	00002517          	auipc	a0,0x2
    80002a9c:	94850513          	addi	a0,a0,-1720 # 800043e0 <__tbss_end+0x1ea>
    80002aa0:	b88fe0ef          	jal	80000e28 <memchr>
    80002aa4:	cd11                	beqz	a0,80002ac0 <_vfiprintf_r+0x1e8>
    80002aa6:	00002797          	auipc	a5,0x2
    80002aaa:	93a78793          	addi	a5,a5,-1734 # 800043e0 <__tbss_end+0x1ea>
    80002aae:	8d1d                	sub	a0,a0,a5
    80002ab0:	47c2                	lw	a5,16(sp)
    80002ab2:	04000713          	li	a4,64
    80002ab6:	00a7173b          	sllw	a4,a4,a0
    80002aba:	8fd9                	or	a5,a5,a4
    80002abc:	0405                	addi	s0,s0,1
    80002abe:	c83e                	sw	a5,16(sp)
    80002ac0:	00044583          	lbu	a1,0(s0)
    80002ac4:	4619                	li	a2,6
    80002ac6:	00002517          	auipc	a0,0x2
    80002aca:	92250513          	addi	a0,a0,-1758 # 800043e8 <__tbss_end+0x1f2>
    80002ace:	00140493          	addi	s1,s0,1
    80002ad2:	02b10423          	sb	a1,40(sp)
    80002ad6:	b52fe0ef          	jal	80000e28 <memchr>
    80002ada:	c135                	beqz	a0,80002b3e <_vfiprintf_r+0x266>
    80002adc:	ffffe797          	auipc	a5,0xffffe
    80002ae0:	ac278793          	addi	a5,a5,-1342 # 8000059e <_printf_float>
    80002ae4:	eb85                	bnez	a5,80002b14 <_vfiprintf_r+0x23c>
    80002ae6:	4742                	lw	a4,16(sp)
    80002ae8:	67a2                	ld	a5,8(sp)
    80002aea:	10077713          	andi	a4,a4,256
    80002aee:	00878693          	addi	a3,a5,8
    80002af2:	c709                	beqz	a4,80002afc <_vfiprintf_r+0x224>
    80002af4:	07bd                	addi	a5,a5,15
    80002af6:	9bc1                	andi	a5,a5,-16
    80002af8:	01078693          	addi	a3,a5,16
    80002afc:	e436                	sd	a3,8(sp)
    80002afe:	5792                	lw	a5,36(sp)
    80002b00:	013787bb          	addw	a5,a5,s3
    80002b04:	d23e                	sw	a5,36(sp)
    80002b06:	bd1d                	j	8000293c <_vfiprintf_r+0x64>
    80002b08:	02f807bb          	mulw	a5,a6,a5
    80002b0c:	842a                	mv	s0,a0
    80002b0e:	4685                	li	a3,1
    80002b10:	9fb9                	addw	a5,a5,a4
    80002b12:	b7b5                	j	80002a7e <_vfiprintf_r+0x1a6>
    80002b14:	0038                	addi	a4,sp,8
    80002b16:	00000697          	auipc	a3,0x0
    80002b1a:	d5a68693          	addi	a3,a3,-678 # 80002870 <__sfputs_r>
    80002b1e:	864a                	mv	a2,s2
    80002b20:	080c                	addi	a1,sp,16
    80002b22:	8552                	mv	a0,s4
    80002b24:	a7bfd0ef          	jal	8000059e <_printf_float>
    80002b28:	89aa                	mv	s3,a0
    80002b2a:	fd551ae3          	bne	a0,s5,80002afe <_vfiprintf_r+0x226>
    80002b2e:	01095783          	lhu	a5,16(s2)
    80002b32:	0407f793          	andi	a5,a5,64
    80002b36:	ea0798e3          	bnez	a5,800029e6 <_vfiprintf_r+0x10e>
    80002b3a:	5512                	lw	a0,36(sp)
    80002b3c:	b575                	j	800029e8 <_vfiprintf_r+0x110>
    80002b3e:	0038                	addi	a4,sp,8
    80002b40:	00000697          	auipc	a3,0x0
    80002b44:	d3068693          	addi	a3,a3,-720 # 80002870 <__sfputs_r>
    80002b48:	864a                	mv	a2,s2
    80002b4a:	080c                	addi	a1,sp,16
    80002b4c:	8552                	mv	a0,s4
    80002b4e:	800fe0ef          	jal	80000b4e <_printf_i>
    80002b52:	bfd9                	j	80002b28 <_vfiprintf_r+0x250>

0000000080002b54 <vfiprintf>:
    80002b54:	86b2                	mv	a3,a2
    80002b56:	862e                	mv	a2,a1
    80002b58:	85aa                	mv	a1,a0
    80002b5a:	00002517          	auipc	a0,0x2
    80002b5e:	04653503          	ld	a0,70(a0) # 80004ba0 <_impure_ptr>
    80002b62:	bb9d                	j	800028d8 <_vfiprintf_r>

0000000080002b64 <__fp_lock>:
    80002b64:	4501                	li	a0,0
    80002b66:	8082                	ret

0000000080002b68 <std>:
    80002b68:	1141                	addi	sp,sp,-16
    80002b6a:	e022                	sd	s0,0(sp)
    80002b6c:	e406                	sd	ra,8(sp)
    80002b6e:	842a                	mv	s0,a0
    80002b70:	00b51823          	sh	a1,16(a0)
    80002b74:	00c51923          	sh	a2,18(a0)
    80002b78:	00053023          	sd	zero,0(a0)
    80002b7c:	00053423          	sd	zero,8(a0)
    80002b80:	0a052623          	sw	zero,172(a0)
    80002b84:	00053c23          	sd	zero,24(a0)
    80002b88:	02052023          	sw	zero,32(a0)
    80002b8c:	02052423          	sw	zero,40(a0)
    80002b90:	4621                	li	a2,8
    80002b92:	4581                	li	a1,0
    80002b94:	0a450513          	addi	a0,a0,164
    80002b98:	187000ef          	jal	8000351e <memset>
    80002b9c:	00000797          	auipc	a5,0x0
    80002ba0:	50c78793          	addi	a5,a5,1292 # 800030a8 <__sread>
    80002ba4:	e03c                	sd	a5,64(s0)
    80002ba6:	00000797          	auipc	a5,0x0
    80002baa:	53878793          	addi	a5,a5,1336 # 800030de <__swrite>
    80002bae:	e43c                	sd	a5,72(s0)
    80002bb0:	00000797          	auipc	a5,0x0
    80002bb4:	57e78793          	addi	a5,a5,1406 # 8000312e <__sseek>
    80002bb8:	e83c                	sd	a5,80(s0)
    80002bba:	00000797          	auipc	a5,0x0
    80002bbe:	5ac78793          	addi	a5,a5,1452 # 80003166 <__sclose>
    80002bc2:	60a2                	ld	ra,8(sp)
    80002bc4:	fc00                	sd	s0,56(s0)
    80002bc6:	ec3c                	sd	a5,88(s0)
    80002bc8:	6402                	ld	s0,0(sp)
    80002bca:	0141                	addi	sp,sp,16
    80002bcc:	8082                	ret

0000000080002bce <stdio_exit_handler>:
    80002bce:	00002617          	auipc	a2,0x2
    80002bd2:	e1260613          	addi	a2,a2,-494 # 800049e0 <__sglue>
    80002bd6:	00001597          	auipc	a1,0x1
    80002bda:	cda58593          	addi	a1,a1,-806 # 800038b0 <_fflush_r>
    80002bde:	00002517          	auipc	a0,0x2
    80002be2:	d7250513          	addi	a0,a0,-654 # 80004950 <_impure_data>
    80002be6:	a9a1                	j	8000303e <_fwalk_sglue>

0000000080002be8 <cleanup_stdio>:
    80002be8:	650c                	ld	a1,8(a0)
    80002bea:	1141                	addi	sp,sp,-16
    80002bec:	e022                	sd	s0,0(sp)
    80002bee:	e406                	sd	ra,8(sp)
    80002bf0:	00002797          	auipc	a5,0x2
    80002bf4:	06878793          	addi	a5,a5,104 # 80004c58 <__sf>
    80002bf8:	842a                	mv	s0,a0
    80002bfa:	00f58463          	beq	a1,a5,80002c02 <cleanup_stdio+0x1a>
    80002bfe:	4b3000ef          	jal	800038b0 <_fflush_r>
    80002c02:	680c                	ld	a1,16(s0)
    80002c04:	96818793          	addi	a5,gp,-1688 # 80004d08 <__sf+0xb0>
    80002c08:	00f58563          	beq	a1,a5,80002c12 <cleanup_stdio+0x2a>
    80002c0c:	8522                	mv	a0,s0
    80002c0e:	4a3000ef          	jal	800038b0 <_fflush_r>
    80002c12:	6c0c                	ld	a1,24(s0)
    80002c14:	a1818793          	addi	a5,gp,-1512 # 80004db8 <__sf+0x160>
    80002c18:	00f58863          	beq	a1,a5,80002c28 <cleanup_stdio+0x40>
    80002c1c:	8522                	mv	a0,s0
    80002c1e:	6402                	ld	s0,0(sp)
    80002c20:	60a2                	ld	ra,8(sp)
    80002c22:	0141                	addi	sp,sp,16
    80002c24:	48d0006f          	j	800038b0 <_fflush_r>
    80002c28:	60a2                	ld	ra,8(sp)
    80002c2a:	6402                	ld	s0,0(sp)
    80002c2c:	0141                	addi	sp,sp,16
    80002c2e:	8082                	ret

0000000080002c30 <global_stdio_init.part.0>:
    80002c30:	1141                	addi	sp,sp,-16
    80002c32:	00000797          	auipc	a5,0x0
    80002c36:	f9c78793          	addi	a5,a5,-100 # 80002bce <stdio_exit_handler>
    80002c3a:	4601                	li	a2,0
    80002c3c:	4591                	li	a1,4
    80002c3e:	00002517          	auipc	a0,0x2
    80002c42:	01a50513          	addi	a0,a0,26 # 80004c58 <__sf>
    80002c46:	e406                	sd	ra,8(sp)
    80002c48:	88f1b423          	sd	a5,-1912(gp) # 80004c28 <__stdio_exit_handler>
    80002c4c:	f1dff0ef          	jal	80002b68 <std>
    80002c50:	4605                	li	a2,1
    80002c52:	45a5                	li	a1,9
    80002c54:	96818513          	addi	a0,gp,-1688 # 80004d08 <__sf+0xb0>
    80002c58:	f11ff0ef          	jal	80002b68 <std>
    80002c5c:	60a2                	ld	ra,8(sp)
    80002c5e:	4609                	li	a2,2
    80002c60:	45c9                	li	a1,18
    80002c62:	a1818513          	addi	a0,gp,-1512 # 80004db8 <__sf+0x160>
    80002c66:	0141                	addi	sp,sp,16
    80002c68:	b701                	j	80002b68 <std>

0000000080002c6a <__fp_unlock>:
    80002c6a:	4501                	li	a0,0
    80002c6c:	8082                	ret

0000000080002c6e <__sfp>:
    80002c6e:	1101                	addi	sp,sp,-32
    80002c70:	e04a                	sd	s2,0(sp)
    80002c72:	ec06                	sd	ra,24(sp)
    80002c74:	e822                	sd	s0,16(sp)
    80002c76:	e426                	sd	s1,8(sp)
    80002c78:	8881b783          	ld	a5,-1912(gp) # 80004c28 <__stdio_exit_handler>
    80002c7c:	892a                	mv	s2,a0
    80002c7e:	e399                	bnez	a5,80002c84 <__sfp+0x16>
    80002c80:	fb1ff0ef          	jal	80002c30 <global_stdio_init.part.0>
    80002c84:	00002497          	auipc	s1,0x2
    80002c88:	d5c48493          	addi	s1,s1,-676 # 800049e0 <__sglue>
    80002c8c:	6880                	ld	s0,16(s1)
    80002c8e:	449c                	lw	a5,8(s1)
    80002c90:	37fd                	addiw	a5,a5,-1
    80002c92:	0207d163          	bgez	a5,80002cb4 <__sfp+0x46>
    80002c96:	609c                	ld	a5,0(s1)
    80002c98:	e7c1                	bnez	a5,80002d20 <__sfp+0xb2>
    80002c9a:	2d800593          	li	a1,728
    80002c9e:	854a                	mv	a0,s2
    80002ca0:	e59fe0ef          	jal	80001af8 <_malloc_r>
    80002ca4:	842a                	mv	s0,a0
    80002ca6:	e12d                	bnez	a0,80002d08 <__sfp+0x9a>
    80002ca8:	0004b023          	sd	zero,0(s1)
    80002cac:	47b1                	li	a5,12
    80002cae:	00f92023          	sw	a5,0(s2)
    80002cb2:	a089                	j	80002cf4 <__sfp+0x86>
    80002cb4:	01041703          	lh	a4,16(s0)
    80002cb8:	e729                	bnez	a4,80002d02 <__sfp+0x94>
    80002cba:	77c1                	lui	a5,0xffff0
    80002cbc:	0785                	addi	a5,a5,1 # ffffffffffff0001 <__heap_end+0xffffffff7ffcb001>
    80002cbe:	0a042623          	sw	zero,172(s0)
    80002cc2:	00043023          	sd	zero,0(s0)
    80002cc6:	00043423          	sd	zero,8(s0)
    80002cca:	c81c                	sw	a5,16(s0)
    80002ccc:	00043c23          	sd	zero,24(s0)
    80002cd0:	02042023          	sw	zero,32(s0)
    80002cd4:	02042423          	sw	zero,40(s0)
    80002cd8:	4621                	li	a2,8
    80002cda:	4581                	li	a1,0
    80002cdc:	0a440513          	addi	a0,s0,164
    80002ce0:	03f000ef          	jal	8000351e <memset>
    80002ce4:	06043023          	sd	zero,96(s0)
    80002ce8:	06042423          	sw	zero,104(s0)
    80002cec:	08043023          	sd	zero,128(s0)
    80002cf0:	08042423          	sw	zero,136(s0)
    80002cf4:	60e2                	ld	ra,24(sp)
    80002cf6:	8522                	mv	a0,s0
    80002cf8:	6442                	ld	s0,16(sp)
    80002cfa:	64a2                	ld	s1,8(sp)
    80002cfc:	6902                	ld	s2,0(sp)
    80002cfe:	6105                	addi	sp,sp,32
    80002d00:	8082                	ret
    80002d02:	0b040413          	addi	s0,s0,176
    80002d06:	b769                	j	80002c90 <__sfp+0x22>
    80002d08:	4791                	li	a5,4
    80002d0a:	00053023          	sd	zero,0(a0)
    80002d0e:	c51c                	sw	a5,8(a0)
    80002d10:	0561                	addi	a0,a0,24
    80002d12:	e808                	sd	a0,16(s0)
    80002d14:	2c000613          	li	a2,704
    80002d18:	4581                	li	a1,0
    80002d1a:	005000ef          	jal	8000351e <memset>
    80002d1e:	e080                	sd	s0,0(s1)
    80002d20:	6084                	ld	s1,0(s1)
    80002d22:	b7ad                	j	80002c8c <__sfp+0x1e>

0000000080002d24 <__sinit>:
    80002d24:	613c                	ld	a5,64(a0)
    80002d26:	eb91                	bnez	a5,80002d3a <__sinit+0x16>
    80002d28:	00000797          	auipc	a5,0x0
    80002d2c:	ec078793          	addi	a5,a5,-320 # 80002be8 <cleanup_stdio>
    80002d30:	e13c                	sd	a5,64(a0)
    80002d32:	8881b783          	ld	a5,-1912(gp) # 80004c28 <__stdio_exit_handler>
    80002d36:	e391                	bnez	a5,80002d3a <__sinit+0x16>
    80002d38:	bde5                	j	80002c30 <global_stdio_init.part.0>
    80002d3a:	8082                	ret

0000000080002d3c <__sfp_lock_acquire>:
    80002d3c:	8082                	ret

0000000080002d3e <__sfp_lock_release>:
    80002d3e:	8082                	ret

0000000080002d40 <__fp_lock_all>:
    80002d40:	00002617          	auipc	a2,0x2
    80002d44:	ca060613          	addi	a2,a2,-864 # 800049e0 <__sglue>
    80002d48:	00000597          	auipc	a1,0x0
    80002d4c:	e1c58593          	addi	a1,a1,-484 # 80002b64 <__fp_lock>
    80002d50:	4501                	li	a0,0
    80002d52:	a4f5                	j	8000303e <_fwalk_sglue>

0000000080002d54 <__fp_unlock_all>:
    80002d54:	00002617          	auipc	a2,0x2
    80002d58:	c8c60613          	addi	a2,a2,-884 # 800049e0 <__sglue>
    80002d5c:	00000597          	auipc	a1,0x0
    80002d60:	f0e58593          	addi	a1,a1,-242 # 80002c6a <__fp_unlock>
    80002d64:	4501                	li	a0,0
    80002d66:	ace1                	j	8000303e <_fwalk_sglue>

0000000080002d68 <__sfvwrite_r>:
    80002d68:	6a1c                	ld	a5,16(a2)
    80002d6a:	e399                	bnez	a5,80002d70 <__sfvwrite_r+0x8>
    80002d6c:	4501                	li	a0,0
    80002d6e:	8082                	ret
    80002d70:	0105d783          	lhu	a5,16(a1)
    80002d74:	7159                	addi	sp,sp,-112
    80002d76:	f0a2                	sd	s0,96(sp)
    80002d78:	e8ca                	sd	s2,80(sp)
    80002d7a:	e0d2                	sd	s4,64(sp)
    80002d7c:	f486                	sd	ra,104(sp)
    80002d7e:	eca6                	sd	s1,88(sp)
    80002d80:	e4ce                	sd	s3,72(sp)
    80002d82:	fc56                	sd	s5,56(sp)
    80002d84:	f85a                	sd	s6,48(sp)
    80002d86:	f45e                	sd	s7,40(sp)
    80002d88:	f062                	sd	s8,32(sp)
    80002d8a:	ec66                	sd	s9,24(sp)
    80002d8c:	e86a                	sd	s10,16(sp)
    80002d8e:	e46e                	sd	s11,8(sp)
    80002d90:	8ba1                	andi	a5,a5,8
    80002d92:	892a                	mv	s2,a0
    80002d94:	842e                	mv	s0,a1
    80002d96:	8a32                	mv	s4,a2
    80002d98:	cfc1                	beqz	a5,80002e30 <__sfvwrite_r+0xc8>
    80002d9a:	6d9c                	ld	a5,24(a1)
    80002d9c:	cbd1                	beqz	a5,80002e30 <__sfvwrite_r+0xc8>
    80002d9e:	01041783          	lh	a5,16(s0)
    80002da2:	000a3983          	ld	s3,0(s4)
    80002da6:	0027f713          	andi	a4,a5,2
    80002daa:	e765                	bnez	a4,80002e92 <__sfvwrite_r+0x12a>
    80002dac:	8b85                	andi	a5,a5,1
    80002dae:	4a81                	li	s5,0
    80002db0:	16078063          	beqz	a5,80002f10 <__sfvwrite_r+0x1a8>
    80002db4:	4501                	li	a0,0
    80002db6:	4b81                	li	s7,0
    80002db8:	4b01                	li	s6,0
    80002dba:	240b0063          	beqz	s6,80002ffa <__sfvwrite_r+0x292>
    80002dbe:	e919                	bnez	a0,80002dd4 <__sfvwrite_r+0x6c>
    80002dc0:	865a                	mv	a2,s6
    80002dc2:	45a9                	li	a1,10
    80002dc4:	855e                	mv	a0,s7
    80002dc6:	862fe0ef          	jal	80000e28 <memchr>
    80002dca:	22050f63          	beqz	a0,80003008 <__sfvwrite_r+0x2a0>
    80002dce:	0505                	addi	a0,a0,1
    80002dd0:	41750abb          	subw	s5,a0,s7
    80002dd4:	8c56                	mv	s8,s5
    80002dd6:	015b7363          	bgeu	s6,s5,80002ddc <__sfvwrite_r+0x74>
    80002dda:	8c5a                	mv	s8,s6
    80002ddc:	6008                	ld	a0,0(s0)
    80002dde:	6c1c                	ld	a5,24(s0)
    80002de0:	4444                	lw	s1,12(s0)
    80002de2:	5014                	lw	a3,32(s0)
    80002de4:	22a7f563          	bgeu	a5,a0,8000300e <__sfvwrite_r+0x2a6>
    80002de8:	9cb5                	addw	s1,s1,a3
    80002dea:	2384d263          	bge	s1,s8,8000300e <__sfvwrite_r+0x2a6>
    80002dee:	85de                	mv	a1,s7
    80002df0:	8626                	mv	a2,s1
    80002df2:	706000ef          	jal	800034f8 <memmove>
    80002df6:	601c                	ld	a5,0(s0)
    80002df8:	85a2                	mv	a1,s0
    80002dfa:	854a                	mv	a0,s2
    80002dfc:	97a6                	add	a5,a5,s1
    80002dfe:	e01c                	sd	a5,0(s0)
    80002e00:	2b1000ef          	jal	800038b0 <_fflush_r>
    80002e04:	0e051f63          	bnez	a0,80002f02 <__sfvwrite_r+0x19a>
    80002e08:	409a8abb          	subw	s5,s5,s1
    80002e0c:	4505                	li	a0,1
    80002e0e:	000a9763          	bnez	s5,80002e1c <__sfvwrite_r+0xb4>
    80002e12:	85a2                	mv	a1,s0
    80002e14:	854a                	mv	a0,s2
    80002e16:	29b000ef          	jal	800038b0 <_fflush_r>
    80002e1a:	e565                	bnez	a0,80002f02 <__sfvwrite_r+0x19a>
    80002e1c:	010a3783          	ld	a5,16(s4)
    80002e20:	9ba6                	add	s7,s7,s1
    80002e22:	409b0b33          	sub	s6,s6,s1
    80002e26:	8f85                	sub	a5,a5,s1
    80002e28:	00fa3823          	sd	a5,16(s4)
    80002e2c:	f7d9                	bnez	a5,80002dba <__sfvwrite_r+0x52>
    80002e2e:	a091                	j	80002e72 <__sfvwrite_r+0x10a>
    80002e30:	85a2                	mv	a1,s0
    80002e32:	854a                	mv	a0,s2
    80002e34:	3e2000ef          	jal	80003216 <__swsetup_r>
    80002e38:	d13d                	beqz	a0,80002d9e <__sfvwrite_r+0x36>
    80002e3a:	557d                	li	a0,-1
    80002e3c:	a825                	j	80002e74 <__sfvwrite_r+0x10c>
    80002e3e:	0009ba83          	ld	s5,0(s3)
    80002e42:	0089b483          	ld	s1,8(s3)
    80002e46:	09c1                	addi	s3,s3,16
    80002e48:	643c                	ld	a5,72(s0)
    80002e4a:	7c0c                	ld	a1,56(s0)
    80002e4c:	d8ed                	beqz	s1,80002e3e <__sfvwrite_r+0xd6>
    80002e4e:	86a6                	mv	a3,s1
    80002e50:	009b7363          	bgeu	s6,s1,80002e56 <__sfvwrite_r+0xee>
    80002e54:	86da                	mv	a3,s6
    80002e56:	2681                	sext.w	a3,a3
    80002e58:	8656                	mv	a2,s5
    80002e5a:	854a                	mv	a0,s2
    80002e5c:	9782                	jalr	a5
    80002e5e:	0aa05263          	blez	a0,80002f02 <__sfvwrite_r+0x19a>
    80002e62:	010a3783          	ld	a5,16(s4)
    80002e66:	9aaa                	add	s5,s5,a0
    80002e68:	8c89                	sub	s1,s1,a0
    80002e6a:	8f89                	sub	a5,a5,a0
    80002e6c:	00fa3823          	sd	a5,16(s4)
    80002e70:	ffe1                	bnez	a5,80002e48 <__sfvwrite_r+0xe0>
    80002e72:	4501                	li	a0,0
    80002e74:	70a6                	ld	ra,104(sp)
    80002e76:	7406                	ld	s0,96(sp)
    80002e78:	64e6                	ld	s1,88(sp)
    80002e7a:	6946                	ld	s2,80(sp)
    80002e7c:	69a6                	ld	s3,72(sp)
    80002e7e:	6a06                	ld	s4,64(sp)
    80002e80:	7ae2                	ld	s5,56(sp)
    80002e82:	7b42                	ld	s6,48(sp)
    80002e84:	7ba2                	ld	s7,40(sp)
    80002e86:	7c02                	ld	s8,32(sp)
    80002e88:	6ce2                	ld	s9,24(sp)
    80002e8a:	6d42                	ld	s10,16(sp)
    80002e8c:	6da2                	ld	s11,8(sp)
    80002e8e:	6165                	addi	sp,sp,112
    80002e90:	8082                	ret
    80002e92:	80000b37          	lui	s6,0x80000
    80002e96:	4a81                	li	s5,0
    80002e98:	4481                	li	s1,0
    80002e9a:	c00b4b13          	xori	s6,s6,-1024
    80002e9e:	b76d                	j	80002e48 <__sfvwrite_r+0xe0>
    80002ea0:	0009ba83          	ld	s5,0(s3)
    80002ea4:	0089bc83          	ld	s9,8(s3)
    80002ea8:	09c1                	addi	s3,s3,16
    80002eaa:	4444                	lw	s1,12(s0)
    80002eac:	01041783          	lh	a5,16(s0)
    80002eb0:	6008                	ld	a0,0(s0)
    80002eb2:	8d26                	mv	s10,s1
    80002eb4:	fe0c86e3          	beqz	s9,80002ea0 <__sfvwrite_r+0x138>
    80002eb8:	2007f713          	andi	a4,a5,512
    80002ebc:	c37d                	beqz	a4,80002fa2 <__sfvwrite_r+0x23a>
    80002ebe:	089ce763          	bltu	s9,s1,80002f4c <__sfvwrite_r+0x1e4>
    80002ec2:	4807f713          	andi	a4,a5,1152
    80002ec6:	c359                	beqz	a4,80002f4c <__sfvwrite_r+0x1e4>
    80002ec8:	5004                	lw	s1,32(s0)
    80002eca:	6c0c                	ld	a1,24(s0)
    80002ecc:	029b84bb          	mulw	s1,s7,s1
    80002ed0:	8d0d                	sub	a0,a0,a1
    80002ed2:	00050d9b          	sext.w	s11,a0
    80002ed6:	001d8713          	addi	a4,s11,1
    80002eda:	9766                	add	a4,a4,s9
    80002edc:	0384c4bb          	divw	s1,s1,s8
    80002ee0:	00e4f563          	bgeu	s1,a4,80002eea <__sfvwrite_r+0x182>
    80002ee4:	2505                	addiw	a0,a0,1
    80002ee6:	019504bb          	addw	s1,a0,s9
    80002eea:	4007f793          	andi	a5,a5,1024
    80002eee:	cbc9                	beqz	a5,80002f80 <__sfvwrite_r+0x218>
    80002ef0:	85a6                	mv	a1,s1
    80002ef2:	854a                	mv	a0,s2
    80002ef4:	c05fe0ef          	jal	80001af8 <_malloc_r>
    80002ef8:	8d2a                	mv	s10,a0
    80002efa:	e11d                	bnez	a0,80002f20 <__sfvwrite_r+0x1b8>
    80002efc:	47b1                	li	a5,12
    80002efe:	00f92023          	sw	a5,0(s2)
    80002f02:	01045783          	lhu	a5,16(s0)
    80002f06:	0407e793          	ori	a5,a5,64
    80002f0a:	00f41823          	sh	a5,16(s0)
    80002f0e:	b735                	j	80002e3a <__sfvwrite_r+0xd2>
    80002f10:	80000b37          	lui	s6,0x80000
    80002f14:	4c81                	li	s9,0
    80002f16:	fffb4b13          	not	s6,s6
    80002f1a:	4b8d                	li	s7,3
    80002f1c:	4c09                	li	s8,2
    80002f1e:	b771                	j	80002eaa <__sfvwrite_r+0x142>
    80002f20:	6c0c                	ld	a1,24(s0)
    80002f22:	866e                	mv	a2,s11
    80002f24:	60a000ef          	jal	8000352e <memcpy>
    80002f28:	01045783          	lhu	a5,16(s0)
    80002f2c:	b7f7f793          	andi	a5,a5,-1153
    80002f30:	0807e793          	ori	a5,a5,128
    80002f34:	00f41823          	sh	a5,16(s0)
    80002f38:	01a43c23          	sd	s10,24(s0)
    80002f3c:	d004                	sw	s1,32(s0)
    80002f3e:	9d6e                	add	s10,s10,s11
    80002f40:	41b484bb          	subw	s1,s1,s11
    80002f44:	01a43023          	sd	s10,0(s0)
    80002f48:	c444                	sw	s1,12(s0)
    80002f4a:	8d66                	mv	s10,s9
    80002f4c:	84e6                	mv	s1,s9
    80002f4e:	01acf363          	bgeu	s9,s10,80002f54 <__sfvwrite_r+0x1ec>
    80002f52:	8d66                	mv	s10,s9
    80002f54:	6008                	ld	a0,0(s0)
    80002f56:	866a                	mv	a2,s10
    80002f58:	85d6                	mv	a1,s5
    80002f5a:	59e000ef          	jal	800034f8 <memmove>
    80002f5e:	445c                	lw	a5,12(s0)
    80002f60:	41a787bb          	subw	a5,a5,s10
    80002f64:	c45c                	sw	a5,12(s0)
    80002f66:	601c                	ld	a5,0(s0)
    80002f68:	97ea                	add	a5,a5,s10
    80002f6a:	e01c                	sd	a5,0(s0)
    80002f6c:	010a3783          	ld	a5,16(s4)
    80002f70:	9aa6                	add	s5,s5,s1
    80002f72:	409c8cb3          	sub	s9,s9,s1
    80002f76:	8f85                	sub	a5,a5,s1
    80002f78:	00fa3823          	sd	a5,16(s4)
    80002f7c:	f79d                	bnez	a5,80002eaa <__sfvwrite_r+0x142>
    80002f7e:	bdd5                	j	80002e72 <__sfvwrite_r+0x10a>
    80002f80:	8626                	mv	a2,s1
    80002f82:	854a                	mv	a0,s2
    80002f84:	73e000ef          	jal	800036c2 <_realloc_r>
    80002f88:	8d2a                	mv	s10,a0
    80002f8a:	f55d                	bnez	a0,80002f38 <__sfvwrite_r+0x1d0>
    80002f8c:	6c0c                	ld	a1,24(s0)
    80002f8e:	854a                	mv	a0,s2
    80002f90:	64c000ef          	jal	800035dc <_free_r>
    80002f94:	01045783          	lhu	a5,16(s0)
    80002f98:	f7f7f793          	andi	a5,a5,-129
    80002f9c:	00f41823          	sh	a5,16(s0)
    80002fa0:	bfb1                	j	80002efc <__sfvwrite_r+0x194>
    80002fa2:	6c1c                	ld	a5,24(s0)
    80002fa4:	00a7e563          	bltu	a5,a0,80002fae <__sfvwrite_r+0x246>
    80002fa8:	5014                	lw	a3,32(s0)
    80002faa:	02dcf763          	bgeu	s9,a3,80002fd8 <__sfvwrite_r+0x270>
    80002fae:	009cf363          	bgeu	s9,s1,80002fb4 <__sfvwrite_r+0x24c>
    80002fb2:	84e6                	mv	s1,s9
    80002fb4:	8626                	mv	a2,s1
    80002fb6:	85d6                	mv	a1,s5
    80002fb8:	540000ef          	jal	800034f8 <memmove>
    80002fbc:	445c                	lw	a5,12(s0)
    80002fbe:	4097873b          	subw	a4,a5,s1
    80002fc2:	601c                	ld	a5,0(s0)
    80002fc4:	c458                	sw	a4,12(s0)
    80002fc6:	97a6                	add	a5,a5,s1
    80002fc8:	e01c                	sd	a5,0(s0)
    80002fca:	f34d                	bnez	a4,80002f6c <__sfvwrite_r+0x204>
    80002fcc:	85a2                	mv	a1,s0
    80002fce:	854a                	mv	a0,s2
    80002fd0:	0e1000ef          	jal	800038b0 <_fflush_r>
    80002fd4:	dd41                	beqz	a0,80002f6c <__sfvwrite_r+0x204>
    80002fd6:	b735                	j	80002f02 <__sfvwrite_r+0x19a>
    80002fd8:	87e6                	mv	a5,s9
    80002fda:	019b7363          	bgeu	s6,s9,80002fe0 <__sfvwrite_r+0x278>
    80002fde:	87da                	mv	a5,s6
    80002fe0:	02d7c7bb          	divw	a5,a5,a3
    80002fe4:	6438                	ld	a4,72(s0)
    80002fe6:	7c0c                	ld	a1,56(s0)
    80002fe8:	8656                	mv	a2,s5
    80002fea:	854a                	mv	a0,s2
    80002fec:	02d786bb          	mulw	a3,a5,a3
    80002ff0:	9702                	jalr	a4
    80002ff2:	84aa                	mv	s1,a0
    80002ff4:	f6a04ce3          	bgtz	a0,80002f6c <__sfvwrite_r+0x204>
    80002ff8:	b729                	j	80002f02 <__sfvwrite_r+0x19a>
    80002ffa:	0009bb83          	ld	s7,0(s3)
    80002ffe:	0089bb03          	ld	s6,8(s3)
    80003002:	4501                	li	a0,0
    80003004:	09c1                	addi	s3,s3,16
    80003006:	bb55                	j	80002dba <__sfvwrite_r+0x52>
    80003008:	001b0a9b          	addiw	s5,s6,1 # ffffffff80000001 <__heap_end+0xfffffffefffdb001>
    8000300c:	b3e1                	j	80002dd4 <__sfvwrite_r+0x6c>
    8000300e:	00dc4b63          	blt	s8,a3,80003024 <__sfvwrite_r+0x2bc>
    80003012:	643c                	ld	a5,72(s0)
    80003014:	7c0c                	ld	a1,56(s0)
    80003016:	865e                	mv	a2,s7
    80003018:	854a                	mv	a0,s2
    8000301a:	9782                	jalr	a5
    8000301c:	84aa                	mv	s1,a0
    8000301e:	dea045e3          	bgtz	a0,80002e08 <__sfvwrite_r+0xa0>
    80003022:	b5c5                	j	80002f02 <__sfvwrite_r+0x19a>
    80003024:	8662                	mv	a2,s8
    80003026:	85de                	mv	a1,s7
    80003028:	4d0000ef          	jal	800034f8 <memmove>
    8000302c:	445c                	lw	a5,12(s0)
    8000302e:	84e2                	mv	s1,s8
    80003030:	418787bb          	subw	a5,a5,s8
    80003034:	c45c                	sw	a5,12(s0)
    80003036:	601c                	ld	a5,0(s0)
    80003038:	97e2                	add	a5,a5,s8
    8000303a:	e01c                	sd	a5,0(s0)
    8000303c:	b3f1                	j	80002e08 <__sfvwrite_r+0xa0>

000000008000303e <_fwalk_sglue>:
    8000303e:	715d                	addi	sp,sp,-80
    80003040:	e0a2                	sd	s0,64(sp)
    80003042:	fc26                	sd	s1,56(sp)
    80003044:	f44e                	sd	s3,40(sp)
    80003046:	f052                	sd	s4,32(sp)
    80003048:	e85a                	sd	s6,16(sp)
    8000304a:	e45e                	sd	s7,8(sp)
    8000304c:	e486                	sd	ra,72(sp)
    8000304e:	f84a                	sd	s2,48(sp)
    80003050:	ec56                	sd	s5,24(sp)
    80003052:	89aa                	mv	s3,a0
    80003054:	8a2e                	mv	s4,a1
    80003056:	8432                	mv	s0,a2
    80003058:	4481                	li	s1,0
    8000305a:	4b05                	li	s6,1
    8000305c:	5bfd                	li	s7,-1
    8000305e:	01043903          	ld	s2,16(s0)
    80003062:	00842a83          	lw	s5,8(s0)
    80003066:	3afd                	addiw	s5,s5,-1
    80003068:	020ad063          	bgez	s5,80003088 <_fwalk_sglue+0x4a>
    8000306c:	6000                	ld	s0,0(s0)
    8000306e:	f865                	bnez	s0,8000305e <_fwalk_sglue+0x20>
    80003070:	60a6                	ld	ra,72(sp)
    80003072:	6406                	ld	s0,64(sp)
    80003074:	7942                	ld	s2,48(sp)
    80003076:	79a2                	ld	s3,40(sp)
    80003078:	7a02                	ld	s4,32(sp)
    8000307a:	6ae2                	ld	s5,24(sp)
    8000307c:	6b42                	ld	s6,16(sp)
    8000307e:	6ba2                	ld	s7,8(sp)
    80003080:	8526                	mv	a0,s1
    80003082:	74e2                	ld	s1,56(sp)
    80003084:	6161                	addi	sp,sp,80
    80003086:	8082                	ret
    80003088:	01095783          	lhu	a5,16(s2)
    8000308c:	00fb7b63          	bgeu	s6,a5,800030a2 <_fwalk_sglue+0x64>
    80003090:	01291783          	lh	a5,18(s2)
    80003094:	01778763          	beq	a5,s7,800030a2 <_fwalk_sglue+0x64>
    80003098:	85ca                	mv	a1,s2
    8000309a:	854e                	mv	a0,s3
    8000309c:	9a02                	jalr	s4
    8000309e:	8cc9                	or	s1,s1,a0
    800030a0:	2481                	sext.w	s1,s1
    800030a2:	0b090913          	addi	s2,s2,176
    800030a6:	b7c1                	j	80003066 <_fwalk_sglue+0x28>

00000000800030a8 <__sread>:
    800030a8:	1141                	addi	sp,sp,-16
    800030aa:	e022                	sd	s0,0(sp)
    800030ac:	842e                	mv	s0,a1
    800030ae:	01259583          	lh	a1,18(a1)
    800030b2:	e406                	sd	ra,8(sp)
    800030b4:	3c4000ef          	jal	80003478 <_read_r>
    800030b8:	00054963          	bltz	a0,800030ca <__sread+0x22>
    800030bc:	6c5c                	ld	a5,152(s0)
    800030be:	97aa                	add	a5,a5,a0
    800030c0:	ec5c                	sd	a5,152(s0)
    800030c2:	60a2                	ld	ra,8(sp)
    800030c4:	6402                	ld	s0,0(sp)
    800030c6:	0141                	addi	sp,sp,16
    800030c8:	8082                	ret
    800030ca:	01045783          	lhu	a5,16(s0)
    800030ce:	777d                	lui	a4,0xfffff
    800030d0:	177d                	addi	a4,a4,-1 # ffffffffffffefff <__heap_end+0xffffffff7ffd9fff>
    800030d2:	8ff9                	and	a5,a5,a4
    800030d4:	00f41823          	sh	a5,16(s0)
    800030d8:	b7ed                	j	800030c2 <__sread+0x1a>

00000000800030da <__seofread>:
    800030da:	4501                	li	a0,0
    800030dc:	8082                	ret

00000000800030de <__swrite>:
    800030de:	0105d783          	lhu	a5,16(a1)
    800030e2:	7179                	addi	sp,sp,-48
    800030e4:	f022                	sd	s0,32(sp)
    800030e6:	ec26                	sd	s1,24(sp)
    800030e8:	e84a                	sd	s2,16(sp)
    800030ea:	e44e                	sd	s3,8(sp)
    800030ec:	f406                	sd	ra,40(sp)
    800030ee:	1007f793          	andi	a5,a5,256
    800030f2:	84aa                	mv	s1,a0
    800030f4:	842e                	mv	s0,a1
    800030f6:	8932                	mv	s2,a2
    800030f8:	89b6                	mv	s3,a3
    800030fa:	c799                	beqz	a5,80003108 <__swrite+0x2a>
    800030fc:	01259583          	lh	a1,18(a1)
    80003100:	4689                	li	a3,2
    80003102:	4601                	li	a2,0
    80003104:	348000ef          	jal	8000344c <_lseek_r>
    80003108:	01045783          	lhu	a5,16(s0)
    8000310c:	777d                	lui	a4,0xfffff
    8000310e:	177d                	addi	a4,a4,-1 # ffffffffffffefff <__heap_end+0xffffffff7ffd9fff>
    80003110:	8ff9                	and	a5,a5,a4
    80003112:	01241583          	lh	a1,18(s0)
    80003116:	00f41823          	sh	a5,16(s0)
    8000311a:	7402                	ld	s0,32(sp)
    8000311c:	70a2                	ld	ra,40(sp)
    8000311e:	86ce                	mv	a3,s3
    80003120:	864a                	mv	a2,s2
    80003122:	69a2                	ld	s3,8(sp)
    80003124:	6942                	ld	s2,16(sp)
    80003126:	8526                	mv	a0,s1
    80003128:	64e2                	ld	s1,24(sp)
    8000312a:	6145                	addi	sp,sp,48
    8000312c:	a645                	j	800034cc <_write_r>

000000008000312e <__sseek>:
    8000312e:	1141                	addi	sp,sp,-16
    80003130:	e022                	sd	s0,0(sp)
    80003132:	842e                	mv	s0,a1
    80003134:	01259583          	lh	a1,18(a1)
    80003138:	e406                	sd	ra,8(sp)
    8000313a:	312000ef          	jal	8000344c <_lseek_r>
    8000313e:	577d                	li	a4,-1
    80003140:	01045783          	lhu	a5,16(s0)
    80003144:	00e51b63          	bne	a0,a4,8000315a <__sseek+0x2c>
    80003148:	777d                	lui	a4,0xfffff
    8000314a:	177d                	addi	a4,a4,-1 # ffffffffffffefff <__heap_end+0xffffffff7ffd9fff>
    8000314c:	8ff9                	and	a5,a5,a4
    8000314e:	00f41823          	sh	a5,16(s0)
    80003152:	60a2                	ld	ra,8(sp)
    80003154:	6402                	ld	s0,0(sp)
    80003156:	0141                	addi	sp,sp,16
    80003158:	8082                	ret
    8000315a:	6705                	lui	a4,0x1
    8000315c:	8fd9                	or	a5,a5,a4
    8000315e:	00f41823          	sh	a5,16(s0)
    80003162:	ec48                	sd	a0,152(s0)
    80003164:	b7fd                	j	80003152 <__sseek+0x24>

0000000080003166 <__sclose>:
    80003166:	01259583          	lh	a1,18(a1)
    8000316a:	a2ed                	j	80003354 <_close_r>

000000008000316c <__swbuf_r>:
    8000316c:	7179                	addi	sp,sp,-48
    8000316e:	f022                	sd	s0,32(sp)
    80003170:	ec26                	sd	s1,24(sp)
    80003172:	e84a                	sd	s2,16(sp)
    80003174:	f406                	sd	ra,40(sp)
    80003176:	e44e                	sd	s3,8(sp)
    80003178:	892a                	mv	s2,a0
    8000317a:	84ae                	mv	s1,a1
    8000317c:	8432                	mv	s0,a2
    8000317e:	c509                	beqz	a0,80003188 <__swbuf_r+0x1c>
    80003180:	613c                	ld	a5,64(a0)
    80003182:	e399                	bnez	a5,80003188 <__swbuf_r+0x1c>
    80003184:	ba1ff0ef          	jal	80002d24 <__sinit>
    80003188:	541c                	lw	a5,40(s0)
    8000318a:	c45c                	sw	a5,12(s0)
    8000318c:	01045783          	lhu	a5,16(s0)
    80003190:	8ba1                	andi	a5,a5,8
    80003192:	c399                	beqz	a5,80003198 <__swbuf_r+0x2c>
    80003194:	6c1c                	ld	a5,24(s0)
    80003196:	ef99                	bnez	a5,800031b4 <__swbuf_r+0x48>
    80003198:	85a2                	mv	a1,s0
    8000319a:	854a                	mv	a0,s2
    8000319c:	07a000ef          	jal	80003216 <__swsetup_r>
    800031a0:	c911                	beqz	a0,800031b4 <__swbuf_r+0x48>
    800031a2:	54fd                	li	s1,-1
    800031a4:	70a2                	ld	ra,40(sp)
    800031a6:	7402                	ld	s0,32(sp)
    800031a8:	6942                	ld	s2,16(sp)
    800031aa:	69a2                	ld	s3,8(sp)
    800031ac:	8526                	mv	a0,s1
    800031ae:	64e2                	ld	s1,24(sp)
    800031b0:	6145                	addi	sp,sp,48
    800031b2:	8082                	ret
    800031b4:	601c                	ld	a5,0(s0)
    800031b6:	6c18                	ld	a4,24(s0)
    800031b8:	0ff4f993          	zext.b	s3,s1
    800031bc:	84ce                	mv	s1,s3
    800031be:	40e7853b          	subw	a0,a5,a4
    800031c2:	501c                	lw	a5,32(s0)
    800031c4:	00f54763          	blt	a0,a5,800031d2 <__swbuf_r+0x66>
    800031c8:	85a2                	mv	a1,s0
    800031ca:	854a                	mv	a0,s2
    800031cc:	6e4000ef          	jal	800038b0 <_fflush_r>
    800031d0:	f969                	bnez	a0,800031a2 <__swbuf_r+0x36>
    800031d2:	445c                	lw	a5,12(s0)
    800031d4:	37fd                	addiw	a5,a5,-1
    800031d6:	c45c                	sw	a5,12(s0)
    800031d8:	601c                	ld	a5,0(s0)
    800031da:	00178713          	addi	a4,a5,1
    800031de:	e018                	sd	a4,0(s0)
    800031e0:	01378023          	sb	s3,0(a5)
    800031e4:	5018                	lw	a4,32(s0)
    800031e6:	0015079b          	addiw	a5,a0,1
    800031ea:	00f70963          	beq	a4,a5,800031fc <__swbuf_r+0x90>
    800031ee:	01045783          	lhu	a5,16(s0)
    800031f2:	8b85                	andi	a5,a5,1
    800031f4:	dbc5                	beqz	a5,800031a4 <__swbuf_r+0x38>
    800031f6:	47a9                	li	a5,10
    800031f8:	faf496e3          	bne	s1,a5,800031a4 <__swbuf_r+0x38>
    800031fc:	85a2                	mv	a1,s0
    800031fe:	854a                	mv	a0,s2
    80003200:	6b0000ef          	jal	800038b0 <_fflush_r>
    80003204:	d145                	beqz	a0,800031a4 <__swbuf_r+0x38>
    80003206:	bf71                	j	800031a2 <__swbuf_r+0x36>

0000000080003208 <__swbuf>:
    80003208:	862e                	mv	a2,a1
    8000320a:	85aa                	mv	a1,a0
    8000320c:	00002517          	auipc	a0,0x2
    80003210:	99453503          	ld	a0,-1644(a0) # 80004ba0 <_impure_ptr>
    80003214:	bfa1                	j	8000316c <__swbuf_r>

0000000080003216 <__swsetup_r>:
    80003216:	1101                	addi	sp,sp,-32
    80003218:	e822                	sd	s0,16(sp)
    8000321a:	e426                	sd	s1,8(sp)
    8000321c:	ec06                	sd	ra,24(sp)
    8000321e:	84aa                	mv	s1,a0
    80003220:	00002517          	auipc	a0,0x2
    80003224:	98053503          	ld	a0,-1664(a0) # 80004ba0 <_impure_ptr>
    80003228:	842e                	mv	s0,a1
    8000322a:	c509                	beqz	a0,80003234 <__swsetup_r+0x1e>
    8000322c:	613c                	ld	a5,64(a0)
    8000322e:	e399                	bnez	a5,80003234 <__swsetup_r+0x1e>
    80003230:	af5ff0ef          	jal	80002d24 <__sinit>
    80003234:	01041783          	lh	a5,16(s0)
    80003238:	0087f713          	andi	a4,a5,8
    8000323c:	eb29                	bnez	a4,8000328e <__swsetup_r+0x78>
    8000323e:	0107f713          	andi	a4,a5,16
    80003242:	eb09                	bnez	a4,80003254 <__swsetup_r+0x3e>
    80003244:	4725                	li	a4,9
    80003246:	c098                	sw	a4,0(s1)
    80003248:	0407e793          	ori	a5,a5,64
    8000324c:	00f41823          	sh	a5,16(s0)
    80003250:	557d                	li	a0,-1
    80003252:	a8ad                	j	800032cc <__swsetup_r+0xb6>
    80003254:	8b91                	andi	a5,a5,4
    80003256:	c795                	beqz	a5,80003282 <__swsetup_r+0x6c>
    80003258:	702c                	ld	a1,96(s0)
    8000325a:	c991                	beqz	a1,8000326e <__swsetup_r+0x58>
    8000325c:	07c40793          	addi	a5,s0,124
    80003260:	00f58563          	beq	a1,a5,8000326a <__swsetup_r+0x54>
    80003264:	8526                	mv	a0,s1
    80003266:	376000ef          	jal	800035dc <_free_r>
    8000326a:	06043023          	sd	zero,96(s0)
    8000326e:	01045783          	lhu	a5,16(s0)
    80003272:	00042423          	sw	zero,8(s0)
    80003276:	fdb7f793          	andi	a5,a5,-37
    8000327a:	00f41823          	sh	a5,16(s0)
    8000327e:	6c1c                	ld	a5,24(s0)
    80003280:	e01c                	sd	a5,0(s0)
    80003282:	01045783          	lhu	a5,16(s0)
    80003286:	0087e793          	ori	a5,a5,8
    8000328a:	00f41823          	sh	a5,16(s0)
    8000328e:	6c1c                	ld	a5,24(s0)
    80003290:	ef89                	bnez	a5,800032aa <__swsetup_r+0x94>
    80003292:	01045783          	lhu	a5,16(s0)
    80003296:	20000713          	li	a4,512
    8000329a:	2807f793          	andi	a5,a5,640
    8000329e:	00e78663          	beq	a5,a4,800032aa <__swsetup_r+0x94>
    800032a2:	85a2                	mv	a1,s0
    800032a4:	8526                	mv	a0,s1
    800032a6:	70e000ef          	jal	800039b4 <__smakebuf_r>
    800032aa:	01041783          	lh	a5,16(s0)
    800032ae:	0017f713          	andi	a4,a5,1
    800032b2:	c315                	beqz	a4,800032d6 <__swsetup_r+0xc0>
    800032b4:	5018                	lw	a4,32(s0)
    800032b6:	00042623          	sw	zero,12(s0)
    800032ba:	40e0073b          	negw	a4,a4
    800032be:	d418                	sw	a4,40(s0)
    800032c0:	6c18                	ld	a4,24(s0)
    800032c2:	4501                	li	a0,0
    800032c4:	e701                	bnez	a4,800032cc <__swsetup_r+0xb6>
    800032c6:	0807f713          	andi	a4,a5,128
    800032ca:	ff3d                	bnez	a4,80003248 <__swsetup_r+0x32>
    800032cc:	60e2                	ld	ra,24(sp)
    800032ce:	6442                	ld	s0,16(sp)
    800032d0:	64a2                	ld	s1,8(sp)
    800032d2:	6105                	addi	sp,sp,32
    800032d4:	8082                	ret
    800032d6:	0027f713          	andi	a4,a5,2
    800032da:	4681                	li	a3,0
    800032dc:	e311                	bnez	a4,800032e0 <__swsetup_r+0xca>
    800032de:	5014                	lw	a3,32(s0)
    800032e0:	c454                	sw	a3,12(s0)
    800032e2:	bff9                	j	800032c0 <__swsetup_r+0xaa>

00000000800032e4 <_setlocale_r>:
    800032e4:	c639                	beqz	a2,80003332 <_setlocale_r+0x4e>
    800032e6:	1141                	addi	sp,sp,-16
    800032e8:	00001597          	auipc	a1,0x1
    800032ec:	11058593          	addi	a1,a1,272 # 800043f8 <__tbss_end+0x202>
    800032f0:	8532                	mv	a0,a2
    800032f2:	e022                	sd	s0,0(sp)
    800032f4:	e406                	sd	ra,8(sp)
    800032f6:	8432                	mv	s0,a2
    800032f8:	24c000ef          	jal	80003544 <strcmp>
    800032fc:	e909                	bnez	a0,8000330e <_setlocale_r+0x2a>
    800032fe:	00001517          	auipc	a0,0x1
    80003302:	0f250513          	addi	a0,a0,242 # 800043f0 <__tbss_end+0x1fa>
    80003306:	60a2                	ld	ra,8(sp)
    80003308:	6402                	ld	s0,0(sp)
    8000330a:	0141                	addi	sp,sp,16
    8000330c:	8082                	ret
    8000330e:	00001597          	auipc	a1,0x1
    80003312:	0e258593          	addi	a1,a1,226 # 800043f0 <__tbss_end+0x1fa>
    80003316:	8522                	mv	a0,s0
    80003318:	22c000ef          	jal	80003544 <strcmp>
    8000331c:	d16d                	beqz	a0,800032fe <_setlocale_r+0x1a>
    8000331e:	00001597          	auipc	a1,0x1
    80003322:	f3a58593          	addi	a1,a1,-198 # 80004258 <__tbss_end+0x62>
    80003326:	8522                	mv	a0,s0
    80003328:	21c000ef          	jal	80003544 <strcmp>
    8000332c:	d969                	beqz	a0,800032fe <_setlocale_r+0x1a>
    8000332e:	4501                	li	a0,0
    80003330:	bfd9                	j	80003306 <_setlocale_r+0x22>
    80003332:	00001517          	auipc	a0,0x1
    80003336:	0be50513          	addi	a0,a0,190 # 800043f0 <__tbss_end+0x1fa>
    8000333a:	8082                	ret

000000008000333c <__locale_mb_cur_max>:
    8000333c:	00002517          	auipc	a0,0x2
    80003340:	81c54503          	lbu	a0,-2020(a0) # 80004b58 <__global_locale+0x160>
    80003344:	8082                	ret

0000000080003346 <setlocale>:
    80003346:	862e                	mv	a2,a1
    80003348:	85aa                	mv	a1,a0
    8000334a:	00002517          	auipc	a0,0x2
    8000334e:	85653503          	ld	a0,-1962(a0) # 80004ba0 <_impure_ptr>
    80003352:	bf49                	j	800032e4 <_setlocale_r>

0000000080003354 <_close_r>:
    80003354:	1141                	addi	sp,sp,-16
    80003356:	e022                	sd	s0,0(sp)
    80003358:	842a                	mv	s0,a0
    8000335a:	852e                	mv	a0,a1
    8000335c:	8801ac23          	sw	zero,-1896(gp) # 80004c38 <errno>
    80003360:	e406                	sd	ra,8(sp)
    80003362:	31b000ef          	jal	80003e7c <_close>
    80003366:	57fd                	li	a5,-1
    80003368:	00f51663          	bne	a0,a5,80003374 <_close_r+0x20>
    8000336c:	8981a783          	lw	a5,-1896(gp) # 80004c38 <errno>
    80003370:	c391                	beqz	a5,80003374 <_close_r+0x20>
    80003372:	c01c                	sw	a5,0(s0)
    80003374:	60a2                	ld	ra,8(sp)
    80003376:	6402                	ld	s0,0(sp)
    80003378:	0141                	addi	sp,sp,16
    8000337a:	8082                	ret

000000008000337c <_reclaim_reent>:
    8000337c:	00002797          	auipc	a5,0x2
    80003380:	8247b783          	ld	a5,-2012(a5) # 80004ba0 <_impure_ptr>
    80003384:	0ca78363          	beq	a5,a0,8000344a <_reclaim_reent+0xce>
    80003388:	7d1c                	ld	a5,56(a0)
    8000338a:	7179                	addi	sp,sp,-48
    8000338c:	f022                	sd	s0,32(sp)
    8000338e:	f406                	sd	ra,40(sp)
    80003390:	ec26                	sd	s1,24(sp)
    80003392:	e84a                	sd	s2,16(sp)
    80003394:	e44e                	sd	s3,8(sp)
    80003396:	842a                	mv	s0,a0
    80003398:	cb8d                	beqz	a5,800033ca <_reclaim_reent+0x4e>
    8000339a:	6f9c                	ld	a5,24(a5)
    8000339c:	c38d                	beqz	a5,800033be <_reclaim_reent+0x42>
    8000339e:	4481                	li	s1,0
    800033a0:	20000913          	li	s2,512
    800033a4:	7c1c                	ld	a5,56(s0)
    800033a6:	6f9c                	ld	a5,24(a5)
    800033a8:	97a6                	add	a5,a5,s1
    800033aa:	638c                	ld	a1,0(a5)
    800033ac:	e1c9                	bnez	a1,8000342e <_reclaim_reent+0xb2>
    800033ae:	04a1                	addi	s1,s1,8
    800033b0:	ff249ae3          	bne	s1,s2,800033a4 <_reclaim_reent+0x28>
    800033b4:	7c1c                	ld	a5,56(s0)
    800033b6:	8522                	mv	a0,s0
    800033b8:	6f8c                	ld	a1,24(a5)
    800033ba:	222000ef          	jal	800035dc <_free_r>
    800033be:	7c1c                	ld	a5,56(s0)
    800033c0:	638c                	ld	a1,0(a5)
    800033c2:	c581                	beqz	a1,800033ca <_reclaim_reent+0x4e>
    800033c4:	8522                	mv	a0,s0
    800033c6:	216000ef          	jal	800035dc <_free_r>
    800033ca:	740c                	ld	a1,40(s0)
    800033cc:	c581                	beqz	a1,800033d4 <_reclaim_reent+0x58>
    800033ce:	8522                	mv	a0,s0
    800033d0:	20c000ef          	jal	800035dc <_free_r>
    800033d4:	7c0c                	ld	a1,56(s0)
    800033d6:	c581                	beqz	a1,800033de <_reclaim_reent+0x62>
    800033d8:	8522                	mv	a0,s0
    800033da:	202000ef          	jal	800035dc <_free_r>
    800033de:	6c2c                	ld	a1,88(s0)
    800033e0:	c581                	beqz	a1,800033e8 <_reclaim_reent+0x6c>
    800033e2:	8522                	mv	a0,s0
    800033e4:	1f8000ef          	jal	800035dc <_free_r>
    800033e8:	702c                	ld	a1,96(s0)
    800033ea:	c581                	beqz	a1,800033f2 <_reclaim_reent+0x76>
    800033ec:	8522                	mv	a0,s0
    800033ee:	1ee000ef          	jal	800035dc <_free_r>
    800033f2:	742c                	ld	a1,104(s0)
    800033f4:	c581                	beqz	a1,800033fc <_reclaim_reent+0x80>
    800033f6:	8522                	mv	a0,s0
    800033f8:	1e4000ef          	jal	800035dc <_free_r>
    800033fc:	644c                	ld	a1,136(s0)
    800033fe:	c581                	beqz	a1,80003406 <_reclaim_reent+0x8a>
    80003400:	8522                	mv	a0,s0
    80003402:	1da000ef          	jal	800035dc <_free_r>
    80003406:	604c                	ld	a1,128(s0)
    80003408:	c581                	beqz	a1,80003410 <_reclaim_reent+0x94>
    8000340a:	8522                	mv	a0,s0
    8000340c:	1d0000ef          	jal	800035dc <_free_r>
    80003410:	682c                	ld	a1,80(s0)
    80003412:	c581                	beqz	a1,8000341a <_reclaim_reent+0x9e>
    80003414:	8522                	mv	a0,s0
    80003416:	1c6000ef          	jal	800035dc <_free_r>
    8000341a:	603c                	ld	a5,64(s0)
    8000341c:	c385                	beqz	a5,8000343c <_reclaim_reent+0xc0>
    8000341e:	8522                	mv	a0,s0
    80003420:	7402                	ld	s0,32(sp)
    80003422:	70a2                	ld	ra,40(sp)
    80003424:	64e2                	ld	s1,24(sp)
    80003426:	6942                	ld	s2,16(sp)
    80003428:	69a2                	ld	s3,8(sp)
    8000342a:	6145                	addi	sp,sp,48
    8000342c:	8782                	jr	a5
    8000342e:	0005b983          	ld	s3,0(a1)
    80003432:	8522                	mv	a0,s0
    80003434:	1a8000ef          	jal	800035dc <_free_r>
    80003438:	85ce                	mv	a1,s3
    8000343a:	bf8d                	j	800033ac <_reclaim_reent+0x30>
    8000343c:	70a2                	ld	ra,40(sp)
    8000343e:	7402                	ld	s0,32(sp)
    80003440:	64e2                	ld	s1,24(sp)
    80003442:	6942                	ld	s2,16(sp)
    80003444:	69a2                	ld	s3,8(sp)
    80003446:	6145                	addi	sp,sp,48
    80003448:	8082                	ret
    8000344a:	8082                	ret

000000008000344c <_lseek_r>:
    8000344c:	1141                	addi	sp,sp,-16
    8000344e:	e022                	sd	s0,0(sp)
    80003450:	842a                	mv	s0,a0
    80003452:	852e                	mv	a0,a1
    80003454:	85b2                	mv	a1,a2
    80003456:	8636                	mv	a2,a3
    80003458:	8801ac23          	sw	zero,-1896(gp) # 80004c38 <errno>
    8000345c:	e406                	sd	ra,8(sp)
    8000345e:	289000ef          	jal	80003ee6 <_lseek>
    80003462:	57fd                	li	a5,-1
    80003464:	00f51663          	bne	a0,a5,80003470 <_lseek_r+0x24>
    80003468:	8981a783          	lw	a5,-1896(gp) # 80004c38 <errno>
    8000346c:	c391                	beqz	a5,80003470 <_lseek_r+0x24>
    8000346e:	c01c                	sw	a5,0(s0)
    80003470:	60a2                	ld	ra,8(sp)
    80003472:	6402                	ld	s0,0(sp)
    80003474:	0141                	addi	sp,sp,16
    80003476:	8082                	ret

0000000080003478 <_read_r>:
    80003478:	1141                	addi	sp,sp,-16
    8000347a:	e022                	sd	s0,0(sp)
    8000347c:	842a                	mv	s0,a0
    8000347e:	852e                	mv	a0,a1
    80003480:	85b2                	mv	a1,a2
    80003482:	8636                	mv	a2,a3
    80003484:	8801ac23          	sw	zero,-1896(gp) # 80004c38 <errno>
    80003488:	e406                	sd	ra,8(sp)
    8000348a:	271000ef          	jal	80003efa <_read>
    8000348e:	57fd                	li	a5,-1
    80003490:	00f51663          	bne	a0,a5,8000349c <_read_r+0x24>
    80003494:	8981a783          	lw	a5,-1896(gp) # 80004c38 <errno>
    80003498:	c391                	beqz	a5,8000349c <_read_r+0x24>
    8000349a:	c01c                	sw	a5,0(s0)
    8000349c:	60a2                	ld	ra,8(sp)
    8000349e:	6402                	ld	s0,0(sp)
    800034a0:	0141                	addi	sp,sp,16
    800034a2:	8082                	ret

00000000800034a4 <_sbrk_r>:
    800034a4:	1141                	addi	sp,sp,-16
    800034a6:	e022                	sd	s0,0(sp)
    800034a8:	842a                	mv	s0,a0
    800034aa:	852e                	mv	a0,a1
    800034ac:	8801ac23          	sw	zero,-1896(gp) # 80004c38 <errno>
    800034b0:	e406                	sd	ra,8(sp)
    800034b2:	25f000ef          	jal	80003f10 <_sbrk>
    800034b6:	57fd                	li	a5,-1
    800034b8:	00f51663          	bne	a0,a5,800034c4 <_sbrk_r+0x20>
    800034bc:	8981a783          	lw	a5,-1896(gp) # 80004c38 <errno>
    800034c0:	c391                	beqz	a5,800034c4 <_sbrk_r+0x20>
    800034c2:	c01c                	sw	a5,0(s0)
    800034c4:	60a2                	ld	ra,8(sp)
    800034c6:	6402                	ld	s0,0(sp)
    800034c8:	0141                	addi	sp,sp,16
    800034ca:	8082                	ret

00000000800034cc <_write_r>:
    800034cc:	1141                	addi	sp,sp,-16
    800034ce:	e022                	sd	s0,0(sp)
    800034d0:	842a                	mv	s0,a0
    800034d2:	852e                	mv	a0,a1
    800034d4:	85b2                	mv	a1,a2
    800034d6:	8636                	mv	a2,a3
    800034d8:	8801ac23          	sw	zero,-1896(gp) # 80004c38 <errno>
    800034dc:	e406                	sd	ra,8(sp)
    800034de:	26f000ef          	jal	80003f4c <_write>
    800034e2:	57fd                	li	a5,-1
    800034e4:	00f51663          	bne	a0,a5,800034f0 <_write_r+0x24>
    800034e8:	8981a783          	lw	a5,-1896(gp) # 80004c38 <errno>
    800034ec:	c391                	beqz	a5,800034f0 <_write_r+0x24>
    800034ee:	c01c                	sw	a5,0(s0)
    800034f0:	60a2                	ld	ra,8(sp)
    800034f2:	6402                	ld	s0,0(sp)
    800034f4:	0141                	addi	sp,sp,16
    800034f6:	8082                	ret

00000000800034f8 <memmove>:
    800034f8:	c215                	beqz	a2,8000351c <memmove+0x24>
    800034fa:	832a                	mv	t1,a0
    800034fc:	4685                	li	a3,1
    800034fe:	00b56763          	bltu	a0,a1,8000350c <memmove+0x14>
    80003502:	56fd                	li	a3,-1
    80003504:	fff60713          	addi	a4,a2,-1
    80003508:	933a                	add	t1,t1,a4
    8000350a:	95ba                	add	a1,a1,a4
    8000350c:	00058383          	lb	t2,0(a1)
    80003510:	00730023          	sb	t2,0(t1)
    80003514:	167d                	addi	a2,a2,-1
    80003516:	9336                	add	t1,t1,a3
    80003518:	95b6                	add	a1,a1,a3
    8000351a:	fa6d                	bnez	a2,8000350c <memmove+0x14>
    8000351c:	8082                	ret

000000008000351e <memset>:
    8000351e:	832a                	mv	t1,a0
    80003520:	c611                	beqz	a2,8000352c <memset+0xe>
    80003522:	00b30023          	sb	a1,0(t1)
    80003526:	167d                	addi	a2,a2,-1
    80003528:	0305                	addi	t1,t1,1
    8000352a:	fe65                	bnez	a2,80003522 <memset+0x4>
    8000352c:	8082                	ret

000000008000352e <memcpy>:
    8000352e:	832a                	mv	t1,a0
    80003530:	ca09                	beqz	a2,80003542 <memcpy+0x14>
    80003532:	00058383          	lb	t2,0(a1)
    80003536:	00730023          	sb	t2,0(t1)
    8000353a:	167d                	addi	a2,a2,-1
    8000353c:	0305                	addi	t1,t1,1
    8000353e:	0585                	addi	a1,a1,1
    80003540:	fa6d                	bnez	a2,80003532 <memcpy+0x4>
    80003542:	8082                	ret

0000000080003544 <strcmp>:
    80003544:	00054603          	lbu	a2,0(a0)
    80003548:	0005c683          	lbu	a3,0(a1)
    8000354c:	0505                	addi	a0,a0,1
    8000354e:	0585                	addi	a1,a1,1
    80003550:	00d61363          	bne	a2,a3,80003556 <strcmp+0x12>
    80003554:	fa65                	bnez	a2,80003544 <strcmp>
    80003556:	40d60533          	sub	a0,a2,a3
    8000355a:	8082                	ret

000000008000355c <__assert_func>:
    8000355c:	1141                	addi	sp,sp,-16
    8000355e:	00001797          	auipc	a5,0x1
    80003562:	6427b783          	ld	a5,1602(a5) # 80004ba0 <_impure_ptr>
    80003566:	8832                	mv	a6,a2
    80003568:	e406                	sd	ra,8(sp)
    8000356a:	88aa                	mv	a7,a0
    8000356c:	872e                	mv	a4,a1
    8000356e:	6f88                	ld	a0,24(a5)
    80003570:	8636                	mv	a2,a3
    80003572:	00001797          	auipc	a5,0x1
    80003576:	e9678793          	addi	a5,a5,-362 # 80004408 <__tbss_end+0x212>
    8000357a:	00081763          	bnez	a6,80003588 <__assert_func+0x2c>
    8000357e:	00001797          	auipc	a5,0x1
    80003582:	cda78793          	addi	a5,a5,-806 # 80004258 <__tbss_end+0x62>
    80003586:	883e                	mv	a6,a5
    80003588:	86c6                	mv	a3,a7
    8000358a:	00001597          	auipc	a1,0x1
    8000358e:	e8e58593          	addi	a1,a1,-370 # 80004418 <__tbss_end+0x222>
    80003592:	39c000ef          	jal	8000392e <fiprintf>
    80003596:	50e000ef          	jal	80003aa4 <abort>

000000008000359a <__assert>:
    8000359a:	1141                	addi	sp,sp,-16
    8000359c:	86b2                	mv	a3,a2
    8000359e:	4601                	li	a2,0
    800035a0:	e406                	sd	ra,8(sp)
    800035a2:	fbbff0ef          	jal	8000355c <__assert_func>

00000000800035a6 <_calloc_r>:
    800035a6:	02c5b733          	mulhu	a4,a1,a2
    800035aa:	1101                	addi	sp,sp,-32
    800035ac:	ec06                	sd	ra,24(sp)
    800035ae:	e822                	sd	s0,16(sp)
    800035b0:	02c58633          	mul	a2,a1,a2
    800035b4:	cb09                	beqz	a4,800035c6 <_calloc_r+0x20>
    800035b6:	4731                	li	a4,12
    800035b8:	c118                	sw	a4,0(a0)
    800035ba:	4401                	li	s0,0
    800035bc:	60e2                	ld	ra,24(sp)
    800035be:	8522                	mv	a0,s0
    800035c0:	6442                	ld	s0,16(sp)
    800035c2:	6105                	addi	sp,sp,32
    800035c4:	8082                	ret
    800035c6:	85b2                	mv	a1,a2
    800035c8:	e432                	sd	a2,8(sp)
    800035ca:	d2efe0ef          	jal	80001af8 <_malloc_r>
    800035ce:	842a                	mv	s0,a0
    800035d0:	d575                	beqz	a0,800035bc <_calloc_r+0x16>
    800035d2:	6622                	ld	a2,8(sp)
    800035d4:	4581                	li	a1,0
    800035d6:	f49ff0ef          	jal	8000351e <memset>
    800035da:	b7cd                	j	800035bc <_calloc_r+0x16>

00000000800035dc <_free_r>:
    800035dc:	c1c5                	beqz	a1,8000367c <_free_r+0xa0>
    800035de:	ff85b783          	ld	a5,-8(a1)
    800035e2:	1101                	addi	sp,sp,-32
    800035e4:	e822                	sd	s0,16(sp)
    800035e6:	ec06                	sd	ra,24(sp)
    800035e8:	ff858413          	addi	s0,a1,-8
    800035ec:	0007d363          	bgez	a5,800035f2 <_free_r+0x16>
    800035f0:	943e                	add	s0,s0,a5
    800035f2:	e42a                	sd	a0,8(sp)
    800035f4:	e34fe0ef          	jal	80001c28 <__malloc_lock>
    800035f8:	88018713          	addi	a4,gp,-1920 # 80004c20 <__malloc_free_list>
    800035fc:	631c                	ld	a5,0(a4)
    800035fe:	6522                	ld	a0,8(sp)
    80003600:	eb89                	bnez	a5,80003612 <_free_r+0x36>
    80003602:	00043423          	sd	zero,8(s0)
    80003606:	e300                	sd	s0,0(a4)
    80003608:	6442                	ld	s0,16(sp)
    8000360a:	60e2                	ld	ra,24(sp)
    8000360c:	6105                	addi	sp,sp,32
    8000360e:	e1cfe06f          	j	80001c2a <__malloc_unlock>
    80003612:	00f47d63          	bgeu	s0,a5,8000362c <_free_r+0x50>
    80003616:	6010                	ld	a2,0(s0)
    80003618:	00c406b3          	add	a3,s0,a2
    8000361c:	00d79663          	bne	a5,a3,80003628 <_free_r+0x4c>
    80003620:	6394                	ld	a3,0(a5)
    80003622:	679c                	ld	a5,8(a5)
    80003624:	96b2                	add	a3,a3,a2
    80003626:	e014                	sd	a3,0(s0)
    80003628:	e41c                	sd	a5,8(s0)
    8000362a:	bff1                	j	80003606 <_free_r+0x2a>
    8000362c:	873e                	mv	a4,a5
    8000362e:	679c                	ld	a5,8(a5)
    80003630:	c399                	beqz	a5,80003636 <_free_r+0x5a>
    80003632:	fef47de3          	bgeu	s0,a5,8000362c <_free_r+0x50>
    80003636:	6314                	ld	a3,0(a4)
    80003638:	00d70633          	add	a2,a4,a3
    8000363c:	00861f63          	bne	a2,s0,8000365a <_free_r+0x7e>
    80003640:	6010                	ld	a2,0(s0)
    80003642:	96b2                	add	a3,a3,a2
    80003644:	e314                	sd	a3,0(a4)
    80003646:	00d70633          	add	a2,a4,a3
    8000364a:	fac79fe3          	bne	a5,a2,80003608 <_free_r+0x2c>
    8000364e:	6390                	ld	a2,0(a5)
    80003650:	679c                	ld	a5,8(a5)
    80003652:	96b2                	add	a3,a3,a2
    80003654:	e314                	sd	a3,0(a4)
    80003656:	e71c                	sd	a5,8(a4)
    80003658:	bf45                	j	80003608 <_free_r+0x2c>
    8000365a:	00c47563          	bgeu	s0,a2,80003664 <_free_r+0x88>
    8000365e:	47b1                	li	a5,12
    80003660:	c11c                	sw	a5,0(a0)
    80003662:	b75d                	j	80003608 <_free_r+0x2c>
    80003664:	6010                	ld	a2,0(s0)
    80003666:	00c406b3          	add	a3,s0,a2
    8000366a:	00d79663          	bne	a5,a3,80003676 <_free_r+0x9a>
    8000366e:	6394                	ld	a3,0(a5)
    80003670:	679c                	ld	a5,8(a5)
    80003672:	96b2                	add	a3,a3,a2
    80003674:	e014                	sd	a3,0(s0)
    80003676:	e41c                	sd	a5,8(s0)
    80003678:	e700                	sd	s0,8(a4)
    8000367a:	b779                	j	80003608 <_free_r+0x2c>
    8000367c:	8082                	ret

000000008000367e <_mbtowc_r>:
    8000367e:	00001797          	auipc	a5,0x1
    80003682:	4627b783          	ld	a5,1122(a5) # 80004ae0 <__global_locale+0xe8>
    80003686:	8782                	jr	a5

0000000080003688 <__ascii_mbtowc>:
    80003688:	e185                	bnez	a1,800036a8 <__ascii_mbtowc+0x20>
    8000368a:	1141                	addi	sp,sp,-16
    8000368c:	006c                	addi	a1,sp,12
    8000368e:	4501                	li	a0,0
    80003690:	ca11                	beqz	a2,800036a4 <__ascii_mbtowc+0x1c>
    80003692:	5579                	li	a0,-2
    80003694:	ca81                	beqz	a3,800036a4 <__ascii_mbtowc+0x1c>
    80003696:	00064783          	lbu	a5,0(a2)
    8000369a:	c19c                	sw	a5,0(a1)
    8000369c:	00064503          	lbu	a0,0(a2)
    800036a0:	00a03533          	snez	a0,a0
    800036a4:	0141                	addi	sp,sp,16
    800036a6:	8082                	ret
    800036a8:	4501                	li	a0,0
    800036aa:	ca19                	beqz	a2,800036c0 <__ascii_mbtowc+0x38>
    800036ac:	5579                	li	a0,-2
    800036ae:	ca89                	beqz	a3,800036c0 <__ascii_mbtowc+0x38>
    800036b0:	00064783          	lbu	a5,0(a2)
    800036b4:	c19c                	sw	a5,0(a1)
    800036b6:	00064503          	lbu	a0,0(a2)
    800036ba:	00a03533          	snez	a0,a0
    800036be:	8082                	ret
    800036c0:	8082                	ret

00000000800036c2 <_realloc_r>:
    800036c2:	7179                	addi	sp,sp,-48
    800036c4:	f022                	sd	s0,32(sp)
    800036c6:	f406                	sd	ra,40(sp)
    800036c8:	ec26                	sd	s1,24(sp)
    800036ca:	e84a                	sd	s2,16(sp)
    800036cc:	e44e                	sd	s3,8(sp)
    800036ce:	e052                	sd	s4,0(sp)
    800036d0:	8432                	mv	s0,a2
    800036d2:	e999                	bnez	a1,800036e8 <_realloc_r+0x26>
    800036d4:	7402                	ld	s0,32(sp)
    800036d6:	70a2                	ld	ra,40(sp)
    800036d8:	64e2                	ld	s1,24(sp)
    800036da:	6942                	ld	s2,16(sp)
    800036dc:	69a2                	ld	s3,8(sp)
    800036de:	6a02                	ld	s4,0(sp)
    800036e0:	85b2                	mv	a1,a2
    800036e2:	6145                	addi	sp,sp,48
    800036e4:	c14fe06f          	j	80001af8 <_malloc_r>
    800036e8:	ee09                	bnez	a2,80003702 <_realloc_r+0x40>
    800036ea:	ef3ff0ef          	jal	800035dc <_free_r>
    800036ee:	4481                	li	s1,0
    800036f0:	70a2                	ld	ra,40(sp)
    800036f2:	7402                	ld	s0,32(sp)
    800036f4:	6942                	ld	s2,16(sp)
    800036f6:	69a2                	ld	s3,8(sp)
    800036f8:	6a02                	ld	s4,0(sp)
    800036fa:	8526                	mv	a0,s1
    800036fc:	64e2                	ld	s1,24(sp)
    800036fe:	6145                	addi	sp,sp,48
    80003700:	8082                	ret
    80003702:	8a2a                	mv	s4,a0
    80003704:	84ae                	mv	s1,a1
    80003706:	3ae000ef          	jal	80003ab4 <_malloc_usable_size_r>
    8000370a:	892a                	mv	s2,a0
    8000370c:	00856663          	bltu	a0,s0,80003718 <_realloc_r+0x56>
    80003710:	00155793          	srli	a5,a0,0x1
    80003714:	fc87eee3          	bltu	a5,s0,800036f0 <_realloc_r+0x2e>
    80003718:	85a2                	mv	a1,s0
    8000371a:	8552                	mv	a0,s4
    8000371c:	bdcfe0ef          	jal	80001af8 <_malloc_r>
    80003720:	89aa                	mv	s3,a0
    80003722:	e119                	bnez	a0,80003728 <_realloc_r+0x66>
    80003724:	84ce                	mv	s1,s3
    80003726:	b7e9                	j	800036f0 <_realloc_r+0x2e>
    80003728:	8622                	mv	a2,s0
    8000372a:	00897363          	bgeu	s2,s0,80003730 <_realloc_r+0x6e>
    8000372e:	864a                	mv	a2,s2
    80003730:	85a6                	mv	a1,s1
    80003732:	854e                	mv	a0,s3
    80003734:	dfbff0ef          	jal	8000352e <memcpy>
    80003738:	85a6                	mv	a1,s1
    8000373a:	8552                	mv	a0,s4
    8000373c:	ea1ff0ef          	jal	800035dc <_free_r>
    80003740:	b7d5                	j	80003724 <_realloc_r+0x62>

0000000080003742 <_wctomb_r>:
    80003742:	00001797          	auipc	a5,0x1
    80003746:	3967b783          	ld	a5,918(a5) # 80004ad8 <__global_locale+0xe0>
    8000374a:	8782                	jr	a5

000000008000374c <__ascii_wctomb>:
    8000374c:	0006071b          	sext.w	a4,a2
    80003750:	cd91                	beqz	a1,8000376c <__ascii_wctomb+0x20>
    80003752:	0ff00793          	li	a5,255
    80003756:	00e7f763          	bgeu	a5,a4,80003764 <__ascii_wctomb+0x18>
    8000375a:	08a00793          	li	a5,138
    8000375e:	c11c                	sw	a5,0(a0)
    80003760:	557d                	li	a0,-1
    80003762:	8082                	ret
    80003764:	00c58023          	sb	a2,0(a1)
    80003768:	4505                	li	a0,1
    8000376a:	8082                	ret
    8000376c:	4501                	li	a0,0
    8000376e:	8082                	ret

0000000080003770 <__sflush_r>:
    80003770:	01059783          	lh	a5,16(a1)
    80003774:	7179                	addi	sp,sp,-48
    80003776:	f022                	sd	s0,32(sp)
    80003778:	ec26                	sd	s1,24(sp)
    8000377a:	f406                	sd	ra,40(sp)
    8000377c:	e84a                	sd	s2,16(sp)
    8000377e:	e44e                	sd	s3,8(sp)
    80003780:	0087f713          	andi	a4,a5,8
    80003784:	84aa                	mv	s1,a0
    80003786:	842e                	mv	s0,a1
    80003788:	eb69                	bnez	a4,8000385a <__sflush_r+0xea>
    8000378a:	4598                	lw	a4,8(a1)
    8000378c:	00e04563          	bgtz	a4,80003796 <__sflush_r+0x26>
    80003790:	5db8                	lw	a4,120(a1)
    80003792:	0ae05b63          	blez	a4,80003848 <__sflush_r+0xd8>
    80003796:	6838                	ld	a4,80(s0)
    80003798:	cb45                	beqz	a4,80003848 <__sflush_r+0xd8>
    8000379a:	0004a903          	lw	s2,0(s1)
    8000379e:	03379693          	slli	a3,a5,0x33
    800037a2:	0004a023          	sw	zero,0(s1)
    800037a6:	7c0c                	ld	a1,56(s0)
    800037a8:	0606de63          	bgez	a3,80003824 <__sflush_r+0xb4>
    800037ac:	6c50                	ld	a2,152(s0)
    800037ae:	01045783          	lhu	a5,16(s0)
    800037b2:	8b91                	andi	a5,a5,4
    800037b4:	c799                	beqz	a5,800037c2 <__sflush_r+0x52>
    800037b6:	441c                	lw	a5,8(s0)
    800037b8:	8e1d                	sub	a2,a2,a5
    800037ba:	703c                	ld	a5,96(s0)
    800037bc:	c399                	beqz	a5,800037c2 <__sflush_r+0x52>
    800037be:	5c3c                	lw	a5,120(s0)
    800037c0:	8e1d                	sub	a2,a2,a5
    800037c2:	683c                	ld	a5,80(s0)
    800037c4:	7c0c                	ld	a1,56(s0)
    800037c6:	4681                	li	a3,0
    800037c8:	8526                	mv	a0,s1
    800037ca:	9782                	jalr	a5
    800037cc:	577d                	li	a4,-1
    800037ce:	01045783          	lhu	a5,16(s0)
    800037d2:	00e51d63          	bne	a0,a4,800037ec <__sflush_r+0x7c>
    800037d6:	4094                	lw	a3,0(s1)
    800037d8:	4775                	li	a4,29
    800037da:	06d76963          	bltu	a4,a3,8000384c <__sflush_r+0xdc>
    800037de:	20400737          	lui	a4,0x20400
    800037e2:	0705                	addi	a4,a4,1 # 20400001 <__heap_size+0x203e0001>
    800037e4:	00d75733          	srl	a4,a4,a3
    800037e8:	8b05                	andi	a4,a4,1
    800037ea:	c32d                	beqz	a4,8000384c <__sflush_r+0xdc>
    800037ec:	6c18                	ld	a4,24(s0)
    800037ee:	00042423          	sw	zero,8(s0)
    800037f2:	e018                	sd	a4,0(s0)
    800037f4:	03379713          	slli	a4,a5,0x33
    800037f8:	00075863          	bgez	a4,80003808 <__sflush_r+0x98>
    800037fc:	57fd                	li	a5,-1
    800037fe:	00f51463          	bne	a0,a5,80003806 <__sflush_r+0x96>
    80003802:	409c                	lw	a5,0(s1)
    80003804:	e391                	bnez	a5,80003808 <__sflush_r+0x98>
    80003806:	ec48                	sd	a0,152(s0)
    80003808:	702c                	ld	a1,96(s0)
    8000380a:	0124a023          	sw	s2,0(s1)
    8000380e:	cd8d                	beqz	a1,80003848 <__sflush_r+0xd8>
    80003810:	07c40793          	addi	a5,s0,124
    80003814:	00f58563          	beq	a1,a5,8000381e <__sflush_r+0xae>
    80003818:	8526                	mv	a0,s1
    8000381a:	dc3ff0ef          	jal	800035dc <_free_r>
    8000381e:	06043023          	sd	zero,96(s0)
    80003822:	a01d                	j	80003848 <__sflush_r+0xd8>
    80003824:	4601                	li	a2,0
    80003826:	4685                	li	a3,1
    80003828:	8526                	mv	a0,s1
    8000382a:	9702                	jalr	a4
    8000382c:	57fd                	li	a5,-1
    8000382e:	862a                	mv	a2,a0
    80003830:	f6f51fe3          	bne	a0,a5,800037ae <__sflush_r+0x3e>
    80003834:	409c                	lw	a5,0(s1)
    80003836:	dfa5                	beqz	a5,800037ae <__sflush_r+0x3e>
    80003838:	4775                	li	a4,29
    8000383a:	00e78563          	beq	a5,a4,80003844 <__sflush_r+0xd4>
    8000383e:	4759                	li	a4,22
    80003840:	04e79663          	bne	a5,a4,8000388c <__sflush_r+0x11c>
    80003844:	0124a023          	sw	s2,0(s1)
    80003848:	4501                	li	a0,0
    8000384a:	a881                	j	8000389a <__sflush_r+0x12a>
    8000384c:	0407e793          	ori	a5,a5,64
    80003850:	0107979b          	slliw	a5,a5,0x10
    80003854:	4107d79b          	sraiw	a5,a5,0x10
    80003858:	a835                	j	80003894 <__sflush_r+0x124>
    8000385a:	0185b983          	ld	s3,24(a1)
    8000385e:	fe0985e3          	beqz	s3,80003848 <__sflush_r+0xd8>
    80003862:	0005b903          	ld	s2,0(a1)
    80003866:	8b8d                	andi	a5,a5,3
    80003868:	0135b023          	sd	s3,0(a1)
    8000386c:	4139093b          	subw	s2,s2,s3
    80003870:	4701                	li	a4,0
    80003872:	e391                	bnez	a5,80003876 <__sflush_r+0x106>
    80003874:	5198                	lw	a4,32(a1)
    80003876:	c458                	sw	a4,12(s0)
    80003878:	fd2058e3          	blez	s2,80003848 <__sflush_r+0xd8>
    8000387c:	643c                	ld	a5,72(s0)
    8000387e:	7c0c                	ld	a1,56(s0)
    80003880:	86ca                	mv	a3,s2
    80003882:	864e                	mv	a2,s3
    80003884:	8526                	mv	a0,s1
    80003886:	9782                	jalr	a5
    80003888:	02a04063          	bgtz	a0,800038a8 <__sflush_r+0x138>
    8000388c:	01041783          	lh	a5,16(s0)
    80003890:	0407e793          	ori	a5,a5,64
    80003894:	00f41823          	sh	a5,16(s0)
    80003898:	557d                	li	a0,-1
    8000389a:	70a2                	ld	ra,40(sp)
    8000389c:	7402                	ld	s0,32(sp)
    8000389e:	64e2                	ld	s1,24(sp)
    800038a0:	6942                	ld	s2,16(sp)
    800038a2:	69a2                	ld	s3,8(sp)
    800038a4:	6145                	addi	sp,sp,48
    800038a6:	8082                	ret
    800038a8:	99aa                	add	s3,s3,a0
    800038aa:	40a9093b          	subw	s2,s2,a0
    800038ae:	b7e9                	j	80003878 <__sflush_r+0x108>

00000000800038b0 <_fflush_r>:
    800038b0:	6d9c                	ld	a5,24(a1)
    800038b2:	cb8d                	beqz	a5,800038e4 <_fflush_r+0x34>
    800038b4:	1101                	addi	sp,sp,-32
    800038b6:	e822                	sd	s0,16(sp)
    800038b8:	ec06                	sd	ra,24(sp)
    800038ba:	842a                	mv	s0,a0
    800038bc:	c519                	beqz	a0,800038ca <_fflush_r+0x1a>
    800038be:	613c                	ld	a5,64(a0)
    800038c0:	e789                	bnez	a5,800038ca <_fflush_r+0x1a>
    800038c2:	e42e                	sd	a1,8(sp)
    800038c4:	c60ff0ef          	jal	80002d24 <__sinit>
    800038c8:	65a2                	ld	a1,8(sp)
    800038ca:	01059783          	lh	a5,16(a1)
    800038ce:	c791                	beqz	a5,800038da <_fflush_r+0x2a>
    800038d0:	8522                	mv	a0,s0
    800038d2:	6442                	ld	s0,16(sp)
    800038d4:	60e2                	ld	ra,24(sp)
    800038d6:	6105                	addi	sp,sp,32
    800038d8:	bd61                	j	80003770 <__sflush_r>
    800038da:	60e2                	ld	ra,24(sp)
    800038dc:	6442                	ld	s0,16(sp)
    800038de:	4501                	li	a0,0
    800038e0:	6105                	addi	sp,sp,32
    800038e2:	8082                	ret
    800038e4:	4501                	li	a0,0
    800038e6:	8082                	ret

00000000800038e8 <fflush>:
    800038e8:	85aa                	mv	a1,a0
    800038ea:	ed19                	bnez	a0,80003908 <fflush+0x20>
    800038ec:	00001617          	auipc	a2,0x1
    800038f0:	0f460613          	addi	a2,a2,244 # 800049e0 <__sglue>
    800038f4:	00000597          	auipc	a1,0x0
    800038f8:	fbc58593          	addi	a1,a1,-68 # 800038b0 <_fflush_r>
    800038fc:	00001517          	auipc	a0,0x1
    80003900:	05450513          	addi	a0,a0,84 # 80004950 <_impure_data>
    80003904:	f3aff06f          	j	8000303e <_fwalk_sglue>
    80003908:	00001517          	auipc	a0,0x1
    8000390c:	29853503          	ld	a0,664(a0) # 80004ba0 <_impure_ptr>
    80003910:	b745                	j	800038b0 <_fflush_r>

0000000080003912 <_fiprintf_r>:
    80003912:	715d                	addi	sp,sp,-80
    80003914:	f436                	sd	a3,40(sp)
    80003916:	1034                	addi	a3,sp,40
    80003918:	ec06                	sd	ra,24(sp)
    8000391a:	f83a                	sd	a4,48(sp)
    8000391c:	fc3e                	sd	a5,56(sp)
    8000391e:	e0c2                	sd	a6,64(sp)
    80003920:	e4c6                	sd	a7,72(sp)
    80003922:	e436                	sd	a3,8(sp)
    80003924:	fb5fe0ef          	jal	800028d8 <_vfiprintf_r>
    80003928:	60e2                	ld	ra,24(sp)
    8000392a:	6161                	addi	sp,sp,80
    8000392c:	8082                	ret

000000008000392e <fiprintf>:
    8000392e:	715d                	addi	sp,sp,-80
    80003930:	f032                	sd	a2,32(sp)
    80003932:	f436                	sd	a3,40(sp)
    80003934:	862e                	mv	a2,a1
    80003936:	1014                	addi	a3,sp,32
    80003938:	85aa                	mv	a1,a0
    8000393a:	00001517          	auipc	a0,0x1
    8000393e:	26653503          	ld	a0,614(a0) # 80004ba0 <_impure_ptr>
    80003942:	ec06                	sd	ra,24(sp)
    80003944:	f83a                	sd	a4,48(sp)
    80003946:	fc3e                	sd	a5,56(sp)
    80003948:	e0c2                	sd	a6,64(sp)
    8000394a:	e4c6                	sd	a7,72(sp)
    8000394c:	e436                	sd	a3,8(sp)
    8000394e:	f8bfe0ef          	jal	800028d8 <_vfiprintf_r>
    80003952:	60e2                	ld	ra,24(sp)
    80003954:	6161                	addi	sp,sp,80
    80003956:	8082                	ret

0000000080003958 <__swhatbuf_r>:
    80003958:	7175                	addi	sp,sp,-144
    8000395a:	e122                	sd	s0,128(sp)
    8000395c:	842e                	mv	s0,a1
    8000395e:	01259583          	lh	a1,18(a1)
    80003962:	fca6                	sd	s1,120(sp)
    80003964:	f8ca                	sd	s2,112(sp)
    80003966:	e506                	sd	ra,136(sp)
    80003968:	84b2                	mv	s1,a2
    8000396a:	8936                	mv	s2,a3
    8000396c:	0205d363          	bgez	a1,80003992 <__swhatbuf_r+0x3a>
    80003970:	01045783          	lhu	a5,16(s0)
    80003974:	0807f793          	andi	a5,a5,128
    80003978:	eb95                	bnez	a5,800039ac <__swhatbuf_r+0x54>
    8000397a:	40000713          	li	a4,1024
    8000397e:	60aa                	ld	ra,136(sp)
    80003980:	640a                	ld	s0,128(sp)
    80003982:	00f92023          	sw	a5,0(s2)
    80003986:	e098                	sd	a4,0(s1)
    80003988:	7946                	ld	s2,112(sp)
    8000398a:	74e6                	ld	s1,120(sp)
    8000398c:	4501                	li	a0,0
    8000398e:	6149                	addi	sp,sp,144
    80003990:	8082                	ret
    80003992:	0030                	addi	a2,sp,8
    80003994:	0be000ef          	jal	80003a52 <_fstat_r>
    80003998:	fc054ce3          	bltz	a0,80003970 <__swhatbuf_r+0x18>
    8000399c:	47b2                	lw	a5,12(sp)
    8000399e:	673d                	lui	a4,0xf
    800039a0:	8ff9                	and	a5,a5,a4
    800039a2:	6709                	lui	a4,0x2
    800039a4:	8f99                	sub	a5,a5,a4
    800039a6:	0017b793          	seqz	a5,a5
    800039aa:	bfc1                	j	8000397a <__swhatbuf_r+0x22>
    800039ac:	4781                	li	a5,0
    800039ae:	04000713          	li	a4,64
    800039b2:	b7f1                	j	8000397e <__swhatbuf_r+0x26>

00000000800039b4 <__smakebuf_r>:
    800039b4:	0105d783          	lhu	a5,16(a1)
    800039b8:	7139                	addi	sp,sp,-64
    800039ba:	f822                	sd	s0,48(sp)
    800039bc:	fc06                	sd	ra,56(sp)
    800039be:	f426                	sd	s1,40(sp)
    800039c0:	f04a                	sd	s2,32(sp)
    800039c2:	ec4e                	sd	s3,24(sp)
    800039c4:	8b89                	andi	a5,a5,2
    800039c6:	842e                	mv	s0,a1
    800039c8:	cf91                	beqz	a5,800039e4 <__smakebuf_r+0x30>
    800039ca:	07f40793          	addi	a5,s0,127
    800039ce:	e01c                	sd	a5,0(s0)
    800039d0:	ec1c                	sd	a5,24(s0)
    800039d2:	4785                	li	a5,1
    800039d4:	d01c                	sw	a5,32(s0)
    800039d6:	70e2                	ld	ra,56(sp)
    800039d8:	7442                	ld	s0,48(sp)
    800039da:	74a2                	ld	s1,40(sp)
    800039dc:	7902                	ld	s2,32(sp)
    800039de:	69e2                	ld	s3,24(sp)
    800039e0:	6121                	addi	sp,sp,64
    800039e2:	8082                	ret
    800039e4:	0054                	addi	a3,sp,4
    800039e6:	0030                	addi	a2,sp,8
    800039e8:	84aa                	mv	s1,a0
    800039ea:	f6fff0ef          	jal	80003958 <__swhatbuf_r>
    800039ee:	69a2                	ld	s3,8(sp)
    800039f0:	892a                	mv	s2,a0
    800039f2:	8526                	mv	a0,s1
    800039f4:	85ce                	mv	a1,s3
    800039f6:	902fe0ef          	jal	80001af8 <_malloc_r>
    800039fa:	ed01                	bnez	a0,80003a12 <__smakebuf_r+0x5e>
    800039fc:	01041783          	lh	a5,16(s0)
    80003a00:	2007f713          	andi	a4,a5,512
    80003a04:	fb69                	bnez	a4,800039d6 <__smakebuf_r+0x22>
    80003a06:	9bf1                	andi	a5,a5,-4
    80003a08:	0027e793          	ori	a5,a5,2
    80003a0c:	00f41823          	sh	a5,16(s0)
    80003a10:	bf6d                	j	800039ca <__smakebuf_r+0x16>
    80003a12:	01045783          	lhu	a5,16(s0)
    80003a16:	e008                	sd	a0,0(s0)
    80003a18:	ec08                	sd	a0,24(s0)
    80003a1a:	0807e793          	ori	a5,a5,128
    80003a1e:	00f41823          	sh	a5,16(s0)
    80003a22:	4792                	lw	a5,4(sp)
    80003a24:	03342023          	sw	s3,32(s0)
    80003a28:	cf91                	beqz	a5,80003a44 <__smakebuf_r+0x90>
    80003a2a:	01241583          	lh	a1,18(s0)
    80003a2e:	8526                	mv	a0,s1
    80003a30:	04c000ef          	jal	80003a7c <_isatty_r>
    80003a34:	c901                	beqz	a0,80003a44 <__smakebuf_r+0x90>
    80003a36:	01045783          	lhu	a5,16(s0)
    80003a3a:	9bf1                	andi	a5,a5,-4
    80003a3c:	0017e793          	ori	a5,a5,1
    80003a40:	00f41823          	sh	a5,16(s0)
    80003a44:	01045783          	lhu	a5,16(s0)
    80003a48:	0127e533          	or	a0,a5,s2
    80003a4c:	00a41823          	sh	a0,16(s0)
    80003a50:	b759                	j	800039d6 <__smakebuf_r+0x22>

0000000080003a52 <_fstat_r>:
    80003a52:	1141                	addi	sp,sp,-16
    80003a54:	e022                	sd	s0,0(sp)
    80003a56:	842a                	mv	s0,a0
    80003a58:	852e                	mv	a0,a1
    80003a5a:	85b2                	mv	a1,a2
    80003a5c:	8801ac23          	sw	zero,-1896(gp) # 80004c38 <errno>
    80003a60:	e406                	sd	ra,8(sp)
    80003a62:	450000ef          	jal	80003eb2 <_fstat>
    80003a66:	57fd                	li	a5,-1
    80003a68:	00f51663          	bne	a0,a5,80003a74 <_fstat_r+0x22>
    80003a6c:	8981a783          	lw	a5,-1896(gp) # 80004c38 <errno>
    80003a70:	c391                	beqz	a5,80003a74 <_fstat_r+0x22>
    80003a72:	c01c                	sw	a5,0(s0)
    80003a74:	60a2                	ld	ra,8(sp)
    80003a76:	6402                	ld	s0,0(sp)
    80003a78:	0141                	addi	sp,sp,16
    80003a7a:	8082                	ret

0000000080003a7c <_isatty_r>:
    80003a7c:	1141                	addi	sp,sp,-16
    80003a7e:	e022                	sd	s0,0(sp)
    80003a80:	842a                	mv	s0,a0
    80003a82:	852e                	mv	a0,a1
    80003a84:	8801ac23          	sw	zero,-1896(gp) # 80004c38 <errno>
    80003a88:	e406                	sd	ra,8(sp)
    80003a8a:	440000ef          	jal	80003eca <_isatty>
    80003a8e:	57fd                	li	a5,-1
    80003a90:	00f51663          	bne	a0,a5,80003a9c <_isatty_r+0x20>
    80003a94:	8981a783          	lw	a5,-1896(gp) # 80004c38 <errno>
    80003a98:	c391                	beqz	a5,80003a9c <_isatty_r+0x20>
    80003a9a:	c01c                	sw	a5,0(s0)
    80003a9c:	60a2                	ld	ra,8(sp)
    80003a9e:	6402                	ld	s0,0(sp)
    80003aa0:	0141                	addi	sp,sp,16
    80003aa2:	8082                	ret

0000000080003aa4 <abort>:
    80003aa4:	1141                	addi	sp,sp,-16
    80003aa6:	4519                	li	a0,6
    80003aa8:	e406                	sd	ra,8(sp)
    80003aaa:	156000ef          	jal	80003c00 <raise>
    80003aae:	4505                	li	a0,1
    80003ab0:	3e0000ef          	jal	80003e90 <_exit>

0000000080003ab4 <_malloc_usable_size_r>:
    80003ab4:	ff85b503          	ld	a0,-8(a1)
    80003ab8:	0005079b          	sext.w	a5,a0
    80003abc:	1561                	addi	a0,a0,-8
    80003abe:	0007d663          	bgez	a5,80003aca <_malloc_usable_size_r+0x16>
    80003ac2:	95aa                	add	a1,a1,a0
    80003ac4:	6188                	ld	a0,0(a1)
    80003ac6:	17e1                	addi	a5,a5,-8
    80003ac8:	953e                	add	a0,a0,a5
    80003aca:	8082                	ret

0000000080003acc <_init_signal_r>:
    80003acc:	793c                	ld	a5,112(a0)
    80003ace:	eb95                	bnez	a5,80003b02 <_init_signal_r+0x36>
    80003ad0:	1141                	addi	sp,sp,-16
    80003ad2:	10000593          	li	a1,256
    80003ad6:	e022                	sd	s0,0(sp)
    80003ad8:	e406                	sd	ra,8(sp)
    80003ada:	842a                	mv	s0,a0
    80003adc:	81cfe0ef          	jal	80001af8 <_malloc_r>
    80003ae0:	87aa                	mv	a5,a0
    80003ae2:	f828                	sd	a0,112(s0)
    80003ae4:	557d                	li	a0,-1
    80003ae6:	cb91                	beqz	a5,80003afa <_init_signal_r+0x2e>
    80003ae8:	853e                	mv	a0,a5
    80003aea:	10078793          	addi	a5,a5,256
    80003aee:	00053023          	sd	zero,0(a0)
    80003af2:	0521                	addi	a0,a0,8
    80003af4:	fef51de3          	bne	a0,a5,80003aee <_init_signal_r+0x22>
    80003af8:	4501                	li	a0,0
    80003afa:	60a2                	ld	ra,8(sp)
    80003afc:	6402                	ld	s0,0(sp)
    80003afe:	0141                	addi	sp,sp,16
    80003b00:	8082                	ret
    80003b02:	4501                	li	a0,0
    80003b04:	8082                	ret

0000000080003b06 <_signal_r>:
    80003b06:	1101                	addi	sp,sp,-32
    80003b08:	e426                	sd	s1,8(sp)
    80003b0a:	ec06                	sd	ra,24(sp)
    80003b0c:	e822                	sd	s0,16(sp)
    80003b0e:	e04a                	sd	s2,0(sp)
    80003b10:	47fd                	li	a5,31
    80003b12:	84aa                	mv	s1,a0
    80003b14:	00b7f663          	bgeu	a5,a1,80003b20 <_signal_r+0x1a>
    80003b18:	47d9                	li	a5,22
    80003b1a:	c11c                	sw	a5,0(a0)
    80003b1c:	557d                	li	a0,-1
    80003b1e:	a819                	j	80003b34 <_signal_r+0x2e>
    80003b20:	793c                	ld	a5,112(a0)
    80003b22:	842e                	mv	s0,a1
    80003b24:	8932                	mv	s2,a2
    80003b26:	cf89                	beqz	a5,80003b40 <_signal_r+0x3a>
    80003b28:	78bc                	ld	a5,112(s1)
    80003b2a:	040e                	slli	s0,s0,0x3
    80003b2c:	97a2                	add	a5,a5,s0
    80003b2e:	6388                	ld	a0,0(a5)
    80003b30:	0127b023          	sd	s2,0(a5)
    80003b34:	60e2                	ld	ra,24(sp)
    80003b36:	6442                	ld	s0,16(sp)
    80003b38:	64a2                	ld	s1,8(sp)
    80003b3a:	6902                	ld	s2,0(sp)
    80003b3c:	6105                	addi	sp,sp,32
    80003b3e:	8082                	ret
    80003b40:	f8dff0ef          	jal	80003acc <_init_signal_r>
    80003b44:	d175                	beqz	a0,80003b28 <_signal_r+0x22>
    80003b46:	bfd9                	j	80003b1c <_signal_r+0x16>

0000000080003b48 <_raise_r>:
    80003b48:	1101                	addi	sp,sp,-32
    80003b4a:	e822                	sd	s0,16(sp)
    80003b4c:	ec06                	sd	ra,24(sp)
    80003b4e:	47fd                	li	a5,31
    80003b50:	842a                	mv	s0,a0
    80003b52:	00b7f963          	bgeu	a5,a1,80003b64 <_raise_r+0x1c>
    80003b56:	47d9                	li	a5,22
    80003b58:	c11c                	sw	a5,0(a0)
    80003b5a:	557d                	li	a0,-1
    80003b5c:	60e2                	ld	ra,24(sp)
    80003b5e:	6442                	ld	s0,16(sp)
    80003b60:	6105                	addi	sp,sp,32
    80003b62:	8082                	ret
    80003b64:	793c                	ld	a5,112(a0)
    80003b66:	862e                	mv	a2,a1
    80003b68:	c791                	beqz	a5,80003b74 <_raise_r+0x2c>
    80003b6a:	00359713          	slli	a4,a1,0x3
    80003b6e:	97ba                	add	a5,a5,a4
    80003b70:	6398                	ld	a4,0(a5)
    80003b72:	ef01                	bnez	a4,80003b8a <_raise_r+0x42>
    80003b74:	8522                	mv	a0,s0
    80003b76:	e432                	sd	a2,8(sp)
    80003b78:	0e2000ef          	jal	80003c5a <_getpid_r>
    80003b7c:	85aa                	mv	a1,a0
    80003b7e:	8522                	mv	a0,s0
    80003b80:	6442                	ld	s0,16(sp)
    80003b82:	6622                	ld	a2,8(sp)
    80003b84:	60e2                	ld	ra,24(sp)
    80003b86:	6105                	addi	sp,sp,32
    80003b88:	a065                	j	80003c30 <_kill_r>
    80003b8a:	4685                	li	a3,1
    80003b8c:	00d70d63          	beq	a4,a3,80003ba6 <_raise_r+0x5e>
    80003b90:	56fd                	li	a3,-1
    80003b92:	00d71663          	bne	a4,a3,80003b9e <_raise_r+0x56>
    80003b96:	47d9                	li	a5,22
    80003b98:	c11c                	sw	a5,0(a0)
    80003b9a:	4505                	li	a0,1
    80003b9c:	b7c1                	j	80003b5c <_raise_r+0x14>
    80003b9e:	0007b023          	sd	zero,0(a5)
    80003ba2:	852e                	mv	a0,a1
    80003ba4:	9702                	jalr	a4
    80003ba6:	4501                	li	a0,0
    80003ba8:	bf55                	j	80003b5c <_raise_r+0x14>

0000000080003baa <__sigtramp_r>:
    80003baa:	47fd                	li	a5,31
    80003bac:	00b7f463          	bgeu	a5,a1,80003bb4 <__sigtramp_r+0xa>
    80003bb0:	557d                	li	a0,-1
    80003bb2:	8082                	ret
    80003bb4:	793c                	ld	a5,112(a0)
    80003bb6:	1101                	addi	sp,sp,-32
    80003bb8:	e822                	sd	s0,16(sp)
    80003bba:	e426                	sd	s1,8(sp)
    80003bbc:	ec06                	sd	ra,24(sp)
    80003bbe:	84aa                	mv	s1,a0
    80003bc0:	842e                	mv	s0,a1
    80003bc2:	c795                	beqz	a5,80003bee <__sigtramp_r+0x44>
    80003bc4:	78b8                	ld	a4,112(s1)
    80003bc6:	00341793          	slli	a5,s0,0x3
    80003bca:	4505                	li	a0,1
    80003bcc:	973e                	add	a4,a4,a5
    80003bce:	631c                	ld	a5,0(a4)
    80003bd0:	c39d                	beqz	a5,80003bf6 <__sigtramp_r+0x4c>
    80003bd2:	56fd                	li	a3,-1
    80003bd4:	4509                	li	a0,2
    80003bd6:	02d78063          	beq	a5,a3,80003bf6 <__sigtramp_r+0x4c>
    80003bda:	4685                	li	a3,1
    80003bdc:	450d                	li	a0,3
    80003bde:	00d78c63          	beq	a5,a3,80003bf6 <__sigtramp_r+0x4c>
    80003be2:	8522                	mv	a0,s0
    80003be4:	00073023          	sd	zero,0(a4) # 2000 <__stack_align+0x1ff0>
    80003be8:	9782                	jalr	a5
    80003bea:	4501                	li	a0,0
    80003bec:	a029                	j	80003bf6 <__sigtramp_r+0x4c>
    80003bee:	edfff0ef          	jal	80003acc <_init_signal_r>
    80003bf2:	d969                	beqz	a0,80003bc4 <__sigtramp_r+0x1a>
    80003bf4:	557d                	li	a0,-1
    80003bf6:	60e2                	ld	ra,24(sp)
    80003bf8:	6442                	ld	s0,16(sp)
    80003bfa:	64a2                	ld	s1,8(sp)
    80003bfc:	6105                	addi	sp,sp,32
    80003bfe:	8082                	ret

0000000080003c00 <raise>:
    80003c00:	85aa                	mv	a1,a0
    80003c02:	00001517          	auipc	a0,0x1
    80003c06:	f9e53503          	ld	a0,-98(a0) # 80004ba0 <_impure_ptr>
    80003c0a:	bf3d                	j	80003b48 <_raise_r>

0000000080003c0c <signal>:
    80003c0c:	862e                	mv	a2,a1
    80003c0e:	85aa                	mv	a1,a0
    80003c10:	00001517          	auipc	a0,0x1
    80003c14:	f9053503          	ld	a0,-112(a0) # 80004ba0 <_impure_ptr>
    80003c18:	b5fd                	j	80003b06 <_signal_r>

0000000080003c1a <_init_signal>:
    80003c1a:	00001517          	auipc	a0,0x1
    80003c1e:	f8653503          	ld	a0,-122(a0) # 80004ba0 <_impure_ptr>
    80003c22:	b56d                	j	80003acc <_init_signal_r>

0000000080003c24 <__sigtramp>:
    80003c24:	85aa                	mv	a1,a0
    80003c26:	00001517          	auipc	a0,0x1
    80003c2a:	f7a53503          	ld	a0,-134(a0) # 80004ba0 <_impure_ptr>
    80003c2e:	bfb5                	j	80003baa <__sigtramp_r>

0000000080003c30 <_kill_r>:
    80003c30:	1141                	addi	sp,sp,-16
    80003c32:	e022                	sd	s0,0(sp)
    80003c34:	842a                	mv	s0,a0
    80003c36:	852e                	mv	a0,a1
    80003c38:	85b2                	mv	a1,a2
    80003c3a:	8801ac23          	sw	zero,-1896(gp) # 80004c38 <errno>
    80003c3e:	e406                	sd	ra,8(sp)
    80003c40:	292000ef          	jal	80003ed2 <_kill>
    80003c44:	57fd                	li	a5,-1
    80003c46:	00f51663          	bne	a0,a5,80003c52 <_kill_r+0x22>
    80003c4a:	8981a783          	lw	a5,-1896(gp) # 80004c38 <errno>
    80003c4e:	c391                	beqz	a5,80003c52 <_kill_r+0x22>
    80003c50:	c01c                	sw	a5,0(s0)
    80003c52:	60a2                	ld	ra,8(sp)
    80003c54:	6402                	ld	s0,0(sp)
    80003c56:	0141                	addi	sp,sp,16
    80003c58:	8082                	ret

0000000080003c5a <_getpid_r>:
    80003c5a:	a4b5                	j	80003ec6 <_getpid>

0000000080003c5c <__trunctfdf2>:
    80003c5c:	00202673          	frrm	a2
    80003c60:	6821                	lui	a6,0x8
    80003c62:	0305d713          	srli	a4,a1,0x30
    80003c66:	187d                	addi	a6,a6,-1 # 7fff <__stack_size_min+0x1fff>
    80003c68:	010778b3          	and	a7,a4,a6
    80003c6c:	03f5d693          	srli	a3,a1,0x3f
    80003c70:	05c2                	slli	a1,a1,0x10
    80003c72:	81b5                	srli	a1,a1,0xd
    80003c74:	03d55713          	srli	a4,a0,0x3d
    80003c78:	00188793          	addi	a5,a7,1
    80003c7c:	8f4d                	or	a4,a4,a1
    80003c7e:	03179593          	slli	a1,a5,0x31
    80003c82:	91c9                	srli	a1,a1,0x32
    80003c84:	2601                	sext.w	a2,a2
    80003c86:	00351313          	slli	t1,a0,0x3
    80003c8a:	16058763          	beqz	a1,80003df8 <__trunctfdf2+0x19c>
    80003c8e:	77f1                	lui	a5,0xffffc
    80003c90:	40078793          	addi	a5,a5,1024 # ffffffffffffc400 <__heap_end+0xffffffff7ffd7400>
    80003c94:	98be                	add	a7,a7,a5
    80003c96:	7fe00793          	li	a5,2046
    80003c9a:	0317d463          	bge	a5,a7,80003cc2 <__trunctfdf2+0x66>
    80003c9e:	ce11                	beqz	a2,80003cba <__trunctfdf2+0x5e>
    80003ca0:	478d                	li	a5,3
    80003ca2:	00f61863          	bne	a2,a5,80003cb2 <__trunctfdf2+0x56>
    80003ca6:	ca91                	beqz	a3,80003cba <__trunctfdf2+0x5e>
    80003ca8:	57fd                	li	a5,-1
    80003caa:	7fe00893          	li	a7,2046
    80003cae:	4595                	li	a1,5
    80003cb0:	aabd                	j	80003e2e <__trunctfdf2+0x1d2>
    80003cb2:	4789                	li	a5,2
    80003cb4:	fef61ae3          	bne	a2,a5,80003ca8 <__trunctfdf2+0x4c>
    80003cb8:	dae5                	beqz	a3,80003ca8 <__trunctfdf2+0x4c>
    80003cba:	4781                	li	a5,0
    80003cbc:	7ff00893          	li	a7,2047
    80003cc0:	b7fd                	j	80003cae <__trunctfdf2+0x52>
    80003cc2:	11104f63          	bgtz	a7,80003de0 <__trunctfdf2+0x184>
    80003cc6:	fcc00593          	li	a1,-52
    80003cca:	4785                	li	a5,1
    80003ccc:	02b8ce63          	blt	a7,a1,80003d08 <__trunctfdf2+0xac>
    80003cd0:	17ce                	slli	a5,a5,0x33
    80003cd2:	03d00813          	li	a6,61
    80003cd6:	8f5d                	or	a4,a4,a5
    80003cd8:	41180833          	sub	a6,a6,a7
    80003cdc:	03f00793          	li	a5,63
    80003ce0:	0008851b          	sext.w	a0,a7
    80003ce4:	0d07cb63          	blt	a5,a6,80003dba <__trunctfdf2+0x15e>
    80003ce8:	03d00793          	li	a5,61
    80003cec:	0035059b          	addiw	a1,a0,3
    80003cf0:	9f89                	subw	a5,a5,a0
    80003cf2:	00f357b3          	srl	a5,t1,a5
    80003cf6:	00b31333          	sll	t1,t1,a1
    80003cfa:	00603333          	snez	t1,t1
    80003cfe:	0067e7b3          	or	a5,a5,t1
    80003d02:	00b71733          	sll	a4,a4,a1
    80003d06:	8fd9                	or	a5,a5,a4
    80003d08:	00179713          	slli	a4,a5,0x1
    80003d0c:	00777513          	andi	a0,a4,7
    80003d10:	4581                	li	a1,0
    80003d12:	cd19                	beqz	a0,80003d30 <__trunctfdf2+0xd4>
    80003d14:	4589                	li	a1,2
    80003d16:	12b60363          	beq	a2,a1,80003e3c <__trunctfdf2+0x1e0>
    80003d1a:	458d                	li	a1,3
    80003d1c:	10b60b63          	beq	a2,a1,80003e32 <__trunctfdf2+0x1d6>
    80003d20:	4585                	li	a1,1
    80003d22:	e619                	bnez	a2,80003d30 <__trunctfdf2+0xd4>
    80003d24:	00f77513          	andi	a0,a4,15
    80003d28:	4811                	li	a6,4
    80003d2a:	01050363          	beq	a0,a6,80003d30 <__trunctfdf2+0xd4>
    80003d2e:	0711                	addi	a4,a4,4
    80003d30:	9361                	srli	a4,a4,0x38
    80003d32:	00174713          	xori	a4,a4,1
    80003d36:	8b05                	andi	a4,a4,1
    80003d38:	4881                	li	a7,0
    80003d3a:	0077f513          	andi	a0,a5,7
    80003d3e:	12050963          	beqz	a0,80003e70 <__trunctfdf2+0x214>
    80003d42:	4509                	li	a0,2
    80003d44:	0015e593          	ori	a1,a1,1
    80003d48:	10a60163          	beq	a2,a0,80003e4a <__trunctfdf2+0x1ee>
    80003d4c:	450d                	li	a0,3
    80003d4e:	0ea60b63          	beq	a2,a0,80003e44 <__trunctfdf2+0x1e8>
    80003d52:	e619                	bnez	a2,80003d60 <__trunctfdf2+0x104>
    80003d54:	00f7f813          	andi	a6,a5,15
    80003d58:	4511                	li	a0,4
    80003d5a:	10a80b63          	beq	a6,a0,80003e70 <__trunctfdf2+0x214>
    80003d5e:	0791                	addi	a5,a5,4
    80003d60:	c711                	beqz	a4,80003d6c <__trunctfdf2+0x110>
    80003d62:	0015f813          	andi	a6,a1,1
    80003d66:	0806                	slli	a6,a6,0x1
    80003d68:	00b865b3          	or	a1,a6,a1
    80003d6c:	00879713          	slli	a4,a5,0x8
    80003d70:	00075b63          	bgez	a4,80003d86 <__trunctfdf2+0x12a>
    80003d74:	0885                	addi	a7,a7,1
    80003d76:	7ff00713          	li	a4,2047
    80003d7a:	0ce88a63          	beq	a7,a4,80003e4e <__trunctfdf2+0x1f2>
    80003d7e:	567d                	li	a2,-1
    80003d80:	165e                	slli	a2,a2,0x37
    80003d82:	167d                	addi	a2,a2,-1
    80003d84:	8ff1                	and	a5,a5,a2
    80003d86:	7ff00713          	li	a4,2047
    80003d8a:	838d                	srli	a5,a5,0x3
    80003d8c:	00e89663          	bne	a7,a4,80003d98 <__trunctfdf2+0x13c>
    80003d90:	c781                	beqz	a5,80003d98 <__trunctfdf2+0x13c>
    80003d92:	4785                	li	a5,1
    80003d94:	17ce                	slli	a5,a5,0x33
    80003d96:	4681                	li	a3,0
    80003d98:	7ff00613          	li	a2,2047
    80003d9c:	03489713          	slli	a4,a7,0x34
    80003da0:	1652                	slli	a2,a2,0x34
    80003da2:	07b2                	slli	a5,a5,0xc
    80003da4:	8f71                	and	a4,a4,a2
    80003da6:	83b1                	srli	a5,a5,0xc
    80003da8:	8fd9                	or	a5,a5,a4
    80003daa:	16fe                	slli	a3,a3,0x3f
    80003dac:	8fd5                	or	a5,a5,a3
    80003dae:	c199                	beqz	a1,80003db4 <__trunctfdf2+0x158>
    80003db0:	0015a073          	csrs	fflags,a1
    80003db4:	f2078553          	fmv.d.x	fa0,a5
    80003db8:	8082                	ret
    80003dba:	57f5                	li	a5,-3
    80003dbc:	9f89                	subw	a5,a5,a0
    80003dbe:	04000893          	li	a7,64
    80003dc2:	00f757b3          	srl	a5,a4,a5
    80003dc6:	4581                	li	a1,0
    80003dc8:	01180663          	beq	a6,a7,80003dd4 <__trunctfdf2+0x178>
    80003dcc:	0435051b          	addiw	a0,a0,67
    80003dd0:	00a715b3          	sll	a1,a4,a0
    80003dd4:	0065e5b3          	or	a1,a1,t1
    80003dd8:	00b035b3          	snez	a1,a1
    80003ddc:	8fcd                	or	a5,a5,a1
    80003dde:	b72d                	j	80003d08 <__trunctfdf2+0xac>
    80003de0:	00751793          	slli	a5,a0,0x7
    80003de4:	00f037b3          	snez	a5,a5
    80003de8:	03c35313          	srli	t1,t1,0x3c
    80003dec:	0067e7b3          	or	a5,a5,t1
    80003df0:	0712                	slli	a4,a4,0x4
    80003df2:	8fd9                	or	a5,a5,a4
    80003df4:	4581                	li	a1,0
    80003df6:	a825                	j	80003e2e <__trunctfdf2+0x1d2>
    80003df8:	006767b3          	or	a5,a4,t1
    80003dfc:	00089663          	bnez	a7,80003e08 <__trunctfdf2+0x1ac>
    80003e00:	4581                	li	a1,0
    80003e02:	d3d1                	beqz	a5,80003d86 <__trunctfdf2+0x12a>
    80003e04:	4785                	li	a5,1
    80003e06:	b709                	j	80003d08 <__trunctfdf2+0xac>
    80003e08:	c7bd                	beqz	a5,80003e76 <__trunctfdf2+0x21a>
    80003e0a:	4581                	li	a1,0
    80003e0c:	01089763          	bne	a7,a6,80003e1a <__trunctfdf2+0x1be>
    80003e10:	03275593          	srli	a1,a4,0x32
    80003e14:	0015c593          	xori	a1,a1,1
    80003e18:	0592                	slli	a1,a1,0x4
    80003e1a:	03c35793          	srli	a5,t1,0x3c
    80003e1e:	0712                	slli	a4,a4,0x4
    80003e20:	8f5d                	or	a4,a4,a5
    80003e22:	4785                	li	a5,1
    80003e24:	9b61                	andi	a4,a4,-8
    80003e26:	17da                	slli	a5,a5,0x36
    80003e28:	8fd9                	or	a5,a5,a4
    80003e2a:	7ff00893          	li	a7,2047
    80003e2e:	4701                	li	a4,0
    80003e30:	b729                	j	80003d3a <__trunctfdf2+0xde>
    80003e32:	4585                	li	a1,1
    80003e34:	ee069ee3          	bnez	a3,80003d30 <__trunctfdf2+0xd4>
    80003e38:	0721                	addi	a4,a4,8
    80003e3a:	bddd                	j	80003d30 <__trunctfdf2+0xd4>
    80003e3c:	4585                	li	a1,1
    80003e3e:	ee0689e3          	beqz	a3,80003d30 <__trunctfdf2+0xd4>
    80003e42:	bfdd                	j	80003e38 <__trunctfdf2+0x1dc>
    80003e44:	fe91                	bnez	a3,80003d60 <__trunctfdf2+0x104>
    80003e46:	07a1                	addi	a5,a5,8
    80003e48:	bf21                	j	80003d60 <__trunctfdf2+0x104>
    80003e4a:	da99                	beqz	a3,80003d60 <__trunctfdf2+0x104>
    80003e4c:	bfed                	j	80003e46 <__trunctfdf2+0x1ea>
    80003e4e:	4781                	li	a5,0
    80003e50:	ce09                	beqz	a2,80003e6a <__trunctfdf2+0x20e>
    80003e52:	470d                	li	a4,3
    80003e54:	00e61763          	bne	a2,a4,80003e62 <__trunctfdf2+0x206>
    80003e58:	ca89                	beqz	a3,80003e6a <__trunctfdf2+0x20e>
    80003e5a:	57fd                	li	a5,-1
    80003e5c:	7fe00893          	li	a7,2046
    80003e60:	a029                	j	80003e6a <__trunctfdf2+0x20e>
    80003e62:	4709                	li	a4,2
    80003e64:	fee61be3          	bne	a2,a4,80003e5a <__trunctfdf2+0x1fe>
    80003e68:	daed                	beqz	a3,80003e5a <__trunctfdf2+0x1fe>
    80003e6a:	0055e593          	ori	a1,a1,5
    80003e6e:	bf21                	j	80003d86 <__trunctfdf2+0x12a>
    80003e70:	ee0719e3          	bnez	a4,80003d62 <__trunctfdf2+0x106>
    80003e74:	bf09                	j	80003d86 <__trunctfdf2+0x12a>
    80003e76:	7ff00893          	li	a7,2047
    80003e7a:	bfad                	j	80003df4 <__trunctfdf2+0x198>

0000000080003e7c <_close>:
    80003e7c:	1141                	addi	sp,sp,-16
    80003e7e:	e406                	sd	ra,8(sp)
    80003e80:	19a000ef          	jal	8000401a <__errno>
    80003e84:	60a2                	ld	ra,8(sp)
    80003e86:	47a5                	li	a5,9
    80003e88:	c11c                	sw	a5,0(a0)
    80003e8a:	557d                	li	a0,-1
    80003e8c:	0141                	addi	sp,sp,16
    80003e8e:	8082                	ret

0000000080003e90 <_exit>:
    80003e90:	0015179b          	slliw	a5,a0,0x1
    80003e94:	0017e793          	ori	a5,a5,1
    80003e98:	2781                	sext.w	a5,a5
    80003e9a:	07c2                	slli	a5,a5,0x10
    80003e9c:	83c1                	srli	a5,a5,0x10
    80003e9e:	00001717          	auipc	a4,0x1
    80003ea2:	aa270713          	addi	a4,a4,-1374 # 80004940 <tohost>
    80003ea6:	00001697          	auipc	a3,0x1
    80003eaa:	aa06b123          	sd	zero,-1374(a3) # 80004948 <fromhost>
    80003eae:	e31c                	sd	a5,0(a4)
    80003eb0:	bfdd                	j	80003ea6 <_exit+0x16>

0000000080003eb2 <_fstat>:
    80003eb2:	1141                	addi	sp,sp,-16
    80003eb4:	e406                	sd	ra,8(sp)
    80003eb6:	164000ef          	jal	8000401a <__errno>
    80003eba:	60a2                	ld	ra,8(sp)
    80003ebc:	47a5                	li	a5,9
    80003ebe:	c11c                	sw	a5,0(a0)
    80003ec0:	557d                	li	a0,-1
    80003ec2:	0141                	addi	sp,sp,16
    80003ec4:	8082                	ret

0000000080003ec6 <_getpid>:
    80003ec6:	4505                	li	a0,1
    80003ec8:	8082                	ret

0000000080003eca <_isatty>:
    80003eca:	357d                	addiw	a0,a0,-1
    80003ecc:	00253513          	sltiu	a0,a0,2
    80003ed0:	8082                	ret

0000000080003ed2 <_kill>:
    80003ed2:	1141                	addi	sp,sp,-16
    80003ed4:	e406                	sd	ra,8(sp)
    80003ed6:	144000ef          	jal	8000401a <__errno>
    80003eda:	60a2                	ld	ra,8(sp)
    80003edc:	47d9                	li	a5,22
    80003ede:	c11c                	sw	a5,0(a0)
    80003ee0:	557d                	li	a0,-1
    80003ee2:	0141                	addi	sp,sp,16
    80003ee4:	8082                	ret

0000000080003ee6 <_lseek>:
    80003ee6:	1141                	addi	sp,sp,-16
    80003ee8:	e406                	sd	ra,8(sp)
    80003eea:	130000ef          	jal	8000401a <__errno>
    80003eee:	60a2                	ld	ra,8(sp)
    80003ef0:	47a5                	li	a5,9
    80003ef2:	c11c                	sw	a5,0(a0)
    80003ef4:	557d                	li	a0,-1
    80003ef6:	0141                	addi	sp,sp,16
    80003ef8:	8082                	ret

0000000080003efa <_read>:
    80003efa:	1141                	addi	sp,sp,-16
    80003efc:	e406                	sd	ra,8(sp)
    80003efe:	11c000ef          	jal	8000401a <__errno>
    80003f02:	60a2                	ld	ra,8(sp)
    80003f04:	05800793          	li	a5,88
    80003f08:	c11c                	sw	a5,0(a0)
    80003f0a:	557d                	li	a0,-1
    80003f0c:	0141                	addi	sp,sp,16
    80003f0e:	8082                	ret

0000000080003f10 <_sbrk>:
    80003f10:	00001717          	auipc	a4,0x1
    80003f14:	c9870713          	addi	a4,a4,-872 # 80004ba8 <curbrk>
    80003f18:	631c                	ld	a5,0(a4)
    80003f1a:	be818693          	addi	a3,gp,-1048 # 80004f88 <_end>
    80003f1e:	953e                	add	a0,a0,a5
    80003f20:	00d56b63          	bltu	a0,a3,80003f36 <_sbrk+0x26>
    80003f24:	00021697          	auipc	a3,0x21
    80003f28:	0dc68693          	addi	a3,a3,220 # 80025000 <__heap_end>
    80003f2c:	00d57563          	bgeu	a0,a3,80003f36 <_sbrk+0x26>
    80003f30:	e308                	sd	a0,0(a4)
    80003f32:	853e                	mv	a0,a5
    80003f34:	8082                	ret
    80003f36:	1141                	addi	sp,sp,-16
    80003f38:	e406                	sd	ra,8(sp)
    80003f3a:	0e0000ef          	jal	8000401a <__errno>
    80003f3e:	60a2                	ld	ra,8(sp)
    80003f40:	47b1                	li	a5,12
    80003f42:	c11c                	sw	a5,0(a0)
    80003f44:	57fd                	li	a5,-1
    80003f46:	853e                	mv	a0,a5
    80003f48:	0141                	addi	sp,sp,16
    80003f4a:	8082                	ret

0000000080003f4c <_write>:
    80003f4c:	04000693          	li	a3,64
    80003f50:	a0b9                	j	80003f9e <htif_syscall>

0000000080003f52 <handle_trap>:
    80003f52:	1141                	addi	sp,sp,-16
    80003f54:	02159513          	slli	a0,a1,0x21
    80003f58:	e406                	sd	ra,8(sp)
    80003f5a:	9105                	srli	a0,a0,0x21
    80003f5c:	0005d463          	bgez	a1,80003f64 <handle_trap+0x12>
    80003f60:	40a0053b          	negw	a0,a0
    80003f64:	f2dff0ef          	jal	80003e90 <_exit>

0000000080003f68 <__init_tls>:
    80003f68:	1141                	addi	sp,sp,-16
    80003f6a:	00000613          	li	a2,0
    80003f6e:	00000597          	auipc	a1,0x0
    80003f72:	28858593          	addi	a1,a1,648 # 800041f6 <__tbss_end>
    80003f76:	8512                	mv	a0,tp
    80003f78:	e022                	sd	s0,0(sp)
    80003f7a:	e406                	sd	ra,8(sp)
    80003f7c:	8412                	mv	s0,tp
    80003f7e:	db0ff0ef          	jal	8000352e <memcpy>
    80003f82:	00000513          	li	a0,0
    80003f86:	9522                	add	a0,a0,s0
    80003f88:	6402                	ld	s0,0(sp)
    80003f8a:	60a2                	ld	ra,8(sp)
    80003f8c:	00000613          	li	a2,0
    80003f90:	4581                	li	a1,0
    80003f92:	0141                	addi	sp,sp,16
    80003f94:	d8aff06f          	j	8000351e <memset>

0000000080003f98 <__main>:
    80003f98:	10500073          	wfi
    80003f9c:	bff5                	j	80003f98 <__main>

0000000080003f9e <htif_syscall>:
    80003f9e:	7139                	addi	sp,sp,-64
    80003fa0:	e036                	sd	a3,0(sp)
    80003fa2:	e42a                	sd	a0,8(sp)
    80003fa4:	fff007b7          	lui	a5,0xfff00
    80003fa8:	e82e                	sd	a1,16(sp)
    80003faa:	83c1                	srli	a5,a5,0x10
    80003fac:	ec32                	sd	a2,24(sp)
    80003fae:	860a                	mv	a2,sp
    80003fb0:	8e7d                	and	a2,a2,a5
    80003fb2:	8a018713          	addi	a4,gp,-1888 # 80004c40 <htif_lock>
    80003fb6:	56fd                	li	a3,-1
    80003fb8:	431c                	lw	a5,0(a4)
    80003fba:	fffd                	bnez	a5,80003fb8 <htif_syscall+0x1a>
    80003fbc:	0cd727af          	amoswap.w.aq	a5,a3,(a4)
    80003fc0:	ffe5                	bnez	a5,80003fb8 <htif_syscall+0x1a>
    80003fc2:	0110000f          	fence	w,w
    80003fc6:	00001697          	auipc	a3,0x1
    80003fca:	97a68693          	addi	a3,a3,-1670 # 80004940 <tohost>
    80003fce:	e290                	sd	a2,0(a3)
    80003fd0:	669c                	ld	a5,8(a3)
    80003fd2:	dffd                	beqz	a5,80003fd0 <htif_syscall+0x32>
    80003fd4:	00001797          	auipc	a5,0x1
    80003fd8:	9607ba23          	sd	zero,-1676(a5) # 80004948 <fromhost>
    80003fdc:	0a07202f          	amoswap.w.rl	zero,zero,(a4)
    80003fe0:	0220000f          	fence	r,r
    80003fe4:	6502                	ld	a0,0(sp)
    80003fe6:	6121                	addi	sp,sp,64
    80003fe8:	8082                	ret

0000000080003fea <atexit>:
    80003fea:	85aa                	mv	a1,a0
    80003fec:	4681                	li	a3,0
    80003fee:	4601                	li	a2,0
    80003ff0:	4501                	li	a0,0
    80003ff2:	a0d9                	j	800040b8 <__register_exitproc>

0000000080003ff4 <exit>:
    80003ff4:	1141                	addi	sp,sp,-16
    80003ff6:	e022                	sd	s0,0(sp)
    80003ff8:	e406                	sd	ra,8(sp)
    80003ffa:	00000797          	auipc	a5,0x0
    80003ffe:	13478793          	addi	a5,a5,308 # 8000412e <__call_exitprocs>
    80004002:	842a                	mv	s0,a0
    80004004:	c781                	beqz	a5,8000400c <exit+0x18>
    80004006:	4581                	li	a1,0
    80004008:	126000ef          	jal	8000412e <__call_exitprocs>
    8000400c:	8881b783          	ld	a5,-1912(gp) # 80004c28 <__stdio_exit_handler>
    80004010:	c391                	beqz	a5,80004014 <exit+0x20>
    80004012:	9782                	jalr	a5
    80004014:	8522                	mv	a0,s0
    80004016:	e7bff0ef          	jal	80003e90 <_exit>

000000008000401a <__errno>:
    8000401a:	00001517          	auipc	a0,0x1
    8000401e:	b8653503          	ld	a0,-1146(a0) # 80004ba0 <_impure_ptr>
    80004022:	8082                	ret

0000000080004024 <__libc_init_array>:
    80004024:	1101                	addi	sp,sp,-32
    80004026:	e822                	sd	s0,16(sp)
    80004028:	e426                	sd	s1,8(sp)
    8000402a:	00001417          	auipc	s0,0x1
    8000402e:	8ee40413          	addi	s0,s0,-1810 # 80004918 <__fini_array_end>
    80004032:	00001497          	auipc	s1,0x1
    80004036:	8e648493          	addi	s1,s1,-1818 # 80004918 <__fini_array_end>
    8000403a:	8c81                	sub	s1,s1,s0
    8000403c:	e04a                	sd	s2,0(sp)
    8000403e:	ec06                	sd	ra,24(sp)
    80004040:	848d                	srai	s1,s1,0x3
    80004042:	4901                	li	s2,0
    80004044:	02991563          	bne	s2,s1,8000406e <__libc_init_array+0x4a>
    80004048:	00001417          	auipc	s0,0x1
    8000404c:	8d040413          	addi	s0,s0,-1840 # 80004918 <__fini_array_end>
    80004050:	00001497          	auipc	s1,0x1
    80004054:	8c848493          	addi	s1,s1,-1848 # 80004918 <__fini_array_end>
    80004058:	8c81                	sub	s1,s1,s0
    8000405a:	848d                	srai	s1,s1,0x3
    8000405c:	4901                	li	s2,0
    8000405e:	00991d63          	bne	s2,s1,80004078 <__libc_init_array+0x54>
    80004062:	60e2                	ld	ra,24(sp)
    80004064:	6442                	ld	s0,16(sp)
    80004066:	64a2                	ld	s1,8(sp)
    80004068:	6902                	ld	s2,0(sp)
    8000406a:	6105                	addi	sp,sp,32
    8000406c:	8082                	ret
    8000406e:	601c                	ld	a5,0(s0)
    80004070:	0905                	addi	s2,s2,1
    80004072:	0421                	addi	s0,s0,8
    80004074:	9782                	jalr	a5
    80004076:	b7f9                	j	80004044 <__libc_init_array+0x20>
    80004078:	601c                	ld	a5,0(s0)
    8000407a:	0905                	addi	s2,s2,1
    8000407c:	0421                	addi	s0,s0,8
    8000407e:	9782                	jalr	a5
    80004080:	bff9                	j	8000405e <__libc_init_array+0x3a>

0000000080004082 <__libc_fini_array>:
    80004082:	1101                	addi	sp,sp,-32
    80004084:	e822                	sd	s0,16(sp)
    80004086:	e426                	sd	s1,8(sp)
    80004088:	00001417          	auipc	s0,0x1
    8000408c:	89040413          	addi	s0,s0,-1904 # 80004918 <__fini_array_end>
    80004090:	00001497          	auipc	s1,0x1
    80004094:	88848493          	addi	s1,s1,-1912 # 80004918 <__fini_array_end>
    80004098:	8c05                	sub	s0,s0,s1
    8000409a:	ec06                	sd	ra,24(sp)
    8000409c:	840d                	srai	s0,s0,0x3
    8000409e:	e411                	bnez	s0,800040aa <__libc_fini_array+0x28>
    800040a0:	60e2                	ld	ra,24(sp)
    800040a2:	6442                	ld	s0,16(sp)
    800040a4:	64a2                	ld	s1,8(sp)
    800040a6:	6105                	addi	sp,sp,32
    800040a8:	8082                	ret
    800040aa:	147d                	addi	s0,s0,-1
    800040ac:	00341793          	slli	a5,s0,0x3
    800040b0:	97a6                	add	a5,a5,s1
    800040b2:	639c                	ld	a5,0(a5)
    800040b4:	9782                	jalr	a5
    800040b6:	b7e5                	j	8000409e <__libc_fini_array+0x1c>

00000000800040b8 <__register_exitproc>:
    800040b8:	88aa                	mv	a7,a0
    800040ba:	8b018513          	addi	a0,gp,-1872 # 80004c50 <__atexit>
    800040be:	6118                	ld	a4,0(a0)
    800040c0:	ef01                	bnez	a4,800040d8 <__register_exitproc+0x20>
    800040c2:	ad018793          	addi	a5,gp,-1328 # 80004e70 <__atexit0>
    800040c6:	e11c                	sd	a5,0(a0)
    800040c8:	00000713          	li	a4,0
    800040cc:	c701                	beqz	a4,800040d4 <__register_exitproc+0x1c>
    800040ce:	6318                	ld	a4,0(a4)
    800040d0:	10e7b823          	sd	a4,272(a5)
    800040d4:	ad018713          	addi	a4,gp,-1328 # 80004e70 <__atexit0>
    800040d8:	471c                	lw	a5,8(a4)
    800040da:	487d                	li	a6,31
    800040dc:	557d                	li	a0,-1
    800040de:	04f84763          	blt	a6,a5,8000412c <__register_exitproc+0x74>
    800040e2:	02088d63          	beqz	a7,8000411c <__register_exitproc+0x64>
    800040e6:	11073803          	ld	a6,272(a4)
    800040ea:	04080163          	beqz	a6,8000412c <__register_exitproc+0x74>
    800040ee:	00379513          	slli	a0,a5,0x3
    800040f2:	9542                	add	a0,a0,a6
    800040f4:	e110                	sd	a2,0(a0)
    800040f6:	20082303          	lw	t1,512(a6)
    800040fa:	4605                	li	a2,1
    800040fc:	00f6163b          	sllw	a2,a2,a5
    80004100:	00c36333          	or	t1,t1,a2
    80004104:	20682023          	sw	t1,512(a6)
    80004108:	10d53023          	sd	a3,256(a0)
    8000410c:	4689                	li	a3,2
    8000410e:	00d89763          	bne	a7,a3,8000411c <__register_exitproc+0x64>
    80004112:	20482683          	lw	a3,516(a6)
    80004116:	8ed1                	or	a3,a3,a2
    80004118:	20d82223          	sw	a3,516(a6)
    8000411c:	0017869b          	addiw	a3,a5,1
    80004120:	0789                	addi	a5,a5,2
    80004122:	078e                	slli	a5,a5,0x3
    80004124:	c714                	sw	a3,8(a4)
    80004126:	973e                	add	a4,a4,a5
    80004128:	e30c                	sd	a1,0(a4)
    8000412a:	4501                	li	a0,0
    8000412c:	8082                	ret

000000008000412e <__call_exitprocs>:
    8000412e:	711d                	addi	sp,sp,-96
    80004130:	f852                	sd	s4,48(sp)
    80004132:	f456                	sd	s5,40(sp)
    80004134:	f05a                	sd	s6,32(sp)
    80004136:	ec5e                	sd	s7,24(sp)
    80004138:	ec86                	sd	ra,88(sp)
    8000413a:	e8a2                	sd	s0,80(sp)
    8000413c:	e4a6                	sd	s1,72(sp)
    8000413e:	e0ca                	sd	s2,64(sp)
    80004140:	fc4e                	sd	s3,56(sp)
    80004142:	e862                	sd	s8,16(sp)
    80004144:	e466                	sd	s9,8(sp)
    80004146:	8aaa                	mv	s5,a0
    80004148:	8a2e                	mv	s4,a1
    8000414a:	8b018b13          	addi	s6,gp,-1872 # 80004c50 <__atexit>
    8000414e:	4b85                	li	s7,1
    80004150:	000b3483          	ld	s1,0(s6)
    80004154:	cc81                	beqz	s1,8000416c <__call_exitprocs+0x3e>
    80004156:	4480                	lw	s0,8(s1)
    80004158:	1104b983          	ld	s3,272(s1)
    8000415c:	fff4091b          	addiw	s2,s0,-1
    80004160:	040e                	slli	s0,s0,0x3
    80004162:	00898cb3          	add	s9,s3,s0
    80004166:	9426                	add	s0,s0,s1
    80004168:	00095f63          	bgez	s2,80004186 <__call_exitprocs+0x58>
    8000416c:	60e6                	ld	ra,88(sp)
    8000416e:	6446                	ld	s0,80(sp)
    80004170:	64a6                	ld	s1,72(sp)
    80004172:	6906                	ld	s2,64(sp)
    80004174:	79e2                	ld	s3,56(sp)
    80004176:	7a42                	ld	s4,48(sp)
    80004178:	7aa2                	ld	s5,40(sp)
    8000417a:	7b02                	ld	s6,32(sp)
    8000417c:	6be2                	ld	s7,24(sp)
    8000417e:	6c42                	ld	s8,16(sp)
    80004180:	6ca2                	ld	s9,8(sp)
    80004182:	6125                	addi	sp,sp,96
    80004184:	8082                	ret
    80004186:	000a0c63          	beqz	s4,8000419e <__call_exitprocs+0x70>
    8000418a:	00099663          	bnez	s3,80004196 <__call_exitprocs+0x68>
    8000418e:	397d                	addiw	s2,s2,-1
    80004190:	1ce1                	addi	s9,s9,-8
    80004192:	1461                	addi	s0,s0,-8
    80004194:	bfd1                	j	80004168 <__call_exitprocs+0x3a>
    80004196:	0f8cb783          	ld	a5,248(s9)
    8000419a:	ff479ae3          	bne	a5,s4,8000418e <__call_exitprocs+0x60>
    8000419e:	449c                	lw	a5,8(s1)
    800041a0:	6418                	ld	a4,8(s0)
    800041a2:	37fd                	addiw	a5,a5,-1
    800041a4:	03279963          	bne	a5,s2,800041d6 <__call_exitprocs+0xa8>
    800041a8:	0124a423          	sw	s2,8(s1)
    800041ac:	d36d                	beqz	a4,8000418e <__call_exitprocs+0x60>
    800041ae:	0084ac03          	lw	s8,8(s1)
    800041b2:	00098963          	beqz	s3,800041c4 <__call_exitprocs+0x96>
    800041b6:	2009a783          	lw	a5,512(s3)
    800041ba:	012b96bb          	sllw	a3,s7,s2
    800041be:	8ff5                	and	a5,a5,a3
    800041c0:	2781                	sext.w	a5,a5
    800041c2:	ef89                	bnez	a5,800041dc <__call_exitprocs+0xae>
    800041c4:	9702                	jalr	a4
    800041c6:	4498                	lw	a4,8(s1)
    800041c8:	000b3783          	ld	a5,0(s6)
    800041cc:	f98712e3          	bne	a4,s8,80004150 <__call_exitprocs+0x22>
    800041d0:	faf48fe3          	beq	s1,a5,8000418e <__call_exitprocs+0x60>
    800041d4:	bfb5                	j	80004150 <__call_exitprocs+0x22>
    800041d6:	00043423          	sd	zero,8(s0)
    800041da:	bfc9                	j	800041ac <__call_exitprocs+0x7e>
    800041dc:	2049a783          	lw	a5,516(s3)
    800041e0:	ff8cb583          	ld	a1,-8(s9)
    800041e4:	8ff5                	and	a5,a5,a3
    800041e6:	2781                	sext.w	a5,a5
    800041e8:	e781                	bnez	a5,800041f0 <__call_exitprocs+0xc2>
    800041ea:	8556                	mv	a0,s5
    800041ec:	9702                	jalr	a4
    800041ee:	bfe1                	j	800041c6 <__call_exitprocs+0x98>
    800041f0:	852e                	mv	a0,a1
    800041f2:	9702                	jalr	a4
    800041f4:	bfc9                	j	800041c6 <__call_exitprocs+0x98>

Disassembly of section .rodata:

00000000800041f8 <__tbss_end+0x2>:
    800041f8:	6c637943          	.insn	4, 0x6c637943
    800041fc:	7365                	lui	t1,0xffff9
    800041fe:	203a                	fld	ft0,392(sp)
    80004200:	6c25                	lui	s8,0x9
    80004202:	0a75                	addi	s4,s4,29
    80004204:	0000                	unimp
    80004206:	0000                	unimp
    80004208:	6361                	lui	t1,0x18
    8000420a:	5b74                	lw	a3,116(a4)
    8000420c:	6425                	lui	s0,0x9
    8000420e:	2e5d                	addiw	t3,t3,23
    80004210:	7074756f          	jal	a0,8004c116 <__heap_end+0x27116>
    80004214:	7475                	lui	s0,0xffffd
    80004216:	3d20                	fld	fs0,120(a0)
    80004218:	2520                	fld	fs0,72(a0)
    8000421a:	0a66                	slli	s4,s4,0x19
    8000421c:	0000                	unimp
    8000421e:	0000                	unimp
    80004220:	4e49                	li	t3,18
    80004222:	0046                	c.slli	zero,0x11
    80004224:	0000                	unimp
    80004226:	0000                	unimp
    80004228:	6e69                	lui	t3,0x1a
    8000422a:	0066                	c.slli	zero,0x19
    8000422c:	0000                	unimp
    8000422e:	0000                	unimp
    80004230:	414e                	lw	sp,208(sp)
    80004232:	004e                	c.slli	zero,0x13
    80004234:	0000                	unimp
    80004236:	0000                	unimp
    80004238:	616e                	ld	sp,216(sp)
    8000423a:	006e                	c.slli	zero,0x1b
    8000423c:	0000                	unimp
    8000423e:	0000                	unimp
    80004240:	0030                	addi	a2,sp,8
    80004242:	0000                	unimp
    80004244:	0000                	unimp
    80004246:	0000                	unimp
    80004248:	3130                	fld	fa2,96(a0)
    8000424a:	3332                	fld	ft6,296(sp)
    8000424c:	3534                	fld	fa3,104(a0)
    8000424e:	3736                	fld	fa4,360(sp)
    80004250:	3938                	fld	fa4,112(a0)
    80004252:	4241                	li	tp,16
    80004254:	46454443          	.insn	4, 0x46454443
	...
    80004260:	3130                	fld	fa2,96(a0)
    80004262:	3332                	fld	ft6,296(sp)
    80004264:	3534                	fld	fa3,104(a0)
    80004266:	3736                	fld	fa4,360(sp)
    80004268:	3938                	fld	fa4,112(a0)
    8000426a:	6261                	lui	tp,0x18
    8000426c:	66656463          	bltu	a0,t1,800048d4 <argv+0x4>
	...
    80004278:	6e49                	lui	t3,0x12
    8000427a:	6966                	ld	s2,88(sp)
    8000427c:	696e                	ld	s2,216(sp)
    8000427e:	7974                	ld	a3,240(a0)
	...
    80004288:	614e                	ld	sp,208(sp)
    8000428a:	004e                	c.slli	zero,0x13
    8000428c:	0000                	unimp
    8000428e:	0000                	unimp
    80004290:	4552                	lw	a0,20(sp)
    80004292:	4e45                	li	t3,17
    80004294:	2054                	fld	fa3,128(s0)
    80004296:	616d                	addi	sp,sp,240
    80004298:	6c6c                	ld	a1,216(s0)
    8000429a:	7320636f          	jal	t1,8000a9cc <__global_pointer$+0x562c>
    8000429e:	6375                	lui	t1,0x1d
    800042a0:	64656563          	bltu	a0,t1,800048ea <name+0xa>
    800042a4:	6465                	lui	s0,0x19
    800042a6:	0000                	unimp
    800042a8:	6d6f682f          	.insn	4, 0x6d6f682f
    800042ac:	2f65                	addiw	t5,t5,25
    800042ae:	646e6f63          	bltu	t3,t1,8000490c <name+0x2c>
    800042b2:	2f61                	addiw	t5,t5,24
    800042b4:	6566                	ld	a0,88(sp)
    800042b6:	6465                	lui	s0,0x19
    800042b8:	636f7473          	csrrci	s0,0x636,30
    800042bc:	6f725f6b          	.insn	4, 0x6f725f6b
    800042c0:	622f746f          	jal	s0,800fb8e2 <__heap_end+0xd68e2>
    800042c4:	6975                	lui	s2,0x1d
    800042c6:	646c                	ld	a1,200(s0)
    800042c8:	615f 7472 6669      	.insn	6, 0x66697472615f
    800042ce:	6361                	lui	t1,0x18
    800042d0:	7374                	ld	a3,224(a4)
    800042d2:	7369722f          	.insn	4, 0x7369722f
    800042d6:	742d7663          	bgeu	s10,sp,80004a22 <__global_locale+0x2a>
    800042da:	736c6f6f          	jal	t5,800caa10 <__heap_end+0xa5a10>
    800042de:	315f 3137 3130      	.insn	6, 0x31303137315f
    800042e4:	3439                	addiw	s0,s0,-18 # 18fee <__stack_size+0x10fee>
    800042e6:	3236                	fld	ft4,360(sp)
    800042e8:	3738                	fld	fa4,104(a4)
    800042ea:	3636                	fld	fa2,360(sp)
    800042ec:	726f772f          	.insn	4, 0x726f772f
    800042f0:	69722f6b          	.insn	4, 0x69722f6b
    800042f4:	2d766373          	csrrsi	t1,0x2d7,12
    800042f8:	2d756e67          	.insn	4, 0x2d756e67
    800042fc:	6f74                	ld	a3,216(a4)
    800042fe:	68636c6f          	jal	s8,8003a984 <__heap_end+0x15984>
    80004302:	6961                	lui	s2,0x18
    80004304:	2f6e                	fld	ft10,216(sp)
    80004306:	7562                	ld	a0,56(sp)
    80004308:	6c69                	lui	s8,0x1a
    8000430a:	2f64                	fld	fs1,216(a4)
    8000430c:	2e2e                	fld	ft8,200(sp)
    8000430e:	77656e2f          	.insn	4, 0x77656e2f
    80004312:	696c                	ld	a1,208(a0)
    80004314:	2f62                	fld	ft10,24(sp)
    80004316:	656e                	ld	a0,216(sp)
    80004318:	62696c77          	.insn	4, 0x62696c77
    8000431c:	62696c2f          	.insn	4, 0x62696c2f
    80004320:	74732f63          	.insn	4, 0x74732f63
    80004324:	6c64                	ld	s1,216(s0)
    80004326:	6269                	lui	tp,0x1a
    80004328:	6f74642f          	.insn	4, 0x6f74642f
    8000432c:	2e61                	addiw	t3,t3,24 # 12018 <__stack_size+0xa018>
    8000432e:	61420063          	beq	tp,s4,8000492e <__fini_array_end+0x16>
    80004332:	6c6c                	ld	a1,216(s0)
    80004334:	7320636f          	jal	t1,8000aa66 <__global_pointer$+0x56c6>
    80004338:	6375                	lui	t1,0x1d
    8000433a:	64656563          	bltu	a0,t1,80004984 <_impure_data+0x34>
    8000433e:	6465                	lui	s0,0x19
	...
    80004348:	6d6f682f          	.insn	4, 0x6d6f682f
    8000434c:	2f65                	addiw	t5,t5,25
    8000434e:	646e6f63          	bltu	t3,t1,800049ac <_impure_data+0x5c>
    80004352:	2f61                	addiw	t5,t5,24
    80004354:	6566                	ld	a0,88(sp)
    80004356:	6465                	lui	s0,0x19
    80004358:	636f7473          	csrrci	s0,0x636,30
    8000435c:	6f725f6b          	.insn	4, 0x6f725f6b
    80004360:	622f746f          	jal	s0,800fb982 <__heap_end+0xd6982>
    80004364:	6975                	lui	s2,0x1d
    80004366:	646c                	ld	a1,200(s0)
    80004368:	615f 7472 6669      	.insn	6, 0x66697472615f
    8000436e:	6361                	lui	t1,0x18
    80004370:	7374                	ld	a3,224(a4)
    80004372:	7369722f          	.insn	4, 0x7369722f
    80004376:	742d7663          	bgeu	s10,sp,80004ac2 <__global_locale+0xca>
    8000437a:	736c6f6f          	jal	t5,800caab0 <__heap_end+0xa5ab0>
    8000437e:	315f 3137 3130      	.insn	6, 0x31303137315f
    80004384:	3439                	addiw	s0,s0,-18 # 18fee <__stack_size+0x10fee>
    80004386:	3236                	fld	ft4,360(sp)
    80004388:	3738                	fld	fa4,104(a4)
    8000438a:	3636                	fld	fa2,360(sp)
    8000438c:	726f772f          	.insn	4, 0x726f772f
    80004390:	69722f6b          	.insn	4, 0x69722f6b
    80004394:	2d766373          	csrrsi	t1,0x2d7,12
    80004398:	2d756e67          	.insn	4, 0x2d756e67
    8000439c:	6f74                	ld	a3,216(a4)
    8000439e:	68636c6f          	jal	s8,8003aa24 <__heap_end+0x15a24>
    800043a2:	6961                	lui	s2,0x18
    800043a4:	2f6e                	fld	ft10,216(sp)
    800043a6:	7562                	ld	a0,56(sp)
    800043a8:	6c69                	lui	s8,0x1a
    800043aa:	2f64                	fld	fs1,216(a4)
    800043ac:	2e2e                	fld	ft8,200(sp)
    800043ae:	77656e2f          	.insn	4, 0x77656e2f
    800043b2:	696c                	ld	a1,208(a0)
    800043b4:	2f62                	fld	ft10,24(sp)
    800043b6:	656e                	ld	a0,216(sp)
    800043b8:	62696c77          	.insn	4, 0x62696c77
    800043bc:	62696c2f          	.insn	4, 0x62696c2f
    800043c0:	74732f63          	.insn	4, 0x74732f63
    800043c4:	6c64                	ld	s1,216(s0)
    800043c6:	6269                	lui	tp,0x1a
    800043c8:	72706d2f          	.insn	4, 0x72706d2f
    800043cc:	6365                	lui	t1,0x19
    800043ce:	632e                	ld	t1,200(sp)
	...
    800043d8:	2b302d23          	sw	s3,698(zero) # 2ba <__stack_align+0x2aa>
    800043dc:	0020                	addi	s0,sp,8
    800043de:	0000                	unimp
    800043e0:	6c68                	ld	a0,216(s0)
    800043e2:	004c                	addi	a1,sp,4
    800043e4:	0000                	unimp
    800043e6:	0000                	unimp
    800043e8:	6665                	lui	a2,0x19
    800043ea:	47464567          	.insn	4, 0x47464567
    800043ee:	0000                	unimp
    800043f0:	00000043          	fmadd.s	ft0,ft0,ft0,ft0,rne
    800043f4:	0000                	unimp
    800043f6:	0000                	unimp
    800043f8:	4f50                	lw	a2,28(a4)
    800043fa:	00584953          	fadd.s	fs2,fa6,ft5,rmm
    800043fe:	0000                	unimp
    80004400:	002e                	c.slli	zero,0xb
    80004402:	0000                	unimp
    80004404:	0000                	unimp
    80004406:	0000                	unimp
    80004408:	202c                	fld	fa1,64(s0)
    8000440a:	7566                	ld	a0,120(sp)
    8000440c:	636e                	ld	t1,216(sp)
    8000440e:	6974                	ld	a3,208(a0)
    80004410:	203a6e6f          	jal	t3,800aae12 <__heap_end+0x85e12>
    80004414:	0000                	unimp
    80004416:	0000                	unimp
    80004418:	7361                	lui	t1,0xffff8
    8000441a:	74726573          	csrrsi	a0,0x747,4
    8000441e:	6f69                	lui	t5,0x1a
    80004420:	206e                	fld	ft0,216(sp)
    80004422:	2522                	fld	fa0,8(sp)
    80004424:	66202273          	csrr	tp,0x662
    80004428:	6961                	lui	s2,0x18
    8000442a:	656c                	ld	a1,200(a0)
    8000442c:	3a64                	fld	fs1,240(a2)
    8000442e:	6620                	ld	s0,72(a2)
    80004430:	6c69                	lui	s8,0x1a
    80004432:	2065                	.insn	2, 0x2065
    80004434:	2522                	fld	fa0,8(sp)
    80004436:	202c2273          	csrrs	tp,0x202,s8
    8000443a:	696c                	ld	a1,208(a0)
    8000443c:	656e                	ld	a0,216(sp)
    8000443e:	2520                	fld	fs0,72(a0)
    80004440:	2564                	fld	fs1,200(a0)
    80004442:	0a732573          	csrrs	a0,0xa7,t1
	...
    8000444e:	3ff0                	fld	fa2,248(a5)
    80004450:	0000                	unimp
    80004452:	0000                	unimp
    80004454:	0000                	unimp
    80004456:	4000                	lw	s0,0(s0)
    80004458:	0000                	unimp
    8000445a:	0000                	unimp
    8000445c:	0000                	unimp
    8000445e:	4008                	lw	a0,0(s0)
    80004460:	0000                	unimp
    80004462:	0000                	unimp
    80004464:	0000                	unimp
    80004466:	4010                	lw	a2,0(s0)
    80004468:	0000                	unimp
    8000446a:	0000                	unimp
    8000446c:	0000                	unimp
    8000446e:	4014                	lw	a3,0(s0)
    80004470:	0000                	unimp
    80004472:	0000                	unimp
    80004474:	0000                	unimp
    80004476:	4018                	lw	a4,0(s0)
    80004478:	0000                	unimp
    8000447a:	0000                	unimp
    8000447c:	0000                	unimp
    8000447e:	401c                	lw	a5,0(s0)
    80004480:	0000                	unimp
    80004482:	0000                	unimp
    80004484:	0000                	unimp
    80004486:	4020                	lw	s0,64(s0)
    80004488:	0000                	unimp
    8000448a:	0000                	unimp
    8000448c:	0000                	unimp
    8000448e:	4026                	.insn	2, 0x4026
    80004490:	0000                	unimp
    80004492:	0000                	unimp
    80004494:	0000                	unimp
    80004496:	4028                	lw	a0,64(s0)
    80004498:	0000                	unimp
    8000449a:	0000                	unimp
    8000449c:	0000                	unimp
    8000449e:	402a                	.insn	2, 0x402a
    800044a0:	0000                	unimp
    800044a2:	0000                	unimp
    800044a4:	0000                	unimp
    800044a6:	402c                	lw	a1,64(s0)
    800044a8:	0000                	unimp
    800044aa:	0000                	unimp
    800044ac:	0000                	unimp
    800044ae:	402e                	.insn	2, 0x402e
    800044b0:	0000                	unimp
    800044b2:	0000                	unimp
    800044b4:	0000                	unimp
    800044b6:	4030                	lw	a2,64(s0)
    800044b8:	0000                	unimp
    800044ba:	0000                	unimp
    800044bc:	0000                	unimp
    800044be:	4031                	c.li	zero,12
    800044c0:	0000                	unimp
    800044c2:	0000                	unimp
    800044c4:	0000                	unimp
    800044c6:	4032                	.insn	2, 0x4032
    800044c8:	0000                	unimp
    800044ca:	0000                	unimp
    800044cc:	0000                	unimp
    800044ce:	4035                	c.li	zero,13
    800044d0:	0000                	unimp
    800044d2:	0000                	unimp
    800044d4:	0000                	unimp
    800044d6:	4036                	.insn	2, 0x4036
    800044d8:	0000                	unimp
    800044da:	0000                	unimp
    800044dc:	0000                	unimp
    800044de:	00004037          	lui	zero,0x4
    800044e2:	0000                	unimp
    800044e4:	0000                	unimp
    800044e6:	4038                	lw	a4,64(s0)
    800044e8:	0000                	unimp
    800044ea:	0000                	unimp
    800044ec:	0000                	unimp
    800044ee:	4039                	c.li	zero,14
    800044f0:	0000                	unimp
    800044f2:	0000                	unimp
    800044f4:	0000                	unimp
    800044f6:	403a                	.insn	2, 0x403a
    800044f8:	0000                	unimp
    800044fa:	0000                	unimp
    800044fc:	0000                	unimp
    800044fe:	0000403b          	.insn	4, 0x403b
    80004502:	0000                	unimp
    80004504:	0000                	unimp
    80004506:	403c                	lw	a5,64(s0)
    80004508:	0000                	unimp
    8000450a:	0000                	unimp
    8000450c:	0000                	unimp
    8000450e:	0000403f 00000000 	.insn	8, 0x403f
    80004516:	4040                	lw	s0,4(s0)
    80004518:	0000                	unimp
    8000451a:	0000                	unimp
    8000451c:	8000                	.insn	2, 0x8000
    8000451e:	4040                	lw	s0,4(s0)
    80004520:	0000                	unimp
    80004522:	0000                	unimp
    80004524:	0000                	unimp
    80004526:	4041                	c.li	zero,16
    80004528:	0000                	unimp
    8000452a:	0000                	unimp
    8000452c:	8000                	.insn	2, 0x8000
    8000452e:	4041                	c.li	zero,16
    80004530:	0000                	unimp
    80004532:	0000                	unimp
    80004534:	0000                	unimp
    80004536:	4042                	.insn	2, 0x4042
    80004538:	0000                	unimp
    8000453a:	0000                	unimp
    8000453c:	8000                	.insn	2, 0x8000
    8000453e:	4042                	.insn	2, 0x4042
    80004540:	0000                	unimp
    80004542:	0000                	unimp
    80004544:	0000                	unimp
    80004546:	00004043          	fmadd.s	ft0,ft0,ft0,ft0,rmm
    8000454a:	0000                	unimp
    8000454c:	8000                	.insn	2, 0x8000
    8000454e:	4044                	lw	s1,4(s0)
    80004550:	0000                	unimp
    80004552:	0000                	unimp
    80004554:	0000                	unimp
    80004556:	4045                	c.li	zero,17
    80004558:	0000                	unimp
    8000455a:	0000                	unimp
    8000455c:	8000                	.insn	2, 0x8000
    8000455e:	4045                	c.li	zero,17
    80004560:	0000                	unimp
    80004562:	0000                	unimp
    80004564:	0000                	unimp
    80004566:	4046                	.insn	2, 0x4046
    80004568:	0000                	unimp
    8000456a:	0000                	unimp
    8000456c:	8000                	.insn	2, 0x8000
    8000456e:	4046                	.insn	2, 0x4046
    80004570:	0000                	unimp
    80004572:	0000                	unimp
    80004574:	0000                	unimp
    80004576:	00004047          	fmsub.s	ft0,ft0,ft0,ft0,rmm
    8000457a:	0000                	unimp
    8000457c:	8000                	.insn	2, 0x8000
    8000457e:	00004047          	fmsub.s	ft0,ft0,ft0,ft0,rmm
    80004582:	0000                	unimp
    80004584:	0000                	unimp
    80004586:	4048                	lw	a0,4(s0)
    80004588:	0000                	unimp
    8000458a:	0000                	unimp
    8000458c:	8000                	.insn	2, 0x8000
    8000458e:	4049                	c.li	zero,18
    80004590:	0000                	unimp
    80004592:	0000                	unimp
    80004594:	0000                	unimp
    80004596:	404a                	.insn	2, 0x404a
    80004598:	0000                	unimp
    8000459a:	0000                	unimp
    8000459c:	8000                	.insn	2, 0x8000
    8000459e:	404a                	.insn	2, 0x404a
    800045a0:	0000                	unimp
    800045a2:	0000                	unimp
    800045a4:	0000                	unimp
    800045a6:	0000404b          	fnmsub.s	ft0,ft0,ft0,ft0,rmm
    800045aa:	0000                	unimp
    800045ac:	8000                	.insn	2, 0x8000
    800045ae:	0000404b          	fnmsub.s	ft0,ft0,ft0,ft0,rmm
    800045b2:	0000                	unimp
    800045b4:	0000                	unimp
    800045b6:	404c                	lw	a1,4(s0)
    800045b8:	0000                	unimp
    800045ba:	0000                	unimp
    800045bc:	8000                	.insn	2, 0x8000
    800045be:	404c                	lw	a1,4(s0)
    800045c0:	0000                	unimp
    800045c2:	0000                	unimp
    800045c4:	0000                	unimp
    800045c6:	404d                	c.li	zero,19
    800045c8:	0000                	unimp
    800045ca:	0000                	unimp
    800045cc:	8000                	.insn	2, 0x8000
    800045ce:	404e                	.insn	2, 0x404e
    800045d0:	0000                	unimp
    800045d2:	0000                	unimp
    800045d4:	0000                	unimp
    800045d6:	0000404f          	fnmadd.s	ft0,ft0,ft0,ft0,rmm
    800045da:	0000                	unimp
    800045dc:	8000                	.insn	2, 0x8000
    800045de:	0000404f          	fnmadd.s	ft0,ft0,ft0,ft0,rmm
    800045e2:	0000                	unimp
    800045e4:	0000                	unimp
    800045e6:	4050                	lw	a2,4(s0)
    800045e8:	0000                	unimp
    800045ea:	0000                	unimp
    800045ec:	4000                	lw	s0,0(s0)
    800045ee:	4050                	lw	a2,4(s0)
    800045f0:	0000                	unimp
    800045f2:	0000                	unimp
    800045f4:	8000                	.insn	2, 0x8000
    800045f6:	4050                	lw	a2,4(s0)
    800045f8:	0000                	unimp
    800045fa:	0000                	unimp
    800045fc:	c000                	sw	s0,0(s0)
    800045fe:	4050                	lw	a2,4(s0)
    80004600:	0000                	unimp
    80004602:	0000                	unimp
    80004604:	0000                	unimp
    80004606:	4051                	c.li	zero,20
    80004608:	0000                	unimp
    8000460a:	0000                	unimp
    8000460c:	c000                	sw	s0,0(s0)
    8000460e:	4051                	c.li	zero,20
    80004610:	0000                	unimp
    80004612:	0000                	unimp
    80004614:	0000                	unimp
    80004616:	4052                	.insn	2, 0x4052
    80004618:	0000                	unimp
    8000461a:	0000                	unimp
    8000461c:	4000                	lw	s0,0(s0)
    8000461e:	4052                	.insn	2, 0x4052
    80004620:	0000                	unimp
    80004622:	0000                	unimp
    80004624:	8000                	.insn	2, 0x8000
    80004626:	4052                	.insn	2, 0x4052
    80004628:	0000                	unimp
    8000462a:	0000                	unimp
    8000462c:	c000                	sw	s0,0(s0)
    8000462e:	4052                	.insn	2, 0x4052
    80004630:	0000                	unimp
    80004632:	0000                	unimp
    80004634:	0000                	unimp
    80004636:	00004053          	fadd.s	ft0,ft0,ft0,rmm
    8000463a:	0000                	unimp
    8000463c:	4000                	lw	s0,0(s0)
    8000463e:	00004053          	fadd.s	ft0,ft0,ft0,rmm
    80004642:	0000                	unimp
    80004644:	8000                	.insn	2, 0x8000
    80004646:	c5764053          	.insn	4, 0xc5764053
    8000464a:	ffff                	.insn	2, 0xffff
    8000464c:	c58c                	sw	a1,8(a1)
    8000464e:	ffff                	.insn	2, 0xffff
    80004650:	c54c                	sw	a1,12(a0)
    80004652:	ffff                	.insn	2, 0xffff
    80004654:	c54c                	sw	a1,12(a0)
    80004656:	ffff                	.insn	2, 0xffff
    80004658:	c54c                	sw	a1,12(a0)
    8000465a:	ffff                	.insn	2, 0xffff
    8000465c:	c54c                	sw	a1,12(a0)
    8000465e:	ffff                	.insn	2, 0xffff
    80004660:	c58c                	sw	a1,8(a1)
    80004662:	ffff                	.insn	2, 0xffff
    80004664:	c54c                	sw	a1,12(a0)
    80004666:	ffff                	.insn	2, 0xffff
    80004668:	c54c                	sw	a1,12(a0)
    8000466a:	ffff                	.insn	2, 0xffff
    8000466c:	c54c                	sw	a1,12(a0)
    8000466e:	ffff                	.insn	2, 0xffff
    80004670:	c54c                	sw	a1,12(a0)
    80004672:	ffff                	.insn	2, 0xffff
    80004674:	c6ec                	sw	a1,76(a3)
    80004676:	ffff                	.insn	2, 0xffff
    80004678:	c5ce                	sw	s3,200(sp)
    8000467a:	ffff                	.insn	2, 0xffff
    8000467c:	c688                	sw	a0,8(a3)
    8000467e:	ffff                	.insn	2, 0xffff
    80004680:	c54c                	sw	a1,12(a0)
    80004682:	ffff                	.insn	2, 0xffff
    80004684:	c54c                	sw	a1,12(a0)
    80004686:	ffff                	.insn	2, 0xffff
    80004688:	c720                	sw	s0,72(a4)
    8000468a:	ffff                	.insn	2, 0xffff
    8000468c:	c54c                	sw	a1,12(a0)
    8000468e:	ffff                	.insn	2, 0xffff
    80004690:	c5ce                	sw	s3,200(sp)
    80004692:	ffff                	.insn	2, 0xffff
    80004694:	c54c                	sw	a1,12(a0)
    80004696:	ffff                	.insn	2, 0xffff
    80004698:	c54c                	sw	a1,12(a0)
    8000469a:	ffff                	.insn	2, 0xffff
    8000469c:	c690                	sw	a2,8(a3)
    8000469e:	ffff                	.insn	2, 0xffff

00000000800046a0 <p05.0>:
    800046a0:	0005                	c.nop	1
    800046a2:	0000                	unimp
    800046a4:	0019                	c.nop	6
    800046a6:	0000                	unimp
    800046a8:	007d                	c.nop	31
    800046aa:	0000                	unimp
    800046ac:	0000                	unimp
	...

00000000800046b0 <__mprec_tinytens>:
    800046b0:	89bc                	.insn	2, 0x89bc
    800046b2:	97d8                	.insn	2, 0x97d8
    800046b4:	d2b2                	sw	a2,100(sp)
    800046b6:	3c9c                	fld	fa5,56(s1)
    800046b8:	d5a8a733          	.insn	4, 0xd5a8a733
    800046bc:	3949f623          	.insn	4, 0x3949f623
    800046c0:	a73d                	j	80004dee <__sf+0x196>
    800046c2:	44f4                	lw	a3,76(s1)
    800046c4:	0ffd                	addi	t6,t6,31
    800046c6:	32a5                	addiw	t0,t0,-23
    800046c8:	979d                	srai	a5,a5,0x27
    800046ca:	cf8c                	sw	a1,24(a5)
    800046cc:	ba08                	fsd	fa0,48(a2)
    800046ce:	6f43255b          	.insn	4, 0x6f43255b
    800046d2:	64ac                	ld	a1,72(s1)
    800046d4:	0628                	addi	a0,sp,776
    800046d6:	0ac8                	addi	a0,sp,340

00000000800046d8 <__mprec_bigtens>:
    800046d8:	8000                	.insn	2, 0x8000
    800046da:	37e0                	fld	fs0,232(a5)
    800046dc:	c379                	beqz	a4,800047a2 <__mprec_tens+0xa2>
    800046de:	4341                	li	t1,16
    800046e0:	b5056e17          	auipc	t3,0xb5056
    800046e4:	b8b5                	j	80003f60 <handle_trap+0xe>
    800046e6:	f9f54693          	xori	a3,a0,-97
    800046ea:	4f03e93f 1d324d38 	.insn	8, 0x1d324d384f03e93f
    800046f2:	f930                	sd	a2,112(a0)
    800046f4:	7748                	ld	a0,168(a4)
    800046f6:	5a82                	lw	s5,32(sp)
    800046f8:	bf3c                	fsd	fa5,120(a4)
    800046fa:	4fdd7f73          	csrrci	t5,0x4fd,26
    800046fe:	7515                	lui	a0,0xfffe5

0000000080004700 <__mprec_tens>:
    80004700:	0000                	unimp
    80004702:	0000                	unimp
    80004704:	0000                	unimp
    80004706:	3ff0                	fld	fa2,248(a5)
    80004708:	0000                	unimp
    8000470a:	0000                	unimp
    8000470c:	0000                	unimp
    8000470e:	4024                	lw	s1,64(s0)
    80004710:	0000                	unimp
    80004712:	0000                	unimp
    80004714:	0000                	unimp
    80004716:	4059                	c.li	zero,22
    80004718:	0000                	unimp
    8000471a:	0000                	unimp
    8000471c:	4000                	lw	s0,0(s0)
    8000471e:	0000408f          	.insn	4, 0x408f
    80004722:	0000                	unimp
    80004724:	8800                	.insn	2, 0x8800
    80004726:	000040c3          	fmadd.s	ft1,ft0,ft0,ft0,rmm
    8000472a:	0000                	unimp
    8000472c:	6a00                	ld	s0,16(a2)
    8000472e:	40f8                	lw	a4,68(s1)
    80004730:	0000                	unimp
    80004732:	0000                	unimp
    80004734:	8480                	.insn	2, 0x8480
    80004736:	412e                	lw	sp,200(sp)
    80004738:	0000                	unimp
    8000473a:	0000                	unimp
    8000473c:	12d0                	addi	a2,sp,356
    8000473e:	00004163          	bltz	zero,80004740 <__mprec_tens+0x40>
    80004742:	0000                	unimp
    80004744:	d784                	sw	s1,40(a5)
    80004746:	00004197          	auipc	gp,0x4
    8000474a:	0000                	unimp
    8000474c:	cd65                	beqz	a0,80004844 <_ctype_+0x7c>
    8000474e:	41cd                	li	gp,19
    80004750:	0000                	unimp
    80004752:	2000                	fld	fs0,0(s0)
    80004754:	a05f 4202 0000      	.insn	6, 0x4202a05f
    8000475a:	e800                	sd	s0,16(s0)
    8000475c:	4876                	lw	a6,92(sp)
    8000475e:	00004237          	lui	tp,0x4
    80004762:	a200                	fsd	fs0,0(a2)
    80004764:	1a94                	addi	a3,sp,368
    80004766:	426d                	li	tp,27
    80004768:	0000                	unimp
    8000476a:	e540                	sd	s0,136(a0)
    8000476c:	309c                	fld	fa5,32(s1)
    8000476e:	42a2                	lw	t0,8(sp)
    80004770:	0000                	unimp
    80004772:	1e90                	addi	a2,sp,880
    80004774:	bcc4                	fsd	fs1,184(s1)
    80004776:	42d6                	lw	t0,84(sp)
    80004778:	0000                	unimp
    8000477a:	2634                	fld	fa3,72(a2)
    8000477c:	6bf5                	lui	s7,0x1d
    8000477e:	430c                	lw	a1,0(a4)
    80004780:	8000                	.insn	2, 0x8000
    80004782:	37e0                	fld	fs0,232(a5)
    80004784:	c379                	beqz	a4,8000484a <_ctype_+0x82>
    80004786:	4341                	li	t1,16
    80004788:	a000                	fsd	fs0,0(s0)
    8000478a:	85d8                	.insn	2, 0x85d8
    8000478c:	43763457          	.insn	4, 0x43763457
    80004790:	c800                	sw	s0,16(s0)
    80004792:	674e                	ld	a4,208(sp)
    80004794:	c16d                	beqz	a0,80004876 <_ctype_+0xae>
    80004796:	3d0043ab          	.insn	4, 0x3d0043ab
    8000479a:	6091                	lui	ra,0x4
    8000479c:	58e4                	lw	s1,116(s1)
    8000479e:	43e1                	li	t2,24
    800047a0:	8c40                	.insn	2, 0x8c40
    800047a2:	78b5                	lui	a7,0xfffed
    800047a4:	af1d                	j	80004eda <__atexit0+0x6a>
    800047a6:	4415                	li	s0,5
    800047a8:	ef50                	sd	a2,152(a4)
    800047aa:	d6e2                	sw	s8,108(sp)
    800047ac:	1ae4                	addi	s1,sp,380
    800047ae:	d592444b          	.insn	4, 0xd592444b
    800047b2:	064d                	addi	a2,a2,19 # 19013 <__stack_size+0x11013>
    800047b4:	4480f0cf          	.insn	4, 0x4480f0cf
    800047b8:	4af6                	lw	s5,92(sp)
    800047ba:	c7e1                	beqz	a5,80004882 <_ctype_+0xba>
    800047bc:	2d02                	fld	fs10,0(sp)
    800047be:	44b5                	li	s1,13
    800047c0:	9db4                	.insn	2, 0x9db4
    800047c2:	79d9                	lui	s3,0xffff6
    800047c4:	44ea7843          	.insn	4, 0x44ea7843

00000000800047c8 <_ctype_>:
    800047c8:	2000                	fld	fs0,0(s0)
    800047ca:	2020                	fld	fs0,64(s0)
    800047cc:	2020                	fld	fs0,64(s0)
    800047ce:	2020                	fld	fs0,64(s0)
    800047d0:	2020                	fld	fs0,64(s0)
    800047d2:	2828                	fld	fa0,80(s0)
    800047d4:	2828                	fld	fa0,80(s0)
    800047d6:	2028                	fld	fa0,64(s0)
    800047d8:	2020                	fld	fs0,64(s0)
    800047da:	2020                	fld	fs0,64(s0)
    800047dc:	2020                	fld	fs0,64(s0)
    800047de:	2020                	fld	fs0,64(s0)
    800047e0:	2020                	fld	fs0,64(s0)
    800047e2:	2020                	fld	fs0,64(s0)
    800047e4:	2020                	fld	fs0,64(s0)
    800047e6:	2020                	fld	fs0,64(s0)
    800047e8:	8820                	.insn	2, 0x8820
    800047ea:	1010                	addi	a2,sp,32
    800047ec:	1010                	addi	a2,sp,32
    800047ee:	1010                	addi	a2,sp,32
    800047f0:	1010                	addi	a2,sp,32
    800047f2:	1010                	addi	a2,sp,32
    800047f4:	1010                	addi	a2,sp,32
    800047f6:	1010                	addi	a2,sp,32
    800047f8:	0410                	addi	a2,sp,512
    800047fa:	0404                	addi	s1,sp,512
    800047fc:	0404                	addi	s1,sp,512
    800047fe:	0404                	addi	s1,sp,512
    80004800:	0404                	addi	s1,sp,512
    80004802:	1004                	addi	s1,sp,32
    80004804:	1010                	addi	a2,sp,32
    80004806:	1010                	addi	a2,sp,32
    80004808:	1010                	addi	a2,sp,32
    8000480a:	4141                	li	sp,16
    8000480c:	4141                	li	sp,16
    8000480e:	4141                	li	sp,16
    80004810:	0101                	addi	sp,sp,0
    80004812:	0101                	addi	sp,sp,0
    80004814:	0101                	addi	sp,sp,0
    80004816:	0101                	addi	sp,sp,0
    80004818:	0101                	addi	sp,sp,0
    8000481a:	0101                	addi	sp,sp,0
    8000481c:	0101                	addi	sp,sp,0
    8000481e:	0101                	addi	sp,sp,0
    80004820:	0101                	addi	sp,sp,0
    80004822:	0101                	addi	sp,sp,0
    80004824:	1010                	addi	a2,sp,32
    80004826:	1010                	addi	a2,sp,32
    80004828:	1010                	addi	a2,sp,32
    8000482a:	4242                	lw	tp,16(sp)
    8000482c:	4242                	lw	tp,16(sp)
    8000482e:	4242                	lw	tp,16(sp)
    80004830:	0202                	c.slli64	tp
    80004832:	0202                	c.slli64	tp
    80004834:	0202                	c.slli64	tp
    80004836:	0202                	c.slli64	tp
    80004838:	0202                	c.slli64	tp
    8000483a:	0202                	c.slli64	tp
    8000483c:	0202                	c.slli64	tp
    8000483e:	0202                	c.slli64	tp
    80004840:	0202                	c.slli64	tp
    80004842:	0202                	c.slli64	tp
    80004844:	1010                	addi	a2,sp,32
    80004846:	1010                	addi	a2,sp,32
    80004848:	0020                	addi	s0,sp,8
	...

00000000800048d0 <argv>:
    800048d0:	48e0                	lw	s0,84(s1)
    800048d2:	8000                	.insn	2, 0x8000
	...

00000000800048e0 <name>:
    800048e0:	70696863          	bltu	s2,t1,80004ff0 <_end+0x68>
    800048e4:	6179                	addi	sp,sp,464
    800048e6:	6472                	ld	s0,280(sp)
	...

Disassembly of section .eh_frame:

00000000800048f0 <.eh_frame>:
    800048f0:	0010                	.insn	2, 0x0010
    800048f2:	0000                	unimp
    800048f4:	0000                	unimp
    800048f6:	0000                	unimp
    800048f8:	00527a03          	.insn	4, 0x00527a03
    800048fc:	7c01                	lui	s8,0xfffe0
    800048fe:	0101                	addi	sp,sp,0
    80004900:	00020d1b          	sext.w	s10,tp
    80004904:	0010                	.insn	2, 0x0010
    80004906:	0000                	unimp
    80004908:	0018                	.insn	2, 0x0018
    8000490a:	0000                	unimp
    8000490c:	b6f4                	fsd	fa3,232(a3)
    8000490e:	ffff                	.insn	2, 0xffff
    80004910:	0144                	addi	s1,sp,132
    80004912:	0000                	unimp
    80004914:	0000                	unimp
	...

Disassembly of section .htif:

0000000080004940 <tohost>:
	...

0000000080004948 <fromhost>:
	...

Disassembly of section .data._impure_data:

0000000080004950 <_impure_data>:
	...
    80004958:	4c58                	lw	a4,28(s0)
    8000495a:	8000                	.insn	2, 0x8000
    8000495c:	0000                	unimp
    8000495e:	0000                	unimp
    80004960:	4d08                	lw	a0,24(a0)
    80004962:	8000                	.insn	2, 0x8000
    80004964:	0000                	unimp
    80004966:	0000                	unimp
    80004968:	4db8                	lw	a4,88(a1)
    8000496a:	8000                	.insn	2, 0x8000
	...

Disassembly of section .data.__sglue:

00000000800049e0 <__sglue>:
	...
    800049e8:	00000003          	lb	zero,0(zero) # 0 <__boot_hart>
    800049ec:	0000                	unimp
    800049ee:	0000                	unimp
    800049f0:	4c58                	lw	a4,28(s0)
    800049f2:	8000                	.insn	2, 0x8000
    800049f4:	0000                	unimp
	...

Disassembly of section .data.__global_locale:

00000000800049f8 <__global_locale>:
    800049f8:	00000043          	fmadd.s	ft0,ft0,ft0,ft0,rne
	...
    80004a18:	00000043          	fmadd.s	ft0,ft0,ft0,ft0,rne
	...
    80004a38:	00000043          	fmadd.s	ft0,ft0,ft0,ft0,rne
	...
    80004a58:	00000043          	fmadd.s	ft0,ft0,ft0,ft0,rne
	...
    80004a78:	00000043          	fmadd.s	ft0,ft0,ft0,ft0,rne
	...
    80004a98:	00000043          	fmadd.s	ft0,ft0,ft0,ft0,rne
	...
    80004ab8:	00000043          	fmadd.s	ft0,ft0,ft0,ft0,rne
	...
    80004ad8:	374c                	fld	fa1,168(a4)
    80004ada:	8000                	.insn	2, 0x8000
    80004adc:	0000                	unimp
    80004ade:	0000                	unimp
    80004ae0:	3688                	fld	fa0,40(a3)
    80004ae2:	8000                	.insn	2, 0x8000
	...
    80004af0:	47c8                	lw	a0,12(a5)
    80004af2:	8000                	.insn	2, 0x8000
    80004af4:	0000                	unimp
    80004af6:	0000                	unimp
    80004af8:	4400                	lw	s0,8(s0)
    80004afa:	8000                	.insn	2, 0x8000
    80004afc:	0000                	unimp
    80004afe:	0000                	unimp
    80004b00:	4258                	lw	a4,4(a2)
    80004b02:	8000                	.insn	2, 0x8000
    80004b04:	0000                	unimp
    80004b06:	0000                	unimp
    80004b08:	4258                	lw	a4,4(a2)
    80004b0a:	8000                	.insn	2, 0x8000
    80004b0c:	0000                	unimp
    80004b0e:	0000                	unimp
    80004b10:	4258                	lw	a4,4(a2)
    80004b12:	8000                	.insn	2, 0x8000
    80004b14:	0000                	unimp
    80004b16:	0000                	unimp
    80004b18:	4258                	lw	a4,4(a2)
    80004b1a:	8000                	.insn	2, 0x8000
    80004b1c:	0000                	unimp
    80004b1e:	0000                	unimp
    80004b20:	4258                	lw	a4,4(a2)
    80004b22:	8000                	.insn	2, 0x8000
    80004b24:	0000                	unimp
    80004b26:	0000                	unimp
    80004b28:	4258                	lw	a4,4(a2)
    80004b2a:	8000                	.insn	2, 0x8000
    80004b2c:	0000                	unimp
    80004b2e:	0000                	unimp
    80004b30:	4258                	lw	a4,4(a2)
    80004b32:	8000                	.insn	2, 0x8000
    80004b34:	0000                	unimp
    80004b36:	0000                	unimp
    80004b38:	4258                	lw	a4,4(a2)
    80004b3a:	8000                	.insn	2, 0x8000
    80004b3c:	0000                	unimp
    80004b3e:	0000                	unimp
    80004b40:	4258                	lw	a4,4(a2)
    80004b42:	8000                	.insn	2, 0x8000
    80004b44:	0000                	unimp
    80004b46:	0000                	unimp
    80004b48:	ffff                	.insn	2, 0xffff
    80004b4a:	ffff                	.insn	2, 0xffff
    80004b4c:	ffff                	.insn	2, 0xffff
    80004b4e:	ffff                	.insn	2, 0xffff
    80004b50:	ffff                	.insn	2, 0xffff
    80004b52:	ffff                	.insn	2, 0xffff
    80004b54:	ffff                	.insn	2, 0xffff
    80004b56:	0000                	unimp
    80004b58:	0001                	nop
    80004b5a:	5341                	li	t1,-16
    80004b5c:	00494943          	fmadd.s	fs2,fs2,ft4,ft0,rmm
	...
    80004b78:	0000                	unimp
    80004b7a:	5341                	li	t1,-16
    80004b7c:	00494943          	fmadd.s	fs2,fs2,ft4,ft0,rmm
	...

Disassembly of section .sdata:

0000000080004ba0 <_impure_ptr>:
    80004ba0:	4950                	lw	a2,20(a0)
    80004ba2:	8000                	.insn	2, 0x8000
    80004ba4:	0000                	unimp
	...

0000000080004ba8 <curbrk>:
    80004ba8:	4f88                	lw	a0,24(a5)
    80004baa:	8000                	.insn	2, 0x8000
    80004bac:	0000                	unimp
	...

0000000080004bb0 <environ>:
    80004bb0:	4c48                	lw	a0,28(s0)
    80004bb2:	8000                	.insn	2, 0x8000
    80004bb4:	0000                	unimp
	...

0000000080004bb8 <__atexit_dummy>:
    80004bb8:	412e                	lw	sp,200(sp)
    80004bba:	8000                	.insn	2, 0x8000
    80004bbc:	0000                	unimp
    80004bbe:	0000                	unimp
    80004bc0:	999a                	add	s3,s3,t1
    80004bc2:	9999                	andi	a1,a1,-26
    80004bc4:	9999                	andi	a1,a1,-26
    80004bc6:	3fb9                	addiw	t6,t6,-18
    80004bc8:	0000                	unimp
    80004bca:	0000                	unimp
    80004bcc:	0000                	unimp
    80004bce:	4024                	lw	s1,64(s0)
    80004bd0:	ffff                	.insn	2, 0xffff
    80004bd2:	ffff                	.insn	2, 0xffff
    80004bd4:	ffff                	.insn	2, 0xffff
    80004bd6:	00007fef          	jal	t6,8000bbd6 <__global_pointer$+0x6836>
    80004bda:	0000                	unimp
    80004bdc:	0000                	unimp
    80004bde:	3ff8                	fld	fa4,248(a5)
    80004be0:	4361                	li	t1,24
    80004be2:	87a7636f          	jal	t1,7ff7ac5c <__heap_size+0x7ff5ac5c>
    80004be6:	3fd2                	fld	ft11,304(sp)
    80004be8:	8b60c8b3          	.insn	4, 0x8b60c8b3
    80004bec:	8a28                	.insn	2, 0x8a28
    80004bee:	3fc6                	fld	ft11,112(sp)
    80004bf0:	509f79fb          	.insn	4, 0x509f79fb
    80004bf4:	3fd34413          	xori	s0,t1,1021
    80004bf8:	0000                	unimp
    80004bfa:	0000                	unimp
    80004bfc:	0000                	unimp
    80004bfe:	3ff0                	fld	fa2,248(a5)
    80004c00:	0000                	unimp
    80004c02:	0000                	unimp
    80004c04:	0000                	unimp
    80004c06:	401c                	lw	a5,0(s0)
    80004c08:	0000                	unimp
    80004c0a:	0000                	unimp
    80004c0c:	0000                	unimp
    80004c0e:	4014                	lw	a3,0(s0)
    80004c10:	0000                	unimp
    80004c12:	0000                	unimp
    80004c14:	0000                	unimp
    80004c16:	3fe0                	fld	fs0,248(a5)

Disassembly of section .debug_info:

0000000000000000 <.debug_info>:
       0:	0000046b          	.insn	4, 0x046b
       4:	0005                	c.nop	1
       6:	0801                	addi	a6,a6,0
       8:	0000                	unimp
       a:	0000                	unimp
       c:	1f11                	addi	t5,t5,-28 # 19fe4 <__stack_size+0x11fe4>
       e:	0000                	unimp
      10:	0c00                	addi	s0,sp,528
      12:	0000                	unimp
      14:	0000                	unimp
      16:	00000053          	fadd.s	ft0,ft0,ft0,rne
      1a:	001d                	c.nop	7
	...
      28:	0000                	unimp
      2a:	54060103          	lb	sp,1344(a2)
      2e:	0001                	nop
      30:	0300                	addi	s0,sp,384
      32:	0801                	addi	a6,a6,0
      34:	0152                	slli	sp,sp,0x14
      36:	0000                	unimp
      38:	bb050203          	lb	tp,-1104(a0) # fffffffffffe4bb0 <__heap_end+0xffffffff7ffbfbb0>
      3c:	0001                	nop
      3e:	0300                	addi	s0,sp,384
      40:	0702                	c.slli64	a4
      42:	0000017b          	.insn	4, 0x017b
      46:	0412                	slli	s0,s0,0x4
      48:	6905                	lui	s2,0x1
      4a:	746e                	ld	s0,248(sp)
      4c:	0900                	addi	s0,sp,144
      4e:	0046                	c.slli	zero,0x11
      50:	0000                	unimp
      52:	e8070403          	lb	s0,-384(a4)
      56:	0001                	nop
      58:	0300                	addi	s0,sp,384
      5a:	0508                	addi	a0,sp,640
      5c:	0235                	addi	tp,tp,13 # 400d <__stack_align+0x3ffd>
      5e:	0000                	unimp
      60:	e3070803          	lb	a6,-464(a4)
      64:	0001                	nop
      66:	0a00                	addi	s0,sp,272
      68:	05e4                	addi	s1,sp,716
      6a:	0000                	unimp
      6c:	d602                	sw	zero,44(sp)
      6e:	00006017          	auipc	zero,0x6
      72:	0300                	addi	s0,sp,384
      74:	0508                	addi	a0,sp,640
      76:	0230                	addi	a2,sp,264
      78:	0000                	unimp
      7a:	5b080103          	lb	sp,1456(a6)
      7e:	0001                	nop
      80:	0900                	addi	s0,sp,144
      82:	007a                	c.slli	zero,0x1e
      84:	0000                	unimp
      86:	0000810b          	.insn	4, 0x810b
      8a:	1300                	addi	s0,sp,416
      8c:	0086                	slli	ra,ra,0x1
      8e:	0000                	unimp
      90:	de070803          	lb	a6,-544(a4)
      94:	0001                	nop
      96:	1400                	addi	s0,sp,544
      98:	0140                	addi	s0,sp,132
      9a:	0904                	addi	s1,sp,144
      9c:	00f6                	slli	ra,ra,0x1d
      9e:	0000                	unimp
      a0:	d506                	sw	ra,168(sp)
      a2:	0001                	nop
      a4:	0500                	addi	s0,sp,640
      a6:	00f6                	slli	ra,ra,0x1d
      a8:	0000                	unimp
      aa:	0600                	addi	s0,sp,768
      ac:	012d                	addi	sp,sp,11
      ae:	0000                	unimp
      b0:	f606                	sd	ra,296(sp)
      b2:	0000                	unimp
      b4:	0800                	addi	s0,sp,16
      b6:	4b0c                	lw	a1,16(a4)
      b8:	0070                	addi	a2,sp,12
      ba:	f60c                	sd	a1,40(a2)
      bc:	0000                	unimp
      be:	1000                	addi	s0,sp,32
      c0:	4b0c                	lw	a1,16(a4)
      c2:	0069                	c.nop	26
      c4:	f610                	sd	a2,40(a2)
      c6:	0000                	unimp
      c8:	1800                	addi	s0,sp,48
      ca:	4b0c                	lw	a1,16(a4)
      cc:	0064                	addi	s1,sp,12
      ce:	f614                	sd	a3,40(a2)
      d0:	0000                	unimp
      d2:	2000                	fld	fs0,0(s0)
      d4:	b406                	fsd	ft1,40(sp)
      d6:	0001                	nop
      d8:	0800                	addi	s0,sp,16
      da:	00f6                	slli	ra,ra,0x1d
      dc:	0000                	unimp
      de:	0628                	addi	a0,sp,776
      e0:	01c5                	addi	gp,gp,17 # 80008757 <__global_pointer$+0x33b7>
      e2:	0000                	unimp
      e4:	f609                	bnez	a2,ffffffffffffffee <__heap_end+0xffffffff7ffdafee>
      e6:	0000                	unimp
      e8:	3000                	fld	fs0,32(s0)
      ea:	6f06                	ld	t5,64(sp)
      ec:	0002                	c.slli64	zero
      ee:	0a00                	addi	s0,sp,272
      f0:	00f6                	slli	ra,ra,0x1d
      f2:	0000                	unimp
      f4:	0038                	addi	a4,sp,8
      f6:	7b040803          	lb	a6,1968(s0)
      fa:	0004                	.insn	2, 0x0004
      fc:	0900                	addi	s0,sp,144
      fe:	00f6                	slli	ra,ra,0x1d
     100:	0000                	unimp
     102:	8e0a                	mv	t3,sp
     104:	0001                	nop
     106:	0100                	addi	s0,sp,128
     108:	0097030b          	.insn	4, 0x0097030b
     10c:	0000                	unimp
     10e:	f804                	sd	s1,48(s0)
     110:	0000                	unimp
     112:	0400                	addi	s0,sp,512
     114:	05ce                	slli	a1,a1,0x13
     116:	0046                	c.slli	zero,0x11
     118:	0000                	unimp
     11a:	0125                	addi	sp,sp,9
     11c:	0000                	unimp
     11e:	8b01                	andi	a4,a4,0
     120:	0000                	unimp
     122:	1500                	addi	s0,sp,672
     124:	1600                	addi	s0,sp,800
     126:	021a                	slli	tp,tp,0x6
     128:	0000                	unimp
     12a:	41095e03          	lhu	t3,1040(s2) # 1410 <__stack_align+0x1400>
     12e:	0001                	nop
     130:	0100                	addi	s0,sp,128
     132:	0141                	addi	sp,sp,16
     134:	0000                	unimp
     136:	4601                	li	a2,0
     138:	0001                	nop
     13a:	0100                	addi	s0,sp,128
     13c:	0060                	addi	s0,sp,12
     13e:	0000                	unimp
     140:	0b00                	addi	s0,sp,400
     142:	00f6                	slli	ra,ra,0x1d
     144:	0000                	unimp
     146:	940a                	add	s0,s0,sp
     148:	0002                	c.slli64	zero
     14a:	0300                	addi	s0,sp,384
     14c:	095e                	slli	s2,s2,0x17
     14e:	0152                	slli	sp,sp,0x14
     150:	0000                	unimp
     152:	00024817          	auipc	a6,0x24
     156:	f600                	sd	s0,40(a2)
     158:	0000                	unimp
     15a:	6a00                	ld	s0,16(a2)
     15c:	0001                	nop
     15e:	1800                	addi	s0,sp,48
     160:	9208                	.insn	2, 0x9208
     162:	38a2                	fld	fa7,40(sp)
     164:	3300                	fld	fs0,32(a4)
     166:	3125                	addiw	sp,sp,-23
     168:	001c                	.insn	2, 0x001c
     16a:	7604                	ld	s1,40(a2)
     16c:	0002                	c.slli64	zero
     16e:	0300                	addi	s0,sp,384
     170:	095e                	slli	s2,s2,0x17
     172:	0146                	slli	sp,sp,0x11
     174:	0000                	unimp
     176:	0000018f          	.insn	4, 0x018f
     17a:	4601                	li	a2,0
     17c:	0001                	nop
     17e:	0100                	addi	s0,sp,128
     180:	0146                	slli	sp,sp,0x11
     182:	0000                	unimp
     184:	4601                	li	a2,0
     186:	0001                	nop
     188:	0100                	addi	s0,sp,128
     18a:	0060                	addi	s0,sp,12
     18c:	0000                	unimp
     18e:	0400                	addi	s0,sp,512
     190:	0116                	slli	sp,sp,0x5
     192:	0000                	unimp
     194:	46095e03          	lhu	t3,1120(s2)
     198:	0001                	nop
     19a:	af00                	fsd	fs0,24(a4)
     19c:	0001                	nop
     19e:	0100                	addi	s0,sp,128
     1a0:	0146                	slli	sp,sp,0x11
     1a2:	0000                	unimp
     1a4:	4601                	li	a2,0
     1a6:	0001                	nop
     1a8:	0100                	addi	s0,sp,128
     1aa:	0060                	addi	s0,sp,12
     1ac:	0000                	unimp
     1ae:	0400                	addi	s0,sp,512
     1b0:	00ff 0000 5e03 4609 	.insn	10, 0x000146095e03000000ff
     1b8:	0001 
     1ba:	cf00                	sw	s0,24(a4)
     1bc:	0001                	nop
     1be:	0100                	addi	s0,sp,128
     1c0:	0146                	slli	sp,sp,0x11
     1c2:	0000                	unimp
     1c4:	f601                	bnez	a2,cc <__stack_align+0xbc>
     1c6:	0000                	unimp
     1c8:	0100                	addi	s0,sp,128
     1ca:	0060                	addi	s0,sp,12
     1cc:	0000                	unimp
     1ce:	0400                	addi	s0,sp,512
     1d0:	019c                	addi	a5,sp,192
     1d2:	0000                	unimp
     1d4:	46095e03          	lhu	t3,1120(s2)
     1d8:	0001                	nop
     1da:	f400                	sd	s0,40(s0)
     1dc:	0001                	nop
     1de:	0100                	addi	s0,sp,128
     1e0:	0146                	slli	sp,sp,0x11
     1e2:	0000                	unimp
     1e4:	f601                	bnez	a2,ec <__stack_align+0xdc>
     1e6:	0000                	unimp
     1e8:	0100                	addi	s0,sp,128
     1ea:	0146                	slli	sp,sp,0x11
     1ec:	0000                	unimp
     1ee:	6001                	.insn	2, 0x6001
     1f0:	0000                	unimp
     1f2:	0000                	unimp
     1f4:	0004                	.insn	2, 0x0004
     1f6:	0000                	unimp
     1f8:	0300                	addi	s0,sp,384
     1fa:	095e                	slli	s2,s2,0x17
     1fc:	0146                	slli	sp,sp,0x11
     1fe:	0000                	unimp
     200:	0214                	addi	a3,sp,256
     202:	0000                	unimp
     204:	4601                	li	a2,0
     206:	0001                	nop
     208:	0100                	addi	s0,sp,128
     20a:	0146                	slli	sp,sp,0x11
     20c:	0000                	unimp
     20e:	6001                	.insn	2, 0x6001
     210:	0000                	unimp
     212:	0000                	unimp
     214:	f504                	sd	s1,40(a0)
     216:	0001                	nop
     218:	0300                	addi	s0,sp,384
     21a:	095e                	slli	s2,s2,0x17
     21c:	0146                	slli	sp,sp,0x11
     21e:	0000                	unimp
     220:	0000022f          	.insn	4, 0x022f
     224:	2f01                	sext.w	t5,t5
     226:	0002                	c.slli64	zero
     228:	0100                	addi	s0,sp,128
     22a:	0060                	addi	s0,sp,12
     22c:	0000                	unimp
     22e:	0b00                	addi	s0,sp,400
     230:	00fd                	addi	ra,ra,31 # 401f <__stack_align+0x400f>
     232:	0000                	unimp
     234:	6004                	ld	s1,0(s0)
     236:	0001                	nop
     238:	0300                	addi	s0,sp,384
     23a:	095e                	slli	s2,s2,0x17
     23c:	0060                	addi	s0,sp,12
     23e:	0000                	unimp
     240:	024a                	slli	tp,tp,0x12
     242:	0000                	unimp
     244:	6001                	.insn	2, 0x6001
     246:	0000                	unimp
     248:	0000                	unimp
     24a:	ae19                	j	560 <__stack_align+0x550>
     24c:	01000007          	.insn	4, 0x01000007
     250:	050d                	addi	a0,a0,3
     252:	0046                	c.slli	zero,0x11
     254:	0000                	unimp
     256:	0230                	addi	a2,sp,264
     258:	8000                	.insn	2, 0x8000
     25a:	0000                	unimp
     25c:	0000                	unimp
     25e:	01ec                	addi	a1,sp,204
     260:	0000                	unimp
     262:	0000                	unimp
     264:	0000                	unimp
     266:	9c01                	subw	s0,s0,s0
     268:	0454                	addi	a3,sp,516
     26a:	0000                	unimp
     26c:	1005                	c.nop	-31
     26e:	0002                	c.slli64	zero
     270:	0e00                	addi	s0,sp,784
     272:	540e                	lw	s0,224(sp)
     274:	0004                	.insn	2, 0x0004
     276:	0300                	addi	s0,sp,384
     278:	d091                	beqz	s1,17c <__stack_align+0x16c>
     27a:	004e1a7b          	.insn	4, 0x004e1a7b
     27e:	1901                	addi	s2,s2,-32
     280:	00004d0f          	.insn	4, 0x4d0f
     284:	0800                	addi	s0,sp,16
     286:	0074641b          	.insn	4, 0x0074641b
     28a:	1a01                	addi	s4,s4,-32
     28c:	f60c                	sd	a1,40(a2)
     28e:	0000                	unimp
     290:	0800                	addi	s0,sp,16
     292:	999a                	add	s3,s3,t1
     294:	9999                	andi	a1,a1,-26
     296:	9999                	andi	a1,a1,-26
     298:	3fb9                	addiw	t6,t6,-18
     29a:	601c                	ld	a5,0(s0)
     29c:	0002                	c.slli64	zero
     29e:	0100                	addi	s0,sp,128
     2a0:	00f60c1b          	addiw	s8,a2,15
     2a4:	0000                	unimp
     2a6:	0008                	.insn	2, 0x0008
     2a8:	0000                	unimp
     2aa:	0000                	unimp
     2ac:	2400                	fld	fs0,8(s0)
     2ae:	0540                	addi	s0,sp,644
     2b0:	01d5                	addi	gp,gp,21 # 800053b5 <__global_pointer$+0x15>
     2b2:	0000                	unimp
     2b4:	0c1e                	slli	s8,s8,0x7
     2b6:	00000463          	beqz	zero,2be <__stack_align+0x2ae>
     2ba:	77d09103          	lh	sp,1917(ra)
     2be:	2d05                	addiw	s10,s10,1
     2c0:	0001                	nop
     2c2:	1e00                	addi	s0,sp,816
     2c4:	6319                	lui	t1,0x6
     2c6:	0004                	.insn	2, 0x0004
     2c8:	0300                	addi	s0,sp,384
     2ca:	9091                	srli	s1,s1,0x24
     2cc:	0778                	addi	a4,sp,908
     2ce:	1f00706b          	.insn	4, 0x1f00706b
     2d2:	630c                	ld	a1,0(a4)
     2d4:	0004                	.insn	2, 0x0004
     2d6:	0300                	addi	s0,sp,384
     2d8:	d091                	beqz	s1,1dc <__stack_align+0x1cc>
     2da:	0778                	addi	a4,sp,908
     2dc:	1f00696b          	.insn	4, 0x1f00696b
     2e0:	00046313          	ori	t1,s0,0
     2e4:	0300                	addi	s0,sp,384
     2e6:	9091                	srli	s1,s1,0x24
     2e8:	0779                	addi	a4,a4,30
     2ea:	1f00646b          	.insn	4, 0x1f00646b
     2ee:	631a                	ld	t1,384(sp)
     2f0:	0004                	.insn	2, 0x0004
     2f2:	0300                	addi	s0,sp,384
     2f4:	d091                	beqz	s1,1f8 <__stack_align+0x1e8>
     2f6:	0579                	addi	a0,a0,30
     2f8:	01b4                	addi	a3,sp,200
     2fa:	0000                	unimp
     2fc:	0c20                	addi	s0,sp,536
     2fe:	00000463          	beqz	zero,306 <__stack_align+0x2f6>
     302:	7a909103          	lh	sp,1961(ra)
     306:	3e05                	addiw	t3,t3,-31 # 3505a6c1 <__heap_size+0x3503a6c1>
     308:	0001                	nop
     30a:	2000                	fld	fs0,0(s0)
     30c:	00046317          	auipc	t1,0x46
     310:	0300                	addi	s0,sp,384
     312:	d091                	beqz	s1,216 <__stack_align+0x206>
     314:	057a                	slli	a0,a0,0x1e
     316:	0000026f          	jal	tp,316 <__stack_align+0x306>
     31a:	2420                	fld	fs0,72(s0)
     31c:	00000463          	beqz	zero,324 <__stack_align+0x314>
     320:	7b909103          	lh	sp,1977(ra)
     324:	9f1d                	subw	a4,a4,a5
     326:	01000007          	.insn	4, 0x01000007
     32a:	132d                	addi	t1,t1,-21 # 462f7 <__heap_size+0x262f7>
     32c:	0060                	addi	s0,sp,12
     32e:	0000                	unimp
     330:	000c                	.insn	2, 0x000c
     332:	0000                	unimp
     334:	6508                	ld	a0,8(a0)
     336:	646e                	ld	s0,216(sp)
     338:	2d00                	fld	fs0,24(a0)
     33a:	601a                	.insn	2, 0x601a
     33c:	0000                	unimp
     33e:	1a00                	addi	s0,sp,304
     340:	0000                	unimp
     342:	0700                	addi	s0,sp,896
     344:	6c76                	ld	s8,344(sp)
     346:	3200                	fld	fs0,32(a2)
     348:	670c                	ld	a1,8(a4)
     34a:	0000                	unimp
     34c:	0100                	addi	s0,sp,128
     34e:	025d                	addi	tp,tp,23 # 17 <__stack_align+0x7>
     350:	025a                	slli	tp,tp,0x16
     352:	0000                	unimp
     354:	4634                	lw	a3,72(a2)
     356:	0001                	nop
     358:	0200                	addi	s0,sp,256
     35a:	00000137          	lui	sp,0x0
     35e:	4635                	li	a2,13
     360:	0001                	nop
     362:	0200                	addi	s0,sp,256
     364:	0000020b          	.insn	4, 0x020b
     368:	4636                	lw	a2,76(sp)
     36a:	0001                	nop
     36c:	0200                	addi	s0,sp,256
     36e:	00000197          	auipc	gp,0x0
     372:	00014637          	lui	a2,0x14
     376:	0200                	addi	s0,sp,256
     378:	01d0                	addi	a2,sp,196
     37a:	0000                	unimp
     37c:	4638                	lw	a4,72(a2)
     37e:	0001                	nop
     380:	0200                	addi	s0,sp,256
     382:	02a1                	addi	t0,t0,8
     384:	0000                	unimp
     386:	4639                	li	a2,14
     388:	0001                	nop
     38a:	0200                	addi	s0,sp,256
     38c:	023e                	slli	tp,tp,0xf
     38e:	0000                	unimp
     390:	463a                	lw	a2,140(sp)
     392:	0001                	nop
     394:	0200                	addi	s0,sp,256
     396:	0175                	addi	sp,sp,29 # 1d <__stack_align+0xd>
     398:	0000                	unimp
     39a:	463d                	li	a2,15
     39c:	0001                	nop
     39e:	0200                	addi	s0,sp,256
     3a0:	00000017          	auipc	zero,0x0
     3a4:	4641                	li	a2,16
     3a6:	0001                	nop
     3a8:	0200                	addi	s0,sp,256
     3aa:	00000147          	fmsub.s	ft2,ft0,ft0,ft0,rne
     3ae:	4644                	lw	s1,12(a2)
     3b0:	0001                	nop
     3b2:	0200                	addi	s0,sp,256
     3b4:	00000267          	jalr	tp,zero # 0 <__boot_hart>
     3b8:	4646                	lw	a2,80(sp)
     3ba:	0001                	nop
     3bc:	0200                	addi	s0,sp,256
     3be:	028e                	slli	t0,t0,0x3
     3c0:	0000                	unimp
     3c2:	464a                	lw	a2,144(sp)
     3c4:	0001                	nop
     3c6:	1e00                	addi	s0,sp,816
     3c8:	000c                	.insn	2, 0x000c
     3ca:	0000                	unimp
     3cc:	03de                	slli	t2,t2,0x17
     3ce:	0000                	unimp
     3d0:	6908                	ld	a0,16(a0)
     3d2:	2200                	fld	fs0,0(a2)
     3d4:	460e                	lw	a2,192(sp)
     3d6:	0000                	unimp
     3d8:	2700                	fld	fs0,8(a4)
     3da:	0000                	unimp
     3dc:	0000                	unimp
     3de:	a80d                	j	410 <__stack_align+0x400>
     3e0:	00800003          	lb	zero,8(zero) # 8 <__boot_hart+0x8>
     3e4:	0000                	unimp
     3e6:	1400                	addi	s0,sp,544
     3e8:	0000                	unimp
     3ea:	0000                	unimp
     3ec:	0000                	unimp
     3ee:	0100                	addi	s0,sp,128
     3f0:	0004                	.insn	2, 0x0004
     3f2:	0800                	addi	s0,sp,16
     3f4:	0069                	c.nop	26
     3f6:	0e56                	slli	t3,t3,0x15
     3f8:	0046                	c.slli	zero,0x11
     3fa:	0000                	unimp
     3fc:	0069                	c.nop	26
     3fe:	0000                	unimp
     400:	0d00                	addi	s0,sp,656
     402:	03d0                	addi	a2,sp,452
     404:	8000                	.insn	2, 0x8000
     406:	0000                	unimp
     408:	0000                	unimp
     40a:	002c                	addi	a1,sp,8
     40c:	0000                	unimp
     40e:	0000                	unimp
     410:	0000                	unimp
     412:	0438                	addi	a4,sp,520
     414:	0000                	unimp
     416:	6908                	ld	a0,16(a0)
     418:	6200                	ld	s0,0(a2)
     41a:	460e                	lw	a2,192(sp)
     41c:	0000                	unimp
     41e:	9100                	.insn	2, 0x9100
     420:	0000                	unimp
     422:	0e00                	addi	s0,sp,784
     424:	03f4                	addi	a3,sp,460
     426:	8000                	.insn	2, 0x8000
     428:	0000                	unimp
     42a:	0000                	unimp
     42c:	010e                	slli	sp,sp,0x3
     42e:	0000                	unimp
     430:	025a010f          	.insn	4, 0x025a010f
     434:	00000083          	lb	ra,0(zero) # 0 <__boot_hart>
     438:	d00e                	sw	gp,32(sp)
     43a:	00800003          	lb	zero,8(zero) # 8 <__boot_hart+0x8>
     43e:	0000                	unimp
     440:	0e00                	addi	s0,sp,784
     442:	0001                	nop
     444:	0f00                	addi	s0,sp,912
     446:	5a01                	li	s4,-32
     448:	0309                	addi	t1,t1,2
     44a:	41f8                	lw	a4,68(a1)
     44c:	8000                	.insn	2, 0x8000
     44e:	0000                	unimp
     450:	0000                	unimp
     452:	0000                	unimp
     454:	021f 0001 6300      	.insn	6, 0x63000001021f
     45a:	0004                	.insn	2, 0x0004
     45c:	1000                	addi	s0,sp,32
     45e:	0060                	addi	s0,sp,12
     460:	0000                	unimp
     462:	2000                	fld	fs0,0(s0)
     464:	00f6                	slli	ra,ra,0x1d
     466:	0000                	unimp
     468:	6010                	ld	a2,0(s0)
     46a:	0000                	unimp
     46c:	0000                	unimp
     46e:	cc00                	sw	s0,24(s0)
     470:	0002                	c.slli64	zero
     472:	0500                	addi	s0,sp,640
     474:	0100                	addi	s0,sp,128
     476:	bd08                	fsd	fa0,56(a0)
     478:	0001                	nop
     47a:	0f00                	addi	s0,sp,912
     47c:	000002bb          	addw	t0,zero,zero
     480:	841d                	srai	s0,s0,0x7
     482:	0001                	nop
     484:	b000                	fsd	fs0,32(s0)
     486:	0001                	nop
     488:	5c00                	lw	s0,56(s0)
     48a:	003c                	addi	a5,sp,8
     48c:	0080                	addi	s0,sp,64
     48e:	0000                	unimp
     490:	2000                	fld	fs0,0(s0)
     492:	0002                	c.slli64	zero
     494:	0000                	unimp
     496:	0000                	unimp
     498:	ca00                	sw	s0,16(a2)
     49a:	01000003          	lb	zero,16(zero) # 10 <__stack_align>
     49e:	0410                	addi	a2,sp,512
     4a0:	0476                	slli	s0,s0,0x1d
     4a2:	0000                	unimp
     4a4:	1001                	c.nop	-32
     4a6:	e105                	bnez	a0,4c6 <__stack_align+0x4b6>
     4a8:	01000003          	lb	zero,16(zero) # 10 <__stack_align>
     4ac:	0710                	addi	a2,sp,896
     4ae:	02a9                	addi	t0,t0,10
     4b0:	0000                	unimp
     4b2:	0801                	addi	a6,a6,0 # 24152 <__heap_size+0x4152>
     4b4:	3505                	addiw	a0,a0,-31
     4b6:	0002                	c.slli64	zero
     4b8:	0100                	addi	s0,sp,128
     4ba:	0601                	addi	a2,a2,0 # 14000 <__stack_size+0xc000>
     4bc:	0154                	addi	a3,sp,132
     4be:	0000                	unimp
     4c0:	0410                	addi	a2,sp,512
     4c2:	6905                	lui	s2,0x1
     4c4:	746e                	ld	s0,248(sp)
     4c6:	0100                	addi	s0,sp,128
     4c8:	0801                	addi	a6,a6,0
     4ca:	0152                	slli	sp,sp,0x14
     4cc:	0000                	unimp
     4ce:	0401                	addi	s0,s0,0
     4d0:	0001e807          	.insn	4, 0x0001e807
     4d4:	0100                	addi	s0,sp,128
     4d6:	0708                	addi	a0,sp,896
     4d8:	000001e3          	beqz	zero,cda <__stack_align+0xcca>
     4dc:	9f08                	.insn	2, 0x9f08
     4de:	02000003          	lb	zero,32(zero) # 20 <__stack_align+0x10>
     4e2:	7844                	ld	s1,176(s0)
     4e4:	0000                	unimp
     4e6:	0100                	addi	s0,sp,128
     4e8:	0408                	addi	a0,sp,512
     4ea:	0000047b          	.insn	4, 0x047b
     4ee:	0805                	addi	a6,a6,1
     4f0:	c602                	sw	zero,12(sp)
     4f2:	00b1                	addi	ra,ra,12
     4f4:	0000                	unimp
     4f6:	2e04                	fld	fs1,24(a2)
     4f8:	0004                	.insn	2, 0x0004
     4fa:	0200                	addi	s0,sp,256
     4fc:	10cd                	addi	ra,ra,-13
     4fe:	00b1                	addi	ra,ra,12
     500:	0000                	unimp
     502:	0034                	addi	a3,sp,8
     504:	6509                	lui	a0,0x2
     506:	7078                	ld	a4,224(s0)
     508:	0200                	addi	s0,sp,256
     50a:	5fce                	lw	t6,240(sp)
     50c:	0000                	unimp
     50e:	0b00                	addi	s0,sp,400
     510:	0434                	addi	a3,sp,520
     512:	0471                	addi	s0,s0,28
     514:	0000                	unimp
     516:	cf02                	sw	zero,156(sp)
     518:	5f0e                	lw	t5,224(sp)
     51a:	0000                	unimp
     51c:	0100                	addi	s0,sp,128
     51e:	0801003f 0001de07 	.insn	8, 0x0001de070801003f
     526:	0a00                	addi	s0,sp,272
     528:	044c                	addi	a1,sp,516
     52a:	0000                	unimp
     52c:	0208                	addi	a0,sp,256
     52e:	0000dbc3          	fmadd.s	fs7,ft1,ft0,ft0,unknown
     532:	0b00                	addi	s0,sp,400
     534:	6c66                	ld	s8,88(sp)
     536:	0074                	addi	a3,sp,12
     538:	c502                	sw	zero,136(sp)
     53a:	006d                	c.nop	27
     53c:	0000                	unimp
     53e:	8206                	mv	tp,ra
     540:	0004                	.insn	2, 0x0004
     542:	0200                	addi	s0,sp,256
     544:	7fd1                	lui	t6,0xffff4
     546:	0000                	unimp
     548:	0000                	unimp
     54a:	bb08                	fsd	fa0,48(a4)
     54c:	03000003          	lb	zero,48(zero) # 30 <__stack_align+0x20>
     550:	2e45                	addiw	t3,t3,17
     552:	0000                	unimp
     554:	0500                	addi	s0,sp,640
     556:	0310                	addi	a2,sp,384
     558:	03cc                	addi	a1,sp,452
     55a:	0001                	nop
     55c:	0c00                	addi	s0,sp,528
     55e:	0061                	c.nop	24
     560:	10ce                	slli	ra,ra,0x33
     562:	00b1                	addi	ra,ra,12
     564:	0000                	unimp
     566:	0c00                	addi	s0,sp,528
     568:	0062                	c.slli	zero,0x18
     56a:	13ce                	slli	t2,t2,0x33
     56c:	00b1                	addi	ra,ra,12
     56e:	0000                	unimp
     570:	0008                	.insn	2, 0x0008
     572:	1005                	c.nop	-31
     574:	0143d003          	lhu	zero,20(t2)
     578:	0000                	unimp
     57a:	9304                	.insn	2, 0x9304
     57c:	03000003          	lb	zero,48(zero) # 30 <__stack_align+0x20>
     580:	10d8                	addi	a4,sp,100
     582:	00b1                	addi	ra,ra,12
     584:	0000                	unimp
     586:	0040                	addi	s0,sp,4
     588:	9904                	.insn	2, 0x9904
     58a:	03000003          	lb	zero,48(zero) # 30 <__stack_align+0x20>
     58e:	10d9                	addi	ra,ra,-10
     590:	00b1                	addi	ra,ra,12
     592:	0000                	unimp
     594:	4030                	lw	a2,64(s0)
     596:	6509                	lui	a0,0x2
     598:	7078                	ld	a4,224(s0)
     59a:	0300                	addi	s0,sp,384
     59c:	5fda                	lw	t6,180(sp)
     59e:	0000                	unimp
     5a0:	0f00                	addi	s0,sp,912
     5a2:	0470                	addi	a2,sp,524
     5a4:	0471                	addi	s0,s0,28
     5a6:	0000                	unimp
     5a8:	5f0edb03          	lhu	s6,1520(t4)
     5ac:	0000                	unimp
     5ae:	0100                	addi	s0,sp,128
     5b0:	007f 650a 0004 1000 	.insn	10, 0xc90310000004650a007f
     5b8:	c903 
     5ba:	0171                	addi	sp,sp,28
     5bc:	0000                	unimp
     5be:	746c660b          	.insn	4, 0x746c660b
     5c2:	0300                	addi	s0,sp,384
     5c4:	0000dbcb          	fnmsub.s	fs7,ft1,ft0,ft0,unknown
     5c8:	0600                	addi	s0,sp,768
     5ca:	038d                	addi	t2,t2,3
     5cc:	0000                	unimp
     5ce:	00e6cf03          	lbu	t5,14(a3)
     5d2:	0000                	unimp
     5d4:	8206                	mv	tp,ra
     5d6:	0004                	.insn	2, 0x0004
     5d8:	0300                	addi	s0,sp,384
     5da:	03dd                	addi	t2,t2,23
     5dc:	0001                	nop
     5de:	0000                	unimp
     5e0:	5811                	li	a6,-28
     5e2:	0004                	.insn	2, 0x0004
     5e4:	0100                	addi	s0,sp,128
     5e6:	0122                	slli	sp,sp,0x8
     5e8:	006d                	c.nop	27
     5ea:	0000                	unimp
     5ec:	3c5c                	fld	fa5,184(s0)
     5ee:	8000                	.insn	2, 0x8000
     5f0:	0000                	unimp
     5f2:	0000                	unimp
     5f4:	0220                	addi	s0,sp,264
     5f6:	0000                	unimp
     5f8:	0000                	unimp
     5fa:	0000                	unimp
     5fc:	9c01                	subw	s0,s0,s0
     5fe:	02c8                	addi	a0,sp,324
     600:	0000                	unimp
     602:	6112                	ld	sp,256(sp)
     604:	0100                	addi	s0,sp,128
     606:	1622                	slli	a2,a2,0x28
     608:	000000db          	.insn	4, 0x00db
     60c:	000000b7          	lui	ra,0x0
     610:	ea02                	sd	zero,272(sp)
     612:	24000003          	lb	zero,576(zero) # 240 <__stack_align+0x230>
     616:	0051                	c.nop	20
     618:	0000                	unimp
     61a:	000000f3          	.insn	4, 0x00f3
     61e:	8702                	jr	a4
     620:	0004                	.insn	2, 0x0004
     622:	2400                	fld	fs0,8(s0)
     624:	0051                	c.nop	20
     626:	0000                	unimp
     628:	0142                	slli	sp,sp,0x10
     62a:	0000                	unimp
     62c:	410d                	li	sp,3
     62e:	635f 2500 02c8      	.insn	6, 0x02c82500635f
     634:	0000                	unimp
     636:	735f4103          	lbu	sp,1845(t5)
     63a:	2500                	fld	fs0,8(a0)
     63c:	0002c803          	lbu	a6,0(t0)
     640:	5000                	lw	s0,32(s0)
     642:	0001                	nop
     644:	0300                	addi	s0,sp,384
     646:	5f41                	li	t5,-16
     648:	0065                	c.nop	25
     64a:	0325                	addi	t1,t1,9
     64c:	02c8                	addi	a0,sp,324
     64e:	0000                	unimp
     650:	015e                	slli	sp,sp,0x17
     652:	0000                	unimp
     654:	d702                	sw	zero,172(sp)
     656:	25000003          	lb	zero,592(zero) # 250 <__stack_align+0x240>
     65a:	00b1                	addi	ra,ra,12 # c <__boot_hart+0xc>
     65c:	0000                	unimp
     65e:	01a4                	addi	s1,sp,200
     660:	0000                	unimp
     662:	dc02                	sw	zero,56(sp)
     664:	25000003          	lb	zero,592(zero) # 250 <__stack_align+0x240>
     668:	00b1                	addi	ra,ra,12
     66a:	0000                	unimp
     66c:	01fa                	slli	gp,gp,0x1e
     66e:	0000                	unimp
     670:	520d                	li	tp,-29
     672:	635f 2600 02c8      	.insn	6, 0x02c82600635f
     678:	0000                	unimp
     67a:	735f5203          	lhu	tp,1845(t5)
     67e:	2600                	fld	fs0,8(a2)
     680:	0002c803          	lbu	a6,0(t0)
     684:	3400                	fld	fs0,40(s0)
     686:	0002                	c.slli64	zero
     688:	0300                	addi	s0,sp,384
     68a:	5f52                	lw	t5,52(sp)
     68c:	0065                	c.nop	25
     68e:	0326                	slli	t1,t1,0x9
     690:	02c8                	addi	a0,sp,324
     692:	0000                	unimp
     694:	0242                	slli	tp,tp,0x10
     696:	0000                	unimp
     698:	665f5203          	lhu	tp,1637(t5)
     69c:	2600                	fld	fs0,8(a2)
     69e:	0000b103          	ld	sp,0(ra)
     6a2:	a200                	fsd	fs0,0(a2)
     6a4:	0002                	c.slli64	zero
     6a6:	0300                	addi	s0,sp,384
     6a8:	0072                	c.slli	zero,0x1c
     6aa:	006d0a27          	.insn	4, 0x006d0a27
     6ae:	0000                	unimp
     6b0:	0322                	slli	t1,t1,0x8
     6b2:	0000                	unimp
     6b4:	350e                	fld	fa0,224(sp)
     6b6:	0000                	unimp
     6b8:	5900                	lw	s0,48(a0)
     6ba:	0002                	c.slli64	zero
     6bc:	0700                	addi	s0,sp,896
     6be:	0419                	addi	s0,s0,6
     6c0:	0000                	unimp
     6c2:	432a                	lw	t1,136(sp)
     6c4:	0001                	nop
     6c6:	0000                	unimp
     6c8:	3c0e                	fld	fs8,224(sp)
     6ca:	0000                	unimp
     6cc:	ab00                	fsd	fs0,16(a4)
     6ce:	0002                	c.slli64	zero
     6d0:	0200                	addi	s0,sp,256
     6d2:	00000433          	add	s0,zero,zero
     6d6:	5130                	lw	a2,96(a0)
     6d8:	0000                	unimp
     6da:	2a00                	fld	fs0,16(a2)
     6dc:	13000003          	lb	zero,304(zero) # 130 <__stack_align+0x120>
     6e0:	0051                	c.nop	20
     6e2:	0000                	unimp
     6e4:	00040407          	.insn	4, 0x00040407
     6e8:	3000                	fld	fs0,32(s0)
     6ea:	02c8                	addi	a0,sp,324
     6ec:	0000                	unimp
     6ee:	c202                	sw	zero,4(sp)
     6f0:	30000003          	lb	zero,768(zero) # 300 <__stack_align+0x2f0>
     6f4:	02c8                	addi	a0,sp,324
     6f6:	0000                	unimp
     6f8:	0350                	addi	a2,sp,388
     6fa:	0000                	unimp
     6fc:	ef02                	sd	zero,408(sp)
     6fe:	30000003          	lb	zero,768(zero) # 300 <__stack_align+0x2f0>
     702:	02c8                	addi	a0,sp,324
     704:	0000                	unimp
     706:	035f 0000 a602      	.insn	6, 0xa6020000035f
     70c:	30000003          	lb	zero,768(zero) # 300 <__stack_align+0x2f0>
     710:	00b1                	addi	ra,ra,12
     712:	0000                	unimp
     714:	0370                	addi	a2,sp,396
     716:	0000                	unimp
     718:	0000                	unimp
     71a:	9814                	.insn	2, 0x9814
     71c:	003d                	c.nop	15
     71e:	0080                	addi	s0,sp,64
     720:	0000                	unimp
     722:	1600                	addi	s0,sp,800
     724:	0000                	unimp
     726:	0000                	unimp
     728:	0000                	unimp
     72a:	0700                	addi	s0,sp,896
     72c:	037a                	slli	t1,t1,0x1e
     72e:	0000                	unimp
     730:	b830                	fsd	fa2,112(s0)
     732:	0000                	unimp
     734:	0000                	unimp
     736:	0100                	addi	s0,sp,128
     738:	0508                	addi	a0,sp,640
     73a:	0230                	addi	a2,sp,264
     73c:	0000                	unimp
     73e:	cd00                	sw	s0,24(a0)
     740:	0000                	unimp
     742:	0500                	addi	s0,sp,640
     744:	0100                	addi	s0,sp,128
     746:	0008                	.insn	2, 0x0008
     748:	02000003          	lb	zero,32(zero) # 20 <__stack_align+0x10>
     74c:	0498                	addi	a4,sp,576
     74e:	0000                	unimp
     750:	a61d                	j	a76 <__stack_align+0xa66>
     752:	0002                	c.slli64	zero
     754:	7600                	ld	s0,40(a2)
     756:	0002                	c.slli64	zero
     758:	7c00                	ld	s0,56(s0)
     75a:	003e                	c.slli	zero,0xf
     75c:	0080                	addi	s0,sp,64
     75e:	0000                	unimp
     760:	1400                	addi	s0,sp,544
     762:	0000                	unimp
     764:	0000                	unimp
     766:	0000                	unimp
     768:	6f00                	ld	s0,24(a4)
     76a:	0300000b          	.insn	4, 0x0300000b
     76e:	0504                	addi	s1,sp,640
     770:	6e69                	lui	t3,0x1a
     772:	0074                	addi	a3,sp,12
     774:	0801                	addi	a6,a6,0
     776:	3505                	addiw	a0,a0,-31 # 1fe1 <__stack_align+0x1fd1>
     778:	0002                	c.slli64	zero
     77a:	0100                	addi	s0,sp,128
     77c:	0708                	addi	a0,sp,896
     77e:	000001e3          	beqz	zero,f80 <__stack_align+0xf70>
     782:	0801                	addi	a6,a6,0
     784:	3005                	.insn	2, 0x3005
     786:	0002                	c.slli64	zero
     788:	0100                	addi	s0,sp,128
     78a:	0410                	addi	a2,sp,512
     78c:	0476                	slli	s0,s0,0x1d
     78e:	0000                	unimp
     790:	0401                	addi	s0,s0,0
     792:	0001e807          	.insn	4, 0x0001e807
     796:	0100                	addi	s0,sp,128
     798:	0601                	addi	a2,a2,0
     79a:	0154                	addi	a3,sp,132
     79c:	0000                	unimp
     79e:	0101                	addi	sp,sp,0
     7a0:	5208                	lw	a0,32(a2)
     7a2:	0001                	nop
     7a4:	0100                	addi	s0,sp,128
     7a6:	0502                	c.slli64	a0
     7a8:	000001bb          	addw	gp,zero,zero
     7ac:	0201                	addi	tp,tp,0 # 0 <__boot_hart>
     7ae:	00017b07          	.insn	4, 0x00017b07
     7b2:	0100                	addi	s0,sp,128
     7b4:	0801                	addi	a6,a6,0
     7b6:	0000015b          	.insn	4, 0x015b
     7ba:	0801                	addi	a6,a6,0
     7bc:	0001de07          	.insn	4, 0x0001de07
     7c0:	0400                	addi	s0,sp,512
     7c2:	0526                	slli	a0,a0,0x9
     7c4:	0000                	unimp
     7c6:	1302                	slli	t1,t1,0x20
     7c8:	8e0d                	sub	a2,a2,a1
     7ca:	0000                	unimp
     7cc:	0500                	addi	s0,sp,640
     7ce:	2e08                	fld	fa0,24(a2)
     7d0:	0000                	unimp
     7d2:	0600                	addi	s0,sp,768
     7d4:	048c                	addi	a1,sp,576
     7d6:	0000                	unimp
     7d8:	0401                	addi	s0,s0,0
     7da:	2e05                	addiw	t3,t3,1 # 1a001 <__stack_size+0x12001>
     7dc:	0000                	unimp
     7de:	7c00                	ld	s0,56(s0)
     7e0:	003e                	c.slli	zero,0xf
     7e2:	0080                	addi	s0,sp,64
     7e4:	0000                	unimp
     7e6:	1400                	addi	s0,sp,544
     7e8:	0000                	unimp
     7ea:	0000                	unimp
     7ec:	0000                	unimp
     7ee:	0100                	addi	s0,sp,128
     7f0:	079c                	addi	a5,sp,960
     7f2:	00000493          	li	s1,0
     7f6:	0401                	addi	s0,s0,0
     7f8:	2e10                	fld	fa2,24(a2)
     7fa:	0000                	unimp
     7fc:	9200                	.insn	2, 0x9200
     7fe:	08000003          	lb	zero,128(zero) # 80 <__stack_align+0x70>
     802:	3e84                	fld	fs1,56(a3)
     804:	8000                	.insn	2, 0x8000
     806:	0000                	unimp
     808:	0000                	unimp
     80a:	0082                	c.slli64	ra
     80c:	0000                	unimp
     80e:	0000                	unimp
     810:	00e0                	addi	s0,sp,76
     812:	0000                	unimp
     814:	0005                	c.nop	1
     816:	0801                	addi	a6,a6,0
     818:	037d                	addi	t1,t1,31
     81a:	0000                	unimp
     81c:	9804                	.insn	2, 0x9804
     81e:	0004                	.insn	2, 0x0004
     820:	1d00                	addi	s0,sp,688
     822:	0311                	addi	t1,t1,4
     824:	0000                	unimp
     826:	0276                	slli	tp,tp,0x1d
     828:	0000                	unimp
     82a:	3e90                	fld	fa2,56(a3)
     82c:	8000                	.insn	2, 0x8000
     82e:	0000                	unimp
     830:	0000                	unimp
     832:	0022                	c.slli	zero,0x8
     834:	0000                	unimp
     836:	0000                	unimp
     838:	0000                	unimp
     83a:	0c05                	addi	s8,s8,1 # fffffffffffe0001 <__heap_end+0xffffffff7ffbb001>
     83c:	0000                	unimp
     83e:	0801                	addi	a6,a6,0
     840:	3505                	addiw	a0,a0,-31
     842:	0002                	c.slli64	zero
     844:	0100                	addi	s0,sp,128
     846:	0708                	addi	a0,sp,896
     848:	000001e3          	beqz	zero,104a <__stack_align+0x103a>
     84c:	0405                	addi	s0,s0,1
     84e:	6905                	lui	s2,0x1
     850:	746e                	ld	s0,248(sp)
     852:	0100                	addi	s0,sp,128
     854:	0508                	addi	a0,sp,640
     856:	0230                	addi	a2,sp,264
     858:	0000                	unimp
     85a:	1001                	c.nop	-32
     85c:	7604                	ld	s1,40(a2)
     85e:	0004                	.insn	2, 0x0004
     860:	0100                	addi	s0,sp,128
     862:	0601                	addi	a2,a2,0
     864:	0154                	addi	a3,sp,132
     866:	0000                	unimp
     868:	0101                	addi	sp,sp,0
     86a:	5208                	lw	a0,32(a2)
     86c:	0001                	nop
     86e:	0100                	addi	s0,sp,128
     870:	0502                	c.slli64	a0
     872:	000001bb          	addw	gp,zero,zero
     876:	0201                	addi	tp,tp,0 # 0 <__boot_hart>
     878:	00017b07          	.insn	4, 0x00017b07
     87c:	0100                	addi	s0,sp,128
     87e:	0704                	addi	s1,sp,896
     880:	01e8                	addi	a0,sp,204
     882:	0000                	unimp
     884:	4902                	lw	s2,0(sp)
     886:	0005                	c.nop	1
     888:	0200                	addi	s0,sp,256
     88a:	1969                	addi	s2,s2,-6 # ffa <__stack_align+0xfea>
     88c:	0035                	c.nop	13
     88e:	0000                	unimp
     890:	4b02                	lw	s6,0(sp)
     892:	0005                	c.nop	1
     894:	0300                	addi	s0,sp,384
     896:	143c                	addi	a5,sp,552
     898:	0074                	addi	a3,sp,12
     89a:	0000                	unimp
     89c:	8006                	c.mv	zero,ra
     89e:	0000                	unimp
     8a0:	0100                	addi	s0,sp,128
     8a2:	0801                	addi	a6,a6,0
     8a4:	0000015b          	.insn	4, 0x015b
     8a8:	00052e03          	lw	t3,0(a0)
     8ac:	0600                	addi	s0,sp,768
     8ae:	008c                	addi	a1,sp,64
     8b0:	0000                	unimp
     8b2:	00053b03          	ld	s6,0(a0)
     8b6:	0700                	addi	s0,sp,896
     8b8:	008c                	addi	a1,sp,64
     8ba:	0000                	unimp
     8bc:	00053507          	fld	fa0,0(a0)
     8c0:	0100                	addi	s0,sp,128
     8c2:	2104                	fld	fs1,0(a0)
     8c4:	3e90                	fld	fa2,56(a3)
     8c6:	8000                	.insn	2, 0x8000
     8c8:	0000                	unimp
     8ca:	0000                	unimp
     8cc:	0022                	c.slli	zero,0x8
     8ce:	0000                	unimp
     8d0:	0000                	unimp
     8d2:	0000                	unimp
     8d4:	9c01                	subw	s0,s0,s0
     8d6:	4408                	lw	a0,8(s0)
     8d8:	0005                	c.nop	1
     8da:	0100                	addi	s0,sp,128
     8dc:	2b04                	fld	fs1,16(a4)
     8de:	003c                	addi	a5,sp,8
     8e0:	0000                	unimp
     8e2:	5a01                	li	s4,-32
     8e4:	6309                	lui	t1,0x2
     8e6:	646d                	lui	s0,0x1b
     8e8:	0100                	addi	s0,sp,128
     8ea:	0e06                	slli	t3,t3,0x1
     8ec:	0080                	addi	s0,sp,64
     8ee:	0000                	unimp
     8f0:	5f01                	li	t5,-32
     8f2:	0000                	unimp
     8f4:	02da                	slli	t0,t0,0x16
     8f6:	0000                	unimp
     8f8:	0005                	c.nop	1
     8fa:	0801                	addi	a6,a6,0
     8fc:	0410                	addi	a2,sp,512
     8fe:	0000                	unimp
     900:	9806                	add	a6,a6,ra
     902:	0004                	.insn	2, 0x0004
     904:	1d00                	addi	s0,sp,688
     906:	039d                	addi	t2,t2,7
     908:	0000                	unimp
     90a:	0276                	slli	tp,tp,0x1d
     90c:	0000                	unimp
     90e:	3eb2                	fld	ft9,296(sp)
     910:	8000                	.insn	2, 0x8000
     912:	0000                	unimp
     914:	0000                	unimp
     916:	0014                	.insn	2, 0x0014
     918:	0000                	unimp
     91a:	0000                	unimp
     91c:	0000                	unimp
     91e:	0cc4                	addi	s1,sp,596
     920:	0000                	unimp
     922:	69050407          	.insn	4, 0x69050407
     926:	746e                	ld	s0,248(sp)
     928:	0300                	addi	s0,sp,384
     92a:	0508                	addi	a0,sp,640
     92c:	0235                	addi	tp,tp,13 # d <__boot_hart+0xd>
     92e:	0000                	unimp
     930:	e3070803          	lb	a6,-464(a4)
     934:	0001                	nop
     936:	0300                	addi	s0,sp,384
     938:	0508                	addi	a0,sp,640
     93a:	0230                	addi	a2,sp,264
     93c:	0000                	unimp
     93e:	76041003          	lh	zero,1888(s0) # 1b760 <__stack_size+0x13760>
     942:	0004                	.insn	2, 0x0004
     944:	0300                	addi	s0,sp,384
     946:	0704                	addi	s1,sp,896
     948:	01e8                	addi	a0,sp,204
     94a:	0000                	unimp
     94c:	54060103          	lb	sp,1344(a2)
     950:	0001                	nop
     952:	0300                	addi	s0,sp,384
     954:	0801                	addi	a6,a6,0
     956:	0152                	slli	sp,sp,0x14
     958:	0000                	unimp
     95a:	bb050203          	lb	tp,-1104(a0)
     95e:	0001                	nop
     960:	0300                	addi	s0,sp,384
     962:	0702                	c.slli64	a4
     964:	0000017b          	.insn	4, 0x017b
     968:	cc01                	beqz	s0,980 <__stack_align+0x970>
     96a:	0005                	c.nop	1
     96c:	0200                	addi	s0,sp,256
     96e:	0051194f          	fnmadd.s	fs2,ft2,ft5,ft0,rtz
     972:	0000                	unimp
     974:	eb01                	bnez	a4,984 <__stack_align+0x974>
     976:	0005                	c.nop	1
     978:	0300                	addi	s0,sp,384
     97a:	0e1e                	slli	t3,t3,0x7
     97c:	0035                	c.nop	13
     97e:	0000                	unimp
     980:	df01                	beqz	a4,898 <__stack_align+0x888>
     982:	0005                	c.nop	1
     984:	0300                	addi	s0,sp,384
     986:	0e22                	slli	t3,t3,0x8
     988:	0035                	c.nop	13
     98a:	0000                	unimp
     98c:	0e01                	addi	t3,t3,0
     98e:	0006                	c.slli	zero,0x1
     990:	0300                	addi	s0,sp,384
     992:	0e2e                	slli	t3,t3,0xb
     994:	0035                	c.nop	13
     996:	0000                	unimp
     998:	9901                	andi	a0,a0,-32
     99a:	0005                	c.nop	1
     99c:	0300                	addi	s0,sp,384
     99e:	0f38                	addi	a4,sp,920
     9a0:	0066                	c.slli	zero,0x19
     9a2:	0000                	unimp
     9a4:	5401                	li	s0,-32
     9a6:	0005                	c.nop	1
     9a8:	0300                	addi	s0,sp,384
     9aa:	183c                	addi	a5,sp,56
     9ac:	006d                	c.nop	27
     9ae:	0000                	unimp
     9b0:	0501                	addi	a0,a0,0
     9b2:	0006                	c.slli	zero,0x1
     9b4:	0300                	addi	s0,sp,384
     9b6:	006d183f 35010000 	.insn	8, 0x35010000006d183f
     9be:	0006                	c.slli	zero,0x1
     9c0:	0300                	addi	s0,sp,384
     9c2:	006d184b          	fnmsub.s	fa6,fs10,ft6,ft0,rtz
     9c6:	0000                	unimp
     9c8:	2c01                	sext.w	s8,s8
     9ca:	0006                	c.slli	zero,0x1
     9cc:	0300                	addi	s0,sp,384
     9ce:	145a                	slli	s0,s0,0x36
     9d0:	0074                	addi	a3,sp,12
     9d2:	0000                	unimp
     9d4:	0d01                	addi	s10,s10,0
     9d6:	0006                	c.slli	zero,0x1
     9d8:	0300                	addi	s0,sp,384
     9da:	1066                	c.slli	zero,0x39
     9dc:	0098                	addi	a4,sp,64
     9de:	0000                	unimp
     9e0:	c201                	beqz	a2,9e0 <__stack_align+0x9d0>
     9e2:	0005                	c.nop	1
     9e4:	0300                	addi	s0,sp,384
     9e6:	18d5                	addi	a7,a7,-11 # fffffffffffecff5 <__heap_end+0xffffffff7ffc7ff5>
     9e8:	006d                	c.nop	27
     9ea:	0000                	unimp
     9ec:	5b080103          	lb	sp,1456(a6)
     9f0:	0001                	nop
     9f2:	0300                	addi	s0,sp,384
     9f4:	0708                	addi	a0,sp,896
     9f6:	01de                	slli	gp,gp,0x17
     9f8:	0000                	unimp
     9fa:	ed01                	bnez	a0,a12 <__stack_align+0xa02>
     9fc:	0005                	c.nop	1
     9fe:	0400                	addi	s0,sp,512
     a00:	1461                	addi	s0,s0,-8
     a02:	0080                	addi	s0,sp,64
     a04:	0000                	unimp
     a06:	e101                	bnez	a0,a06 <__stack_align+0x9f6>
     a08:	0005                	c.nop	1
     a0a:	0400                	addi	s0,sp,512
     a0c:	1566                	slli	a0,a0,0x39
     a0e:	008c                	addi	a1,sp,64
     a10:	0000                	unimp
     a12:	bb01                	j	722 <__stack_align+0x712>
     a14:	0005                	c.nop	1
     a16:	0400                	addi	s0,sp,512
     a18:	1271                	addi	tp,tp,-4 # fffffffffffffffc <__heap_end+0xffffffff7ffdaffc>
     a1a:	0035                	c.nop	13
     a1c:	0000                	unimp
     a1e:	3701                	addiw	a4,a4,-32
     a20:	0006                	c.slli	zero,0x1
     a22:	0400                	addi	s0,sp,512
     a24:	1289                	addi	t0,t0,-30
     a26:	00c8                	addi	a0,sp,68
     a28:	0000                	unimp
     a2a:	0f01                	addi	t5,t5,0
     a2c:	0006                	c.slli	zero,0x1
     a2e:	0400                	addi	s0,sp,512
     a30:	00e0129b          	slliw	t0,zero,0xe
     a34:	0000                	unimp
     a36:	9b01                	andi	a4,a4,-32
     a38:	0005                	c.nop	1
     a3a:	0400                	addi	s0,sp,512
     a3c:	129f 00a4 0000      	.insn	6, 0x00a4129f
     a42:	5601                	li	a2,-32
     a44:	0005                	c.nop	1
     a46:	0400                	addi	s0,sp,512
     a48:	00b012a3          	sh	a1,5(zero) # 5 <__boot_hart+0x5>
     a4c:	0000                	unimp
     a4e:	0701                	addi	a4,a4,0
     a50:	0006                	c.slli	zero,0x1
     a52:	0400                	addi	s0,sp,512
     a54:	00bc12a7          	.insn	4, 0x00bc12a7
     a58:	0000                	unimp
     a5a:	2e01                	sext.w	t3,t3
     a5c:	0006                	c.slli	zero,0x1
     a5e:	0400                	addi	s0,sp,512
     a60:	00d412bb          	sllw	t0,s0,a3
     a64:	0000                	unimp
     a66:	c401                	beqz	s0,a6e <__stack_align+0xa5e>
     a68:	0005                	c.nop	1
     a6a:	0400                	addi	s0,sp,512
     a6c:	13c0                	addi	s0,sp,484
     a6e:	00ec                	addi	a1,sp,76
     a70:	0000                	unimp
     a72:	1c04                	addi	s1,sp,560
     a74:	0006                	c.slli	zero,0x1
     a76:	1000                	addi	s0,sp,32
     a78:	2f05                	addiw	t5,t5,1
     a7a:	01a5                	addi	gp,gp,9 # 377 <__stack_align+0x367>
     a7c:	0000                	unimp
     a7e:	1502                	slli	a0,a0,0x20
     a80:	0006                	c.slli	zero,0x1
     a82:	0500                	addi	s0,sp,640
     a84:	0930                	addi	a2,sp,152
     a86:	011e                	slli	sp,sp,0x7
     a88:	0000                	unimp
     a8a:	0200                	addi	s0,sp,256
     a8c:	0565                	addi	a0,a0,25
     a8e:	0000                	unimp
     a90:	3105                	addiw	sp,sp,-31
     a92:	00003507          	fld	fa0,0(zero) # 0 <__boot_hart>
     a96:	0800                	addi	s0,sp,16
     a98:	0400                	addi	s0,sp,512
     a9a:	00000627          	.insn	4, 0x0627
     a9e:	0668                	addi	a0,sp,780
     aa0:	0002681b          	.insn	4, 0x0002681b
     aa4:	0200                	addi	s0,sp,256
     aa6:	063d                	addi	a2,a2,15
     aa8:	0000                	unimp
     aaa:	1d06                	slli	s10,s10,0x21
     aac:	420a                	lw	tp,128(sp)
     aae:	0001                	nop
     ab0:	0000                	unimp
     ab2:	7d02                	ld	s10,32(sp)
     ab4:	0005                	c.nop	1
     ab6:	0600                	addi	s0,sp,768
     ab8:	0a1e                	slli	s4,s4,0x7
     aba:	012a                	slli	sp,sp,0xa
     abc:	0000                	unimp
     abe:	0202                	c.slli64	tp
     ac0:	000005ab          	.insn	4, 0x05ab
     ac4:	1f06                	slli	t5,t5,0x21
     ac6:	660a                	ld	a2,128(sp)
     ac8:	0001                	nop
     aca:	0400                	addi	s0,sp,512
     acc:	5c02                	lw	s8,32(sp)
     ace:	0005                	c.nop	1
     ad0:	0600                	addi	s0,sp,768
     ad2:	0b20                	addi	s0,sp,408
     ad4:	0172                	slli	sp,sp,0x1c
     ad6:	0000                	unimp
     ad8:	0208                	addi	a0,sp,256
     ada:	05fe                	slli	a1,a1,0x1f
     adc:	0000                	unimp
     ade:	2106                	fld	ft2,64(sp)
     ae0:	4e0a                	lw	t3,128(sp)
     ae2:	0001                	nop
     ae4:	0a00                	addi	s0,sp,272
     ae6:	4402                	lw	s0,0(sp)
     ae8:	0006                	c.slli	zero,0x1
     aea:	0600                	addi	s0,sp,768
     aec:	0a22                	slli	s4,s4,0x8
     aee:	015a                	slli	sp,sp,0x16
     af0:	0000                	unimp
     af2:	020c                	addi	a1,sp,256
     af4:	000005d7          	.insn	4, 0x05d7
     af8:	2306                	fld	ft6,64(sp)
     afa:	420a                	lw	tp,128(sp)
     afc:	0001                	nop
     afe:	0e00                	addi	s0,sp,784
     b00:	6d02                	ld	s10,0(sp)
     b02:	0005                	c.nop	1
     b04:	0600                	addi	s0,sp,768
     b06:	0a24                	addi	s1,sp,280
     b08:	0136                	slli	sp,sp,0xd
     b0a:	0000                	unimp
     b0c:	0210                	addi	a2,sp,256
     b0e:	000005b3          	add	a1,zero,zero
     b12:	2a06                	fld	fs4,64(sp)
     b14:	00017e13          	andi	t3,sp,0
     b18:	1800                	addi	s0,sp,48
     b1a:	7502                	ld	a0,32(sp)
     b1c:	0005                	c.nop	1
     b1e:	0600                	addi	s0,sp,768
     b20:	017e132b          	.insn	4, 0x017e132b
     b24:	0000                	unimp
     b26:	0228                	addi	a0,sp,264
     b28:	05f6                	slli	a1,a1,0x1d
     b2a:	0000                	unimp
     b2c:	2c06                	fld	fs8,64(sp)
     b2e:	00017e13          	andi	t3,sp,0
     b32:	3800                	fld	fs0,48(s0)
     b34:	8402                	jr	s0
     b36:	0005                	c.nop	1
     b38:	0600                	addi	s0,sp,768
     b3a:	112d                	addi	sp,sp,-21
     b3c:	0112                	slli	sp,sp,0x4
     b3e:	0000                	unimp
     b40:	0248                	addi	a0,sp,260
     b42:	05a1                	addi	a1,a1,8
     b44:	0000                	unimp
     b46:	2e06                	fld	ft8,64(sp)
     b48:	060c                	addi	a1,sp,768
     b4a:	0001                	nop
     b4c:	5000                	lw	s0,32(s0)
     b4e:	8f02                	jr	t5
     b50:	0005                	c.nop	1
     b52:	0600                	addi	s0,sp,768
     b54:	0930                	addi	a2,sp,152
     b56:	0268                	addi	a0,sp,268
     b58:	0000                	unimp
     b5a:	0058                	addi	a4,sp,4
     b5c:	3508                	fld	fa0,40(a0)
     b5e:	0000                	unimp
     b60:	7800                	ld	s0,48(s0)
     b62:	0002                	c.slli64	zero
     b64:	0900                	addi	s0,sp,144
     b66:	003c                	addi	a5,sp,8
     b68:	0000                	unimp
     b6a:	0001                	nop
     b6c:	260a                	fld	fa2,128(sp)
     b6e:	0005                	c.nop	1
     b70:	0700                	addi	s0,sp,896
     b72:	02840d13          	addi	s10,s0,40
     b76:	0000                	unimp
     b78:	2e05                	addiw	t3,t3,1
     b7a:	0000                	unimp
     b7c:	0b00                	addi	s0,sp,400
     b7e:	0625                	addi	a2,a2,9
     b80:	0000                	unimp
     b82:	0501                	addi	a0,a0,0
     b84:	2e05                	addiw	t3,t3,1
     b86:	0000                	unimp
     b88:	b200                	fsd	fs0,32(a2)
     b8a:	003e                	c.slli	zero,0xf
     b8c:	0080                	addi	s0,sp,64
     b8e:	0000                	unimp
     b90:	1400                	addi	s0,sp,544
     b92:	0000                	unimp
     b94:	0000                	unimp
     b96:	0000                	unimp
     b98:	0100                	addi	s0,sp,128
     b9a:	d89c                	sw	a5,48(s1)
     b9c:	0002                	c.slli64	zero
     b9e:	0c00                	addi	s0,sp,528
     ba0:	00000493          	li	s1,0
     ba4:	0501                	addi	a0,a0,0
     ba6:	2e10                	fld	fa2,24(a2)
     ba8:	0000                	unimp
     baa:	ac00                	fsd	fs0,24(s0)
     bac:	0d000003          	lb	zero,208(zero) # d0 <__stack_align+0xc0>
     bb0:	01007473          	csrrci	s0,0x10,0
     bb4:	2305                	addiw	t1,t1,1 # 2001 <__stack_align+0x1ff1>
     bb6:	02d8                	addi	a4,sp,324
     bb8:	0000                	unimp
     bba:	03ba                	slli	t2,t2,0xe
     bbc:	0000                	unimp
     bbe:	ba0e                	fsd	ft3,304(sp)
     bc0:	003e                	c.slli	zero,0xf
     bc2:	0080                	addi	s0,sp,64
     bc4:	0000                	unimp
     bc6:	7800                	ld	s0,48(s0)
     bc8:	0002                	c.slli64	zero
     bca:	0000                	unimp
     bcc:	a505                	j	11ec <__stack_align+0x11dc>
     bce:	0001                	nop
     bd0:	0000                	unimp
     bd2:	009d                	addi	ra,ra,7
     bd4:	0000                	unimp
     bd6:	0005                	c.nop	1
     bd8:	0801                	addi	a6,a6,0
     bda:	04e5                	addi	s1,s1,25
     bdc:	0000                	unimp
     bde:	9802                	jalr	a6
     be0:	0004                	.insn	2, 0x0004
     be2:	1d00                	addi	s0,sp,688
     be4:	000003bf 00000276 	.insn	8, 0x0276000003bf
     bec:	3ec6                	fld	ft9,112(sp)
     bee:	8000                	.insn	2, 0x8000
     bf0:	0000                	unimp
     bf2:	0000                	unimp
     bf4:	0004                	.insn	2, 0x0004
     bf6:	0000                	unimp
     bf8:	0000                	unimp
     bfa:	0000                	unimp
     bfc:	00000d77          	.insn	4, 0x0d77
     c00:	69050403          	lb	s0,1680(a0)
     c04:	746e                	ld	s0,248(sp)
     c06:	0100                	addi	s0,sp,128
     c08:	0508                	addi	a0,sp,640
     c0a:	0235                	addi	tp,tp,13 # d <__boot_hart+0xd>
     c0c:	0000                	unimp
     c0e:	0801                	addi	a6,a6,0
     c10:	0001e307          	.insn	4, 0x0001e307
     c14:	0100                	addi	s0,sp,128
     c16:	0508                	addi	a0,sp,640
     c18:	0230                	addi	a2,sp,264
     c1a:	0000                	unimp
     c1c:	1001                	c.nop	-32
     c1e:	7604                	ld	s1,40(a2)
     c20:	0004                	.insn	2, 0x0004
     c22:	0100                	addi	s0,sp,128
     c24:	0704                	addi	s1,sp,896
     c26:	01e8                	addi	a0,sp,204
     c28:	0000                	unimp
     c2a:	0101                	addi	sp,sp,0
     c2c:	5406                	lw	s0,96(sp)
     c2e:	0001                	nop
     c30:	0100                	addi	s0,sp,128
     c32:	0801                	addi	a6,a6,0
     c34:	0152                	slli	sp,sp,0x14
     c36:	0000                	unimp
     c38:	0201                	addi	tp,tp,0 # 0 <__boot_hart>
     c3a:	bb05                	j	96a <__stack_align+0x95a>
     c3c:	0001                	nop
     c3e:	0100                	addi	s0,sp,128
     c40:	0702                	c.slli64	a4
     c42:	0000017b          	.insn	4, 0x017b
     c46:	0101                	addi	sp,sp,0
     c48:	5b08                	lw	a0,48(a4)
     c4a:	0001                	nop
     c4c:	0100                	addi	s0,sp,128
     c4e:	0708                	addi	a0,sp,896
     c50:	01de                	slli	gp,gp,0x17
     c52:	0000                	unimp
     c54:	4b04                	lw	s1,16(a4)
     c56:	0006                	c.slli	zero,0x1
     c58:	0100                	addi	s0,sp,128
     c5a:	0504                	addi	s1,sp,640
     c5c:	002e                	c.slli	zero,0xb
     c5e:	0000                	unimp
     c60:	3ec6                	fld	ft9,112(sp)
     c62:	8000                	.insn	2, 0x8000
     c64:	0000                	unimp
     c66:	0000                	unimp
     c68:	0004                	.insn	2, 0x0004
     c6a:	0000                	unimp
     c6c:	0000                	unimp
     c6e:	0000                	unimp
     c70:	9c01                	subw	s0,s0,s0
     c72:	a700                	fsd	fs0,8(a4)
     c74:	0000                	unimp
     c76:	0500                	addi	s0,sp,640
     c78:	0100                	addi	s0,sp,128
     c7a:	2a08                	fld	fa0,16(a2)
     c7c:	0005                	c.nop	1
     c7e:	0200                	addi	s0,sp,256
     c80:	0498                	addi	a4,sp,576
     c82:	0000                	unimp
     c84:	cf1d                	beqz	a4,cc2 <__stack_align+0xcb2>
     c86:	76000003          	lb	zero,1888(zero) # 760 <__stack_align+0x750>
     c8a:	0002                	c.slli64	zero
     c8c:	ca00                	sw	s0,16(a2)
     c8e:	003e                	c.slli	zero,0xf
     c90:	0080                	addi	s0,sp,64
     c92:	0000                	unimp
     c94:	0800                	addi	s0,sp,16
     c96:	0000                	unimp
     c98:	0000                	unimp
     c9a:	0000                	unimp
     c9c:	d600                	sw	s0,40(a2)
     c9e:	000d                	c.nop	3
     ca0:	0100                	addi	s0,sp,128
     ca2:	0601                	addi	a2,a2,0
     ca4:	0154                	addi	a3,sp,132
     ca6:	0000                	unimp
     ca8:	0101                	addi	sp,sp,0
     caa:	5208                	lw	a0,32(a2)
     cac:	0001                	nop
     cae:	0100                	addi	s0,sp,128
     cb0:	0502                	c.slli64	a0
     cb2:	000001bb          	addw	gp,zero,zero
     cb6:	0201                	addi	tp,tp,0 # 0 <__boot_hart>
     cb8:	00017b07          	.insn	4, 0x00017b07
     cbc:	0300                	addi	s0,sp,384
     cbe:	0504                	addi	s1,sp,640
     cc0:	6e69                	lui	t3,0x1a
     cc2:	0074                	addi	a3,sp,12
     cc4:	0401                	addi	s0,s0,0
     cc6:	0001e807          	.insn	4, 0x0001e807
     cca:	0100                	addi	s0,sp,128
     ccc:	0508                	addi	a0,sp,640
     cce:	0235                	addi	tp,tp,13 # d <__boot_hart+0xd>
     cd0:	0000                	unimp
     cd2:	0801                	addi	a6,a6,0
     cd4:	0001e307          	.insn	4, 0x0001e307
     cd8:	0100                	addi	s0,sp,128
     cda:	0508                	addi	a0,sp,640
     cdc:	0230                	addi	a2,sp,264
     cde:	0000                	unimp
     ce0:	0101                	addi	sp,sp,0
     ce2:	5b08                	lw	a0,48(a4)
     ce4:	0001                	nop
     ce6:	0100                	addi	s0,sp,128
     ce8:	0410                	addi	a2,sp,512
     cea:	0476                	slli	s0,s0,0x1d
     cec:	0000                	unimp
     cee:	5304                	lw	s1,32(a4)
     cf0:	0006                	c.slli	zero,0x1
     cf2:	0100                	addi	s0,sp,128
     cf4:	0504                	addi	s1,sp,640
     cf6:	004a                	c.slli	zero,0x12
     cf8:	0000                	unimp
     cfa:	3eca                	fld	ft9,176(sp)
     cfc:	8000                	.insn	2, 0x8000
     cfe:	0000                	unimp
     d00:	0000                	unimp
     d02:	0008                	.insn	2, 0x0008
     d04:	0000                	unimp
     d06:	0000                	unimp
     d08:	0000                	unimp
     d0a:	9c01                	subw	s0,s0,s0
     d0c:	9305                	srli	a4,a4,0x21
     d0e:	0004                	.insn	2, 0x0004
     d10:	0100                	addi	s0,sp,128
     d12:	1104                	addi	s1,sp,160
     d14:	004a                	c.slli	zero,0x12
     d16:	0000                	unimp
     d18:	03d4                	addi	a3,sp,452
     d1a:	0000                	unimp
     d1c:	0000                	unimp
     d1e:	00d9                	addi	ra,ra,22
     d20:	0000                	unimp
     d22:	0005                	c.nop	1
     d24:	0801                	addi	a6,a6,0
     d26:	0580                	addi	s0,sp,704
     d28:	0000                	unimp
     d2a:	00049803          	lh	a6,0(s1)
     d2e:	1d00                	addi	s0,sp,688
     d30:	03df 0000 0276      	.insn	6, 0x0276000003df
     d36:	0000                	unimp
     d38:	3ed2                	fld	ft9,304(sp)
     d3a:	8000                	.insn	2, 0x8000
     d3c:	0000                	unimp
     d3e:	0000                	unimp
     d40:	0014                	.insn	2, 0x0014
     d42:	0000                	unimp
     d44:	0000                	unimp
     d46:	0000                	unimp
     d48:	0e3d                	addi	t3,t3,15 # 1a00f <__stack_size+0x1200f>
     d4a:	0000                	unimp
     d4c:	0404                	addi	s1,sp,512
     d4e:	6905                	lui	s2,0x1
     d50:	746e                	ld	s0,248(sp)
     d52:	0100                	addi	s0,sp,128
     d54:	0508                	addi	a0,sp,640
     d56:	0235                	addi	tp,tp,13 # d <__boot_hart+0xd>
     d58:	0000                	unimp
     d5a:	0801                	addi	a6,a6,0
     d5c:	0001e307          	.insn	4, 0x0001e307
     d60:	0100                	addi	s0,sp,128
     d62:	0508                	addi	a0,sp,640
     d64:	0230                	addi	a2,sp,264
     d66:	0000                	unimp
     d68:	1001                	c.nop	-32
     d6a:	7604                	ld	s1,40(a2)
     d6c:	0004                	.insn	2, 0x0004
     d6e:	0100                	addi	s0,sp,128
     d70:	0704                	addi	s1,sp,896
     d72:	01e8                	addi	a0,sp,204
     d74:	0000                	unimp
     d76:	0101                	addi	sp,sp,0
     d78:	5406                	lw	s0,96(sp)
     d7a:	0001                	nop
     d7c:	0100                	addi	s0,sp,128
     d7e:	0801                	addi	a6,a6,0
     d80:	0152                	slli	sp,sp,0x14
     d82:	0000                	unimp
     d84:	0201                	addi	tp,tp,0 # 0 <__boot_hart>
     d86:	bb05                	j	ab6 <__stack_align+0xaa6>
     d88:	0001                	nop
     d8a:	0100                	addi	s0,sp,128
     d8c:	0702                	c.slli64	a4
     d8e:	0000017b          	.insn	4, 0x017b
     d92:	0101                	addi	sp,sp,0
     d94:	5b08                	lw	a0,48(a4)
     d96:	0001                	nop
     d98:	0100                	addi	s0,sp,128
     d9a:	0708                	addi	a0,sp,896
     d9c:	01de                	slli	gp,gp,0x17
     d9e:	0000                	unimp
     da0:	2605                	addiw	a2,a2,1
     da2:	0005                	c.nop	1
     da4:	0200                	addi	s0,sp,256
     da6:	008e0d13          	addi	s10,t3,8
     daa:	0000                	unimp
     dac:	0806                	slli	a6,a6,0x1
     dae:	002e                	c.slli	zero,0xb
     db0:	0000                	unimp
     db2:	00065b07          	.insn	4, 0x00065b07
     db6:	0100                	addi	s0,sp,128
     db8:	0504                	addi	s1,sp,640
     dba:	002e                	c.slli	zero,0xb
     dbc:	0000                	unimp
     dbe:	3ed2                	fld	ft9,304(sp)
     dc0:	8000                	.insn	2, 0x8000
     dc2:	0000                	unimp
     dc4:	0000                	unimp
     dc6:	0014                	.insn	2, 0x0014
     dc8:	0000                	unimp
     dca:	0000                	unimp
     dcc:	0000                	unimp
     dce:	9c01                	subw	s0,s0,s0
     dd0:	7002                	.insn	2, 0x7002
     dd2:	6469                	lui	s0,0x1a
     dd4:	0f00                	addi	s0,sp,912
     dd6:	002e                	c.slli	zero,0xb
     dd8:	0000                	unimp
     dda:	03ee                	slli	t2,t2,0x1b
     ddc:	0000                	unimp
     dde:	7302                	ld	t1,32(sp)
     de0:	6769                	lui	a4,0x1a
     de2:	1800                	addi	s0,sp,48
     de4:	002e                	c.slli	zero,0xb
     de6:	0000                	unimp
     de8:	03fc                	addi	a5,sp,460
     dea:	0000                	unimp
     dec:	da08                	sw	a0,48(a2)
     dee:	003e                	c.slli	zero,0xf
     df0:	0080                	addi	s0,sp,64
     df2:	0000                	unimp
     df4:	8200                	.insn	2, 0x8200
     df6:	0000                	unimp
     df8:	0000                	unimp
     dfa:	0d00                	addi	s0,sp,656
     dfc:	0001                	nop
     dfe:	0500                	addi	s0,sp,640
     e00:	0100                	addi	s0,sp,128
     e02:	ff08                	sd	a0,56(a4)
     e04:	0005                	c.nop	1
     e06:	0400                	addi	s0,sp,512
     e08:	0498                	addi	a4,sp,576
     e0a:	0000                	unimp
     e0c:	ed1d                	bnez	a0,e4a <__stack_align+0xe3a>
     e0e:	76000003          	lb	zero,1888(zero) # 760 <__stack_align+0x750>
     e12:	0002                	c.slli64	zero
     e14:	e600                	sd	s0,8(a2)
     e16:	003e                	c.slli	zero,0xf
     e18:	0080                	addi	s0,sp,64
     e1a:	0000                	unimp
     e1c:	1400                	addi	s0,sp,544
     e1e:	0000                	unimp
     e20:	0000                	unimp
     e22:	0000                	unimp
     e24:	d300                	sw	s0,32(a4)
     e26:	000e                	c.slli	zero,0x3
     e28:	0500                	addi	s0,sp,640
     e2a:	0504                	addi	s1,sp,640
     e2c:	6e69                	lui	t3,0x1a
     e2e:	0074                	addi	a3,sp,12
     e30:	0801                	addi	a6,a6,0
     e32:	3505                	addiw	a0,a0,-31
     e34:	0002                	c.slli64	zero
     e36:	0100                	addi	s0,sp,128
     e38:	0708                	addi	a0,sp,896
     e3a:	000001e3          	beqz	zero,163c <__stack_align+0x162c>
     e3e:	0801                	addi	a6,a6,0
     e40:	3005                	.insn	2, 0x3005
     e42:	0002                	c.slli64	zero
     e44:	0100                	addi	s0,sp,128
     e46:	0410                	addi	a2,sp,512
     e48:	0476                	slli	s0,s0,0x1d
     e4a:	0000                	unimp
     e4c:	0401                	addi	s0,s0,0 # 1a000 <__stack_size+0x12000>
     e4e:	0001e807          	.insn	4, 0x0001e807
     e52:	0100                	addi	s0,sp,128
     e54:	0601                	addi	a2,a2,0
     e56:	0154                	addi	a3,sp,132
     e58:	0000                	unimp
     e5a:	0101                	addi	sp,sp,0
     e5c:	5208                	lw	a0,32(a2)
     e5e:	0001                	nop
     e60:	0100                	addi	s0,sp,128
     e62:	0502                	c.slli64	a0
     e64:	000001bb          	addw	gp,zero,zero
     e68:	0201                	addi	tp,tp,0 # 0 <__boot_hart>
     e6a:	00017b07          	.insn	4, 0x00017b07
     e6e:	0200                	addi	s0,sp,256
     e70:	060e                	slli	a2,a2,0x3
     e72:	0000                	unimp
     e74:	2e02                	fld	ft8,0(sp)
     e76:	350e                	fld	fa0,224(sp)
     e78:	0000                	unimp
     e7a:	0200                	addi	s0,sp,256
     e7c:	060d                	addi	a2,a2,3
     e7e:	0000                	unimp
     e80:	6602                	ld	a2,0(sp)
     e82:	7410                	ld	a2,40(s0)
     e84:	0000                	unimp
     e86:	0100                	addi	s0,sp,128
     e88:	0801                	addi	a6,a6,0
     e8a:	0000015b          	.insn	4, 0x015b
     e8e:	0801                	addi	a6,a6,0
     e90:	0001de07          	.insn	4, 0x0001de07
     e94:	0200                	addi	s0,sp,256
     e96:	0000060f          	.insn	4, 0x060f
     e9a:	80129b03          	lh	s6,-2047(t0)
     e9e:	0000                	unimp
     ea0:	0600                	addi	s0,sp,768
     ea2:	0526                	slli	a0,a0,0x9
     ea4:	0000                	unimp
     ea6:	1304                	addi	s1,sp,416
     ea8:	b20d                	j	7ca <__stack_align+0x7ba>
     eaa:	0000                	unimp
     eac:	0700                	addi	s0,sp,896
     eae:	2e08                	fld	fa0,24(a2)
     eb0:	0000                	unimp
     eb2:	0800                	addi	s0,sp,16
     eb4:	0661                	addi	a2,a2,24
     eb6:	0000                	unimp
     eb8:	0501                	addi	a0,a0,0
     eba:	00009a07          	.insn	4, 0x9a07
     ebe:	e600                	sd	s0,8(a2)
     ec0:	003e                	c.slli	zero,0xf
     ec2:	0080                	addi	s0,sp,64
     ec4:	0000                	unimp
     ec6:	1400                	addi	s0,sp,544
     ec8:	0000                	unimp
     eca:	0000                	unimp
     ecc:	0000                	unimp
     ece:	0100                	addi	s0,sp,128
     ed0:	099c                	addi	a5,sp,208
     ed2:	00000493          	li	s1,0
     ed6:	0501                	addi	a0,a0,0
     ed8:	2e12                	fld	ft8,256(sp)
     eda:	0000                	unimp
     edc:	1600                	addi	s0,sp,800
     ede:	0004                	.insn	2, 0x0004
     ee0:	0300                	addi	s0,sp,384
     ee2:	7470                	ld	a2,232(s0)
     ee4:	0072                	c.slli	zero,0x1c
     ee6:	9a1e                	add	s4,s4,t2
     ee8:	0000                	unimp
     eea:	2400                	fld	fs0,8(s0)
     eec:	0004                	.insn	2, 0x0004
     eee:	0300                	addi	s0,sp,384
     ef0:	6964                	ld	s1,208(a0)
     ef2:	0072                	c.slli	zero,0x1c
     ef4:	00002e27          	fsw	ft0,28(zero) # 1c <__stack_align+0xc>
     ef8:	3200                	fld	fs0,32(a2)
     efa:	0004                	.insn	2, 0x0004
     efc:	0a00                	addi	s0,sp,272
     efe:	3eee                	fld	ft9,248(sp)
     f00:	8000                	.insn	2, 0x8000
     f02:	0000                	unimp
     f04:	0000                	unimp
     f06:	00a6                	slli	ra,ra,0x9
     f08:	0000                	unimp
     f0a:	0000                	unimp
     f0c:	0000010f          	.insn	4, 0x010f
     f10:	0005                	c.nop	1
     f12:	0801                	addi	a6,a6,0
     f14:	069e                	slli	a3,a3,0x7
     f16:	0000                	unimp
     f18:	9804                	.insn	2, 0x9804
     f1a:	0004                	.insn	2, 0x0004
     f1c:	1d00                	addi	s0,sp,688
     f1e:	03fc                	addi	a5,sp,460
     f20:	0000                	unimp
     f22:	0276                	slli	tp,tp,0x1d
     f24:	0000                	unimp
     f26:	3efa                	fld	ft9,440(sp)
     f28:	8000                	.insn	2, 0x8000
     f2a:	0000                	unimp
     f2c:	0000                	unimp
     f2e:	0016                	c.slli	zero,0x5
     f30:	0000                	unimp
     f32:	0000                	unimp
     f34:	0000                	unimp
     f36:	00000f73          	.insn	4, 0x0f73
     f3a:	0405                	addi	s0,s0,1
     f3c:	6905                	lui	s2,0x1
     f3e:	746e                	ld	s0,248(sp)
     f40:	0100                	addi	s0,sp,128
     f42:	0508                	addi	a0,sp,640
     f44:	0235                	addi	tp,tp,13 # d <__boot_hart+0xd>
     f46:	0000                	unimp
     f48:	e402                	sd	zero,8(sp)
     f4a:	0005                	c.nop	1
     f4c:	0200                	addi	s0,sp,256
     f4e:	17d6                	slli	a5,a5,0x35
     f50:	0048                	addi	a0,sp,4
     f52:	0000                	unimp
     f54:	0801                	addi	a6,a6,0
     f56:	0001e307          	.insn	4, 0x0001e307
     f5a:	0100                	addi	s0,sp,128
     f5c:	0508                	addi	a0,sp,640
     f5e:	0230                	addi	a2,sp,264
     f60:	0000                	unimp
     f62:	1001                	c.nop	-32
     f64:	7604                	ld	s1,40(a2)
     f66:	0004                	.insn	2, 0x0004
     f68:	0100                	addi	s0,sp,128
     f6a:	0704                	addi	s1,sp,896
     f6c:	01e8                	addi	a0,sp,204
     f6e:	0000                	unimp
     f70:	0101                	addi	sp,sp,0
     f72:	5406                	lw	s0,96(sp)
     f74:	0001                	nop
     f76:	0100                	addi	s0,sp,128
     f78:	0801                	addi	a6,a6,0
     f7a:	0152                	slli	sp,sp,0x14
     f7c:	0000                	unimp
     f7e:	0201                	addi	tp,tp,0 # 0 <__boot_hart>
     f80:	bb05                	j	cb0 <__stack_align+0xca0>
     f82:	0001                	nop
     f84:	0100                	addi	s0,sp,128
     f86:	0702                	c.slli64	a4
     f88:	0000017b          	.insn	4, 0x017b
     f8c:	6e02                	ld	t3,0(sp)
     f8e:	0006                	c.slli	zero,0x1
     f90:	0300                	addi	s0,sp,384
     f92:	00351793          	slli	a5,a0,0x3
     f96:	0000                	unimp
     f98:	0806                	slli	a6,a6,0x1
     f9a:	0101                	addi	sp,sp,0
     f9c:	5b08                	lw	a0,48(a4)
     f9e:	0001                	nop
     fa0:	0100                	addi	s0,sp,128
     fa2:	0708                	addi	a0,sp,896
     fa4:	01de                	slli	gp,gp,0x17
     fa6:	0000                	unimp
     fa8:	6f02                	ld	t5,0(sp)
     faa:	0006                	c.slli	zero,0x1
     fac:	0400                	addi	s0,sp,512
     fae:	12b6                	slli	t0,t0,0x2d
     fb0:	0080                	addi	s0,sp,64
     fb2:	0000                	unimp
     fb4:	00052607          	flw	fa2,0(a0)
     fb8:	0500                	addi	s0,sp,640
     fba:	00b40d13          	addi	s10,s0,11
     fbe:	0000                	unimp
     fc0:	0808                	addi	a0,sp,16
     fc2:	002e                	c.slli	zero,0xb
     fc4:	0000                	unimp
     fc6:	6809                	lui	a6,0x2
     fc8:	0006                	c.slli	zero,0x1
     fca:	0100                	addi	s0,sp,128
     fcc:	0905                	addi	s2,s2,1 # 1001 <__stack_align+0xff1>
     fce:	009c                	addi	a5,sp,64
     fd0:	0000                	unimp
     fd2:	3efa                	fld	ft9,440(sp)
     fd4:	8000                	.insn	2, 0x8000
     fd6:	0000                	unimp
     fd8:	0000                	unimp
     fda:	0016                	c.slli	zero,0x5
     fdc:	0000                	unimp
     fde:	0000                	unimp
     fe0:	0000                	unimp
     fe2:	9c01                	subw	s0,s0,s0
     fe4:	930a                	add	t1,t1,sp
     fe6:	0004                	.insn	2, 0x0004
     fe8:	0100                	addi	s0,sp,128
     fea:	1305                	addi	t1,t1,-31
     fec:	002e                	c.slli	zero,0xb
     fee:	0000                	unimp
     ff0:	044c                	addi	a1,sp,516
     ff2:	0000                	unimp
     ff4:	72747003          	.insn	4, 0x72747003
     ff8:	1f00                	addi	s0,sp,944
     ffa:	008c                	addi	a1,sp,64
     ffc:	0000                	unimp
     ffe:	045a                	slli	s0,s0,0x16
    1000:	0000                	unimp
    1002:	6e656c03          	lwu	s8,1766(a0)
    1006:	2b00                	fld	fs0,16(a4)
    1008:	003c                	addi	a5,sp,8
    100a:	0000                	unimp
    100c:	0468                	addi	a0,sp,524
    100e:	0000                	unimp
    1010:	003f020b          	.insn	4, 0x003f020b
    1014:	0080                	addi	s0,sp,64
    1016:	0000                	unimp
    1018:	a800                	fsd	fs0,16(s0)
    101a:	0000                	unimp
    101c:	0000                	unimp
    101e:	3200                	fld	fs0,32(a2)
    1020:	0001                	nop
    1022:	0500                	addi	s0,sp,640
    1024:	0100                	addi	s0,sp,128
    1026:	4408                	lw	a0,8(s0)
    1028:	05000007          	.insn	4, 0x05000007
    102c:	0498                	addi	a4,sp,576
    102e:	0000                	unimp
    1030:	0a1d                	addi	s4,s4,7
    1032:	0004                	.insn	2, 0x0004
    1034:	7600                	ld	s0,40(a2)
    1036:	0002                	c.slli64	zero
    1038:	1000                	addi	s0,sp,32
    103a:	0080003f 3c000000 	.insn	8, 0x3c0000000080003f
    1042:	0000                	unimp
    1044:	0000                	unimp
    1046:	0000                	unimp
    1048:	1c00                	addi	s0,sp,560
    104a:	0010                	.insn	2, 0x0010
    104c:	0600                	addi	s0,sp,768
    104e:	00000677          	.insn	4, 0x0677
    1052:	9102                	jalr	sp
    1054:	3a1a                	fld	fs4,416(sp)
    1056:	0000                	unimp
    1058:	0100                	addi	s0,sp,128
    105a:	0508                	addi	a0,sp,640
    105c:	0235                	addi	tp,tp,13 # d <__boot_hart+0xd>
    105e:	0000                	unimp
    1060:	0801                	addi	a6,a6,0 # 2000 <__stack_align+0x1ff0>
    1062:	0001e307          	.insn	4, 0x0001e307
    1066:	0700                	addi	s0,sp,896
    1068:	0504                	addi	s1,sp,640
    106a:	6e69                	lui	t3,0x1a
    106c:	0074                	addi	a3,sp,12
    106e:	0801                	addi	a6,a6,0
    1070:	3005                	.insn	2, 0x3005
    1072:	0002                	c.slli64	zero
    1074:	0100                	addi	s0,sp,128
    1076:	0410                	addi	a2,sp,512
    1078:	0476                	slli	s0,s0,0x1d
    107a:	0000                	unimp
    107c:	0401                	addi	s0,s0,0
    107e:	0001e807          	.insn	4, 0x0001e807
    1082:	0100                	addi	s0,sp,128
    1084:	0601                	addi	a2,a2,0
    1086:	0154                	addi	a3,sp,132
    1088:	0000                	unimp
    108a:	0101                	addi	sp,sp,0
    108c:	5208                	lw	a0,32(a2)
    108e:	0001                	nop
    1090:	0100                	addi	s0,sp,128
    1092:	0502                	c.slli64	a0
    1094:	000001bb          	addw	gp,zero,zero
    1098:	0201                	addi	tp,tp,0 # 0 <__boot_hart>
    109a:	00017b07          	.insn	4, 0x00017b07
    109e:	0800                	addi	s0,sp,16
    10a0:	0208                	addi	a0,sp,256
    10a2:	00000087          	.insn	4, 0x0087
    10a6:	0101                	addi	sp,sp,0
    10a8:	5b08                	lw	a0,48(a4)
    10aa:	0001                	nop
    10ac:	0100                	addi	s0,sp,128
    10ae:	0708                	addi	a0,sp,896
    10b0:	01de                	slli	gp,gp,0x17
    10b2:	0000                	unimp
    10b4:	8709                	srai	a4,a4,0x2
    10b6:	0000                	unimp
    10b8:	a000                	fsd	fs0,0(s0)
    10ba:	0000                	unimp
    10bc:	0a00                	addi	s0,sp,272
    10be:	0300                	addi	s0,sp,384
    10c0:	00000687          	.insn	4, 0x0687
    10c4:	0d06                	slli	s10,s10,0x1
    10c6:	0095                	addi	ra,ra,5
    10c8:	0000                	unimp
    10ca:	00068c0b          	.insn	4, 0x00068c0b
    10ce:	0100                	addi	s0,sp,128
    10d0:	00820e07          	.insn	4, 0x00820e07
    10d4:	0000                	unimp
    10d6:	0309                	addi	t1,t1,2
    10d8:	4ba8                	lw	a0,80(a5)
    10da:	8000                	.insn	2, 0x8000
    10dc:	0000                	unimp
    10de:	0000                	unimp
    10e0:	260c                	fld	fa1,8(a2)
    10e2:	0005                	c.nop	1
    10e4:	0300                	addi	s0,sp,384
    10e6:	00cd0d13          	addi	s10,s10,12
    10ea:	0000                	unimp
    10ec:	4802                	lw	a6,0(sp)
    10ee:	0000                	unimp
    10f0:	0d00                	addi	s0,sp,656
    10f2:	00000693          	li	a3,0
    10f6:	0901                	addi	s2,s2,0
    10f8:	00008007          	.insn	4, 0x8007
    10fc:	1000                	addi	s0,sp,32
    10fe:	0080003f 3c000000 	.insn	8, 0x3c0000000080003f
    1106:	0000                	unimp
    1108:	0000                	unimp
    110a:	0000                	unimp
    110c:	0100                	addi	s0,sp,128
    110e:	0e9c                	addi	a5,sp,848
    1110:	0699                	addi	a3,a3,6
    1112:	0000                	unimp
    1114:	0901                	addi	s2,s2,0
    1116:	00002e17          	auipc	t3,0x2
    111a:	8200                	.insn	2, 0x8200
    111c:	0004                	.insn	2, 0x0004
    111e:	0300                	addi	s0,sp,384
    1120:	0681                	addi	a3,a3,0
    1122:	0000                	unimp
    1124:	0095110b          	.insn	4, 0x0095110b
    1128:	0000                	unimp
    112a:	a504                	fsd	fs1,8(a0)
    112c:	0006                	c.slli	zero,0x1
    112e:	0c00                	addi	s0,sp,528
    1130:	0082                	c.slli64	ra
    1132:	0000                	unimp
    1134:	0490                	addi	a2,sp,576
    1136:	0000                	unimp
    1138:	9e04                	.insn	2, 0x9e04
    113a:	0006                	c.slli	zero,0x1
    113c:	0d00                	addi	s0,sp,656
    113e:	0082                	c.slli64	ra
    1140:	0000                	unimp
    1142:	04a8                	addi	a0,sp,584
    1144:	0000                	unimp
    1146:	003f3e0f          	.insn	4, 0x003f3e0f
    114a:	0080                	addi	s0,sp,64
    114c:	0000                	unimp
    114e:	c100                	sw	s0,0(a0)
    1150:	0000                	unimp
    1152:	0000                	unimp
    1154:	7400                	ld	s0,40(s0)
    1156:	0001                	nop
    1158:	0500                	addi	s0,sp,640
    115a:	0100                	addi	s0,sp,128
    115c:	1e08                	addi	a0,sp,816
    115e:	0008                	.insn	2, 0x0008
    1160:	0600                	addi	s0,sp,768
    1162:	0498                	addi	a4,sp,576
    1164:	0000                	unimp
    1166:	181d                	addi	a6,a6,-25
    1168:	0004                	.insn	2, 0x0004
    116a:	7600                	ld	s0,40(a2)
    116c:	0002                	c.slli64	zero
    116e:	4c00                	lw	s0,24(s0)
    1170:	0080003f 06000000 	.insn	8, 0x060000000080003f
    1178:	0000                	unimp
    117a:	0000                	unimp
    117c:	0000                	unimp
    117e:	4100                	lw	s0,0(a0)
    1180:	0011                	c.nop	4
    1182:	0700                	addi	s0,sp,896
    1184:	0504                	addi	s1,sp,640
    1186:	6e69                	lui	t3,0x1a
    1188:	0074                	addi	a3,sp,12
    118a:	0801                	addi	a6,a6,0
    118c:	3505                	addiw	a0,a0,-31
    118e:	0002                	c.slli64	zero
    1190:	0200                	addi	s0,sp,256
    1192:	05e4                	addi	s1,sp,716
    1194:	0000                	unimp
    1196:	d602                	sw	zero,44(sp)
    1198:	00004817          	auipc	a6,0x4
    119c:	0100                	addi	s0,sp,128
    119e:	0708                	addi	a0,sp,896
    11a0:	000001e3          	beqz	zero,19a2 <__stack_align+0x1992>
    11a4:	0801                	addi	a6,a6,0 # 5198 <__stack_align+0x5188>
    11a6:	3005                	.insn	2, 0x3005
    11a8:	0002                	c.slli64	zero
    11aa:	0100                	addi	s0,sp,128
    11ac:	0410                	addi	a2,sp,512
    11ae:	0476                	slli	s0,s0,0x1d
    11b0:	0000                	unimp
    11b2:	0401                	addi	s0,s0,0
    11b4:	0001e807          	.insn	4, 0x0001e807
    11b8:	0100                	addi	s0,sp,128
    11ba:	0601                	addi	a2,a2,0
    11bc:	0154                	addi	a3,sp,132
    11be:	0000                	unimp
    11c0:	0101                	addi	sp,sp,0
    11c2:	5208                	lw	a0,32(a2)
    11c4:	0001                	nop
    11c6:	0100                	addi	s0,sp,128
    11c8:	0502                	c.slli64	a0
    11ca:	000001bb          	addw	gp,zero,zero
    11ce:	0201                	addi	tp,tp,0 # 0 <__boot_hart>
    11d0:	00017b07          	.insn	4, 0x00017b07
    11d4:	0200                	addi	s0,sp,256
    11d6:	0549                	addi	a0,a0,18
    11d8:	0000                	unimp
    11da:	48196903          	lwu	s2,1153(s2)
    11de:	0000                	unimp
    11e0:	0200                	addi	s0,sp,256
    11e2:	06b9                	addi	a3,a3,14
    11e4:	0000                	unimp
    11e6:	481ae803          	lwu	a6,1153(s5)
    11ea:	0000                	unimp
    11ec:	0200                	addi	s0,sp,256
    11ee:	066e                	slli	a2,a2,0x1b
    11f0:	0000                	unimp
    11f2:	9304                	.insn	2, 0x9304
    11f4:	00003517          	auipc	a0,0x3
    11f8:	0100                	addi	s0,sp,128
    11fa:	0801                	addi	a6,a6,0
    11fc:	0000015b          	.insn	4, 0x015b
    1200:	0801                	addi	a6,a6,0
    1202:	0001de07          	.insn	4, 0x0001de07
    1206:	0200                	addi	s0,sp,256
    1208:	0000054b          	fnmsub.s	fa0,ft0,ft0,ft0,rne
    120c:	3c05                	addiw	s8,s8,-31
    120e:	8014                	.insn	2, 0x8014
    1210:	0000                	unimp
    1212:	0200                	addi	s0,sp,256
    1214:	000006bb          	addw	a3,zero,zero
    1218:	5205                	li	tp,-31
    121a:	8c15                	sub	s0,s0,a3
    121c:	0000                	unimp
    121e:	0200                	addi	s0,sp,256
    1220:	0000066f          	jal	a2,1220 <__stack_align+0x1210>
    1224:	b606                	fsd	ft1,296(sp)
    1226:	9812                	add	a6,a6,tp
    1228:	0000                	unimp
    122a:	0800                	addi	s0,sp,16
    122c:	06ac                	addi	a1,sp,840
    122e:	0000                	unimp
    1230:	350d1a07          	.insn	4, 0x350d1a07
    1234:	0000                	unimp
    1236:	fb00                	sd	s0,48(a4)
    1238:	0000                	unimp
    123a:	0300                	addi	s0,sp,384
    123c:	00b2                	slli	ra,ra,0xc
    123e:	0000                	unimp
    1240:	0000b203          	ld	tp,0(ra)
    1244:	0300                	addi	s0,sp,384
    1246:	00b2                	slli	ra,ra,0xc
    1248:	0000                	unimp
    124a:	00004803          	lbu	a6,0(zero) # 0 <__boot_hart>
    124e:	0000                	unimp
    1250:	c509                	beqz	a0,125a <__stack_align+0x124a>
    1252:	0006                	c.slli	zero,0x1
    1254:	0100                	addi	s0,sp,128
    1256:	0906                	slli	s2,s2,0x1
    1258:	00ca                	slli	ra,ra,0x12
    125a:	0000                	unimp
    125c:	3f4c                	fld	fa1,184(a4)
    125e:	8000                	.insn	2, 0x8000
    1260:	0000                	unimp
    1262:	0000                	unimp
    1264:	0006                	c.slli	zero,0x1
    1266:	0000                	unimp
    1268:	0000                	unimp
    126a:	0000                	unimp
    126c:	9c01                	subw	s0,s0,s0
    126e:	0170                	addi	a2,sp,140
    1270:	0000                	unimp
    1272:	6605                	lui	a2,0x1
    1274:	0064                	addi	s1,sp,12
    1276:	2e14                	fld	fa3,24(a2)
    1278:	0000                	unimp
    127a:	ba00                	fsd	fs0,48(a2)
    127c:	0004                	.insn	2, 0x0004
    127e:	0500                	addi	s0,sp,640
    1280:	7470                	ld	a2,232(s0)
    1282:	0072                	c.slli	zero,0x1c
    1284:	7024                	ld	s1,96(s0)
    1286:	0001                	nop
    1288:	c800                	sw	s0,16(s0)
    128a:	0004                	.insn	2, 0x0004
    128c:	0500                	addi	s0,sp,640
    128e:	656c                	ld	a1,200(a0)
    1290:	006e                	c.slli	zero,0x1b
    1292:	3c30                	fld	fa2,120(s0)
    1294:	0000                	unimp
    1296:	d600                	sw	s0,40(a2)
    1298:	0004                	.insn	2, 0x0004
    129a:	0a00                	addi	s0,sp,272
    129c:	3f52                	fld	ft10,304(sp)
    129e:	8000                	.insn	2, 0x8000
    12a0:	0000                	unimp
    12a2:	0000                	unimp
    12a4:	00d6                	slli	ra,ra,0x15
    12a6:	0000                	unimp
    12a8:	0104                	addi	s1,sp,128
    12aa:	035a                	slli	t1,t1,0x16
    12ac:	045a01a3          	sb	t0,67(s4)
    12b0:	5b01                	li	s6,-32
    12b2:	5b01a303          	lw	t1,1456(gp) # 80005950 <__global_pointer$+0x5b0>
    12b6:	0104                	addi	s1,sp,128
    12b8:	035c                	addi	a5,sp,388
    12ba:	045c01a3          	sb	t0,67(s8)
    12be:	5d01                	li	s10,-32
    12c0:	0802                	c.slli64	a6
    12c2:	0040                	addi	s0,sp,4
    12c4:	0b00                	addi	s0,sp,400
    12c6:	7608                	ld	a0,40(a2)
    12c8:	0001                	nop
    12ca:	0c00                	addi	s0,sp,528
    12cc:	2500                	fld	fs0,8(a0)
    12ce:	0000                	unimp
    12d0:	0500                	addi	s0,sp,640
    12d2:	0100                	addi	s0,sp,128
    12d4:	c808                	sw	a0,16(s0)
    12d6:	0008                	.insn	2, 0x0008
    12d8:	0100                	addi	s0,sp,128
    12da:	11ce                	slli	gp,gp,0x33
    12dc:	0000                	unimp
    12de:	0000                	unimp
    12e0:	8000                	.insn	2, 0x8000
    12e2:	0000                	unimp
    12e4:	0000                	unimp
    12e6:	0498                	addi	a4,sp,576
    12e8:	06cc                	addi	a1,sp,836
    12ea:	0000                	unimp
    12ec:	000006db          	.insn	4, 0x06db
    12f0:	0000070b          	.insn	4, 0x070b
    12f4:	8001                	c.srli64	s0
    12f6:	0024                	addi	s1,sp,8
    12f8:	0000                	unimp
    12fa:	0005                	c.nop	1
    12fc:	0801                	addi	a6,a6,0
    12fe:	08dc                	addi	a5,sp,84
    1300:	0000                	unimp
    1302:	0001                	nop
    1304:	0016                	c.slli	zero,0x5
    1306:	ee00                	sd	s0,24(a2)
    1308:	0001                	nop
    130a:	0080                	addi	s0,sp,64
    130c:	0000                	unimp
    130e:	6200                	ld	s0,0(a2)
    1310:	00000717          	auipc	a4,0x0
    1314:	000006db          	.insn	4, 0x06db
    1318:	0000070b          	.insn	4, 0x070b
    131c:	8001                	c.srli64	s0
    131e:	0136                	slli	sp,sp,0xd
    1320:	0000                	unimp
    1322:	0005                	c.nop	1
    1324:	0801                	addi	a6,a6,0
    1326:	08f0                	addi	a2,sp,92
    1328:	0000                	unimp
    132a:	9804                	.insn	2, 0x9804
    132c:	0004                	.insn	2, 0x0004
    132e:	1d00                	addi	s0,sp,688
    1330:	0440                	addi	s0,sp,516
    1332:	0000                	unimp
    1334:	0276                	slli	tp,tp,0x1d
    1336:	0000                	unimp
    1338:	3f52                	fld	ft10,304(sp)
    133a:	8000                	.insn	2, 0x8000
    133c:	0000                	unimp
    133e:	0000                	unimp
    1340:	0016                	c.slli	zero,0x5
    1342:	0000                	unimp
    1344:	0000                	unimp
    1346:	0000                	unimp
    1348:	1660                	addi	s0,sp,812
    134a:	0000                	unimp
    134c:	0101                	addi	sp,sp,0
    134e:	5406                	lw	s0,96(sp)
    1350:	0001                	nop
    1352:	0100                	addi	s0,sp,128
    1354:	0801                	addi	a6,a6,0
    1356:	0152                	slli	sp,sp,0x14
    1358:	0000                	unimp
    135a:	0201                	addi	tp,tp,0 # 0 <__boot_hart>
    135c:	bb05                	j	108c <__stack_align+0x107c>
    135e:	0001                	nop
    1360:	0100                	addi	s0,sp,128
    1362:	0702                	c.slli64	a4
    1364:	0000017b          	.insn	4, 0x017b
    1368:	0405                	addi	s0,s0,1
    136a:	6905                	lui	s2,0x1
    136c:	746e                	ld	s0,248(sp)
    136e:	0100                	addi	s0,sp,128
    1370:	0704                	addi	s1,sp,896
    1372:	01e8                	addi	a0,sp,204
    1374:	0000                	unimp
    1376:	0801                	addi	a6,a6,0
    1378:	3505                	addiw	a0,a0,-31 # 41d5 <__stack_align+0x41c5>
    137a:	0002                	c.slli64	zero
    137c:	0100                	addi	s0,sp,128
    137e:	0708                	addi	a0,sp,896
    1380:	000001e3          	beqz	zero,1b82 <__stack_align+0x1b72>
    1384:	3b02                	fld	fs6,32(sp)
    1386:	02000007          	.insn	4, 0x02000007
    138a:	19e6                	slli	s3,s3,0x39
    138c:	0058                	addi	a4,sp,4
    138e:	0000                	unimp
    1390:	b902                	fsd	ft0,176(sp)
    1392:	0006                	c.slli	zero,0x1
    1394:	0200                	addi	s0,sp,256
    1396:	1ae8                	addi	a0,sp,380
    1398:	005f 0000 3d02      	.insn	6, 0x3d020000005f
    139e:	03000007          	.insn	4, 0x03000007
    13a2:	144d                	addi	s0,s0,-13
    13a4:	0066                	c.slli	zero,0x19
    13a6:	0000                	unimp
    13a8:	bb02                	fsd	ft0,432(sp)
    13aa:	0006                	c.slli	zero,0x1
    13ac:	0300                	addi	s0,sp,384
    13ae:	1552                	slli	a0,a0,0x34
    13b0:	0072                	c.slli	zero,0x1c
    13b2:	0000                	unimp
    13b4:	0801                	addi	a6,a6,0
    13b6:	3005                	.insn	2, 0x3005
    13b8:	0002                	c.slli64	zero
    13ba:	0100                	addi	s0,sp,128
    13bc:	0410                	addi	a2,sp,512
    13be:	0476                	slli	s0,s0,0x1d
    13c0:	0000                	unimp
    13c2:	0101                	addi	sp,sp,0
    13c4:	5b08                	lw	a0,48(a4)
    13c6:	0001                	nop
    13c8:	0600                	addi	s0,sp,768
    13ca:	0535                	addi	a0,a0,13
    13cc:	0000                	unimp
    13ce:	4104                	lw	s1,0(a0)
    13d0:	bd0d                	j	1202 <__stack_align+0x11f2>
    13d2:	0000                	unimp
    13d4:	0700                	addi	s0,sp,896
    13d6:	004a                	c.slli	zero,0x12
    13d8:	0000                	unimp
    13da:	0800                	addi	s0,sp,16
    13dc:	0729                	addi	a4,a4,10 # 131a <__stack_align+0x130a>
    13de:	0000                	unimp
    13e0:	0401                	addi	s0,s0,0
    13e2:	521c                	lw	a5,32(a2)
    13e4:	0080003f 16000000 	.insn	8, 0x160000000080003f
    13ec:	0000                	unimp
    13ee:	0000                	unimp
    13f0:	0000                	unimp
    13f2:	0100                	addi	s0,sp,128
    13f4:	339c                	fld	fa5,32(a5)
    13f6:	0001                	nop
    13f8:	0900                	addi	s0,sp,144
    13fa:	7065                	c.lui	zero,0xffff9
    13fc:	04010063          	beqz	sp,143c <__stack_align+0x142c>
    1400:	8a32                	mv	s4,a2
    1402:	0000                	unimp
    1404:	f000                	sd	s0,32(s0)
    1406:	0004                	.insn	2, 0x0004
    1408:	0300                	addi	s0,sp,384
    140a:	0735                	addi	a4,a4,13
    140c:	0000                	unimp
    140e:	8a41                	andi	a2,a2,16
    1410:	0000                	unimp
    1412:	fe00                	sd	s0,56(a2)
    1414:	0004                	.insn	2, 0x0004
    1416:	0300                	addi	s0,sp,384
    1418:	0000074b          	fnmsub.s	fa4,ft0,ft0,ft0,rne
    141c:	8a52                	mv	s4,s4
    141e:	0000                	unimp
    1420:	0c00                	addi	s0,sp,528
    1422:	0005                	c.nop	1
    1424:	0300                	addi	s0,sp,384
    1426:	0746                	slli	a4,a4,0x11
    1428:	0000                	unimp
    142a:	3362                	fld	ft6,56(sp)
    142c:	0001                	nop
    142e:	1a00                	addi	s0,sp,304
    1430:	0005                	c.nop	1
    1432:	0a00                	addi	s0,sp,272
    1434:	0544                	addi	s1,sp,644
    1436:	0000                	unimp
    1438:	0701                	addi	a4,a4,0
    143a:	4a09                	li	s4,2
    143c:	0000                	unimp
    143e:	2800                	fld	fs0,16(s0)
    1440:	0005                	c.nop	1
    1442:	0b00                	addi	s0,sp,400
    1444:	3f68                	fld	fa0,248(a4)
    1446:	8000                	.insn	2, 0x8000
    1448:	0000                	unimp
    144a:	0000                	unimp
    144c:	000000ab          	.insn	4, 0x00ab
    1450:	0c00                	addi	s0,sp,528
    1452:	8a08                	.insn	2, 0x8a08
    1454:	0000                	unimp
    1456:	0000                	unimp
    1458:	0165                	addi	sp,sp,25
    145a:	0000                	unimp
    145c:	0005                	c.nop	1
    145e:	0801                	addi	a6,a6,0
    1460:	09aa                	slli	s3,s3,0xa
    1462:	0000                	unimp
    1464:	9808                	.insn	2, 0x9808
    1466:	0004                	.insn	2, 0x0004
    1468:	1d00                	addi	s0,sp,688
    146a:	045a                	slli	s0,s0,0x16
    146c:	0000                	unimp
    146e:	0276                	slli	tp,tp,0x1d
    1470:	0000                	unimp
    1472:	3f68                	fld	fa0,248(a4)
    1474:	8000                	.insn	2, 0x8000
    1476:	0000                	unimp
    1478:	0000                	unimp
    147a:	0030                	addi	a2,sp,8
    147c:	0000                	unimp
    147e:	0000                	unimp
    1480:	0000                	unimp
    1482:	00001717          	auipc	a4,0x1
    1486:	0801                	addi	a6,a6,0
    1488:	3505                	addiw	a0,a0,-31
    148a:	0002                	c.slli64	zero
    148c:	0900                	addi	s0,sp,144
    148e:	05e4                	addi	s1,sp,716
    1490:	0000                	unimp
    1492:	4117d603          	lhu	a2,1041(a5)
    1496:	0000                	unimp
    1498:	0100                	addi	s0,sp,128
    149a:	0708                	addi	a0,sp,896
    149c:	000001e3          	beqz	zero,1c9e <__stack_align+0x1c8e>
    14a0:	040a                	slli	s0,s0,0x2
    14a2:	6905                	lui	s2,0x1
    14a4:	746e                	ld	s0,248(sp)
    14a6:	0100                	addi	s0,sp,128
    14a8:	0508                	addi	a0,sp,640
    14aa:	0230                	addi	a2,sp,264
    14ac:	0000                	unimp
    14ae:	1001                	c.nop	-32
    14b0:	7604                	ld	s1,40(a2)
    14b2:	0004                	.insn	2, 0x0004
    14b4:	0100                	addi	s0,sp,128
    14b6:	0704                	addi	s1,sp,896
    14b8:	01e8                	addi	a0,sp,204
    14ba:	0000                	unimp
    14bc:	0101                	addi	sp,sp,0
    14be:	5406                	lw	s0,96(sp)
    14c0:	0001                	nop
    14c2:	0100                	addi	s0,sp,128
    14c4:	0801                	addi	a6,a6,0
    14c6:	0152                	slli	sp,sp,0x14
    14c8:	0000                	unimp
    14ca:	0201                	addi	tp,tp,0 # 0 <__boot_hart>
    14cc:	bb05                	j	11fc <__stack_align+0x11ec>
    14ce:	0001                	nop
    14d0:	0100                	addi	s0,sp,128
    14d2:	0702                	c.slli64	a4
    14d4:	0000017b          	.insn	4, 0x017b
    14d8:	8004080b          	.insn	4, 0x8004080b
    14dc:	0000                	unimp
    14de:	0500                	addi	s0,sp,640
    14e0:	008c                	addi	a1,sp,64
    14e2:	0000                	unimp
    14e4:	0101                	addi	sp,sp,0
    14e6:	5b08                	lw	a0,48(a4)
    14e8:	0001                	nop
    14ea:	0100                	addi	s0,sp,128
    14ec:	0708                	addi	a0,sp,896
    14ee:	01de                	slli	gp,gp,0x17
    14f0:	0000                	unimp
    14f2:	a506                	fsd	ft1,136(sp)
    14f4:	21000007          	.insn	4, 0x21000007
    14f8:	0080                	addi	s0,sp,64
    14fa:	0000                	unimp
    14fc:	00b8                	addi	a4,sp,72
    14fe:	0000                	unimp
    1500:	8002                	.insn	2, 0x8002
    1502:	0000                	unimp
    1504:	0200                	addi	s0,sp,256
    1506:	0048                	addi	a0,sp,4
    1508:	0000                	unimp
    150a:	3502                	fld	fa0,32(sp)
    150c:	0000                	unimp
    150e:	0000                	unimp
    1510:	9006                	c.add	zero,ra
    1512:	1f000007          	.insn	4, 0x1f000007
    1516:	0080                	addi	s0,sp,64
    1518:	0000                	unimp
    151a:	00d6                	slli	ra,ra,0x15
    151c:	0000                	unimp
    151e:	8202                	jr	tp
    1520:	0000                	unimp
    1522:	0200                	addi	s0,sp,256
    1524:	000000db          	.insn	4, 0x00db
    1528:	3502                	fld	fa0,32(sp)
    152a:	0000                	unimp
    152c:	0000                	unimp
    152e:	e005                	bnez	s0,154e <__stack_align+0x153e>
    1530:	0000                	unimp
    1532:	0400                	addi	s0,sp,512
    1534:	00d6                	slli	ra,ra,0x15
    1536:	0000                	unimp
    1538:	0d0c                	addi	a1,sp,656
    153a:	0750                	addi	a2,sp,900
    153c:	0000                	unimp
    153e:	0301                	addi	t1,t1,0
    1540:	6806                	ld	a6,64(sp)
    1542:	0080003f 30000000 	.insn	8, 0x300000000080003f
    154a:	0000                	unimp
    154c:	0000                	unimp
    154e:	0000                	unimp
    1550:	0100                	addi	s0,sp,128
    1552:	619c                	ld	a5,0(a1)
    1554:	0001                	nop
    1556:	0e00                	addi	s0,sp,784
    1558:	0776                	slli	a4,a4,0x1d
    155a:	0000                	unimp
    155c:	0501                	addi	a0,a0,0
    155e:	8714                	.insn	2, 0x8714
    1560:	0000                	unimp
    1562:	0100                	addi	s0,sp,128
    1564:	0354                	addi	a3,sp,388
    1566:	00000797          	auipc	a5,0x0
    156a:	6106                	ld	sp,64(sp)
    156c:	0001                	nop
    156e:	0300                	addi	s0,sp,384
    1570:	0768                	addi	a0,sp,908
    1572:	0000                	unimp
    1574:	00016107          	.insn	4, 0x00016107
    1578:	0300                	addi	s0,sp,384
    157a:	0000075b          	.insn	4, 0x075b
    157e:	6108                	ld	a0,0(a0)
    1580:	0001                	nop
    1582:	0300                	addi	s0,sp,384
    1584:	0784                	addi	s1,sp,960
    1586:	0000                	unimp
    1588:	6109                	addi	sp,sp,128
    158a:	0001                	nop
    158c:	0f00                	addi	s0,sp,912
    158e:	3f82                	fld	ft11,32(sp)
    1590:	8000                	.insn	2, 0x8000
    1592:	0000                	unimp
    1594:	0000                	unimp
    1596:	00b8                	addi	a4,sp,72
    1598:	0000                	unimp
    159a:	014d                	addi	sp,sp,19
    159c:	0000                	unimp
    159e:	025a0107          	.insn	4, 0x025a0107
    15a2:	0078                	addi	a4,sp,12
    15a4:	1000                	addi	s0,sp,32
    15a6:	3f98                	fld	fa4,56(a5)
    15a8:	8000                	.insn	2, 0x8000
    15aa:	0000                	unimp
    15ac:	0000                	unimp
    15ae:	009a                	slli	ra,ra,0x6
    15b0:	0000                	unimp
    15b2:	015b0107          	.insn	4, 0x015b0107
    15b6:	0030                	addi	a2,sp,8
    15b8:	1100                	addi	s0,sp,160
    15ba:	008c                	addi	a1,sp,64
    15bc:	0000                	unimp
    15be:	0012                	c.slli	zero,0x4
    15c0:	4500                	lw	s0,8(a0)
    15c2:	0000                	unimp
    15c4:	0500                	addi	s0,sp,640
    15c6:	0100                	addi	s0,sp,128
    15c8:	8d08                	.insn	2, 0x8d08
    15ca:	000a                	c.slli	zero,0x2
    15cc:	0100                	addi	s0,sp,128
    15ce:	0498                	addi	a4,sp,576
    15d0:	0000                	unimp
    15d2:	711d                	addi	sp,sp,-96
    15d4:	0004                	.insn	2, 0x0004
    15d6:	7600                	ld	s0,40(a2)
    15d8:	0002                	c.slli64	zero
    15da:	9800                	.insn	2, 0x9800
    15dc:	0080003f 06000000 	.insn	8, 0x060000000080003f
    15e4:	0000                	unimp
    15e6:	0000                	unimp
    15e8:	0000                	unimp
    15ea:	f600                	sd	s0,40(a2)
    15ec:	02000017          	auipc	zero,0x2000
    15f0:	07ac                	addi	a1,sp,968
    15f2:	0000                	unimp
    15f4:	0701                	addi	a4,a4,0 # 2482 <__stack_align+0x2472>
    15f6:	003f9827          	.insn	4, 0x003f9827
    15fa:	0080                	addi	s0,sp,64
    15fc:	0000                	unimp
    15fe:	0600                	addi	s0,sp,768
    1600:	0000                	unimp
    1602:	0000                	unimp
    1604:	0000                	unimp
    1606:	0100                	addi	s0,sp,128
    1608:	009c                	addi	a5,sp,64
    160a:	033c                	addi	a5,sp,392
    160c:	0000                	unimp
    160e:	0005                	c.nop	1
    1610:	0801                	addi	a6,a6,0
    1612:	0abd                	addi	s5,s5,15
    1614:	0000                	unimp
    1616:	9812                	add	a6,a6,tp
    1618:	0004                	.insn	2, 0x0004
    161a:	1d00                	addi	s0,sp,688
    161c:	0480                	addi	s0,sp,576
    161e:	0000                	unimp
    1620:	0276                	slli	tp,tp,0x1d
    1622:	0000                	unimp
    1624:	3f9e                	fld	ft11,480(sp)
    1626:	8000                	.insn	2, 0x8000
    1628:	0000                	unimp
    162a:	0000                	unimp
    162c:	004c                	addi	a1,sp,4
    162e:	0000                	unimp
    1630:	0000                	unimp
    1632:	0000                	unimp
    1634:	1860                	addi	s0,sp,60
    1636:	0000                	unimp
    1638:	0102                	c.slli64	sp
    163a:	5406                	lw	s0,96(sp)
    163c:	0001                	nop
    163e:	0200                	addi	s0,sp,256
    1640:	0801                	addi	a6,a6,0
    1642:	0152                	slli	sp,sp,0x14
    1644:	0000                	unimp
    1646:	0202                	c.slli64	tp
    1648:	bb05                	j	1378 <__stack_align+0x1368>
    164a:	0001                	nop
    164c:	0200                	addi	s0,sp,256
    164e:	0702                	c.slli64	a4
    1650:	0000017b          	.insn	4, 0x017b
    1654:	be01                	j	1164 <__stack_align+0x1154>
    1656:	04000007          	.insn	4, 0x04000007
    165a:	184d                	addi	a6,a6,-13
    165c:	0056                	c.slli	zero,0x15
    165e:	0000                	unimp
    1660:	69050413          	addi	s0,a0,1680
    1664:	746e                	ld	s0,248(sp)
    1666:	0200                	addi	s0,sp,256
    1668:	0704                	addi	s1,sp,896
    166a:	01e8                	addi	a0,sp,204
    166c:	0000                	unimp
    166e:	0802                	c.slli64	a6
    1670:	3505                	addiw	a0,a0,-31
    1672:	0002                	c.slli64	zero
    1674:	0100                	addi	s0,sp,128
    1676:	0549                	addi	a0,a0,18
    1678:	0000                	unimp
    167a:	6904                	ld	s1,16(a0)
    167c:	7719                	lui	a4,0xfffe6
    167e:	0000                	unimp
    1680:	0200                	addi	s0,sp,256
    1682:	0708                	addi	a0,sp,896
    1684:	000001e3          	beqz	zero,1e86 <__stack_align+0x1e76>
    1688:	b901                	j	1298 <__stack_align+0x1288>
    168a:	0006                	c.slli	zero,0x1
    168c:	0400                	addi	s0,sp,512
    168e:	1ae8                	addi	a0,sp,380
    1690:	00000077          	.insn	4, 0x0077
    1694:	c001                	beqz	s0,1694 <__stack_align+0x1684>
    1696:	05000007          	.insn	4, 0x05000007
    169a:	132c                	addi	a1,sp,424
    169c:	004a                	c.slli	zero,0x12
    169e:	0000                	unimp
    16a0:	4b01                	li	s6,0
    16a2:	0005                	c.nop	1
    16a4:	0500                	addi	s0,sp,640
    16a6:	143c                	addi	a5,sp,552
    16a8:	0000006b          	.insn	4, 0x006b
    16ac:	9608                	.insn	2, 0x9608
    16ae:	0000                	unimp
    16b0:	0100                	addi	s0,sp,128
    16b2:	000006bb          	addw	a3,zero,zero
    16b6:	5205                	li	tp,-31
    16b8:	7e15                	lui	t3,0xfffe5
    16ba:	0000                	unimp
    16bc:	0100                	addi	s0,sp,128
    16be:	07e6                	slli	a5,a5,0x19
    16c0:	0000                	unimp
    16c2:	1b02                	slli	s6,s6,0x20
    16c4:	8a11                	andi	a2,a2,4
    16c6:	0000                	unimp
    16c8:	1400                	addi	s0,sp,544
    16ca:	000000b3          	add	ra,zero,zero
    16ce:	0415                	addi	s0,s0,5
    16d0:	db090603          	lb	a2,-592(s2) # db0 <__stack_align+0xda0>
    16d4:	0000                	unimp
    16d6:	1600                	addi	s0,sp,800
    16d8:	07cd                	addi	a5,a5,19 # 1579 <__stack_align+0x1569>
    16da:	0000                	unimp
    16dc:	b30e0703          	lb	a4,-1232(t3) # fffffffffffe4b30 <__heap_end+0xffffffff7ffbfb30>
    16e0:	0000                	unimp
    16e2:	0000                	unimp
    16e4:	0100                	addi	s0,sp,128
    16e6:	000007b3          	add	a5,zero,zero
    16ea:	c4030803          	lb	a6,-960(t1)
    16ee:	0000                	unimp
    16f0:	0900                	addi	s0,sp,144
    16f2:	052e                	slli	a0,a0,0xb
    16f4:	0000                	unimp
    16f6:	a206                	fsd	ft1,256(sp)
    16f8:	0000                	unimp
    16fa:	0900                	addi	s0,sp,144
    16fc:	0000053b          	addw	a0,zero,zero
    1700:	0000a207          	flw	ft4,0(ra)
    1704:	0a00                	addi	s0,sp,272
    1706:	000000e7          	jalr	zero # 0 <__boot_hart>
    170a:	40030907          	.insn	4, 0x40030907
    170e:	0049                	c.nop	18
    1710:	0080                	addi	s0,sp,64
    1712:	0000                	unimp
    1714:	0a00                	addi	s0,sp,272
    1716:	00f1                	addi	ra,ra,28
    1718:	0000                	unimp
    171a:	0908                	addi	a0,sp,144
    171c:	00494803          	lbu	a6,4(s2)
    1720:	0080                	addi	s0,sp,64
    1722:	0000                	unimp
    1724:	1700                	addi	s0,sp,928
    1726:	07c8                	addi	a0,sp,964
    1728:	0000                	unimp
    172a:	0a01                	addi	s4,s4,0
    172c:	0000db13          	srli	s6,ra,0x0
    1730:	0900                	addi	s0,sp,144
    1732:	004c4003          	lbu	zero,4(s8)
    1736:	0080                	addi	s0,sp,64
    1738:	0000                	unimp
    173a:	1800                	addi	s0,sp,48
    173c:	06ac                	addi	a1,sp,840
    173e:	0000                	unimp
    1740:	0c01                	addi	s8,s8,0
    1742:	6406                	ld	s0,64(sp)
    1744:	0000                	unimp
    1746:	9e00                	.insn	2, 0x9e00
    1748:	0080003f 4c000000 	.insn	8, 0x4c0000000080003f
    1750:	0000                	unimp
    1752:	0000                	unimp
    1754:	0000                	unimp
    1756:	0100                	addi	s0,sp,128
    1758:	899c                	.insn	2, 0x899c
    175a:	0002                	c.slli64	zero
    175c:	0500                	addi	s0,sp,640
    175e:	3061                	.insn	2, 0x3061
    1760:	1c00                	addi	s0,sp,560
    1762:	0096                	slli	ra,ra,0x5
    1764:	0000                	unimp
    1766:	053a                	slli	a0,a0,0xe
    1768:	0000                	unimp
    176a:	6119                	addi	sp,sp,384
    176c:	0031                	c.nop	12
    176e:	0c01                	addi	s8,s8,0
    1770:	9629                	srai	a2,a2,0x2a
    1772:	0000                	unimp
    1774:	0100                	addi	s0,sp,128
    1776:	3261055b          	.insn	4, 0x3261055b
    177a:	3600                	fld	fs0,40(a2)
    177c:	0096                	slli	ra,ra,0x5
    177e:	0000                	unimp
    1780:	0548                	addi	a0,sp,644
    1782:	0000                	unimp
    1784:	6e05                	lui	t3,0x1
    1786:	4800                	lw	s0,16(s0)
    1788:	00000077          	.insn	4, 0x0077
    178c:	055c                	addi	a5,sp,644
    178e:	0000                	unimp
    1790:	6675620b          	.insn	4, 0x6675620b
    1794:	0e00                	addi	s0,sp,784
    1796:	00029917          	auipc	s2,0x29
    179a:	0200                	addi	s0,sp,256
    179c:	4091                	li	ra,4
    179e:	0063730b          	.insn	4, 0x0063730b
    17a2:	00960e0f          	.insn	4, 0x00960e0f
    17a6:	0000                	unimp
    17a8:	5c01                	li	s8,-32
    17aa:	ba0c                	fsd	fa1,48(a2)
    17ac:	0002                	c.slli64	zero
    17ae:	b600                	fsd	fs0,40(a2)
    17b0:	0080003f 0c000000 	.insn	8, 0x0c0000000080003f
    17b8:	0000                	unimp
    17ba:	0000                	unimp
    17bc:	0000                	unimp
    17be:	1700                	addi	s0,sp,928
    17c0:	00000217          	auipc	tp,0x0
    17c4:	0002c503          	lbu	a0,0(t0)
    17c8:	6a00                	ld	s0,16(a2)
    17ca:	0005                	c.nop	1
    17cc:	1a00                	addi	s0,sp,304
    17ce:	000002eb          	.insn	4, 0x02eb
    17d2:	3fb6                	fld	ft11,360(sp)
    17d4:	8000                	.insn	2, 0x8000
    17d6:	0000                	unimp
    17d8:	0000                	unimp
    17da:	0068                	addi	a0,sp,12
    17dc:	0000                	unimp
    17de:	f90e1203          	lh	tp,-112(t3) # f90 <__stack_align+0xf80>
    17e2:	0001                	nop
    17e4:	0300                	addi	s0,sp,384
    17e6:	0302                	c.slli64	t1
    17e8:	0000                	unimp
    17ea:	0579                	addi	a0,a0,30
    17ec:	0000                	unimp
    17ee:	0002f903          	.insn	4, 0x0002f903
    17f2:	8100                	.insn	2, 0x8100
    17f4:	0005                	c.nop	1
    17f6:	1b00                	addi	s0,sp,432
    17f8:	0068                	addi	a0,sp,12
    17fa:	0000                	unimp
    17fc:	0b1c                	addi	a5,sp,400
    17fe:	00000003          	lb	zero,0(zero) # 0 <__boot_hart>
    1802:	0d00                	addi	s0,sp,656
    1804:	0316                	slli	t1,t1,0x5
    1806:	0000                	unimp
    1808:	3fb8                	fld	fa4,120(a5)
    180a:	8000                	.insn	2, 0x8000
    180c:	0000                	unimp
    180e:	0000                	unimp
    1810:	0002                	c.slli64	zero
    1812:	0000                	unimp
    1814:	0000                	unimp
    1816:	0000                	unimp
    1818:	1010                	addi	a2,sp,32
    181a:	241d                	addiw	s0,s0,7
    181c:	00000003          	lb	zero,0(zero) # 0 <__boot_hart>
    1820:	0e00                	addi	s0,sp,784
    1822:	00000333          	add	t1,zero,zero
    1826:	3fc2                	fld	ft11,48(sp)
    1828:	8000                	.insn	2, 0x8000
    182a:	0000                	unimp
    182c:	0000                	unimp
    182e:	0004                	.insn	2, 0x0004
    1830:	0000                	unimp
    1832:	0000                	unimp
    1834:	0000                	unimp
    1836:	0c18                	addi	a4,sp,528
    1838:	029e                	slli	t0,t0,0x7
    183a:	0000                	unimp
    183c:	3fdc                	fld	fa5,184(a5)
    183e:	8000                	.insn	2, 0x8000
    1840:	0000                	unimp
    1842:	0000                	unimp
    1844:	0004                	.insn	2, 0x0004
    1846:	0000                	unimp
    1848:	0000                	unimp
    184a:	0000                	unimp
    184c:	721c                	ld	a5,32(a2)
    184e:	0002                	c.slli64	zero
    1850:	0300                	addi	s0,sp,384
    1852:	02a9                	addi	t0,t0,10
    1854:	0000                	unimp
    1856:	0590                	addi	a2,sp,704
    1858:	0000                	unimp
    185a:	d10d                	beqz	a0,177c <__stack_align+0x176c>
    185c:	0002                	c.slli64	zero
    185e:	dc00                	sw	s0,56(s0)
    1860:	0080003f 04000000 	.insn	8, 0x040000000080003f
    1868:	0000                	unimp
    186a:	0000                	unimp
    186c:	0000                	unimp
    186e:	1700                	addi	s0,sp,928
    1870:	0305                	addi	t1,t1,1
    1872:	02dc                	addi	a5,sp,324
    1874:	0000                	unimp
    1876:	0590                	addi	a2,sp,704
    1878:	0000                	unimp
    187a:	0000                	unimp
    187c:	390e                	fld	fs2,224(sp)
    187e:	e0000003          	lb	zero,-512(zero) # fffffffffffffe00 <__heap_end+0xffffffff7ffdae00>
    1882:	0080003f 04000000 	.insn	8, 0x040000000080003f
    188a:	0000                	unimp
    188c:	0000                	unimp
    188e:	0000                	unimp
    1890:	1e00                	addi	s0,sp,816
    1892:	1e00                	addi	s0,sp,816
    1894:	00a2                	slli	ra,ra,0x8
    1896:	0000                	unimp
    1898:	0299                	addi	t0,t0,6
    189a:	0000                	unimp
    189c:	771f 0000 0700      	.insn	6, 0x07000000771f
    18a2:	0800                	addi	s0,sp,16
    18a4:	0289                	addi	t0,t0,2
    18a6:	0000                	unimp
    18a8:	0506                	slli	a0,a0,0x1
    18aa:	0008                	.insn	2, 0x0008
    18ac:	0300                	addi	s0,sp,384
    18ae:	b515                	j	16d2 <__stack_align+0x16c2>
    18b0:	0002                	c.slli64	zero
    18b2:	0f00                	addi	s0,sp,912
    18b4:	07cd                	addi	a5,a5,19
    18b6:	0000                	unimp
    18b8:	2c15                	addiw	s8,s8,5
    18ba:	02b5                	addi	t0,t0,13
    18bc:	0000                	unimp
    18be:	0700                	addi	s0,sp,896
    18c0:	000000db          	.insn	4, 0x00db
    18c4:	fb06                	sd	ra,432(sp)
    18c6:	03000007          	.insn	4, 0x03000007
    18ca:	d10c                	sw	a1,32(a0)
    18cc:	0002                	c.slli64	zero
    18ce:	0f00                	addi	s0,sp,912
    18d0:	07cd                	addi	a5,a5,19
    18d2:	0000                	unimp
    18d4:	2a0c                	fld	fa1,16(a2)
    18d6:	02b5                	addi	t0,t0,13
    18d8:	0000                	unimp
    18da:	0600                	addi	s0,sp,768
    18dc:	0811                	addi	a6,a6,4
    18de:	0000                	unimp
    18e0:	3c02                	fld	fs8,32(sp)
    18e2:	02e6                	slli	t0,t0,0x19
    18e4:	0000                	unimp
    18e6:	7004                	ld	s1,32(s0)
    18e8:	3c00                	fld	fs0,56(s0)
    18ea:	0002e633          	or	a2,t0,zero
    18ee:	0000                	unimp
    18f0:	0000b307          	fld	ft6,0(ra)
    18f4:	1000                	addi	s0,sp,32
    18f6:	07d2                	slli	a5,a5,0x14
    18f8:	0000                	unimp
    18fa:	6428                	ld	a0,72(s0)
    18fc:	0000                	unimp
    18fe:	1600                	addi	s0,sp,800
    1900:	04000003          	lb	zero,64(zero) # 40 <__stack_align+0x30>
    1904:	0070                	addi	a2,sp,12
    1906:	3228                	fld	fa0,96(a2)
    1908:	02e6                	slli	t0,t0,0x19
    190a:	0000                	unimp
    190c:	7604                	ld	s1,40(a2)
    190e:	2800                	fld	fs0,16(s0)
    1910:	b33e                	fsd	fa5,416(sp)
    1912:	0000                	unimp
    1914:	2000                	fld	fs0,0(s0)
    1916:	006e                	c.slli	zero,0x1b
    1918:	2a02                	fld	fs4,0(sp)
    191a:	640a                	ld	s0,128(sp)
    191c:	0000                	unimp
    191e:	0000                	unimp
    1920:	ef10                	sd	a2,24(a4)
    1922:	1d000007          	.insn	4, 0x1d000007
    1926:	0064                	addi	s1,sp,12
    1928:	0000                	unimp
    192a:	032e                	slli	t1,t1,0xb
    192c:	0000                	unimp
    192e:	7004                	ld	s1,32(s0)
    1930:	1d00                	addi	s0,sp,688
    1932:	2e30                	fld	fa2,88(a2)
    1934:	00000003          	lb	zero,0(zero) # 0 <__boot_hart>
    1938:	0000bf07          	fld	ft10,0(ra)
    193c:	1100                	addi	s0,sp,160
    193e:	00626d77          	.insn	4, 0x00626d77
    1942:	1116                	slli	sp,sp,0x25
    1944:	6d72                	ld	s10,280(sp)
    1946:	0062                	c.slli	zero,0x18
    1948:	0015                	c.nop	5

Disassembly of section .debug_abbrev:

0000000000000000 <.debug_abbrev>:
   0:	0501                	addi	a0,a0,0
   2:	4900                	lw	s0,16(a0)
   4:	02000013          	li	zero,32
   8:	0034                	addi	a3,sp,8
   a:	213a0e03          	lb	t3,531(s4)
   e:	3b01                	addiw	s6,s6,-32
  10:	1221390b          	.insn	4, 0x1221390b
  14:	1349                	addi	t1,t1,-14
  16:	0000                	unimp
  18:	0b002403          	lw	s0,176(zero) # b0 <__stack_align+0xa0>
  1c:	030b3e0b          	.insn	4, 0x030b3e0b
  20:	000e                	c.slli	zero,0x3
  22:	0400                	addi	s0,sp,512
  24:	012e                	slli	sp,sp,0xb
  26:	0e03193f 0b3b0b3a 	.insn	8, 0x0b3b0b3a0e03193f
  2e:	0b39                	addi	s6,s6,14
  30:	13491927          	.insn	4, 0x13491927
  34:	193c                	addi	a5,sp,184
  36:	1301                	addi	t1,t1,-32
  38:	0000                	unimp
  3a:	3405                	addiw	s0,s0,-31
  3c:	0300                	addi	s0,sp,384
  3e:	3a0e                	fld	fs4,224(sp)
  40:	0121                	addi	sp,sp,8
  42:	0b390b3b          	.insn	4, 0x0b390b3b
  46:	1349                	addi	t1,t1,-14
  48:	1802                	slli	a6,a6,0x20
  4a:	0000                	unimp
  4c:	0d06                	slli	s10,s10,0x1
  4e:	0300                	addi	s0,sp,384
  50:	3a0e                	fld	fs4,224(sp)
  52:	0121                	addi	sp,sp,8
  54:	21390b3b          	.insn	4, 0x21390b3b
  58:	490c                	lw	a1,16(a0)
  5a:	000b3813          	sltiu	a6,s6,0
  5e:	0700                	addi	s0,sp,896
  60:	0034                	addi	a3,sp,8
  62:	213a0803          	lb	a6,531(s4)
  66:	3b01                	addiw	s6,s6,-32
  68:	490b390b          	.insn	4, 0x490b390b
  6c:	00180213          	addi	tp,a6,1
  70:	0800                	addi	s0,sp,16
  72:	0034                	addi	a3,sp,8
  74:	213a0803          	lb	a6,531(s4)
  78:	3b01                	addiw	s6,s6,-32
  7a:	490b390b          	.insn	4, 0x490b390b
  7e:	00170213          	addi	tp,a4,1 # fffffffffffe6001 <__heap_end+0xffffffff7ffc1001>
  82:	0900                	addi	s0,sp,144
  84:	0026                	c.slli	zero,0x9
  86:	1349                	addi	t1,t1,-14
  88:	0000                	unimp
  8a:	160a                	slli	a2,a2,0x22
  8c:	0300                	addi	s0,sp,384
  8e:	3a0e                	fld	fs4,224(sp)
  90:	390b3b0b          	.insn	4, 0x390b3b0b
  94:	0013490b          	.insn	4, 0x0013490b
  98:	0b00                	addi	s0,sp,400
  9a:	210b000f          	.insn	4, 0x210b000f
  9e:	4908                	lw	a0,16(a0)
  a0:	0c000013          	li	zero,192
  a4:	000d                	c.nop	3
  a6:	213a0803          	lb	a6,531(s4)
  aa:	3b01                	addiw	s6,s6,-32
  ac:	0721                	addi	a4,a4,8
  ae:	0b39                	addi	s6,s6,14
  b0:	1349                	addi	t1,t1,-14
  b2:	0b38                	addi	a4,sp,408
  b4:	0000                	unimp
  b6:	0b0d                	addi	s6,s6,3
  b8:	1101                	addi	sp,sp,-32
  ba:	1201                	addi	tp,tp,-32 # 17a0 <__stack_align+0x1790>
  bc:	00130107          	.insn	4, 0x00130107
  c0:	0e00                	addi	s0,sp,784
  c2:	0148                	addi	a0,sp,132
  c4:	017d                	addi	sp,sp,31
  c6:	0000137f 0200490f 	.insn	12, 0x00187e180200490f0000137f
  ce:	00187e18 
  d2:	1000                	addi	s0,sp,32
  d4:	0021                	c.nop	8
  d6:	1349                	addi	t1,t1,-14
  d8:	0007212f          	amoadd.w	sp,zero,(a4)
  dc:	1100                	addi	s0,sp,160
  de:	0111                	addi	sp,sp,4
  e0:	0e25                	addi	t3,t3,9
  e2:	1f030b13          	addi	s6,t1,496
  e6:	17551f1b          	.insn	4, 0x17551f1b
  ea:	0111                	addi	sp,sp,4
  ec:	1710                	addi	a2,sp,928
  ee:	0000                	unimp
  f0:	2412                	fld	fs0,256(sp)
  f2:	0b00                	addi	s0,sp,400
  f4:	030b3e0b          	.insn	4, 0x030b3e0b
  f8:	0008                	.insn	2, 0x0008
  fa:	1300                	addi	s0,sp,416
  fc:	13490037          	lui	zero,0x13490
 100:	0000                	unimp
 102:	1314                	addi	a3,sp,416
 104:	0b01                	addi	s6,s6,0
 106:	3b0b3a0b          	.insn	4, 0x3b0b3a0b
 10a:	010b390b          	.insn	4, 0x010b390b
 10e:	15000013          	li	zero,336
 112:	0018                	.insn	2, 0x0018
 114:	0000                	unimp
 116:	2e16                	fld	ft8,320(sp)
 118:	3f01                	addiw	t5,t5,-32
 11a:	0319                	addi	t1,t1,6
 11c:	3a0e                	fld	fs4,224(sp)
 11e:	390b3b0b          	.insn	4, 0x390b3b0b
 122:	3c19270b          	.insn	4, 0x3c19270b
 126:	0119                	addi	sp,sp,6
 128:	17000013          	li	zero,368
 12c:	0101                	addi	sp,sp,0
 12e:	42870e03          	lb	t3,1064(a4)
 132:	4919                	li	s2,6
 134:	01193413          	sltiu	s0,s2,17
 138:	18000013          	li	zero,384
 13c:	0021                	c.nop	8
 13e:	0000182f          	.insn	4, 0x182f
 142:	2e19                	addiw	t3,t3,6
 144:	3f01                	addiw	t5,t5,-32
 146:	0319                	addi	t1,t1,6
 148:	3a0e                	fld	fs4,224(sp)
 14a:	390b3b0b          	.insn	4, 0x390b3b0b
 14e:	4919270b          	.insn	4, 0x4919270b
 152:	12011113          	.insn	4, 0x12011113
 156:	7a184007          	.insn	4, 0x7a184007
 15a:	0119                	addi	sp,sp,6
 15c:	1a000013          	li	zero,416
 160:	0034                	addi	a3,sp,8
 162:	0b3a0803          	lb	a6,179(s4)
 166:	0b390b3b          	.insn	4, 0x0b390b3b
 16a:	1349                	addi	t1,t1,-14
 16c:	0b1c                	addi	a5,sp,400
 16e:	0000                	unimp
 170:	0300341b          	.insn	4, 0x0300341b
 174:	3a08                	fld	fa0,48(a2)
 176:	390b3b0b          	.insn	4, 0x390b3b0b
 17a:	1c13490b          	.insn	4, 0x1c13490b
 17e:	000a                	c.slli	zero,0x2
 180:	1c00                	addi	s0,sp,560
 182:	0034                	addi	a3,sp,8
 184:	0b3a0e03          	lb	t3,179(s4)
 188:	0b390b3b          	.insn	4, 0x0b390b3b
 18c:	1349                	addi	t1,t1,-14
 18e:	0a1c                	addi	a5,sp,272
 190:	0000                	unimp
 192:	341d                	addiw	s0,s0,-25
 194:	0300                	addi	s0,sp,384
 196:	3a0e                	fld	fs4,224(sp)
 198:	390b3b0b          	.insn	4, 0x390b3b0b
 19c:	0213490b          	.insn	4, 0x0213490b
 1a0:	1e000017          	auipc	zero,0x1e000
 1a4:	1755010b          	.insn	4, 0x1755010b
 1a8:	1301                	addi	t1,t1,-32
 1aa:	0000                	unimp
 1ac:	011f 4901 0113      	.insn	6, 0x01134901011f
 1b2:	20000013          	li	zero,512
 1b6:	0101                	addi	sp,sp,0
 1b8:	1349                	addi	t1,t1,-14
 1ba:	0000                	unimp
 1bc:	0100                	addi	s0,sp,128
 1be:	0024                	addi	s1,sp,8
 1c0:	0b3e0b0b          	.insn	4, 0x0b3e0b0b
 1c4:	00000e03          	lb	t3,0(zero) # 0 <__boot_hart>
 1c8:	3402                	fld	fs0,32(sp)
 1ca:	0300                	addi	s0,sp,384
 1cc:	3a0e                	fld	fs4,224(sp)
 1ce:	0121                	addi	sp,sp,8
 1d0:	21390b3b          	.insn	4, 0x21390b3b
 1d4:	02134903          	lbu	s2,33(t1)
 1d8:	03000017          	auipc	zero,0x3000
 1dc:	0034                	addi	a3,sp,8
 1de:	213a0803          	lb	a6,531(s4)
 1e2:	3b01                	addiw	s6,s6,-32
 1e4:	490b390b          	.insn	4, 0x490b390b
 1e8:	00170213          	addi	tp,a4,1
 1ec:	0400                	addi	s0,sp,512
 1ee:	000d                	c.nop	3
 1f0:	0b3a0e03          	lb	t3,179(s4)
 1f4:	0b390b3b          	.insn	4, 0x0b390b3b
 1f8:	1349                	addi	t1,t1,-14
 1fa:	0b0d                	addi	s6,s6,3
 1fc:	00000b6b          	.insn	4, 0x0b6b
 200:	1305                	addi	t1,t1,-31
 202:	0b01                	addi	s6,s6,0
 204:	3b0b3a0b          	.insn	4, 0x3b0b3a0b
 208:	0321390b          	.insn	4, 0x0321390b
 20c:	1301                	addi	t1,t1,-32
 20e:	0000                	unimp
 210:	0d06                	slli	s10,s10,0x1
 212:	0300                	addi	s0,sp,384
 214:	3a0e                	fld	fs4,224(sp)
 216:	390b3b0b          	.insn	4, 0x390b3b0b
 21a:	0521                	addi	a0,a0,8
 21c:	1349                	addi	t1,t1,-14
 21e:	0000                	unimp
 220:	03003407          	fld	fs0,48(zero) # 30 <__stack_align+0x20>
 224:	3a0e                	fld	fs4,224(sp)
 226:	0121                	addi	sp,sp,8
 228:	21390b3b          	.insn	4, 0x21390b3b
 22c:	00134903          	lbu	s2,1(t1)
 230:	0800                	addi	s0,sp,16
 232:	0016                	c.slli	zero,0x5
 234:	0b3a0e03          	lb	t3,179(s4)
 238:	21390b3b          	.insn	4, 0x21390b3b
 23c:	0013490f          	.insn	4, 0x0013490f
 240:	0900                	addi	s0,sp,144
 242:	000d                	c.nop	3
 244:	0b3a0803          	lb	a6,179(s4)
 248:	21390b3b          	.insn	4, 0x21390b3b
 24c:	490e                	lw	s2,192(sp)
 24e:	6b0b0d13          	addi	s10,s6,1712
 252:	0a00000b          	.insn	4, 0x0a00000b
 256:	0e030117          	auipc	sp,0xe030
 25a:	0b3a0b0b          	.insn	4, 0x0b3a0b0b
 25e:	21390b3b          	.insn	4, 0x21390b3b
 262:	00130107          	.insn	4, 0x00130107
 266:	0b00                	addi	s0,sp,400
 268:	000d                	c.nop	3
 26a:	0b3a0803          	lb	a6,179(s4)
 26e:	21390b3b          	.insn	4, 0x21390b3b
 272:	490a                	lw	s2,128(sp)
 274:	0c000013          	li	zero,192
 278:	000d                	c.nop	3
 27a:	213a0803          	lb	a6,531(s4)
 27e:	390b3b03          	ld	s6,912(s6)
 282:	3813490b          	.insn	4, 0x3813490b
 286:	0d00000b          	.insn	4, 0x0d00000b
 28a:	0034                	addi	a3,sp,8
 28c:	213a0803          	lb	a6,531(s4)
 290:	3b01                	addiw	s6,s6,-32
 292:	0321390b          	.insn	4, 0x0321390b
 296:	1349                	addi	t1,t1,-14
 298:	0000                	unimp
 29a:	0b0e                	slli	s6,s6,0x3
 29c:	5501                	li	a0,-32
 29e:	00130117          	auipc	sp,0x130
 2a2:	0f00                	addi	s0,sp,912
 2a4:	0111                	addi	sp,sp,4 # 1302a2 <__heap_size+0x1102a2>
 2a6:	0e25                	addi	t3,t3,9
 2a8:	1f030b13          	addi	s6,t1,496
 2ac:	01111f1b          	slliw	t5,sp,0x11
 2b0:	0712                	slli	a4,a4,0x4
 2b2:	1710                	addi	a2,sp,928
 2b4:	0000                	unimp
 2b6:	2410                	fld	fa2,8(s0)
 2b8:	0b00                	addi	s0,sp,400
 2ba:	030b3e0b          	.insn	4, 0x030b3e0b
 2be:	0008                	.insn	2, 0x0008
 2c0:	1100                	addi	s0,sp,160
 2c2:	012e                	slli	sp,sp,0xb
 2c4:	0e03193f 0b3b0b3a 	.insn	8, 0x0b3b0b3a0e03193f
 2cc:	0b39                	addi	s6,s6,14
 2ce:	13491927          	.insn	4, 0x13491927
 2d2:	0111                	addi	sp,sp,4
 2d4:	0712                	slli	a4,a4,0x4
 2d6:	1840                	addi	s0,sp,52
 2d8:	197a                	slli	s2,s2,0x3e
 2da:	1301                	addi	t1,t1,-32
 2dc:	0000                	unimp
 2de:	0512                	slli	a0,a0,0x4
 2e0:	0300                	addi	s0,sp,384
 2e2:	3a08                	fld	fa0,48(a2)
 2e4:	390b3b0b          	.insn	4, 0x390b3b0b
 2e8:	0213490b          	.insn	4, 0x0213490b
 2ec:	13000017          	auipc	zero,0x13000
 2f0:	1755010b          	.insn	4, 0x1755010b
 2f4:	0000                	unimp
 2f6:	0b14                	addi	a3,sp,400
 2f8:	1101                	addi	sp,sp,-32
 2fa:	1201                	addi	tp,tp,-32 # ffffffffffffffe0 <__heap_end+0xffffffff7ffdafe0>
 2fc:	00000007          	.insn	4, 0x0007
 300:	2401                	sext.w	s0,s0
 302:	0b00                	addi	s0,sp,400
 304:	030b3e0b          	.insn	4, 0x030b3e0b
 308:	000e                	c.slli	zero,0x3
 30a:	0200                	addi	s0,sp,256
 30c:	0111                	addi	sp,sp,4
 30e:	0e25                	addi	t3,t3,9
 310:	1f030b13          	addi	s6,t1,496
 314:	01111f1b          	slliw	t5,sp,0x11
 318:	0712                	slli	a4,a4,0x4
 31a:	1710                	addi	a2,sp,928
 31c:	0000                	unimp
 31e:	0b002403          	lw	s0,176(zero) # b0 <__stack_align+0xa0>
 322:	030b3e0b          	.insn	4, 0x030b3e0b
 326:	0008                	.insn	2, 0x0008
 328:	0400                	addi	s0,sp,512
 32a:	002e                	c.slli	zero,0xb
 32c:	0e03193f 0b3b0b3a 	.insn	8, 0x0b3b0b3a0e03193f
 334:	0b39                	addi	s6,s6,14
 336:	13491927          	.insn	4, 0x13491927
 33a:	193c                	addi	a5,sp,184
 33c:	0000                	unimp
 33e:	0f05                	addi	t5,t5,1
 340:	0b00                	addi	s0,sp,400
 342:	0013490b          	.insn	4, 0x0013490b
 346:	0600                	addi	s0,sp,768
 348:	012e                	slli	sp,sp,0xb
 34a:	0e03193f 0b3b0b3a 	.insn	8, 0x0b3b0b3a0e03193f
 352:	0b39                	addi	s6,s6,14
 354:	13491927          	.insn	4, 0x13491927
 358:	0111                	addi	sp,sp,4
 35a:	0712                	slli	a4,a4,0x4
 35c:	1840                	addi	s0,sp,52
 35e:	197a                	slli	s2,s2,0x3e
 360:	0000                	unimp
 362:	03000507          	.insn	4, 0x03000507
 366:	3a0e                	fld	fs4,224(sp)
 368:	390b3b0b          	.insn	4, 0x390b3b0b
 36c:	0213490b          	.insn	4, 0x0213490b
 370:	08000017          	auipc	zero,0x8000
 374:	0048                	addi	a0,sp,4
 376:	017d                	addi	sp,sp,31
 378:	0000137f 00240100 	.insn	12, 0x0b3e0b0b002401000000137f
 380:	0b3e0b0b 
 384:	00000e03          	lb	t3,0(zero) # 0 <__boot_hart>
 388:	1602                	slli	a2,a2,0x20
 38a:	0300                	addi	s0,sp,384
 38c:	3a0e                	fld	fs4,224(sp)
 38e:	390b3b0b          	.insn	4, 0x390b3b0b
 392:	0013490b          	.insn	4, 0x0013490b
 396:	0300                	addi	s0,sp,384
 398:	0034                	addi	a3,sp,8
 39a:	213a0e03          	lb	t3,531(s4)
 39e:	3b04                	fld	fs1,48(a4)
 3a0:	1a21390b          	.insn	4, 0x1a21390b
 3a4:	1349                	addi	t1,t1,-14
 3a6:	193c193f 11040000 	.insn	8, 0x11040000193c193f
 3ae:	2501                	sext.w	a0,a0
 3b0:	130e                	slli	t1,t1,0x23
 3b2:	1b1f030b          	.insn	4, 0x1b1f030b
 3b6:	111f 1201 1007      	.insn	6, 0x10071201111f
 3bc:	05000017          	auipc	zero,0x5000
 3c0:	0024                	addi	s1,sp,8
 3c2:	0b3e0b0b          	.insn	4, 0x0b3e0b0b
 3c6:	00000803          	lb	a6,0(zero) # 0 <__boot_hart>
 3ca:	3506                	fld	fa0,96(sp)
 3cc:	4900                	lw	s0,16(a0)
 3ce:	07000013          	li	zero,112
 3d2:	012e                	slli	sp,sp,0xb
 3d4:	0e03193f 0b3b0b3a 	.insn	8, 0x0b3b0b3a0e03193f
 3dc:	0b39                	addi	s6,s6,14
 3de:	01871927          	.insn	4, 0x01871927
 3e2:	1119                	addi	sp,sp,-26
 3e4:	1201                	addi	tp,tp,-32 # ffffffffffffffe0 <__heap_end+0xffffffff7ffdafe0>
 3e6:	7a184007          	.insn	4, 0x7a184007
 3ea:	0019                	c.nop	6
 3ec:	0800                	addi	s0,sp,16
 3ee:	0005                	c.nop	1
 3f0:	0b3a0e03          	lb	t3,179(s4)
 3f4:	0b390b3b          	.insn	4, 0x0b390b3b
 3f8:	1349                	addi	t1,t1,-14
 3fa:	1802                	slli	a6,a6,0x20
 3fc:	0000                	unimp
 3fe:	3409                	addiw	s0,s0,-30
 400:	0300                	addi	s0,sp,384
 402:	3a08                	fld	fa0,48(a2)
 404:	390b3b0b          	.insn	4, 0x390b3b0b
 408:	0213490b          	.insn	4, 0x0213490b
 40c:	0018                	.insn	2, 0x0018
 40e:	0000                	unimp
 410:	1601                	addi	a2,a2,-32 # fe0 <__stack_align+0xfd0>
 412:	0300                	addi	s0,sp,384
 414:	3a0e                	fld	fs4,224(sp)
 416:	390b3b0b          	.insn	4, 0x390b3b0b
 41a:	0013490b          	.insn	4, 0x0013490b
 41e:	0200                	addi	s0,sp,256
 420:	000d                	c.nop	3
 422:	0b3a0e03          	lb	t3,179(s4)
 426:	0b390b3b          	.insn	4, 0x0b390b3b
 42a:	1349                	addi	t1,t1,-14
 42c:	0b38                	addi	a4,sp,408
 42e:	0000                	unimp
 430:	0b002403          	lw	s0,176(zero) # b0 <__stack_align+0xa0>
 434:	030b3e0b          	.insn	4, 0x030b3e0b
 438:	000e                	c.slli	zero,0x3
 43a:	0400                	addi	s0,sp,512
 43c:	0e030113          	addi	sp,t1,224
 440:	0b3a0b0b          	.insn	4, 0x0b3a0b0b
 444:	21390b3b          	.insn	4, 0x21390b3b
 448:	0108                	addi	a0,sp,128
 44a:	05000013          	li	zero,80
 44e:	210b000f          	.insn	4, 0x210b000f
 452:	4908                	lw	a0,16(a0)
 454:	06000013          	li	zero,96
 458:	0111                	addi	sp,sp,4
 45a:	0e25                	addi	t3,t3,9
 45c:	1f030b13          	addi	s6,t1,496
 460:	01111f1b          	slliw	t5,sp,0x11
 464:	0712                	slli	a4,a4,0x4
 466:	1710                	addi	a2,sp,928
 468:	0000                	unimp
 46a:	0b002407          	flw	fs0,176(zero) # b0 <__stack_align+0xa0>
 46e:	030b3e0b          	.insn	4, 0x030b3e0b
 472:	0008                	.insn	2, 0x0008
 474:	0800                	addi	s0,sp,16
 476:	0101                	addi	sp,sp,0
 478:	1349                	addi	t1,t1,-14
 47a:	1301                	addi	t1,t1,-32
 47c:	0000                	unimp
 47e:	2109                	addiw	sp,sp,2
 480:	4900                	lw	s0,16(a0)
 482:	000b2f13          	slti	t5,s6,0
 486:	0a00                	addi	s0,sp,272
 488:	002e                	c.slli	zero,0xb
 48a:	0e03193f 0b3b0b3a 	.insn	8, 0x0b3b0b3a0e03193f
 492:	0b39                	addi	s6,s6,14
 494:	13491927          	.insn	4, 0x13491927
 498:	193c                	addi	a5,sp,184
 49a:	0000                	unimp
 49c:	3f012e0b          	.insn	4, 0x3f012e0b
 4a0:	0319                	addi	t1,t1,6
 4a2:	3a0e                	fld	fs4,224(sp)
 4a4:	390b3b0b          	.insn	4, 0x390b3b0b
 4a8:	4919270b          	.insn	4, 0x4919270b
 4ac:	12011113          	.insn	4, 0x12011113
 4b0:	7a184007          	.insn	4, 0x7a184007
 4b4:	0119                	addi	sp,sp,6
 4b6:	0c000013          	li	zero,192
 4ba:	0005                	c.nop	1
 4bc:	0b3a0e03          	lb	t3,179(s4)
 4c0:	0b390b3b          	.insn	4, 0x0b390b3b
 4c4:	1349                	addi	t1,t1,-14
 4c6:	1702                	slli	a4,a4,0x20
 4c8:	0000                	unimp
 4ca:	050d                	addi	a0,a0,3
 4cc:	0300                	addi	s0,sp,384
 4ce:	3a08                	fld	fa0,48(a2)
 4d0:	390b3b0b          	.insn	4, 0x390b3b0b
 4d4:	0213490b          	.insn	4, 0x0213490b
 4d8:	0e000017          	auipc	zero,0xe000
 4dc:	0048                	addi	a0,sp,4
 4de:	017d                	addi	sp,sp,31
 4e0:	0000137f 00240100 	.insn	12, 0x0b3e0b0b002401000000137f
 4e8:	0b3e0b0b 
 4ec:	00000e03          	lb	t3,0(zero) # 0 <__boot_hart>
 4f0:	1102                	slli	sp,sp,0x20
 4f2:	2501                	sext.w	a0,a0
 4f4:	130e                	slli	t1,t1,0x23
 4f6:	1b1f030b          	.insn	4, 0x1b1f030b
 4fa:	111f 1201 1007      	.insn	6, 0x10071201111f
 500:	03000017          	auipc	zero,0x3000
 504:	0024                	addi	s1,sp,8
 506:	0b3e0b0b          	.insn	4, 0x0b3e0b0b
 50a:	00000803          	lb	a6,0(zero) # 0 <__boot_hart>
 50e:	2e04                	fld	fs1,24(a2)
 510:	3f00                	fld	fs0,56(a4)
 512:	0319                	addi	t1,t1,6
 514:	3a0e                	fld	fs4,224(sp)
 516:	390b3b0b          	.insn	4, 0x390b3b0b
 51a:	4919270b          	.insn	4, 0x4919270b
 51e:	12011113          	.insn	4, 0x12011113
 522:	7a184007          	.insn	4, 0x7a184007
 526:	0019                	c.nop	6
 528:	0000                	unimp
 52a:	2401                	sext.w	s0,s0
 52c:	0b00                	addi	s0,sp,400
 52e:	030b3e0b          	.insn	4, 0x030b3e0b
 532:	000e                	c.slli	zero,0x3
 534:	0200                	addi	s0,sp,256
 536:	0111                	addi	sp,sp,4
 538:	0e25                	addi	t3,t3,9
 53a:	1f030b13          	addi	s6,t1,496
 53e:	01111f1b          	slliw	t5,sp,0x11
 542:	0712                	slli	a4,a4,0x4
 544:	1710                	addi	a2,sp,928
 546:	0000                	unimp
 548:	0b002403          	lw	s0,176(zero) # b0 <__stack_align+0xa0>
 54c:	030b3e0b          	.insn	4, 0x030b3e0b
 550:	0008                	.insn	2, 0x0008
 552:	0400                	addi	s0,sp,512
 554:	012e                	slli	sp,sp,0xb
 556:	0e03193f 0b3b0b3a 	.insn	8, 0x0b3b0b3a0e03193f
 55e:	0b39                	addi	s6,s6,14
 560:	13491927          	.insn	4, 0x13491927
 564:	0111                	addi	sp,sp,4
 566:	0712                	slli	a4,a4,0x4
 568:	1840                	addi	s0,sp,52
 56a:	197a                	slli	s2,s2,0x3e
 56c:	0000                	unimp
 56e:	0505                	addi	a0,a0,1
 570:	0300                	addi	s0,sp,384
 572:	3a0e                	fld	fs4,224(sp)
 574:	390b3b0b          	.insn	4, 0x390b3b0b
 578:	0213490b          	.insn	4, 0x0213490b
 57c:	00000017          	auipc	zero,0x0
 580:	2401                	sext.w	s0,s0
 582:	0b00                	addi	s0,sp,400
 584:	030b3e0b          	.insn	4, 0x030b3e0b
 588:	000e                	c.slli	zero,0x3
 58a:	0200                	addi	s0,sp,256
 58c:	0005                	c.nop	1
 58e:	213a0803          	lb	a6,531(s4)
 592:	3b01                	addiw	s6,s6,-32
 594:	0421                	addi	s0,s0,8
 596:	0b39                	addi	s6,s6,14
 598:	1349                	addi	t1,t1,-14
 59a:	1702                	slli	a4,a4,0x20
 59c:	0000                	unimp
 59e:	25011103          	lh	sp,592(sp)
 5a2:	130e                	slli	t1,t1,0x23
 5a4:	1b1f030b          	.insn	4, 0x1b1f030b
 5a8:	111f 1201 1007      	.insn	6, 0x10071201111f
 5ae:	04000017          	auipc	zero,0x4000
 5b2:	0024                	addi	s1,sp,8
 5b4:	0b3e0b0b          	.insn	4, 0x0b3e0b0b
 5b8:	00000803          	lb	a6,0(zero) # 0 <__boot_hart>
 5bc:	2e05                	addiw	t3,t3,1
 5be:	3f00                	fld	fs0,56(a4)
 5c0:	0319                	addi	t1,t1,6
 5c2:	3a0e                	fld	fs4,224(sp)
 5c4:	390b3b0b          	.insn	4, 0x390b3b0b
 5c8:	4919270b          	.insn	4, 0x4919270b
 5cc:	00193c13          	seqz	s8,s2
 5d0:	0600                	addi	s0,sp,768
 5d2:	0b0b000f          	.insn	4, 0x0b0b000f
 5d6:	1349                	addi	t1,t1,-14
 5d8:	0000                	unimp
 5da:	3f012e07          	flw	ft8,1008(sp)
 5de:	0319                	addi	t1,t1,6
 5e0:	3a0e                	fld	fs4,224(sp)
 5e2:	390b3b0b          	.insn	4, 0x390b3b0b
 5e6:	4919270b          	.insn	4, 0x4919270b
 5ea:	12011113          	.insn	4, 0x12011113
 5ee:	7a184007          	.insn	4, 0x7a184007
 5f2:	0019                	c.nop	6
 5f4:	0800                	addi	s0,sp,16
 5f6:	0048                	addi	a0,sp,4
 5f8:	017d                	addi	sp,sp,31
 5fa:	0000137f 00240100 	.insn	12, 0x0b3e0b0b002401000000137f
 602:	0b3e0b0b 
 606:	00000e03          	lb	t3,0(zero) # 0 <__boot_hart>
 60a:	1602                	slli	a2,a2,0x20
 60c:	0300                	addi	s0,sp,384
 60e:	3a0e                	fld	fs4,224(sp)
 610:	390b3b0b          	.insn	4, 0x390b3b0b
 614:	0013490b          	.insn	4, 0x0013490b
 618:	0300                	addi	s0,sp,384
 61a:	0005                	c.nop	1
 61c:	213a0803          	lb	a6,531(s4)
 620:	3b01                	addiw	s6,s6,-32
 622:	0521                	addi	a0,a0,8
 624:	0b39                	addi	s6,s6,14
 626:	1349                	addi	t1,t1,-14
 628:	1702                	slli	a4,a4,0x20
 62a:	0000                	unimp
 62c:	1104                	addi	s1,sp,160
 62e:	2501                	sext.w	a0,a0
 630:	130e                	slli	t1,t1,0x23
 632:	1b1f030b          	.insn	4, 0x1b1f030b
 636:	111f 1201 1007      	.insn	6, 0x10071201111f
 63c:	05000017          	auipc	zero,0x5000
 640:	0024                	addi	s1,sp,8
 642:	0b3e0b0b          	.insn	4, 0x0b3e0b0b
 646:	00000803          	lb	a6,0(zero) # 0 <__boot_hart>
 64a:	2e06                	fld	ft8,64(sp)
 64c:	3f00                	fld	fs0,56(a4)
 64e:	0319                	addi	t1,t1,6
 650:	3a0e                	fld	fs4,224(sp)
 652:	390b3b0b          	.insn	4, 0x390b3b0b
 656:	4919270b          	.insn	4, 0x4919270b
 65a:	00193c13          	seqz	s8,s2
 65e:	0700                	addi	s0,sp,896
 660:	0b0b000f          	.insn	4, 0x0b0b000f
 664:	1349                	addi	t1,t1,-14
 666:	0000                	unimp
 668:	2e08                	fld	fa0,24(a2)
 66a:	3f01                	addiw	t5,t5,-32
 66c:	0319                	addi	t1,t1,6
 66e:	3a0e                	fld	fs4,224(sp)
 670:	390b3b0b          	.insn	4, 0x390b3b0b
 674:	4919270b          	.insn	4, 0x4919270b
 678:	12011113          	.insn	4, 0x12011113
 67c:	7a184007          	.insn	4, 0x7a184007
 680:	0019                	c.nop	6
 682:	0900                	addi	s0,sp,144
 684:	0005                	c.nop	1
 686:	0b3a0e03          	lb	t3,179(s4)
 68a:	0b390b3b          	.insn	4, 0x0b390b3b
 68e:	1349                	addi	t1,t1,-14
 690:	1702                	slli	a4,a4,0x20
 692:	0000                	unimp
 694:	480a                	lw	a6,128(sp)
 696:	7d00                	ld	s0,56(a0)
 698:	7f01                	lui	t5,0xfffe0
 69a:	00000013          	nop
 69e:	2401                	sext.w	s0,s0
 6a0:	0b00                	addi	s0,sp,400
 6a2:	030b3e0b          	.insn	4, 0x030b3e0b
 6a6:	000e                	c.slli	zero,0x3
 6a8:	0200                	addi	s0,sp,256
 6aa:	0016                	c.slli	zero,0x5
 6ac:	0b3a0e03          	lb	t3,179(s4)
 6b0:	0b390b3b          	.insn	4, 0x0b390b3b
 6b4:	1349                	addi	t1,t1,-14
 6b6:	0000                	unimp
 6b8:	03000503          	lb	a0,48(zero) # 30 <__stack_align+0x20>
 6bc:	3a08                	fld	fa0,48(a2)
 6be:	0121                	addi	sp,sp,8
 6c0:	3905213b          	.insn	4, 0x3905213b
 6c4:	0213490b          	.insn	4, 0x0213490b
 6c8:	04000017          	auipc	zero,0x4000
 6cc:	0111                	addi	sp,sp,4
 6ce:	0e25                	addi	t3,t3,9
 6d0:	1f030b13          	addi	s6,t1,496
 6d4:	01111f1b          	slliw	t5,sp,0x11
 6d8:	0712                	slli	a4,a4,0x4
 6da:	1710                	addi	a2,sp,928
 6dc:	0000                	unimp
 6de:	2405                	addiw	s0,s0,1
 6e0:	0b00                	addi	s0,sp,400
 6e2:	030b3e0b          	.insn	4, 0x030b3e0b
 6e6:	0008                	.insn	2, 0x0008
 6e8:	0600                	addi	s0,sp,768
 6ea:	0b0b000f          	.insn	4, 0x0b0b000f
 6ee:	0000                	unimp
 6f0:	3f002e07          	flw	ft8,1008(zero) # 3f0 <__stack_align+0x3e0>
 6f4:	0319                	addi	t1,t1,6
 6f6:	3a0e                	fld	fs4,224(sp)
 6f8:	390b3b0b          	.insn	4, 0x390b3b0b
 6fc:	4919270b          	.insn	4, 0x4919270b
 700:	00193c13          	seqz	s8,s2
 704:	0800                	addi	s0,sp,16
 706:	0b0b000f          	.insn	4, 0x0b0b000f
 70a:	1349                	addi	t1,t1,-14
 70c:	0000                	unimp
 70e:	2e09                	addiw	t3,t3,2
 710:	3f01                	addiw	t5,t5,-32 # fffffffffffdffe0 <__heap_end+0xffffffff7ffbafe0>
 712:	0319                	addi	t1,t1,6
 714:	3a0e                	fld	fs4,224(sp)
 716:	390b3b0b          	.insn	4, 0x390b3b0b
 71a:	4919270b          	.insn	4, 0x4919270b
 71e:	12011113          	.insn	4, 0x12011113
 722:	7a184007          	.insn	4, 0x7a184007
 726:	0019                	c.nop	6
 728:	0a00                	addi	s0,sp,272
 72a:	0005                	c.nop	1
 72c:	0b3a0e03          	lb	t3,179(s4)
 730:	0b390b3b          	.insn	4, 0x0b390b3b
 734:	1349                	addi	t1,t1,-14
 736:	1702                	slli	a4,a4,0x20
 738:	0000                	unimp
 73a:	7d00480b          	.insn	4, 0x7d00480b
 73e:	7f01                	lui	t5,0xfffe0
 740:	00000013          	nop
 744:	2401                	sext.w	s0,s0
 746:	0b00                	addi	s0,sp,400
 748:	030b3e0b          	.insn	4, 0x030b3e0b
 74c:	000e                	c.slli	zero,0x3
 74e:	0200                	addi	s0,sp,256
 750:	210b000f          	.insn	4, 0x210b000f
 754:	4908                	lw	a0,16(a0)
 756:	03000013          	li	zero,48
 75a:	0034                	addi	a3,sp,8
 75c:	213a0e03          	lb	t3,531(s4)
 760:	3b01                	addiw	s6,s6,-32
 762:	490b390b          	.insn	4, 0x490b390b
 766:	3c193f13          	sltiu	t5,s2,961
 76a:	0019                	c.nop	6
 76c:	0400                	addi	s0,sp,512
 76e:	0034                	addi	a3,sp,8
 770:	213a0e03          	lb	t3,531(s4)
 774:	3b01                	addiw	s6,s6,-32
 776:	0b21390b          	.insn	4, 0x0b21390b
 77a:	1349                	addi	t1,t1,-14
 77c:	1702                	slli	a4,a4,0x20
 77e:	0000                	unimp
 780:	1105                	addi	sp,sp,-31
 782:	2501                	sext.w	a0,a0
 784:	130e                	slli	t1,t1,0x23
 786:	1b1f030b          	.insn	4, 0x1b1f030b
 78a:	111f 1201 1007      	.insn	6, 0x10071201111f
 790:	06000017          	auipc	zero,0x6000
 794:	0016                	c.slli	zero,0x5
 796:	0b3a0e03          	lb	t3,179(s4)
 79a:	0b390b3b          	.insn	4, 0x0b390b3b
 79e:	1349                	addi	t1,t1,-14
 7a0:	0000                	unimp
 7a2:	0b002407          	flw	fs0,176(zero) # b0 <__stack_align+0xa0>
 7a6:	030b3e0b          	.insn	4, 0x030b3e0b
 7aa:	0008                	.insn	2, 0x0008
 7ac:	0800                	addi	s0,sp,16
 7ae:	0b0b000f          	.insn	4, 0x0b0b000f
 7b2:	0000                	unimp
 7b4:	0109                	addi	sp,sp,2
 7b6:	4901                	li	s2,0
 7b8:	00130113          	addi	sp,t1,1
 7bc:	0a00                	addi	s0,sp,272
 7be:	0021                	c.nop	8
 7c0:	0000                	unimp
 7c2:	0300340b          	.insn	4, 0x0300340b
 7c6:	3a0e                	fld	fs4,224(sp)
 7c8:	390b3b0b          	.insn	4, 0x390b3b0b
 7cc:	0213490b          	.insn	4, 0x0213490b
 7d0:	0018                	.insn	2, 0x0018
 7d2:	0c00                	addi	s0,sp,528
 7d4:	002e                	c.slli	zero,0xb
 7d6:	0e03193f 0b3b0b3a 	.insn	8, 0x0b3b0b3a0e03193f
 7de:	0b39                	addi	s6,s6,14
 7e0:	13491927          	.insn	4, 0x13491927
 7e4:	193c                	addi	a5,sp,184
 7e6:	0000                	unimp
 7e8:	2e0d                	addiw	t3,t3,3
 7ea:	3f01                	addiw	t5,t5,-32 # fffffffffffdffe0 <__heap_end+0xffffffff7ffbafe0>
 7ec:	0319                	addi	t1,t1,6
 7ee:	3a0e                	fld	fs4,224(sp)
 7f0:	390b3b0b          	.insn	4, 0x390b3b0b
 7f4:	4919270b          	.insn	4, 0x4919270b
 7f8:	12011113          	.insn	4, 0x12011113
 7fc:	7a184007          	.insn	4, 0x7a184007
 800:	0019                	c.nop	6
 802:	0e00                	addi	s0,sp,784
 804:	0005                	c.nop	1
 806:	0b3a0e03          	lb	t3,179(s4)
 80a:	0b390b3b          	.insn	4, 0x0b390b3b
 80e:	1349                	addi	t1,t1,-14
 810:	1702                	slli	a4,a4,0x20
 812:	0000                	unimp
 814:	7d00480f          	.insn	4, 0x7d00480f
 818:	7f01                	lui	t5,0xfffe0
 81a:	00000013          	nop
 81e:	2401                	sext.w	s0,s0
 820:	0b00                	addi	s0,sp,400
 822:	030b3e0b          	.insn	4, 0x030b3e0b
 826:	000e                	c.slli	zero,0x3
 828:	0200                	addi	s0,sp,256
 82a:	0016                	c.slli	zero,0x5
 82c:	0b3a0e03          	lb	t3,179(s4)
 830:	0b390b3b          	.insn	4, 0x0b390b3b
 834:	1349                	addi	t1,t1,-14
 836:	0000                	unimp
 838:	49000503          	lb	a0,1168(zero) # 490 <__stack_align+0x480>
 83c:	04000013          	li	zero,64
 840:	0049                	c.nop	18
 842:	1802                	slli	a6,a6,0x20
 844:	187e                	slli	a6,a6,0x3f
 846:	0000                	unimp
 848:	0505                	addi	a0,a0,1
 84a:	0300                	addi	s0,sp,384
 84c:	3a08                	fld	fa0,48(a2)
 84e:	0121                	addi	sp,sp,8
 850:	3906213b          	.insn	4, 0x3906213b
 854:	0213490b          	.insn	4, 0x0213490b
 858:	06000017          	auipc	zero,0x6000
 85c:	0111                	addi	sp,sp,4
 85e:	0e25                	addi	t3,t3,9
 860:	1f030b13          	addi	s6,t1,496
 864:	01111f1b          	slliw	t5,sp,0x11
 868:	0712                	slli	a4,a4,0x4
 86a:	1710                	addi	a2,sp,928
 86c:	0000                	unimp
 86e:	0b002407          	flw	fs0,176(zero) # b0 <__stack_align+0xa0>
 872:	030b3e0b          	.insn	4, 0x030b3e0b
 876:	0008                	.insn	2, 0x0008
 878:	0800                	addi	s0,sp,16
 87a:	012e                	slli	sp,sp,0xb
 87c:	0e03193f 0b3b0b3a 	.insn	8, 0x0b3b0b3a0e03193f
 884:	0b39                	addi	s6,s6,14
 886:	13491927          	.insn	4, 0x13491927
 88a:	193c                	addi	a5,sp,184
 88c:	1301                	addi	t1,t1,-32
 88e:	0000                	unimp
 890:	2e09                	addiw	t3,t3,2
 892:	3f01                	addiw	t5,t5,-32 # fffffffffffdffe0 <__heap_end+0xffffffff7ffbafe0>
 894:	0319                	addi	t1,t1,6
 896:	3a0e                	fld	fs4,224(sp)
 898:	390b3b0b          	.insn	4, 0x390b3b0b
 89c:	4919270b          	.insn	4, 0x4919270b
 8a0:	12011113          	.insn	4, 0x12011113
 8a4:	7a184007          	.insn	4, 0x7a184007
 8a8:	0119                	addi	sp,sp,6
 8aa:	0a000013          	li	zero,160
 8ae:	0148                	addi	a0,sp,132
 8b0:	017d                	addi	sp,sp,31
 8b2:	0182                	c.slli64	gp
 8b4:	7f19                	lui	t5,0xfffe6
 8b6:	0b000013          	li	zero,176
 8ba:	0b0b000f          	.insn	4, 0x0b0b000f
 8be:	1349                	addi	t1,t1,-14
 8c0:	0000                	unimp
 8c2:	260c                	fld	fa1,8(a2)
 8c4:	0000                	unimp
 8c6:	0000                	unimp
 8c8:	1101                	addi	sp,sp,-32
 8ca:	1000                	addi	s0,sp,32
 8cc:	12011117          	auipc	sp,0x12011
 8d0:	1b0e030f          	.insn	4, 0x1b0e030f
 8d4:	250e                	fld	fa0,192(sp)
 8d6:	130e                	slli	t1,t1,0x23
 8d8:	0005                	c.nop	1
 8da:	0000                	unimp
 8dc:	1101                	addi	sp,sp,-32 # 120118ac <__heap_size+0x11ff18ac>
 8de:	1000                	addi	s0,sp,32
 8e0:	12011117          	auipc	sp,0x12011
 8e4:	1b0e030f          	.insn	4, 0x1b0e030f
 8e8:	250e                	fld	fa0,192(sp)
 8ea:	130e                	slli	t1,t1,0x23
 8ec:	0005                	c.nop	1
 8ee:	0000                	unimp
 8f0:	2401                	sext.w	s0,s0
 8f2:	0b00                	addi	s0,sp,400
 8f4:	030b3e0b          	.insn	4, 0x030b3e0b
 8f8:	000e                	c.slli	zero,0x3
 8fa:	0200                	addi	s0,sp,256
 8fc:	0016                	c.slli	zero,0x5
 8fe:	0b3a0e03          	lb	t3,179(s4)
 902:	0b390b3b          	.insn	4, 0x0b390b3b
 906:	1349                	addi	t1,t1,-14
 908:	0000                	unimp
 90a:	03000503          	lb	a0,48(zero) # 30 <__stack_align+0x20>
 90e:	3a0e                	fld	fs4,224(sp)
 910:	0121                	addi	sp,sp,8 # 120118e8 <__heap_size+0x11ff18e8>
 912:	3904213b          	.insn	4, 0x3904213b
 916:	0213490b          	.insn	4, 0x0213490b
 91a:	04000017          	auipc	zero,0x4000
 91e:	0111                	addi	sp,sp,4
 920:	0e25                	addi	t3,t3,9
 922:	1f030b13          	addi	s6,t1,496
 926:	01111f1b          	slliw	t5,sp,0x11
 92a:	0712                	slli	a4,a4,0x4
 92c:	1710                	addi	a2,sp,928
 92e:	0000                	unimp
 930:	2405                	addiw	s0,s0,1
 932:	0b00                	addi	s0,sp,400
 934:	030b3e0b          	.insn	4, 0x030b3e0b
 938:	0008                	.insn	2, 0x0008
 93a:	0600                	addi	s0,sp,768
 93c:	012e                	slli	sp,sp,0xb
 93e:	0e03193f 0b3b0b3a 	.insn	8, 0x0b3b0b3a0e03193f
 946:	0b39                	addi	s6,s6,14
 948:	01871927          	.insn	4, 0x01871927
 94c:	3c19                	addiw	s8,s8,-26
 94e:	0119                	addi	sp,sp,6
 950:	07000013          	li	zero,112
 954:	0005                	c.nop	1
 956:	1349                	addi	t1,t1,-14
 958:	0000                	unimp
 95a:	2e08                	fld	fa0,24(a2)
 95c:	3f01                	addiw	t5,t5,-32 # fffffffffffe5fe0 <__heap_end+0xffffffff7ffc0fe0>
 95e:	0319                	addi	t1,t1,6
 960:	3a0e                	fld	fs4,224(sp)
 962:	390b3b0b          	.insn	4, 0x390b3b0b
 966:	1119270b          	.insn	4, 0x1119270b
 96a:	1201                	addi	tp,tp,-32 # ffffffffffffffe0 <__heap_end+0xffffffff7ffdafe0>
 96c:	7a184007          	.insn	4, 0x7a184007
 970:	0119                	addi	sp,sp,6
 972:	09000013          	li	zero,144
 976:	0005                	c.nop	1
 978:	0b3a0803          	lb	a6,179(s4)
 97c:	0b390b3b          	.insn	4, 0x0b390b3b
 980:	1349                	addi	t1,t1,-14
 982:	1702                	slli	a4,a4,0x20
 984:	0000                	unimp
 986:	340a                	fld	fs0,160(sp)
 988:	0300                	addi	s0,sp,384
 98a:	3a0e                	fld	fs4,224(sp)
 98c:	390b3b0b          	.insn	4, 0x390b3b0b
 990:	0213490b          	.insn	4, 0x0213490b
 994:	0b000017          	auipc	zero,0xb000
 998:	0048                	addi	a0,sp,4
 99a:	017d                	addi	sp,sp,31
 99c:	0000137f 0b000f0c 	.insn	12, 0x0013490b0b000f0c0000137f
 9a4:	0013490b 
 9a8:	0000                	unimp
 9aa:	2401                	sext.w	s0,s0
 9ac:	0b00                	addi	s0,sp,400
 9ae:	030b3e0b          	.insn	4, 0x030b3e0b
 9b2:	000e                	c.slli	zero,0x3
 9b4:	0200                	addi	s0,sp,256
 9b6:	0005                	c.nop	1
 9b8:	1349                	addi	t1,t1,-14
 9ba:	0000                	unimp
 9bc:	03003403          	ld	s0,48(zero) # 30 <__stack_align+0x20>
 9c0:	3a0e                	fld	fs4,224(sp)
 9c2:	0121                	addi	sp,sp,8
 9c4:	21390b3b          	.insn	4, 0x21390b3b
 9c8:	4911                	li	s2,4
 9ca:	3c193f13          	sltiu	t5,s2,961
 9ce:	0019                	c.nop	6
 9d0:	0400                	addi	s0,sp,512
 9d2:	13490037          	lui	zero,0x13490
 9d6:	0000                	unimp
 9d8:	0f05                	addi	t5,t5,1
 9da:	0b00                	addi	s0,sp,400
 9dc:	0821                	addi	a6,a6,8
 9de:	1349                	addi	t1,t1,-14
 9e0:	0000                	unimp
 9e2:	2e06                	fld	ft8,64(sp)
 9e4:	3f01                	addiw	t5,t5,-32
 9e6:	0319                	addi	t1,t1,6
 9e8:	3a0e                	fld	fs4,224(sp)
 9ea:	0221                	addi	tp,tp,8 # 8 <__boot_hart+0x8>
 9ec:	21390b3b          	.insn	4, 0x21390b3b
 9f0:	2709                	addiw	a4,a4,2
 9f2:	4919                	li	s2,6
 9f4:	01193c13          	sltiu	s8,s2,17
 9f8:	07000013          	li	zero,112
 9fc:	0049                	c.nop	18
 9fe:	1802                	slli	a6,a6,0x20
 a00:	187e                	slli	a6,a6,0x3f
 a02:	0000                	unimp
 a04:	1108                	addi	a0,sp,160
 a06:	2501                	sext.w	a0,a0
 a08:	130e                	slli	t1,t1,0x23
 a0a:	1b1f030b          	.insn	4, 0x1b1f030b
 a0e:	111f 1201 1007      	.insn	6, 0x10071201111f
 a14:	09000017          	auipc	zero,0x9000
 a18:	0016                	c.slli	zero,0x5
 a1a:	0b3a0e03          	lb	t3,179(s4)
 a1e:	0b390b3b          	.insn	4, 0x0b390b3b
 a22:	1349                	addi	t1,t1,-14
 a24:	0000                	unimp
 a26:	240a                	fld	fs0,128(sp)
 a28:	0b00                	addi	s0,sp,400
 a2a:	030b3e0b          	.insn	4, 0x030b3e0b
 a2e:	0008                	.insn	2, 0x0008
 a30:	0b00                	addi	s0,sp,400
 a32:	0b0b000f          	.insn	4, 0x0b0b000f
 a36:	0000                	unimp
 a38:	260c                	fld	fa1,8(a2)
 a3a:	0000                	unimp
 a3c:	0d00                	addi	s0,sp,656
 a3e:	012e                	slli	sp,sp,0xb
 a40:	0e03193f 0b3b0b3a 	.insn	8, 0x0b3b0b3a0e03193f
 a48:	0b39                	addi	s6,s6,14
 a4a:	01111927          	.insn	4, 0x01111927
 a4e:	0712                	slli	a4,a4,0x4
 a50:	1840                	addi	s0,sp,52
 a52:	197a                	slli	s2,s2,0x3e
 a54:	1301                	addi	t1,t1,-32
 a56:	0000                	unimp
 a58:	340e                	fld	fs0,224(sp)
 a5a:	0300                	addi	s0,sp,384
 a5c:	3a0e                	fld	fs4,224(sp)
 a5e:	390b3b0b          	.insn	4, 0x390b3b0b
 a62:	0213490b          	.insn	4, 0x0213490b
 a66:	0018                	.insn	2, 0x0018
 a68:	0f00                	addi	s0,sp,912
 a6a:	0148                	addi	a0,sp,132
 a6c:	017d                	addi	sp,sp,31
 a6e:	1301137f 48100000 	.insn	12, 0x82017d01481000001301137f
 a76:	82017d01 
 a7a:	1901                	addi	s2,s2,-32 # 2a776 <__heap_size+0xa776>
 a7c:	0000137f 49010111 	.insn	12, 0x12000013490101110000137f
 a84:	12000013 
 a88:	0021                	c.nop	8
 a8a:	0000                	unimp
 a8c:	0100                	addi	s0,sp,128
 a8e:	0111                	addi	sp,sp,4
 a90:	0e25                	addi	t3,t3,9
 a92:	1f030b13          	addi	s6,t1,496
 a96:	01111f1b          	slliw	t5,sp,0x11
 a9a:	0712                	slli	a4,a4,0x4
 a9c:	1710                	addi	a2,sp,928
 a9e:	0000                	unimp
 aa0:	2e02                	fld	ft8,0(sp)
 aa2:	3f00                	fld	fs0,56(a4)
 aa4:	0319                	addi	t1,t1,6
 aa6:	3a0e                	fld	fs4,224(sp)
 aa8:	390b3b0b          	.insn	4, 0x390b3b0b
 aac:	8719270b          	.insn	4, 0x8719270b
 ab0:	1901                	addi	s2,s2,-32
 ab2:	0111                	addi	sp,sp,4
 ab4:	0712                	slli	a4,a4,0x4
 ab6:	1840                	addi	s0,sp,52
 ab8:	197a                	slli	s2,s2,0x3e
 aba:	0000                	unimp
 abc:	0100                	addi	s0,sp,128
 abe:	0016                	c.slli	zero,0x5
 ac0:	0b3a0e03          	lb	t3,179(s4)
 ac4:	0b390b3b          	.insn	4, 0x0b390b3b
 ac8:	1349                	addi	t1,t1,-14
 aca:	0000                	unimp
 acc:	2402                	fld	fs0,0(sp)
 ace:	0b00                	addi	s0,sp,400
 ad0:	030b3e0b          	.insn	4, 0x030b3e0b
 ad4:	000e                	c.slli	zero,0x3
 ad6:	0300                	addi	s0,sp,384
 ad8:	0005                	c.nop	1
 ada:	1331                	addi	t1,t1,-20
 adc:	1702                	slli	a4,a4,0x20
 ade:	0000                	unimp
 ae0:	0504                	addi	s1,sp,640
 ae2:	0300                	addi	s0,sp,384
 ae4:	3a08                	fld	fa0,48(a2)
 ae6:	0221                	addi	tp,tp,8 # 8 <__boot_hart+0x8>
 ae8:	0b390b3b          	.insn	4, 0x0b390b3b
 aec:	1349                	addi	t1,t1,-14
 aee:	0000                	unimp
 af0:	0505                	addi	a0,a0,1
 af2:	0300                	addi	s0,sp,384
 af4:	3a08                	fld	fa0,48(a2)
 af6:	0121                	addi	sp,sp,8
 af8:	390c213b          	.insn	4, 0x390c213b
 afc:	0213490b          	.insn	4, 0x0213490b
 b00:	06000017          	auipc	zero,0x6000
 b04:	012e                	slli	sp,sp,0xb
 b06:	0b3a0e03          	lb	t3,179(s4)
 b0a:	21390b3b          	.insn	4, 0x21390b3b
 b0e:	2714                	fld	fa3,8(a4)
 b10:	2019                	.insn	2, 0x2019
 b12:	0321                	addi	t1,t1,8
 b14:	1301                	addi	t1,t1,-32
 b16:	0000                	unimp
 b18:	0b000f07          	.insn	4, 0x0b000f07
 b1c:	0821                	addi	a6,a6,8
 b1e:	1349                	addi	t1,t1,-14
 b20:	0000                	unimp
 b22:	3508                	fld	fa0,40(a0)
 b24:	4900                	lw	s0,16(a0)
 b26:	09000013          	li	zero,144
 b2a:	0034                	addi	a3,sp,8
 b2c:	213a0e03          	lb	t3,531(s4)
 b30:	3b06                	fld	fs6,96(sp)
 b32:	1a21390b          	.insn	4, 0x1a21390b
 b36:	1349                	addi	t1,t1,-14
 b38:	193c193f 340a0000 	.insn	8, 0x340a0000193c193f
 b40:	4700                	lw	s0,8(a4)
 b42:	01213a13          	sltiu	s4,sp,18
 b46:	21390b3b          	.insn	4, 0x21390b3b
 b4a:	00180213          	addi	tp,a6,1
 b4e:	0b00                	addi	s0,sp,400
 b50:	0034                	addi	a3,sp,8
 b52:	213a0803          	lb	a6,531(s4)
 b56:	3b01                	addiw	s6,s6,-32
 b58:	490b390b          	.insn	4, 0x490b390b
 b5c:	00180213          	addi	tp,a6,1
 b60:	0c00                	addi	s0,sp,528
 b62:	011d                	addi	sp,sp,7
 b64:	1331                	addi	t1,t1,-20
 b66:	0111                	addi	sp,sp,4
 b68:	0712                	slli	a4,a4,0x4
 b6a:	2158                	fld	fa4,128(a0)
 b6c:	5901                	li	s2,-32
 b6e:	0521570b          	.insn	4, 0x0521570b
 b72:	1301                	addi	t1,t1,-32
 b74:	0000                	unimp
 b76:	1d0d                	addi	s10,s10,-29
 b78:	3101                	addiw	sp,sp,-32
 b7a:	12011113          	.insn	4, 0x12011113
 b7e:	03215807          	.insn	4, 0x03215807
 b82:	0b59                	addi	s6,s6,22
 b84:	00000b57          	.insn	4, 0x0b57
 b88:	1d0e                	slli	s10,s10,0x23
 b8a:	3100                	fld	fs0,32(a0)
 b8c:	12011113          	.insn	4, 0x12011113
 b90:	01215807          	.insn	4, 0x01215807
 b94:	0b59                	addi	s6,s6,22
 b96:	00052157          	.insn	4, 0x00052157
 b9a:	0f00                	addi	s0,sp,912
 b9c:	0005                	c.nop	1
 b9e:	213a0e03          	lb	t3,531(s4)
 ba2:	390b3b03          	ld	s6,912(s6)
 ba6:	0013490b          	.insn	4, 0x0013490b
 baa:	1000                	addi	s0,sp,32
 bac:	012e                	slli	sp,sp,0xb
 bae:	213a0e03          	lb	t3,531(s4)
 bb2:	3b02                	fld	fs6,32(sp)
 bb4:	1421390b          	.insn	4, 0x1421390b
 bb8:	13491927          	.insn	4, 0x13491927
 bbc:	2120                	fld	fs0,64(a0)
 bbe:	00130103          	lb	sp,1(t1)
 bc2:	1100                	addi	s0,sp,160
 bc4:	002e                	c.slli	zero,0xb
 bc6:	213a0803          	lb	a6,531(s4)
 bca:	3b02                	fld	fs6,32(sp)
 bcc:	1421390b          	.insn	4, 0x1421390b
 bd0:	21201927          	.insn	4, 0x21201927
 bd4:	12000003          	lb	zero,288(zero) # 120 <__stack_align+0x110>
 bd8:	0111                	addi	sp,sp,4
 bda:	0e25                	addi	t3,t3,9
 bdc:	1f030b13          	addi	s6,t1,496
 be0:	01111f1b          	slliw	t5,sp,0x11
 be4:	0712                	slli	a4,a4,0x4
 be6:	1710                	addi	a2,sp,928
 be8:	0000                	unimp
 bea:	0b002413          	slti	s0,zero,176
 bee:	030b3e0b          	.insn	4, 0x030b3e0b
 bf2:	0008                	.insn	2, 0x0008
 bf4:	1400                	addi	s0,sp,544
 bf6:	0026                	c.slli	zero,0x9
 bf8:	1349                	addi	t1,t1,-14
 bfa:	0000                	unimp
 bfc:	1315                	addi	t1,t1,-27
 bfe:	0b01                	addi	s6,s6,0
 c00:	3b0b3a0b          	.insn	4, 0x3b0b3a0b
 c04:	010b390b          	.insn	4, 0x010b390b
 c08:	16000013          	li	zero,352
 c0c:	000d                	c.nop	3
 c0e:	0b3a0e03          	lb	t3,179(s4)
 c12:	0b390b3b          	.insn	4, 0x0b390b3b
 c16:	1349                	addi	t1,t1,-14
 c18:	0b38                	addi	a4,sp,408
 c1a:	0000                	unimp
 c1c:	03003417          	auipc	s0,0x3003
 c20:	3a0e                	fld	fs4,224(sp)
 c22:	390b3b0b          	.insn	4, 0x390b3b0b
 c26:	0213490b          	.insn	4, 0x0213490b
 c2a:	0018                	.insn	2, 0x0018
 c2c:	1800                	addi	s0,sp,48
 c2e:	012e                	slli	sp,sp,0xb
 c30:	0e03193f 0b3b0b3a 	.insn	8, 0x0b3b0b3a0e03193f
 c38:	0b39                	addi	s6,s6,14
 c3a:	13491927          	.insn	4, 0x13491927
 c3e:	0111                	addi	sp,sp,4
 c40:	0712                	slli	a4,a4,0x4
 c42:	1840                	addi	s0,sp,52
 c44:	197a                	slli	s2,s2,0x3e
 c46:	1301                	addi	t1,t1,-32
 c48:	0000                	unimp
 c4a:	0519                	addi	a0,a0,6
 c4c:	0300                	addi	s0,sp,384
 c4e:	3a08                	fld	fa0,48(a2)
 c50:	390b3b0b          	.insn	4, 0x390b3b0b
 c54:	0213490b          	.insn	4, 0x0213490b
 c58:	0018                	.insn	2, 0x0018
 c5a:	1a00                	addi	s0,sp,304
 c5c:	011d                	addi	sp,sp,7
 c5e:	1331                	addi	t1,t1,-20
 c60:	0152                	slli	sp,sp,0x14
 c62:	1755                	addi	a4,a4,-11
 c64:	0b58                	addi	a4,sp,404
 c66:	0b59                	addi	s6,s6,22
 c68:	13010b57          	.insn	4, 0x13010b57
 c6c:	0000                	unimp
 c6e:	55010b1b          	addiw	s6,sp,1360
 c72:	1c000017          	auipc	zero,0x1c000
 c76:	0034                	addi	a3,sp,8
 c78:	1331                	addi	t1,t1,-20
 c7a:	0000                	unimp
 c7c:	051d                	addi	a0,a0,7
 c7e:	3100                	fld	fs0,32(a0)
 c80:	1e000013          	li	zero,480
 c84:	0101                	addi	sp,sp,0
 c86:	1349                	addi	t1,t1,-14
 c88:	1301                	addi	t1,t1,-32
 c8a:	0000                	unimp
 c8c:	211f 4900 2f13      	.insn	6, 0x2f134900211f
 c92:	2000000b          	.insn	4, 0x2000000b
 c96:	0034                	addi	a3,sp,8
 c98:	0b3a0803          	lb	a6,179(s4)
 c9c:	0b390b3b          	.insn	4, 0x0b390b3b
 ca0:	1349                	addi	t1,t1,-14
 ca2:	0000                	unimp
	...

Disassembly of section .debug_loclists:

0000000000000000 <.debug_loclists>:
   0:	000000a7          	.insn	4, 0x00a7
   4:	0005                	c.nop	1
   6:	0008                	.insn	2, 0x0008
   8:	0000                	unimp
   a:	0000                	unimp
   c:	2408                	fld	fa0,8(s0)
   e:	00800003          	lb	zero,8(zero) # 8 <__boot_hart+0x8>
  12:	0000                	unimp
  14:	a800                	fsd	fs0,16(s0)
  16:	0101                	addi	sp,sp,0
  18:	c008005b          	.insn	4, 0xc008005b
  1c:	00800003          	lb	zero,8(zero) # 8 <__boot_hart+0x8>
  20:	0000                	unimp
  22:	0f00                	addi	s0,sp,912
  24:	5f01                	li	t5,-32
  26:	0600                	addi	s0,sp,768
  28:	0288                	addi	a0,sp,320
  2a:	8000                	.insn	2, 0x8000
  2c:	0000                	unimp
  2e:	0000                	unimp
  30:	0004                	.insn	2, 0x0004
  32:	0230                	addi	a2,sp,264
  34:	9f30                	.insn	2, 0x9f30
  36:	3004                	fld	fs1,32(s0)
  38:	0b70                	addi	a2,sp,412
  3a:	007f 0091 231c 04b0 	.insn	10, 0x253604b0231c0091007f
  42:	2536 
  44:	049f 7470 7f0d      	.insn	6, 0x7f0d7470049f
  4a:	9100                	.insn	2, 0x9100
  4c:	1c00                	addi	s0,sp,560
  4e:	3604b023          	sd	zero,864(s1)
  52:	2325                	addiw	t1,t1,9
  54:	9f01                	subw	a4,a4,s0
  56:	7404                	ld	s1,40(s0)
  58:	01d8                	addi	a4,sp,196
  5a:	7f0d                	lui	t5,0xfffe3
  5c:	9100                	.insn	2, 0x9100
  5e:	1c00                	addi	s0,sp,560
  60:	3603f023          	.insn	4, 0x3603f023
  64:	2325                	addiw	t1,t1,9
  66:	9f01                	subw	a4,a4,s0
  68:	0600                	addi	s0,sp,768
  6a:	03a8                	addi	a0,sp,456
  6c:	8000                	.insn	2, 0x8000
  6e:	0000                	unimp
  70:	0000                	unimp
  72:	0004                	.insn	2, 0x0004
  74:	0b08                	addi	a0,sp,400
  76:	007e                	c.slli	zero,0x1f
  78:	0091                	addi	ra,ra,4
  7a:	231c                	fld	fa5,0(a4)
  7c:	04f0                	addi	a2,sp,588
  7e:	049f2533          	.insn	4, 0x049f2533
  82:	1008                	addi	a0,sp,32
  84:	91007e0b          	.insn	4, 0x91007e0b
  88:	1c00                	addi	s0,sp,560
  8a:	3304e823          	.insn	4, 0x3304e823
  8e:	9f25                	addw	a4,a4,s1
  90:	0600                	addi	s0,sp,768
  92:	03d0                	addi	a2,sp,452
  94:	8000                	.insn	2, 0x8000
  96:	0000                	unimp
  98:	0000                	unimp
  9a:	0004                	.insn	2, 0x0004
  9c:	0210                	addi	a2,sp,256
  9e:	9f30                	.insn	2, 0x9f30
  a0:	1004                	addi	s1,sp,32
  a2:	0120                	addi	s0,sp,136
  a4:	0458                	addi	a4,sp,516
  a6:	2320                	fld	fs0,64(a4)
  a8:	5b01                	li	s6,-32
  aa:	d700                	sw	s0,40(a4)
  ac:	0002                	c.slli64	zero
  ae:	0500                	addi	s0,sp,640
  b0:	0800                	addi	s0,sp,16
  b2:	0000                	unimp
  b4:	0000                	unimp
  b6:	0400                	addi	s0,sp,512
  b8:	8800                	.insn	2, 0x8800
  ba:	0601                	addi	a2,a2,0
  bc:	935a                	add	t1,t1,s6
  be:	5b08                	lw	a0,48(a4)
  c0:	88040893          	addi	a7,s0,-1920 # 300349c <__heap_size+0x2fe349c>
  c4:	8401                	c.srai64	s0
  c6:	03a30603          	lb	a2,58(t1)
  ca:	0aa5                	addi	s5,s5,9
  cc:	9f2e                	add	t5,t5,a1
  ce:	8404                	.insn	2, 0x8404
  d0:	0603d603          	lhu	a2,96(t2)
  d4:	935a                	add	t1,t1,s6
  d6:	5b08                	lw	a0,48(a4)
  d8:	d6040893          	addi	a7,s0,-672
  dc:	06049a03          	lh	s4,96(s1)
  e0:	0aa503a3          	sb	a0,167(a0)
  e4:	9f2e                	add	t5,t5,a1
  e6:	9a04                	.insn	2, 0x9a04
  e8:	a004                	fsd	fs1,0(s0)
  ea:	0604                	addi	s1,sp,768
  ec:	935a                	add	t1,t1,s6
  ee:	5b08                	lw	a0,48(a4)
  f0:	04000893          	li	a7,64
  f4:	b800                	fsd	fs0,48(s0)
  f6:	0201                	addi	tp,tp,0 # 0 <__boot_hart>
  f8:	9f30                	.insn	2, 0x9f30
  fa:	b804                	fsd	fs1,48(s0)
  fc:	d401                	beqz	s0,4 <__boot_hart+0x4>
  fe:	0201                	addi	tp,tp,0 # 0 <__boot_hart>
 100:	9f31                	addw	a4,a4,a2
 102:	d404                	sw	s1,40(s0)
 104:	de01                	beqz	a2,1c <__stack_align+0xc>
 106:	0102                	c.slli64	sp
 108:	02de045b          	.insn	4, 0x02de045b
 10c:	03be                	slli	t2,t2,0xf
 10e:	3002                	fld	ft0,32(sp)
 110:	049f 03be 03d6      	.insn	6, 0x03d603be049f
 116:	5b01                	li	s6,-32
 118:	d604                	sw	s1,40(a2)
 11a:	0203e803          	lwu	a6,32(t2)
 11e:	9f31                	addw	a4,a4,a2
 120:	e804                	sd	s1,16(s0)
 122:	01048e03          	lb	t3,16(s1)
 126:	048e045b          	.insn	4, 0x048e045b
 12a:	0492                	slli	s1,s1,0x4
 12c:	7b05                	lui	s6,0xfffe1
 12e:	3100                	fld	fs0,32(a0)
 130:	9f21                	addw	a4,a4,s0
 132:	9204                	.insn	2, 0x9204
 134:	9a04                	.insn	2, 0x9a04
 136:	0104                	addi	s1,sp,128
 138:	049a045b          	.insn	4, 0x049a045b
 13c:	04a0                	addi	s0,sp,584
 13e:	3002                	fld	ft0,32(sp)
 140:	009f 2a04 02a4      	.insn	6, 0x02a42a04009f
 146:	5c01                	li	s8,-32
 148:	de04                	sw	s1,56(a2)
 14a:	a002                	fsd	ft0,0(sp)
 14c:	0104                	addi	s1,sp,128
 14e:	005c                	addi	a5,sp,4
 150:	2a04                	fld	fs1,16(a2)
 152:	02bc                	addi	a5,sp,328
 154:	5d01                	li	s10,-32
 156:	de04                	sw	s1,56(a2)
 158:	a002                	fsd	ft0,0(sp)
 15a:	0104                	addi	s1,sp,128
 15c:	005d                	c.nop	23
 15e:	2a04                	fld	fs1,16(a2)
 160:	013a                	slli	sp,sp,0xe
 162:	0461                	addi	s0,s0,24
 164:	523a                	lw	tp,172(sp)
 166:	8105                	srli	a0,a0,0x1
 168:	f880                	sd	s0,48(s1)
 16a:	9f00                	.insn	2, 0x9f00
 16c:	5604                	lw	s1,40(a2)
 16e:	0564                	addi	s1,sp,652
 170:	8081                	c.srli64	s1
 172:	00f8                	addi	a4,sp,76
 174:	049f ac66 0501      	.insn	6, 0x0501ac66049f
 17a:	8081                	c.srli64	s1
 17c:	00f8                	addi	a4,sp,76
 17e:	049f 02de 02e6      	.insn	6, 0x02e602de049f
 184:	8105                	srli	a0,a0,0x1
 186:	f880                	sd	s0,48(s1)
 188:	9f00                	.insn	2, 0x9f00
 18a:	8404                	.insn	2, 0x8404
 18c:	05039803          	lh	a6,80(t2)
 190:	8081                	c.srli64	s1
 192:	00f8                	addi	a4,sp,76
 194:	049f 039c 03d2      	.insn	6, 0x03d2039c049f
 19a:	6101                	addi	sp,sp,0
 19c:	9a04                	.insn	2, 0x9a04
 19e:	9e04                	.insn	2, 0x9e04
 1a0:	0104                	addi	s1,sp,128
 1a2:	0061                	c.nop	24
 1a4:	2a04                	fld	fs1,16(a2)
 1a6:	012e                	slli	sp,sp,0xb
 1a8:	045a                	slli	s0,s0,0x16
 1aa:	9e2e                	add	t3,t3,a1
 1ac:	0101                	addi	sp,sp,0
 1ae:	0456                	slli	s0,s0,0x15
 1b0:	02de                	slli	t0,t0,0x17
 1b2:	0382                	c.slli64	t2
 1b4:	5601                	li	a2,-32
 1b6:	8204                	.insn	2, 0x8204
 1b8:	01038403          	lb	s0,16(t2)
 1bc:	045f 0384 0390      	.insn	6, 0x03900384045f
 1c2:	5601                	li	a2,-32
 1c4:	9004                	.insn	2, 0x9004
 1c6:	05039803          	lh	a6,80(t2)
 1ca:	007a                	c.slli	zero,0x1e
 1cc:	049f2433          	.insn	4, 0x049f2433
 1d0:	039c                	addi	a5,sp,448
 1d2:	03a4                	addi	s1,sp,456
 1d4:	5601                	li	a2,-32
 1d6:	ac04                	fsd	fs1,24(s0)
 1d8:	0103c203          	lbu	tp,16(t2)
 1dc:	0456                	slli	s0,s0,0x15
 1de:	03c2                	slli	t2,t2,0x10
 1e0:	03c4                	addi	s1,sp,452
 1e2:	7e08                	ld	a0,56(a2)
 1e4:	3400                	fld	fs0,40(s0)
 1e6:	7f24                	ld	s1,120(a4)
 1e8:	2100                	fld	fs0,0(a0)
 1ea:	049f 03c6 03ca      	.insn	6, 0x03ca03c6049f
 1f0:	5e01                	li	t3,-32
 1f2:	9a04                	.insn	2, 0x9a04
 1f4:	a004                	fsd	fs1,0(s0)
 1f6:	0104                	addi	s1,sp,128
 1f8:	0056                	c.slli	zero,0x15
 1fa:	2a04                	fld	fs1,16(a2)
 1fc:	01aa                	slli	gp,gp,0xa
 1fe:	5e01                	li	t3,-32
 200:	de04                	sw	s1,56(a2)
 202:	8202                	jr	tp
 204:	045e0103          	lb	sp,69(t3)
 208:	0382                	c.slli64	t2
 20a:	0384                	addi	s1,sp,448
 20c:	3002                	fld	ft0,32(sp)
 20e:	049f 0384 0396      	.insn	6, 0x03960384049f
 214:	5e01                	li	t3,-32
 216:	9c04                	.insn	2, 0x9c04
 218:	0103a403          	lw	s0,16(t2)
 21c:	045e                	slli	s0,s0,0x17
 21e:	03ac                	addi	a1,sp,456
 220:	03c2                	slli	t2,t2,0x10
 222:	5e01                	li	t3,-32
 224:	c204                	sw	s1,0(a2)
 226:	0203d203          	lhu	tp,32(t2)
 22a:	9f30                	.insn	2, 0x9f30
 22c:	9a04                	.insn	2, 0x9a04
 22e:	a004                	fsd	fs1,0(s0)
 230:	0104                	addi	s1,sp,128
 232:	005e                	c.slli	zero,0x17
 234:	2e04                	fld	fs1,24(a2)
 236:	02d0                	addi	a2,sp,324
 238:	5d01                	li	s10,-32
 23a:	de04                	sw	s1,56(a2)
 23c:	a002                	fsd	ft0,0(sp)
 23e:	0104                	addi	s1,sp,128
 240:	005d                	c.nop	23
 242:	3a04                	fld	fs1,48(a2)
 244:	0152                	slli	sp,sp,0x14
 246:	0461                	addi	s0,s0,24
 248:	6456                	ld	s0,336(sp)
 24a:	6101                	addi	sp,sp,0
 24c:	6604                	ld	s1,8(a2)
 24e:	01ac                	addi	a1,sp,200
 250:	6101                	addi	sp,sp,0
 252:	ac04                	fsd	fs1,24(s0)
 254:	de01                	beqz	a2,16c <__stack_align+0x15c>
 256:	0201                	addi	tp,tp,0 # 0 <__boot_hart>
 258:	9f30                	.insn	2, 0x9f30
 25a:	9a04                	.insn	2, 0x9a04
 25c:	e602                	sd	zero,264(sp)
 25e:	0102                	c.slli64	sp
 260:	0461                	addi	s0,s0,24
 262:	0384                	addi	s1,sp,448
 264:	0398                	addi	a4,sp,448
 266:	6101                	addi	sp,sp,0
 268:	a404                	fsd	fs1,8(s0)
 26a:	0203ac03          	lw	s8,32(t2)
 26e:	9f30                	.insn	2, 0x9f30
 270:	ac04                	fsd	fs1,24(s0)
 272:	0403d203          	lhu	tp,64(t2)
 276:	ff0a                	sd	sp,440(sp)
 278:	d2049f07          	.insn	4, 0xd2049f07
 27c:	0103d603          	lhu	a2,16(t2)
 280:	0461                	addi	s0,s0,24
 282:	03d6                	slli	t2,t2,0x15
 284:	03e8                	addi	a0,sp,460
 286:	3002                	fld	ft0,32(sp)
 288:	049f 03f2 0484      	.insn	6, 0x048403f2049f
 28e:	6101                	addi	sp,sp,0
 290:	8604                	.insn	2, 0x8604
 292:	9404                	.insn	2, 0x9404
 294:	0104                	addi	s1,sp,128
 296:	0461                	addi	s0,s0,24
 298:	049a                	slli	s1,s1,0x6
 29a:	04a0                	addi	s0,sp,584
 29c:	0a04                	addi	s1,sp,272
 29e:	07ff 009f ac04 9801 	.insn	10, 0x01029801ac04009f07ff
 2a6:	0102 
 2a8:	045f 0298 02aa      	.insn	6, 0x02aa0298045f
 2ae:	7f0e                	ld	t5,224(sp)
 2b0:	1100                	addi	s0,sp,160
 2b2:	ffff                	.insn	2, 0xffff
 2b4:	ffff                	.insn	2, 0xffff
 2b6:	ffff                	.insn	2, 0xffff
 2b8:	1a7fbfff 02aa049f 	.insn	16, 0xc802bc045f0102b802aa049f1a7fbfff
 2c0:	5f0102b8 c802bc04 
 2c8:	0102                	c.slli64	sp
 2ca:	045f 03a4 03aa      	.insn	6, 0x03aa03a4045f
 2d0:	7f08                	ld	a0,56(a4)
 2d2:	3000                	fld	fs0,32(s0)
 2d4:	082e                	slli	a6,a6,0xb
 2d6:	049f1aff 03ac03aa 	.insn	12, 0x76007e0b03ac03aa049f1aff
 2de:	76007e0b 
 2e2:	2100                	fld	fs0,0(a0)
 2e4:	2e30                	fld	fa2,88(a2)
 2e6:	ff08                	sd	a0,56(a4)
 2e8:	9f1a                	add	t5,t5,t1
 2ea:	c204                	sw	s1,0(a2)
 2ec:	0803c403          	lbu	s0,128(t2)
 2f0:	007e                	c.slli	zero,0x1f
 2f2:	2434                	fld	fa3,72(s0)
 2f4:	007f 9f21 c604 ce03 	.insn	10, 0x0103ce03c6049f21007f
 2fc:	0103 
 2fe:	045e                	slli	s0,s0,0x17
 300:	03ce                	slli	t2,t2,0x13
 302:	03f2                	slli	t2,t2,0x1c
 304:	5f01                	li	t5,-32
 306:	f204                	sd	s1,32(a2)
 308:	0e03f403          	.insn	4, 0x0e03f403
 30c:	007f ff11 ffff ffff 	.insn	10, 0xffffffffffffff11007f
 314:	ffff 
 316:	9f1a7fbf 9a048e04 	.insn	8, 0x9a048e049f1a7fbf
 31e:	0104                	addi	s1,sp,128
 320:	005f d204 de02      	.insn	6, 0xde02d204005f
 326:	0102                	c.slli64	sp
 328:	005f ac04 de01      	.insn	6, 0xde01ac04005f
 32e:	0201                	addi	tp,tp,0 # 0 <__boot_hart>
 330:	9f31                	addw	a4,a4,a2
 332:	de04                	sw	s1,56(a2)
 334:	9401                	srai	s0,s0,0x20
 336:	0102                	c.slli64	sp
 338:	045e                	slli	s0,s0,0x17
 33a:	03d6                	slli	t2,t2,0x15
 33c:	03e8                	addi	a0,sp,460
 33e:	3102                	fld	ft2,32(sp)
 340:	049f 03e8 03f2      	.insn	6, 0x03f203e8049f
 346:	5e01                	li	t3,-32
 348:	9404                	.insn	2, 0x9404
 34a:	9a04                	.insn	2, 0x9a04
 34c:	0104                	addi	s1,sp,128
 34e:	005e                	c.slli	zero,0x17
 350:	ac04                	fsd	fs1,24(s0)
 352:	de01                	beqz	a2,26a <__stack_align+0x25a>
 354:	0101                	addi	sp,sp,0
 356:	045d                	addi	s0,s0,23
 358:	03d6                	slli	t2,t2,0x15
 35a:	03e8                	addi	a0,sp,460
 35c:	5d01                	li	s10,-32
 35e:	0400                	addi	s0,sp,512
 360:	01ac                	addi	a1,sp,200
 362:	01de                	slli	gp,gp,0x17
 364:	3002                	fld	ft0,32(sp)
 366:	049f 03d6 03e8      	.insn	6, 0x03e803d6049f
 36c:	3002                	fld	ft0,32(sp)
 36e:	009f ac04 b001      	.insn	6, 0xb001ac04009f
 374:	0101                	addi	sp,sp,0
 376:	045f 01b0 01d6      	.insn	6, 0x01d601b0045f
 37c:	5e01                	li	t3,-32
 37e:	d604                	sw	s1,40(a2)
 380:	0103e803          	lwu	a6,16(t2)
 384:	005e                	c.slli	zero,0x17
 386:	0016                	c.slli	zero,0x5
 388:	0000                	unimp
 38a:	0005                	c.nop	1
 38c:	0008                	.insn	2, 0x0008
 38e:	0000                	unimp
 390:	0000                	unimp
 392:	0004                	.insn	2, 0x0004
 394:	045a0107          	.insn	4, 0x045a0107
 398:	a3041407          	.insn	4, 0xa3041407
 39c:	5a01                	li	s4,-32
 39e:	009f 0024 0000      	.insn	6, 0x0024009f
 3a4:	0005                	c.nop	1
 3a6:	0008                	.insn	2, 0x0008
 3a8:	0000                	unimp
 3aa:	0000                	unimp
 3ac:	0004                	.insn	2, 0x0004
 3ae:	045a0107          	.insn	4, 0x045a0107
 3b2:	a3041407          	.insn	4, 0xa3041407
 3b6:	5a01                	li	s4,-32
 3b8:	009f 0004 0107      	.insn	6, 0x01070004009f
 3be:	1407045b          	.insn	4, 0x1407045b
 3c2:	a304                	fsd	fs1,0(a4)
 3c4:	5b01                	li	s6,-32
 3c6:	009f 0016 0000      	.insn	6, 0x0016009f
 3cc:	0005                	c.nop	1
 3ce:	0008                	.insn	2, 0x0008
 3d0:	0000                	unimp
 3d2:	0000                	unimp
 3d4:	0004                	.insn	2, 0x0004
 3d6:	0102                	c.slli64	sp
 3d8:	045a                	slli	s0,s0,0x16
 3da:	0802                	c.slli64	a6
 3dc:	a304                	fsd	fs1,0(a4)
 3de:	5a01                	li	s4,-32
 3e0:	009f 0024 0000      	.insn	6, 0x0024009f
 3e6:	0005                	c.nop	1
 3e8:	0008                	.insn	2, 0x0008
 3ea:	0000                	unimp
 3ec:	0000                	unimp
 3ee:	0004                	.insn	2, 0x0004
 3f0:	045a0107          	.insn	4, 0x045a0107
 3f4:	a3041407          	.insn	4, 0xa3041407
 3f8:	5a01                	li	s4,-32
 3fa:	009f 0004 0107      	.insn	6, 0x01070004009f
 400:	1407045b          	.insn	4, 0x1407045b
 404:	a304                	fsd	fs1,0(a4)
 406:	5b01                	li	s6,-32
 408:	009f 0032 0000      	.insn	6, 0x0032009f
 40e:	0005                	c.nop	1
 410:	0008                	.insn	2, 0x0008
 412:	0000                	unimp
 414:	0000                	unimp
 416:	0004                	.insn	2, 0x0004
 418:	045a0107          	.insn	4, 0x045a0107
 41c:	a3041407          	.insn	4, 0xa3041407
 420:	5a01                	li	s4,-32
 422:	009f 0004 0107      	.insn	6, 0x01070004009f
 428:	1407045b          	.insn	4, 0x1407045b
 42c:	a304                	fsd	fs1,0(a4)
 42e:	5b01                	li	s6,-32
 430:	009f 0004 0107      	.insn	6, 0x01070004009f
 436:	045c                	addi	a5,sp,516
 438:	a3041407          	.insn	4, 0xa3041407
 43c:	5c01                	li	s8,-32
 43e:	009f 0032 0000      	.insn	6, 0x0032009f
 444:	0005                	c.nop	1
 446:	0008                	.insn	2, 0x0008
 448:	0000                	unimp
 44a:	0000                	unimp
 44c:	0004                	.insn	2, 0x0004
 44e:	045a0107          	.insn	4, 0x045a0107
 452:	a3041607          	.insn	4, 0xa3041607
 456:	5a01                	li	s4,-32
 458:	009f 0004 0107      	.insn	6, 0x01070004009f
 45e:	1607045b          	.insn	4, 0x1607045b
 462:	a304                	fsd	fs1,0(a4)
 464:	5b01                	li	s6,-32
 466:	009f 0004 0107      	.insn	6, 0x01070004009f
 46c:	045c                	addi	a5,sp,516
 46e:	a3041607          	.insn	4, 0xa3041607
 472:	5c01                	li	s8,-32
 474:	009f 0034 0000      	.insn	6, 0x0034009f
 47a:	0005                	c.nop	1
 47c:	0008                	.insn	2, 0x0008
 47e:	0000                	unimp
 480:	0000                	unimp
 482:	0004                	.insn	2, 0x0004
 484:	0110                	addi	a2,sp,128
 486:	045a                	slli	s0,s0,0x16
 488:	3c10                	fld	fa2,56(s0)
 48a:	a304                	fsd	fs1,0(a4)
 48c:	5a01                	li	s4,-32
 48e:	009f 1004 0124      	.insn	6, 0x01241004009f
 494:	045a                	slli	s0,s0,0x16
 496:	2624                	fld	fs1,72(a2)
 498:	0309                	addi	t1,t1,2
 49a:	4ba8                	lw	a0,80(a5)
 49c:	8000                	.insn	2, 0x8000
 49e:	0000                	unimp
 4a0:	0000                	unimp
 4a2:	2604                	fld	fs1,8(a2)
 4a4:	012d                	addi	sp,sp,11
 4a6:	005a                	c.slli	zero,0x16
 4a8:	0a04                	addi	s1,sp,272
 4aa:	012d                	addi	sp,sp,11
 4ac:	005f 0032 0000      	.insn	6, 0x0032005f
 4b2:	0005                	c.nop	1
 4b4:	0008                	.insn	2, 0x0008
 4b6:	0000                	unimp
 4b8:	0000                	unimp
 4ba:	0004                	.insn	2, 0x0004
 4bc:	0105                	addi	sp,sp,1
 4be:	045a                	slli	s0,s0,0x16
 4c0:	0605                	addi	a2,a2,1
 4c2:	a304                	fsd	fs1,0(a4)
 4c4:	5a01                	li	s4,-32
 4c6:	009f 0004 0105      	.insn	6, 0x01050004009f
 4cc:	0605045b          	.insn	4, 0x0605045b
 4d0:	a304                	fsd	fs1,0(a4)
 4d2:	5b01                	li	s6,-32
 4d4:	009f 0004 0105      	.insn	6, 0x01050004009f
 4da:	045c                	addi	a5,sp,516
 4dc:	0605                	addi	a2,a2,1
 4de:	a304                	fsd	fs1,0(a4)
 4e0:	5c01                	li	s8,-32
 4e2:	009f 0046 0000      	.insn	6, 0x0046009f
 4e8:	0005                	c.nop	1
 4ea:	0008                	.insn	2, 0x0008
 4ec:	0000                	unimp
 4ee:	0000                	unimp
 4f0:	0004                	.insn	2, 0x0004
 4f2:	0106                	slli	sp,sp,0x1
 4f4:	045a                	slli	s0,s0,0x16
 4f6:	1606                	slli	a2,a2,0x21
 4f8:	a304                	fsd	fs1,0(a4)
 4fa:	5a01                	li	s4,-32
 4fc:	009f 0004 0115      	.insn	6, 0x01150004009f
 502:	1615045b          	.insn	4, 0x1615045b
 506:	a304                	fsd	fs1,0(a4)
 508:	5b01                	li	s6,-32
 50a:	009f 0004 0115      	.insn	6, 0x01150004009f
 510:	045c                	addi	a5,sp,516
 512:	1615                	addi	a2,a2,-27
 514:	a304                	fsd	fs1,0(a4)
 516:	5c01                	li	s8,-32
 518:	009f 0004 0115      	.insn	6, 0x01150004009f
 51e:	045d                	addi	s0,s0,23
 520:	1615                	addi	a2,a2,-27
 522:	a304                	fsd	fs1,0(a4)
 524:	5d01                	li	s10,-32
 526:	009f 0a04 0115      	.insn	6, 0x01150a04009f
 52c:	005a                	c.slli	zero,0x16
 52e:	006d                	c.nop	27
 530:	0000                	unimp
 532:	0005                	c.nop	1
 534:	0008                	.insn	2, 0x0008
 536:	0000                	unimp
 538:	0000                	unimp
 53a:	0004                	.insn	2, 0x0004
 53c:	0148                	addi	a0,sp,132
 53e:	045a                	slli	s0,s0,0x16
 540:	4c48                	lw	a0,28(s0)
 542:	a304                	fsd	fs1,0(a4)
 544:	5a01                	li	s4,-32
 546:	009f 0004 0112      	.insn	6, 0x01120004009f
 54c:	045c                	addi	a5,sp,516
 54e:	3212                	fld	ft4,288(sp)
 550:	9102                	jalr	sp
 552:	0458                	addi	a4,sp,516
 554:	4c32                	lw	s8,12(sp)
 556:	a304                	fsd	fs1,0(a4)
 558:	5c01                	li	s8,-32
 55a:	009f 0004 011a      	.insn	6, 0x011a0004009f
 560:	045d                	addi	s0,s0,23
 562:	4c1a                	lw	s8,132(sp)
 564:	a304                	fsd	fs1,0(a4)
 566:	5d01                	li	s10,-32
 568:	009f 1404 0a24      	.insn	6, 0x0a241404009f
 56e:	004c4003          	lbu	zero,4(s8)
 572:	0080                	addi	s0,sp,64
 574:	0000                	unimp
 576:	9f00                	.insn	2, 0x9f00
 578:	0400                	addi	s0,sp,512
 57a:	221e                	fld	ft4,448(sp)
 57c:	9fff0903          	lb	s2,-1537(t5) # fffffffffffe29ff <__heap_end+0xffffffff7ffbd9ff>
 580:	0400                	addi	s0,sp,512
 582:	221e                	fld	ft4,448(sp)
 584:	030a                	slli	t1,t1,0x2
 586:	4c40                	lw	s0,28(s0)
 588:	8000                	.insn	2, 0x8000
 58a:	0000                	unimp
 58c:	0000                	unimp
 58e:	009f 3e04 0a42      	.insn	6, 0x0a423e04009f
 594:	004c4003          	lbu	zero,4(s8)
 598:	0080                	addi	s0,sp,64
 59a:	0000                	unimp
 59c:	9f00                	.insn	2, 0x9f00
	...

Disassembly of section .debug_aranges:

0000000000000000 <.debug_aranges>:
   0:	002c                	addi	a1,sp,8
   2:	0000                	unimp
   4:	0002                	c.slli64	zero
   6:	0000                	unimp
   8:	0000                	unimp
   a:	0008                	.insn	2, 0x0008
   c:	0000                	unimp
   e:	0000                	unimp
  10:	0230                	addi	a2,sp,264
  12:	8000                	.insn	2, 0x8000
  14:	0000                	unimp
  16:	0000                	unimp
  18:	01ec                	addi	a1,sp,204
	...
  2e:	0000                	unimp
  30:	002c                	addi	a1,sp,8
  32:	0000                	unimp
  34:	0002                	c.slli64	zero
  36:	0000046f          	jal	s0,36 <__stack_align+0x26>
  3a:	0008                	.insn	2, 0x0008
  3c:	0000                	unimp
  3e:	0000                	unimp
  40:	3c5c                	fld	fa5,184(s0)
  42:	8000                	.insn	2, 0x8000
  44:	0000                	unimp
  46:	0000                	unimp
  48:	0220                	addi	s0,sp,264
	...
  5e:	0000                	unimp
  60:	002c                	addi	a1,sp,8
  62:	0000                	unimp
  64:	0002                	c.slli64	zero
  66:	0000073f 00000008 	.insn	8, 0x00080000073f
  6e:	0000                	unimp
  70:	3e7c                	fld	fa5,248(a2)
  72:	8000                	.insn	2, 0x8000
  74:	0000                	unimp
  76:	0000                	unimp
  78:	0014                	.insn	2, 0x0014
	...
  8e:	0000                	unimp
  90:	002c                	addi	a1,sp,8
  92:	0000                	unimp
  94:	0002                	c.slli64	zero
  96:	0810                	addi	a2,sp,16
  98:	0000                	unimp
  9a:	0008                	.insn	2, 0x0008
  9c:	0000                	unimp
  9e:	0000                	unimp
  a0:	3e90                	fld	fa2,56(a3)
  a2:	8000                	.insn	2, 0x8000
  a4:	0000                	unimp
  a6:	0000                	unimp
  a8:	0022                	c.slli	zero,0x8
	...
  be:	0000                	unimp
  c0:	002c                	addi	a1,sp,8
  c2:	0000                	unimp
  c4:	0002                	c.slli64	zero
  c6:	08f4                	addi	a3,sp,92
  c8:	0000                	unimp
  ca:	0008                	.insn	2, 0x0008
  cc:	0000                	unimp
  ce:	0000                	unimp
  d0:	3eb2                	fld	ft9,296(sp)
  d2:	8000                	.insn	2, 0x8000
  d4:	0000                	unimp
  d6:	0000                	unimp
  d8:	0014                	.insn	2, 0x0014
	...
  ee:	0000                	unimp
  f0:	002c                	addi	a1,sp,8
  f2:	0000                	unimp
  f4:	0002                	c.slli64	zero
  f6:	0bd2                	slli	s7,s7,0x14
  f8:	0000                	unimp
  fa:	0008                	.insn	2, 0x0008
  fc:	0000                	unimp
  fe:	0000                	unimp
 100:	3ec6                	fld	ft9,112(sp)
 102:	8000                	.insn	2, 0x8000
 104:	0000                	unimp
 106:	0000                	unimp
 108:	0004                	.insn	2, 0x0004
	...
 11e:	0000                	unimp
 120:	002c                	addi	a1,sp,8
 122:	0000                	unimp
 124:	0002                	c.slli64	zero
 126:	00000c73          	.insn	4, 0x0c73
 12a:	0008                	.insn	2, 0x0008
 12c:	0000                	unimp
 12e:	0000                	unimp
 130:	3eca                	fld	ft9,176(sp)
 132:	8000                	.insn	2, 0x8000
 134:	0000                	unimp
 136:	0000                	unimp
 138:	0008                	.insn	2, 0x0008
	...
 14e:	0000                	unimp
 150:	002c                	addi	a1,sp,8
 152:	0000                	unimp
 154:	0002                	c.slli64	zero
 156:	0d1e                	slli	s10,s10,0x7
 158:	0000                	unimp
 15a:	0008                	.insn	2, 0x0008
 15c:	0000                	unimp
 15e:	0000                	unimp
 160:	3ed2                	fld	ft9,304(sp)
 162:	8000                	.insn	2, 0x8000
 164:	0000                	unimp
 166:	0000                	unimp
 168:	0014                	.insn	2, 0x0014
	...
 17e:	0000                	unimp
 180:	002c                	addi	a1,sp,8
 182:	0000                	unimp
 184:	0002                	c.slli64	zero
 186:	00000dfb          	.insn	4, 0x0dfb
 18a:	0008                	.insn	2, 0x0008
 18c:	0000                	unimp
 18e:	0000                	unimp
 190:	3ee6                	fld	ft9,120(sp)
 192:	8000                	.insn	2, 0x8000
 194:	0000                	unimp
 196:	0000                	unimp
 198:	0014                	.insn	2, 0x0014
	...
 1ae:	0000                	unimp
 1b0:	002c                	addi	a1,sp,8
 1b2:	0000                	unimp
 1b4:	0002                	c.slli64	zero
 1b6:	0f0c                	addi	a1,sp,912
 1b8:	0000                	unimp
 1ba:	0008                	.insn	2, 0x0008
 1bc:	0000                	unimp
 1be:	0000                	unimp
 1c0:	3efa                	fld	ft9,440(sp)
 1c2:	8000                	.insn	2, 0x8000
 1c4:	0000                	unimp
 1c6:	0000                	unimp
 1c8:	0016                	c.slli	zero,0x5
	...
 1de:	0000                	unimp
 1e0:	002c                	addi	a1,sp,8
 1e2:	0000                	unimp
 1e4:	0002                	c.slli64	zero
 1e6:	101f 0000 0008      	.insn	6, 0x00080000101f
 1ec:	0000                	unimp
 1ee:	0000                	unimp
 1f0:	3f10                	fld	fa2,56(a4)
 1f2:	8000                	.insn	2, 0x8000
 1f4:	0000                	unimp
 1f6:	0000                	unimp
 1f8:	003c                	addi	a5,sp,8
	...
 20e:	0000                	unimp
 210:	002c                	addi	a1,sp,8
 212:	0000                	unimp
 214:	0002                	c.slli64	zero
 216:	1155                	addi	sp,sp,-11
 218:	0000                	unimp
 21a:	0008                	.insn	2, 0x0008
 21c:	0000                	unimp
 21e:	0000                	unimp
 220:	3f4c                	fld	fa1,184(a4)
 222:	8000                	.insn	2, 0x8000
 224:	0000                	unimp
 226:	0000                	unimp
 228:	0006                	c.slli	zero,0x1
	...
 23e:	0000                	unimp
 240:	002c                	addi	a1,sp,8
 242:	0000                	unimp
 244:	0002                	c.slli64	zero
 246:	12cd                	addi	t0,t0,-13
 248:	0000                	unimp
 24a:	0008                	.insn	2, 0x0008
 24c:	0000                	unimp
 24e:	0000                	unimp
 250:	0000                	unimp
 252:	8000                	.insn	2, 0x8000
 254:	0000                	unimp
 256:	0000                	unimp
 258:	01ee                	slli	gp,gp,0x1b
	...
 26e:	0000                	unimp
 270:	002c                	addi	a1,sp,8
 272:	0000                	unimp
 274:	0002                	c.slli64	zero
 276:	12f6                	slli	t0,t0,0x3d
 278:	0000                	unimp
 27a:	0008                	.insn	2, 0x0008
 27c:	0000                	unimp
 27e:	0000                	unimp
 280:	01ee                	slli	gp,gp,0x1b
 282:	8000                	.insn	2, 0x8000
 284:	0000                	unimp
 286:	0000                	unimp
 288:	0042                	c.slli	zero,0x10
	...
 29e:	0000                	unimp
 2a0:	002c                	addi	a1,sp,8
 2a2:	0000                	unimp
 2a4:	0002                	c.slli64	zero
 2a6:	131e                	slli	t1,t1,0x27
 2a8:	0000                	unimp
 2aa:	0008                	.insn	2, 0x0008
 2ac:	0000                	unimp
 2ae:	0000                	unimp
 2b0:	3f52                	fld	ft10,304(sp)
 2b2:	8000                	.insn	2, 0x8000
 2b4:	0000                	unimp
 2b6:	0000                	unimp
 2b8:	0016                	c.slli	zero,0x5
	...
 2ce:	0000                	unimp
 2d0:	002c                	addi	a1,sp,8
 2d2:	0000                	unimp
 2d4:	0002                	c.slli64	zero
 2d6:	1458                	addi	a4,sp,548
 2d8:	0000                	unimp
 2da:	0008                	.insn	2, 0x0008
 2dc:	0000                	unimp
 2de:	0000                	unimp
 2e0:	3f68                	fld	fa0,248(a4)
 2e2:	8000                	.insn	2, 0x8000
 2e4:	0000                	unimp
 2e6:	0000                	unimp
 2e8:	0030                	addi	a2,sp,8
	...
 2fe:	0000                	unimp
 300:	002c                	addi	a1,sp,8
 302:	0000                	unimp
 304:	0002                	c.slli64	zero
 306:	15c1                	addi	a1,a1,-16
 308:	0000                	unimp
 30a:	0008                	.insn	2, 0x0008
 30c:	0000                	unimp
 30e:	0000                	unimp
 310:	3f98                	fld	fa4,56(a5)
 312:	8000                	.insn	2, 0x8000
 314:	0000                	unimp
 316:	0000                	unimp
 318:	0006                	c.slli	zero,0x1
	...
 32e:	0000                	unimp
 330:	002c                	addi	a1,sp,8
 332:	0000                	unimp
 334:	0002                	c.slli64	zero
 336:	160a                	slli	a2,a2,0x22
 338:	0000                	unimp
 33a:	0008                	.insn	2, 0x0008
 33c:	0000                	unimp
 33e:	0000                	unimp
 340:	3f9e                	fld	ft11,480(sp)
 342:	8000                	.insn	2, 0x8000
 344:	0000                	unimp
 346:	0000                	unimp
 348:	004c                	addi	a1,sp,4
	...

Disassembly of section .debug_rnglists:

0000000000000000 <.debug_rnglists>:
   0:	0025                	c.nop	9
   2:	0000                	unimp
   4:	0005                	c.nop	1
   6:	0008                	.insn	2, 0x0008
   8:	0000                	unimp
   a:	0000                	unimp
   c:	8805                	andi	s0,s0,1
   e:	0002                	c.slli64	zero
  10:	0080                	addi	s0,sp,64
  12:	0000                	unimp
  14:	0400                	addi	s0,sp,512
  16:	2800                	fld	fs0,16(s0)
  18:	3004                	fld	fs1,32(s0)
  1a:	0198                	addi	a4,sp,192
  1c:	0700                	addi	s0,sp,896
  1e:	0230                	addi	a2,sp,264
  20:	8000                	.insn	2, 0x8000
  22:	0000                	unimp
  24:	0000                	unimp
  26:	03ec                	addi	a1,sp,460
  28:	2f00                	fld	fs0,24(a4)
  2a:	0000                	unimp
  2c:	0500                	addi	s0,sp,640
  2e:	0800                	addi	s0,sp,16
  30:	0000                	unimp
  32:	0000                	unimp
  34:	0400                	addi	s0,sp,512
  36:	1604                	addi	s1,sp,800
  38:	2a04                	fld	fs1,16(a2)
  3a:	002a                	c.slli	zero,0xa
  3c:	ac04                	fsd	fs1,24(s0)
  3e:	bc01                	j	fffffffffffffa4e <__heap_end+0xffffffff7ffdaa4e>
  40:	0402                	c.slli64	s0
  42:	03a4                	addi	s1,sp,456
  44:	03a4                	addi	s1,sp,456
  46:	a604                	fsd	fs1,8(a2)
  48:	0403a803          	lw	a6,64(t2)
  4c:	03d2                	slli	t2,t2,0x14
  4e:	049a                	slli	s1,s1,0x6
  50:	0400                	addi	s0,sp,512
  52:	01ac                	addi	a1,sp,200
  54:	01de                	slli	gp,gp,0x17
  56:	d604                	sw	s1,40(a2)
  58:	0003e803          	lwu	a6,0(t2)
  5c:	0000000f          	fence	unknown,unknown
  60:	0005                	c.nop	1
  62:	0008                	.insn	2, 0x0008
  64:	0000                	unimp
  66:	0000                	unimp
  68:	1804                	addi	s1,sp,48
  6a:	041a                	slli	s0,s0,0x6
  6c:	221e                	fld	ft4,448(sp)
	...

Disassembly of section .debug_line:

0000000000000000 <.debug_line>:
       0:	03c6                	slli	t2,t2,0x11
       2:	0000                	unimp
       4:	0005                	c.nop	1
       6:	0008                	.insn	2, 0x0008
       8:	0045                	c.nop	17
       a:	0000                	unimp
       c:	0101                	addi	sp,sp,0
       e:	fb01                	bnez	a4,ffffffffffffff1e <__heap_end+0xffffffff7ffdaf1e>
      10:	0d0e                	slli	s10,s10,0x3
      12:	0100                	addi	s0,sp,128
      14:	0101                	addi	sp,sp,0
      16:	0001                	nop
      18:	0000                	unimp
      1a:	0001                	nop
      1c:	0100                	addi	s0,sp,128
      1e:	0101                	addi	sp,sp,0
      20:	041f 0053 0000      	.insn	6, 0x0053041f
      26:	008e                	slli	ra,ra,0x3
      28:	0000                	unimp
      2a:	000000c3          	fmadd.s	ft1,ft0,ft0,ft0,rne
      2e:	0000011b          	sext.w	sp,zero
      32:	0102                	c.slli64	sp
      34:	021f 050f 0035      	.insn	6, 0x0035050f021f
      3a:	0000                	unimp
      3c:	3501                	addiw	a0,a0,-32
      3e:	0000                	unimp
      40:	0100                	addi	s0,sp,128
      42:	0164                	addi	s1,sp,140
      44:	0000                	unimp
      46:	6d02                	ld	s10,0(sp)
      48:	0001                	nop
      4a:	0200                	addi	s0,sp,256
      4c:	017c                	addi	a5,sp,140
      4e:	0000                	unimp
      50:	00100503          	lb	a0,1(zero) # 1 <__boot_hart+0x1>
      54:	0209                	addi	tp,tp,2 # 2 <__boot_hart+0x2>
      56:	0230                	addi	a2,sp,264
      58:	8000                	.insn	2, 0x8000
      5a:	0000                	unimp
      5c:	0000                	unimp
      5e:	05010c03          	lb	s8,80(sp)
      62:	0305                	addi	t1,t1,1
      64:	0901                	addi	s2,s2,0
      66:	0000                	unimp
      68:	0501                	addi	a0,a0,0
      6a:	0610                	addi	a2,sp,768
      6c:	00097f03          	.insn	4, 0x00097f03
      70:	0100                	addi	s0,sp,128
      72:	0e05                	addi	t3,t3,1
      74:	18090103          	lb	sp,384(s2)
      78:	0100                	addi	s0,sp,128
      7a:	0505                	addi	a0,a0,1
      7c:	0306                	slli	t1,t1,0x1
      7e:	0040090b          	.insn	4, 0x0040090b
      82:	0301                	addi	t1,t1,0
      84:	0901                	addi	s2,s2,0
      86:	0000                	unimp
      88:	0301                	addi	t1,t1,0
      8a:	0901                	addi	s2,s2,0
      8c:	0000                	unimp
      8e:	0301                	addi	t1,t1,0
      90:	00000903          	lb	s2,0(zero) # 0 <__boot_hart>
      94:	0301                	addi	t1,t1,0
      96:	0901                	addi	s2,s2,0
      98:	0000                	unimp
      9a:	0301                	addi	t1,t1,0
      9c:	0901                	addi	s2,s2,0
      9e:	0000                	unimp
      a0:	0301                	addi	t1,t1,0
      a2:	0902                	c.slli64	s2
      a4:	0000                	unimp
      a6:	0501                	addi	a0,a0,0
      a8:	030a                	slli	t1,t1,0x2
      aa:	0900                	addi	s0,sp,144
      ac:	0000                	unimp
      ae:	0501                	addi	a0,a0,0
      b0:	04020017          	auipc	zero,0x4020
      b4:	0301                	addi	t1,t1,0
      b6:	0900                	addi	s0,sp,144
      b8:	0000                	unimp
      ba:	0501                	addi	a0,a0,0
      bc:	060e                	slli	a2,a2,0x3
      be:	28096c03          	lwu	s8,640(s2)
      c2:	0100                	addi	s0,sp,128
      c4:	0905                	addi	s2,s2,1
      c6:	0306                	slli	t1,t1,0x1
      c8:	0915                	addi	s2,s2,5
      ca:	0008                	.insn	2, 0x0008
      cc:	0501                	addi	a0,a0,0
      ce:	0616                	slli	a2,a2,0x5
      d0:	00090003          	lb	zero,0(s2)
      d4:	0100                	addi	s0,sp,128
      d6:	04090103          	lb	sp,64(s2)
      da:	0100                	addi	s0,sp,128
      dc:	04090103          	lb	sp,64(s2)
      e0:	0100                	addi	s0,sp,128
      e2:	04090103          	lb	sp,64(s2)
      e6:	0100                	addi	s0,sp,128
      e8:	04090103          	lb	sp,64(s2)
      ec:	0100                	addi	s0,sp,128
      ee:	04090103          	lb	sp,64(s2)
      f2:	0100                	addi	s0,sp,128
      f4:	04090103          	lb	sp,64(s2)
      f8:	0100                	addi	s0,sp,128
      fa:	04090103          	lb	sp,64(s2)
      fe:	0100                	addi	s0,sp,128
     100:	04097903          	.insn	4, 0x04097903
     104:	0100                	addi	s0,sp,128
     106:	0905                	addi	s2,s2,1
     108:	0306                	slli	t1,t1,0x1
     10a:	0901                	addi	s2,s2,0
     10c:	0004                	.insn	2, 0x0004
     10e:	0501                	addi	a0,a0,0
     110:	0616                	slli	a2,a2,0x5
     112:	00090003          	lb	zero,0(s2)
     116:	0100                	addi	s0,sp,128
     118:	0905                	addi	s2,s2,1
     11a:	0306                	slli	t1,t1,0x1
     11c:	0901                	addi	s2,s2,0
     11e:	0004                	.insn	2, 0x0004
     120:	0501                	addi	a0,a0,0
     122:	0616                	slli	a2,a2,0x5
     124:	00090003          	lb	zero,0(s2)
     128:	0100                	addi	s0,sp,128
     12a:	0905                	addi	s2,s2,1
     12c:	0306                	slli	t1,t1,0x1
     12e:	0901                	addi	s2,s2,0
     130:	0004                	.insn	2, 0x0004
     132:	0501                	addi	a0,a0,0
     134:	0616                	slli	a2,a2,0x5
     136:	00090003          	lb	zero,0(s2)
     13a:	0100                	addi	s0,sp,128
     13c:	0905                	addi	s2,s2,1
     13e:	0306                	slli	t1,t1,0x1
     140:	0901                	addi	s2,s2,0
     142:	0004                	.insn	2, 0x0004
     144:	0501                	addi	a0,a0,0
     146:	0616                	slli	a2,a2,0x5
     148:	00090003          	lb	zero,0(s2)
     14c:	0100                	addi	s0,sp,128
     14e:	0905                	addi	s2,s2,1
     150:	0306                	slli	t1,t1,0x1
     152:	0901                	addi	s2,s2,0
     154:	0004                	.insn	2, 0x0004
     156:	0501                	addi	a0,a0,0
     158:	0616                	slli	a2,a2,0x5
     15a:	00090003          	lb	zero,0(s2)
     15e:	0100                	addi	s0,sp,128
     160:	0905                	addi	s2,s2,1
     162:	0306                	slli	t1,t1,0x1
     164:	0901                	addi	s2,s2,0
     166:	0004                	.insn	2, 0x0004
     168:	0501                	addi	a0,a0,0
     16a:	0616                	slli	a2,a2,0x5
     16c:	00090003          	lb	zero,0(s2)
     170:	0100                	addi	s0,sp,128
     172:	0905                	addi	s2,s2,1
     174:	0306                	slli	t1,t1,0x1
     176:	0901                	addi	s2,s2,0
     178:	0004                	.insn	2, 0x0004
     17a:	0501                	addi	a0,a0,0
     17c:	0616                	slli	a2,a2,0x5
     17e:	00090003          	lb	zero,0(s2)
     182:	0100                	addi	s0,sp,128
     184:	1c05                	addi	s8,s8,-31
     186:	0200                	addi	s0,sp,256
     188:	0304                	addi	s1,sp,384
     18a:	0306                	slli	t1,t1,0x1
     18c:	0978                	addi	a4,sp,156
     18e:	0004                	.insn	2, 0x0004
     190:	0501                	addi	a0,a0,0
     192:	04020017          	auipc	zero,0x4020
     196:	0301                	addi	t1,t1,0
     198:	0900                	addi	s0,sp,144
     19a:	0000                	unimp
     19c:	0501                	addi	a0,a0,0
     19e:	0305                	addi	t1,t1,1
     1a0:	0028090b          	.insn	4, 0x0028090b
     1a4:	0301                	addi	t1,t1,0
     1a6:	0902                	c.slli64	s2
     1a8:	0000                	unimp
     1aa:	0301                	addi	t1,t1,0
     1ac:	00040903          	lb	s2,0(s0)
     1b0:	0501                	addi	a0,a0,0
     1b2:	061e                	slli	a2,a2,0x7
     1b4:	00090303          	lb	t1,0(s2)
     1b8:	0100                	addi	s0,sp,128
     1ba:	1105                	addi	sp,sp,-31
     1bc:	04097d03          	.insn	4, 0x04097d03
     1c0:	0100                	addi	s0,sp,128
     1c2:	0505                	addi	a0,a0,1
     1c4:	0306                	slli	t1,t1,0x1
     1c6:	0902                	c.slli64	s2
     1c8:	0004                	.insn	2, 0x0004
     1ca:	0501                	addi	a0,a0,0
     1cc:	061e                	slli	a2,a2,0x7
     1ce:	00090103          	lb	sp,0(s2)
     1d2:	0100                	addi	s0,sp,128
     1d4:	04090103          	lb	sp,64(s2)
     1d8:	0100                	addi	s0,sp,128
     1da:	08090103          	lb	sp,128(s2)
     1de:	0100                	addi	s0,sp,128
     1e0:	08090103          	lb	sp,128(s2)
     1e4:	0100                	addi	s0,sp,128
     1e6:	08090103          	lb	sp,128(s2)
     1ea:	0100                	addi	s0,sp,128
     1ec:	08090103          	lb	sp,128(s2)
     1f0:	0100                	addi	s0,sp,128
     1f2:	0905                	addi	s2,s2,1
     1f4:	08090803          	lb	a6,128(s2)
     1f8:	0100                	addi	s0,sp,128
     1fa:	0505                	addi	a0,a0,1
     1fc:	08090f03          	lb	t5,128(s2)
     200:	0100                	addi	s0,sp,128
     202:	1e05                	addi	t3,t3,-31
     204:	04096303          	lwu	t1,64(s2)
     208:	0100                	addi	s0,sp,128
     20a:	0505                	addi	a0,a0,1
     20c:	0306                	slli	t1,t1,0x1
     20e:	0901                	addi	s2,s2,0
     210:	0004                	.insn	2, 0x0004
     212:	0301                	addi	t1,t1,0
     214:	0901                	addi	s2,s2,0
     216:	0000                	unimp
     218:	0301                	addi	t1,t1,0
     21a:	0901                	addi	s2,s2,0
     21c:	0000                	unimp
     21e:	0301                	addi	t1,t1,0
     220:	0901                	addi	s2,s2,0
     222:	0000                	unimp
     224:	0301                	addi	t1,t1,0
     226:	0901                	addi	s2,s2,0
     228:	0000                	unimp
     22a:	0301                	addi	t1,t1,0
     22c:	0901                	addi	s2,s2,0
     22e:	0000                	unimp
     230:	0301                	addi	t1,t1,0
     232:	00000903          	lb	s2,0(zero) # 0 <__boot_hart>
     236:	0501                	addi	a0,a0,0
     238:	0609                	addi	a2,a2,2
     23a:	00090a03          	lb	s4,0(s2)
     23e:	0100                	addi	s0,sp,128
     240:	08097703          	.insn	4, 0x08097703
     244:	0100                	addi	s0,sp,128
     246:	0505                	addi	a0,a0,1
     248:	0306                	slli	t1,t1,0x1
     24a:	00040903          	lb	s2,0(s0)
     24e:	0501                	addi	a0,a0,0
     250:	0609                	addi	a2,a2,2
     252:	04090103          	lb	sp,64(s2)
     256:	0100                	addi	s0,sp,128
     258:	0505                	addi	a0,a0,1
     25a:	0306                	slli	t1,t1,0x1
     25c:	0902                	c.slli64	s2
     25e:	0004                	.insn	2, 0x0004
     260:	0601                	addi	a2,a2,0
     262:	00090d03          	lb	s10,0(s2)
     266:	0100                	addi	s0,sp,128
     268:	04090103          	lb	sp,64(s2)
     26c:	0100                	addi	s0,sp,128
     26e:	08090103          	lb	sp,128(s2)
     272:	0100                	addi	s0,sp,128
     274:	0905                	addi	s2,s2,1
     276:	08097203          	.insn	4, 0x08097203
     27a:	0100                	addi	s0,sp,128
     27c:	0505                	addi	a0,a0,1
     27e:	0306                	slli	t1,t1,0x1
     280:	0901                	addi	s2,s2,0
     282:	0004                	.insn	2, 0x0004
     284:	0501                	addi	a0,a0,0
     286:	0609                	addi	a2,a2,2
     288:	00090503          	lb	a0,0(s2)
     28c:	0100                	addi	s0,sp,128
     28e:	04097c03          	.insn	4, 0x04097c03
     292:	0100                	addi	s0,sp,128
     294:	0505                	addi	a0,a0,1
     296:	0306                	slli	t1,t1,0x1
     298:	00040903          	lb	s2,0(s0)
     29c:	0301                	addi	t1,t1,0
     29e:	0902                	c.slli64	s2
     2a0:	0000                	unimp
     2a2:	0501                	addi	a0,a0,0
     2a4:	0609                	addi	a2,a2,2
     2a6:	00090103          	lb	sp,0(s2)
     2aa:	0100                	addi	s0,sp,128
     2ac:	0505                	addi	a0,a0,1
     2ae:	0306                	slli	t1,t1,0x1
     2b0:	0901                	addi	s2,s2,0
     2b2:	0004                	.insn	2, 0x0004
     2b4:	0501                	addi	a0,a0,0
     2b6:	0609                	addi	a2,a2,2
     2b8:	00090103          	lb	sp,0(s2)
     2bc:	0100                	addi	s0,sp,128
     2be:	0505                	addi	a0,a0,1
     2c0:	0306                	slli	t1,t1,0x1
     2c2:	0902                	c.slli64	s2
     2c4:	0004                	.insn	2, 0x0004
     2c6:	0301                	addi	t1,t1,0
     2c8:	0901                	addi	s2,s2,0
     2ca:	0000                	unimp
     2cc:	0301                	addi	t1,t1,0
     2ce:	0901                	addi	s2,s2,0
     2d0:	0000                	unimp
     2d2:	0301                	addi	t1,t1,0
     2d4:	00040903          	lb	s2,0(s0)
     2d8:	0501                	addi	a0,a0,0
     2da:	030a                	slli	t1,t1,0x2
     2dc:	0900                	addi	s0,sp,144
     2de:	0000                	unimp
     2e0:	0501                	addi	a0,a0,0
     2e2:	04020017          	auipc	zero,0x4020
     2e6:	0301                	addi	t1,t1,0
     2e8:	0900                	addi	s0,sp,144
     2ea:	0000                	unimp
     2ec:	0501                	addi	a0,a0,0
     2ee:	0309                	addi	t1,t1,2
     2f0:	0901                	addi	s2,s2,0
     2f2:	0000                	unimp
     2f4:	0301                	addi	t1,t1,0
     2f6:	0901                	addi	s2,s2,0
     2f8:	0000                	unimp
     2fa:	0301                	addi	t1,t1,0
     2fc:	0901                	addi	s2,s2,0
     2fe:	0000                	unimp
     300:	0501                	addi	a0,a0,0
     302:	0621                	addi	a2,a2,8
     304:	00090003          	lb	zero,0(s2)
     308:	0100                	addi	s0,sp,128
     30a:	1705                	addi	a4,a4,-31
     30c:	0200                	addi	s0,sp,256
     30e:	0104                	addi	s1,sp,128
     310:	04097d03          	.insn	4, 0x04097d03
     314:	0100                	addi	s0,sp,128
     316:	2105                	addiw	sp,sp,1
     318:	08090303          	lb	t1,128(s2)
     31c:	0100                	addi	s0,sp,128
     31e:	1c05                	addi	s8,s8,-31
     320:	0200                	addi	s0,sp,256
     322:	0304                	addi	s1,sp,384
     324:	0306                	slli	t1,t1,0x1
     326:	097d                	addi	s2,s2,31
     328:	0004                	.insn	2, 0x0004
     32a:	0501                	addi	a0,a0,0
     32c:	04020017          	auipc	zero,0x4020
     330:	0301                	addi	t1,t1,0
     332:	0900                	addi	s0,sp,144
     334:	0000                	unimp
     336:	0501                	addi	a0,a0,0
     338:	0305                	addi	t1,t1,1
     33a:	0906                	slli	s2,s2,0x1
     33c:	0004                	.insn	2, 0x0004
     33e:	0301                	addi	t1,t1,0
     340:	0902                	c.slli64	s2
     342:	0004                	.insn	2, 0x0004
     344:	0301                	addi	t1,t1,0
     346:	0904                	addi	s1,sp,144
     348:	0010                	.insn	2, 0x0010
     34a:	0501                	addi	a0,a0,0
     34c:	030a                	slli	t1,t1,0x2
     34e:	0900                	addi	s0,sp,144
     350:	0000                	unimp
     352:	0501                	addi	a0,a0,0
     354:	04020017          	auipc	zero,0x4020
     358:	0301                	addi	t1,t1,0
     35a:	0900                	addi	s0,sp,144
     35c:	0000                	unimp
     35e:	0501                	addi	a0,a0,0
     360:	060e                	slli	a2,a2,0x3
     362:	00090003          	lb	zero,0(s2)
     366:	0100                	addi	s0,sp,128
     368:	0905                	addi	s2,s2,1
     36a:	04090103          	lb	sp,64(s2)
     36e:	0100                	addi	s0,sp,128
     370:	1705                	addi	a4,a4,-31
     372:	0200                	addi	s0,sp,256
     374:	0104                	addi	s1,sp,128
     376:	08097f03          	.insn	4, 0x08097f03
     37a:	0100                	addi	s0,sp,128
     37c:	0905                	addi	s2,s2,1
     37e:	0306                	slli	t1,t1,0x1
     380:	0901                	addi	s2,s2,0
     382:	0004                	.insn	2, 0x0004
     384:	0501                	addi	a0,a0,0
     386:	001c                	.insn	2, 0x001c
     388:	0402                	c.slli64	s0
     38a:	7f030603          	lb	a2,2032(t1)
     38e:	0c09                	addi	s8,s8,2
     390:	0100                	addi	s0,sp,128
     392:	0905                	addi	s2,s2,1
     394:	04090103          	lb	sp,64(s2)
     398:	0100                	addi	s0,sp,128
     39a:	1c05                	addi	s8,s8,-31
     39c:	0200                	addi	s0,sp,256
     39e:	0304                	addi	s1,sp,384
     3a0:	0306                	slli	t1,t1,0x1
     3a2:	097f 0004 0501 0017 	.insn	10, 0x0402001705010004097f
     3aa:	0402 
     3ac:	0301                	addi	t1,t1,0
     3ae:	0900                	addi	s0,sp,144
     3b0:	0000                	unimp
     3b2:	0501                	addi	a0,a0,0
     3b4:	0305                	addi	t1,t1,1
     3b6:	0904                	addi	s1,sp,144
     3b8:	0008                	.insn	2, 0x0008
     3ba:	0501                	addi	a0,a0,0
     3bc:	0601                	addi	a2,a2,0
     3be:	00090103          	lb	sp,0(s2)
     3c2:	0100                	addi	s0,sp,128
     3c4:	2009                	.insn	2, 0x2009
     3c6:	0000                	unimp
     3c8:	0101                	addi	sp,sp,0
     3ca:	07a1                	addi	a5,a5,8
     3cc:	0000                	unimp
     3ce:	0005                	c.nop	1
     3d0:	0008                	.insn	2, 0x0008
     3d2:	0038                	addi	a4,sp,8
     3d4:	0000                	unimp
     3d6:	0101                	addi	sp,sp,0
     3d8:	fb01                	bnez	a4,2e8 <__stack_align+0x2d8>
     3da:	0d0e                	slli	s10,s10,0x3
     3dc:	0100                	addi	s0,sp,128
     3de:	0101                	addi	sp,sp,0
     3e0:	0001                	nop
     3e2:	0000                	unimp
     3e4:	0001                	nop
     3e6:	0100                	addi	s0,sp,128
     3e8:	0101                	addi	sp,sp,0
     3ea:	021f 01b0 0000      	.insn	6, 0x01b0021f
     3f0:	00000247          	fmsub.s	ft4,ft0,ft0,ft0,rne
     3f4:	0102                	c.slli64	sp
     3f6:	021f 040f 01a3      	.insn	6, 0x01a3040f021f
     3fc:	0000                	unimp
     3fe:	a301                	j	8fe <__stack_align+0x8ee>
     400:	0001                	nop
     402:	0100                	addi	s0,sp,128
     404:	0266                	slli	tp,tp,0x19
     406:	0000                	unimp
     408:	6f01                	.insn	2, 0x6f01
     40a:	0002                	c.slli64	zero
     40c:	0100                	addi	s0,sp,128
     40e:	0105                	addi	sp,sp,1
     410:	0900                	addi	s0,sp,144
     412:	5c02                	lw	s8,32(sp)
     414:	003c                	addi	a5,sp,8
     416:	0080                	addi	s0,sp,64
     418:	0000                	unimp
     41a:	0300                	addi	s0,sp,384
     41c:	0122                	slli	sp,sp,0x8
     41e:	0305                	addi	t1,t1,1
     420:	00090103          	lb	sp,0(s2)
     424:	0100                	addi	s0,sp,128
     426:	00090003          	lb	zero,0(s2)
     42a:	0100                	addi	s0,sp,128
     42c:	0d05                	addi	s10,s10,1
     42e:	00090003          	lb	zero,0(s2)
     432:	0100                	addi	s0,sp,128
     434:	0305                	addi	t1,t1,1
     436:	00090103          	lb	sp,0(s2)
     43a:	0100                	addi	s0,sp,128
     43c:	00090003          	lb	zero,0(s2)
     440:	0100                	addi	s0,sp,128
     442:	00090003          	lb	zero,0(s2)
     446:	0100                	addi	s0,sp,128
     448:	00090003          	lb	zero,0(s2)
     44c:	0100                	addi	s0,sp,128
     44e:	00090103          	lb	sp,0(s2)
     452:	0100                	addi	s0,sp,128
     454:	00090003          	lb	zero,0(s2)
     458:	0100                	addi	s0,sp,128
     45a:	00090003          	lb	zero,0(s2)
     45e:	0100                	addi	s0,sp,128
     460:	00090003          	lb	zero,0(s2)
     464:	0100                	addi	s0,sp,128
     466:	00090103          	lb	sp,0(s2)
     46a:	0100                	addi	s0,sp,128
     46c:	00090203          	lb	tp,0(s2)
     470:	0100                	addi	s0,sp,128
     472:	00090003          	lb	zero,0(s2)
     476:	0100                	addi	s0,sp,128
     478:	0306                	slli	t1,t1,0x1
     47a:	0901                	addi	s2,s2,0
     47c:	0004                	.insn	2, 0x0004
     47e:	0001                	nop
     480:	0402                	c.slli64	s0
     482:	0302                	c.slli64	t1
     484:	0900                	addi	s0,sp,144
     486:	0012                	c.slli	zero,0x4
     488:	0301                	addi	t1,t1,0
     48a:	0904                	addi	s1,sp,144
     48c:	0006                	c.slli	zero,0x1
     48e:	0001                	nop
     490:	0402                	c.slli64	s0
     492:	0302                	c.slli64	t1
     494:	097c                	addi	a5,sp,156
     496:	0004                	.insn	2, 0x0004
     498:	0301                	addi	t1,t1,0
     49a:	0904                	addi	s1,sp,144
     49c:	0002                	c.slli64	zero
     49e:	0301                	addi	t1,t1,0
     4a0:	0006097b          	.insn	4, 0x0006097b
     4a4:	0601                	addi	a2,a2,0
     4a6:	02090003          	lb	zero,32(s2)
     4aa:	0100                	addi	s0,sp,128
     4ac:	00090103          	lb	sp,0(s2)
     4b0:	0100                	addi	s0,sp,128
     4b2:	00090003          	lb	zero,0(s2)
     4b6:	0100                	addi	s0,sp,128
     4b8:	00090003          	lb	zero,0(s2)
     4bc:	0100                	addi	s0,sp,128
     4be:	00090003          	lb	zero,0(s2)
     4c2:	0100                	addi	s0,sp,128
     4c4:	00090003          	lb	zero,0(s2)
     4c8:	0100                	addi	s0,sp,128
     4ca:	00090003          	lb	zero,0(s2)
     4ce:	0100                	addi	s0,sp,128
     4d0:	00090003          	lb	zero,0(s2)
     4d4:	0100                	addi	s0,sp,128
     4d6:	00090003          	lb	zero,0(s2)
     4da:	0100                	addi	s0,sp,128
     4dc:	00090003          	lb	zero,0(s2)
     4e0:	0100                	addi	s0,sp,128
     4e2:	00090003          	lb	zero,0(s2)
     4e6:	0100                	addi	s0,sp,128
     4e8:	00090003          	lb	zero,0(s2)
     4ec:	0100                	addi	s0,sp,128
     4ee:	0200                	addi	s0,sp,256
     4f0:	0204                	addi	s1,sp,256
     4f2:	00090003          	lb	zero,0(s2)
     4f6:	0100                	addi	s0,sp,128
     4f8:	0200                	addi	s0,sp,256
     4fa:	0204                	addi	s1,sp,256
     4fc:	00090003          	lb	zero,0(s2)
     500:	0100                	addi	s0,sp,128
     502:	0200                	addi	s0,sp,256
     504:	0404                	addi	s1,sp,512
     506:	04090003          	lb	zero,64(s2)
     50a:	0100                	addi	s0,sp,128
     50c:	0200                	addi	s0,sp,256
     50e:	0404                	addi	s1,sp,512
     510:	00090003          	lb	zero,0(s2)
     514:	0100                	addi	s0,sp,128
     516:	00090403          	lb	s0,0(s2)
     51a:	0100                	addi	s0,sp,128
     51c:	00090003          	lb	zero,0(s2)
     520:	0100                	addi	s0,sp,128
     522:	00090003          	lb	zero,0(s2)
     526:	0100                	addi	s0,sp,128
     528:	00090003          	lb	zero,0(s2)
     52c:	0100                	addi	s0,sp,128
     52e:	00090003          	lb	zero,0(s2)
     532:	0100                	addi	s0,sp,128
     534:	0200                	addi	s0,sp,256
     536:	0104                	addi	s1,sp,128
     538:	04090003          	lb	zero,64(s2)
     53c:	0100                	addi	s0,sp,128
     53e:	0200                	addi	s0,sp,256
     540:	0104                	addi	s1,sp,128
     542:	08090003          	lb	zero,128(s2)
     546:	0100                	addi	s0,sp,128
     548:	0200                	addi	s0,sp,256
     54a:	0304                	addi	s1,sp,384
     54c:	08090003          	lb	zero,128(s2)
     550:	0100                	addi	s0,sp,128
     552:	0200                	addi	s0,sp,256
     554:	0304                	addi	s1,sp,384
     556:	00090003          	lb	zero,0(s2)
     55a:	0100                	addi	s0,sp,128
     55c:	0200                	addi	s0,sp,256
     55e:	0604                	addi	s1,sp,768
     560:	0306                	slli	t1,t1,0x1
     562:	0900                	addi	s0,sp,144
     564:	0002                	c.slli64	zero
     566:	0001                	nop
     568:	0402                	c.slli64	s0
     56a:	09000307          	.insn	4, 0x09000307
     56e:	0006                	c.slli	zero,0x1
     570:	0001                	nop
     572:	0402                	c.slli64	s0
     574:	030e                	slli	t1,t1,0x3
     576:	0900                	addi	s0,sp,144
     578:	0002                	c.slli64	zero
     57a:	0001                	nop
     57c:	0402                	c.slli64	s0
     57e:	0310                	addi	a2,sp,384
     580:	0900                	addi	s0,sp,144
     582:	0006                	c.slli	zero,0x1
     584:	0001                	nop
     586:	0402                	c.slli64	s0
     588:	030a                	slli	t1,t1,0x2
     58a:	0900                	addi	s0,sp,144
     58c:	0004                	.insn	2, 0x0004
     58e:	0001                	nop
     590:	0402                	c.slli64	s0
     592:	0900030b          	.insn	4, 0x0900030b
     596:	0006                	c.slli	zero,0x1
     598:	0001                	nop
     59a:	0402                	c.slli64	s0
     59c:	030d                	addi	t1,t1,3
     59e:	0900                	addi	s0,sp,144
     5a0:	0002                	c.slli64	zero
     5a2:	0001                	nop
     5a4:	0402                	c.slli64	s0
     5a6:	0604                	addi	s1,sp,768
     5a8:	08090003          	lb	zero,128(s2)
     5ac:	0100                	addi	s0,sp,128
     5ae:	0200                	addi	s0,sp,256
     5b0:	1104                	addi	s1,sp,160
     5b2:	04090003          	lb	zero,64(s2)
     5b6:	0100                	addi	s0,sp,128
     5b8:	0200                	addi	s0,sp,256
     5ba:	1304                	addi	s1,sp,416
     5bc:	0306                	slli	t1,t1,0x1
     5be:	0900                	addi	s0,sp,144
     5c0:	0004                	.insn	2, 0x0004
     5c2:	0001                	nop
     5c4:	0402                	c.slli64	s0
     5c6:	0311                	addi	t1,t1,4
     5c8:	0900                	addi	s0,sp,144
     5ca:	0002                	c.slli64	zero
     5cc:	0001                	nop
     5ce:	0402                	c.slli64	s0
     5d0:	0614                	addi	a3,sp,768
     5d2:	04090003          	lb	zero,64(s2)
     5d6:	0100                	addi	s0,sp,128
     5d8:	0200                	addi	s0,sp,256
     5da:	1404                	addi	s1,sp,544
     5dc:	08090003          	lb	zero,128(s2)
     5e0:	0100                	addi	s0,sp,128
     5e2:	0200                	addi	s0,sp,256
     5e4:	1604                	addi	s1,sp,800
     5e6:	0306                	slli	t1,t1,0x1
     5e8:	0900                	addi	s0,sp,144
     5ea:	0008                	.insn	2, 0x0008
     5ec:	0001                	nop
     5ee:	0402                	c.slli64	s0
     5f0:	0314                	addi	a3,sp,384
     5f2:	0900                	addi	s0,sp,144
     5f4:	0004                	.insn	2, 0x0004
     5f6:	0001                	nop
     5f8:	0402                	c.slli64	s0
     5fa:	0616                	slli	a2,a2,0x5
     5fc:	04090003          	lb	zero,64(s2)
     600:	0100                	addi	s0,sp,128
     602:	0200                	addi	s0,sp,256
     604:	1b04                	addi	s1,sp,432
     606:	0306                	slli	t1,t1,0x1
     608:	0900                	addi	s0,sp,144
     60a:	000e                	c.slli	zero,0x3
     60c:	0001                	nop
     60e:	0402                	c.slli64	s0
     610:	0316                	slli	t1,t1,0x5
     612:	0900                	addi	s0,sp,144
     614:	000c                	.insn	2, 0x000c
     616:	0001                	nop
     618:	0402                	c.slli64	s0
     61a:	031d                	addi	t1,t1,7
     61c:	0900                	addi	s0,sp,144
     61e:	0004                	.insn	2, 0x0004
     620:	0001                	nop
     622:	0402                	c.slli64	s0
     624:	061d                	addi	a2,a2,7
     626:	02090003          	lb	zero,32(s2)
     62a:	0100                	addi	s0,sp,128
     62c:	0200                	addi	s0,sp,256
     62e:	0604                	addi	s1,sp,768
     630:	00090203          	lb	tp,0(s2)
     634:	0100                	addi	s0,sp,128
     636:	0200                	addi	s0,sp,256
     638:	0704                	addi	s1,sp,896
     63a:	00090003          	lb	zero,0(s2)
     63e:	0100                	addi	s0,sp,128
     640:	0200                	addi	s0,sp,256
     642:	0704                	addi	s1,sp,896
     644:	00090003          	lb	zero,0(s2)
     648:	0100                	addi	s0,sp,128
     64a:	0200                	addi	s0,sp,256
     64c:	0704                	addi	s1,sp,896
     64e:	00090003          	lb	zero,0(s2)
     652:	0100                	addi	s0,sp,128
     654:	0200                	addi	s0,sp,256
     656:	0704                	addi	s1,sp,896
     658:	00090003          	lb	zero,0(s2)
     65c:	0100                	addi	s0,sp,128
     65e:	0200                	addi	s0,sp,256
     660:	0704                	addi	s1,sp,896
     662:	00090003          	lb	zero,0(s2)
     666:	0100                	addi	s0,sp,128
     668:	0200                	addi	s0,sp,256
     66a:	0704                	addi	s1,sp,896
     66c:	00090003          	lb	zero,0(s2)
     670:	0100                	addi	s0,sp,128
     672:	0200                	addi	s0,sp,256
     674:	0704                	addi	s1,sp,896
     676:	00090003          	lb	zero,0(s2)
     67a:	0100                	addi	s0,sp,128
     67c:	0200                	addi	s0,sp,256
     67e:	0704                	addi	s1,sp,896
     680:	00090003          	lb	zero,0(s2)
     684:	0100                	addi	s0,sp,128
     686:	0200                	addi	s0,sp,256
     688:	0704                	addi	s1,sp,896
     68a:	00090003          	lb	zero,0(s2)
     68e:	0100                	addi	s0,sp,128
     690:	0200                	addi	s0,sp,256
     692:	0904                	addi	s1,sp,144
     694:	00090003          	lb	zero,0(s2)
     698:	0100                	addi	s0,sp,128
     69a:	0200                	addi	s0,sp,256
     69c:	0c04                	addi	s1,sp,528
     69e:	04090003          	lb	zero,64(s2)
     6a2:	0100                	addi	s0,sp,128
     6a4:	0200                	addi	s0,sp,256
     6a6:	0c04                	addi	s1,sp,528
     6a8:	00090003          	lb	zero,0(s2)
     6ac:	0100                	addi	s0,sp,128
     6ae:	0200                	addi	s0,sp,256
     6b0:	0c04                	addi	s1,sp,528
     6b2:	00090003          	lb	zero,0(s2)
     6b6:	0100                	addi	s0,sp,128
     6b8:	0200                	addi	s0,sp,256
     6ba:	0d04                	addi	s1,sp,656
     6bc:	08090003          	lb	zero,128(s2)
     6c0:	0100                	addi	s0,sp,128
     6c2:	0200                	addi	s0,sp,256
     6c4:	0d04                	addi	s1,sp,656
     6c6:	00090003          	lb	zero,0(s2)
     6ca:	0100                	addi	s0,sp,128
     6cc:	0200                	addi	s0,sp,256
     6ce:	1004                	addi	s1,sp,32
     6d0:	10090003          	lb	zero,256(s2)
     6d4:	0100                	addi	s0,sp,128
     6d6:	0200                	addi	s0,sp,256
     6d8:	1004                	addi	s1,sp,32
     6da:	00090003          	lb	zero,0(s2)
     6de:	0100                	addi	s0,sp,128
     6e0:	0200                	addi	s0,sp,256
     6e2:	1404                	addi	s1,sp,544
     6e4:	0a090003          	lb	zero,160(s2)
     6e8:	0100                	addi	s0,sp,128
     6ea:	0200                	addi	s0,sp,256
     6ec:	1704                	addi	s1,sp,928
     6ee:	02090003          	lb	zero,32(s2)
     6f2:	0100                	addi	s0,sp,128
     6f4:	0200                	addi	s0,sp,256
     6f6:	1704                	addi	s1,sp,928
     6f8:	00090003          	lb	zero,0(s2)
     6fc:	0100                	addi	s0,sp,128
     6fe:	0200                	addi	s0,sp,256
     700:	2404                	fld	fs1,8(s0)
     702:	0a090003          	lb	zero,160(s2)
     706:	0100                	addi	s0,sp,128
     708:	0200                	addi	s0,sp,256
     70a:	2404                	fld	fs1,8(s0)
     70c:	00090003          	lb	zero,0(s2)
     710:	0100                	addi	s0,sp,128
     712:	0200                	addi	s0,sp,256
     714:	2504                	fld	fs1,8(a0)
     716:	08090003          	lb	zero,128(s2)
     71a:	0100                	addi	s0,sp,128
     71c:	0200                	addi	s0,sp,256
     71e:	2504                	fld	fs1,8(a0)
     720:	06090003          	lb	zero,96(s2)
     724:	0100                	addi	s0,sp,128
     726:	0200                	addi	s0,sp,256
     728:	2804                	fld	fs1,16(s0)
     72a:	0c090003          	lb	zero,192(s2)
     72e:	0100                	addi	s0,sp,128
     730:	0200                	addi	s0,sp,256
     732:	2804                	fld	fs1,16(s0)
     734:	00090003          	lb	zero,0(s2)
     738:	0100                	addi	s0,sp,128
     73a:	0200                	addi	s0,sp,256
     73c:	2c04                	fld	fs1,24(s0)
     73e:	0a090003          	lb	zero,160(s2)
     742:	0100                	addi	s0,sp,128
     744:	0200                	addi	s0,sp,256
     746:	2f04                	fld	fs1,24(a4)
     748:	02090003          	lb	zero,32(s2)
     74c:	0100                	addi	s0,sp,128
     74e:	0200                	addi	s0,sp,256
     750:	2f04                	fld	fs1,24(a4)
     752:	00090003          	lb	zero,0(s2)
     756:	0100                	addi	s0,sp,128
     758:	0200                	addi	s0,sp,256
     75a:	3a04                	fld	fs1,48(a2)
     75c:	02090003          	lb	zero,32(s2)
     760:	0100                	addi	s0,sp,128
     762:	0200                	addi	s0,sp,256
     764:	3e04                	fld	fs1,56(a2)
     766:	0a090003          	lb	zero,160(s2)
     76a:	0100                	addi	s0,sp,128
     76c:	0200                	addi	s0,sp,256
     76e:	3f04                	fld	fs1,56(a4)
     770:	08090003          	lb	zero,128(s2)
     774:	0100                	addi	s0,sp,128
     776:	0200                	addi	s0,sp,256
     778:	3f04                	fld	fs1,56(a4)
     77a:	00090003          	lb	zero,0(s2)
     77e:	0100                	addi	s0,sp,128
     780:	0200                	addi	s0,sp,256
     782:	3f04                	fld	fs1,56(a4)
     784:	02090003          	lb	zero,32(s2)
     788:	0100                	addi	s0,sp,128
     78a:	0200                	addi	s0,sp,256
     78c:	4f04                	lw	s1,24(a4)
     78e:	10090003          	lb	zero,256(s2)
     792:	0100                	addi	s0,sp,128
     794:	0200                	addi	s0,sp,256
     796:	4f04                	lw	s1,24(a4)
     798:	00090003          	lb	zero,0(s2)
     79c:	0100                	addi	s0,sp,128
     79e:	0200                	addi	s0,sp,256
     7a0:	4f04                	lw	s1,24(a4)
     7a2:	06090003          	lb	zero,96(s2)
     7a6:	0100                	addi	s0,sp,128
     7a8:	0200                	addi	s0,sp,256
     7aa:	5004                	lw	s1,32(s0)
     7ac:	0306                	slli	t1,t1,0x1
     7ae:	0900                	addi	s0,sp,144
     7b0:	0004                	.insn	2, 0x0004
     7b2:	0001                	nop
     7b4:	0402                	c.slli64	s0
     7b6:	0354                	addi	a3,sp,388
     7b8:	0900                	addi	s0,sp,144
     7ba:	0002                	c.slli64	zero
     7bc:	0001                	nop
     7be:	0402                	c.slli64	s0
     7c0:	065a                	slli	a2,a2,0x16
     7c2:	06090003          	lb	zero,96(s2)
     7c6:	0100                	addi	s0,sp,128
     7c8:	0200                	addi	s0,sp,256
     7ca:	5a04                	lw	s1,48(a2)
     7cc:	00090003          	lb	zero,0(s2)
     7d0:	0100                	addi	s0,sp,128
     7d2:	0200                	addi	s0,sp,256
     7d4:	5a04                	lw	s1,48(a2)
     7d6:	00090003          	lb	zero,0(s2)
     7da:	0100                	addi	s0,sp,128
     7dc:	0200                	addi	s0,sp,256
     7de:	5a04                	lw	s1,48(a2)
     7e0:	00090003          	lb	zero,0(s2)
     7e4:	0100                	addi	s0,sp,128
     7e6:	0200                	addi	s0,sp,256
     7e8:	5a04                	lw	s1,48(a2)
     7ea:	00090003          	lb	zero,0(s2)
     7ee:	0100                	addi	s0,sp,128
     7f0:	0200                	addi	s0,sp,256
     7f2:	5a04                	lw	s1,48(a2)
     7f4:	00090003          	lb	zero,0(s2)
     7f8:	0100                	addi	s0,sp,128
     7fa:	0200                	addi	s0,sp,256
     7fc:	5a04                	lw	s1,48(a2)
     7fe:	00090003          	lb	zero,0(s2)
     802:	0100                	addi	s0,sp,128
     804:	0200                	addi	s0,sp,256
     806:	5a04                	lw	s1,48(a2)
     808:	16090003          	lb	zero,352(s2)
     80c:	0100                	addi	s0,sp,128
     80e:	0200                	addi	s0,sp,256
     810:	5a04                	lw	s1,48(a2)
     812:	00090003          	lb	zero,0(s2)
     816:	0100                	addi	s0,sp,128
     818:	0200                	addi	s0,sp,256
     81a:	5a04                	lw	s1,48(a2)
     81c:	00090003          	lb	zero,0(s2)
     820:	0100                	addi	s0,sp,128
     822:	00090103          	lb	sp,0(s2)
     826:	0100                	addi	s0,sp,128
     828:	00090003          	lb	zero,0(s2)
     82c:	0100                	addi	s0,sp,128
     82e:	0200                	addi	s0,sp,256
     830:	0104                	addi	s1,sp,128
     832:	0306                	slli	t1,t1,0x1
     834:	0900                	addi	s0,sp,144
     836:	0000                	unimp
     838:	0001                	nop
     83a:	0402                	c.slli64	s0
     83c:	0601                	addi	a2,a2,0
     83e:	02090003          	lb	zero,32(s2)
     842:	0100                	addi	s0,sp,128
     844:	0200                	addi	s0,sp,256
     846:	0304                	addi	s1,sp,384
     848:	04090003          	lb	zero,64(s2)
     84c:	0100                	addi	s0,sp,128
     84e:	00090203          	lb	tp,0(s2)
     852:	0100                	addi	s0,sp,128
     854:	0105                	addi	sp,sp,1
     856:	0306                	slli	t1,t1,0x1
     858:	0901                	addi	s2,s2,0
     85a:	0000                	unimp
     85c:	0501                	addi	a0,a0,0
     85e:	04020003          	lb	zero,64(tp) # 40 <__stack_align+0x30>
     862:	7a030617          	auipc	a2,0x7a030
     866:	0609                	addi	a2,a2,2 # 7a030864 <__heap_size+0x7a010864>
     868:	0100                	addi	s0,sp,128
     86a:	0200                	addi	s0,sp,256
     86c:	2004                	fld	fs1,0(s0)
     86e:	0306                	slli	t1,t1,0x1
     870:	0900                	addi	s0,sp,144
     872:	000c                	.insn	2, 0x000c
     874:	0001                	nop
     876:	0402                	c.slli64	s0
     878:	09000317          	auipc	t1,0x9000
     87c:	0002                	c.slli64	zero
     87e:	0001                	nop
     880:	0402                	c.slli64	s0
     882:	031f 0900 0004      	.insn	6, 0x00040900031f
     888:	0001                	nop
     88a:	0402                	c.slli64	s0
     88c:	0322                	slli	t1,t1,0x8
     88e:	0900                	addi	s0,sp,144
     890:	0008                	.insn	2, 0x0008
     892:	0001                	nop
     894:	0402                	c.slli64	s0
     896:	0622                	slli	a2,a2,0x8
     898:	0a090003          	lb	zero,160(s2)
     89c:	0100                	addi	s0,sp,128
     89e:	0200                	addi	s0,sp,256
     8a0:	1204                	addi	s1,sp,288
     8a2:	02090003          	lb	zero,32(s2)
     8a6:	0100                	addi	s0,sp,128
     8a8:	0200                	addi	s0,sp,256
     8aa:	1204                	addi	s1,sp,288
     8ac:	00090003          	lb	zero,0(s2)
     8b0:	0100                	addi	s0,sp,128
     8b2:	0200                	addi	s0,sp,256
     8b4:	1204                	addi	s1,sp,288
     8b6:	14090003          	lb	zero,320(s2)
     8ba:	0100                	addi	s0,sp,128
     8bc:	0306                	slli	t1,t1,0x1
     8be:	0976                	slli	s2,s2,0x1d
     8c0:	0000                	unimp
     8c2:	0001                	nop
     8c4:	0402                	c.slli64	s0
     8c6:	0602                	c.slli64	a2
     8c8:	04090a03          	lb	s4,64(s2)
     8cc:	0100                	addi	s0,sp,128
     8ce:	0200                	addi	s0,sp,256
     8d0:	2a04                	fld	fs1,16(a2)
     8d2:	0306                	slli	t1,t1,0x1
     8d4:	0900                	addi	s0,sp,144
     8d6:	0000                	unimp
     8d8:	0001                	nop
     8da:	0402                	c.slli64	s0
     8dc:	0302                	c.slli64	t1
     8de:	0900                	addi	s0,sp,144
     8e0:	0004                	.insn	2, 0x0004
     8e2:	0001                	nop
     8e4:	0402                	c.slli64	s0
     8e6:	0626                	slli	a2,a2,0x9
     8e8:	04090003          	lb	zero,64(s2)
     8ec:	0100                	addi	s0,sp,128
     8ee:	0200                	addi	s0,sp,256
     8f0:	2604                	fld	fs1,8(a2)
     8f2:	00090003          	lb	zero,0(s2)
     8f6:	0100                	addi	s0,sp,128
     8f8:	0200                	addi	s0,sp,256
     8fa:	2a04                	fld	fs1,16(a2)
     8fc:	00090003          	lb	zero,0(s2)
     900:	0100                	addi	s0,sp,128
     902:	0200                	addi	s0,sp,256
     904:	2a04                	fld	fs1,16(a2)
     906:	00090003          	lb	zero,0(s2)
     90a:	0100                	addi	s0,sp,128
     90c:	0200                	addi	s0,sp,256
     90e:	2a04                	fld	fs1,16(a2)
     910:	00090003          	lb	zero,0(s2)
     914:	0100                	addi	s0,sp,128
     916:	0200                	addi	s0,sp,256
     918:	4104                	lw	s1,0(a0)
     91a:	00090003          	lb	zero,0(s2)
     91e:	0100                	addi	s0,sp,128
     920:	0200                	addi	s0,sp,256
     922:	4104                	lw	s1,0(a0)
     924:	00090003          	lb	zero,0(s2)
     928:	0100                	addi	s0,sp,128
     92a:	00090203          	lb	tp,0(s2)
     92e:	0100                	addi	s0,sp,128
     930:	00090003          	lb	zero,0(s2)
     934:	0100                	addi	s0,sp,128
     936:	00090003          	lb	zero,0(s2)
     93a:	0100                	addi	s0,sp,128
     93c:	0306                	slli	t1,t1,0x1
     93e:	0974                	addi	a3,sp,156
     940:	0000                	unimp
     942:	0001                	nop
     944:	0402                	c.slli64	s0
     946:	0301                	addi	t1,t1,0 # 9000878 <__heap_size+0x8fe0878>
     948:	090c                	addi	a1,sp,144
     94a:	0002                	c.slli64	zero
     94c:	0001                	nop
     94e:	0402                	c.slli64	s0
     950:	097e032b          	.insn	4, 0x097e032b
     954:	0002                	c.slli64	zero
     956:	0001                	nop
     958:	0402                	c.slli64	s0
     95a:	00030627          	.insn	4, 0x00030627
     95e:	0409                	addi	s0,s0,2
     960:	0100                	addi	s0,sp,128
     962:	0200                	addi	s0,sp,256
     964:	2704                	fld	fs1,8(a4)
     966:	00090003          	lb	zero,0(s2)
     96a:	0100                	addi	s0,sp,128
     96c:	0200                	addi	s0,sp,256
     96e:	3004                	fld	fs1,32(s0)
     970:	02090003          	lb	zero,32(s2)
     974:	0100                	addi	s0,sp,128
     976:	0200                	addi	s0,sp,256
     978:	3004                	fld	fs1,32(s0)
     97a:	00090003          	lb	zero,0(s2)
     97e:	0100                	addi	s0,sp,128
     980:	0306                	slli	t1,t1,0x1
     982:	0976                	slli	s2,s2,0x1d
     984:	0000                	unimp
     986:	0001                	nop
     988:	0402                	c.slli64	s0
     98a:	0330                	addi	a2,sp,392
     98c:	090a                	slli	s2,s2,0x2
     98e:	0002                	c.slli64	zero
     990:	0001                	nop
     992:	0402                	c.slli64	s0
     994:	0334                	addi	a3,sp,392
     996:	0900                	addi	s0,sp,144
     998:	0004                	.insn	2, 0x0004
     99a:	0001                	nop
     99c:	0402                	c.slli64	s0
     99e:	0638                	addi	a4,sp,776
     9a0:	0a090003          	lb	zero,160(s2)
     9a4:	0100                	addi	s0,sp,128
     9a6:	0200                	addi	s0,sp,256
     9a8:	3804                	fld	fs1,48(s0)
     9aa:	00090003          	lb	zero,0(s2)
     9ae:	0100                	addi	s0,sp,128
     9b0:	0200                	addi	s0,sp,256
     9b2:	3804                	fld	fs1,48(s0)
     9b4:	00090003          	lb	zero,0(s2)
     9b8:	0100                	addi	s0,sp,128
     9ba:	0200                	addi	s0,sp,256
     9bc:	3804                	fld	fs1,48(s0)
     9be:	04090003          	lb	zero,64(s2)
     9c2:	0100                	addi	s0,sp,128
     9c4:	0200                	addi	s0,sp,256
     9c6:	3804                	fld	fs1,48(s0)
     9c8:	00090003          	lb	zero,0(s2)
     9cc:	0100                	addi	s0,sp,128
     9ce:	0200                	addi	s0,sp,256
     9d0:	3804                	fld	fs1,48(s0)
     9d2:	00090003          	lb	zero,0(s2)
     9d6:	0100                	addi	s0,sp,128
     9d8:	0200                	addi	s0,sp,256
     9da:	3a04                	fld	fs1,48(a2)
     9dc:	0306                	slli	t1,t1,0x1
     9de:	0900                	addi	s0,sp,144
     9e0:	0004                	.insn	2, 0x0004
     9e2:	0001                	nop
     9e4:	0402                	c.slli64	s0
     9e6:	0338                	addi	a4,sp,392
     9e8:	0900                	addi	s0,sp,144
     9ea:	0002                	c.slli64	zero
     9ec:	0001                	nop
     9ee:	0402                	c.slli64	s0
     9f0:	0638                	addi	a4,sp,776
     9f2:	02090003          	lb	zero,32(s2)
     9f6:	0100                	addi	s0,sp,128
     9f8:	0200                	addi	s0,sp,256
     9fa:	3804                	fld	fs1,48(s0)
     9fc:	00090003          	lb	zero,0(s2)
     a00:	0100                	addi	s0,sp,128
     a02:	0200                	addi	s0,sp,256
     a04:	3a04                	fld	fs1,48(a2)
     a06:	00090003          	lb	zero,0(s2)
     a0a:	0100                	addi	s0,sp,128
     a0c:	0200                	addi	s0,sp,256
     a0e:	2704                	fld	fs1,8(a4)
     a10:	0306                	slli	t1,t1,0x1
     a12:	0900                	addi	s0,sp,144
     a14:	0004                	.insn	2, 0x0004
     a16:	0001                	nop
     a18:	0402                	c.slli64	s0
     a1a:	0641                	addi	a2,a2,16
     a1c:	04090003          	lb	zero,64(s2)
     a20:	0100                	addi	s0,sp,128
     a22:	0200                	addi	s0,sp,256
     a24:	4104                	lw	s1,0(a0)
     a26:	00090003          	lb	zero,0(s2)
     a2a:	0100                	addi	s0,sp,128
     a2c:	00090203          	lb	tp,0(s2)
     a30:	0100                	addi	s0,sp,128
     a32:	00090003          	lb	zero,0(s2)
     a36:	0100                	addi	s0,sp,128
     a38:	00090003          	lb	zero,0(s2)
     a3c:	0100                	addi	s0,sp,128
     a3e:	0200                	addi	s0,sp,256
     a40:	0604                	addi	s1,sp,768
     a42:	0306                	slli	t1,t1,0x1
     a44:	0900                	addi	s0,sp,144
     a46:	0000                	unimp
     a48:	0001                	nop
     a4a:	0402                	c.slli64	s0
     a4c:	00030613          	mv	a2,t1
     a50:	0409                	addi	s0,s0,2
     a52:	0100                	addi	s0,sp,128
     a54:	0200                	addi	s0,sp,256
     a56:	1304                	addi	s1,sp,416
     a58:	00090003          	lb	zero,0(s2)
     a5c:	0100                	addi	s0,sp,128
     a5e:	0200                	addi	s0,sp,256
     a60:	0d04                	addi	s1,sp,656
     a62:	0306                	slli	t1,t1,0x1
     a64:	0900                	addi	s0,sp,144
     a66:	0000                	unimp
     a68:	0001                	nop
     a6a:	0402                	c.slli64	s0
     a6c:	09000313          	li	t1,144
     a70:	0002                	c.slli64	zero
     a72:	0001                	nop
     a74:	0402                	c.slli64	s0
     a76:	061f 0003 0409      	.insn	6, 0x04090003061f
     a7c:	0100                	addi	s0,sp,128
     a7e:	0200                	addi	s0,sp,256
     a80:	1204                	addi	s1,sp,288
     a82:	04090003          	lb	zero,64(s2)
     a86:	0100                	addi	s0,sp,128
     a88:	0200                	addi	s0,sp,256
     a8a:	1204                	addi	s1,sp,288
     a8c:	00090003          	lb	zero,0(s2)
     a90:	0100                	addi	s0,sp,128
     a92:	0200                	addi	s0,sp,256
     a94:	0d04                	addi	s1,sp,656
     a96:	0306                	slli	t1,t1,0x1
     a98:	0900                	addi	s0,sp,144
     a9a:	0000                	unimp
     a9c:	0001                	nop
     a9e:	0402                	c.slli64	s0
     aa0:	0312                	slli	t1,t1,0x4
     aa2:	0900                	addi	s0,sp,144
     aa4:	0002                	c.slli64	zero
     aa6:	0001                	nop
     aa8:	0402                	c.slli64	s0
     aaa:	0003062b          	.insn	4, 0x0003062b
     aae:	0609                	addi	a2,a2,2
     ab0:	0100                	addi	s0,sp,128
     ab2:	0200                	addi	s0,sp,256
     ab4:	2b04                	fld	fs1,16(a4)
     ab6:	00090003          	lb	zero,0(s2)
     aba:	0100                	addi	s0,sp,128
     abc:	0200                	addi	s0,sp,256
     abe:	3704                	fld	fs1,40(a4)
     ac0:	02090003          	lb	zero,32(s2)
     ac4:	0100                	addi	s0,sp,128
     ac6:	0200                	addi	s0,sp,256
     ac8:	2a04                	fld	fs1,16(a2)
     aca:	04090003          	lb	zero,64(s2)
     ace:	0100                	addi	s0,sp,128
     ad0:	0200                	addi	s0,sp,256
     ad2:	2a04                	fld	fs1,16(a2)
     ad4:	00090003          	lb	zero,0(s2)
     ad8:	0100                	addi	s0,sp,128
     ada:	0200                	addi	s0,sp,256
     adc:	4104                	lw	s1,0(a0)
     ade:	04090003          	lb	zero,64(s2)
     ae2:	0100                	addi	s0,sp,128
     ae4:	0200                	addi	s0,sp,256
     ae6:	4104                	lw	s1,0(a0)
     ae8:	00090003          	lb	zero,0(s2)
     aec:	0100                	addi	s0,sp,128
     aee:	0200                	addi	s0,sp,256
     af0:	4b04                	lw	s1,16(a4)
     af2:	0306                	slli	t1,t1,0x1
     af4:	0900                	addi	s0,sp,144
     af6:	0000                	unimp
     af8:	0001                	nop
     afa:	0402                	c.slli64	s0
     afc:	0341                	addi	t1,t1,16
     afe:	0900                	addi	s0,sp,144
     b00:	0002                	c.slli64	zero
     b02:	0001                	nop
     b04:	0402                	c.slli64	s0
     b06:	0344                	addi	s1,sp,388
     b08:	0900                	addi	s0,sp,144
     b0a:	0002                	c.slli64	zero
     b0c:	0001                	nop
     b0e:	0402                	c.slli64	s0
     b10:	0345                	addi	t1,t1,17
     b12:	0900                	addi	s0,sp,144
     b14:	0006                	c.slli	zero,0x1
     b16:	0001                	nop
     b18:	0402                	c.slli64	s0
     b1a:	034c                	addi	a1,sp,388
     b1c:	0900                	addi	s0,sp,144
     b1e:	0002                	c.slli64	zero
     b20:	0001                	nop
     b22:	0402                	c.slli64	s0
     b24:	0348                	addi	a0,sp,388
     b26:	0900                	addi	s0,sp,144
     b28:	0008                	.insn	2, 0x0008
     b2a:	0001                	nop
     b2c:	0402                	c.slli64	s0
     b2e:	0349                	addi	t1,t1,18
     b30:	0900                	addi	s0,sp,144
     b32:	0006                	c.slli	zero,0x1
     b34:	0001                	nop
     b36:	0402                	c.slli64	s0
     b38:	064e                	slli	a2,a2,0x13
     b3a:	02090003          	lb	zero,32(s2)
     b3e:	0100                	addi	s0,sp,128
     b40:	0200                	addi	s0,sp,256
     b42:	4e04                	lw	s1,24(a2)
     b44:	00090003          	lb	zero,0(s2)
     b48:	0100                	addi	s0,sp,128
     b4a:	0200                	addi	s0,sp,256
     b4c:	2f04                	fld	fs1,24(a4)
     b4e:	06090003          	lb	zero,96(s2)
     b52:	0100                	addi	s0,sp,128
     b54:	0200                	addi	s0,sp,256
     b56:	2f04                	fld	fs1,24(a4)
     b58:	00090003          	lb	zero,0(s2)
     b5c:	0100                	addi	s0,sp,128
     b5e:	0200                	addi	s0,sp,256
     b60:	2704                	fld	fs1,8(a4)
     b62:	0306                	slli	t1,t1,0x1
     b64:	097e                	slli	s2,s2,0x1f
     b66:	0006                	c.slli	zero,0x1
     b68:	0901                	addi	s2,s2,0
     b6a:	0006                	c.slli	zero,0x1
     b6c:	0100                	addi	s0,sp,128
     b6e:	9201                	srli	a2,a2,0x20
     b70:	0000                	unimp
     b72:	0500                	addi	s0,sp,640
     b74:	0800                	addi	s0,sp,16
     b76:	3700                	fld	fs0,40(a4)
     b78:	0000                	unimp
     b7a:	0100                	addi	s0,sp,128
     b7c:	0101                	addi	sp,sp,0
     b7e:	000d0efb          	.insn	4, 0x000d0efb
     b82:	0101                	addi	sp,sp,0
     b84:	0101                	addi	sp,sp,0
     b86:	0000                	unimp
     b88:	0100                	addi	s0,sp,128
     b8a:	0000                	unimp
     b8c:	0101                	addi	sp,sp,0
     b8e:	1f01                	addi	t5,t5,-32
     b90:	00027603          	.insn	4, 0x00027603
     b94:	b500                	fsd	fs0,40(a0)
     b96:	0002                	c.slli64	zero
     b98:	bc00                	fsd	fs0,56(s0)
     b9a:	0002                	c.slli64	zero
     b9c:	0200                	addi	s0,sp,256
     b9e:	1f01                	addi	t5,t5,-32
     ba0:	0f02                	c.slli64	t5
     ba2:	0002ad03          	lw	s10,0(t0)
     ba6:	0100                	addi	s0,sp,128
     ba8:	02ad                	addi	t0,t0,11
     baa:	0000                	unimp
     bac:	0901                	addi	s2,s2,0
     bae:	02000003          	lb	zero,32(zero) # 20 <__stack_align+0x10>
     bb2:	0105                	addi	sp,sp,1
     bb4:	0900                	addi	s0,sp,144
     bb6:	7c02                	ld	s8,32(sp)
     bb8:	003e                	c.slli	zero,0xf
     bba:	0080                	addi	s0,sp,64
     bbc:	0000                	unimp
     bbe:	1600                	addi	s0,sp,800
     bc0:	0505                	addi	a0,a0,1
     bc2:	00090103          	lb	sp,0(s2)
     bc6:	0100                	addi	s0,sp,128
     bc8:	0105                	addi	sp,sp,1
     bca:	0306                	slli	t1,t1,0x1
     bcc:	097f 0000 0501 0305 	.insn	10, 0x0901030505010000097f
     bd4:	0901 
     bd6:	0004                	.insn	2, 0x0004
     bd8:	0501                	addi	a0,a0,0
     bda:	0301                	addi	t1,t1,0
     bdc:	0902                	c.slli64	s2
     bde:	0004                	.insn	2, 0x0004
     be0:	0501                	addi	a0,a0,0
     be2:	0402000b          	.insn	4, 0x0402000b
     be6:	0301                	addi	t1,t1,0
     be8:	097e                	slli	s2,s2,0x1f
     bea:	0002                	c.slli64	zero
     bec:	0501                	addi	a0,a0,0
     bee:	0605                	addi	a2,a2,1
     bf0:	04090103          	lb	sp,64(s2)
     bf4:	0100                	addi	s0,sp,128
     bf6:	0105                	addi	sp,sp,1
     bf8:	0306                	slli	t1,t1,0x1
     bfa:	0901                	addi	s2,s2,0
     bfc:	0000                	unimp
     bfe:	0901                	addi	s2,s2,0
     c00:	0006                	c.slli	zero,0x1
     c02:	0100                	addi	s0,sp,128
     c04:	bb01                	j	914 <__stack_align+0x904>
     c06:	0000                	unimp
     c08:	0500                	addi	s0,sp,640
     c0a:	0800                	addi	s0,sp,16
     c0c:	4900                	lw	s0,16(a0)
     c0e:	0000                	unimp
     c10:	0100                	addi	s0,sp,128
     c12:	0101                	addi	sp,sp,0
     c14:	000d0efb          	.insn	4, 0x000d0efb
     c18:	0101                	addi	sp,sp,0
     c1a:	0101                	addi	sp,sp,0
     c1c:	0000                	unimp
     c1e:	0100                	addi	s0,sp,128
     c20:	0000                	unimp
     c22:	0101                	addi	sp,sp,0
     c24:	1f01                	addi	t5,t5,-32
     c26:	7605                	lui	a2,0xfffe1
     c28:	0002                	c.slli64	zero
     c2a:	b500                	fsd	fs0,40(a0)
     c2c:	0002                	c.slli64	zero
     c2e:	1f00                	addi	s0,sp,944
     c30:	bc000003          	lb	zero,-1088(zero) # fffffffffffffbc0 <__heap_end+0xffffffff7ffdabc0>
     c34:	0002                	c.slli64	zero
     c36:	7000                	ld	s0,32(s0)
     c38:	02000003          	lb	zero,32(zero) # 20 <__stack_align+0x10>
     c3c:	1f01                	addi	t5,t5,-32
     c3e:	0f02                	c.slli64	t5
     c40:	1805                	addi	a6,a6,-31
     c42:	01000003          	lb	zero,16(zero) # 10 <__stack_align>
     c46:	0318                	addi	a4,sp,384
     c48:	0000                	unimp
     c4a:	7b01                	lui	s6,0xfffe0
     c4c:	02000003          	lb	zero,32(zero) # 20 <__stack_align+0x10>
     c50:	038c                	addi	a1,sp,448
     c52:	0000                	unimp
     c54:	00039603          	lh	a2,0(t2)
     c58:	0400                	addi	s0,sp,512
     c5a:	0105                	addi	sp,sp,1
     c5c:	0900                	addi	s0,sp,144
     c5e:	9002                	ebreak
     c60:	003e                	c.slli	zero,0xf
     c62:	0080                	addi	s0,sp,64
     c64:	0000                	unimp
     c66:	1600                	addi	s0,sp,800
     c68:	0505                	addi	a0,a0,1
     c6a:	00090103          	lb	sp,0(s2)
     c6e:	0100                	addi	s0,sp,128
     c70:	1405                	addi	s0,s0,-31
     c72:	0306                	slli	t1,t1,0x1
     c74:	0900                	addi	s0,sp,144
     c76:	0000                	unimp
     c78:	0501                	addi	a0,a0,0
     c7a:	030e                	slli	t1,t1,0x3
     c7c:	0900                	addi	s0,sp,144
     c7e:	000a                	c.slli	zero,0x2
     c80:	0501                	addi	a0,a0,0
     c82:	0605                	addi	a2,a2,1 # fffffffffffe1001 <__heap_end+0xffffffff7ffbc001>
     c84:	0c090103          	lb	sp,192(s2)
     c88:	0100                	addi	s0,sp,128
     c8a:	0905                	addi	s2,s2,1
     c8c:	00090103          	lb	sp,0(s2)
     c90:	0100                	addi	s0,sp,128
     c92:	1205                	addi	tp,tp,-31 # ffffffffffffffe1 <__heap_end+0xffffffff7ffdafe1>
     c94:	0306                	slli	t1,t1,0x1
     c96:	0900                	addi	s0,sp,144
     c98:	0000                	unimp
     c9a:	0501                	addi	a0,a0,0
     c9c:	0009                	c.nop	2
     c9e:	0402                	c.slli64	s0
     ca0:	0601                	addi	a2,a2,0
     ca2:	08090103          	lb	sp,128(s2)
     ca6:	0100                	addi	s0,sp,128
     ca8:	1005                	c.nop	-31
     caa:	0200                	addi	s0,sp,256
     cac:	0104                	addi	s1,sp,128
     cae:	0306                	slli	t1,t1,0x1
     cb0:	0900                	addi	s0,sp,144
     cb2:	0000                	unimp
     cb4:	0501                	addi	a0,a0,0
     cb6:	0605                	addi	a2,a2,1
     cb8:	02097e03          	.insn	4, 0x02097e03
     cbc:	0100                	addi	s0,sp,128
     cbe:	0209                	addi	tp,tp,2 # 2 <__boot_hart+0x2>
     cc0:	0000                	unimp
     cc2:	0101                	addi	sp,sp,0
     cc4:	000000af          	.insn	4, 0x00af
     cc8:	0005                	c.nop	1
     cca:	0008                	.insn	2, 0x0008
     ccc:	0054                	addi	a3,sp,4
     cce:	0000                	unimp
     cd0:	0101                	addi	sp,sp,0
     cd2:	fb01                	bnez	a4,be2 <__stack_align+0xbd2>
     cd4:	0d0e                	slli	s10,s10,0x3
     cd6:	0100                	addi	s0,sp,128
     cd8:	0101                	addi	sp,sp,0
     cda:	0001                	nop
     cdc:	0000                	unimp
     cde:	0001                	nop
     ce0:	0100                	addi	s0,sp,128
     ce2:	0101                	addi	sp,sp,0
     ce4:	041f 0276 0000      	.insn	6, 0x0276041f
     cea:	02b5                	addi	t0,t0,13
     cec:	0000                	unimp
     cee:	031f 0000 02bc      	.insn	6, 0x02bc0000031f
     cf4:	0000                	unimp
     cf6:	0102                	c.slli64	sp
     cf8:	021f 080f 03a4      	.insn	6, 0x03a4080f021f
     cfe:	0000                	unimp
     d00:	a401                	j	f00 <__stack_align+0xef0>
     d02:	01000003          	lb	zero,16(zero) # 10 <__stack_align>
     d06:	0000037b          	.insn	4, 0x037b
     d0a:	8302                	jr	t1
     d0c:	03000003          	lb	zero,48(zero) # 30 <__stack_align+0x20>
     d10:	0384                	addi	s1,sp,448
     d12:	0000                	unimp
     d14:	0003ac03          	lw	s8,0(t2)
     d18:	0300                	addi	s0,sp,384
     d1a:	03b8                	addi	a4,sp,456
     d1c:	0000                	unimp
     d1e:	00030903          	lb	s2,0(t1)
     d22:	0300                	addi	s0,sp,384
     d24:	0105                	addi	sp,sp,1
     d26:	0900                	addi	s0,sp,144
     d28:	b202                	fsd	ft0,288(sp)
     d2a:	003e                	c.slli	zero,0xf
     d2c:	0080                	addi	s0,sp,64
     d2e:	0000                	unimp
     d30:	1700                	addi	s0,sp,928
     d32:	0505                	addi	a0,a0,1
     d34:	00090103          	lb	sp,0(s2)
     d38:	0100                	addi	s0,sp,128
     d3a:	0105                	addi	sp,sp,1
     d3c:	0306                	slli	t1,t1,0x1
     d3e:	097f 0000 0501 0305 	.insn	10, 0x0901030505010000097f
     d46:	0901 
     d48:	0004                	.insn	2, 0x0004
     d4a:	0501                	addi	a0,a0,0
     d4c:	0301                	addi	t1,t1,0
     d4e:	0902                	c.slli64	s2
     d50:	0004                	.insn	2, 0x0004
     d52:	0501                	addi	a0,a0,0
     d54:	0402000b          	.insn	4, 0x0402000b
     d58:	0301                	addi	t1,t1,0
     d5a:	097e                	slli	s2,s2,0x1f
     d5c:	0002                	c.slli64	zero
     d5e:	0501                	addi	a0,a0,0
     d60:	0605                	addi	a2,a2,1
     d62:	04090103          	lb	sp,64(s2)
     d66:	0100                	addi	s0,sp,128
     d68:	0105                	addi	sp,sp,1
     d6a:	0306                	slli	t1,t1,0x1
     d6c:	0901                	addi	s2,s2,0
     d6e:	0000                	unimp
     d70:	0901                	addi	s2,s2,0
     d72:	0006                	c.slli	zero,0x1
     d74:	0100                	addi	s0,sp,128
     d76:	5b01                	li	s6,-32
     d78:	0000                	unimp
     d7a:	0500                	addi	s0,sp,640
     d7c:	0800                	addi	s0,sp,16
     d7e:	2e00                	fld	fs0,24(a2)
     d80:	0000                	unimp
     d82:	0100                	addi	s0,sp,128
     d84:	0101                	addi	sp,sp,0
     d86:	000d0efb          	.insn	4, 0x000d0efb
     d8a:	0101                	addi	sp,sp,0
     d8c:	0101                	addi	sp,sp,0
     d8e:	0000                	unimp
     d90:	0100                	addi	s0,sp,128
     d92:	0000                	unimp
     d94:	0101                	addi	sp,sp,0
     d96:	1f01                	addi	t5,t5,-32
     d98:	7602                	ld	a2,32(sp)
     d9a:	0002                	c.slli64	zero
     d9c:	b500                	fsd	fs0,40(a0)
     d9e:	0002                	c.slli64	zero
     da0:	0200                	addi	s0,sp,256
     da2:	1f01                	addi	t5,t5,-32
     da4:	0f02                	c.slli64	t5
     da6:	c602                	sw	zero,12(sp)
     da8:	01000003          	lb	zero,16(zero) # 10 <__stack_align>
     dac:	03c6                	slli	t2,t2,0x11
     dae:	0000                	unimp
     db0:	0501                	addi	a0,a0,0
     db2:	0001                	nop
     db4:	0209                	addi	tp,tp,2 # 2 <__boot_hart+0x2>
     db6:	3ec6                	fld	ft9,112(sp)
     db8:	8000                	.insn	2, 0x8000
     dba:	0000                	unimp
     dbc:	0000                	unimp
     dbe:	0516                	slli	a0,a0,0x5
     dc0:	0305                	addi	t1,t1,1
     dc2:	0901                	addi	s2,s2,0
     dc4:	0000                	unimp
     dc6:	0501                	addi	a0,a0,0
     dc8:	0601                	addi	a2,a2,0
     dca:	00090103          	lb	sp,0(s2)
     dce:	0100                	addi	s0,sp,128
     dd0:	0409                	addi	s0,s0,2
     dd2:	0000                	unimp
     dd4:	0101                	addi	sp,sp,0
     dd6:	00000063          	beqz	zero,dd6 <__stack_align+0xdc6>
     dda:	0005                	c.nop	1
     ddc:	0008                	.insn	2, 0x0008
     dde:	002e                	c.slli	zero,0xb
     de0:	0000                	unimp
     de2:	0101                	addi	sp,sp,0
     de4:	fb01                	bnez	a4,cf4 <__stack_align+0xce4>
     de6:	0d0e                	slli	s10,s10,0x3
     de8:	0100                	addi	s0,sp,128
     dea:	0101                	addi	sp,sp,0
     dec:	0001                	nop
     dee:	0000                	unimp
     df0:	0001                	nop
     df2:	0100                	addi	s0,sp,128
     df4:	0101                	addi	sp,sp,0
     df6:	021f 0276 0000      	.insn	6, 0x0276021f
     dfc:	02b5                	addi	t0,t0,13
     dfe:	0000                	unimp
     e00:	0102                	c.slli64	sp
     e02:	021f 020f 03d6      	.insn	6, 0x03d6020f021f
     e08:	0000                	unimp
     e0a:	d601                	beqz	a2,d12 <__stack_align+0xd02>
     e0c:	01000003          	lb	zero,16(zero) # 10 <__stack_align>
     e10:	0105                	addi	sp,sp,1
     e12:	0900                	addi	s0,sp,144
     e14:	ca02                	sw	zero,20(sp)
     e16:	003e                	c.slli	zero,0xf
     e18:	0080                	addi	s0,sp,64
     e1a:	0000                	unimp
     e1c:	1600                	addi	s0,sp,800
     e1e:	0505                	addi	a0,a0,1
     e20:	00090103          	lb	sp,0(s2)
     e24:	0100                	addi	s0,sp,128
     e26:	2305                	addiw	t1,t1,1
     e28:	0306                	slli	t1,t1,0x1
     e2a:	0900                	addi	s0,sp,144
     e2c:	0000                	unimp
     e2e:	0501                	addi	a0,a0,0
     e30:	0301                	addi	t1,t1,0
     e32:	0901                	addi	s2,s2,0
     e34:	0002                	c.slli64	zero
     e36:	0901                	addi	s2,s2,0
     e38:	0006                	c.slli	zero,0x1
     e3a:	0100                	addi	s0,sp,128
     e3c:	9201                	srli	a2,a2,0x20
     e3e:	0000                	unimp
     e40:	0500                	addi	s0,sp,640
     e42:	0800                	addi	s0,sp,16
     e44:	3700                	fld	fs0,40(a4)
     e46:	0000                	unimp
     e48:	0100                	addi	s0,sp,128
     e4a:	0101                	addi	sp,sp,0
     e4c:	000d0efb          	.insn	4, 0x000d0efb
     e50:	0101                	addi	sp,sp,0
     e52:	0101                	addi	sp,sp,0
     e54:	0000                	unimp
     e56:	0100                	addi	s0,sp,128
     e58:	0000                	unimp
     e5a:	0101                	addi	sp,sp,0
     e5c:	1f01                	addi	t5,t5,-32
     e5e:	00027603          	.insn	4, 0x00027603
     e62:	b500                	fsd	fs0,40(a0)
     e64:	0002                	c.slli64	zero
     e66:	bc00                	fsd	fs0,56(s0)
     e68:	0002                	c.slli64	zero
     e6a:	0200                	addi	s0,sp,256
     e6c:	1f01                	addi	t5,t5,-32
     e6e:	0f02                	c.slli64	t5
     e70:	0003e603          	lwu	a2,0(t2)
     e74:	0100                	addi	s0,sp,128
     e76:	03e6                	slli	t2,t2,0x19
     e78:	0000                	unimp
     e7a:	0901                	addi	s2,s2,0
     e7c:	02000003          	lb	zero,32(zero) # 20 <__stack_align+0x10>
     e80:	0105                	addi	sp,sp,1
     e82:	0900                	addi	s0,sp,144
     e84:	d202                	sw	zero,36(sp)
     e86:	003e                	c.slli	zero,0xf
     e88:	0080                	addi	s0,sp,64
     e8a:	0000                	unimp
     e8c:	1600                	addi	s0,sp,800
     e8e:	0505                	addi	a0,a0,1
     e90:	00090103          	lb	sp,0(s2)
     e94:	0100                	addi	s0,sp,128
     e96:	0105                	addi	sp,sp,1
     e98:	0306                	slli	t1,t1,0x1
     e9a:	097f 0000 0501 0305 	.insn	10, 0x0901030505010000097f
     ea2:	0901 
     ea4:	0004                	.insn	2, 0x0004
     ea6:	0501                	addi	a0,a0,0
     ea8:	0301                	addi	t1,t1,0
     eaa:	0902                	c.slli64	s2
     eac:	0004                	.insn	2, 0x0004
     eae:	0501                	addi	a0,a0,0
     eb0:	0402000b          	.insn	4, 0x0402000b
     eb4:	0301                	addi	t1,t1,0
     eb6:	097e                	slli	s2,s2,0x1f
     eb8:	0002                	c.slli64	zero
     eba:	0501                	addi	a0,a0,0
     ebc:	0605                	addi	a2,a2,1
     ebe:	04090103          	lb	sp,64(s2)
     ec2:	0100                	addi	s0,sp,128
     ec4:	0105                	addi	sp,sp,1
     ec6:	0306                	slli	t1,t1,0x1
     ec8:	0901                	addi	s2,s2,0
     eca:	0000                	unimp
     ecc:	0901                	addi	s2,s2,0
     ece:	0006                	c.slli	zero,0x1
     ed0:	0100                	addi	s0,sp,128
     ed2:	9c01                	subw	s0,s0,s0
     ed4:	0000                	unimp
     ed6:	0500                	addi	s0,sp,640
     ed8:	0800                	addi	s0,sp,16
     eda:	4100                	lw	s0,0(a0)
     edc:	0000                	unimp
     ede:	0100                	addi	s0,sp,128
     ee0:	0101                	addi	sp,sp,0
     ee2:	000d0efb          	.insn	4, 0x000d0efb
     ee6:	0101                	addi	sp,sp,0
     ee8:	0101                	addi	sp,sp,0
     eea:	0000                	unimp
     eec:	0100                	addi	s0,sp,128
     eee:	0000                	unimp
     ef0:	0101                	addi	sp,sp,0
     ef2:	1f01                	addi	t5,t5,-32
     ef4:	00027603          	.insn	4, 0x00027603
     ef8:	b500                	fsd	fs0,40(a0)
     efa:	0002                	c.slli64	zero
     efc:	bc00                	fsd	fs0,56(s0)
     efe:	0002                	c.slli64	zero
     f00:	0200                	addi	s0,sp,256
     f02:	1f01                	addi	t5,t5,-32
     f04:	0f02                	c.slli64	t5
     f06:	f405                	bnez	s0,e2e <__stack_align+0xe1e>
     f08:	01000003          	lb	zero,16(zero) # 10 <__stack_align>
     f0c:	03f4                	addi	a3,sp,460
     f0e:	0000                	unimp
     f10:	8301                	c.srli64	a4
     f12:	02000003          	lb	zero,32(zero) # 20 <__stack_align+0x10>
     f16:	0384                	addi	s1,sp,448
     f18:	0000                	unimp
     f1a:	0902                	c.slli64	s2
     f1c:	02000003          	lb	zero,32(zero) # 20 <__stack_align+0x10>
     f20:	0105                	addi	sp,sp,1
     f22:	0900                	addi	s0,sp,144
     f24:	e602                	sd	zero,264(sp)
     f26:	003e                	c.slli	zero,0xf
     f28:	0080                	addi	s0,sp,64
     f2a:	0000                	unimp
     f2c:	1700                	addi	s0,sp,928
     f2e:	0505                	addi	a0,a0,1
     f30:	00090103          	lb	sp,0(s2)
     f34:	0100                	addi	s0,sp,128
     f36:	0105                	addi	sp,sp,1
     f38:	0306                	slli	t1,t1,0x1
     f3a:	097f 0000 0501 0305 	.insn	10, 0x0901030505010000097f
     f42:	0901 
     f44:	0004                	.insn	2, 0x0004
     f46:	0501                	addi	a0,a0,0
     f48:	0301                	addi	t1,t1,0
     f4a:	0902                	c.slli64	s2
     f4c:	0004                	.insn	2, 0x0004
     f4e:	0501                	addi	a0,a0,0
     f50:	0402000b          	.insn	4, 0x0402000b
     f54:	0301                	addi	t1,t1,0
     f56:	097e                	slli	s2,s2,0x1f
     f58:	0002                	c.slli64	zero
     f5a:	0501                	addi	a0,a0,0
     f5c:	0605                	addi	a2,a2,1
     f5e:	04090103          	lb	sp,64(s2)
     f62:	0100                	addi	s0,sp,128
     f64:	0105                	addi	sp,sp,1
     f66:	0306                	slli	t1,t1,0x1
     f68:	0901                	addi	s2,s2,0
     f6a:	0000                	unimp
     f6c:	0901                	addi	s2,s2,0
     f6e:	0006                	c.slli	zero,0x1
     f70:	0100                	addi	s0,sp,128
     f72:	a501                	j	1572 <__stack_align+0x1562>
     f74:	0000                	unimp
     f76:	0500                	addi	s0,sp,640
     f78:	0800                	addi	s0,sp,16
     f7a:	4a00                	lw	s0,16(a2)
     f7c:	0000                	unimp
     f7e:	0100                	addi	s0,sp,128
     f80:	0101                	addi	sp,sp,0
     f82:	000d0efb          	.insn	4, 0x000d0efb
     f86:	0101                	addi	sp,sp,0
     f88:	0101                	addi	sp,sp,0
     f8a:	0000                	unimp
     f8c:	0100                	addi	s0,sp,128
     f8e:	0000                	unimp
     f90:	0101                	addi	sp,sp,0
     f92:	1f01                	addi	t5,t5,-32
     f94:	7604                	ld	s1,40(a2)
     f96:	0002                	c.slli64	zero
     f98:	b500                	fsd	fs0,40(a0)
     f9a:	0002                	c.slli64	zero
     f9c:	c300                	sw	s0,0(a4)
     f9e:	0000                	unimp
     fa0:	bc00                	fsd	fs0,56(s0)
     fa2:	0002                	c.slli64	zero
     fa4:	0200                	addi	s0,sp,256
     fa6:	1f01                	addi	t5,t5,-32
     fa8:	0f02                	c.slli64	t5
     faa:	0306                	slli	t1,t1,0x1
     fac:	0004                	.insn	2, 0x0004
     fae:	0100                	addi	s0,sp,128
     fb0:	00000403          	lb	s0,0(zero) # 0 <__boot_hart>
     fb4:	6401                	.insn	2, 0x6401
     fb6:	0001                	nop
     fb8:	0200                	addi	s0,sp,256
     fba:	00000383          	lb	t2,0(zero) # 0 <__boot_hart>
     fbe:	00038403          	lb	s0,0(t2)
     fc2:	0300                	addi	s0,sp,384
     fc4:	0309                	addi	t1,t1,2
     fc6:	0000                	unimp
     fc8:	00010503          	lb	a0,0(sp)
     fcc:	0209                	addi	tp,tp,2 # 2 <__boot_hart+0x2>
     fce:	3efa                	fld	ft9,440(sp)
     fd0:	8000                	.insn	2, 0x8000
     fd2:	0000                	unimp
     fd4:	0000                	unimp
     fd6:	03050517          	auipc	a0,0x3050
     fda:	0901                	addi	s2,s2,0
     fdc:	0000                	unimp
     fde:	0501                	addi	a0,a0,0 # 3050fd6 <__heap_size+0x3030fd6>
     fe0:	0601                	addi	a2,a2,0
     fe2:	00097f03          	.insn	4, 0x00097f03
     fe6:	0100                	addi	s0,sp,128
     fe8:	0505                	addi	a0,a0,1
     fea:	04090103          	lb	sp,64(s2)
     fee:	0100                	addi	s0,sp,128
     ff0:	0105                	addi	sp,sp,1
     ff2:	04090203          	lb	tp,64(s2)
     ff6:	0100                	addi	s0,sp,128
     ff8:	0b05                	addi	s6,s6,1 # fffffffffffe0001 <__heap_end+0xffffffff7ffbb001>
     ffa:	0200                	addi	s0,sp,256
     ffc:	0104                	addi	s1,sp,128
     ffe:	02097e03          	.insn	4, 0x02097e03
    1002:	0100                	addi	s0,sp,128
    1004:	0505                	addi	a0,a0,1
    1006:	0306                	slli	t1,t1,0x1
    1008:	0901                	addi	s2,s2,0
    100a:	0006                	c.slli	zero,0x1
    100c:	0501                	addi	a0,a0,0
    100e:	0601                	addi	a2,a2,0
    1010:	00090103          	lb	sp,0(s2)
    1014:	0100                	addi	s0,sp,128
    1016:	0609                	addi	a2,a2,2
    1018:	0000                	unimp
    101a:	0101                	addi	sp,sp,0
    101c:	0121                	addi	sp,sp,8
    101e:	0000                	unimp
    1020:	0005                	c.nop	1
    1022:	0008                	.insn	2, 0x0008
    1024:	0040                	addi	s0,sp,4
    1026:	0000                	unimp
    1028:	0101                	addi	sp,sp,0
    102a:	fb01                	bnez	a4,f3a <__stack_align+0xf2a>
    102c:	0d0e                	slli	s10,s10,0x3
    102e:	0100                	addi	s0,sp,128
    1030:	0101                	addi	sp,sp,0
    1032:	0001                	nop
    1034:	0000                	unimp
    1036:	0001                	nop
    1038:	0100                	addi	s0,sp,128
    103a:	0101                	addi	sp,sp,0
    103c:	041f 0276 0000      	.insn	6, 0x0276041f
    1042:	02b5                	addi	t0,t0,13
    1044:	0000                	unimp
    1046:	000000c3          	fmadd.s	ft1,ft0,ft0,ft0,rne
    104a:	02bc                	addi	a5,sp,328
    104c:	0000                	unimp
    104e:	0102                	c.slli64	sp
    1050:	021f 040f 0411      	.insn	6, 0x0411040f021f
    1056:	0000                	unimp
    1058:	1101                	addi	sp,sp,-32
    105a:	0004                	.insn	2, 0x0004
    105c:	0100                	addi	s0,sp,128
    105e:	0164                	addi	s1,sp,140
    1060:	0000                	unimp
    1062:	0902                	c.slli64	s2
    1064:	03000003          	lb	zero,48(zero) # 30 <__stack_align+0x20>
    1068:	0105                	addi	sp,sp,1
    106a:	0900                	addi	s0,sp,144
    106c:	1002                	c.slli	zero,0x20
    106e:	0080003f 03000000 	.insn	8, 0x030000000080003f
    1076:	0109                	addi	sp,sp,2
    1078:	0505                	addi	a0,a0,1
    107a:	00090103          	lb	sp,0(s2)
    107e:	0100                	addi	s0,sp,128
    1080:	00090103          	lb	sp,0(s2)
    1084:	0100                	addi	s0,sp,128
    1086:	00090103          	lb	sp,0(s2)
    108a:	0100                	addi	s0,sp,128
    108c:	00090203          	lb	tp,0(s2)
    1090:	0100                	addi	s0,sp,128
    1092:	0c05                	addi	s8,s8,1
    1094:	0306                	slli	t1,t1,0x1
    1096:	0900                	addi	s0,sp,144
    1098:	0000                	unimp
    109a:	0501                	addi	a0,a0,0
    109c:	0605                	addi	a2,a2,1
    109e:	0a090103          	lb	sp,160(s2)
    10a2:	0100                	addi	s0,sp,128
    10a4:	0805                	addi	a6,a6,1
    10a6:	0200                	addi	s0,sp,256
    10a8:	0104                	addi	s1,sp,128
    10aa:	0306                	slli	t1,t1,0x1
    10ac:	0901                	addi	s2,s2,0
    10ae:	0000                	unimp
    10b0:	0501                	addi	a0,a0,0
    10b2:	030c                	addi	a1,sp,384
    10b4:	097f 0004 0501 0605 	.insn	10, 0x0103060505010004097f
    10bc:	0103 
    10be:	0209                	addi	tp,tp,2 # 2 <__boot_hart+0x2>
    10c0:	0100                	addi	s0,sp,128
    10c2:	0805                	addi	a6,a6,1
    10c4:	0200                	addi	s0,sp,256
    10c6:	0104                	addi	s1,sp,128
    10c8:	0306                	slli	t1,t1,0x1
    10ca:	0900                	addi	s0,sp,144
    10cc:	0000                	unimp
    10ce:	0501                	addi	a0,a0,0
    10d0:	0605                	addi	a2,a2,1
    10d2:	10090503          	lb	a0,256(s2)
    10d6:	0100                	addi	s0,sp,128
    10d8:	0c05                	addi	s8,s8,1
    10da:	0306                	slli	t1,t1,0x1
    10dc:	0900                	addi	s0,sp,144
    10de:	0000                	unimp
    10e0:	0501                	addi	a0,a0,0
    10e2:	0605                	addi	a2,a2,1
    10e4:	02090103          	lb	sp,32(s2)
    10e8:	0100                	addi	s0,sp,128
    10ea:	0105                	addi	sp,sp,1
    10ec:	0306                	slli	t1,t1,0x1
    10ee:	0901                	addi	s2,s2,0
    10f0:	0000                	unimp
    10f2:	0501                	addi	a0,a0,0
    10f4:	0609                	addi	a2,a2,2
    10f6:	04097a03          	.insn	4, 0x04097a03
    10fa:	0100                	addi	s0,sp,128
    10fc:	0105                	addi	sp,sp,1
    10fe:	0306                	slli	t1,t1,0x1
    1100:	0978                	addi	a4,sp,156
    1102:	0000                	unimp
    1104:	0501                	addi	a0,a0,0
    1106:	0309                	addi	t1,t1,2
    1108:	0908                	addi	a0,sp,144
    110a:	0004                	.insn	2, 0x0004
    110c:	0501                	addi	a0,a0,0
    110e:	0301                	addi	t1,t1,0
    1110:	0906                	slli	s2,s2,0x1
    1112:	0004                	.insn	2, 0x0004
    1114:	0501                	addi	a0,a0,0
    1116:	0402000f          	.insn	4, 0x0402000f
    111a:	0301                	addi	t1,t1,0
    111c:	097a                	slli	s2,s2,0x1e
    111e:	0002                	c.slli64	zero
    1120:	0501                	addi	a0,a0,0
    1122:	0609                	addi	a2,a2,2
    1124:	04090103          	lb	sp,64(s2)
    1128:	0100                	addi	s0,sp,128
    112a:	1005                	c.nop	-31
    112c:	0306                	slli	t1,t1,0x1
    112e:	0900                	addi	s0,sp,144
    1130:	0000                	unimp
    1132:	0501                	addi	a0,a0,0
    1134:	0301                	addi	t1,t1,0
    1136:	0905                	addi	s2,s2,1
    1138:	0002                	c.slli64	zero
    113a:	0901                	addi	s2,s2,0
    113c:	0006                	c.slli	zero,0x1
    113e:	0100                	addi	s0,sp,128
    1140:	8901                	andi	a0,a0,0
    1142:	0000                	unimp
    1144:	0500                	addi	s0,sp,640
    1146:	0800                	addi	s0,sp,16
    1148:	5c00                	lw	s0,56(s0)
    114a:	0000                	unimp
    114c:	0100                	addi	s0,sp,128
    114e:	0101                	addi	sp,sp,0
    1150:	000d0efb          	.insn	4, 0x000d0efb
    1154:	0101                	addi	sp,sp,0
    1156:	0101                	addi	sp,sp,0
    1158:	0000                	unimp
    115a:	0100                	addi	s0,sp,128
    115c:	0000                	unimp
    115e:	0101                	addi	sp,sp,0
    1160:	1f01                	addi	t5,t5,-32
    1162:	7606                	ld	a2,96(sp)
    1164:	0002                	c.slli64	zero
    1166:	b500                	fsd	fs0,40(a0)
    1168:	0002                	c.slli64	zero
    116a:	c300                	sw	s0,0(a4)
    116c:	0000                	unimp
    116e:	1f00                	addi	s0,sp,944
    1170:	bc000003          	lb	zero,-1088(zero) # fffffffffffffbc0 <__heap_end+0xffffffff7ffdabc0>
    1174:	0002                	c.slli64	zero
    1176:	7000                	ld	s0,32(s0)
    1178:	02000003          	lb	zero,32(zero) # 20 <__stack_align+0x10>
    117c:	1f01                	addi	t5,t5,-32
    117e:	0f02                	c.slli64	t5
    1180:	1f08                	addi	a0,sp,944
    1182:	0004                	.insn	2, 0x0004
    1184:	0100                	addi	s0,sp,128
    1186:	041f 0000 6401      	.insn	6, 0x64010000041f
    118c:	0001                	nop
    118e:	0200                	addi	s0,sp,256
    1190:	0000037b          	.insn	4, 0x037b
    1194:	00038303          	lb	t1,0(t2)
    1198:	0400                	addi	s0,sp,512
    119a:	038c                	addi	a1,sp,448
    119c:	0000                	unimp
    119e:	8404                	.insn	2, 0x8404
    11a0:	04000003          	lb	zero,64(zero) # 40 <__stack_align+0x30>
    11a4:	0396                	slli	t2,t2,0x5
    11a6:	0000                	unimp
    11a8:	0505                	addi	a0,a0,1
    11aa:	0001                	nop
    11ac:	0209                	addi	tp,tp,2 # 2 <__boot_hart+0x2>
    11ae:	3f4c                	fld	fa1,184(a4)
    11b0:	8000                	.insn	2, 0x8000
    11b2:	0000                	unimp
    11b4:	0000                	unimp
    11b6:	0518                	addi	a4,sp,640
    11b8:	0305                	addi	t1,t1,1
    11ba:	0901                	addi	s2,s2,0
    11bc:	0000                	unimp
    11be:	0501                	addi	a0,a0,0
    11c0:	060c                	addi	a1,sp,768
    11c2:	00090003          	lb	zero,0(s2)
    11c6:	0100                	addi	s0,sp,128
    11c8:	0609                	addi	a2,a2,2
    11ca:	0000                	unimp
    11cc:	0101                	addi	sp,sp,0
    11ce:	042e                	slli	s0,s0,0xb
    11d0:	0000                	unimp
    11d2:	0005                	c.nop	1
    11d4:	0008                	.insn	2, 0x0008
    11d6:	002e                	c.slli	zero,0xb
    11d8:	0000                	unimp
    11da:	0101                	addi	sp,sp,0
    11dc:	fb01                	bnez	a4,10ec <__stack_align+0x10dc>
    11de:	0d0e                	slli	s10,s10,0x3
    11e0:	0100                	addi	s0,sp,128
    11e2:	0101                	addi	sp,sp,0
    11e4:	0001                	nop
    11e6:	0000                	unimp
    11e8:	0001                	nop
    11ea:	0100                	addi	s0,sp,128
    11ec:	0101                	addi	sp,sp,0
    11ee:	021f 0276 0000      	.insn	6, 0x0276021f
    11f4:	00000427          	.insn	4, 0x0427
    11f8:	0102                	c.slli64	sp
    11fa:	021f 020f 042f      	.insn	6, 0x042f020f021f
    1200:	0000                	unimp
    1202:	2f01                	sext.w	t5,t5
    1204:	0004                	.insn	2, 0x0004
    1206:	0100                	addi	s0,sp,128
    1208:	0900                	addi	s0,sp,144
    120a:	0002                	c.slli64	zero
    120c:	0000                	unimp
    120e:	0080                	addi	s0,sp,64
    1210:	0000                	unimp
    1212:	0300                	addi	s0,sp,384
    1214:	0109                	addi	sp,sp,2
    1216:	02090103          	lb	sp,32(s2)
    121a:	0100                	addi	s0,sp,128
    121c:	02090103          	lb	sp,32(s2)
    1220:	0100                	addi	s0,sp,128
    1222:	02090103          	lb	sp,32(s2)
    1226:	0100                	addi	s0,sp,128
    1228:	02090103          	lb	sp,32(s2)
    122c:	0100                	addi	s0,sp,128
    122e:	02090103          	lb	sp,32(s2)
    1232:	0100                	addi	s0,sp,128
    1234:	02090103          	lb	sp,32(s2)
    1238:	0100                	addi	s0,sp,128
    123a:	02090103          	lb	sp,32(s2)
    123e:	0100                	addi	s0,sp,128
    1240:	02090103          	lb	sp,32(s2)
    1244:	0100                	addi	s0,sp,128
    1246:	02090103          	lb	sp,32(s2)
    124a:	0100                	addi	s0,sp,128
    124c:	02090103          	lb	sp,32(s2)
    1250:	0100                	addi	s0,sp,128
    1252:	02090103          	lb	sp,32(s2)
    1256:	0100                	addi	s0,sp,128
    1258:	02090103          	lb	sp,32(s2)
    125c:	0100                	addi	s0,sp,128
    125e:	02090103          	lb	sp,32(s2)
    1262:	0100                	addi	s0,sp,128
    1264:	02090103          	lb	sp,32(s2)
    1268:	0100                	addi	s0,sp,128
    126a:	02090103          	lb	sp,32(s2)
    126e:	0100                	addi	s0,sp,128
    1270:	02090103          	lb	sp,32(s2)
    1274:	0100                	addi	s0,sp,128
    1276:	02090103          	lb	sp,32(s2)
    127a:	0100                	addi	s0,sp,128
    127c:	02090103          	lb	sp,32(s2)
    1280:	0100                	addi	s0,sp,128
    1282:	02090103          	lb	sp,32(s2)
    1286:	0100                	addi	s0,sp,128
    1288:	02090103          	lb	sp,32(s2)
    128c:	0100                	addi	s0,sp,128
    128e:	02090103          	lb	sp,32(s2)
    1292:	0100                	addi	s0,sp,128
    1294:	02090103          	lb	sp,32(s2)
    1298:	0100                	addi	s0,sp,128
    129a:	02090103          	lb	sp,32(s2)
    129e:	0100                	addi	s0,sp,128
    12a0:	02090103          	lb	sp,32(s2)
    12a4:	0100                	addi	s0,sp,128
    12a6:	02090103          	lb	sp,32(s2)
    12aa:	0100                	addi	s0,sp,128
    12ac:	02090103          	lb	sp,32(s2)
    12b0:	0100                	addi	s0,sp,128
    12b2:	02090103          	lb	sp,32(s2)
    12b6:	0100                	addi	s0,sp,128
    12b8:	02090103          	lb	sp,32(s2)
    12bc:	0100                	addi	s0,sp,128
    12be:	02090103          	lb	sp,32(s2)
    12c2:	0100                	addi	s0,sp,128
    12c4:	02090103          	lb	sp,32(s2)
    12c8:	0100                	addi	s0,sp,128
    12ca:	02090203          	lb	tp,32(s2)
    12ce:	0100                	addi	s0,sp,128
    12d0:	06090103          	lb	sp,96(s2)
    12d4:	0100                	addi	s0,sp,128
    12d6:	04090403          	lb	s0,64(s2)
    12da:	0100                	addi	s0,sp,128
    12dc:	08090103          	lb	sp,128(s2)
    12e0:	0100                	addi	s0,sp,128
    12e2:	04090203          	lb	tp,64(s2)
    12e6:	0100                	addi	s0,sp,128
    12e8:	04090103          	lb	sp,64(s2)
    12ec:	0100                	addi	s0,sp,128
    12ee:	04090103          	lb	sp,64(s2)
    12f2:	0100                	addi	s0,sp,128
    12f4:	04090103          	lb	sp,64(s2)
    12f8:	0100                	addi	s0,sp,128
    12fa:	04090103          	lb	sp,64(s2)
    12fe:	0100                	addi	s0,sp,128
    1300:	04090103          	lb	sp,64(s2)
    1304:	0100                	addi	s0,sp,128
    1306:	04090103          	lb	sp,64(s2)
    130a:	0100                	addi	s0,sp,128
    130c:	04090103          	lb	sp,64(s2)
    1310:	0100                	addi	s0,sp,128
    1312:	04090103          	lb	sp,64(s2)
    1316:	0100                	addi	s0,sp,128
    1318:	04090103          	lb	sp,64(s2)
    131c:	0100                	addi	s0,sp,128
    131e:	04090103          	lb	sp,64(s2)
    1322:	0100                	addi	s0,sp,128
    1324:	04090103          	lb	sp,64(s2)
    1328:	0100                	addi	s0,sp,128
    132a:	04090103          	lb	sp,64(s2)
    132e:	0100                	addi	s0,sp,128
    1330:	04090103          	lb	sp,64(s2)
    1334:	0100                	addi	s0,sp,128
    1336:	04090103          	lb	sp,64(s2)
    133a:	0100                	addi	s0,sp,128
    133c:	04090103          	lb	sp,64(s2)
    1340:	0100                	addi	s0,sp,128
    1342:	04090103          	lb	sp,64(s2)
    1346:	0100                	addi	s0,sp,128
    1348:	04090103          	lb	sp,64(s2)
    134c:	0100                	addi	s0,sp,128
    134e:	04090103          	lb	sp,64(s2)
    1352:	0100                	addi	s0,sp,128
    1354:	04090103          	lb	sp,64(s2)
    1358:	0100                	addi	s0,sp,128
    135a:	04090103          	lb	sp,64(s2)
    135e:	0100                	addi	s0,sp,128
    1360:	04090103          	lb	sp,64(s2)
    1364:	0100                	addi	s0,sp,128
    1366:	04090103          	lb	sp,64(s2)
    136a:	0100                	addi	s0,sp,128
    136c:	04090103          	lb	sp,64(s2)
    1370:	0100                	addi	s0,sp,128
    1372:	04090103          	lb	sp,64(s2)
    1376:	0100                	addi	s0,sp,128
    1378:	04090103          	lb	sp,64(s2)
    137c:	0100                	addi	s0,sp,128
    137e:	04090103          	lb	sp,64(s2)
    1382:	0100                	addi	s0,sp,128
    1384:	04090103          	lb	sp,64(s2)
    1388:	0100                	addi	s0,sp,128
    138a:	04090103          	lb	sp,64(s2)
    138e:	0100                	addi	s0,sp,128
    1390:	04090103          	lb	sp,64(s2)
    1394:	0100                	addi	s0,sp,128
    1396:	04090103          	lb	sp,64(s2)
    139a:	0100                	addi	s0,sp,128
    139c:	04090103          	lb	sp,64(s2)
    13a0:	0100                	addi	s0,sp,128
    13a2:	04090103          	lb	sp,64(s2)
    13a6:	0100                	addi	s0,sp,128
    13a8:	04090803          	lb	a6,64(s2)
    13ac:	0100                	addi	s0,sp,128
    13ae:	08090403          	lb	s0,128(s2)
    13b2:	0100                	addi	s0,sp,128
    13b4:	04090103          	lb	sp,64(s2)
    13b8:	0100                	addi	s0,sp,128
    13ba:	00090103          	lb	sp,0(s2)
    13be:	0100                	addi	s0,sp,128
    13c0:	04090103          	lb	sp,64(s2)
    13c4:	0100                	addi	s0,sp,128
    13c6:	08090103          	lb	sp,128(s2)
    13ca:	0100                	addi	s0,sp,128
    13cc:	04090103          	lb	sp,64(s2)
    13d0:	0100                	addi	s0,sp,128
    13d2:	02090303          	lb	t1,32(s2)
    13d6:	0100                	addi	s0,sp,128
    13d8:	02090103          	lb	sp,32(s2)
    13dc:	0100                	addi	s0,sp,128
    13de:	04090103          	lb	sp,64(s2)
    13e2:	0100                	addi	s0,sp,128
    13e4:	04090303          	lb	t1,64(s2)
    13e8:	0100                	addi	s0,sp,128
    13ea:	08090103          	lb	sp,128(s2)
    13ee:	0100                	addi	s0,sp,128
    13f0:	04090303          	lb	t1,64(s2)
    13f4:	0100                	addi	s0,sp,128
    13f6:	04090303          	lb	t1,64(s2)
    13fa:	0100                	addi	s0,sp,128
    13fc:	04090103          	lb	sp,64(s2)
    1400:	0100                	addi	s0,sp,128
    1402:	08090303          	lb	t1,128(s2)
    1406:	0100                	addi	s0,sp,128
    1408:	04090103          	lb	sp,64(s2)
    140c:	0100                	addi	s0,sp,128
    140e:	04090103          	lb	sp,64(s2)
    1412:	0100                	addi	s0,sp,128
    1414:	04090203          	lb	tp,64(s2)
    1418:	0100                	addi	s0,sp,128
    141a:	04090103          	lb	sp,64(s2)
    141e:	0100                	addi	s0,sp,128
    1420:	02090103          	lb	sp,32(s2)
    1424:	0100                	addi	s0,sp,128
    1426:	04090403          	lb	s0,64(s2)
    142a:	0100                	addi	s0,sp,128
    142c:	08090103          	lb	sp,128(s2)
    1430:	0100                	addi	s0,sp,128
    1432:	04090103          	lb	sp,64(s2)
    1436:	0100                	addi	s0,sp,128
    1438:	04090303          	lb	t1,64(s2)
    143c:	0100                	addi	s0,sp,128
    143e:	02090703          	lb	a4,32(s2)
    1442:	0100                	addi	s0,sp,128
    1444:	04090103          	lb	sp,64(s2)
    1448:	0100                	addi	s0,sp,128
    144a:	02090303          	lb	t1,32(s2)
    144e:	0100                	addi	s0,sp,128
    1450:	02090103          	lb	sp,32(s2)
    1454:	0100                	addi	s0,sp,128
    1456:	04090103          	lb	sp,64(s2)
    145a:	0100                	addi	s0,sp,128
    145c:	02090103          	lb	sp,32(s2)
    1460:	0100                	addi	s0,sp,128
    1462:	02090103          	lb	sp,32(s2)
    1466:	0100                	addi	s0,sp,128
    1468:	02090103          	lb	sp,32(s2)
    146c:	0100                	addi	s0,sp,128
    146e:	02090103          	lb	sp,32(s2)
    1472:	0100                	addi	s0,sp,128
    1474:	02090103          	lb	sp,32(s2)
    1478:	0100                	addi	s0,sp,128
    147a:	02090103          	lb	sp,32(s2)
    147e:	0100                	addi	s0,sp,128
    1480:	02090103          	lb	sp,32(s2)
    1484:	0100                	addi	s0,sp,128
    1486:	02090103          	lb	sp,32(s2)
    148a:	0100                	addi	s0,sp,128
    148c:	02090103          	lb	sp,32(s2)
    1490:	0100                	addi	s0,sp,128
    1492:	02090103          	lb	sp,32(s2)
    1496:	0100                	addi	s0,sp,128
    1498:	02090103          	lb	sp,32(s2)
    149c:	0100                	addi	s0,sp,128
    149e:	02090103          	lb	sp,32(s2)
    14a2:	0100                	addi	s0,sp,128
    14a4:	02090103          	lb	sp,32(s2)
    14a8:	0100                	addi	s0,sp,128
    14aa:	02090103          	lb	sp,32(s2)
    14ae:	0100                	addi	s0,sp,128
    14b0:	02090103          	lb	sp,32(s2)
    14b4:	0100                	addi	s0,sp,128
    14b6:	02090103          	lb	sp,32(s2)
    14ba:	0100                	addi	s0,sp,128
    14bc:	02090103          	lb	sp,32(s2)
    14c0:	0100                	addi	s0,sp,128
    14c2:	02090103          	lb	sp,32(s2)
    14c6:	0100                	addi	s0,sp,128
    14c8:	02090103          	lb	sp,32(s2)
    14cc:	0100                	addi	s0,sp,128
    14ce:	02090103          	lb	sp,32(s2)
    14d2:	0100                	addi	s0,sp,128
    14d4:	02090103          	lb	sp,32(s2)
    14d8:	0100                	addi	s0,sp,128
    14da:	02090103          	lb	sp,32(s2)
    14de:	0100                	addi	s0,sp,128
    14e0:	02090103          	lb	sp,32(s2)
    14e4:	0100                	addi	s0,sp,128
    14e6:	02090103          	lb	sp,32(s2)
    14ea:	0100                	addi	s0,sp,128
    14ec:	02090103          	lb	sp,32(s2)
    14f0:	0100                	addi	s0,sp,128
    14f2:	02090103          	lb	sp,32(s2)
    14f6:	0100                	addi	s0,sp,128
    14f8:	02090103          	lb	sp,32(s2)
    14fc:	0100                	addi	s0,sp,128
    14fe:	02090103          	lb	sp,32(s2)
    1502:	0100                	addi	s0,sp,128
    1504:	02090103          	lb	sp,32(s2)
    1508:	0100                	addi	s0,sp,128
    150a:	02090303          	lb	t1,32(s2)
    150e:	0100                	addi	s0,sp,128
    1510:	04090103          	lb	sp,64(s2)
    1514:	0100                	addi	s0,sp,128
    1516:	04090103          	lb	sp,64(s2)
    151a:	0100                	addi	s0,sp,128
    151c:	04090103          	lb	sp,64(s2)
    1520:	0100                	addi	s0,sp,128
    1522:	02090103          	lb	sp,32(s2)
    1526:	0100                	addi	s0,sp,128
    1528:	04090103          	lb	sp,64(s2)
    152c:	0100                	addi	s0,sp,128
    152e:	04090303          	lb	t1,64(s2)
    1532:	0100                	addi	s0,sp,128
    1534:	06090103          	lb	sp,96(s2)
    1538:	0100                	addi	s0,sp,128
    153a:	04090203          	lb	tp,64(s2)
    153e:	0100                	addi	s0,sp,128
    1540:	02090103          	lb	sp,32(s2)
    1544:	0100                	addi	s0,sp,128
    1546:	02090103          	lb	sp,32(s2)
    154a:	0100                	addi	s0,sp,128
    154c:	02090103          	lb	sp,32(s2)
    1550:	0100                	addi	s0,sp,128
    1552:	02090103          	lb	sp,32(s2)
    1556:	0100                	addi	s0,sp,128
    1558:	02090103          	lb	sp,32(s2)
    155c:	0100                	addi	s0,sp,128
    155e:	02090103          	lb	sp,32(s2)
    1562:	0100                	addi	s0,sp,128
    1564:	02090103          	lb	sp,32(s2)
    1568:	0100                	addi	s0,sp,128
    156a:	02090103          	lb	sp,32(s2)
    156e:	0100                	addi	s0,sp,128
    1570:	02090103          	lb	sp,32(s2)
    1574:	0100                	addi	s0,sp,128
    1576:	02090103          	lb	sp,32(s2)
    157a:	0100                	addi	s0,sp,128
    157c:	02090103          	lb	sp,32(s2)
    1580:	0100                	addi	s0,sp,128
    1582:	02090103          	lb	sp,32(s2)
    1586:	0100                	addi	s0,sp,128
    1588:	02090103          	lb	sp,32(s2)
    158c:	0100                	addi	s0,sp,128
    158e:	02090103          	lb	sp,32(s2)
    1592:	0100                	addi	s0,sp,128
    1594:	02090103          	lb	sp,32(s2)
    1598:	0100                	addi	s0,sp,128
    159a:	02090103          	lb	sp,32(s2)
    159e:	0100                	addi	s0,sp,128
    15a0:	02090103          	lb	sp,32(s2)
    15a4:	0100                	addi	s0,sp,128
    15a6:	02090103          	lb	sp,32(s2)
    15aa:	0100                	addi	s0,sp,128
    15ac:	02090103          	lb	sp,32(s2)
    15b0:	0100                	addi	s0,sp,128
    15b2:	02090103          	lb	sp,32(s2)
    15b6:	0100                	addi	s0,sp,128
    15b8:	02090103          	lb	sp,32(s2)
    15bc:	0100                	addi	s0,sp,128
    15be:	02090103          	lb	sp,32(s2)
    15c2:	0100                	addi	s0,sp,128
    15c4:	02090103          	lb	sp,32(s2)
    15c8:	0100                	addi	s0,sp,128
    15ca:	02090103          	lb	sp,32(s2)
    15ce:	0100                	addi	s0,sp,128
    15d0:	02090103          	lb	sp,32(s2)
    15d4:	0100                	addi	s0,sp,128
    15d6:	02090103          	lb	sp,32(s2)
    15da:	0100                	addi	s0,sp,128
    15dc:	02090103          	lb	sp,32(s2)
    15e0:	0100                	addi	s0,sp,128
    15e2:	02090103          	lb	sp,32(s2)
    15e6:	0100                	addi	s0,sp,128
    15e8:	02090103          	lb	sp,32(s2)
    15ec:	0100                	addi	s0,sp,128
    15ee:	02090203          	lb	tp,32(s2)
    15f2:	0100                	addi	s0,sp,128
    15f4:	02090203          	lb	tp,32(s2)
    15f8:	0100                	addi	s0,sp,128
    15fa:	0409                	addi	s0,s0,2
    15fc:	0000                	unimp
    15fe:	0101                	addi	sp,sp,0
    1600:	005c                	addi	a5,sp,4
    1602:	0000                	unimp
    1604:	0005                	c.nop	1
    1606:	0008                	.insn	2, 0x0008
    1608:	002e                	c.slli	zero,0xb
    160a:	0000                	unimp
    160c:	0101                	addi	sp,sp,0
    160e:	fb01                	bnez	a4,151e <__stack_align+0x150e>
    1610:	0d0e                	slli	s10,s10,0x3
    1612:	0100                	addi	s0,sp,128
    1614:	0101                	addi	sp,sp,0
    1616:	0001                	nop
    1618:	0000                	unimp
    161a:	0001                	nop
    161c:	0100                	addi	s0,sp,128
    161e:	0101                	addi	sp,sp,0
    1620:	021f 0276 0000      	.insn	6, 0x0276021f
    1626:	00000427          	.insn	4, 0x0427
    162a:	0102                	c.slli64	sp
    162c:	021f 020f 0436      	.insn	6, 0x0436020f021f
    1632:	0000                	unimp
    1634:	3601                	addiw	a2,a2,-32
    1636:	0004                	.insn	2, 0x0004
    1638:	0100                	addi	s0,sp,128
    163a:	0900                	addi	s0,sp,144
    163c:	ee02                	sd	zero,280(sp)
    163e:	0001                	nop
    1640:	0080                	addi	s0,sp,64
    1642:	0000                	unimp
    1644:	0300                	addi	s0,sp,384
    1646:	0110                	addi	a2,sp,128
    1648:	0a090103          	lb	sp,160(s2)
    164c:	0100                	addi	s0,sp,128
    164e:	16090603          	lb	a2,352(s2)
    1652:	0100                	addi	s0,sp,128
    1654:	0c090103          	lb	sp,192(s2)
    1658:	0100                	addi	s0,sp,128
    165a:	1609                	addi	a2,a2,-30
    165c:	0000                	unimp
    165e:	0101                	addi	sp,sp,0
    1660:	000000b3          	add	ra,zero,zero
    1664:	0005                	c.nop	1
    1666:	0008                	.insn	2, 0x0008
    1668:	0049                	c.nop	18
    166a:	0000                	unimp
    166c:	0101                	addi	sp,sp,0
    166e:	fb01                	bnez	a4,157e <__stack_align+0x156e>
    1670:	0d0e                	slli	s10,s10,0x3
    1672:	0100                	addi	s0,sp,128
    1674:	0101                	addi	sp,sp,0
    1676:	0001                	nop
    1678:	0000                	unimp
    167a:	0001                	nop
    167c:	0100                	addi	s0,sp,128
    167e:	0101                	addi	sp,sp,0
    1680:	051f 0276 0000      	.insn	6, 0x0276051f
    1686:	00000427          	.insn	4, 0x0427
    168a:	031f 0000 02bc      	.insn	6, 0x02bc0000031f
    1690:	0000                	unimp
    1692:	0370                	addi	a2,sp,396
    1694:	0000                	unimp
    1696:	0102                	c.slli64	sp
    1698:	021f 050f 0448      	.insn	6, 0x0448050f021f
    169e:	0000                	unimp
    16a0:	4801                	li	a6,0
    16a2:	0004                	.insn	2, 0x0004
    16a4:	0100                	addi	s0,sp,128
    16a6:	0000037b          	.insn	4, 0x037b
    16aa:	8c02                	jr	s8
    16ac:	03000003          	lb	zero,48(zero) # 30 <__stack_align+0x20>
    16b0:	0450                	addi	a2,sp,516
    16b2:	0000                	unimp
    16b4:	0504                	addi	s1,sp,640
    16b6:	0001                	nop
    16b8:	0209                	addi	tp,tp,2 # 2 <__boot_hart+0x2>
    16ba:	3f52                	fld	ft10,304(sp)
    16bc:	8000                	.insn	2, 0x8000
    16be:	0000                	unimp
    16c0:	0000                	unimp
    16c2:	0516                	slli	a0,a0,0x5
    16c4:	0305                	addi	t1,t1,1
    16c6:	0902                	c.slli64	s2
    16c8:	0000                	unimp
    16ca:	0501                	addi	a0,a0,0
    16cc:	0601                	addi	a2,a2,0
    16ce:	00097e03          	.insn	4, 0x00097e03
    16d2:	0100                	addi	s0,sp,128
    16d4:	0905                	addi	s2,s2,1
    16d6:	02090203          	lb	tp,32(s2)
    16da:	0100                	addi	s0,sp,128
    16dc:	0105                	addi	sp,sp,1
    16de:	04097e03          	.insn	4, 0x04097e03
    16e2:	0100                	addi	s0,sp,128
    16e4:	0905                	addi	s2,s2,1
    16e6:	02090203          	lb	tp,32(s2)
    16ea:	0100                	addi	s0,sp,128
    16ec:	0505                	addi	a0,a0,1
    16ee:	0306                	slli	t1,t1,0x1
    16f0:	0902                	c.slli64	s2
    16f2:	0002                	c.slli64	zero
    16f4:	0501                	addi	a0,a0,0
    16f6:	062a                	slli	a2,a2,0xa
    16f8:	00090003          	lb	zero,0(s2)
    16fc:	0100                	addi	s0,sp,128
    16fe:	0200                	addi	s0,sp,256
    1700:	0104                	addi	s1,sp,128
    1702:	04090003          	lb	zero,64(s2)
    1706:	0100                	addi	s0,sp,128
    1708:	0505                	addi	a0,a0,1
    170a:	0306                	slli	t1,t1,0x1
    170c:	0901                	addi	s2,s2,0
    170e:	0004                	.insn	2, 0x0004
    1710:	0901                	addi	s2,s2,0
    1712:	0004                	.insn	2, 0x0004
    1714:	0100                	addi	s0,sp,128
    1716:	db01                	beqz	a4,1626 <__stack_align+0x1616>
    1718:	0000                	unimp
    171a:	0500                	addi	s0,sp,640
    171c:	0800                	addi	s0,sp,16
    171e:	4000                	lw	s0,0(s0)
    1720:	0000                	unimp
    1722:	0100                	addi	s0,sp,128
    1724:	0101                	addi	sp,sp,0
    1726:	000d0efb          	.insn	4, 0x000d0efb
    172a:	0101                	addi	sp,sp,0
    172c:	0101                	addi	sp,sp,0
    172e:	0000                	unimp
    1730:	0100                	addi	s0,sp,128
    1732:	0000                	unimp
    1734:	0101                	addi	sp,sp,0
    1736:	1f01                	addi	t5,t5,-32
    1738:	7604                	ld	s1,40(a2)
    173a:	0002                	c.slli64	zero
    173c:	2700                	fld	fs0,8(a4)
    173e:	0004                	.insn	2, 0x0004
    1740:	1b00                	addi	s0,sp,432
    1742:	0001                	nop
    1744:	c300                	sw	s0,0(a4)
    1746:	0000                	unimp
    1748:	0200                	addi	s0,sp,256
    174a:	1f01                	addi	t5,t5,-32
    174c:	0f02                	c.slli64	t5
    174e:	6204                	ld	s1,0(a2)
    1750:	0004                	.insn	2, 0x0004
    1752:	0100                	addi	s0,sp,128
    1754:	0462                	slli	s0,s0,0x18
    1756:	0000                	unimp
    1758:	6801                	.insn	2, 0x6801
    175a:	0004                	.insn	2, 0x0004
    175c:	0200                	addi	s0,sp,256
    175e:	0164                	addi	s1,sp,140
    1760:	0000                	unimp
    1762:	00010503          	lb	a0,0(sp)
    1766:	0209                	addi	tp,tp,2 # 2 <__boot_hart+0x2>
    1768:	3f68                	fld	fa0,248(a4)
    176a:	8000                	.insn	2, 0x8000
    176c:	0000                	unimp
    176e:	0000                	unimp
    1770:	0515                	addi	a0,a0,5
    1772:	0305                	addi	t1,t1,1
    1774:	0901                	addi	s2,s2,0
    1776:	0000                	unimp
    1778:	0301                	addi	t1,t1,0
    177a:	0901                	addi	s2,s2,0
    177c:	0000                	unimp
    177e:	0301                	addi	t1,t1,0
    1780:	0901                	addi	s2,s2,0
    1782:	0000                	unimp
    1784:	0301                	addi	t1,t1,0
    1786:	0901                	addi	s2,s2,0
    1788:	0000                	unimp
    178a:	0301                	addi	t1,t1,0
    178c:	0901                	addi	s2,s2,0
    178e:	0000                	unimp
    1790:	0301                	addi	t1,t1,0
    1792:	0902                	c.slli64	s2
    1794:	0000                	unimp
    1796:	0501                	addi	a0,a0,0
    1798:	0601                	addi	a2,a2,0
    179a:	00097903          	.insn	4, 0x00097903
    179e:	0100                	addi	s0,sp,128
    17a0:	0505                	addi	a0,a0,1
    17a2:	02090703          	lb	a4,32(s2)
    17a6:	0100                	addi	s0,sp,128
    17a8:	0105                	addi	sp,sp,1
    17aa:	0e097903          	.insn	4, 0x0e097903
    17ae:	0100                	addi	s0,sp,128
    17b0:	0505                	addi	a0,a0,1
    17b2:	04090703          	lb	a4,64(s2)
    17b6:	0100                	addi	s0,sp,128
    17b8:	0306                	slli	t1,t1,0x1
    17ba:	0901                	addi	s2,s2,0
    17bc:	0006                	c.slli	zero,0x1
    17be:	0501                	addi	a0,a0,0
    17c0:	0601                	addi	a2,a2,0
    17c2:	06090103          	lb	sp,96(s2)
    17c6:	0100                	addi	s0,sp,128
    17c8:	0505                	addi	a0,a0,1
    17ca:	04097f03          	.insn	4, 0x04097f03
    17ce:	0100                	addi	s0,sp,128
    17d0:	0105                	addi	sp,sp,1
    17d2:	04090103          	lb	sp,64(s2)
    17d6:	0100                	addi	s0,sp,128
    17d8:	0505                	addi	a0,a0,1
    17da:	00097f03          	.insn	4, 0x00097f03
    17de:	0100                	addi	s0,sp,128
    17e0:	0105                	addi	sp,sp,1
    17e2:	02090103          	lb	sp,32(s2)
    17e6:	0100                	addi	s0,sp,128
    17e8:	0505                	addi	a0,a0,1
    17ea:	02097f03          	.insn	4, 0x02097f03
    17ee:	0100                	addi	s0,sp,128
    17f0:	0409                	addi	s0,s0,2
    17f2:	0000                	unimp
    17f4:	0101                	addi	sp,sp,0
    17f6:	0066                	c.slli	zero,0x19
    17f8:	0000                	unimp
    17fa:	0005                	c.nop	1
    17fc:	0008                	.insn	2, 0x0008
    17fe:	002e                	c.slli	zero,0xb
    1800:	0000                	unimp
    1802:	0101                	addi	sp,sp,0
    1804:	fb01                	bnez	a4,1714 <__stack_align+0x1704>
    1806:	0d0e                	slli	s10,s10,0x3
    1808:	0100                	addi	s0,sp,128
    180a:	0101                	addi	sp,sp,0
    180c:	0001                	nop
    180e:	0000                	unimp
    1810:	0001                	nop
    1812:	0100                	addi	s0,sp,128
    1814:	0101                	addi	sp,sp,0
    1816:	021f 0276 0000      	.insn	6, 0x0276021f
    181c:	00000427          	.insn	4, 0x0427
    1820:	0102                	c.slli64	sp
    1822:	021f 020f 0479      	.insn	6, 0x0479020f021f
    1828:	0000                	unimp
    182a:	7901                	lui	s2,0xfffe0
    182c:	0004                	.insn	2, 0x0004
    182e:	0100                	addi	s0,sp,128
    1830:	0105                	addi	sp,sp,1
    1832:	0900                	addi	s0,sp,144
    1834:	9802                	jalr	a6
    1836:	0080003f 19000000 	.insn	8, 0x190000000080003f
    183e:	0505                	addi	a0,a0,1
    1840:	00090103          	lb	sp,0(s2) # fffffffffffe0000 <__heap_end+0xffffffff7ffbb000>
    1844:	0100                	addi	s0,sp,128
    1846:	0905                	addi	s2,s2,1
    1848:	0200                	addi	s0,sp,256
    184a:	0104                	addi	s1,sp,128
    184c:	00090103          	lb	sp,0(s2)
    1850:	0100                	addi	s0,sp,128
    1852:	0505                	addi	a0,a0,1
    1854:	04097f03          	.insn	4, 0x04097f03
    1858:	0100                	addi	s0,sp,128
    185a:	0209                	addi	tp,tp,2 # 2 <__boot_hart+0x2>
    185c:	0000                	unimp
    185e:	0101                	addi	sp,sp,0
    1860:	01f2                	slli	gp,gp,0x1c
    1862:	0000                	unimp
    1864:	0005                	c.nop	1
    1866:	0008                	.insn	2, 0x0008
    1868:	00000053          	fadd.s	ft0,ft0,ft0,rne
    186c:	0101                	addi	sp,sp,0
    186e:	fb01                	bnez	a4,177e <__stack_align+0x176e>
    1870:	0d0e                	slli	s10,s10,0x3
    1872:	0100                	addi	s0,sp,128
    1874:	0101                	addi	sp,sp,0
    1876:	0001                	nop
    1878:	0000                	unimp
    187a:	0001                	nop
    187c:	0100                	addi	s0,sp,128
    187e:	0101                	addi	sp,sp,0
    1880:	051f 0276 0000      	.insn	6, 0x0276051f
    1886:	00000427          	.insn	4, 0x0427
    188a:	0370                	addi	a2,sp,396
    188c:	0000                	unimp
    188e:	031f 0000 02bc      	.insn	6, 0x02bc0000031f
    1894:	0000                	unimp
    1896:	0102                	c.slli64	sp
    1898:	021f 070f 0488      	.insn	6, 0x0488070f021f
    189e:	0000                	unimp
    18a0:	8801                	andi	s0,s0,0
    18a2:	0004                	.insn	2, 0x0004
    18a4:	0100                	addi	s0,sp,128
    18a6:	0000048f          	.insn	4, 0x048f
    18aa:	9802                	jalr	a6
    18ac:	0004                	.insn	2, 0x0004
    18ae:	0200                	addi	s0,sp,256
    18b0:	0000037b          	.insn	4, 0x037b
    18b4:	00038c03          	lb	s8,0(t2)
    18b8:	0400                	addi	s0,sp,512
    18ba:	0396                	slli	t2,t2,0x5
    18bc:	0000                	unimp
    18be:	0502                	c.slli64	a0
    18c0:	0001                	nop
    18c2:	0209                	addi	tp,tp,2 # 2 <__boot_hart+0x2>
    18c4:	3f9e                	fld	ft11,480(sp)
    18c6:	8000                	.insn	2, 0x8000
    18c8:	0000                	unimp
    18ca:	0000                	unimp
    18cc:	05010c03          	lb	s8,80(sp)
    18d0:	0305                	addi	t1,t1,1
    18d2:	0901                	addi	s2,s2,0
    18d4:	0000                	unimp
    18d6:	0301                	addi	t1,t1,0
    18d8:	0901                	addi	s2,s2,0
    18da:	0000                	unimp
    18dc:	0301                	addi	t1,t1,0
    18de:	0902                	c.slli64	s2
    18e0:	0000                	unimp
    18e2:	0501                	addi	a0,a0,0
    18e4:	0601                	addi	a2,a2,0
    18e6:	00097c03          	.insn	4, 0x00097c03
    18ea:	0100                	addi	s0,sp,128
    18ec:	0c05                	addi	s8,s8,1
    18ee:	02090403          	lb	s0,32(s2)
    18f2:	0100                	addi	s0,sp,128
    18f4:	0505                	addi	a0,a0,1
    18f6:	0306                	slli	t1,t1,0x1
    18f8:	0901                	addi	s2,s2,0
    18fa:	0002                	c.slli64	zero
    18fc:	0501                	addi	a0,a0,0
    18fe:	060c                	addi	a1,sp,768
    1900:	00090003          	lb	zero,0(s2)
    1904:	0100                	addi	s0,sp,128
    1906:	0505                	addi	a0,a0,1
    1908:	0306                	slli	t1,t1,0x1
    190a:	0901                	addi	s2,s2,0
    190c:	0002                	c.slli64	zero
    190e:	0501                	addi	a0,a0,0
    1910:	0608                	addi	a0,sp,768
    1912:	00090303          	lb	t1,0(s2)
    1916:	0100                	addi	s0,sp,128
    1918:	0c05                	addi	s8,s8,1
    191a:	04097d03          	.insn	4, 0x04097d03
    191e:	0100                	addi	s0,sp,128
    1920:	0505                	addi	a0,a0,1
    1922:	0306                	slli	t1,t1,0x1
    1924:	0901                	addi	s2,s2,0
    1926:	0002                	c.slli64	zero
    1928:	0501                	addi	a0,a0,0
    192a:	0608                	addi	a0,sp,768
    192c:	00090203          	lb	tp,0(s2)
    1930:	0100                	addi	s0,sp,128
    1932:	0c05                	addi	s8,s8,1
    1934:	02097e03          	.insn	4, 0x02097e03
    1938:	0100                	addi	s0,sp,128
    193a:	0505                	addi	a0,a0,1
    193c:	0306                	slli	t1,t1,0x1
    193e:	0902                	c.slli64	s2
    1940:	0002                	c.slli64	zero
    1942:	0501                	addi	a0,a0,0
    1944:	0608                	addi	a0,sp,768
    1946:	00090003          	lb	zero,0(s2)
    194a:	0100                	addi	s0,sp,128
    194c:	0505                	addi	a0,a0,1
    194e:	0306                	slli	t1,t1,0x1
    1950:	0901                	addi	s2,s2,0
    1952:	0004                	.insn	2, 0x0004
    1954:	0401                	addi	s0,s0,0
    1956:	0602                	c.slli64	a2
    1958:	04091503          	lh	a0,64(s2)
    195c:	0100                	addi	s0,sp,128
    195e:	0304                	addi	s1,sp,384
    1960:	1005                	c.nop	-31
    1962:	0200                	addi	s0,sp,256
    1964:	0104                	addi	s1,sp,128
    1966:	0306                	slli	t1,t1,0x1
    1968:	0964                	addi	s1,sp,156
    196a:	0002                	c.slli64	zero
    196c:	0401                	addi	s0,s0,0
    196e:	0502                	c.slli64	a0
    1970:	0305                	addi	t1,t1,1
    1972:	0910                	addi	a2,sp,144
    1974:	0000                	unimp
    1976:	0501                	addi	a0,a0,0
    1978:	060c                	addi	a1,sp,768
    197a:	00090003          	lb	zero,0(s2)
    197e:	0100                	addi	s0,sp,128
    1980:	0304                	addi	s1,sp,384
    1982:	1005                	c.nop	-31
    1984:	0200                	addi	s0,sp,256
    1986:	0104                	addi	s1,sp,128
    1988:	02097003          	.insn	4, 0x02097003
    198c:	0100                	addi	s0,sp,128
    198e:	0e05                	addi	t3,t3,1
    1990:	0306                	slli	t1,t1,0x1
    1992:	0902                	c.slli64	s2
    1994:	0002                	c.slli64	zero
    1996:	0401                	addi	s0,s0,0
    1998:	0502                	c.slli64	a0
    199a:	0305                	addi	t1,t1,1
    199c:	0918                	addi	a4,sp,144
    199e:	0000                	unimp
    19a0:	0301                	addi	t1,t1,0
    19a2:	0902                	c.slli64	s2
    19a4:	0000                	unimp
    19a6:	0301                	addi	t1,t1,0
    19a8:	090d                	addi	s2,s2,3
    19aa:	0004                	.insn	2, 0x0004
    19ac:	0401                	addi	s0,s0,0
    19ae:	000e0503          	lb	a0,0(t3)
    19b2:	0402                	c.slli64	s0
    19b4:	0601                	addi	a2,a2,0
    19b6:	00095903          	lhu	s2,0(s2)
    19ba:	0100                	addi	s0,sp,128
    19bc:	0104                	addi	s1,sp,128
    19be:	0505                	addi	a0,a0,1
    19c0:	0306                	slli	t1,t1,0x1
    19c2:	0906                	slli	s2,s2,0x1
    19c4:	0002                	c.slli64	zero
    19c6:	0401                	addi	s0,s0,0
    19c8:	0502                	c.slli64	a0
    19ca:	0320                	addi	s0,sp,392
    19cc:	097e                	slli	s2,s2,0x1f
    19ce:	0000                	unimp
    19d0:	0401                	addi	s0,s0,0
    19d2:	0501                	addi	a0,a0,0
    19d4:	0305                	addi	t1,t1,1
    19d6:	00040903          	lb	s2,0(s0)
    19da:	0501                	addi	a0,a0,0
    19dc:	060c                	addi	a1,sp,768
    19de:	00090003          	lb	zero,0(s2)
    19e2:	0100                	addi	s0,sp,128
    19e4:	0505                	addi	a0,a0,1
    19e6:	0306                	slli	t1,t1,0x1
    19e8:	0901                	addi	s2,s2,0
    19ea:	000a                	c.slli	zero,0x2
    19ec:	0501                	addi	a0,a0,0
    19ee:	0015                	c.nop	5
    19f0:	0402                	c.slli64	s0
    19f2:	0301                	addi	t1,t1,0
    19f4:	0900                	addi	s0,sp,144
    19f6:	0000                	unimp
    19f8:	0501                	addi	a0,a0,0
    19fa:	0305                	addi	t1,t1,1
    19fc:	0901                	addi	s2,s2,0
    19fe:	0004                	.insn	2, 0x0004
    1a00:	0501                	addi	a0,a0,0
    1a02:	060e                	slli	a2,a2,0x3
    1a04:	00090003          	lb	zero,0(s2)
    1a08:	0100                	addi	s0,sp,128
    1a0a:	0505                	addi	a0,a0,1
    1a0c:	0306                	slli	t1,t1,0x1
    1a0e:	0901                	addi	s2,s2,0
    1a10:	0008                	.insn	2, 0x0008
    1a12:	0401                	addi	s0,s0,0
    1a14:	097b0303          	lb	t1,151(s6)
    1a18:	0000                	unimp
    1a1a:	0401                	addi	s0,s0,0
    1a1c:	0302                	c.slli64	t1
    1a1e:	0928                	addi	a0,sp,152
    1a20:	0000                	unimp
    1a22:	0401                	addi	s0,s0,0
    1a24:	0301                	addi	t1,t1,0
    1a26:	095f 0004 0401      	.insn	6, 0x04010004095f
    1a2c:	0502                	c.slli64	a0
    1a2e:	0320                	addi	s0,sp,392
    1a30:	00000977          	.insn	4, 0x0977
    1a34:	0401                	addi	s0,s0,0
    1a36:	0501                	addi	a0,a0,0
    1a38:	0305                	addi	t1,t1,1
    1a3a:	090a                	slli	s2,s2,0x2
    1a3c:	0004                	.insn	2, 0x0004
    1a3e:	0501                	addi	a0,a0,0
    1a40:	0003060f          	.insn	4, 0x0003060f
    1a44:	0009                	c.nop	2
    1a46:	0100                	addi	s0,sp,128
    1a48:	0105                	addi	sp,sp,1
    1a4a:	02090103          	lb	sp,32(s2)
    1a4e:	0100                	addi	s0,sp,128
    1a50:	0409                	addi	s0,s0,2
    1a52:	0000                	unimp
    1a54:	0101                	addi	sp,sp,0

Disassembly of section .debug_str:

0000000000000000 <.debug_str>:
   0:	5f5f 6972 6373      	.insn	6, 0x637369725f5f
   6:	5f76                	lw	t5,124(sp)
   8:	6676                	ld	a2,344(sp)
   a:	5f627573          	csrrci	a0,0x5f6,4
   e:	7676                	ld	a2,376(sp)
  10:	665f 3436 316d      	.insn	6, 0x316d3436665f
  16:	7600                	ld	s0,40(a2)
  18:	495f 7563 7272      	.insn	6, 0x72727563495f
  1e:	4700                	lw	s0,8(a4)
  20:	554e                	lw	a0,240(sp)
  22:	4320                	lw	s0,64(a4)
  24:	3939                	addiw	s2,s2,-18
  26:	3120                	fld	fs0,96(a0)
  28:	2e322e33          	.insn	4, 0x2e322e33
  2c:	2030                	fld	fa2,64(s0)
  2e:	6d2d                	lui	s10,0xb
  30:	646f6d63          	bltu	t5,t1,68a <__stack_align+0x67a>
  34:	6c65                	lui	s8,0x19
  36:	6d3d                	lui	s10,0xf
  38:	6465                	lui	s0,0x19
  3a:	6e61                	lui	t3,0x18
  3c:	2079                	.insn	2, 0x2079
  3e:	6d2d                	lui	s10,0xb
  40:	6261                	lui	tp,0x18
  42:	3d69                	addiw	s10,s10,-6 # affa <__stack_size+0x2ffa>
  44:	706c                	ld	a1,224(s0)
  46:	3436                	fld	fs0,360(sp)
  48:	2064                	fld	fs1,192(s0)
  4a:	6d2d                	lui	s10,0xb
  4c:	646f6d63          	bltu	t5,t1,6a6 <__stack_align+0x696>
  50:	6c65                	lui	s8,0x19
  52:	6d3d                	lui	s10,0xf
  54:	6465                	lui	s0,0x19
  56:	6e61                	lui	t3,0x18
  58:	2079                	.insn	2, 0x2079
  5a:	6d2d                	lui	s10,0xb
  5c:	7574                	ld	a3,232(a0)
  5e:	656e                	ld	a0,216(sp)
  60:	723d                	lui	tp,0xfffef
  62:	656b636f          	jal	t1,b66b8 <__heap_size+0x966b8>
  66:	2074                	fld	fa3,192(s0)
  68:	6d2d                	lui	s10,0xb
  6a:	7369                	lui	t1,0xffffa
  6c:	2d61                	addiw	s10,s10,24 # b018 <__stack_size+0x3018>
  6e:	63657073          	csrci	0x636,10
  72:	323d                	addiw	tp,tp,-17 # fffffffffffeefef <__heap_end+0xffffffff7ffc9fef>
  74:	3130                	fld	fa2,96(a0)
  76:	3139                	addiw	sp,sp,-18
  78:	3132                	fld	ft2,296(sp)
  7a:	6d2d2033          	.insn	4, 0x6d2d2033
  7e:	7261                	lui	tp,0xffff8
  80:	723d6863          	bltu	s10,gp,7b0 <__stack_align+0x7a0>
  84:	3676                	fld	fa2,376(sp)
  86:	6934                	ld	a3,80(a0)
  88:	616d                	addi	sp,sp,240
  8a:	6466                	ld	s0,88(sp)
  8c:	5f76                	lw	t5,124(sp)
  8e:	697a                	ld	s2,408(sp)
  90:	5f727363          	bgeu	tp,s7,676 <__stack_align+0x666>
  94:	767a                	ld	a2,440(sp)
  96:	3365                	addiw	t1,t1,-7 # ffffffffffff9ff9 <__heap_end+0xffffffff7ffd4ff9>
  98:	6632                	ld	a2,264(sp)
  9a:	7a5f 6576 3233      	.insn	6, 0x323365767a5f
  a0:	5f78                	lw	a4,124(a4)
  a2:	767a                	ld	a2,440(sp)
  a4:	3665                	addiw	a2,a2,-7
  a6:	6434                	ld	a3,72(s0)
  a8:	7a5f 6576 3436      	.insn	6, 0x343665767a5f
  ae:	5f66                	lw	t5,120(sp)
  b0:	767a                	ld	a2,440(sp)
  b2:	3665                	addiw	a2,a2,-7
  b4:	7834                	ld	a3,112(s0)
  b6:	7a5f 6c76 3231      	.insn	6, 0x32316c767a5f
  bc:	6238                	ld	a4,64(a2)
  be:	7a5f 6c76 3233      	.insn	6, 0x32336c767a5f
  c4:	5f62                	lw	t5,56(sp)
  c6:	767a                	ld	a2,440(sp)
  c8:	366c                	fld	fa1,232(a2)
  ca:	6234                	ld	a3,64(a2)
  cc:	2d20                	fld	fs0,88(a0)
  ce:	4f2d2067          	.insn	4, 0x4f2d2067
  d2:	2032                	fld	ft0,264(sp)
  d4:	732d                	lui	t1,0xfffeb
  d6:	6474                	ld	a3,200(s0)
  d8:	673d                	lui	a4,0xf
  da:	756e                	ld	a0,248(sp)
  dc:	3939                	addiw	s2,s2,-18
  de:	2d20                	fld	fs0,88(a0)
  e0:	6e66                	ld	t3,88(sp)
  e2:	6f632d6f          	jal	s10,327d8 <__heap_size+0x127d8>
  e6:	6d6d                	lui	s10,0x1b
  e8:	2d206e6f          	jal	t3,63ba <__stack_size_min+0x3ba>
  ec:	6e66                	ld	t3,88(sp)
  ee:	75622d6f          	jal	s10,22844 <__heap_size+0x2844>
  f2:	6c69                	lui	s8,0x1a
  f4:	6974                	ld	a3,208(a0)
  f6:	2d6e                	fld	fs10,216(sp)
  f8:	7270                	ld	a2,224(a2)
  fa:	6e69                	lui	t3,0x1a
  fc:	6674                	ld	a3,200(a2)
  fe:	5f00                	lw	s0,56(a4)
 100:	725f 7369 7663      	.insn	6, 0x76637369725f
 106:	765f 6d66 6c75      	.insn	6, 0x6c756d66765f
 10c:	765f 5f66 3666      	.insn	6, 0x36665f66765f
 112:	6d34                	ld	a3,88(a0)
 114:	0031                	c.nop	12
 116:	5f5f 6972 6373      	.insn	6, 0x637369725f5f
 11c:	5f76                	lw	t5,124(sp)
 11e:	6676                	ld	a2,344(sp)
 120:	756d                	lui	a0,0xffffb
 122:	5f6c                	lw	a1,124(a4)
 124:	7676                	ld	a2,376(sp)
 126:	665f 3436 316d      	.insn	6, 0x316d3436665f
 12c:	6300                	ld	s0,0(a4)
 12e:	7275                	lui	tp,0xffffd
 130:	7072                	.insn	2, 0x7072
 132:	746e696f          	jal	s2,e6878 <__heap_size+0xc6878>
 136:	7600                	ld	s0,40(a2)
 138:	635f 7275 0072      	.insn	6, 0x00727275635f
 13e:	7265                	lui	tp,0xffff9
 140:	5f72                	lw	t5,60(sp)
 142:	7270                	ld	a2,224(a2)
 144:	7665                	lui	a2,0xffff9
 146:	7600                	ld	s0,40(a2)
 148:	655f 7272 645f      	.insn	6, 0x645f7272655f
 14e:	6669                	lui	a2,0x1a
 150:	0066                	c.slli	zero,0x19
 152:	6e75                	lui	t3,0x1d
 154:	6e676973          	csrrsi	s2,0x6e6,14
 158:	6465                	lui	s0,0x19
 15a:	6320                	ld	s0,64(a4)
 15c:	6168                	ld	a0,192(a0)
 15e:	0072                	c.slli	zero,0x1c
 160:	5f5f 6972 6373      	.insn	6, 0x637369725f5f
 166:	5f76                	lw	t5,124(sp)
 168:	7376                	ld	t1,376(sp)
 16a:	7465                	lui	s0,0xffff9
 16c:	6c76                	ld	s8,344(sp)
 16e:	655f 3436 316d      	.insn	6, 0x316d3436655f
 174:	7600                	ld	s0,40(a2)
 176:	655f 7272 7300      	.insn	6, 0x73007272655f
 17c:	6f68                	ld	a0,216(a4)
 17e:	7472                	ld	s0,312(sp)
 180:	7520                	ld	s0,104(a0)
 182:	736e                	ld	t1,248(sp)
 184:	6769                	lui	a4,0x1a
 186:	656e                	ld	a0,216(sp)
 188:	2064                	fld	fs1,192(s0)
 18a:	6e69                	lui	t3,0x1a
 18c:	0074                	addi	a3,sp,12
 18e:	6341                	lui	t1,0x10
 190:	7574                	ld	a3,232(a0)
 192:	7461                	lui	s0,0xffff8
 194:	7600726f          	jal	tp,78f4 <__stack_size_min+0x18f4>
 198:	6b5f 0069 5f5f      	.insn	6, 0x5f5f00696b5f
 19e:	6972                	ld	s2,280(sp)
 1a0:	5f766373          	csrrsi	t1,0x5f7,12
 1a4:	6676                	ld	a2,344(sp)
 1a6:	616d                	addi	sp,sp,240
 1a8:	765f6363          	bltu	t5,t0,90e <__stack_align+0x8fe>
 1ac:	5f66                	lw	t5,120(sp)
 1ae:	3666                	fld	fa2,120(sp)
 1b0:	6d34                	ld	a3,88(a0)
 1b2:	0031                	c.nop	12
 1b4:	5f49                	li	t5,-14
 1b6:	7270                	ld	a2,224(a2)
 1b8:	7665                	lui	a2,0xffff9
 1ba:	7300                	ld	s0,32(a4)
 1bc:	6f68                	ld	a0,216(a4)
 1be:	7472                	ld	s0,312(sp)
 1c0:	6920                	ld	s0,80(a0)
 1c2:	746e                	ld	s0,248(sp)
 1c4:	6500                	ld	s0,8(a0)
 1c6:	7272                	ld	tp,312(sp)
 1c8:	705f726f          	jal	tp,f80cc <__heap_size+0xd80cc>
 1cc:	6572                	ld	a0,280(sp)
 1ce:	0076                	c.slli	zero,0x1d
 1d0:	5f76                	lw	t5,124(sp)
 1d2:	7300646b          	.insn	4, 0x7300646b
 1d6:	7465                	lui	s0,0xffff9
 1d8:	6f70                	ld	a2,216(a4)
 1da:	6e69                	lui	t3,0x1a
 1dc:	0074                	addi	a3,sp,12
 1de:	6f6c                	ld	a1,216(a4)
 1e0:	676e                	ld	a4,216(sp)
 1e2:	6c20                	ld	s0,88(s0)
 1e4:	20676e6f          	jal	t3,763ea <__heap_size+0x563ea>
 1e8:	6e75                	lui	t3,0x1d
 1ea:	6e676973          	csrrsi	s2,0x6e6,14
 1ee:	6465                	lui	s0,0x19
 1f0:	6920                	ld	s0,80(a0)
 1f2:	746e                	ld	s0,248(sp)
 1f4:	5f00                	lw	s0,56(a4)
 1f6:	725f 7369 7663      	.insn	6, 0x76637369725f
 1fc:	765f 656c 3436      	.insn	6, 0x3436656c765f
 202:	765f 665f 3436      	.insn	6, 0x3436665f765f
 208:	316d                	addiw	sp,sp,-5
 20a:	7600                	ld	s0,40(a2)
 20c:	6b5f 0070 6361      	.insn	6, 0x636100706b5f
 212:	7574                	ld	a3,232(a0)
 214:	7461                	lui	s0,0xffff8
 216:	0073726f          	jal	tp,37a1c <__heap_size+0x17a1c>
 21a:	5f5f 6972 6373      	.insn	6, 0x637369725f5f
 220:	5f76                	lw	t5,124(sp)
 222:	7376                	ld	t1,376(sp)
 224:	3665                	addiw	a2,a2,-7 # ffffffffffff8ff9 <__heap_end+0xffffffff7ffd3ff9>
 226:	5f34                	lw	a3,120(a4)
 228:	5f76                	lw	t5,124(sp)
 22a:	3666                	fld	fa2,120(sp)
 22c:	6d34                	ld	a3,88(a0)
 22e:	0031                	c.nop	12
 230:	6f6c                	ld	a1,216(a4)
 232:	676e                	ld	a4,216(sp)
 234:	6c20                	ld	s0,88(s0)
 236:	20676e6f          	jal	t3,7643c <__heap_size+0x5643c>
 23a:	6e69                	lui	t3,0x1a
 23c:	0074                	addi	a3,sp,12
 23e:	5f76                	lw	t5,124(sp)
 240:	7265                	lui	tp,0xffff9
 242:	7072                	.insn	2, 0x7072
 244:	6572                	ld	a0,280(sp)
 246:	0076                	c.slli	zero,0x1d
 248:	5f5f 7672 5f76      	.insn	6, 0x5f7676725f5f
 24e:	6c66                	ld	s8,88(sp)
 250:	3674616f          	jal	sp,46db6 <__heap_size+0x26db6>
 254:	6d34                	ld	a3,88(a0)
 256:	5f31                	li	t5,-20
 258:	0074                	addi	a3,sp,12
 25a:	5f76                	lw	t5,124(sp)
 25c:	00746573          	csrrsi	a0,0x7,8
 260:	6e69                	lui	t3,0x1a
 262:	5f76                	lw	t5,124(sp)
 264:	7464                	ld	s1,232(s0)
 266:	7600                	ld	s0,40(a2)
 268:	445f 7563 7272      	.insn	6, 0x72727563445f
 26e:	6f00                	ld	s0,24(a4)
 270:	7475                	lui	s0,0xffffd
 272:	7570                	ld	a2,232(a0)
 274:	0074                	addi	a3,sp,12
 276:	5f5f 6972 6373      	.insn	6, 0x637369725f5f
 27c:	5f76                	lw	t5,124(sp)
 27e:	6676                	ld	a2,344(sp)
 280:	616d                	addi	sp,sp,240
 282:	765f6363          	bltu	t5,t0,9e8 <__stack_align+0x9d8>
 286:	5f76                	lw	t5,124(sp)
 288:	3666                	fld	fa2,120(sp)
 28a:	6d34                	ld	a3,88(a0)
 28c:	0031                	c.nop	12
 28e:	5f76                	lw	t5,124(sp)
 290:	0074756f          	jal	a0,47a96 <__heap_size+0x27a96>
 294:	6676                	ld	a2,344(sp)
 296:	6f6c                	ld	a1,216(a4)
 298:	7461                	lui	s0,0xffff8
 29a:	3436                	fld	fs0,360(sp)
 29c:	316d                	addiw	sp,sp,-5
 29e:	745f 7600 495f      	.insn	6, 0x495f7600745f
 2a4:	7270                	ld	a2,224(a2)
 2a6:	7665                	lui	a2,0xffff9
 2a8:	5f00                	lw	s0,56(a4)
 2aa:	695f 746e 3231      	.insn	6, 0x3231746e695f
 2b0:	2038                	fld	fa4,64(s0)
 2b2:	6e75                	lui	t3,0x1d
 2b4:	6e676973          	csrrsi	s2,0x6e6,14
 2b8:	6465                	lui	s0,0x19
 2ba:	4700                	lw	s0,8(a4)
 2bc:	554e                	lw	a0,240(sp)
 2be:	4320                	lw	s0,64(a4)
 2c0:	3731                	addiw	a4,a4,-20 # 19fec <__stack_size+0x11fec>
 2c2:	3120                	fld	fs0,96(a0)
 2c4:	2e322e33          	.insn	4, 0x2e322e33
 2c8:	2030                	fld	fa2,64(s0)
 2ca:	6d2d                	lui	s10,0xb
 2cc:	646f6d63          	bltu	t5,t1,926 <__stack_align+0x916>
 2d0:	6c65                	lui	s8,0x19
 2d2:	6d3d                	lui	s10,0xf
 2d4:	6465                	lui	s0,0x19
 2d6:	6e61                	lui	t3,0x18
 2d8:	2079                	.insn	2, 0x2079
 2da:	6d2d                	lui	s10,0xb
 2dc:	646f6d63          	bltu	t5,t1,936 <__stack_align+0x926>
 2e0:	6c65                	lui	s8,0x19
 2e2:	6d3d                	lui	s10,0xf
 2e4:	6465                	lui	s0,0x19
 2e6:	6e61                	lui	t3,0x18
 2e8:	2079                	.insn	2, 0x2079
 2ea:	6d2d                	lui	s10,0xb
 2ec:	7574                	ld	a3,232(a0)
 2ee:	656e                	ld	a0,216(sp)
 2f0:	723d                	lui	tp,0xfffef
 2f2:	656b636f          	jal	t1,b6948 <__heap_size+0x96948>
 2f6:	2074                	fld	fa3,192(s0)
 2f8:	6d2d                	lui	s10,0xb
 2fa:	6261                	lui	tp,0x18
 2fc:	3d69                	addiw	s10,s10,-6 # affa <__stack_size+0x2ffa>
 2fe:	706c                	ld	a1,224(s0)
 300:	3436                	fld	fs0,360(sp)
 302:	2064                	fld	fs1,192(s0)
 304:	6d2d                	lui	s10,0xb
 306:	7369                	lui	t1,0xffffa
 308:	2d61                	addiw	s10,s10,24 # b018 <__stack_size+0x3018>
 30a:	63657073          	csrci	0x636,10
 30e:	323d                	addiw	tp,tp,-17 # 17fef <__stack_size+0xffef>
 310:	3130                	fld	fa2,96(a0)
 312:	3139                	addiw	sp,sp,-18
 314:	3132                	fld	ft2,296(sp)
 316:	6d2d2033          	.insn	4, 0x6d2d2033
 31a:	7261                	lui	tp,0xffff8
 31c:	723d6863          	bltu	s10,gp,a4c <__stack_align+0xa3c>
 320:	3676                	fld	fa2,376(sp)
 322:	6934                	ld	a3,80(a0)
 324:	616d                	addi	sp,sp,240
 326:	6466                	ld	s0,88(sp)
 328:	697a5f63          	bge	s4,s7,9c6 <__stack_align+0x9b6>
 32c:	20727363          	bgeu	tp,t2,532 <__stack_align+0x522>
 330:	672d                	lui	a4,0xb
 332:	2d20                	fld	fs0,88(a0)
 334:	2d20734f          	.insn	4, 0x2d20734f
 338:	2d20324f          	.insn	4, 0x2d20324f
 33c:	2d20734f          	.insn	4, 0x2d20734f
 340:	6266                	ld	tp,88(sp)
 342:	6975                	lui	s2,0x1d
 344:	646c                	ld	a1,200(s0)
 346:	6e69                	lui	t3,0x1a
 348:	696c2d67          	.insn	4, 0x696c2d67
 34c:	6762                	ld	a4,24(sp)
 34e:	2d206363          	bltu	zero,s2,614 <__stack_align+0x604>
 352:	6e66                	ld	t3,88(sp)
 354:	74732d6f          	jal	s10,3329a <__heap_size+0x1329a>
 358:	6361                	lui	t1,0x18
 35a:	72702d6b          	.insn	4, 0x72702d6b
 35e:	6365746f          	jal	s0,57994 <__heap_size+0x37994>
 362:	6f74                	ld	a3,216(a4)
 364:	2072                	fld	ft0,280(sp)
 366:	662d                	lui	a2,0xb
 368:	6976                	ld	s2,344(sp)
 36a:	69626973          	csrrsi	s2,0x696,4
 36e:	696c                	ld	a1,208(a0)
 370:	7974                	ld	a3,240(a0)
 372:	683d                	lui	a6,0xf
 374:	6469                	lui	s0,0x1a
 376:	6564                	ld	s1,200(a0)
 378:	006e                	c.slli	zero,0x1b
 37a:	465f 5f50 4150      	.insn	6, 0x41505f50465f
 380:	525f4b43          	fmadd.d	fs6,ft10,ft5,fa0,rmm
 384:	5741                	li	a4,-16
 386:	315f 665f 6f6c      	.insn	6, 0x6f6c665f315f
 38c:	6c00                	ld	s0,24(s0)
 38e:	73676e6f          	jal	t3,76ac4 <__heap_size+0x56ac4>
 392:	6600                	ld	s0,8(a2)
 394:	6172                	ld	sp,280(sp)
 396:	66003063          	.insn	4, 0x66003063
 39a:	6172                	ld	sp,280(sp)
 39c:	44003163          	.insn	4, 0x44003163
 3a0:	7446                	ld	s0,112(sp)
 3a2:	7079                	c.lui	zero,0xffffe
 3a4:	0065                	c.nop	25
 3a6:	465f 5f50 4150      	.insn	6, 0x41505f50465f
 3ac:	535f4b43          	fmadd.d	fs6,ft10,fs5,fa0,rmm
 3b0:	4d45                	li	s10,17
 3b2:	5249                	li	tp,-14
 3b4:	5741                	li	a4,-16
 3b6:	545f 665f 5400      	.insn	6, 0x5400665f545f
 3bc:	7446                	ld	s0,112(sp)
 3be:	7079                	c.lui	zero,0xffffe
 3c0:	0065                	c.nop	25
 3c2:	465f 5f50 4150      	.insn	6, 0x41505f50465f
 3c8:	535f4b43          	fmadd.d	fs6,ft10,fs5,fa0,rmm
 3cc:	4d45                	li	s10,17
 3ce:	5249                	li	tp,-14
 3d0:	5741                	li	a4,-16
 3d2:	545f 735f 4100      	.insn	6, 0x4100735f545f
 3d8:	665f 0030 5f41      	.insn	6, 0x5f410030665f
 3de:	3166                	fld	ft2,120(sp)
 3e0:	5f00                	lw	s0,56(a4)
 3e2:	695f 746e 3231      	.insn	6, 0x3231746e695f
 3e8:	0038                	addi	a4,sp,8
 3ea:	665f 7865 5f00      	.insn	6, 0x5f007865665f
 3f0:	5046                	.insn	2, 0x5046
 3f2:	505f 4341 5f4b      	.insn	6, 0x5f4b4341505f
 3f8:	494d4553          	.insn	4, 0x494d4553
 3fc:	4152                	lw	sp,20(sp)
 3fe:	5f545f57          	.insn	4, 0x5f545f57
 402:	0065                	c.nop	25
 404:	465f 5f50 4150      	.insn	6, 0x41505f50465f
 40a:	535f4b43          	fmadd.d	fs6,ft10,fs5,fa0,rmm
 40e:	4d45                	li	s10,17
 410:	5249                	li	tp,-14
 412:	5741                	li	a4,-16
 414:	545f 635f 5f00      	.insn	6, 0x5f00635f545f
 41a:	5046                	.insn	2, 0x5046
 41c:	555f 504e 4341      	.insn	6, 0x4341504e555f
 422:	41525f4b          	fnmsub.s	ft10,ft4,fs5,fs0,unknown
 426:	5f325f57          	.insn	4, 0x5f325f57
 42a:	6c66                	ld	s8,88(sp)
 42c:	7266006f          	j	60b52 <__heap_size+0x40b52>
 430:	6361                	lui	t1,0x18
 432:	5f00                	lw	s0,56(a4)
 434:	5046                	.insn	2, 0x5046
 436:	505f 4341 5f4b      	.insn	6, 0x5f4b4341505f
 43c:	494d4553          	.insn	4, 0x494d4553
 440:	4152                	lw	sp,20(sp)
 442:	73695f57          	.insn	4, 0x73695f57
 446:	745f 6e69 0079      	.insn	6, 0x00796e69745f
 44c:	465f 5f50 4e55      	.insn	6, 0x4e555f50465f
 452:	4f49                	li	t5,18
 454:	5f4e                	lw	t5,240(sp)
 456:	0044                	addi	s1,sp,4
 458:	5f5f 7274 6e75      	.insn	6, 0x6e7572745f5f
 45e:	64667463          	bgeu	a2,t1,aa6 <__stack_align+0xa96>
 462:	3266                	fld	ft4,120(sp)
 464:	5f00                	lw	s0,56(a4)
 466:	5046                	.insn	2, 0x5046
 468:	555f 494e 4e4f      	.insn	6, 0x4e4f494e555f
 46e:	515f 7300 6769      	.insn	6, 0x67697300515f
 474:	006e                	c.slli	zero,0x1b
 476:	6f6c                	ld	a1,216(a4)
 478:	676e                	ld	a4,216(sp)
 47a:	6420                	ld	s0,72(s0)
 47c:	6c62756f          	jal	a0,27b42 <__heap_size+0x7b42>
 480:	0065                	c.nop	25
 482:	6962                	ld	s2,24(sp)
 484:	7374                	ld	a3,224(a4)
 486:	5f00                	lw	s0,56(a4)
 488:	7266                	ld	tp,120(sp)
 48a:	006d                	c.nop	27
 48c:	635f 6f6c 6573      	.insn	6, 0x65736f6c635f
 492:	6600                	ld	s0,8(a2)
 494:	6c69                	lui	s8,0x1a
 496:	0065                	c.nop	25
 498:	20554e47          	fmsub.s	ft8,fa0,ft5,ft4,rmm
 49c:	20313143          	fmadd.s	ft2,ft2,ft3,ft4,rup
 4a0:	3331                	addiw	t1,t1,-20 # 17fec <__stack_size+0xffec>
 4a2:	322e                	fld	ft4,232(sp)
 4a4:	302e                	fld	ft0,232(sp)
 4a6:	2d20                	fld	fs0,88(a0)
 4a8:	636d                	lui	t1,0x1b
 4aa:	6f6d                	lui	t5,0x1b
 4ac:	6564                	ld	s1,200(a0)
 4ae:	3d6c                	fld	fa1,248(a0)
 4b0:	656d                	lui	a0,0x1b
 4b2:	6164                	ld	s1,192(a0)
 4b4:	796e                	ld	s2,248(sp)
 4b6:	2d20                	fld	fs0,88(a0)
 4b8:	746d                	lui	s0,0xffffb
 4ba:	6e75                	lui	t3,0x1d
 4bc:	3d65                	addiw	s10,s10,-7
 4be:	6f72                	ld	t5,280(sp)
 4c0:	74656b63          	bltu	a0,t1,c16 <__stack_align+0xc06>
 4c4:	2d20                	fld	fs0,88(a0)
 4c6:	616d                	addi	sp,sp,240
 4c8:	6962                	ld	s2,24(sp)
 4ca:	6c3d                	lui	s8,0xf
 4cc:	3670                	fld	fa2,232(a2)
 4ce:	6434                	ld	a3,72(s0)
 4d0:	2d20                	fld	fs0,88(a0)
 4d2:	696d                	lui	s2,0x1b
 4d4:	732d6173          	csrrsi	sp,mhpmevent18h,26
 4d8:	6570                	ld	a2,200(a0)
 4da:	30323d63          	.insn	4, 0x30323d63
 4de:	3931                	addiw	s2,s2,-20 # 1afec <__stack_size+0x12fec>
 4e0:	3231                	addiw	tp,tp,-20 # ffffffffffff7fec <__heap_end+0xffffffff7ffd2fec>
 4e2:	3331                	addiw	t1,t1,-20 # 1afec <__stack_size+0x12fec>
 4e4:	2d20                	fld	fs0,88(a0)
 4e6:	616d                	addi	sp,sp,240
 4e8:	6372                	ld	t1,280(sp)
 4ea:	3d68                	fld	fa0,248(a0)
 4ec:	7672                	ld	a2,312(sp)
 4ee:	3436                	fld	fs0,360(sp)
 4f0:	6d69                	lui	s10,0x1a
 4f2:	6661                	lui	a2,0x18
 4f4:	6364                	ld	s1,192(a4)
 4f6:	7a5f 6369 7273      	.insn	6, 0x727363697a5f
 4fc:	2d20                	fld	fs0,88(a0)
 4fe:	4f2d2067          	.insn	4, 0x4f2d2067
 502:	2032                	fld	ft0,264(sp)
 504:	732d                	lui	t1,0xfffeb
 506:	6474                	ld	a3,200(s0)
 508:	633d                	lui	t1,0xf
 50a:	3131                	addiw	sp,sp,-20
 50c:	2d20                	fld	fs0,88(a0)
 50e:	6e66                	ld	t3,88(sp)
 510:	6f632d6f          	jal	s10,32c06 <__heap_size+0x12c06>
 514:	6d6d                	lui	s10,0x1b
 516:	2d206e6f          	jal	t3,67e8 <__stack_size_min+0x7e8>
 51a:	6e66                	ld	t3,88(sp)
 51c:	75622d6f          	jal	s10,22c72 <__heap_size+0x2c72>
 520:	6c69                	lui	s8,0x1a
 522:	6974                	ld	a3,208(a0)
 524:	006e                	c.slli	zero,0x1b
 526:	5f5f 7265 6e72      	.insn	6, 0x6e7272655f5f
 52c:	6f74006f          	j	41422 <__heap_size+0x21422>
 530:	6f68                	ld	a0,216(a4)
 532:	5f007473          	csrrci	s0,0x5f0,0
 536:	7865                	lui	a6,0xffff9
 538:	7469                	lui	s0,0xffffa
 53a:	6600                	ld	s0,8(a2)
 53c:	6f72                	ld	t5,280(sp)
 53e:	686d                	lui	a6,0x1b
 540:	0074736f          	jal	t1,47d46 <__heap_size+0x27d46>
 544:	65646f63          	bltu	s0,s6,ba2 <__stack_align+0xb92>
 548:	5f00                	lw	s0,56(a4)
 54a:	755f 6e69 3674      	.insn	6, 0x36746e69755f
 550:	5f34                	lw	a3,120(a4)
 552:	0074                	addi	a3,sp,12
 554:	5f5f 6975 5f64      	.insn	6, 0x5f6469755f5f
 55a:	0074                	addi	a3,sp,12
 55c:	6e5f7473          	csrrci	s0,0x6e5,30
 560:	696c                	ld	a1,208(a0)
 562:	6b6e                	ld	s6,216(sp)
 564:	7400                	ld	s0,40(s0)
 566:	5f76                	lw	t5,124(sp)
 568:	736e                	ld	t1,248(sp)
 56a:	6365                	lui	t1,0x19
 56c:	7300                	ld	s0,32(a4)
 56e:	5f74                	lw	a3,124(a4)
 570:	657a6973          	csrrsi	s2,hviprio2h,20
 574:	7300                	ld	s0,32(a4)
 576:	5f74                	lw	a3,124(a4)
 578:	746d                	lui	s0,0xffffb
 57a:	6d69                	lui	s10,0x1a
 57c:	7300                	ld	s0,32(a4)
 57e:	5f74                	lw	a3,124(a4)
 580:	6e69                	lui	t3,0x1a
 582:	7473006f          	j	314c8 <__heap_size+0x114c8>
 586:	625f 6b6c 6973      	.insn	6, 0x69736b6c625f
 58c:	657a                	ld	a0,408(sp)
 58e:	7300                	ld	s0,32(a4)
 590:	5f74                	lw	a3,124(a4)
 592:	72617073          	csrci	mhpmevent6h,2
 596:	3465                	addiw	s0,s0,-7 # ffffffffffffaff9 <__heap_end+0xffffffff7ffd5ff9>
 598:	5f00                	lw	s0,56(a4)
 59a:	645f 7665 745f      	.insn	6, 0x745f7665645f
 5a0:	7300                	ld	s0,32(a4)
 5a2:	5f74                	lw	a3,124(a4)
 5a4:	6c62                	ld	s8,24(sp)
 5a6:	736b636f          	jal	t1,b6cdc <__heap_size+0x96cdc>
 5aa:	7300                	ld	s0,32(a4)
 5ac:	5f74                	lw	a3,124(a4)
 5ae:	6f6d                	lui	t5,0x1b
 5b0:	6564                	ld	s1,200(a0)
 5b2:	7300                	ld	s0,32(a4)
 5b4:	5f74                	lw	a3,124(a4)
 5b6:	7461                	lui	s0,0xffff8
 5b8:	6d69                	lui	s10,0x1a
 5ba:	7400                	ld	s0,40(s0)
 5bc:	6d69                	lui	s10,0x1a
 5be:	5f65                	li	t5,-7
 5c0:	0074                	addi	a3,sp,12
 5c2:	5f5f 6c6e 6e69      	.insn	6, 0x6e696c6e5f5f
 5c8:	00745f6b          	.insn	4, 0x00745f6b
 5cc:	5f5f 6975 746e      	.insn	6, 0x746e69755f5f
 5d2:	745f3233          	.insn	4, 0x745f3233
 5d6:	7300                	ld	s0,32(a4)
 5d8:	5f74                	lw	a3,124(a4)
 5da:	6472                	ld	s0,280(sp)
 5dc:	7665                	lui	a2,0xffff9
 5de:	5f00                	lw	s0,56(a4)
 5e0:	625f 6b6c 6973      	.insn	6, 0x69736b6c625f
 5e6:	657a                	ld	a0,408(sp)
 5e8:	745f 5f00 625f      	.insn	6, 0x625f5f00745f
 5ee:	6b6c                	ld	a1,208(a4)
 5f0:	5f746e63          	bltu	s0,s7,bec <__stack_align+0xbdc>
 5f4:	0074                	addi	a3,sp,12
 5f6:	635f7473          	csrrci	s0,0x635,30
 5fa:	6974                	ld	a3,208(a0)
 5fc:	006d                	c.nop	27
 5fe:	755f7473          	csrrci	s0,0x755,30
 602:	6469                	lui	s0,0x1a
 604:	5f00                	lw	s0,56(a4)
 606:	675f 6469 745f      	.insn	6, 0x745f6469675f
 60c:	5f00                	lw	s0,56(a4)
 60e:	6f5f 6666 745f      	.insn	6, 0x745f66666f5f
 614:	7400                	ld	s0,40(s0)
 616:	5f76                	lw	t5,124(sp)
 618:	00636573          	csrrsi	a0,0x6,6
 61c:	6974                	ld	a3,208(a0)
 61e:	656d                	lui	a0,0x1b
 620:	63657073          	csrci	0x636,10
 624:	5f00                	lw	s0,56(a4)
 626:	7366                	ld	t1,120(sp)
 628:	6174                	ld	a3,192(a0)
 62a:	0074                	addi	a3,sp,12
 62c:	5f5f 6f6d 6564      	.insn	6, 0x65646f6d5f5f
 632:	745f 5f00 695f      	.insn	6, 0x695f5f00745f
 638:	6f6e                	ld	t5,216(sp)
 63a:	745f 7300 5f74      	.insn	6, 0x5f747300745f
 640:	6564                	ld	s1,200(a0)
 642:	0076                	c.slli	zero,0x1d
 644:	675f7473          	csrrci	s0,0x675,30
 648:	6469                	lui	s0,0x1a
 64a:	5f00                	lw	s0,56(a4)
 64c:	70746567          	.insn	4, 0x70746567
 650:	6469                	lui	s0,0x1a
 652:	5f00                	lw	s0,56(a4)
 654:	7369                	lui	t1,0xffffa
 656:	7461                	lui	s0,0xffff8
 658:	7974                	ld	a3,240(a0)
 65a:	5f00                	lw	s0,56(a4)
 65c:	6c6c696b          	.insn	4, 0x6c6c696b
 660:	5f00                	lw	s0,56(a4)
 662:	736c                	ld	a1,224(a4)
 664:	6565                	lui	a0,0x19
 666:	725f006b          	.insn	4, 0x725f006b
 66a:	6165                	addi	sp,sp,112
 66c:	0064                	addi	s1,sp,12
 66e:	735f 6973 657a      	.insn	6, 0x657a6973735f
 674:	745f 7000 7274      	.insn	6, 0x72747000745f
 67a:	6964                	ld	s1,208(a0)
 67c:	6666                	ld	a2,88(sp)
 67e:	745f 5f00 685f      	.insn	6, 0x685f5f00745f
 684:	6165                	addi	sp,sp,112
 686:	5f70                	lw	a2,124(a4)
 688:	6e65                	lui	t3,0x19
 68a:	0064                	addi	s1,sp,12
 68c:	62727563          	bgeu	tp,t2,cb6 <__stack_align+0xca6>
 690:	6b72                	ld	s6,280(sp)
 692:	5f00                	lw	s0,56(a4)
 694:	6b726273          	csrrsi	tp,0x6b7,4
 698:	6900                	ld	s0,16(a0)
 69a:	636e                	ld	t1,216(sp)
 69c:	0072                	c.slli	zero,0x1c
 69e:	62646c6f          	jal	s8,46cc4 <__heap_size+0x26cc4>
 6a2:	6b72                	ld	s6,280(sp)
 6a4:	6e00                	ld	s0,24(a2)
 6a6:	7765                	lui	a4,0xffff9
 6a8:	7262                	ld	tp,56(sp)
 6aa:	7468006b          	.insn	4, 0x7468006b
 6ae:	6669                	lui	a2,0x1a
 6b0:	735f 7379 6163      	.insn	6, 0x61637379735f
 6b6:	6c6c                	ld	a1,216(s0)
 6b8:	5f00                	lw	s0,56(a4)
 6ba:	755f 6e69 7074      	.insn	6, 0x70746e69755f
 6c0:	7274                	ld	a3,224(a2)
 6c2:	745f 5f00 7277      	.insn	6, 0x72775f00745f
 6c8:	7469                	lui	s0,0xffffa
 6ca:	0065                	c.nop	25
 6cc:	2e2e                	fld	ft8,200(sp)
 6ce:	73696d2f          	.insn	4, 0x73696d2f
 6d2:	72632f63          	.insn	4, 0x72632f63
 6d6:	3074                	fld	fa3,224(s0)
 6d8:	532e                	lw	t1,232(sp)
 6da:	2f00                	fld	fs0,24(a4)
 6dc:	6f68                	ld	a0,216(a4)
 6de:	656d                	lui	a0,0x1b
 6e0:	6b6a682f          	.insn	4, 0x6b6a682f
 6e4:	2f6e6f77          	.insn	4, 0x2f6e6f77
 6e8:	70696863          	bltu	s2,t1,df8 <__stack_align+0xde8>
 6ec:	6179                	addi	sp,sp,464
 6ee:	6472                	ld	s0,280(sp)
 6f0:	6f6f742f          	.insn	4, 0x6f6f742f
 6f4:	636c                	ld	a1,192(a4)
 6f6:	6168                	ld	a0,192(a0)
 6f8:	6e69                	lui	t3,0x1a
 6fa:	696c2f73          	csrrs	t5,0x696,s8
 6fe:	6762                	ld	a4,24(sp)
 700:	6f6c                	ld	a1,216(a4)
 702:	622f7373          	csrrci	t1,0x622,30
 706:	6975                	lui	s2,0x1d
 708:	646c                	ld	a1,200(s0)
 70a:	4700                	lw	s0,8(a4)
 70c:	554e                	lw	a0,240(sp)
 70e:	4120                	lw	s0,64(a0)
 710:	2e322053          	.insn	4, 0x2e322053
 714:	3234                	fld	fa3,96(a2)
 716:	2e00                	fld	fs0,24(a2)
 718:	2f2e                	fld	ft10,200(sp)
 71a:	696d                	lui	s2,0x1b
 71c:	632f6373          	csrrsi	t1,0x632,30
 720:	7472                	ld	s0,312(sp)
 722:	616d                	addi	sp,sp,240
 724:	6e69                	lui	t3,0x1a
 726:	532e                	lw	t1,232(sp)
 728:	6800                	ld	s0,16(s0)
 72a:	6e61                	lui	t3,0x18
 72c:	6c64                	ld	s1,216(s0)
 72e:	5f65                	li	t5,-7
 730:	7274                	ld	a3,224(a2)
 732:	7061                	c.lui	zero,0xffff8
 734:	6300                	ld	s0,0(a4)
 736:	7561                	lui	a0,0xffff8
 738:	5f006573          	csrrsi	a0,0x5f0,0
 73c:	695f 746e 7470      	.insn	6, 0x7470746e695f
 742:	5f72                	lw	t5,60(sp)
 744:	0074                	addi	a3,sp,12
 746:	6572                	ld	a0,280(sp)
 748:	74007367          	.insn	4, 0x74007367
 74c:	6176                	ld	sp,344(sp)
 74e:	006c                	addi	a1,sp,12
 750:	5f5f 6e69 7469      	.insn	6, 0x74696e695f5f
 756:	745f 736c 5f00      	.insn	6, 0x5f00736c745f
 75c:	745f 6164 6174      	.insn	6, 0x61746164745f
 762:	735f 7a69 0065      	.insn	6, 0x00657a69735f
 768:	5f5f 6274 7373      	.insn	6, 0x737362745f5f
 76e:	6f5f 6666 6573      	.insn	6, 0x657366666f5f
 774:	0074                	addi	a3,sp,12
 776:	5f5f 6874 6572      	.insn	6, 0x657268745f5f
 77c:	6461                	lui	s0,0x18
 77e:	735f 6c65 0066      	.insn	6, 0x00666c65735f
 784:	5f5f 6274 7373      	.insn	6, 0x737362745f5f
 78a:	735f 7a69 0065      	.insn	6, 0x00657a69735f
 790:	656d                	lui	a0,0x1b
 792:	636d                	lui	t1,0x1b
 794:	7970                	ld	a2,240(a0)
 796:	5f00                	lw	s0,56(a4)
 798:	745f 6164 6174      	.insn	6, 0x61746164745f
 79e:	735f 6174 7472      	.insn	6, 0x74726174735f
 7a4:	6d00                	ld	s0,24(a0)
 7a6:	6d65                	lui	s10,0x19
 7a8:	00746573          	csrrsi	a0,0x7,8
 7ac:	5f5f 616d 6e69      	.insn	6, 0x6e69616d5f5f
 7b2:	7300                	ld	s0,32(a4)
 7b4:	6970                	ld	a2,208(a0)
 7b6:	6c6e                	ld	s8,216(sp)
 7b8:	5f6b636f          	jal	t1,b6dae <__heap_size+0x96dae>
 7bc:	0074                	addi	a3,sp,12
 7be:	5f5f 6e69 3374      	.insn	6, 0x33746e695f5f
 7c4:	5f32                	lw	t5,44(sp)
 7c6:	0074                	addi	a3,sp,12
 7c8:	7468                	ld	a0,232(s0)
 7ca:	6669                	lui	a2,0x1a
 7cc:	6c5f 636f 006b      	.insn	6, 0x006b636f6c5f
 7d2:	7461                	lui	s0,0xffff8
 7d4:	63696d6f          	jal	s10,96e0a <__heap_size+0x76e0a>
 7d8:	735f 6177 5f70      	.insn	6, 0x5f706177735f
 7de:	6361                	lui	t1,0x18
 7e0:	7571                	lui	a0,0xffffc
 7e2:	7269                	lui	tp,0xffffa
 7e4:	0065                	c.nop	25
 7e6:	7461                	lui	s0,0xffff8
 7e8:	63696d6f          	jal	s10,96e1e <__heap_size+0x76e1e>
 7ec:	745f 6100 6f74      	.insn	6, 0x6f746100745f
 7f2:	696d                	lui	s2,0x1b
 7f4:	6f6c5f63          	bge	s8,s6,ef2 <__stack_align+0xee2>
 7f8:	6461                	lui	s0,0x18
 7fa:	7300                	ld	s0,32(a4)
 7fc:	6970                	ld	a2,208(a0)
 7fe:	5f6e                	lw	t5,248(sp)
 800:	6f6c                	ld	a1,216(a4)
 802:	73006b63          	bltu	zero,a6,f38 <__stack_align+0xf28>
 806:	6970                	ld	a2,208(a0)
 808:	5f6e                	lw	t5,248(sp)
 80a:	6e75                	lui	t3,0x1d
 80c:	6f6c                	ld	a1,216(a4)
 80e:	61006b63          	bltu	zero,a6,e24 <__stack_align+0xe14>
 812:	6f74                	ld	a3,216(a4)
 814:	696d                	lui	s2,0x1b
 816:	6c635f63          	bge	t1,t1,ef4 <__stack_align+0xee4>
 81a:	6165                	addi	sp,sp,112
 81c:	5f72                	lw	t5,60(sp)
 81e:	6572                	ld	a0,280(sp)
 820:	656c                	ld	a1,200(a0)
 822:	7361                	lui	t1,0xffff8
 824:	0065                	c.nop	25

Disassembly of section .debug_line_str:

0000000000000000 <.debug_line_str>:
   0:	6d6f682f          	.insn	4, 0x6d6f682f
   4:	2f65                	addiw	t5,t5,25 # 1b019 <__stack_size+0x13019>
   6:	6a68                	ld	a0,208(a2)
   8:	6e6f776b          	.insn	4, 0x6e6f776b
   c:	6968632f          	.insn	4, 0x6968632f
  10:	7970                	ld	a2,240(a0)
  12:	7261                	lui	tp,0xffff8
  14:	2f64                	fld	fs1,216(a4)
  16:	656e6567          	.insn	4, 0x656e6567
  1a:	6172                	ld	sp,280(sp)
  1c:	6f74                	ld	a3,216(a4)
  1e:	7372                	ld	t1,312(sp)
  20:	6c65762f          	.insn	4, 0x6c65762f
  24:	7361                	lui	t1,0xffff8
  26:	7461                	lui	s0,0xffff8
  28:	7275                	lui	tp,0xffffd
  2a:	2f6e                	fld	ft10,216(sp)
  2c:	74666f73          	csrrsi	t5,0x746,12
  30:	65726177          	.insn	4, 0x65726177
  34:	6469702f          	.insn	4, 0x6469702f
  38:	765f 6365 6f74      	.insn	6, 0x6f746365765f
  3e:	5f72                	lw	t5,60(sp)
  40:	6f64                	ld	s1,216(a4)
  42:	6275                	lui	tp,0x1d
  44:	656c                	ld	a1,200(a0)
  46:	6f5f 7470 6d69      	.insn	6, 0x6d6974706f5f
  4c:	7a69                	lui	s4,0xffffa
  4e:	6465                	lui	s0,0x19
  50:	632e                	ld	t1,200(sp)
  52:	2f00                	fld	fs0,24(a4)
  54:	6f68                	ld	a0,216(a4)
  56:	656d                	lui	a0,0x1b
  58:	6b6a682f          	.insn	4, 0x6b6a682f
  5c:	2f6e6f77          	.insn	4, 0x2f6e6f77
  60:	70696863          	bltu	s2,t1,770 <__stack_align+0x760>
  64:	6179                	addi	sp,sp,464
  66:	6472                	ld	s0,280(sp)
  68:	6e65672f          	.insn	4, 0x6e65672f
  6c:	7265                	lui	tp,0xffff9
  6e:	7461                	lui	s0,0xffff8
  70:	2f73726f          	jal	tp,37b66 <__heap_size+0x17b66>
  74:	6576                	ld	a0,344(sp)
  76:	616c                	ld	a1,192(a0)
  78:	75746173          	csrrsi	sp,0x757,8
  7c:	6e72                	ld	t3,280(sp)
  7e:	666f732f          	.insn	4, 0x666f732f
  82:	7774                	ld	a3,232(a4)
  84:	7261                	lui	tp,0xffff8
  86:	2f65                	addiw	t5,t5,25
  88:	7562                	ld	a0,56(sp)
  8a:	6c69                	lui	s8,0x1a
  8c:	0064                	addi	s1,sp,12
  8e:	6d6f682f          	.insn	4, 0x6d6f682f
  92:	2f65                	addiw	t5,t5,25
  94:	6a68                	ld	a0,208(a2)
  96:	6e6f776b          	.insn	4, 0x6e6f776b
  9a:	6968632f          	.insn	4, 0x6968632f
  9e:	7970                	ld	a2,240(a0)
  a0:	7261                	lui	tp,0xffff8
  a2:	2f64                	fld	fs1,216(a4)
  a4:	656e6567          	.insn	4, 0x656e6567
  a8:	6172                	ld	sp,280(sp)
  aa:	6f74                	ld	a3,216(a4)
  ac:	7372                	ld	t1,312(sp)
  ae:	6c65762f          	.insn	4, 0x6c65762f
  b2:	7361                	lui	t1,0xffff8
  b4:	7461                	lui	s0,0xffff8
  b6:	7275                	lui	tp,0xffffd
  b8:	2f6e                	fld	ft10,216(sp)
  ba:	74666f73          	csrrsi	t5,0x746,12
  be:	65726177          	.insn	4, 0x65726177
  c2:	2f00                	fld	fs0,24(a4)
  c4:	6f68                	ld	a0,216(a4)
  c6:	656d                	lui	a0,0x1b
  c8:	6b6a682f          	.insn	4, 0x6b6a682f
  cc:	2f6e6f77          	.insn	4, 0x2f6e6f77
  d0:	70696863          	bltu	s2,t1,7e0 <__stack_align+0x7d0>
  d4:	6179                	addi	sp,sp,464
  d6:	6472                	ld	s0,280(sp)
  d8:	6f632e2f          	.insn	4, 0x6f632e2f
  dc:	646e                	ld	s0,216(sp)
  de:	2d61                	addiw	s10,s10,24 # 19018 <__stack_size+0x11018>
  e0:	6e65                	lui	t3,0x19
  e2:	2f76                	fld	ft10,344(sp)
  e4:	6972                	ld	s2,280(sp)
  e6:	2d766373          	csrrsi	t1,0x2d7,12
  ea:	6f74                	ld	a3,216(a4)
  ec:	2f736c6f          	jal	s8,36be2 <__heap_size+0x16be2>
  f0:	696c                	ld	a1,208(a0)
  f2:	2f62                	fld	ft10,24(sp)
  f4:	2f636367          	.insn	4, 0x2f636367
  f8:	6972                	ld	s2,280(sp)
  fa:	36766373          	csrrsi	t1,0x367,12
  fe:	2d34                	fld	fa3,88(a0)
 100:	6e75                	lui	t3,0x1d
 102:	776f6e6b          	.insn	4, 0x776f6e6b
 106:	2d6e                	fld	fs10,216(sp)
 108:	6c65                	lui	s8,0x19
 10a:	2f66                	fld	ft10,88(sp)
 10c:	3331                	addiw	t1,t1,-20 # ffffffffffff7fec <__heap_end+0xffffffff7ffd2fec>
 10e:	322e                	fld	ft4,232(sp)
 110:	302e                	fld	ft0,232(sp)
 112:	636e692f          	.insn	4, 0x636e692f
 116:	756c                	ld	a1,232(a0)
 118:	6564                	ld	s1,200(a0)
 11a:	2f00                	fld	fs0,24(a4)
 11c:	6f68                	ld	a0,216(a4)
 11e:	656d                	lui	a0,0x1b
 120:	6b6a682f          	.insn	4, 0x6b6a682f
 124:	2f6e6f77          	.insn	4, 0x2f6e6f77
 128:	70696863          	bltu	s2,t1,838 <__stack_align+0x828>
 12c:	6179                	addi	sp,sp,464
 12e:	6472                	ld	s0,280(sp)
 130:	6f632e2f          	.insn	4, 0x6f632e2f
 134:	646e                	ld	s0,216(sp)
 136:	2d61                	addiw	s10,s10,24
 138:	6e65                	lui	t3,0x19
 13a:	2f76                	fld	ft10,344(sp)
 13c:	6972                	ld	s2,280(sp)
 13e:	2d766373          	csrrsi	t1,0x2d7,12
 142:	6f74                	ld	a3,216(a4)
 144:	2f736c6f          	jal	s8,36c3a <__heap_size+0x16c3a>
 148:	6972                	ld	s2,280(sp)
 14a:	36766373          	csrrsi	t1,0x367,12
 14e:	2d34                	fld	fa3,88(a0)
 150:	6e75                	lui	t3,0x1d
 152:	776f6e6b          	.insn	4, 0x776f6e6b
 156:	2d6e                	fld	fs10,216(sp)
 158:	6c65                	lui	s8,0x19
 15a:	2f66                	fld	ft10,88(sp)
 15c:	6e69                	lui	t3,0x1a
 15e:	64756c63          	bltu	a0,t2,7b6 <__stack_align+0x7a6>
 162:	0065                	c.nop	25
 164:	64647473          	csrrci	s0,hviprio1,8
 168:	6665                	lui	a2,0x19
 16a:	682e                	ld	a6,200(sp)
 16c:	7200                	ld	s0,32(a2)
 16e:	7369                	lui	t1,0xffffa
 170:	765f7663          	bgeu	t5,t0,8dc <__stack_align+0x8cc>
 174:	6365                	lui	t1,0x19
 176:	6f74                	ld	a3,216(a4)
 178:	2e72                	fld	ft8,280(sp)
 17a:	0068                	addi	a0,sp,12
 17c:	69647473          	csrrci	s0,0x696,8
 180:	00682e6f          	jal	t3,82186 <__heap_size+0x62186>
 184:	2e2e                	fld	ft8,200(sp)
 186:	2f2e2e2f          	.insn	4, 0x2f2e2e2f
 18a:	2e2e                	fld	ft8,200(sp)
 18c:	2f2e2e2f          	.insn	4, 0x2f2e2e2f
 190:	2f636367          	.insn	4, 0x2f636367
 194:	696c                	ld	a1,208(a0)
 196:	6762                	ld	a4,24(sp)
 198:	732f6363          	bltu	t5,s2,8be <__stack_align+0x8ae>
 19c:	2d74666f          	jal	a2,46c72 <__heap_size+0x26c72>
 1a0:	7066                	.insn	2, 0x7066
 1a2:	7572742f          	.insn	4, 0x7572742f
 1a6:	636e                	ld	t1,216(sp)
 1a8:	6674                	ld	a3,200(a2)
 1aa:	6664                	ld	s1,200(a2)
 1ac:	2e32                	fld	ft8,264(sp)
 1ae:	682f0063          	beq	t5,sp,82e <__stack_align+0x81e>
 1b2:	2f656d6f          	jal	s10,564a8 <__heap_size+0x364a8>
 1b6:	646e6f63          	bltu	t3,t1,814 <__stack_align+0x804>
 1ba:	2f61                	addiw	t5,t5,24
 1bc:	6566                	ld	a0,88(sp)
 1be:	6465                	lui	s0,0x19
 1c0:	636f7473          	csrrci	s0,0x636,30
 1c4:	6f725f6b          	.insn	4, 0x6f725f6b
 1c8:	622f746f          	jal	s0,f77ea <__heap_size+0xd77ea>
 1cc:	6975                	lui	s2,0x1d
 1ce:	646c                	ld	a1,200(s0)
 1d0:	615f 7472 6669      	.insn	6, 0x66697472615f
 1d6:	6361                	lui	t1,0x18
 1d8:	7374                	ld	a3,224(a4)
 1da:	7369722f          	.insn	4, 0x7369722f
 1de:	742d7663          	bgeu	s10,sp,92a <__stack_align+0x91a>
 1e2:	736c6f6f          	jal	t5,c6918 <__heap_size+0xa6918>
 1e6:	315f 3137 3130      	.insn	6, 0x31303137315f
 1ec:	3439                	addiw	s0,s0,-18 # 18fee <__stack_size+0x10fee>
 1ee:	3236                	fld	ft4,360(sp)
 1f0:	3738                	fld	fa4,104(a4)
 1f2:	3636                	fld	fa2,360(sp)
 1f4:	726f772f          	.insn	4, 0x726f772f
 1f8:	69722f6b          	.insn	4, 0x69722f6b
 1fc:	2d766373          	csrrsi	t1,0x2d7,12
 200:	2d756e67          	.insn	4, 0x2d756e67
 204:	6f74                	ld	a3,216(a4)
 206:	68636c6f          	jal	s8,3688c <__heap_size+0x1688c>
 20a:	6961                	lui	s2,0x18
 20c:	2f6e                	fld	ft10,216(sp)
 20e:	7562                	ld	a0,56(sp)
 210:	6c69                	lui	s8,0x1a
 212:	2f64                	fld	fs1,216(a4)
 214:	7562                	ld	a0,56(sp)
 216:	6c69                	lui	s8,0x1a
 218:	2d64                	fld	fs1,216(a0)
 21a:	2d636367          	.insn	4, 0x2d636367
 21e:	656e                	ld	a0,216(sp)
 220:	62696c77          	.insn	4, 0x62696c77
 224:	732d                	lui	t1,0xfffeb
 226:	6174                	ld	a3,192(a0)
 228:	2f326567          	.insn	4, 0x2f326567
 22c:	6972                	ld	s2,280(sp)
 22e:	36766373          	csrrsi	t1,0x367,12
 232:	2d34                	fld	fa3,88(a0)
 234:	6e75                	lui	t3,0x1d
 236:	776f6e6b          	.insn	4, 0x776f6e6b
 23a:	2d6e                	fld	fs10,216(sp)
 23c:	6c65                	lui	s8,0x19
 23e:	2f66                	fld	ft10,88(sp)
 240:	696c                	ld	a1,208(a0)
 242:	6762                	ld	a4,24(sp)
 244:	2e006363          	bltu	zero,zero,52a <__stack_align+0x51a>
 248:	2f2e                	fld	ft10,200(sp)
 24a:	2e2e                	fld	ft8,200(sp)
 24c:	2f2e2e2f          	.insn	4, 0x2f2e2e2f
 250:	2e2e                	fld	ft8,200(sp)
 252:	6363672f          	.insn	4, 0x6363672f
 256:	62696c2f          	.insn	4, 0x62696c2f
 25a:	2f636367          	.insn	4, 0x2f636367
 25e:	74666f73          	csrrsi	t5,0x746,12
 262:	662d                	lui	a2,0xb
 264:	0070                	addi	a2,sp,12
 266:	6f64                	ld	s1,216(a4)
 268:	6275                	lui	tp,0x1d
 26a:	656c                	ld	a1,200(a0)
 26c:	682e                	ld	a6,200(sp)
 26e:	7100                	ld	s0,32(a0)
 270:	6175                	addi	sp,sp,368
 272:	2e64                	fld	fs1,216(a2)
 274:	0068                	addi	a0,sp,12
 276:	6d6f682f          	.insn	4, 0x6d6f682f
 27a:	2f65                	addiw	t5,t5,25
 27c:	6a68                	ld	a0,208(a2)
 27e:	6e6f776b          	.insn	4, 0x6e6f776b
 282:	6968632f          	.insn	4, 0x6968632f
 286:	7970                	ld	a2,240(a0)
 288:	7261                	lui	tp,0xffff8
 28a:	2f64                	fld	fs1,216(a4)
 28c:	6f74                	ld	a3,216(a4)
 28e:	68636c6f          	jal	s8,36914 <__heap_size+0x16914>
 292:	6961                	lui	s2,0x18
 294:	736e                	ld	t1,248(sp)
 296:	62696c2f          	.insn	4, 0x62696c2f
 29a:	736f6c67          	.insn	4, 0x736f6c67
 29e:	75622f73          	csrrs	t5,0x756,tp
 2a2:	6c69                	lui	s8,0x1a
 2a4:	0064                	addi	s1,sp,12
 2a6:	2e2e                	fld	ft8,200(sp)
 2a8:	7379732f          	.insn	4, 0x7379732f
 2ac:	6f6c632f          	.insn	4, 0x6f6c632f
 2b0:	632e6573          	csrrsi	a0,0x632,28
 2b4:	2e00                	fld	fs0,24(a2)
 2b6:	2f2e                	fld	ft10,200(sp)
 2b8:	00737973          	csrrci	s2,0x7,6
 2bc:	6d6f682f          	.insn	4, 0x6d6f682f
 2c0:	2f65                	addiw	t5,t5,25
 2c2:	6a68                	ld	a0,208(a2)
 2c4:	6e6f776b          	.insn	4, 0x6e6f776b
 2c8:	6968632f          	.insn	4, 0x6968632f
 2cc:	7970                	ld	a2,240(a0)
 2ce:	7261                	lui	tp,0xffff8
 2d0:	2f64                	fld	fs1,216(a4)
 2d2:	632e                	ld	t1,200(sp)
 2d4:	61646e6f          	jal	t3,468ea <__heap_size+0x268ea>
 2d8:	652d                	lui	a0,0xb
 2da:	766e                	ld	a2,248(sp)
 2dc:	7369722f          	.insn	4, 0x7369722f
 2e0:	742d7663          	bgeu	s10,sp,a2c <__stack_align+0xa1c>
 2e4:	736c6f6f          	jal	t5,c6a1a <__heap_size+0xa6a1a>
 2e8:	7369722f          	.insn	4, 0x7369722f
 2ec:	34367663          	bgeu	a2,gp,638 <__stack_align+0x628>
 2f0:	752d                	lui	a0,0xfffeb
 2f2:	6b6e                	ld	s6,216(sp)
 2f4:	6f6e                	ld	t5,216(sp)
 2f6:	652d6e77          	.insn	4, 0x652d6e77
 2fa:	666c                	ld	a1,200(a2)
 2fc:	636e692f          	.insn	4, 0x636e692f
 300:	756c                	ld	a1,232(a0)
 302:	6564                	ld	s1,200(a0)
 304:	7379732f          	.insn	4, 0x7379732f
 308:	6500                	ld	s0,8(a0)
 30a:	7272                	ld	tp,312(sp)
 30c:	6f6e                	ld	t5,216(sp)
 30e:	682e                	ld	a6,200(sp)
 310:	2e00                	fld	fs0,24(a2)
 312:	2f2e                	fld	ft10,200(sp)
 314:	2f737973          	csrrci	s2,0x2f7,6
 318:	7865                	lui	a6,0xffff9
 31a:	7469                	lui	s0,0xffffa
 31c:	632e                	ld	t1,200(sp)
 31e:	2f00                	fld	fs0,24(a4)
 320:	6f68                	ld	a0,216(a4)
 322:	656d                	lui	a0,0x1b
 324:	6b6a682f          	.insn	4, 0x6b6a682f
 328:	2f6e6f77          	.insn	4, 0x2f6e6f77
 32c:	70696863          	bltu	s2,t1,a3c <__stack_align+0xa2c>
 330:	6179                	addi	sp,sp,464
 332:	6472                	ld	s0,280(sp)
 334:	6f632e2f          	.insn	4, 0x6f632e2f
 338:	646e                	ld	s0,216(sp)
 33a:	2d61                	addiw	s10,s10,24
 33c:	6e65                	lui	t3,0x19
 33e:	2f76                	fld	ft10,344(sp)
 340:	6972                	ld	s2,280(sp)
 342:	2d766373          	csrrsi	t1,0x2d7,12
 346:	6f74                	ld	a3,216(a4)
 348:	2f736c6f          	jal	s8,36e3e <__heap_size+0x16e3e>
 34c:	6972                	ld	s2,280(sp)
 34e:	36766373          	csrrsi	t1,0x367,12
 352:	2d34                	fld	fa3,88(a0)
 354:	6e75                	lui	t3,0x1d
 356:	776f6e6b          	.insn	4, 0x776f6e6b
 35a:	2d6e                	fld	fs10,216(sp)
 35c:	6c65                	lui	s8,0x19
 35e:	2f66                	fld	ft10,88(sp)
 360:	6e69                	lui	t3,0x1a
 362:	64756c63          	bltu	a0,t2,9ba <__stack_align+0x9aa>
 366:	2f65                	addiw	t5,t5,25
 368:	616d                	addi	sp,sp,240
 36a:	6e696863          	bltu	s2,t1,a5a <__stack_align+0xa4a>
 36e:	0065                	c.nop	25
 370:	2e2e                	fld	ft8,200(sp)
 372:	636e692f          	.insn	4, 0x636e692f
 376:	756c                	ld	a1,232(a0)
 378:	6564                	ld	s1,200(a0)
 37a:	5f00                	lw	s0,56(a4)
 37c:	6564                	ld	s1,200(a0)
 37e:	6166                	ld	sp,88(sp)
 380:	6c75                	lui	s8,0x1d
 382:	5f74                	lw	a3,124(a4)
 384:	7974                	ld	a3,240(a0)
 386:	6570                	ld	a2,200(a0)
 388:	00682e73          	csrrs	t3,0x6,a6
 38c:	735f 6474 6e69      	.insn	6, 0x6e696474735f
 392:	2e74                	fld	fa3,216(a2)
 394:	0068                	addi	a0,sp,12
 396:	7468                	ld	a0,232(s0)
 398:	6669                	lui	a2,0x1a
 39a:	682e                	ld	a6,200(sp)
 39c:	2e00                	fld	fs0,24(a2)
 39e:	2f2e                	fld	ft10,200(sp)
 3a0:	2f737973          	csrrci	s2,0x2f7,6
 3a4:	7366                	ld	t1,120(sp)
 3a6:	6174                	ld	a3,192(a0)
 3a8:	2e74                	fld	fa3,216(a2)
 3aa:	745f0063          	beq	t5,t0,aea <__stack_align+0xada>
 3ae:	6d69                	lui	s10,0x1a
 3b0:	7365                	lui	t1,0xffff9
 3b2:	6570                	ld	a2,200(a0)
 3b4:	00682e63          	.insn	4, 0x00682e63
 3b8:	74617473          	csrrci	s0,0x746,2
 3bc:	682e                	ld	a6,200(sp)
 3be:	2e00                	fld	fs0,24(a2)
 3c0:	2f2e                	fld	ft10,200(sp)
 3c2:	2f737973          	csrrci	s2,0x2f7,6
 3c6:	70746567          	.insn	4, 0x70746567
 3ca:	6469                	lui	s0,0x1a
 3cc:	632e                	ld	t1,200(sp)
 3ce:	2e00                	fld	fs0,24(a2)
 3d0:	2f2e                	fld	ft10,200(sp)
 3d2:	2f737973          	csrrci	s2,0x2f7,6
 3d6:	7369                	lui	t1,0xffffa
 3d8:	7461                	lui	s0,0xffff8
 3da:	7974                	ld	a3,240(a0)
 3dc:	632e                	ld	t1,200(sp)
 3de:	2e00                	fld	fs0,24(a2)
 3e0:	2f2e                	fld	ft10,200(sp)
 3e2:	2f737973          	csrrci	s2,0x2f7,6
 3e6:	6c6c696b          	.insn	4, 0x6c6c696b
 3ea:	632e                	ld	t1,200(sp)
 3ec:	2e00                	fld	fs0,24(a2)
 3ee:	2f2e                	fld	ft10,200(sp)
 3f0:	2f737973          	csrrci	s2,0x2f7,6
 3f4:	736c                	ld	a1,224(a4)
 3f6:	6565                	lui	a0,0x19
 3f8:	00632e6b          	.insn	4, 0x00632e6b
 3fc:	2e2e                	fld	ft8,200(sp)
 3fe:	7379732f          	.insn	4, 0x7379732f
 402:	6165722f          	.insn	4, 0x6165722f
 406:	2e64                	fld	fs1,216(a2)
 408:	2e2e0063          	beq	t3,sp,6e8 <__stack_align+0x6d8>
 40c:	7379732f          	.insn	4, 0x7379732f
 410:	7262732f          	.insn	4, 0x7262732f
 414:	00632e6b          	.insn	4, 0x00632e6b
 418:	2e2e                	fld	ft8,200(sp)
 41a:	7379732f          	.insn	4, 0x7379732f
 41e:	6972772f          	.insn	4, 0x6972772f
 422:	6574                	ld	a3,200(a0)
 424:	632e                	ld	t1,200(sp)
 426:	2e00                	fld	fs0,24(a2)
 428:	2f2e                	fld	ft10,200(sp)
 42a:	696d                	lui	s2,0x1b
 42c:	63006373          	csrrsi	t1,0x630,0
 430:	7472                	ld	s0,312(sp)
 432:	2e30                	fld	fa2,88(a2)
 434:	72630053          	.insn	4, 0x72630053
 438:	6d74                	ld	a3,216(a0)
 43a:	6961                	lui	s2,0x18
 43c:	2e6e                	fld	ft8,216(sp)
 43e:	2e2e0053          	.insn	4, 0x2e2e0053
 442:	73696d2f          	.insn	4, 0x73696d2f
 446:	72742f63          	.insn	4, 0x72742f63
 44a:	7061                	c.lui	zero,0xffff8
 44c:	00632e73          	csrrs	t3,0x6,t1
 450:	63737973          	csrrci	s2,0x637,6
 454:	6c61                	lui	s8,0x18
 456:	2e6c                	fld	fa1,216(a2)
 458:	0068                	addi	a0,sp,12
 45a:	2e2e                	fld	ft8,200(sp)
 45c:	73696d2f          	.insn	4, 0x73696d2f
 460:	6c742f63          	.insn	4, 0x6c742f63
 464:	00632e73          	csrrs	t3,0x6,t1
 468:	69727473          	csrrci	s0,0x697,4
 46c:	676e                	ld	a4,216(sp)
 46e:	682e                	ld	a6,200(sp)
 470:	2e00                	fld	fs0,24(a2)
 472:	2f2e                	fld	ft10,200(sp)
 474:	696d                	lui	s2,0x1b
 476:	6d2f6373          	csrrsi	t1,0x6d2,30
 47a:	6961                	lui	s2,0x18
 47c:	2e6e                	fld	ft8,216(sp)
 47e:	2e2e0063          	beq	t3,sp,75e <__stack_align+0x74e>
 482:	73696d2f          	.insn	4, 0x73696d2f
 486:	74682f63          	.insn	4, 0x74682f63
 48a:	6669                	lui	a2,0x1a
 48c:	632e                	ld	t1,200(sp)
 48e:	6100                	ld	s0,0(a0)
 490:	6f74                	ld	a3,216(a4)
 492:	696d                	lui	s2,0x1b
 494:	00682e63          	.insn	4, 0x00682e63
 498:	6e697073          	csrci	0x6e6,18
 49c:	6f6c                	ld	a1,216(a4)
 49e:	682e6b63          	bltu	t3,sp,b34 <__stack_align+0xb24>
	...

Disassembly of section .comment:

0000000000000000 <.comment>:
   0:	3a434347          	fmsub.d	ft6,ft6,ft4,ft7,rmm
   4:	2820                	fld	fs0,80(s0)
   6:	39386367          	.insn	4, 0x39386367
   a:	6431                	lui	s0,0xc
   c:	6438                	ld	a4,72(s0)
   e:	65333263          	.insn	4, 0x65333263
  12:	2029                	.insn	2, 0x2029
  14:	3331                	addiw	t1,t1,-20 # ffffffffffff9fec <__heap_end+0xffffffff7ffd4fec>
  16:	322e                	fld	ft4,232(sp)
  18:	302e                	fld	ft0,232(sp)
  1a:	4700                	lw	s0,8(a4)
  1c:	203a4343          	fmadd.s	ft6,fs4,ft3,ft4,rmm
  20:	4728                	lw	a0,72(a4)
  22:	554e                	lw	a0,240(sp)
  24:	2029                	.insn	2, 0x2029
  26:	3331                	addiw	t1,t1,-20
  28:	322e                	fld	ft4,232(sp)
  2a:	302e                	fld	ft0,232(sp)
	...

Disassembly of section .riscv.attributes:

0000000000000000 <.riscv.attributes>:
   0:	a041                	j	80 <__stack_align+0x70>
   2:	0000                	unimp
   4:	7200                	ld	s0,32(a2)
   6:	7369                	lui	t1,0xffffa
   8:	01007663          	bgeu	zero,a6,14 <__stack_align+0x4>
   c:	0096                	slli	ra,ra,0x5
   e:	0000                	unimp
  10:	1004                	addi	s1,sp,32
  12:	7205                	lui	tp,0xfffe1
  14:	3676                	fld	fa2,376(sp)
  16:	6934                	ld	a3,80(a0)
  18:	7032                	.insn	2, 0x7032
  1a:	5f31                	li	t5,-20
  1c:	326d                	addiw	tp,tp,-5 # fffffffffffe0ffb <__heap_end+0xffffffff7ffbbffb>
  1e:	3070                	fld	fa2,224(s0)
  20:	615f 7032 5f31      	.insn	6, 0x5f317032615f
  26:	3266                	fld	ft4,120(sp)
  28:	3270                	fld	fa2,224(a2)
  2a:	645f 7032 5f32      	.insn	6, 0x5f327032645f
  30:	30703263          	.insn	4, 0x30703263
  34:	765f 7031 5f30      	.insn	6, 0x5f307031765f
  3a:	697a                	ld	s2,408(sp)
  3c:	32727363          	bgeu	tp,t2,362 <__stack_align+0x352>
  40:	3070                	fld	fa2,224(s0)
  42:	7a5f 6d6d 6c75      	.insn	6, 0x6c756d6d7a5f
  48:	7031                	c.lui	zero,0xfffec
  4a:	5f30                	lw	a2,120(a4)
  4c:	767a                	ld	a2,440(sp)
  4e:	3365                	addiw	t1,t1,-7 # ffffffffffff9ff9 <__heap_end+0xffffffff7ffd4ff9>
  50:	6632                	ld	a2,264(sp)
  52:	7031                	c.lui	zero,0xfffec
  54:	5f30                	lw	a2,120(a4)
  56:	767a                	ld	a2,440(sp)
  58:	3365                	addiw	t1,t1,-7
  5a:	7832                	ld	a6,296(sp)
  5c:	7031                	c.lui	zero,0xfffec
  5e:	5f30                	lw	a2,120(a4)
  60:	767a                	ld	a2,440(sp)
  62:	3665                	addiw	a2,a2,-7 # 19ff9 <__stack_size+0x11ff9>
  64:	6434                	ld	a3,72(s0)
  66:	7031                	c.lui	zero,0xfffec
  68:	5f30                	lw	a2,120(a4)
  6a:	767a                	ld	a2,440(sp)
  6c:	3665                	addiw	a2,a2,-7
  6e:	6634                	ld	a3,72(a2)
  70:	7031                	c.lui	zero,0xfffec
  72:	5f30                	lw	a2,120(a4)
  74:	767a                	ld	a2,440(sp)
  76:	3665                	addiw	a2,a2,-7
  78:	7834                	ld	a3,112(s0)
  7a:	7031                	c.lui	zero,0xfffec
  7c:	5f30                	lw	a2,120(a4)
  7e:	767a                	ld	a2,440(sp)
  80:	316c                	fld	fa1,224(a0)
  82:	3832                	fld	fa6,296(sp)
  84:	3162                	fld	ft2,56(sp)
  86:	3070                	fld	fa2,224(s0)
  88:	7a5f 6c76 3233      	.insn	6, 0x32336c767a5f
  8e:	3162                	fld	ft2,56(sp)
  90:	3070                	fld	fa2,224(s0)
  92:	7a5f 6c76 3436      	.insn	6, 0x34366c767a5f
  98:	3162                	fld	ft2,56(sp)
  9a:	3070                	fld	fa2,224(s0)
  9c:	0800                	addi	s0,sp,16
  9e:	0a01                	addi	s4,s4,0 # ffffffffffffa000 <__heap_end+0xffffffff7ffd5000>
  a0:	Address 0xa0 is out of bounds.


Disassembly of section .debug_frame:

0000000000000000 <.debug_frame>:
   0:	000c                	.insn	2, 0x000c
   2:	0000                	unimp
   4:	ffff                	.insn	2, 0xffff
   6:	ffff                	.insn	2, 0xffff
   8:	7c010003          	lb	zero,1984(sp)
   c:	0d01                	addi	s10,s10,0 # 1a000 <__stack_size+0x12000>
   e:	0002                	c.slli64	zero
  10:	0034                	addi	a3,sp,8
  12:	0000                	unimp
  14:	0000                	unimp
  16:	0000                	unimp
  18:	0230                	addi	a2,sp,264
  1a:	8000                	.insn	2, 0x8000
  1c:	0000                	unimp
  1e:	0000                	unimp
  20:	01ec                	addi	a1,sp,204
  22:	0000                	unimp
  24:	0000                	unimp
  26:	0000                	unimp
  28:	0e44                	addi	s1,sp,788
  2a:	08b0                	addi	a2,sp,88
  2c:	8154                	.insn	2, 0x8154
  2e:	8802                	jr	a6
  30:	8904                	.insn	2, 0x8904
  32:	9206                	add	tp,tp,ra
  34:	9308                	.insn	2, 0x9308
  36:	030a                	slli	t1,t1,0x2
  38:	01b8                	addi	a4,sp,200
  3a:	44c1                	li	s1,16
  3c:	44c8                	lw	a0,12(s1)
  3e:	44c9                	li	s1,18
  40:	44d2                	lw	s1,20(sp)
  42:	000e48d3          	fadd.s	fa7,ft8,ft0,rmm
  46:	0000                	unimp
  48:	000c                	.insn	2, 0x000c
  4a:	0000                	unimp
  4c:	ffff                	.insn	2, 0xffff
  4e:	ffff                	.insn	2, 0xffff
  50:	7c010003          	lb	zero,1984(sp)
  54:	0d01                	addi	s10,s10,0
  56:	0002                	c.slli64	zero
  58:	0014                	.insn	2, 0x0014
  5a:	0000                	unimp
  5c:	0048                	addi	a0,sp,4
  5e:	0000                	unimp
  60:	3c5c                	fld	fa5,184(s0)
  62:	8000                	.insn	2, 0x8000
  64:	0000                	unimp
  66:	0000                	unimp
  68:	0220                	addi	s0,sp,264
  6a:	0000                	unimp
  6c:	0000                	unimp
  6e:	0000                	unimp
  70:	000c                	.insn	2, 0x000c
  72:	0000                	unimp
  74:	ffff                	.insn	2, 0xffff
  76:	ffff                	.insn	2, 0xffff
  78:	7c010003          	lb	zero,1984(sp)
  7c:	0d01                	addi	s10,s10,0
  7e:	0002                	c.slli64	zero
  80:	0024                	addi	s1,sp,8
  82:	0000                	unimp
  84:	0070                	addi	a2,sp,12
  86:	0000                	unimp
  88:	3e7c                	fld	fa5,248(a2)
  8a:	8000                	.insn	2, 0x8000
  8c:	0000                	unimp
  8e:	0000                	unimp
  90:	0014                	.insn	2, 0x0014
  92:	0000                	unimp
  94:	0000                	unimp
  96:	0000                	unimp
  98:	0e42                	slli	t3,t3,0x10
  9a:	4210                	lw	a2,0(a2)
  9c:	0281                	addi	t0,t0,0
  9e:	c146                	sw	a7,128(sp)
  a0:	0e48                	addi	a0,sp,788
  a2:	0000                	unimp
  a4:	0000                	unimp
  a6:	0000                	unimp
  a8:	000c                	.insn	2, 0x000c
  aa:	0000                	unimp
  ac:	ffff                	.insn	2, 0xffff
  ae:	ffff                	.insn	2, 0xffff
  b0:	7c010003          	lb	zero,1984(sp)
  b4:	0d01                	addi	s10,s10,0
  b6:	0002                	c.slli64	zero
  b8:	0014                	.insn	2, 0x0014
  ba:	0000                	unimp
  bc:	00a8                	addi	a0,sp,72
  be:	0000                	unimp
  c0:	3e90                	fld	fa2,56(a3)
  c2:	8000                	.insn	2, 0x8000
  c4:	0000                	unimp
  c6:	0000                	unimp
  c8:	0022                	c.slli	zero,0x8
  ca:	0000                	unimp
  cc:	0000                	unimp
  ce:	0000                	unimp
  d0:	000c                	.insn	2, 0x000c
  d2:	0000                	unimp
  d4:	ffff                	.insn	2, 0xffff
  d6:	ffff                	.insn	2, 0xffff
  d8:	7c010003          	lb	zero,1984(sp)
  dc:	0d01                	addi	s10,s10,0
  de:	0002                	c.slli64	zero
  e0:	0024                	addi	s1,sp,8
  e2:	0000                	unimp
  e4:	00d0                	addi	a2,sp,68
  e6:	0000                	unimp
  e8:	3eb2                	fld	ft9,296(sp)
  ea:	8000                	.insn	2, 0x8000
  ec:	0000                	unimp
  ee:	0000                	unimp
  f0:	0014                	.insn	2, 0x0014
  f2:	0000                	unimp
  f4:	0000                	unimp
  f6:	0000                	unimp
  f8:	0e42                	slli	t3,t3,0x10
  fa:	4210                	lw	a2,0(a2)
  fc:	0281                	addi	t0,t0,0
  fe:	c146                	sw	a7,128(sp)
 100:	0e48                	addi	a0,sp,788
 102:	0000                	unimp
 104:	0000                	unimp
 106:	0000                	unimp
 108:	000c                	.insn	2, 0x000c
 10a:	0000                	unimp
 10c:	ffff                	.insn	2, 0xffff
 10e:	ffff                	.insn	2, 0xffff
 110:	7c010003          	lb	zero,1984(sp)
 114:	0d01                	addi	s10,s10,0
 116:	0002                	c.slli64	zero
 118:	0014                	.insn	2, 0x0014
 11a:	0000                	unimp
 11c:	0108                	addi	a0,sp,128
 11e:	0000                	unimp
 120:	3ec6                	fld	ft9,112(sp)
 122:	8000                	.insn	2, 0x8000
 124:	0000                	unimp
 126:	0000                	unimp
 128:	0004                	.insn	2, 0x0004
 12a:	0000                	unimp
 12c:	0000                	unimp
 12e:	0000                	unimp
 130:	000c                	.insn	2, 0x000c
 132:	0000                	unimp
 134:	ffff                	.insn	2, 0xffff
 136:	ffff                	.insn	2, 0xffff
 138:	7c010003          	lb	zero,1984(sp)
 13c:	0d01                	addi	s10,s10,0
 13e:	0002                	c.slli64	zero
 140:	0014                	.insn	2, 0x0014
 142:	0000                	unimp
 144:	0130                	addi	a2,sp,136
 146:	0000                	unimp
 148:	3eca                	fld	ft9,176(sp)
 14a:	8000                	.insn	2, 0x8000
 14c:	0000                	unimp
 14e:	0000                	unimp
 150:	0008                	.insn	2, 0x0008
 152:	0000                	unimp
 154:	0000                	unimp
 156:	0000                	unimp
 158:	000c                	.insn	2, 0x000c
 15a:	0000                	unimp
 15c:	ffff                	.insn	2, 0xffff
 15e:	ffff                	.insn	2, 0xffff
 160:	7c010003          	lb	zero,1984(sp)
 164:	0d01                	addi	s10,s10,0
 166:	0002                	c.slli64	zero
 168:	0024                	addi	s1,sp,8
 16a:	0000                	unimp
 16c:	0158                	addi	a4,sp,132
 16e:	0000                	unimp
 170:	3ed2                	fld	ft9,304(sp)
 172:	8000                	.insn	2, 0x8000
 174:	0000                	unimp
 176:	0000                	unimp
 178:	0014                	.insn	2, 0x0014
 17a:	0000                	unimp
 17c:	0000                	unimp
 17e:	0000                	unimp
 180:	0e42                	slli	t3,t3,0x10
 182:	4210                	lw	a2,0(a2)
 184:	0281                	addi	t0,t0,0
 186:	c146                	sw	a7,128(sp)
 188:	0e48                	addi	a0,sp,788
 18a:	0000                	unimp
 18c:	0000                	unimp
 18e:	0000                	unimp
 190:	000c                	.insn	2, 0x000c
 192:	0000                	unimp
 194:	ffff                	.insn	2, 0xffff
 196:	ffff                	.insn	2, 0xffff
 198:	7c010003          	lb	zero,1984(sp)
 19c:	0d01                	addi	s10,s10,0
 19e:	0002                	c.slli64	zero
 1a0:	0024                	addi	s1,sp,8
 1a2:	0000                	unimp
 1a4:	0190                	addi	a2,sp,192
 1a6:	0000                	unimp
 1a8:	3ee6                	fld	ft9,120(sp)
 1aa:	8000                	.insn	2, 0x8000
 1ac:	0000                	unimp
 1ae:	0000                	unimp
 1b0:	0014                	.insn	2, 0x0014
 1b2:	0000                	unimp
 1b4:	0000                	unimp
 1b6:	0000                	unimp
 1b8:	0e42                	slli	t3,t3,0x10
 1ba:	4210                	lw	a2,0(a2)
 1bc:	0281                	addi	t0,t0,0
 1be:	c146                	sw	a7,128(sp)
 1c0:	0e48                	addi	a0,sp,788
 1c2:	0000                	unimp
 1c4:	0000                	unimp
 1c6:	0000                	unimp
 1c8:	000c                	.insn	2, 0x000c
 1ca:	0000                	unimp
 1cc:	ffff                	.insn	2, 0xffff
 1ce:	ffff                	.insn	2, 0xffff
 1d0:	7c010003          	lb	zero,1984(sp)
 1d4:	0d01                	addi	s10,s10,0
 1d6:	0002                	c.slli64	zero
 1d8:	0024                	addi	s1,sp,8
 1da:	0000                	unimp
 1dc:	01c8                	addi	a0,sp,196
 1de:	0000                	unimp
 1e0:	3efa                	fld	ft9,440(sp)
 1e2:	8000                	.insn	2, 0x8000
 1e4:	0000                	unimp
 1e6:	0000                	unimp
 1e8:	0016                	c.slli	zero,0x5
 1ea:	0000                	unimp
 1ec:	0000                	unimp
 1ee:	0000                	unimp
 1f0:	0e42                	slli	t3,t3,0x10
 1f2:	4210                	lw	a2,0(a2)
 1f4:	0281                	addi	t0,t0,0
 1f6:	c146                	sw	a7,128(sp)
 1f8:	0e4a                	slli	t3,t3,0x12
 1fa:	0000                	unimp
 1fc:	0000                	unimp
 1fe:	0000                	unimp
 200:	000c                	.insn	2, 0x000c
 202:	0000                	unimp
 204:	ffff                	.insn	2, 0xffff
 206:	ffff                	.insn	2, 0xffff
 208:	7c010003          	lb	zero,1984(sp)
 20c:	0d01                	addi	s10,s10,0
 20e:	0002                	c.slli64	zero
 210:	0024                	addi	s1,sp,8
 212:	0000                	unimp
 214:	0200                	addi	s0,sp,256
 216:	0000                	unimp
 218:	3f10                	fld	fa2,56(a4)
 21a:	8000                	.insn	2, 0x8000
 21c:	0000                	unimp
 21e:	0000                	unimp
 220:	003c                	addi	a5,sp,8
 222:	0000                	unimp
 224:	0000                	unimp
 226:	0000                	unimp
 228:	0e68                	addi	a0,sp,796
 22a:	4210                	lw	a2,0(a2)
 22c:	0281                	addi	t0,t0,0
 22e:	c146                	sw	a7,128(sp)
 230:	0e4a                	slli	t3,t3,0x12
 232:	0000                	unimp
 234:	0000                	unimp
 236:	0000                	unimp
 238:	000c                	.insn	2, 0x000c
 23a:	0000                	unimp
 23c:	ffff                	.insn	2, 0xffff
 23e:	ffff                	.insn	2, 0xffff
 240:	7c010003          	lb	zero,1984(sp)
 244:	0d01                	addi	s10,s10,0
 246:	0002                	c.slli64	zero
 248:	0014                	.insn	2, 0x0014
 24a:	0000                	unimp
 24c:	0238                	addi	a4,sp,264
 24e:	0000                	unimp
 250:	3f4c                	fld	fa1,184(a4)
 252:	8000                	.insn	2, 0x8000
 254:	0000                	unimp
 256:	0000                	unimp
 258:	0006                	c.slli	zero,0x1
 25a:	0000                	unimp
 25c:	0000                	unimp
 25e:	0000                	unimp
 260:	000c                	.insn	2, 0x000c
 262:	0000                	unimp
 264:	ffff                	.insn	2, 0xffff
 266:	ffff                	.insn	2, 0xffff
 268:	7c010003          	lb	zero,1984(sp)
 26c:	0d01                	addi	s10,s10,0
 26e:	0002                	c.slli64	zero
 270:	001c                	.insn	2, 0x001c
 272:	0000                	unimp
 274:	0260                	addi	s0,sp,268
 276:	0000                	unimp
 278:	3f52                	fld	ft10,304(sp)
 27a:	8000                	.insn	2, 0x8000
 27c:	0000                	unimp
 27e:	0000                	unimp
 280:	0016                	c.slli	zero,0x5
 282:	0000                	unimp
 284:	0000                	unimp
 286:	0000                	unimp
 288:	0e42                	slli	t3,t3,0x10
 28a:	4610                	lw	a2,8(a2)
 28c:	0281                	addi	t0,t0,0
 28e:	0000                	unimp
 290:	000c                	.insn	2, 0x000c
 292:	0000                	unimp
 294:	ffff                	.insn	2, 0xffff
 296:	ffff                	.insn	2, 0xffff
 298:	7c010003          	lb	zero,1984(sp)
 29c:	0d01                	addi	s10,s10,0
 29e:	0002                	c.slli64	zero
 2a0:	0024                	addi	s1,sp,8
 2a2:	0000                	unimp
 2a4:	0290                	addi	a2,sp,320
 2a6:	0000                	unimp
 2a8:	3f68                	fld	fa0,248(a4)
 2aa:	8000                	.insn	2, 0x8000
 2ac:	0000                	unimp
 2ae:	0000                	unimp
 2b0:	0030                	addi	a2,sp,8
 2b2:	0000                	unimp
 2b4:	0000                	unimp
 2b6:	0000                	unimp
 2b8:	0e42                	slli	t3,t3,0x10
 2ba:	5210                	lw	a2,32(a2)
 2bc:	0488                	addi	a0,sp,576
 2be:	0281                	addi	t0,t0,0
 2c0:	c84e                	sw	s3,16(sp)
 2c2:	c142                	sw	a6,128(sp)
 2c4:	0e48                	addi	a0,sp,788
 2c6:	0000                	unimp
 2c8:	000c                	.insn	2, 0x000c
 2ca:	0000                	unimp
 2cc:	ffff                	.insn	2, 0xffff
 2ce:	ffff                	.insn	2, 0xffff
 2d0:	7c010003          	lb	zero,1984(sp)
 2d4:	0d01                	addi	s10,s10,0
 2d6:	0002                	c.slli64	zero
 2d8:	0014                	.insn	2, 0x0014
 2da:	0000                	unimp
 2dc:	02c8                	addi	a0,sp,324
 2de:	0000                	unimp
 2e0:	3f98                	fld	fa4,56(a5)
 2e2:	8000                	.insn	2, 0x8000
 2e4:	0000                	unimp
 2e6:	0000                	unimp
 2e8:	0006                	c.slli	zero,0x1
 2ea:	0000                	unimp
 2ec:	0000                	unimp
 2ee:	0000                	unimp
 2f0:	000c                	.insn	2, 0x000c
 2f2:	0000                	unimp
 2f4:	ffff                	.insn	2, 0xffff
 2f6:	ffff                	.insn	2, 0xffff
 2f8:	7c010003          	lb	zero,1984(sp)
 2fc:	0d01                	addi	s10,s10,0
 2fe:	0002                	c.slli64	zero
 300:	001c                	.insn	2, 0x001c
 302:	0000                	unimp
 304:	02f0                	addi	a2,sp,332
 306:	0000                	unimp
 308:	3f9e                	fld	ft11,480(sp)
 30a:	8000                	.insn	2, 0x8000
 30c:	0000                	unimp
 30e:	0000                	unimp
 310:	004c                	addi	a1,sp,4
 312:	0000                	unimp
 314:	0000                	unimp
 316:	0000                	unimp
 318:	0e42                	slli	t3,t3,0x10
 31a:	0240                	addi	s0,sp,260
 31c:	0e48                	addi	a0,sp,788
	...
