
/home/hjkwon/chipyard/generators/velasaturn/software/build/pid_vector_float_optimized.riscv:     file format elf64-littleriscv


Disassembly of section .text:

0000000080000000 <_start>:
    80000000:	4081                	li	ra,0
    80000002:	4101                	li	sp,0
    80000004:	4181                	li	gp,0
    80000006:	4201                	li	tp,0
    80000008:	4281                	li	t0,0
    8000000a:	4301                	li	t1,0
    8000000c:	4381                	li	t2,0
    8000000e:	4401                	li	s0,0
    80000010:	4481                	li	s1,0
    80000012:	4501                	li	a0,0
    80000014:	4581                	li	a1,0
    80000016:	4601                	li	a2,0
    80000018:	4681                	li	a3,0
    8000001a:	4701                	li	a4,0
    8000001c:	4781                	li	a5,0
    8000001e:	4801                	li	a6,0
    80000020:	4881                	li	a7,0
    80000022:	4901                	li	s2,0
    80000024:	4981                	li	s3,0
    80000026:	4a01                	li	s4,0
    80000028:	4a81                	li	s5,0
    8000002a:	4b01                	li	s6,0
    8000002c:	4b81                	li	s7,0
    8000002e:	4c01                	li	s8,0
    80000030:	4c81                	li	s9,0
    80000032:	4d01                	li	s10,0
    80000034:	4d81                	li	s11,0
    80000036:	4e01                	li	t3,0
    80000038:	4e81                	li	t4,0
    8000003a:	4f01                	li	t5,0
    8000003c:	4f81                	li	t6,0
    8000003e:	62f9                	lui	t0,0x1e
    80000040:	6002829b          	addiw	t0,t0,1536 # 1e600 <__stack_size+0x16600>
    80000044:	3002a073          	csrs	mstatus,t0
    80000048:	00000297          	auipc	t0,0x0
    8000004c:	09028293          	addi	t0,t0,144 # 800000d8 <_start+0xd8>
    80000050:	30529073          	csrw	mtvec,t0
    80000054:	00301073          	fscsr	zero
    80000058:	f0000053          	fmv.w.x	ft0,zero
    8000005c:	f00000d3          	fmv.w.x	ft1,zero
    80000060:	f0000153          	fmv.w.x	ft2,zero
    80000064:	f00001d3          	fmv.w.x	ft3,zero
    80000068:	f0000253          	fmv.w.x	ft4,zero
    8000006c:	f00002d3          	fmv.w.x	ft5,zero
    80000070:	f0000353          	fmv.w.x	ft6,zero
    80000074:	f00003d3          	fmv.w.x	ft7,zero
    80000078:	f0000453          	fmv.w.x	fs0,zero
    8000007c:	f00004d3          	fmv.w.x	fs1,zero
    80000080:	f0000553          	fmv.w.x	fa0,zero
    80000084:	f00005d3          	fmv.w.x	fa1,zero
    80000088:	f0000653          	fmv.w.x	fa2,zero
    8000008c:	f00006d3          	fmv.w.x	fa3,zero
    80000090:	f0000753          	fmv.w.x	fa4,zero
    80000094:	f00007d3          	fmv.w.x	fa5,zero
    80000098:	f0000853          	fmv.w.x	fa6,zero
    8000009c:	f00008d3          	fmv.w.x	fa7,zero
    800000a0:	f0000953          	fmv.w.x	fs2,zero
    800000a4:	f00009d3          	fmv.w.x	fs3,zero
    800000a8:	f0000a53          	fmv.w.x	fs4,zero
    800000ac:	f0000ad3          	fmv.w.x	fs5,zero
    800000b0:	f0000b53          	fmv.w.x	fs6,zero
    800000b4:	f0000bd3          	fmv.w.x	fs7,zero
    800000b8:	f0000c53          	fmv.w.x	fs8,zero
    800000bc:	f0000cd3          	fmv.w.x	fs9,zero
    800000c0:	f0000d53          	fmv.w.x	fs10,zero
    800000c4:	f0000dd3          	fmv.w.x	fs11,zero
    800000c8:	f0000e53          	fmv.w.x	ft8,zero
    800000cc:	f0000ed3          	fmv.w.x	ft9,zero
    800000d0:	f0000f53          	fmv.w.x	ft10,zero
    800000d4:	f0000fd3          	fmv.w.x	ft11,zero
    800000d8:	00005197          	auipc	gp,0x5
    800000dc:	14818193          	addi	gp,gp,328 # 80005220 <__global_pointer$>
    800000e0:	f1402473          	csrr	s0,mhartid
    800000e4:	00f00293          	li	t0,15
    800000e8:	00025217          	auipc	tp,0x25
    800000ec:	f1820213          	addi	tp,tp,-232 # 80025000 <__heap_end>
    800000f0:	005412b3          	sll	t0,s0,t0
    800000f4:	9216                	add	tp,tp,t0
    800000f6:	62a1                	lui	t0,0x8
    800000f8:	00028293          	mv	t0,t0
    800000fc:	00520133          	add	sp,tp,t0
    80000100:	00000297          	auipc	t0,0x0
    80000104:	04428293          	addi	t0,t0,68 # 80000144 <trap_entry>
    80000108:	30529073          	csrw	mtvec,t0
    8000010c:	665030ef          	jal	80003f70 <__init_tls>
    80000110:	00000293          	li	t0,0
    80000114:	00540463          	beq	s0,t0,8000011c <_start+0x11c>
    80000118:	0f60006f          	j	8000020e <_start_secondary>
    8000011c:	87818293          	addi	t0,gp,-1928 # 80004a98 <__malloc_sbrk_start>
    80000120:	be818313          	addi	t1,gp,-1048 # 80004e08 <_end>
    80000124:	0062f763          	bgeu	t0,t1,80000132 <_start+0x132>
    80000128:	0002b023          	sd	zero,0(t0)
    8000012c:	02a1                	addi	t0,t0,8
    8000012e:	fe62ede3          	bltu	t0,t1,80000128 <_start+0x128>
    80000132:	00004517          	auipc	a0,0x4
    80000136:	f5850513          	addi	a0,a0,-168 # 8000408a <__libc_fini_array>
    8000013a:	6b9030ef          	jal	80003ff2 <atexit>
    8000013e:	6ef030ef          	jal	8000402c <__libc_init_array>
    80000142:	a075                	j	800001ee <_start_main>

0000000080000144 <trap_entry>:
    80000144:	34011073          	csrw	mscratch,sp
    80000148:	7111                	addi	sp,sp,-256
    8000014a:	e406                	sd	ra,8(sp)
    8000014c:	340020f3          	csrr	ra,mscratch
    80000150:	e806                	sd	ra,16(sp)
    80000152:	ec0e                	sd	gp,24(sp)
    80000154:	f012                	sd	tp,32(sp)
    80000156:	f416                	sd	t0,40(sp)
    80000158:	f81a                	sd	t1,48(sp)
    8000015a:	fc1e                	sd	t2,56(sp)
    8000015c:	e0a2                	sd	s0,64(sp)
    8000015e:	e4a6                	sd	s1,72(sp)
    80000160:	e8aa                	sd	a0,80(sp)
    80000162:	ecae                	sd	a1,88(sp)
    80000164:	f0b2                	sd	a2,96(sp)
    80000166:	f4b6                	sd	a3,104(sp)
    80000168:	f8ba                	sd	a4,112(sp)
    8000016a:	fcbe                	sd	a5,120(sp)
    8000016c:	e142                	sd	a6,128(sp)
    8000016e:	e546                	sd	a7,136(sp)
    80000170:	e94a                	sd	s2,144(sp)
    80000172:	ed4e                	sd	s3,152(sp)
    80000174:	f152                	sd	s4,160(sp)
    80000176:	f556                	sd	s5,168(sp)
    80000178:	f95a                	sd	s6,176(sp)
    8000017a:	fd5e                	sd	s7,184(sp)
    8000017c:	e1e2                	sd	s8,192(sp)
    8000017e:	e5e6                	sd	s9,200(sp)
    80000180:	e9ea                	sd	s10,208(sp)
    80000182:	edee                	sd	s11,216(sp)
    80000184:	f1f2                	sd	t3,224(sp)
    80000186:	f5f6                	sd	t4,232(sp)
    80000188:	f9fa                	sd	t5,240(sp)
    8000018a:	fdfe                	sd	t6,248(sp)
    8000018c:	34102573          	csrr	a0,mepc
    80000190:	342025f3          	csrr	a1,mcause
    80000194:	34302673          	csrr	a2,mtval
    80000198:	868a                	mv	a3,sp
    8000019a:	5c1030ef          	jal	80003f5a <handle_trap>
    8000019e:	34151073          	csrw	mepc,a0
    800001a2:	6289                	lui	t0,0x2
    800001a4:	8002829b          	addiw	t0,t0,-2048 # 1800 <__stack_align+0x17f0>
    800001a8:	3002a073          	csrs	mstatus,t0
    800001ac:	60a2                	ld	ra,8(sp)
    800001ae:	61e2                	ld	gp,24(sp)
    800001b0:	7202                	ld	tp,32(sp)
    800001b2:	72a2                	ld	t0,40(sp)
    800001b4:	7342                	ld	t1,48(sp)
    800001b6:	73e2                	ld	t2,56(sp)
    800001b8:	6406                	ld	s0,64(sp)
    800001ba:	64a6                	ld	s1,72(sp)
    800001bc:	6546                	ld	a0,80(sp)
    800001be:	65e6                	ld	a1,88(sp)
    800001c0:	7606                	ld	a2,96(sp)
    800001c2:	76a6                	ld	a3,104(sp)
    800001c4:	7746                	ld	a4,112(sp)
    800001c6:	77e6                	ld	a5,120(sp)
    800001c8:	680a                	ld	a6,128(sp)
    800001ca:	68aa                	ld	a7,136(sp)
    800001cc:	694a                	ld	s2,144(sp)
    800001ce:	69ea                	ld	s3,152(sp)
    800001d0:	7a0a                	ld	s4,160(sp)
    800001d2:	7aaa                	ld	s5,168(sp)
    800001d4:	7b4a                	ld	s6,176(sp)
    800001d6:	7bea                	ld	s7,184(sp)
    800001d8:	6c0e                	ld	s8,192(sp)
    800001da:	6cae                	ld	s9,200(sp)
    800001dc:	6d4e                	ld	s10,208(sp)
    800001de:	6dee                	ld	s11,216(sp)
    800001e0:	7e0e                	ld	t3,224(sp)
    800001e2:	7eae                	ld	t4,232(sp)
    800001e4:	7f4e                	ld	t5,240(sp)
    800001e6:	7fee                	ld	t6,248(sp)
    800001e8:	6142                	ld	sp,16(sp)
    800001ea:	30200073          	mret

00000000800001ee <_start_main>:
    800001ee:	52fd                	li	t0,-1
    800001f0:	0110000f          	fence	w,w
    800001f4:	ac51a423          	sw	t0,-1336(gp) # 80004ce8 <__boot_sync>
    800001f8:	4505                	li	a0,1
    800001fa:	00004597          	auipc	a1,0x4
    800001fe:	55e58593          	addi	a1,a1,1374 # 80004758 <argv>
    80000202:	8101b603          	ld	a2,-2032(gp) # 80004a30 <environ>
    80000206:	02a000ef          	jal	80000230 <main>
    8000020a:	5f30306f          	j	80003ffc <exit>

000000008000020e <_start_secondary>:
    8000020e:	ac81a283          	lw	t0,-1336(gp) # 80004ce8 <__boot_sync>
    80000212:	fe028ee3          	beqz	t0,8000020e <_start_secondary>
    80000216:	0220000f          	fence	r,r
    8000021a:	4505                	li	a0,1
    8000021c:	00004597          	auipc	a1,0x4
    80000220:	53c58593          	addi	a1,a1,1340 # 80004758 <argv>
    80000224:	8101b603          	ld	a2,-2032(gp) # 80004a30 <environ>
    80000228:	579030ef          	jal	80003fa0 <__main>
    8000022c:	5d10306f          	j	80003ffc <exit>

0000000080000230 <main>:
    80000230:	ed010113          	addi	sp,sp,-304
    80000234:	12113423          	sd	ra,296(sp)
    80000238:	12813023          	sd	s0,288(sp)
    8000023c:	10913c23          	sd	s1,280(sp)
    80000240:	11213823          	sd	s2,272(sp)
    80000244:	11313423          	sd	s3,264(sp)
    80000248:	00004797          	auipc	a5,0x4
    8000024c:	20878793          	addi	a5,a5,520 # 80004450 <__tbss_end+0x252>
    80000250:	08010713          	addi	a4,sp,128
    80000254:	00004817          	auipc	a6,0x4
    80000258:	27c80813          	addi	a6,a6,636 # 800044d0 <__tbss_end+0x2d2>
    8000025c:	0007b503          	ld	a0,0(a5)
    80000260:	0087b583          	ld	a1,8(a5)
    80000264:	0107b603          	ld	a2,16(a5)
    80000268:	0187b683          	ld	a3,24(a5)
    8000026c:	00a73023          	sd	a0,0(a4)
    80000270:	00b73423          	sd	a1,8(a4)
    80000274:	00c73823          	sd	a2,16(a4)
    80000278:	00d73c23          	sd	a3,24(a4)
    8000027c:	02078793          	addi	a5,a5,32
    80000280:	02070713          	addi	a4,a4,32
    80000284:	fd079ce3          	bne	a5,a6,8000025c <main+0x2c>
    80000288:	08010413          	addi	s0,sp,128
    8000028c:	00010313          	mv	t1,sp
    80000290:	01010893          	addi	a7,sp,16
    80000294:	02010813          	addi	a6,sp,32
    80000298:	03010513          	addi	a0,sp,48
    8000029c:	04010593          	addi	a1,sp,64
    800002a0:	05010613          	addi	a2,sp,80
    800002a4:	06010693          	addi	a3,sp,96
    800002a8:	07010713          	addi	a4,sp,112
    800002ac:	10010e13          	addi	t3,sp,256
    800002b0:	00040793          	mv	a5,s0
    800002b4:	0007a087          	flw	ft1,0(a5)
    800002b8:	0047a007          	flw	ft0,4(a5)
    800002bc:	0087a507          	flw	fa0,8(a5)
    800002c0:	00c7a587          	flw	fa1,12(a5)
    800002c4:	0107a607          	flw	fa2,16(a5)
    800002c8:	0147a687          	flw	fa3,20(a5)
    800002cc:	0187a707          	flw	fa4,24(a5)
    800002d0:	01c7a787          	flw	fa5,28(a5)
    800002d4:	00132027          	fsw	ft1,0(t1)
    800002d8:	0008a027          	fsw	ft0,0(a7)
    800002dc:	00a82027          	fsw	fa0,0(a6)
    800002e0:	00b52027          	fsw	fa1,0(a0)
    800002e4:	00c5a027          	fsw	fa2,0(a1)
    800002e8:	00d62027          	fsw	fa3,0(a2)
    800002ec:	00e6a027          	fsw	fa4,0(a3)
    800002f0:	00f72027          	fsw	fa5,0(a4)
    800002f4:	02078793          	addi	a5,a5,32
    800002f8:	00430313          	addi	t1,t1,4
    800002fc:	00488893          	addi	a7,a7,4
    80000300:	00480813          	addi	a6,a6,4
    80000304:	00450513          	addi	a0,a0,4
    80000308:	00458593          	addi	a1,a1,4
    8000030c:	00460613          	addi	a2,a2,4
    80000310:	00468693          	addi	a3,a3,4
    80000314:	00470713          	addi	a4,a4,4
    80000318:	f9c79ee3          	bne	a5,t3,800002b4 <main+0x84>
    8000031c:	c0002773          	rdcycle	a4
    80000320:	01010693          	addi	a3,sp,16
    80000324:	cd027057          	vsetivli	zero,4,e32,m1,ta,ma
    80000328:	0206ef07          	vle32.v	v30,(a3)
    8000032c:	02010693          	addi	a3,sp,32
    80000330:	0206ec07          	vle32.v	v24,(a3)
    80000334:	03010693          	addi	a3,sp,48
    80000338:	0206ee87          	vle32.v	v29,(a3)
    8000033c:	04010693          	addi	a3,sp,64
    80000340:	0206ee07          	vle32.v	v28,(a3)
    80000344:	05010693          	addi	a3,sp,80
    80000348:	0206ed87          	vle32.v	v27,(a3)
    8000034c:	06010693          	addi	a3,sp,96
    80000350:	0206ed07          	vle32.v	v26,(a3)
    80000354:	00004797          	auipc	a5,0x4
    80000358:	73c7a707          	flw	fa4,1852(a5) # 80004a90 <__atexit_dummy+0x58>
    8000035c:	05010693          	addi	a3,sp,80
    80000360:	02016c87          	vle32.v	v25,(sp)
    80000364:	0b9f1cd7          	vfsub.vv	v25,v25,v30
    80000368:	b3975dd7          	vfmacc.vf	v27,fa4,v25
    8000036c:	0206eda7          	vse32.v	v27,(a3)
    80000370:	06010693          	addi	a3,sp,96
    80000374:	0206eca7          	vse32.v	v25,(a3)
    80000378:	00004797          	auipc	a5,0x4
    8000037c:	71c7a787          	flw	fa5,1820(a5) # 80004a94 <__atexit_dummy+0x5c>
    80000380:	07010693          	addi	a3,sp,112
    80000384:	0b9d1d57          	vfsub.vv	v26,v25,v26
    80000388:	938c9c57          	vfmul.vv	v24,v24,v25
    8000038c:	93a7dd57          	vfmul.vf	v26,v26,fa5
    80000390:	b3be9c57          	vfmacc.vv	v24,v29,v27
    80000394:	b3ae1c57          	vfmacc.vv	v24,v28,v26
    80000398:	0206ec27          	vse32.v	v24,(a3)
    8000039c:	07012787          	flw	fa5,112(sp)
    800003a0:	08f12e27          	fsw	fa5,156(sp)
    800003a4:	07412787          	flw	fa5,116(sp)
    800003a8:	0af12e27          	fsw	fa5,188(sp)
    800003ac:	07812787          	flw	fa5,120(sp)
    800003b0:	0cf12e27          	fsw	fa5,220(sp)
    800003b4:	07c12787          	flw	fa5,124(sp)
    800003b8:	0ef12e27          	fsw	fa5,252(sp)
    800003bc:	c00025f3          	rdcycle	a1
    800003c0:	00004517          	auipc	a0,0x4
    800003c4:	e4050513          	addi	a0,a0,-448 # 80004200 <__tbss_end+0x2>
    800003c8:	40e585b3          	sub	a1,a1,a4
    800003cc:	237000ef          	jal	80000e02 <iprintf>
    800003d0:	00000493          	li	s1,0
    800003d4:	00004997          	auipc	s3,0x4
    800003d8:	e3c98993          	addi	s3,s3,-452 # 80004210 <__tbss_end+0x12>
    800003dc:	00400913          	li	s2,4
    800003e0:	01c42787          	flw	fa5,28(s0)
    800003e4:	00048593          	mv	a1,s1
    800003e8:	00098513          	mv	a0,s3
    800003ec:	420787d3          	fcvt.d.s	fa5,fa5
    800003f0:	0014849b          	addiw	s1,s1,1
    800003f4:	02040413          	addi	s0,s0,32
    800003f8:	e2078653          	fmv.x.d	a2,fa5
    800003fc:	207000ef          	jal	80000e02 <iprintf>
    80000400:	ff2490e3          	bne	s1,s2,800003e0 <main+0x1b0>
    80000404:	12813083          	ld	ra,296(sp)
    80000408:	12013403          	ld	s0,288(sp)
    8000040c:	11813483          	ld	s1,280(sp)
    80000410:	11013903          	ld	s2,272(sp)
    80000414:	10813983          	ld	s3,264(sp)
    80000418:	00000513          	li	a0,0
    8000041c:	13010113          	addi	sp,sp,304
    80000420:	00008067          	ret

0000000080000424 <__cvt>:
    80000424:	715d                	addi	sp,sp,-80
    80000426:	e0a2                	sd	s0,64(sp)
    80000428:	e2050453          	fmv.x.d	s0,fa0
    8000042c:	fc26                	sd	s1,56(sp)
    8000042e:	f44e                	sd	s3,40(sp)
    80000430:	f052                	sd	s4,32(sp)
    80000432:	ec56                	sd	s5,24(sp)
    80000434:	e486                	sd	ra,72(sp)
    80000436:	f84a                	sd	s2,48(sp)
    80000438:	89ba                	mv	s3,a4
    8000043a:	84ae                	mv	s1,a1
    8000043c:	8a32                	mv	s4,a2
    8000043e:	8ac2                	mv	s5,a6
    80000440:	4701                	li	a4,0
    80000442:	00045863          	bgez	s0,80000452 <__cvt+0x2e>
    80000446:	22a517d3          	fneg.d	fa5,fa0
    8000044a:	02d00713          	li	a4,45
    8000044e:	e2078453          	fmv.x.d	s0,fa5
    80000452:	fdf7f913          	andi	s2,a5,-33
    80000456:	00e68023          	sb	a4,0(a3)
    8000045a:	04600793          	li	a5,70
    8000045e:	458d                	li	a1,3
    80000460:	00f90863          	beq	s2,a5,80000470 <__cvt+0x4c>
    80000464:	04500793          	li	a5,69
    80000468:	4589                	li	a1,2
    8000046a:	00f91363          	bne	s2,a5,80000470 <__cvt+0x4c>
    8000046e:	2485                	addiw	s1,s1,1
    80000470:	f2040553          	fmv.d.x	fa0,s0
    80000474:	003c                	addi	a5,sp,8
    80000476:	0058                	addi	a4,sp,4
    80000478:	86ce                	mv	a3,s3
    8000047a:	8626                	mv	a2,s1
    8000047c:	347000ef          	jal	80000fc2 <_dtoa_r>
    80000480:	04700793          	li	a5,71
    80000484:	02f91563          	bne	s2,a5,800004ae <__cvt+0x8a>
    80000488:	001a7a13          	andi	s4,s4,1
    8000048c:	009507b3          	add	a5,a0,s1
    80000490:	040a1963          	bnez	s4,800004e2 <__cvt+0xbe>
    80000494:	67a2                	ld	a5,8(sp)
    80000496:	60a6                	ld	ra,72(sp)
    80000498:	6406                	ld	s0,64(sp)
    8000049a:	8f89                	sub	a5,a5,a0
    8000049c:	00faa023          	sw	a5,0(s5)
    800004a0:	74e2                	ld	s1,56(sp)
    800004a2:	7942                	ld	s2,48(sp)
    800004a4:	79a2                	ld	s3,40(sp)
    800004a6:	7a02                	ld	s4,32(sp)
    800004a8:	6ae2                	ld	s5,24(sp)
    800004aa:	6161                	addi	sp,sp,80
    800004ac:	8082                	ret
    800004ae:	04600713          	li	a4,70
    800004b2:	009507b3          	add	a5,a0,s1
    800004b6:	02e91663          	bne	s2,a4,800004e2 <__cvt+0xbe>
    800004ba:	00054683          	lbu	a3,0(a0)
    800004be:	03000713          	li	a4,48
    800004c2:	00e69d63          	bne	a3,a4,800004dc <__cvt+0xb8>
    800004c6:	f20007d3          	fmv.d.x	fa5,zero
    800004ca:	f2040753          	fmv.d.x	fa4,s0
    800004ce:	a2f72753          	feq.d	a4,fa4,fa5
    800004d2:	e709                	bnez	a4,800004dc <__cvt+0xb8>
    800004d4:	4705                	li	a4,1
    800004d6:	9f05                	subw	a4,a4,s1
    800004d8:	00e9a023          	sw	a4,0(s3)
    800004dc:	0009a703          	lw	a4,0(s3)
    800004e0:	97ba                	add	a5,a5,a4
    800004e2:	f20007d3          	fmv.d.x	fa5,zero
    800004e6:	f2040753          	fmv.d.x	fa4,s0
    800004ea:	a2f72753          	feq.d	a4,fa4,fa5
    800004ee:	c311                	beqz	a4,800004f2 <__cvt+0xce>
    800004f0:	e43e                	sd	a5,8(sp)
    800004f2:	03000693          	li	a3,48
    800004f6:	6722                	ld	a4,8(sp)
    800004f8:	f8f77ee3          	bgeu	a4,a5,80000494 <__cvt+0x70>
    800004fc:	00170613          	addi	a2,a4,1
    80000500:	e432                	sd	a2,8(sp)
    80000502:	00d70023          	sb	a3,0(a4)
    80000506:	bfc5                	j	800004f6 <__cvt+0xd2>

0000000080000508 <__exponent>:
    80000508:	00c50023          	sb	a2,0(a0)
    8000050c:	02b00793          	li	a5,43
    80000510:	0005d663          	bgez	a1,8000051c <__exponent+0x14>
    80000514:	40b005bb          	negw	a1,a1
    80000518:	02d00793          	li	a5,45
    8000051c:	00f500a3          	sb	a5,1(a0)
    80000520:	47a5                	li	a5,9
    80000522:	06b7d563          	bge	a5,a1,8000058c <__exponent+0x84>
    80000526:	1141                	addi	sp,sp,-16
    80000528:	00f10713          	addi	a4,sp,15
    8000052c:	883a                	mv	a6,a4
    8000052e:	48a9                	li	a7,10
    80000530:	06300313          	li	t1,99
    80000534:	0315e7bb          	remw	a5,a1,a7
    80000538:	86ba                	mv	a3,a4
    8000053a:	177d                	addi	a4,a4,-1
    8000053c:	0307879b          	addiw	a5,a5,48
    80000540:	fef68fa3          	sb	a5,-1(a3)
    80000544:	87ae                	mv	a5,a1
    80000546:	0315c5bb          	divw	a1,a1,a7
    8000054a:	862e                	mv	a2,a1
    8000054c:	fef344e3          	blt	t1,a5,80000534 <__exponent+0x2c>
    80000550:	0306061b          	addiw	a2,a2,48
    80000554:	00250793          	addi	a5,a0,2
    80000558:	ffe68593          	addi	a1,a3,-2
    8000055c:	fec70fa3          	sb	a2,-1(a4)
    80000560:	872e                	mv	a4,a1
    80000562:	863e                	mv	a2,a5
    80000564:	01076d63          	bltu	a4,a6,8000057e <__exponent+0x76>
    80000568:	4701                	li	a4,0
    8000056a:	00b86563          	bltu	a6,a1,80000574 <__exponent+0x6c>
    8000056e:	01110713          	addi	a4,sp,17
    80000572:	8f15                	sub	a4,a4,a3
    80000574:	97ba                	add	a5,a5,a4
    80000576:	40a7853b          	subw	a0,a5,a0
    8000057a:	0141                	addi	sp,sp,16
    8000057c:	8082                	ret
    8000057e:	00074883          	lbu	a7,0(a4)
    80000582:	0705                	addi	a4,a4,1
    80000584:	0605                	addi	a2,a2,1
    80000586:	ff160fa3          	sb	a7,-1(a2)
    8000058a:	bfe9                	j	80000564 <__exponent+0x5c>
    8000058c:	03000793          	li	a5,48
    80000590:	00f50123          	sb	a5,2(a0)
    80000594:	0305859b          	addiw	a1,a1,48
    80000598:	00450793          	addi	a5,a0,4
    8000059c:	00b501a3          	sb	a1,3(a0)
    800005a0:	40a7853b          	subw	a0,a5,a0
    800005a4:	8082                	ret

00000000800005a6 <_printf_float>:
    800005a6:	7175                	addi	sp,sp,-144
    800005a8:	e506                	sd	ra,136(sp)
    800005aa:	e122                	sd	s0,128(sp)
    800005ac:	f4ce                	sd	s3,104(sp)
    800005ae:	842e                	mv	s0,a1
    800005b0:	f0d2                	sd	s4,96(sp)
    800005b2:	ecd6                	sd	s5,88(sp)
    800005b4:	8a3a                	mv	s4,a4
    800005b6:	e8da                	sd	s6,80(sp)
    800005b8:	e4de                	sd	s7,72(sp)
    800005ba:	e0e2                	sd	s8,64(sp)
    800005bc:	e432                	sd	a2,8(sp)
    800005be:	89b6                	mv	s3,a3
    800005c0:	fca6                	sd	s1,120(sp)
    800005c2:	f8ca                	sd	s2,112(sp)
    800005c4:	fc66                	sd	s9,56(sp)
    800005c6:	f86a                	sd	s10,48(sp)
    800005c8:	f46e                	sd	s11,40(sp)
    800005ca:	e02a                	sd	a0,0(sp)
    800005cc:	085000ef          	jal	80000e50 <_localeconv_r>
    800005d0:	00053c03          	ld	s8,0(a0)
    800005d4:	8562                	mv	a0,s8
    800005d6:	08f000ef          	jal	80000e64 <strlen>
    800005da:	00042b03          	lw	s6,0(s0)
    800005de:	cc02                	sw	zero,24(sp)
    800005e0:	01844a83          	lbu	s5,24(s0)
    800005e4:	100b7713          	andi	a4,s6,256
    800005e8:	000a3783          	ld	a5,0(s4)
    800005ec:	8baa                	mv	s7,a0
    800005ee:	c755                	beqz	a4,8000069a <_printf_float+0xf4>
    800005f0:	07bd                	addi	a5,a5,15
    800005f2:	9bc1                	andi	a5,a5,-16
    800005f4:	6388                	ld	a0,0(a5)
    800005f6:	678c                	ld	a1,8(a5)
    800005f8:	01078713          	addi	a4,a5,16
    800005fc:	00ea3023          	sd	a4,0(s4)
    80000600:	664030ef          	jal	80003c64 <__trunctfdf2>
    80000604:	e2050353          	fmv.x.d	t1,fa0
    80000608:	00004797          	auipc	a5,0x4
    8000060c:	4387b707          	fld	fa4,1080(a5) # 80004a40 <__atexit_dummy+0x8>
    80000610:	04643423          	sd	t1,72(s0)
    80000614:	00102773          	frflags	a4
    80000618:	f20307d3          	fmv.d.x	fa5,t1
    8000061c:	22f7a7d3          	fabs.d	fa5,fa5
    80000620:	a2f717d3          	flt.d	a5,fa4,fa5
    80000624:	00171073          	fsflags	a4
    80000628:	c3c1                	beqz	a5,800006a8 <_printf_float+0x102>
    8000062a:	f20007d3          	fmv.d.x	fa5,zero
    8000062e:	f2030753          	fmv.d.x	fa4,t1
    80000632:	a2f717d3          	flt.d	a5,fa4,fa5
    80000636:	c789                	beqz	a5,80000640 <_printf_float+0x9a>
    80000638:	02d00793          	li	a5,45
    8000063c:	04f401a3          	sb	a5,67(s0)
    80000640:	04700793          	li	a5,71
    80000644:	00004a17          	auipc	s4,0x4
    80000648:	beca0a13          	addi	s4,s4,-1044 # 80004230 <__tbss_end+0x32>
    8000064c:	0157e663          	bltu	a5,s5,80000658 <_printf_float+0xb2>
    80000650:	00004a17          	auipc	s4,0x4
    80000654:	bd8a0a13          	addi	s4,s4,-1064 # 80004228 <__tbss_end+0x2a>
    80000658:	ffbb7b13          	andi	s6,s6,-5
    8000065c:	478d                	li	a5,3
    8000065e:	01642023          	sw	s6,0(s0)
    80000662:	c81c                	sw	a5,16(s0)
    80000664:	4b01                	li	s6,0
    80000666:	66a2                	ld	a3,8(sp)
    80000668:	6502                	ld	a0,0(sp)
    8000066a:	874e                	mv	a4,s3
    8000066c:	0870                	addi	a2,sp,28
    8000066e:	85a2                	mv	a1,s0
    80000670:	3c8000ef          	jal	80000a38 <_printf_common>
    80000674:	5cfd                	li	s9,-1
    80000676:	15951b63          	bne	a0,s9,800007cc <_printf_float+0x226>
    8000067a:	557d                	li	a0,-1
    8000067c:	60aa                	ld	ra,136(sp)
    8000067e:	640a                	ld	s0,128(sp)
    80000680:	74e6                	ld	s1,120(sp)
    80000682:	7946                	ld	s2,112(sp)
    80000684:	79a6                	ld	s3,104(sp)
    80000686:	7a06                	ld	s4,96(sp)
    80000688:	6ae6                	ld	s5,88(sp)
    8000068a:	6b46                	ld	s6,80(sp)
    8000068c:	6ba6                	ld	s7,72(sp)
    8000068e:	6c06                	ld	s8,64(sp)
    80000690:	7ce2                	ld	s9,56(sp)
    80000692:	7d42                	ld	s10,48(sp)
    80000694:	7da2                	ld	s11,40(sp)
    80000696:	6149                	addi	sp,sp,144
    80000698:	8082                	ret
    8000069a:	00878713          	addi	a4,a5,8
    8000069e:	0007b303          	ld	t1,0(a5)
    800006a2:	00ea3023          	sd	a4,0(s4)
    800006a6:	b78d                	j	80000608 <_printf_float+0x62>
    800006a8:	f20307d3          	fmv.d.x	fa5,t1
    800006ac:	a2f7a7d3          	feq.d	a5,fa5,fa5
    800006b0:	e785                	bnez	a5,800006d8 <_printf_float+0x132>
    800006b2:	00035663          	bgez	t1,800006be <_printf_float+0x118>
    800006b6:	02d00793          	li	a5,45
    800006ba:	04f401a3          	sb	a5,67(s0)
    800006be:	04700793          	li	a5,71
    800006c2:	00004a17          	auipc	s4,0x4
    800006c6:	b7ea0a13          	addi	s4,s4,-1154 # 80004240 <__tbss_end+0x42>
    800006ca:	f957e7e3          	bltu	a5,s5,80000658 <_printf_float+0xb2>
    800006ce:	00004a17          	auipc	s4,0x4
    800006d2:	b6aa0a13          	addi	s4,s4,-1174 # 80004238 <__tbss_end+0x3a>
    800006d6:	b749                	j	80000658 <_printf_float+0xb2>
    800006d8:	405c                	lw	a5,4(s0)
    800006da:	577d                	li	a4,-1
    800006dc:	0dfafc93          	andi	s9,s5,223
    800006e0:	06e79f63          	bne	a5,a4,8000075e <_printf_float+0x1b8>
    800006e4:	4799                	li	a5,6
    800006e6:	c05c                	sw	a5,4(s0)
    800006e8:	404c                	lw	a1,4(s0)
    800006ea:	f2030553          	fmv.d.x	fa0,t1
    800006ee:	6502                	ld	a0,0(sp)
    800006f0:	400b6613          	ori	a2,s6,1024
    800006f4:	87d6                	mv	a5,s5
    800006f6:	c010                	sw	a2,0(s0)
    800006f8:	4881                	li	a7,0
    800006fa:	01810813          	addi	a6,sp,24
    800006fe:	0858                	addi	a4,sp,20
    80000700:	01310693          	addi	a3,sp,19
    80000704:	d21ff0ef          	jal	80000424 <__cvt>
    80000708:	04700793          	li	a5,71
    8000070c:	45d2                	lw	a1,20(sp)
    8000070e:	8a2a                	mv	s4,a0
    80000710:	04fc9e63          	bne	s9,a5,8000076c <_printf_float+0x1c6>
    80000714:	57f5                	li	a5,-3
    80000716:	00f5c563          	blt	a1,a5,80000720 <_printf_float+0x17a>
    8000071a:	405c                	lw	a5,4(s0)
    8000071c:	08b7d563          	bge	a5,a1,800007a6 <_printf_float+0x200>
    80000720:	3af9                	addiw	s5,s5,-2
    80000722:	0ffafa93          	zext.b	s5,s5
    80000726:	35fd                	addiw	a1,a1,-1
    80000728:	8656                	mv	a2,s5
    8000072a:	05040513          	addi	a0,s0,80
    8000072e:	ca2e                	sw	a1,20(sp)
    80000730:	dd9ff0ef          	jal	80000508 <__exponent>
    80000734:	4762                	lw	a4,24(sp)
    80000736:	4685                	li	a3,1
    80000738:	8b2a                	mv	s6,a0
    8000073a:	00a707bb          	addw	a5,a4,a0
    8000073e:	c81c                	sw	a5,16(s0)
    80000740:	00e6c563          	blt	a3,a4,8000074a <_printf_float+0x1a4>
    80000744:	4018                	lw	a4,0(s0)
    80000746:	8b05                	andi	a4,a4,1
    80000748:	c319                	beqz	a4,8000074e <_printf_float+0x1a8>
    8000074a:	2785                	addiw	a5,a5,1
    8000074c:	c81c                	sw	a5,16(s0)
    8000074e:	01314783          	lbu	a5,19(sp)
    80000752:	db91                	beqz	a5,80000666 <_printf_float+0xc0>
    80000754:	02d00793          	li	a5,45
    80000758:	04f401a3          	sb	a5,67(s0)
    8000075c:	b729                	j	80000666 <_printf_float+0xc0>
    8000075e:	04700713          	li	a4,71
    80000762:	f8ec93e3          	bne	s9,a4,800006e8 <_printf_float+0x142>
    80000766:	f3c9                	bnez	a5,800006e8 <_printf_float+0x142>
    80000768:	4785                	li	a5,1
    8000076a:	bfb5                	j	800006e6 <_printf_float+0x140>
    8000076c:	06500793          	li	a5,101
    80000770:	fb57fbe3          	bgeu	a5,s5,80000726 <_printf_float+0x180>
    80000774:	06600793          	li	a5,102
    80000778:	02fa9963          	bne	s5,a5,800007aa <_printf_float+0x204>
    8000077c:	6018                	ld	a4,0(s0)
    8000077e:	57fd                	li	a5,-1
    80000780:	1782                	slli	a5,a5,0x20
    80000782:	0785                	addi	a5,a5,1
    80000784:	8f7d                	and	a4,a4,a5
    80000786:	00b05b63          	blez	a1,8000079c <_printf_float+0x1f6>
    8000078a:	c80c                	sw	a1,16(s0)
    8000078c:	c709                	beqz	a4,80000796 <_printf_float+0x1f0>
    8000078e:	405c                	lw	a5,4(s0)
    80000790:	2785                	addiw	a5,a5,1
    80000792:	9fad                	addw	a5,a5,a1
    80000794:	c81c                	sw	a5,16(s0)
    80000796:	cc2c                	sw	a1,88(s0)
    80000798:	4b01                	li	s6,0
    8000079a:	bf55                	j	8000074e <_printf_float+0x1a8>
    8000079c:	4785                	li	a5,1
    8000079e:	db7d                	beqz	a4,80000794 <_printf_float+0x1ee>
    800007a0:	405c                	lw	a5,4(s0)
    800007a2:	2789                	addiw	a5,a5,2
    800007a4:	bfc5                	j	80000794 <_printf_float+0x1ee>
    800007a6:	06700a93          	li	s5,103
    800007aa:	47e2                	lw	a5,24(sp)
    800007ac:	00f5c963          	blt	a1,a5,800007be <_printf_float+0x218>
    800007b0:	401c                	lw	a5,0(s0)
    800007b2:	c80c                	sw	a1,16(s0)
    800007b4:	8b85                	andi	a5,a5,1
    800007b6:	d3e5                	beqz	a5,80000796 <_printf_float+0x1f0>
    800007b8:	0015879b          	addiw	a5,a1,1
    800007bc:	bfe1                	j	80000794 <_printf_float+0x1ee>
    800007be:	4705                	li	a4,1
    800007c0:	00b04463          	bgtz	a1,800007c8 <_printf_float+0x222>
    800007c4:	4709                	li	a4,2
    800007c6:	9f0d                	subw	a4,a4,a1
    800007c8:	9fb9                	addw	a5,a5,a4
    800007ca:	b7e9                	j	80000794 <_printf_float+0x1ee>
    800007cc:	401c                	lw	a5,0(s0)
    800007ce:	4007f713          	andi	a4,a5,1024
    800007d2:	e70d                	bnez	a4,800007fc <_printf_float+0x256>
    800007d4:	4814                	lw	a3,16(s0)
    800007d6:	65a2                	ld	a1,8(sp)
    800007d8:	6502                	ld	a0,0(sp)
    800007da:	8652                	mv	a2,s4
    800007dc:	9982                	jalr	s3
    800007de:	e9950ee3          	beq	a0,s9,8000067a <_printf_float+0xd4>
    800007e2:	401c                	lw	a5,0(s0)
    800007e4:	8b89                	andi	a5,a5,2
    800007e6:	24079463          	bnez	a5,80000a2e <_printf_float+0x488>
    800007ea:	4458                	lw	a4,12(s0)
    800007ec:	47f2                	lw	a5,28(sp)
    800007ee:	0007051b          	sext.w	a0,a4
    800007f2:	e8f755e3          	bge	a4,a5,8000067c <_printf_float+0xd6>
    800007f6:	0007851b          	sext.w	a0,a5
    800007fa:	b549                	j	8000067c <_printf_float+0xd6>
    800007fc:	06500713          	li	a4,101
    80000800:	1b577163          	bgeu	a4,s5,800009a2 <_printf_float+0x3fc>
    80000804:	2438                	fld	fa4,72(s0)
    80000806:	f20007d3          	fmv.d.x	fa5,zero
    8000080a:	a2f727d3          	feq.d	a5,fa4,fa5
    8000080e:	cbb1                	beqz	a5,80000862 <_printf_float+0x2bc>
    80000810:	65a2                	ld	a1,8(sp)
    80000812:	6502                	ld	a0,0(sp)
    80000814:	4685                	li	a3,1
    80000816:	00004617          	auipc	a2,0x4
    8000081a:	a3260613          	addi	a2,a2,-1486 # 80004248 <__tbss_end+0x4a>
    8000081e:	9982                	jalr	s3
    80000820:	e5950de3          	beq	a0,s9,8000067a <_printf_float+0xd4>
    80000824:	4a62                	lw	s4,24(sp)
    80000826:	47d2                	lw	a5,20(sp)
    80000828:	0147c563          	blt	a5,s4,80000832 <_printf_float+0x28c>
    8000082c:	401c                	lw	a5,0(s0)
    8000082e:	8b85                	andi	a5,a5,1
    80000830:	dbcd                	beqz	a5,800007e2 <_printf_float+0x23c>
    80000832:	65a2                	ld	a1,8(sp)
    80000834:	6502                	ld	a0,0(sp)
    80000836:	86de                	mv	a3,s7
    80000838:	8662                	mv	a2,s8
    8000083a:	9982                	jalr	s3
    8000083c:	57fd                	li	a5,-1
    8000083e:	e2f50ee3          	beq	a0,a5,8000067a <_printf_float+0xd4>
    80000842:	4a81                	li	s5,0
    80000844:	3a7d                	addiw	s4,s4,-1
    80000846:	01a40b13          	addi	s6,s0,26
    8000084a:	5bfd                	li	s7,-1
    8000084c:	f94adbe3          	bge	s5,s4,800007e2 <_printf_float+0x23c>
    80000850:	65a2                	ld	a1,8(sp)
    80000852:	6502                	ld	a0,0(sp)
    80000854:	4685                	li	a3,1
    80000856:	865a                	mv	a2,s6
    80000858:	9982                	jalr	s3
    8000085a:	e37500e3          	beq	a0,s7,8000067a <_printf_float+0xd4>
    8000085e:	2a85                	addiw	s5,s5,1
    80000860:	b7f5                	j	8000084c <_printf_float+0x2a6>
    80000862:	47d2                	lw	a5,20(sp)
    80000864:	06f04763          	bgtz	a5,800008d2 <_printf_float+0x32c>
    80000868:	65a2                	ld	a1,8(sp)
    8000086a:	6502                	ld	a0,0(sp)
    8000086c:	4685                	li	a3,1
    8000086e:	00004617          	auipc	a2,0x4
    80000872:	9da60613          	addi	a2,a2,-1574 # 80004248 <__tbss_end+0x4a>
    80000876:	9982                	jalr	s3
    80000878:	e19501e3          	beq	a0,s9,8000067a <_printf_float+0xd4>
    8000087c:	4b62                	lw	s6,24(sp)
    8000087e:	47d2                	lw	a5,20(sp)
    80000880:	00fb67b3          	or	a5,s6,a5
    80000884:	e781                	bnez	a5,8000088c <_printf_float+0x2e6>
    80000886:	401c                	lw	a5,0(s0)
    80000888:	8b85                	andi	a5,a5,1
    8000088a:	dfa1                	beqz	a5,800007e2 <_printf_float+0x23c>
    8000088c:	65a2                	ld	a1,8(sp)
    8000088e:	6502                	ld	a0,0(sp)
    80000890:	86de                	mv	a3,s7
    80000892:	8662                	mv	a2,s8
    80000894:	9982                	jalr	s3
    80000896:	57fd                	li	a5,-1
    80000898:	def501e3          	beq	a0,a5,8000067a <_printf_float+0xd4>
    8000089c:	4a81                	li	s5,0
    8000089e:	01a40b93          	addi	s7,s0,26
    800008a2:	5c7d                	li	s8,-1
    800008a4:	47d2                	lw	a5,20(sp)
    800008a6:	40f007bb          	negw	a5,a5
    800008aa:	00facb63          	blt	s5,a5,800008c0 <_printf_float+0x31a>
    800008ae:	86da                	mv	a3,s6
    800008b0:	8652                	mv	a2,s4
    800008b2:	65a2                	ld	a1,8(sp)
    800008b4:	6502                	ld	a0,0(sp)
    800008b6:	9982                	jalr	s3
    800008b8:	57fd                	li	a5,-1
    800008ba:	f2f514e3          	bne	a0,a5,800007e2 <_printf_float+0x23c>
    800008be:	bb75                	j	8000067a <_printf_float+0xd4>
    800008c0:	65a2                	ld	a1,8(sp)
    800008c2:	6502                	ld	a0,0(sp)
    800008c4:	4685                	li	a3,1
    800008c6:	865e                	mv	a2,s7
    800008c8:	9982                	jalr	s3
    800008ca:	db8508e3          	beq	a0,s8,8000067a <_printf_float+0xd4>
    800008ce:	2a85                	addiw	s5,s5,1
    800008d0:	bfd1                	j	800008a4 <_printf_float+0x2fe>
    800008d2:	4c3c                	lw	a5,88(s0)
    800008d4:	4b62                	lw	s6,24(sp)
    800008d6:	00078a9b          	sext.w	s5,a5
    800008da:	00fb5463          	bge	s6,a5,800008e2 <_printf_float+0x33c>
    800008de:	000b0a9b          	sext.w	s5,s6
    800008e2:	07504b63          	bgtz	s5,80000958 <_printf_float+0x3b2>
    800008e6:	4c81                	li	s9,0
    800008e8:	84d6                	mv	s1,s5
    800008ea:	01a40d13          	addi	s10,s0,26
    800008ee:	597d                	li	s2,-1
    800008f0:	05842d83          	lw	s11,88(s0)
    800008f4:	87a6                	mv	a5,s1
    800008f6:	000ad363          	bgez	s5,800008fc <_printf_float+0x356>
    800008fa:	4781                	li	a5,0
    800008fc:	40fd87bb          	subw	a5,s11,a5
    80000900:	06fcc563          	blt	s9,a5,8000096a <_printf_float+0x3c4>
    80000904:	47d2                	lw	a5,20(sp)
    80000906:	0767cb63          	blt	a5,s6,8000097c <_printf_float+0x3d6>
    8000090a:	401c                	lw	a5,0(s0)
    8000090c:	8b85                	andi	a5,a5,1
    8000090e:	e7bd                	bnez	a5,8000097c <_printf_float+0x3d6>
    80000910:	4ad2                	lw	s5,20(sp)
    80000912:	41bb073b          	subw	a4,s6,s11
    80000916:	415b06bb          	subw	a3,s6,s5
    8000091a:	8ab6                	mv	s5,a3
    8000091c:	00d75463          	bge	a4,a3,80000924 <_printf_float+0x37e>
    80000920:	00070a9b          	sext.w	s5,a4
    80000924:	07504563          	bgtz	s5,8000098e <_printf_float+0x3e8>
    80000928:	4a01                	li	s4,0
    8000092a:	8bd6                	mv	s7,s5
    8000092c:	01a40c13          	addi	s8,s0,26
    80000930:	5cfd                	li	s9,-1
    80000932:	47d2                	lw	a5,20(sp)
    80000934:	875e                	mv	a4,s7
    80000936:	40fb07bb          	subw	a5,s6,a5
    8000093a:	000ad363          	bgez	s5,80000940 <_printf_float+0x39a>
    8000093e:	4701                	li	a4,0
    80000940:	9f99                	subw	a5,a5,a4
    80000942:	eafa50e3          	bge	s4,a5,800007e2 <_printf_float+0x23c>
    80000946:	65a2                	ld	a1,8(sp)
    80000948:	6502                	ld	a0,0(sp)
    8000094a:	4685                	li	a3,1
    8000094c:	8662                	mv	a2,s8
    8000094e:	9982                	jalr	s3
    80000950:	d39505e3          	beq	a0,s9,8000067a <_printf_float+0xd4>
    80000954:	2a05                	addiw	s4,s4,1
    80000956:	bff1                	j	80000932 <_printf_float+0x38c>
    80000958:	65a2                	ld	a1,8(sp)
    8000095a:	6502                	ld	a0,0(sp)
    8000095c:	86d6                	mv	a3,s5
    8000095e:	8652                	mv	a2,s4
    80000960:	9982                	jalr	s3
    80000962:	57fd                	li	a5,-1
    80000964:	f8f511e3          	bne	a0,a5,800008e6 <_printf_float+0x340>
    80000968:	bb09                	j	8000067a <_printf_float+0xd4>
    8000096a:	65a2                	ld	a1,8(sp)
    8000096c:	6502                	ld	a0,0(sp)
    8000096e:	4685                	li	a3,1
    80000970:	866a                	mv	a2,s10
    80000972:	9982                	jalr	s3
    80000974:	d12503e3          	beq	a0,s2,8000067a <_printf_float+0xd4>
    80000978:	2c85                	addiw	s9,s9,1
    8000097a:	bf9d                	j	800008f0 <_printf_float+0x34a>
    8000097c:	65a2                	ld	a1,8(sp)
    8000097e:	6502                	ld	a0,0(sp)
    80000980:	86de                	mv	a3,s7
    80000982:	8662                	mv	a2,s8
    80000984:	9982                	jalr	s3
    80000986:	57fd                	li	a5,-1
    80000988:	f8f514e3          	bne	a0,a5,80000910 <_printf_float+0x36a>
    8000098c:	b1fd                	j	8000067a <_printf_float+0xd4>
    8000098e:	65a2                	ld	a1,8(sp)
    80000990:	6502                	ld	a0,0(sp)
    80000992:	86d6                	mv	a3,s5
    80000994:	01ba0633          	add	a2,s4,s11
    80000998:	9982                	jalr	s3
    8000099a:	57fd                	li	a5,-1
    8000099c:	f8f516e3          	bne	a0,a5,80000928 <_printf_float+0x382>
    800009a0:	b9e9                	j	8000067a <_printf_float+0xd4>
    800009a2:	4ae2                	lw	s5,24(sp)
    800009a4:	4705                	li	a4,1
    800009a6:	4685                	li	a3,1
    800009a8:	8652                	mv	a2,s4
    800009aa:	01574463          	blt	a4,s5,800009b2 <_printf_float+0x40c>
    800009ae:	8b85                	andi	a5,a5,1
    800009b0:	cb85                	beqz	a5,800009e0 <_printf_float+0x43a>
    800009b2:	65a2                	ld	a1,8(sp)
    800009b4:	6502                	ld	a0,0(sp)
    800009b6:	5cfd                	li	s9,-1
    800009b8:	9982                	jalr	s3
    800009ba:	cd9500e3          	beq	a0,s9,8000067a <_printf_float+0xd4>
    800009be:	65a2                	ld	a1,8(sp)
    800009c0:	6502                	ld	a0,0(sp)
    800009c2:	86de                	mv	a3,s7
    800009c4:	8662                	mv	a2,s8
    800009c6:	9982                	jalr	s3
    800009c8:	cb9509e3          	beq	a0,s9,8000067a <_printf_float+0xd4>
    800009cc:	2438                	fld	fa4,72(s0)
    800009ce:	f20007d3          	fmv.d.x	fa5,zero
    800009d2:	3afd                	addiw	s5,s5,-1
    800009d4:	a2f727d3          	feq.d	a5,fa4,fa5
    800009d8:	eb85                	bnez	a5,80000a08 <_printf_float+0x462>
    800009da:	86d6                	mv	a3,s5
    800009dc:	001a0613          	addi	a2,s4,1
    800009e0:	65a2                	ld	a1,8(sp)
    800009e2:	6502                	ld	a0,0(sp)
    800009e4:	9982                	jalr	s3
    800009e6:	01951d63          	bne	a0,s9,80000a00 <_printf_float+0x45a>
    800009ea:	b941                	j	8000067a <_printf_float+0xd4>
    800009ec:	65a2                	ld	a1,8(sp)
    800009ee:	6502                	ld	a0,0(sp)
    800009f0:	4685                	li	a3,1
    800009f2:	865e                	mv	a2,s7
    800009f4:	9982                	jalr	s3
    800009f6:	c98502e3          	beq	a0,s8,8000067a <_printf_float+0xd4>
    800009fa:	2a05                	addiw	s4,s4,1
    800009fc:	ff5a48e3          	blt	s4,s5,800009ec <_printf_float+0x446>
    80000a00:	86da                	mv	a3,s6
    80000a02:	05040613          	addi	a2,s0,80
    80000a06:	b575                	j	800008b2 <_printf_float+0x30c>
    80000a08:	4a01                	li	s4,0
    80000a0a:	01a40b93          	addi	s7,s0,26
    80000a0e:	5c7d                	li	s8,-1
    80000a10:	b7f5                	j	800009fc <_printf_float+0x456>
    80000a12:	65a2                	ld	a1,8(sp)
    80000a14:	6502                	ld	a0,0(sp)
    80000a16:	4685                	li	a3,1
    80000a18:	8656                	mv	a2,s5
    80000a1a:	9982                	jalr	s3
    80000a1c:	c5650fe3          	beq	a0,s6,8000067a <_printf_float+0xd4>
    80000a20:	2a05                	addiw	s4,s4,1
    80000a22:	445c                	lw	a5,12(s0)
    80000a24:	4772                	lw	a4,28(sp)
    80000a26:	9f99                	subw	a5,a5,a4
    80000a28:	fefa45e3          	blt	s4,a5,80000a12 <_printf_float+0x46c>
    80000a2c:	bb7d                	j	800007ea <_printf_float+0x244>
    80000a2e:	4a01                	li	s4,0
    80000a30:	01940a93          	addi	s5,s0,25
    80000a34:	5b7d                	li	s6,-1
    80000a36:	b7f5                	j	80000a22 <_printf_float+0x47c>

0000000080000a38 <_printf_common>:
    80000a38:	715d                	addi	sp,sp,-80
    80000a3a:	f052                	sd	s4,32(sp)
    80000a3c:	ec56                	sd	s5,24(sp)
    80000a3e:	8a36                	mv	s4,a3
    80000a40:	8aba                	mv	s5,a4
    80000a42:	4994                	lw	a3,16(a1)
    80000a44:	4598                	lw	a4,8(a1)
    80000a46:	e0a2                	sd	s0,64(sp)
    80000a48:	f84a                	sd	s2,48(sp)
    80000a4a:	f44e                	sd	s3,40(sp)
    80000a4c:	e486                	sd	ra,72(sp)
    80000a4e:	fc26                	sd	s1,56(sp)
    80000a50:	e85a                	sd	s6,16(sp)
    80000a52:	e45e                	sd	s7,8(sp)
    80000a54:	89aa                	mv	s3,a0
    80000a56:	842e                	mv	s0,a1
    80000a58:	8932                	mv	s2,a2
    80000a5a:	87ba                	mv	a5,a4
    80000a5c:	00e6c363          	blt	a3,a4,80000a62 <_printf_common+0x2a>
    80000a60:	87b6                	mv	a5,a3
    80000a62:	00f92023          	sw	a5,0(s2)
    80000a66:	04344703          	lbu	a4,67(s0)
    80000a6a:	c701                	beqz	a4,80000a72 <_printf_common+0x3a>
    80000a6c:	2785                	addiw	a5,a5,1
    80000a6e:	00f92023          	sw	a5,0(s2)
    80000a72:	401c                	lw	a5,0(s0)
    80000a74:	0207f793          	andi	a5,a5,32
    80000a78:	c791                	beqz	a5,80000a84 <_printf_common+0x4c>
    80000a7a:	00092783          	lw	a5,0(s2)
    80000a7e:	2789                	addiw	a5,a5,2
    80000a80:	00f92023          	sw	a5,0(s2)
    80000a84:	4004                	lw	s1,0(s0)
    80000a86:	8899                	andi	s1,s1,6
    80000a88:	e891                	bnez	s1,80000a9c <_printf_common+0x64>
    80000a8a:	01940b13          	addi	s6,s0,25
    80000a8e:	5bfd                	li	s7,-1
    80000a90:	445c                	lw	a5,12(s0)
    80000a92:	00092703          	lw	a4,0(s2)
    80000a96:	9f99                	subw	a5,a5,a4
    80000a98:	06f4c063          	blt	s1,a5,80000af8 <_printf_common+0xc0>
    80000a9c:	04344783          	lbu	a5,67(s0)
    80000aa0:	00f03633          	snez	a2,a5
    80000aa4:	00f036b3          	snez	a3,a5
    80000aa8:	401c                	lw	a5,0(s0)
    80000aaa:	0207f793          	andi	a5,a5,32
    80000aae:	ebb5                	bnez	a5,80000b22 <_printf_common+0xea>
    80000ab0:	04340613          	addi	a2,s0,67
    80000ab4:	85d2                	mv	a1,s4
    80000ab6:	854e                	mv	a0,s3
    80000ab8:	9a82                	jalr	s5
    80000aba:	57fd                	li	a5,-1
    80000abc:	04f50563          	beq	a0,a5,80000b06 <_printf_common+0xce>
    80000ac0:	401c                	lw	a5,0(s0)
    80000ac2:	4711                	li	a4,4
    80000ac4:	4481                	li	s1,0
    80000ac6:	8b99                	andi	a5,a5,6
    80000ac8:	00e79b63          	bne	a5,a4,80000ade <_printf_common+0xa6>
    80000acc:	00092783          	lw	a5,0(s2)
    80000ad0:	4444                	lw	s1,12(s0)
    80000ad2:	9c9d                	subw	s1,s1,a5
    80000ad4:	02049793          	slli	a5,s1,0x20
    80000ad8:	0007d363          	bgez	a5,80000ade <_printf_common+0xa6>
    80000adc:	4481                	li	s1,0
    80000ade:	441c                	lw	a5,8(s0)
    80000ae0:	4818                	lw	a4,16(s0)
    80000ae2:	00f75463          	bge	a4,a5,80000aea <_printf_common+0xb2>
    80000ae6:	9f99                	subw	a5,a5,a4
    80000ae8:	9cbd                	addw	s1,s1,a5
    80000aea:	4901                	li	s2,0
    80000aec:	0469                	addi	s0,s0,26
    80000aee:	5b7d                	li	s6,-1
    80000af0:	05249a63          	bne	s1,s2,80000b44 <_printf_common+0x10c>
    80000af4:	4501                	li	a0,0
    80000af6:	a809                	j	80000b08 <_printf_common+0xd0>
    80000af8:	4685                	li	a3,1
    80000afa:	865a                	mv	a2,s6
    80000afc:	85d2                	mv	a1,s4
    80000afe:	854e                	mv	a0,s3
    80000b00:	9a82                	jalr	s5
    80000b02:	01751e63          	bne	a0,s7,80000b1e <_printf_common+0xe6>
    80000b06:	557d                	li	a0,-1
    80000b08:	60a6                	ld	ra,72(sp)
    80000b0a:	6406                	ld	s0,64(sp)
    80000b0c:	74e2                	ld	s1,56(sp)
    80000b0e:	7942                	ld	s2,48(sp)
    80000b10:	79a2                	ld	s3,40(sp)
    80000b12:	7a02                	ld	s4,32(sp)
    80000b14:	6ae2                	ld	s5,24(sp)
    80000b16:	6b42                	ld	s6,16(sp)
    80000b18:	6ba2                	ld	s7,8(sp)
    80000b1a:	6161                	addi	sp,sp,80
    80000b1c:	8082                	ret
    80000b1e:	2485                	addiw	s1,s1,1
    80000b20:	bf85                	j	80000a90 <_printf_common+0x58>
    80000b22:	00d407b3          	add	a5,s0,a3
    80000b26:	03000693          	li	a3,48
    80000b2a:	04d781a3          	sb	a3,67(a5)
    80000b2e:	0016071b          	addiw	a4,a2,1
    80000b32:	0026069b          	addiw	a3,a2,2
    80000b36:	04544603          	lbu	a2,69(s0)
    80000b3a:	00e407b3          	add	a5,s0,a4
    80000b3e:	04c781a3          	sb	a2,67(a5)
    80000b42:	b7bd                	j	80000ab0 <_printf_common+0x78>
    80000b44:	4685                	li	a3,1
    80000b46:	8622                	mv	a2,s0
    80000b48:	85d2                	mv	a1,s4
    80000b4a:	854e                	mv	a0,s3
    80000b4c:	9a82                	jalr	s5
    80000b4e:	fb650ce3          	beq	a0,s6,80000b06 <_printf_common+0xce>
    80000b52:	2905                	addiw	s2,s2,1
    80000b54:	bf71                	j	80000af0 <_printf_common+0xb8>

0000000080000b56 <_printf_i>:
    80000b56:	715d                	addi	sp,sp,-80
    80000b58:	e0a2                	sd	s0,64(sp)
    80000b5a:	f84a                	sd	s2,48(sp)
    80000b5c:	f44e                	sd	s3,40(sp)
    80000b5e:	f052                	sd	s4,32(sp)
    80000b60:	e486                	sd	ra,72(sp)
    80000b62:	fc26                	sd	s1,56(sp)
    80000b64:	ec56                	sd	s5,24(sp)
    80000b66:	e85a                	sd	s6,16(sp)
    80000b68:	0185c803          	lbu	a6,24(a1)
    80000b6c:	07800793          	li	a5,120
    80000b70:	892a                	mv	s2,a0
    80000b72:	842e                	mv	s0,a1
    80000b74:	89b2                	mv	s3,a2
    80000b76:	8a36                	mv	s4,a3
    80000b78:	0307e263          	bltu	a5,a6,80000b9c <_printf_i+0x46>
    80000b7c:	06200793          	li	a5,98
    80000b80:	04358693          	addi	a3,a1,67
    80000b84:	0307e163          	bltu	a5,a6,80000ba6 <_printf_i+0x50>
    80000b88:	1c080663          	beqz	a6,80000d54 <_printf_i+0x1fe>
    80000b8c:	05800793          	li	a5,88
    80000b90:	00003617          	auipc	a2,0x3
    80000b94:	6c060613          	addi	a2,a2,1728 # 80004250 <__tbss_end+0x52>
    80000b98:	14f80a63          	beq	a6,a5,80000cec <_printf_i+0x196>
    80000b9c:	04240493          	addi	s1,s0,66
    80000ba0:	05040123          	sb	a6,66(s0)
    80000ba4:	a815                	j	80000bd8 <_printf_i+0x82>
    80000ba6:	f9d8079b          	addiw	a5,a6,-99
    80000baa:	0ff7f793          	zext.b	a5,a5
    80000bae:	4655                	li	a2,21
    80000bb0:	fef666e3          	bltu	a2,a5,80000b9c <_printf_i+0x46>
    80000bb4:	00004617          	auipc	a2,0x4
    80000bb8:	91c60613          	addi	a2,a2,-1764 # 800044d0 <__tbss_end+0x2d2>
    80000bbc:	078a                	slli	a5,a5,0x2
    80000bbe:	97b2                	add	a5,a5,a2
    80000bc0:	439c                	lw	a5,0(a5)
    80000bc2:	97b2                	add	a5,a5,a2
    80000bc4:	8782                	jr	a5
    80000bc6:	631c                	ld	a5,0(a4)
    80000bc8:	04258493          	addi	s1,a1,66
    80000bcc:	00878693          	addi	a3,a5,8
    80000bd0:	439c                	lw	a5,0(a5)
    80000bd2:	e314                	sd	a3,0(a4)
    80000bd4:	04f58123          	sb	a5,66(a1)
    80000bd8:	4785                	li	a5,1
    80000bda:	aa4d                	j	80000d8c <_printf_i+0x236>
    80000bdc:	419c                	lw	a5,0(a1)
    80000bde:	6308                	ld	a0,0(a4)
    80000be0:	0807f613          	andi	a2,a5,128
    80000be4:	00850593          	addi	a1,a0,8
    80000be8:	c20d                	beqz	a2,80000c0a <_printf_i+0xb4>
    80000bea:	611c                	ld	a5,0(a0)
    80000bec:	e30c                	sd	a1,0(a4)
    80000bee:	0007d863          	bgez	a5,80000bfe <_printf_i+0xa8>
    80000bf2:	02d00713          	li	a4,45
    80000bf6:	40f007b3          	neg	a5,a5
    80000bfa:	04e401a3          	sb	a4,67(s0)
    80000bfe:	00003617          	auipc	a2,0x3
    80000c02:	65260613          	addi	a2,a2,1618 # 80004250 <__tbss_end+0x52>
    80000c06:	4829                	li	a6,10
    80000c08:	a83d                	j	80000c46 <_printf_i+0xf0>
    80000c0a:	0407f613          	andi	a2,a5,64
    80000c0e:	411c                	lw	a5,0(a0)
    80000c10:	e30c                	sd	a1,0(a4)
    80000c12:	de71                	beqz	a2,80000bee <_printf_i+0x98>
    80000c14:	0107979b          	slliw	a5,a5,0x10
    80000c18:	4107d79b          	sraiw	a5,a5,0x10
    80000c1c:	bfc9                	j	80000bee <_printf_i+0x98>
    80000c1e:	4190                	lw	a2,0(a1)
    80000c20:	631c                	ld	a5,0(a4)
    80000c22:	08067513          	andi	a0,a2,128
    80000c26:	00878593          	addi	a1,a5,8
    80000c2a:	cd41                	beqz	a0,80000cc2 <_printf_i+0x16c>
    80000c2c:	639c                	ld	a5,0(a5)
    80000c2e:	e30c                	sd	a1,0(a4)
    80000c30:	06f00713          	li	a4,111
    80000c34:	00003617          	auipc	a2,0x3
    80000c38:	61c60613          	addi	a2,a2,1564 # 80004250 <__tbss_end+0x52>
    80000c3c:	0ee81e63          	bne	a6,a4,80000d38 <_printf_i+0x1e2>
    80000c40:	4821                	li	a6,8
    80000c42:	040401a3          	sb	zero,67(s0)
    80000c46:	4058                	lw	a4,4(s0)
    80000c48:	c418                	sw	a4,8(s0)
    80000c4a:	00074563          	bltz	a4,80000c54 <_printf_i+0xfe>
    80000c4e:	400c                	lw	a1,0(s0)
    80000c50:	99ed                	andi	a1,a1,-5
    80000c52:	c00c                	sw	a1,0(s0)
    80000c54:	e399                	bnez	a5,80000c5a <_printf_i+0x104>
    80000c56:	84b6                	mv	s1,a3
    80000c58:	cf19                	beqz	a4,80000c76 <_printf_i+0x120>
    80000c5a:	84b6                	mv	s1,a3
    80000c5c:	0307f733          	remu	a4,a5,a6
    80000c60:	14fd                	addi	s1,s1,-1
    80000c62:	9732                	add	a4,a4,a2
    80000c64:	00074703          	lbu	a4,0(a4)
    80000c68:	00e48023          	sb	a4,0(s1)
    80000c6c:	873e                	mv	a4,a5
    80000c6e:	0307d7b3          	divu	a5,a5,a6
    80000c72:	ff0775e3          	bgeu	a4,a6,80000c5c <_printf_i+0x106>
    80000c76:	47a1                	li	a5,8
    80000c78:	00f81e63          	bne	a6,a5,80000c94 <_printf_i+0x13e>
    80000c7c:	401c                	lw	a5,0(s0)
    80000c7e:	8b85                	andi	a5,a5,1
    80000c80:	cb91                	beqz	a5,80000c94 <_printf_i+0x13e>
    80000c82:	4058                	lw	a4,4(s0)
    80000c84:	481c                	lw	a5,16(s0)
    80000c86:	00e7c763          	blt	a5,a4,80000c94 <_printf_i+0x13e>
    80000c8a:	03000793          	li	a5,48
    80000c8e:	fef48fa3          	sb	a5,-1(s1)
    80000c92:	14fd                	addi	s1,s1,-1
    80000c94:	8e85                	sub	a3,a3,s1
    80000c96:	c814                	sw	a3,16(s0)
    80000c98:	8752                	mv	a4,s4
    80000c9a:	86ce                	mv	a3,s3
    80000c9c:	0070                	addi	a2,sp,12
    80000c9e:	85a2                	mv	a1,s0
    80000ca0:	854a                	mv	a0,s2
    80000ca2:	d97ff0ef          	jal	80000a38 <_printf_common>
    80000ca6:	5afd                	li	s5,-1
    80000ca8:	0f551663          	bne	a0,s5,80000d94 <_printf_i+0x23e>
    80000cac:	557d                	li	a0,-1
    80000cae:	60a6                	ld	ra,72(sp)
    80000cb0:	6406                	ld	s0,64(sp)
    80000cb2:	74e2                	ld	s1,56(sp)
    80000cb4:	7942                	ld	s2,48(sp)
    80000cb6:	79a2                	ld	s3,40(sp)
    80000cb8:	7a02                	ld	s4,32(sp)
    80000cba:	6ae2                	ld	s5,24(sp)
    80000cbc:	6b42                	ld	s6,16(sp)
    80000cbe:	6161                	addi	sp,sp,80
    80000cc0:	8082                	ret
    80000cc2:	439c                	lw	a5,0(a5)
    80000cc4:	04067613          	andi	a2,a2,64
    80000cc8:	e30c                	sd	a1,0(a4)
    80000cca:	c601                	beqz	a2,80000cd2 <_printf_i+0x17c>
    80000ccc:	17c2                	slli	a5,a5,0x30
    80000cce:	93c1                	srli	a5,a5,0x30
    80000cd0:	b785                	j	80000c30 <_printf_i+0xda>
    80000cd2:	1782                	slli	a5,a5,0x20
    80000cd4:	9381                	srli	a5,a5,0x20
    80000cd6:	bfa9                	j	80000c30 <_printf_i+0xda>
    80000cd8:	419c                	lw	a5,0(a1)
    80000cda:	0a07e793          	ori	a5,a5,160
    80000cde:	c19c                	sw	a5,0(a1)
    80000ce0:	07800813          	li	a6,120
    80000ce4:	00003617          	auipc	a2,0x3
    80000ce8:	58460613          	addi	a2,a2,1412 # 80004268 <__tbss_end+0x6a>
    80000cec:	050402a3          	sb	a6,69(s0)
    80000cf0:	400c                	lw	a1,0(s0)
    80000cf2:	631c                	ld	a5,0(a4)
    80000cf4:	0805f813          	andi	a6,a1,128
    80000cf8:	00878513          	addi	a0,a5,8
    80000cfc:	00080d63          	beqz	a6,80000d16 <_printf_i+0x1c0>
    80000d00:	639c                	ld	a5,0(a5)
    80000d02:	e308                	sd	a0,0(a4)
    80000d04:	0015f713          	andi	a4,a1,1
    80000d08:	c701                	beqz	a4,80000d10 <_printf_i+0x1ba>
    80000d0a:	0205e593          	ori	a1,a1,32
    80000d0e:	c00c                	sw	a1,0(s0)
    80000d10:	cf99                	beqz	a5,80000d2e <_printf_i+0x1d8>
    80000d12:	4841                	li	a6,16
    80000d14:	b73d                	j	80000c42 <_printf_i+0xec>
    80000d16:	439c                	lw	a5,0(a5)
    80000d18:	0405f813          	andi	a6,a1,64
    80000d1c:	e308                	sd	a0,0(a4)
    80000d1e:	00080563          	beqz	a6,80000d28 <_printf_i+0x1d2>
    80000d22:	17c2                	slli	a5,a5,0x30
    80000d24:	93c1                	srli	a5,a5,0x30
    80000d26:	bff9                	j	80000d04 <_printf_i+0x1ae>
    80000d28:	1782                	slli	a5,a5,0x20
    80000d2a:	9381                	srli	a5,a5,0x20
    80000d2c:	bfe1                	j	80000d04 <_printf_i+0x1ae>
    80000d2e:	4018                	lw	a4,0(s0)
    80000d30:	fdf77713          	andi	a4,a4,-33
    80000d34:	c018                	sw	a4,0(s0)
    80000d36:	bff1                	j	80000d12 <_printf_i+0x1bc>
    80000d38:	4829                	li	a6,10
    80000d3a:	b721                	j	80000c42 <_printf_i+0xec>
    80000d3c:	4190                	lw	a2,0(a1)
    80000d3e:	631c                	ld	a5,0(a4)
    80000d40:	49cc                	lw	a1,20(a1)
    80000d42:	08067813          	andi	a6,a2,128
    80000d46:	00878513          	addi	a0,a5,8
    80000d4a:	00080963          	beqz	a6,80000d5c <_printf_i+0x206>
    80000d4e:	e308                	sd	a0,0(a4)
    80000d50:	639c                	ld	a5,0(a5)
    80000d52:	e38c                	sd	a1,0(a5)
    80000d54:	00042823          	sw	zero,16(s0)
    80000d58:	84b6                	mv	s1,a3
    80000d5a:	bf3d                	j	80000c98 <_printf_i+0x142>
    80000d5c:	e308                	sd	a0,0(a4)
    80000d5e:	04067613          	andi	a2,a2,64
    80000d62:	639c                	ld	a5,0(a5)
    80000d64:	c601                	beqz	a2,80000d6c <_printf_i+0x216>
    80000d66:	00b79023          	sh	a1,0(a5)
    80000d6a:	b7ed                	j	80000d54 <_printf_i+0x1fe>
    80000d6c:	c38c                	sw	a1,0(a5)
    80000d6e:	b7dd                	j	80000d54 <_printf_i+0x1fe>
    80000d70:	631c                	ld	a5,0(a4)
    80000d72:	41d0                	lw	a2,4(a1)
    80000d74:	4581                	li	a1,0
    80000d76:	00878693          	addi	a3,a5,8
    80000d7a:	e314                	sd	a3,0(a4)
    80000d7c:	6384                	ld	s1,0(a5)
    80000d7e:	8526                	mv	a0,s1
    80000d80:	0b0000ef          	jal	80000e30 <memchr>
    80000d84:	c119                	beqz	a0,80000d8a <_printf_i+0x234>
    80000d86:	8d05                	sub	a0,a0,s1
    80000d88:	c048                	sw	a0,4(s0)
    80000d8a:	405c                	lw	a5,4(s0)
    80000d8c:	c81c                	sw	a5,16(s0)
    80000d8e:	040401a3          	sb	zero,67(s0)
    80000d92:	b719                	j	80000c98 <_printf_i+0x142>
    80000d94:	4814                	lw	a3,16(s0)
    80000d96:	8626                	mv	a2,s1
    80000d98:	85ce                	mv	a1,s3
    80000d9a:	854a                	mv	a0,s2
    80000d9c:	9a02                	jalr	s4
    80000d9e:	f15507e3          	beq	a0,s5,80000cac <_printf_i+0x156>
    80000da2:	401c                	lw	a5,0(s0)
    80000da4:	8b89                	andi	a5,a5,2
    80000da6:	eb85                	bnez	a5,80000dd6 <_printf_i+0x280>
    80000da8:	4458                	lw	a4,12(s0)
    80000daa:	47b2                	lw	a5,12(sp)
    80000dac:	0007051b          	sext.w	a0,a4
    80000db0:	eef75fe3          	bge	a4,a5,80000cae <_printf_i+0x158>
    80000db4:	0007851b          	sext.w	a0,a5
    80000db8:	bddd                	j	80000cae <_printf_i+0x158>
    80000dba:	4685                	li	a3,1
    80000dbc:	8656                	mv	a2,s5
    80000dbe:	85ce                	mv	a1,s3
    80000dc0:	854a                	mv	a0,s2
    80000dc2:	9a02                	jalr	s4
    80000dc4:	ef6504e3          	beq	a0,s6,80000cac <_printf_i+0x156>
    80000dc8:	2485                	addiw	s1,s1,1
    80000dca:	445c                	lw	a5,12(s0)
    80000dcc:	4732                	lw	a4,12(sp)
    80000dce:	9f99                	subw	a5,a5,a4
    80000dd0:	fef4c5e3          	blt	s1,a5,80000dba <_printf_i+0x264>
    80000dd4:	bfd1                	j	80000da8 <_printf_i+0x252>
    80000dd6:	4481                	li	s1,0
    80000dd8:	01940a93          	addi	s5,s0,25
    80000ddc:	5b7d                	li	s6,-1
    80000dde:	b7f5                	j	80000dca <_printf_i+0x274>

0000000080000de0 <_iprintf_r>:
    80000de0:	715d                	addi	sp,sp,-80
    80000de2:	f032                	sd	a2,32(sp)
    80000de4:	f436                	sd	a3,40(sp)
    80000de6:	f83a                	sd	a4,48(sp)
    80000de8:	fc3e                	sd	a5,56(sp)
    80000dea:	e0c2                	sd	a6,64(sp)
    80000dec:	e4c6                	sd	a7,72(sp)
    80000dee:	862e                	mv	a2,a1
    80000df0:	690c                	ld	a1,16(a0)
    80000df2:	1014                	addi	a3,sp,32
    80000df4:	ec06                	sd	ra,24(sp)
    80000df6:	e436                	sd	a3,8(sp)
    80000df8:	2e9010ef          	jal	800028e0 <_vfiprintf_r>
    80000dfc:	60e2                	ld	ra,24(sp)
    80000dfe:	6161                	addi	sp,sp,80
    80000e00:	8082                	ret

0000000080000e02 <iprintf>:
    80000e02:	711d                	addi	sp,sp,-96
    80000e04:	f832                	sd	a2,48(sp)
    80000e06:	fc36                	sd	a3,56(sp)
    80000e08:	e4be                	sd	a5,72(sp)
    80000e0a:	f42e                	sd	a1,40(sp)
    80000e0c:	e0ba                	sd	a4,64(sp)
    80000e0e:	e8c2                	sd	a6,80(sp)
    80000e10:	ecc6                	sd	a7,88(sp)
    80000e12:	00004797          	auipc	a5,0x4
    80000e16:	c0e7b783          	ld	a5,-1010(a5) # 80004a20 <_impure_ptr>
    80000e1a:	6b8c                	ld	a1,16(a5)
    80000e1c:	1034                	addi	a3,sp,40
    80000e1e:	862a                	mv	a2,a0
    80000e20:	853e                	mv	a0,a5
    80000e22:	ec06                	sd	ra,24(sp)
    80000e24:	e436                	sd	a3,8(sp)
    80000e26:	2bb010ef          	jal	800028e0 <_vfiprintf_r>
    80000e2a:	60e2                	ld	ra,24(sp)
    80000e2c:	6125                	addi	sp,sp,96
    80000e2e:	8082                	ret

0000000080000e30 <memchr>:
    80000e30:	0ff5f593          	zext.b	a1,a1
    80000e34:	962a                	add	a2,a2,a0
    80000e36:	00c51463          	bne	a0,a2,80000e3e <memchr+0xe>
    80000e3a:	4501                	li	a0,0
    80000e3c:	8082                	ret
    80000e3e:	00054783          	lbu	a5,0(a0)
    80000e42:	feb78de3          	beq	a5,a1,80000e3c <memchr+0xc>
    80000e46:	0505                	addi	a0,a0,1
    80000e48:	b7fd                	j	80000e36 <memchr+0x6>

0000000080000e4a <__localeconv_l>:
    80000e4a:	10050513          	addi	a0,a0,256
    80000e4e:	8082                	ret

0000000080000e50 <_localeconv_r>:
    80000e50:	00004517          	auipc	a0,0x4
    80000e54:	b2850513          	addi	a0,a0,-1240 # 80004978 <__global_locale+0x100>
    80000e58:	8082                	ret

0000000080000e5a <localeconv>:
    80000e5a:	00004517          	auipc	a0,0x4
    80000e5e:	b1e50513          	addi	a0,a0,-1250 # 80004978 <__global_locale+0x100>
    80000e62:	8082                	ret

0000000080000e64 <strlen>:
    80000e64:	87aa                	mv	a5,a0
    80000e66:	0007c703          	lbu	a4,0(a5)
    80000e6a:	0785                	addi	a5,a5,1
    80000e6c:	ff6d                	bnez	a4,80000e66 <strlen+0x2>
    80000e6e:	40a78533          	sub	a0,a5,a0
    80000e72:	157d                	addi	a0,a0,-1
    80000e74:	8082                	ret

0000000080000e76 <quorem>:
    80000e76:	7139                	addi	sp,sp,-64
    80000e78:	f822                	sd	s0,48(sp)
    80000e7a:	495c                	lw	a5,20(a0)
    80000e7c:	49c0                	lw	s0,20(a1)
    80000e7e:	fc06                	sd	ra,56(sp)
    80000e80:	f426                	sd	s1,40(sp)
    80000e82:	f04a                	sd	s2,32(sp)
    80000e84:	ec4e                	sd	s3,24(sp)
    80000e86:	e852                	sd	s4,16(sp)
    80000e88:	e456                	sd	s5,8(sp)
    80000e8a:	e05a                	sd	s6,0(sp)
    80000e8c:	1287c963          	blt	a5,s0,80000fbe <quorem+0x148>
    80000e90:	347d                	addiw	s0,s0,-1
    80000e92:	00241613          	slli	a2,s0,0x2
    80000e96:	01858a93          	addi	s5,a1,24
    80000e9a:	00ca8a33          	add	s4,s5,a2
    80000e9e:	01850993          	addi	s3,a0,24
    80000ea2:	000a2483          	lw	s1,0(s4)
    80000ea6:	964e                	add	a2,a2,s3
    80000ea8:	421c                	lw	a5,0(a2)
    80000eaa:	0014871b          	addiw	a4,s1,1
    80000eae:	892a                	mv	s2,a0
    80000eb0:	02e7db3b          	divuw	s6,a5,a4
    80000eb4:	84da                	mv	s1,s6
    80000eb6:	06e7e863          	bltu	a5,a4,80000f26 <quorem+0xb0>
    80000eba:	6541                	lui	a0,0x10
    80000ebc:	834e                	mv	t1,s3
    80000ebe:	88d6                	mv	a7,s5
    80000ec0:	4e01                	li	t3,0
    80000ec2:	4e81                	li	t4,0
    80000ec4:	157d                	addi	a0,a0,-1 # ffff <__stack_size+0x7fff>
    80000ec6:	0008a703          	lw	a4,0(a7)
    80000eca:	0891                	addi	a7,a7,4
    80000ecc:	0311                	addi	t1,t1,4
    80000ece:	00a77833          	and	a6,a4,a0
    80000ed2:	0368083b          	mulw	a6,a6,s6
    80000ed6:	0107571b          	srliw	a4,a4,0x10
    80000eda:	0367073b          	mulw	a4,a4,s6
    80000ede:	01c8083b          	addw	a6,a6,t3
    80000ee2:	0108579b          	srliw	a5,a6,0x10
    80000ee6:	01057833          	and	a6,a0,a6
    80000eea:	9f3d                	addw	a4,a4,a5
    80000eec:	ffc32783          	lw	a5,-4(t1)
    80000ef0:	01075e1b          	srliw	t3,a4,0x10
    80000ef4:	8f69                	and	a4,a4,a0
    80000ef6:	00a7f6b3          	and	a3,a5,a0
    80000efa:	410686bb          	subw	a3,a3,a6
    80000efe:	01d686bb          	addw	a3,a3,t4
    80000f02:	0107d79b          	srliw	a5,a5,0x10
    80000f06:	9f99                	subw	a5,a5,a4
    80000f08:	4106d71b          	sraiw	a4,a3,0x10
    80000f0c:	9fb9                	addw	a5,a5,a4
    80000f0e:	4107de9b          	sraiw	t4,a5,0x10
    80000f12:	8ee9                	and	a3,a3,a0
    80000f14:	0107979b          	slliw	a5,a5,0x10
    80000f18:	8edd                	or	a3,a3,a5
    80000f1a:	fed32e23          	sw	a3,-4(t1)
    80000f1e:	fb1a74e3          	bgeu	s4,a7,80000ec6 <quorem+0x50>
    80000f22:	421c                	lw	a5,0(a2)
    80000f24:	cfb5                	beqz	a5,80000fa0 <quorem+0x12a>
    80000f26:	854a                	mv	a0,s2
    80000f28:	416010ef          	jal	8000233e <__mcmp>
    80000f2c:	04054b63          	bltz	a0,80000f82 <quorem+0x10c>
    80000f30:	6641                	lui	a2,0x10
    80000f32:	85ce                	mv	a1,s3
    80000f34:	86d6                	mv	a3,s5
    80000f36:	4801                	li	a6,0
    80000f38:	167d                	addi	a2,a2,-1 # ffff <__stack_size+0x7fff>
    80000f3a:	4288                	lw	a0,0(a3)
    80000f3c:	419c                	lw	a5,0(a1)
    80000f3e:	0691                	addi	a3,a3,4
    80000f40:	00c578b3          	and	a7,a0,a2
    80000f44:	00c7f733          	and	a4,a5,a2
    80000f48:	4117073b          	subw	a4,a4,a7
    80000f4c:	0107073b          	addw	a4,a4,a6
    80000f50:	0105551b          	srliw	a0,a0,0x10
    80000f54:	0107d79b          	srliw	a5,a5,0x10
    80000f58:	9f89                	subw	a5,a5,a0
    80000f5a:	4107551b          	sraiw	a0,a4,0x10
    80000f5e:	9fa9                	addw	a5,a5,a0
    80000f60:	4107d81b          	sraiw	a6,a5,0x10
    80000f64:	8f71                	and	a4,a4,a2
    80000f66:	0107979b          	slliw	a5,a5,0x10
    80000f6a:	8f5d                	or	a4,a4,a5
    80000f6c:	c198                	sw	a4,0(a1)
    80000f6e:	0591                	addi	a1,a1,4
    80000f70:	fcda75e3          	bgeu	s4,a3,80000f3a <quorem+0xc4>
    80000f74:	00241793          	slli	a5,s0,0x2
    80000f78:	97ce                	add	a5,a5,s3
    80000f7a:	4398                	lw	a4,0(a5)
    80000f7c:	cb1d                	beqz	a4,80000fb2 <quorem+0x13c>
    80000f7e:	00148b1b          	addiw	s6,s1,1
    80000f82:	000b051b          	sext.w	a0,s6
    80000f86:	70e2                	ld	ra,56(sp)
    80000f88:	7442                	ld	s0,48(sp)
    80000f8a:	74a2                	ld	s1,40(sp)
    80000f8c:	7902                	ld	s2,32(sp)
    80000f8e:	69e2                	ld	s3,24(sp)
    80000f90:	6a42                	ld	s4,16(sp)
    80000f92:	6aa2                	ld	s5,8(sp)
    80000f94:	6b02                	ld	s6,0(sp)
    80000f96:	6121                	addi	sp,sp,64
    80000f98:	8082                	ret
    80000f9a:	421c                	lw	a5,0(a2)
    80000f9c:	e789                	bnez	a5,80000fa6 <quorem+0x130>
    80000f9e:	347d                	addiw	s0,s0,-1
    80000fa0:	1671                	addi	a2,a2,-4
    80000fa2:	fec9ece3          	bltu	s3,a2,80000f9a <quorem+0x124>
    80000fa6:	00892a23          	sw	s0,20(s2)
    80000faa:	bfb5                	j	80000f26 <quorem+0xb0>
    80000fac:	4398                	lw	a4,0(a5)
    80000fae:	e709                	bnez	a4,80000fb8 <quorem+0x142>
    80000fb0:	347d                	addiw	s0,s0,-1
    80000fb2:	17f1                	addi	a5,a5,-4
    80000fb4:	fef9ece3          	bltu	s3,a5,80000fac <quorem+0x136>
    80000fb8:	00892a23          	sw	s0,20(s2)
    80000fbc:	b7c9                	j	80000f7e <quorem+0x108>
    80000fbe:	4501                	li	a0,0
    80000fc0:	b7d9                	j	80000f86 <quorem+0x110>

0000000080000fc2 <_dtoa_r>:
    80000fc2:	7155                	addi	sp,sp,-208
    80000fc4:	f54e                	sd	s3,168(sp)
    80000fc6:	e20509d3          	fmv.x.d	s3,fa0
    80000fca:	f43e                	sd	a5,40(sp)
    80000fcc:	7d1c                	ld	a5,56(a0)
    80000fce:	e1a2                	sd	s0,192(sp)
    80000fd0:	e55e                	sd	s7,136(sp)
    80000fd2:	e586                	sd	ra,200(sp)
    80000fd4:	fd26                	sd	s1,184(sp)
    80000fd6:	f94a                	sd	s2,176(sp)
    80000fd8:	f152                	sd	s4,160(sp)
    80000fda:	ed56                	sd	s5,152(sp)
    80000fdc:	e95a                	sd	s6,144(sp)
    80000fde:	e162                	sd	s8,128(sp)
    80000fe0:	fce6                	sd	s9,120(sp)
    80000fe2:	f8ea                	sd	s10,112(sp)
    80000fe4:	f4ee                	sd	s11,104(sp)
    80000fe6:	e42a                	sd	a0,8(sp)
    80000fe8:	f032                	sd	a2,32(sp)
    80000fea:	e4b6                	sd	a3,72(sp)
    80000fec:	ec4e                	sd	s3,24(sp)
    80000fee:	8bae                	mv	s7,a1
    80000ff0:	843a                	mv	s0,a4
    80000ff2:	ef8d                	bnez	a5,8000102c <_dtoa_r+0x6a>
    80000ff4:	02000513          	li	a0,32
    80000ff8:	295000ef          	jal	80001a8c <malloc>
    80000ffc:	67a2                	ld	a5,8(sp)
    80000ffe:	ff88                	sd	a0,56(a5)
    80001000:	ed11                	bnez	a0,8000101c <_dtoa_r+0x5a>
    80001002:	00003697          	auipc	a3,0x3
    80001006:	29668693          	addi	a3,a3,662 # 80004298 <__tbss_end+0x9a>
    8000100a:	4601                	li	a2,0
    8000100c:	0ef00593          	li	a1,239
    80001010:	00003517          	auipc	a0,0x3
    80001014:	2a050513          	addi	a0,a0,672 # 800042b0 <__tbss_end+0xb2>
    80001018:	54c020ef          	jal	80003564 <__assert_func>
    8000101c:	00052423          	sw	zero,8(a0)
    80001020:	00053823          	sd	zero,16(a0)
    80001024:	00053023          	sd	zero,0(a0)
    80001028:	00053c23          	sd	zero,24(a0)
    8000102c:	67a2                	ld	a5,8(sp)
    8000102e:	7f9c                	ld	a5,56(a5)
    80001030:	638c                	ld	a1,0(a5)
    80001032:	cd91                	beqz	a1,8000104e <_dtoa_r+0x8c>
    80001034:	4798                	lw	a4,8(a5)
    80001036:	6522                	ld	a0,8(sp)
    80001038:	4785                	li	a5,1
    8000103a:	00e797bb          	sllw	a5,a5,a4
    8000103e:	c5dc                	sw	a5,12(a1)
    80001040:	c598                	sw	a4,8(a1)
    80001042:	49f000ef          	jal	80001ce0 <_Bfree>
    80001046:	67a2                	ld	a5,8(sp)
    80001048:	7f9c                	ld	a5,56(a5)
    8000104a:	0007b023          	sd	zero,0(a5)
    8000104e:	4209d793          	srai	a5,s3,0x20
    80001052:	0409dd63          	bgez	s3,800010ac <_dtoa_r+0xea>
    80001056:	4705                	li	a4,1
    80001058:	c018                	sw	a4,0(s0)
    8000105a:	577d                	li	a4,-1
    8000105c:	1786                	slli	a5,a5,0x21
    8000105e:	9301                	srli	a4,a4,0x20
    80001060:	8385                	srli	a5,a5,0x1
    80001062:	01377733          	and	a4,a4,s3
    80001066:	8fd9                	or	a5,a5,a4
    80001068:	ec3e                	sd	a5,24(sp)
    8000106a:	67e2                	ld	a5,24(sp)
    8000106c:	7ff00737          	lui	a4,0x7ff00
    80001070:	4207da13          	srai	s4,a5,0x20
    80001074:	7ff007b7          	lui	a5,0x7ff00
    80001078:	00fa77b3          	and	a5,s4,a5
    8000107c:	02e79b63          	bne	a5,a4,800010b2 <_dtoa_r+0xf0>
    80001080:	6726                	ld	a4,72(sp)
    80001082:	6789                	lui	a5,0x2
    80001084:	70f78793          	addi	a5,a5,1807 # 270f <__stack_align+0x26ff>
    80001088:	c31c                	sw	a5,0(a4)
    8000108a:	67e2                	ld	a5,24(sp)
    8000108c:	07b2                	slli	a5,a5,0xc
    8000108e:	180783e3          	beqz	a5,80001a14 <_dtoa_r+0xa52>
    80001092:	77a2                	ld	a5,40(sp)
    80001094:	00003997          	auipc	s3,0x3
    80001098:	1fc98993          	addi	s3,s3,508 # 80004290 <__tbss_end+0x92>
    8000109c:	180788e3          	beqz	a5,80001a2c <_dtoa_r+0xa6a>
    800010a0:	00003797          	auipc	a5,0x3
    800010a4:	1f378793          	addi	a5,a5,499 # 80004293 <__tbss_end+0x95>
    800010a8:	1810006f          	j	80001a28 <_dtoa_r+0xa66>
    800010ac:	00042023          	sw	zero,0(s0)
    800010b0:	bf6d                	j	8000106a <_dtoa_r+0xa8>
    800010b2:	6962                	ld	s2,24(sp)
    800010b4:	f20007d3          	fmv.d.x	fa5,zero
    800010b8:	f2090753          	fmv.d.x	fa4,s2
    800010bc:	a2f727d3          	feq.d	a5,fa4,fa5
    800010c0:	c395                	beqz	a5,800010e4 <_dtoa_r+0x122>
    800010c2:	6726                	ld	a4,72(sp)
    800010c4:	4785                	li	a5,1
    800010c6:	c31c                	sw	a5,0(a4)
    800010c8:	77a2                	ld	a5,40(sp)
    800010ca:	c799                	beqz	a5,800010d8 <_dtoa_r+0x116>
    800010cc:	7722                	ld	a4,40(sp)
    800010ce:	00003797          	auipc	a5,0x3
    800010d2:	17b78793          	addi	a5,a5,379 # 80004249 <__tbss_end+0x4b>
    800010d6:	e31c                	sd	a5,0(a4)
    800010d8:	00003997          	auipc	s3,0x3
    800010dc:	17098993          	addi	s3,s3,368 # 80004248 <__tbss_end+0x4a>
    800010e0:	14d0006f          	j	80001a2c <_dtoa_r+0xa6a>
    800010e4:	2562                	fld	fa0,24(sp)
    800010e6:	6522                	ld	a0,8(sp)
    800010e8:	08b0                	addi	a2,sp,88
    800010ea:	08ec                	addi	a1,sp,92
    800010ec:	526010ef          	jal	80002612 <__d2b>
    800010f0:	014a579b          	srliw	a5,s4,0x14
    800010f4:	e82a                	sd	a0,16(sp)
    800010f6:	7ff7f793          	andi	a5,a5,2047
    800010fa:	4666                	lw	a2,88(sp)
    800010fc:	cfed                	beqz	a5,800011f6 <_dtoa_r+0x234>
    800010fe:	00c91713          	slli	a4,s2,0xc
    80001102:	65e2                	ld	a1,24(sp)
    80001104:	9331                	srli	a4,a4,0x2c
    80001106:	3ff006b7          	lui	a3,0x3ff00
    8000110a:	8f55                	or	a4,a4,a3
    8000110c:	c017879b          	addiw	a5,a5,-1023
    80001110:	4a01                	li	s4,0
    80001112:	02071693          	slli	a3,a4,0x20
    80001116:	577d                	li	a4,-1
    80001118:	9301                	srli	a4,a4,0x20
    8000111a:	8f6d                	and	a4,a4,a1
    8000111c:	8f55                	or	a4,a4,a3
    8000111e:	f2070753          	fmv.d.x	fa4,a4
    80001122:	00004697          	auipc	a3,0x4
    80001126:	9266b787          	fld	fa5,-1754(a3) # 80004a48 <__atexit_dummy+0x10>
    8000112a:	00004717          	auipc	a4,0x4
    8000112e:	92673687          	fld	fa3,-1754(a4) # 80004a50 <__atexit_dummy+0x18>
    80001132:	0af777d3          	fsub.d	fa5,fa4,fa5
    80001136:	00004717          	auipc	a4,0x4
    8000113a:	92273707          	fld	fa4,-1758(a4) # 80004a58 <__atexit_dummy+0x20>
    8000113e:	72d7f7c3          	fmadd.d	fa5,fa5,fa3,fa4
    80001142:	d2078753          	fcvt.d.w	fa4,a5
    80001146:	00004717          	auipc	a4,0x4
    8000114a:	91a73687          	fld	fa3,-1766(a4) # 80004a60 <__atexit_dummy+0x28>
    8000114e:	7ad777c3          	fmadd.d	fa5,fa4,fa3,fa5
    80001152:	f2000753          	fmv.d.x	fa4,zero
    80001156:	c20796d3          	fcvt.w.d	a3,fa5,rtz
    8000115a:	a2e795d3          	flt.d	a1,fa5,fa4
    8000115e:	0006849b          	sext.w	s1,a3
    80001162:	c981                	beqz	a1,80001172 <_dtoa_r+0x1b0>
    80001164:	d2068753          	fcvt.d.w	fa4,a3
    80001168:	a2f725d3          	feq.d	a1,fa4,fa5
    8000116c:	e199                	bnez	a1,80001172 <_dtoa_r+0x1b0>
    8000116e:	fff6849b          	addiw	s1,a3,-1
    80001172:	4705                	li	a4,1
    80001174:	0004869b          	sext.w	a3,s1
    80001178:	45d9                	li	a1,22
    8000117a:	fc3a                	sd	a4,56(sp)
    8000117c:	02d5e163          	bltu	a1,a3,8000119e <_dtoa_r+0x1dc>
    80001180:	00349593          	slli	a1,s1,0x3
    80001184:	00003697          	auipc	a3,0x3
    80001188:	40468693          	addi	a3,a3,1028 # 80004588 <__mprec_tens>
    8000118c:	96ae                	add	a3,a3,a1
    8000118e:	229c                	fld	fa5,0(a3)
    80001190:	f2090753          	fmv.d.x	fa4,s2
    80001194:	a2f716d3          	flt.d	a3,fa4,fa5
    80001198:	c291                	beqz	a3,8000119c <_dtoa_r+0x1da>
    8000119a:	34fd                	addiw	s1,s1,-1
    8000119c:	fc02                	sd	zero,56(sp)
    8000119e:	9e1d                	subw	a2,a2,a5
    800011a0:	fff60d1b          	addiw	s10,a2,-1
    800011a4:	4401                	li	s0,0
    800011a6:	000d5663          	bgez	s10,800011b2 <_dtoa_r+0x1f0>
    800011aa:	4685                	li	a3,1
    800011ac:	40c6843b          	subw	s0,a3,a2
    800011b0:	4d01                	li	s10,0
    800011b2:	0804ca63          	bltz	s1,80001246 <_dtoa_r+0x284>
    800011b6:	01a48d3b          	addw	s10,s1,s10
    800011ba:	f826                	sd	s1,48(sp)
    800011bc:	4881                	li	a7,0
    800011be:	47a5                	li	a5,9
    800011c0:	0f77e363          	bltu	a5,s7,800012a6 <_dtoa_r+0x2e4>
    800011c4:	4795                	li	a5,5
    800011c6:	4a85                	li	s5,1
    800011c8:	0177d463          	bge	a5,s7,800011d0 <_dtoa_r+0x20e>
    800011cc:	3bf1                	addiw	s7,s7,-4
    800011ce:	4a81                	li	s5,0
    800011d0:	4791                	li	a5,4
    800011d2:	06fb8f63          	beq	s7,a5,80001250 <_dtoa_r+0x28e>
    800011d6:	4795                	li	a5,5
    800011d8:	0afb8c63          	beq	s7,a5,80001290 <_dtoa_r+0x2ce>
    800011dc:	4789                	li	a5,2
    800011de:	0afb8763          	beq	s7,a5,8000128c <_dtoa_r+0x2ca>
    800011e2:	478d                	li	a5,3
    800011e4:	4d81                	li	s11,0
    800011e6:	0afb8663          	beq	s7,a5,80001292 <_dtoa_r+0x2d0>
    800011ea:	4d85                	li	s11,1
    800011ec:	5cfd                	li	s9,-1
    800011ee:	5b7d                	li	s6,-1
    800011f0:	47c9                	li	a5,18
    800011f2:	f002                	sd	zero,32(sp)
    800011f4:	a0a5                	j	8000125c <_dtoa_r+0x29a>
    800011f6:	47f6                	lw	a5,92(sp)
    800011f8:	02000713          	li	a4,32
    800011fc:	2981                	sext.w	s3,s3
    800011fe:	9fb1                	addw	a5,a5,a2
    80001200:	4327859b          	addiw	a1,a5,1074
    80001204:	02b75b63          	bge	a4,a1,8000123a <_dtoa_r+0x278>
    80001208:	04000713          	li	a4,64
    8000120c:	9f0d                	subw	a4,a4,a1
    8000120e:	00ea1a3b          	sllw	s4,s4,a4
    80001212:	4127871b          	addiw	a4,a5,1042
    80001216:	00e9d9bb          	srlw	s3,s3,a4
    8000121a:	013a6a33          	or	s4,s4,s3
    8000121e:	000a099b          	sext.w	s3,s4
    80001222:	d21987d3          	fcvt.d.wu	fa5,s3
    80001226:	fe100737          	lui	a4,0xfe100
    8000122a:	37fd                	addiw	a5,a5,-1
    8000122c:	e20785d3          	fmv.x.d	a1,fa5
    80001230:	4a05                	li	s4,1
    80001232:	0205d693          	srli	a3,a1,0x20
    80001236:	9f35                	addw	a4,a4,a3
    80001238:	bde9                	j	80001112 <_dtoa_r+0x150>
    8000123a:	02000713          	li	a4,32
    8000123e:	9f0d                	subw	a4,a4,a1
    80001240:	00e999bb          	sllw	s3,s3,a4
    80001244:	bff9                	j	80001222 <_dtoa_r+0x260>
    80001246:	9c05                	subw	s0,s0,s1
    80001248:	409008bb          	negw	a7,s1
    8000124c:	f802                	sd	zero,48(sp)
    8000124e:	bf85                	j	800011be <_dtoa_r+0x1fc>
    80001250:	4d85                	li	s11,1
    80001252:	7782                	ld	a5,32(sp)
    80001254:	04f05c63          	blez	a5,800012ac <_dtoa_r+0x2ea>
    80001258:	8cbe                	mv	s9,a5
    8000125a:	8b3e                	mv	s6,a5
    8000125c:	6722                	ld	a4,8(sp)
    8000125e:	4581                	li	a1,0
    80001260:	4611                	li	a2,4
    80001262:	7f08                	ld	a0,56(a4)
    80001264:	01c60313          	addi	t1,a2,28
    80001268:	0467f863          	bgeu	a5,t1,800012b8 <_dtoa_r+0x2f6>
    8000126c:	c50c                	sw	a1,8(a0)
    8000126e:	6522                	ld	a0,8(sp)
    80001270:	e0c6                	sd	a7,64(sp)
    80001272:	1c3000ef          	jal	80001c34 <_Balloc>
    80001276:	6886                	ld	a7,64(sp)
    80001278:	89aa                	mv	s3,a0
    8000127a:	e139                	bnez	a0,800012c0 <_dtoa_r+0x2fe>
    8000127c:	00003697          	auipc	a3,0x3
    80001280:	0bc68693          	addi	a3,a3,188 # 80004338 <__tbss_end+0x13a>
    80001284:	4601                	li	a2,0
    80001286:	1af00593          	li	a1,431
    8000128a:	b359                	j	80001010 <_dtoa_r+0x4e>
    8000128c:	4d81                	li	s11,0
    8000128e:	b7d1                	j	80001252 <_dtoa_r+0x290>
    80001290:	4d85                	li	s11,1
    80001292:	7782                	ld	a5,32(sp)
    80001294:	00f48cbb          	addw	s9,s1,a5
    80001298:	001c8b1b          	addiw	s6,s9,1
    8000129c:	87da                	mv	a5,s6
    8000129e:	fb604fe3          	bgtz	s6,8000125c <_dtoa_r+0x29a>
    800012a2:	4785                	li	a5,1
    800012a4:	bf65                	j	8000125c <_dtoa_r+0x29a>
    800012a6:	4a85                	li	s5,1
    800012a8:	4b81                	li	s7,0
    800012aa:	b781                	j	800011ea <_dtoa_r+0x228>
    800012ac:	4705                	li	a4,1
    800012ae:	4c85                	li	s9,1
    800012b0:	4b05                	li	s6,1
    800012b2:	4785                	li	a5,1
    800012b4:	f03a                	sd	a4,32(sp)
    800012b6:	b75d                	j	8000125c <_dtoa_r+0x29a>
    800012b8:	2585                	addiw	a1,a1,1
    800012ba:	0016161b          	slliw	a2,a2,0x1
    800012be:	b75d                	j	80001264 <_dtoa_r+0x2a2>
    800012c0:	67a2                	ld	a5,8(sp)
    800012c2:	4639                	li	a2,14
    800012c4:	7f9c                	ld	a5,56(a5)
    800012c6:	e388                	sd	a0,0(a5)
    800012c8:	000b079b          	sext.w	a5,s6
    800012cc:	0cf66e63          	bltu	a2,a5,800013a8 <_dtoa_r+0x3e6>
    800012d0:	0c0a8c63          	beqz	s5,800013a8 <_dtoa_r+0x3e6>
    800012d4:	14905e63          	blez	s1,80001430 <_dtoa_r+0x46e>
    800012d8:	00f4f613          	andi	a2,s1,15
    800012dc:	060e                	slli	a2,a2,0x3
    800012de:	00003797          	auipc	a5,0x3
    800012e2:	2aa78793          	addi	a5,a5,682 # 80004588 <__mprec_tens>
    800012e6:	97b2                	add	a5,a5,a2
    800012e8:	239c                	fld	fa5,0(a5)
    800012ea:	4044d79b          	sraiw	a5,s1,0x4
    800012ee:	0107f613          	andi	a2,a5,16
    800012f2:	4509                	li	a0,2
    800012f4:	ce01                	beqz	a2,8000130c <_dtoa_r+0x34a>
    800012f6:	f20906d3          	fmv.d.x	fa3,s2
    800012fa:	00003717          	auipc	a4,0x3
    800012fe:	28673707          	fld	fa4,646(a4) # 80004580 <__mprec_bigtens+0x20>
    80001302:	8bbd                	andi	a5,a5,15
    80001304:	1ae6f753          	fdiv.d	fa4,fa3,fa4
    80001308:	450d                	li	a0,3
    8000130a:	ac3a                	fsd	fa4,24(sp)
    8000130c:	00003617          	auipc	a2,0x3
    80001310:	25460613          	addi	a2,a2,596 # 80004560 <__mprec_bigtens>
    80001314:	10079463          	bnez	a5,8000141c <_dtoa_r+0x45a>
    80001318:	2762                	fld	fa4,24(sp)
    8000131a:	1af777d3          	fdiv.d	fa5,fa4,fa5
    8000131e:	ac3e                	fsd	fa5,24(sp)
    80001320:	77e2                	ld	a5,56(sp)
    80001322:	2762                	fld	fa4,24(sp)
    80001324:	16078763          	beqz	a5,80001492 <_dtoa_r+0x4d0>
    80001328:	00003797          	auipc	a5,0x3
    8000132c:	7407b787          	fld	fa5,1856(a5) # 80004a68 <__atexit_dummy+0x30>
    80001330:	a2f717d3          	flt.d	a5,fa4,fa5
    80001334:	14078f63          	beqz	a5,80001492 <_dtoa_r+0x4d0>
    80001338:	160b0063          	beqz	s6,80001498 <_dtoa_r+0x4d6>
    8000133c:	07905563          	blez	s9,800013a6 <_dtoa_r+0x3e4>
    80001340:	00003797          	auipc	a5,0x3
    80001344:	7307b787          	fld	fa5,1840(a5) # 80004a70 <__atexit_dummy+0x38>
    80001348:	12f777d3          	fmul.d	fa5,fa4,fa5
    8000134c:	fff48a9b          	addiw	s5,s1,-1
    80001350:	2505                	addiw	a0,a0,1
    80001352:	85e6                	mv	a1,s9
    80001354:	ac3e                	fsd	fa5,24(sp)
    80001356:	d2050753          	fcvt.d.w	fa4,a0
    8000135a:	27e2                	fld	fa5,24(sp)
    8000135c:	00003797          	auipc	a5,0x3
    80001360:	71c7b687          	fld	fa3,1820(a5) # 80004a78 <__atexit_dummy+0x40>
    80001364:	fcc00637          	lui	a2,0xfcc00
    80001368:	6af77743          	fmadd.d	fa4,fa4,fa5,fa3
    8000136c:	e2070553          	fmv.x.d	a0,fa4
    80001370:	02055793          	srli	a5,a0,0x20
    80001374:	9e3d                	addw	a2,a2,a5
    80001376:	57fd                	li	a5,-1
    80001378:	9381                	srli	a5,a5,0x20
    8000137a:	1602                	slli	a2,a2,0x20
    8000137c:	8fe9                	and	a5,a5,a0
    8000137e:	8fd1                	or	a5,a5,a2
    80001380:	10059f63          	bnez	a1,8000149e <_dtoa_r+0x4dc>
    80001384:	00003717          	auipc	a4,0x3
    80001388:	6fc73707          	fld	fa4,1788(a4) # 80004a80 <__atexit_dummy+0x48>
    8000138c:	0ae7f753          	fsub.d	fa4,fa5,fa4
    80001390:	f20787d3          	fmv.d.x	fa5,a5
    80001394:	a2e79653          	flt.d	a2,fa5,fa4
    80001398:	48061a63          	bnez	a2,8000182c <_dtoa_r+0x86a>
    8000139c:	22f797d3          	fneg.d	fa5,fa5
    800013a0:	a2f717d3          	flt.d	a5,fa4,fa5
    800013a4:	e3b1                	bnez	a5,800013e8 <_dtoa_r+0x426>
    800013a6:	ec4a                	sd	s2,24(sp)
    800013a8:	47f6                	lw	a5,92(sp)
    800013aa:	2807c263          	bltz	a5,8000162e <_dtoa_r+0x66c>
    800013ae:	4639                	li	a2,14
    800013b0:	26964f63          	blt	a2,s1,8000162e <_dtoa_r+0x66c>
    800013b4:	00349693          	slli	a3,s1,0x3
    800013b8:	00003797          	auipc	a5,0x3
    800013bc:	1d078793          	addi	a5,a5,464 # 80004588 <__mprec_tens>
    800013c0:	97b6                	add	a5,a5,a3
    800013c2:	2398                	fld	fa4,0(a5)
    800013c4:	7782                	ld	a5,32(sp)
    800013c6:	1c07d163          	bgez	a5,80001588 <_dtoa_r+0x5c6>
    800013ca:	1b604f63          	bgtz	s6,80001588 <_dtoa_r+0x5c6>
    800013ce:	000b1d63          	bnez	s6,800013e8 <_dtoa_r+0x426>
    800013d2:	00003797          	auipc	a5,0x3
    800013d6:	6ae7b787          	fld	fa5,1710(a5) # 80004a80 <__atexit_dummy+0x48>
    800013da:	12f77753          	fmul.d	fa4,fa4,fa5
    800013de:	27e2                	fld	fa5,24(sp)
    800013e0:	a2e787d3          	fle.d	a5,fa5,fa4
    800013e4:	44078363          	beqz	a5,8000182a <_dtoa_r+0x868>
    800013e8:	4a01                	li	s4,0
    800013ea:	4901                	li	s2,0
    800013ec:	7782                	ld	a5,32(sp)
    800013ee:	8c4e                	mv	s8,s3
    800013f0:	fff7ca93          	not	s5,a5
    800013f4:	4b01                	li	s6,0
    800013f6:	6522                	ld	a0,8(sp)
    800013f8:	85d2                	mv	a1,s4
    800013fa:	0e7000ef          	jal	80001ce0 <_Bfree>
    800013fe:	18090063          	beqz	s2,8000157e <_dtoa_r+0x5bc>
    80001402:	000b0863          	beqz	s6,80001412 <_dtoa_r+0x450>
    80001406:	012b0663          	beq	s6,s2,80001412 <_dtoa_r+0x450>
    8000140a:	6522                	ld	a0,8(sp)
    8000140c:	85da                	mv	a1,s6
    8000140e:	0d3000ef          	jal	80001ce0 <_Bfree>
    80001412:	6522                	ld	a0,8(sp)
    80001414:	85ca                	mv	a1,s2
    80001416:	0cb000ef          	jal	80001ce0 <_Bfree>
    8000141a:	a295                	j	8000157e <_dtoa_r+0x5bc>
    8000141c:	0017f593          	andi	a1,a5,1
    80001420:	c589                	beqz	a1,8000142a <_dtoa_r+0x468>
    80001422:	2218                	fld	fa4,0(a2)
    80001424:	2505                	addiw	a0,a0,1
    80001426:	12e7f7d3          	fmul.d	fa5,fa5,fa4
    8000142a:	8785                	srai	a5,a5,0x1
    8000142c:	0621                	addi	a2,a2,8 # fffffffffcc00008 <__heap_end+0xffffffff7cbdb008>
    8000142e:	b5dd                	j	80001314 <_dtoa_r+0x352>
    80001430:	4509                	li	a0,2
    80001432:	ee0487e3          	beqz	s1,80001320 <_dtoa_r+0x35e>
    80001436:	409007bb          	negw	a5,s1
    8000143a:	00f7f593          	andi	a1,a5,15
    8000143e:	058e                	slli	a1,a1,0x3
    80001440:	00003617          	auipc	a2,0x3
    80001444:	14860613          	addi	a2,a2,328 # 80004588 <__mprec_tens>
    80001448:	962e                	add	a2,a2,a1
    8000144a:	221c                	fld	fa5,0(a2)
    8000144c:	f2090753          	fmv.d.x	fa4,s2
    80001450:	4047d79b          	sraiw	a5,a5,0x4
    80001454:	00003597          	auipc	a1,0x3
    80001458:	10c58593          	addi	a1,a1,268 # 80004560 <__mprec_bigtens>
    8000145c:	12f777d3          	fmul.d	fa5,fa4,fa5
    80001460:	4301                	li	t1,0
    80001462:	e2078653          	fmv.x.d	a2,fa5
    80001466:	ec32                	sd	a2,24(sp)
    80001468:	e789                	bnez	a5,80001472 <_dtoa_r+0x4b0>
    8000146a:	ea030be3          	beqz	t1,80001320 <_dtoa_r+0x35e>
    8000146e:	ec32                	sd	a2,24(sp)
    80001470:	bd45                	j	80001320 <_dtoa_r+0x35e>
    80001472:	0017fe13          	andi	t3,a5,1
    80001476:	000e0b63          	beqz	t3,8000148c <_dtoa_r+0x4ca>
    8000147a:	f2060753          	fmv.d.x	fa4,a2
    8000147e:	219c                	fld	fa5,0(a1)
    80001480:	2505                	addiw	a0,a0,1
    80001482:	4305                	li	t1,1
    80001484:	12f777d3          	fmul.d	fa5,fa4,fa5
    80001488:	e2078653          	fmv.x.d	a2,fa5
    8000148c:	8785                	srai	a5,a5,0x1
    8000148e:	05a1                	addi	a1,a1,8
    80001490:	bfe1                	j	80001468 <_dtoa_r+0x4a6>
    80001492:	8aa6                	mv	s5,s1
    80001494:	85da                	mv	a1,s6
    80001496:	b5c1                	j	80001356 <_dtoa_r+0x394>
    80001498:	8aa6                	mv	s5,s1
    8000149a:	4581                	li	a1,0
    8000149c:	bd6d                	j	80001356 <_dtoa_r+0x394>
    8000149e:	fff5851b          	addiw	a0,a1,-1
    800014a2:	050e                	slli	a0,a0,0x3
    800014a4:	00003617          	auipc	a2,0x3
    800014a8:	0e460613          	addi	a2,a2,228 # 80004588 <__mprec_tens>
    800014ac:	962a                	add	a2,a2,a0
    800014ae:	2214                	fld	fa3,0(a2)
    800014b0:	060d8163          	beqz	s11,80001512 <_dtoa_r+0x550>
    800014b4:	00003717          	auipc	a4,0x3
    800014b8:	5d473707          	fld	fa4,1492(a4) # 80004a88 <__atexit_dummy+0x50>
    800014bc:	1ad77753          	fdiv.d	fa4,fa4,fa3
    800014c0:	f20786d3          	fmv.d.x	fa3,a5
    800014c4:	8c4e                	mv	s8,s3
    800014c6:	00003797          	auipc	a5,0x3
    800014ca:	5a27b607          	fld	fa2,1442(a5) # 80004a68 <__atexit_dummy+0x30>
    800014ce:	0ad77753          	fsub.d	fa4,fa4,fa3
    800014d2:	00003797          	auipc	a5,0x3
    800014d6:	59e7b687          	fld	fa3,1438(a5) # 80004a70 <__atexit_dummy+0x38>
    800014da:	c2079653          	fcvt.w.d	a2,fa5,rtz
    800014de:	0c05                	addi	s8,s8,1
    800014e0:	d20605d3          	fcvt.d.w	fa1,a2
    800014e4:	0306061b          	addiw	a2,a2,48
    800014e8:	fecc0fa3          	sb	a2,-1(s8)
    800014ec:	0ab7f7d3          	fsub.d	fa5,fa5,fa1
    800014f0:	a2e79653          	flt.d	a2,fa5,fa4
    800014f4:	e649                	bnez	a2,8000157e <_dtoa_r+0x5bc>
    800014f6:	0af675d3          	fsub.d	fa1,fa2,fa5
    800014fa:	a2e59653          	flt.d	a2,fa1,fa4
    800014fe:	ee65                	bnez	a2,800015f6 <_dtoa_r+0x634>
    80001500:	413c063b          	subw	a2,s8,s3
    80001504:	eab651e3          	bge	a2,a1,800013a6 <_dtoa_r+0x3e4>
    80001508:	12d77753          	fmul.d	fa4,fa4,fa3
    8000150c:	12d7f7d3          	fmul.d	fa5,fa5,fa3
    80001510:	b7e9                	j	800014da <_dtoa_r+0x518>
    80001512:	f2078753          	fmv.d.x	fa4,a5
    80001516:	4781                	li	a5,0
    80001518:	12e6f753          	fmul.d	fa4,fa3,fa4
    8000151c:	00003717          	auipc	a4,0x3
    80001520:	55473687          	fld	fa3,1364(a4) # 80004a70 <__atexit_dummy+0x38>
    80001524:	c2079653          	fcvt.w.d	a2,fa5,rtz
    80001528:	00f98533          	add	a0,s3,a5
    8000152c:	0785                	addi	a5,a5,1
    8000152e:	d2060653          	fcvt.d.w	fa2,a2
    80001532:	0306061b          	addiw	a2,a2,48
    80001536:	00c50023          	sb	a2,0(a0)
    8000153a:	0007861b          	sext.w	a2,a5
    8000153e:	0ac7f7d3          	fsub.d	fa5,fa5,fa2
    80001542:	04c59063          	bne	a1,a2,80001582 <_dtoa_r+0x5c0>
    80001546:	00003797          	auipc	a5,0x3
    8000154a:	5427b687          	fld	fa3,1346(a5) # 80004a88 <__atexit_dummy+0x50>
    8000154e:	02d77653          	fadd.d	fa2,fa4,fa3
    80001552:	1582                	slli	a1,a1,0x20
    80001554:	9181                	srli	a1,a1,0x20
    80001556:	00b98c33          	add	s8,s3,a1
    8000155a:	a2f61653          	flt.d	a2,fa2,fa5
    8000155e:	ee41                	bnez	a2,800015f6 <_dtoa_r+0x634>
    80001560:	0ae6f6d3          	fsub.d	fa3,fa3,fa4
    80001564:	a2d79653          	flt.d	a2,fa5,fa3
    80001568:	e2060fe3          	beqz	a2,800013a6 <_dtoa_r+0x3e4>
    8000156c:	03000693          	li	a3,48
    80001570:	8762                	mv	a4,s8
    80001572:	fffc4603          	lbu	a2,-1(s8)
    80001576:	1c7d                	addi	s8,s8,-1
    80001578:	fed60ce3          	beq	a2,a3,80001570 <_dtoa_r+0x5ae>
    8000157c:	8c3a                	mv	s8,a4
    8000157e:	84d6                	mv	s1,s5
    80001580:	a891                	j	800015d4 <_dtoa_r+0x612>
    80001582:	12d7f7d3          	fmul.d	fa5,fa5,fa3
    80001586:	bf79                	j	80001524 <_dtoa_r+0x562>
    80001588:	27e2                	fld	fa5,24(sp)
    8000158a:	f20006d3          	fmv.d.x	fa3,zero
    8000158e:	8c4e                	mv	s8,s3
    80001590:	00003797          	auipc	a5,0x3
    80001594:	4e07b607          	fld	fa2,1248(a5) # 80004a70 <__atexit_dummy+0x38>
    80001598:	1ae7f5d3          	fdiv.d	fa1,fa5,fa4
    8000159c:	0c05                	addi	s8,s8,1
    8000159e:	c20596d3          	fcvt.w.d	a3,fa1,rtz
    800015a2:	d20685d3          	fcvt.d.w	fa1,a3
    800015a6:	0006861b          	sext.w	a2,a3
    800015aa:	0306869b          	addiw	a3,a3,48
    800015ae:	fedc0fa3          	sb	a3,-1(s8)
    800015b2:	413c06bb          	subw	a3,s8,s3
    800015b6:	7ae5f7cb          	fnmsub.d	fa5,fa1,fa4,fa5
    800015ba:	07669463          	bne	a3,s6,80001622 <_dtoa_r+0x660>
    800015be:	02f7f7d3          	fadd.d	fa5,fa5,fa5
    800015c2:	a2f716d3          	flt.d	a3,fa4,fa5
    800015c6:	e69d                	bnez	a3,800015f4 <_dtoa_r+0x632>
    800015c8:	a2e7a6d3          	feq.d	a3,fa5,fa4
    800015cc:	c681                	beqz	a3,800015d4 <_dtoa_r+0x612>
    800015ce:	00167693          	andi	a3,a2,1
    800015d2:	e28d                	bnez	a3,800015f4 <_dtoa_r+0x632>
    800015d4:	65c2                	ld	a1,16(sp)
    800015d6:	6522                	ld	a0,8(sp)
    800015d8:	708000ef          	jal	80001ce0 <_Bfree>
    800015dc:	67a6                	ld	a5,72(sp)
    800015de:	000c0023          	sb	zero,0(s8)
    800015e2:	0014871b          	addiw	a4,s1,1
    800015e6:	c398                	sw	a4,0(a5)
    800015e8:	77a2                	ld	a5,40(sp)
    800015ea:	44078163          	beqz	a5,80001a2c <_dtoa_r+0xa6a>
    800015ee:	0187b023          	sd	s8,0(a5)
    800015f2:	a92d                	j	80001a2c <_dtoa_r+0xa6a>
    800015f4:	8aa6                	mv	s5,s1
    800015f6:	8762                	mv	a4,s8
    800015f8:	03900693          	li	a3,57
    800015fc:	8c3a                	mv	s8,a4
    800015fe:	fff74603          	lbu	a2,-1(a4)
    80001602:	177d                	addi	a4,a4,-1
    80001604:	00d61963          	bne	a2,a3,80001616 <_dtoa_r+0x654>
    80001608:	fee99ae3          	bne	s3,a4,800015fc <_dtoa_r+0x63a>
    8000160c:	03000693          	li	a3,48
    80001610:	2a85                	addiw	s5,s5,1
    80001612:	00d98023          	sb	a3,0(s3)
    80001616:	00074683          	lbu	a3,0(a4)
    8000161a:	2685                	addiw	a3,a3,1
    8000161c:	00d70023          	sb	a3,0(a4)
    80001620:	bfb9                	j	8000157e <_dtoa_r+0x5bc>
    80001622:	12c7f7d3          	fmul.d	fa5,fa5,fa2
    80001626:	a2d7a6d3          	feq.d	a3,fa5,fa3
    8000162a:	d6bd                	beqz	a3,80001598 <_dtoa_r+0x5d6>
    8000162c:	b765                	j	800015d4 <_dtoa_r+0x612>
    8000162e:	1a0d8463          	beqz	s11,800017d6 <_dtoa_r+0x814>
    80001632:	4605                	li	a2,1
    80001634:	17764763          	blt	a2,s7,800017a2 <_dtoa_r+0x7e0>
    80001638:	160a0063          	beqz	s4,80001798 <_dtoa_r+0x7d6>
    8000163c:	4337879b          	addiw	a5,a5,1075
    80001640:	8a46                	mv	s4,a7
    80001642:	8c22                	mv	s8,s0
    80001644:	6522                	ld	a0,8(sp)
    80001646:	4585                	li	a1,1
    80001648:	e0c6                	sd	a7,64(sp)
    8000164a:	9c3d                	addw	s0,s0,a5
    8000164c:	01a78d3b          	addw	s10,a5,s10
    80001650:	13d000ef          	jal	80001f8c <__i2b>
    80001654:	6886                	ld	a7,64(sp)
    80001656:	892a                	mv	s2,a0
    80001658:	000c0d63          	beqz	s8,80001672 <_dtoa_r+0x6b0>
    8000165c:	01a05b63          	blez	s10,80001672 <_dtoa_r+0x6b0>
    80001660:	87e2                	mv	a5,s8
    80001662:	018d5363          	bge	s10,s8,80001668 <_dtoa_r+0x6a6>
    80001666:	87ea                	mv	a5,s10
    80001668:	9c1d                	subw	s0,s0,a5
    8000166a:	40fc0c3b          	subw	s8,s8,a5
    8000166e:	40fd0d3b          	subw	s10,s10,a5
    80001672:	04088163          	beqz	a7,800016b4 <_dtoa_r+0x6f2>
    80001676:	160d8463          	beqz	s11,800017de <_dtoa_r+0x81c>
    8000167a:	020a0563          	beqz	s4,800016a4 <_dtoa_r+0x6e2>
    8000167e:	6522                	ld	a0,8(sp)
    80001680:	85ca                	mv	a1,s2
    80001682:	8652                	mv	a2,s4
    80001684:	e0c6                	sd	a7,64(sp)
    80001686:	2d5000ef          	jal	8000215a <__pow5mult>
    8000168a:	85aa                	mv	a1,a0
    8000168c:	6642                	ld	a2,16(sp)
    8000168e:	892a                	mv	s2,a0
    80001690:	6522                	ld	a0,8(sp)
    80001692:	133000ef          	jal	80001fc4 <__multiply>
    80001696:	8aaa                	mv	s5,a0
    80001698:	65c2                	ld	a1,16(sp)
    8000169a:	6522                	ld	a0,8(sp)
    8000169c:	644000ef          	jal	80001ce0 <_Bfree>
    800016a0:	6886                	ld	a7,64(sp)
    800016a2:	e856                	sd	s5,16(sp)
    800016a4:	4148863b          	subw	a2,a7,s4
    800016a8:	c611                	beqz	a2,800016b4 <_dtoa_r+0x6f2>
    800016aa:	65c2                	ld	a1,16(sp)
    800016ac:	6522                	ld	a0,8(sp)
    800016ae:	2ad000ef          	jal	8000215a <__pow5mult>
    800016b2:	e82a                	sd	a0,16(sp)
    800016b4:	6522                	ld	a0,8(sp)
    800016b6:	4585                	li	a1,1
    800016b8:	0d5000ef          	jal	80001f8c <__i2b>
    800016bc:	77c2                	ld	a5,48(sp)
    800016be:	8a2a                	mv	s4,a0
    800016c0:	38078663          	beqz	a5,80001a4c <_dtoa_r+0xa8a>
    800016c4:	85aa                	mv	a1,a0
    800016c6:	6522                	ld	a0,8(sp)
    800016c8:	863e                	mv	a2,a5
    800016ca:	291000ef          	jal	8000215a <__pow5mult>
    800016ce:	4785                	li	a5,1
    800016d0:	e082                	sd	zero,64(sp)
    800016d2:	8a2a                	mv	s4,a0
    800016d4:	0377c463          	blt	a5,s7,800016fc <_dtoa_r+0x73a>
    800016d8:	67e2                	ld	a5,24(sp)
    800016da:	e082                	sd	zero,64(sp)
    800016dc:	07b2                	slli	a5,a5,0xc
    800016de:	ef81                	bnez	a5,800016f6 <_dtoa_r+0x734>
    800016e0:	67e2                	ld	a5,24(sp)
    800016e2:	9381                	srli	a5,a5,0x20
    800016e4:	0147d613          	srli	a2,a5,0x14
    800016e8:	7ff67613          	andi	a2,a2,2047
    800016ec:	c609                	beqz	a2,800016f6 <_dtoa_r+0x734>
    800016ee:	4785                	li	a5,1
    800016f0:	2405                	addiw	s0,s0,1
    800016f2:	2d05                	addiw	s10,s10,1
    800016f4:	e0be                	sd	a5,64(sp)
    800016f6:	77c2                	ld	a5,48(sp)
    800016f8:	4505                	li	a0,1
    800016fa:	cf91                	beqz	a5,80001716 <_dtoa_r+0x754>
    800016fc:	014a2783          	lw	a5,20(s4)
    80001700:	37fd                	addiw	a5,a5,-1
    80001702:	0791                	addi	a5,a5,4
    80001704:	078a                	slli	a5,a5,0x2
    80001706:	97d2                	add	a5,a5,s4
    80001708:	4788                	lw	a0,8(a5)
    8000170a:	7bc000ef          	jal	80001ec6 <__hi0bits>
    8000170e:	02000793          	li	a5,32
    80001712:	40a7853b          	subw	a0,a5,a0
    80001716:	00ad053b          	addw	a0,s10,a0
    8000171a:	897d                	andi	a0,a0,31
    8000171c:	c579                	beqz	a0,800017ea <_dtoa_r+0x828>
    8000171e:	02000793          	li	a5,32
    80001722:	9f89                	subw	a5,a5,a0
    80001724:	4611                	li	a2,4
    80001726:	0af65e63          	bge	a2,a5,800017e2 <_dtoa_r+0x820>
    8000172a:	47f1                	li	a5,28
    8000172c:	9f89                	subw	a5,a5,a0
    8000172e:	9c3d                	addw	s0,s0,a5
    80001730:	01878c3b          	addw	s8,a5,s8
    80001734:	01a78d3b          	addw	s10,a5,s10
    80001738:	00805863          	blez	s0,80001748 <_dtoa_r+0x786>
    8000173c:	65c2                	ld	a1,16(sp)
    8000173e:	6522                	ld	a0,8(sp)
    80001740:	8622                	mv	a2,s0
    80001742:	2f5000ef          	jal	80002236 <__lshift>
    80001746:	e82a                	sd	a0,16(sp)
    80001748:	01a05863          	blez	s10,80001758 <_dtoa_r+0x796>
    8000174c:	6522                	ld	a0,8(sp)
    8000174e:	85d2                	mv	a1,s4
    80001750:	866a                	mv	a2,s10
    80001752:	2e5000ef          	jal	80002236 <__lshift>
    80001756:	8a2a                	mv	s4,a0
    80001758:	77e2                	ld	a5,56(sp)
    8000175a:	cbd1                	beqz	a5,800017ee <_dtoa_r+0x82c>
    8000175c:	6542                	ld	a0,16(sp)
    8000175e:	85d2                	mv	a1,s4
    80001760:	3df000ef          	jal	8000233e <__mcmp>
    80001764:	08055563          	bgez	a0,800017ee <_dtoa_r+0x82c>
    80001768:	65c2                	ld	a1,16(sp)
    8000176a:	6522                	ld	a0,8(sp)
    8000176c:	4681                	li	a3,0
    8000176e:	4629                	li	a2,10
    80001770:	5d2000ef          	jal	80001d42 <__multadd>
    80001774:	e82a                	sd	a0,16(sp)
    80001776:	fff48a9b          	addiw	s5,s1,-1
    8000177a:	2c0d8f63          	beqz	s11,80001a58 <_dtoa_r+0xa96>
    8000177e:	6522                	ld	a0,8(sp)
    80001780:	85ca                	mv	a1,s2
    80001782:	4681                	li	a3,0
    80001784:	4629                	li	a2,10
    80001786:	5bc000ef          	jal	80001d42 <__multadd>
    8000178a:	892a                	mv	s2,a0
    8000178c:	0b904563          	bgtz	s9,80001836 <_dtoa_r+0x874>
    80001790:	4789                	li	a5,2
    80001792:	0777c563          	blt	a5,s7,800017fc <_dtoa_r+0x83a>
    80001796:	a045                	j	80001836 <_dtoa_r+0x874>
    80001798:	4666                	lw	a2,88(sp)
    8000179a:	03600793          	li	a5,54
    8000179e:	9f91                	subw	a5,a5,a2
    800017a0:	b545                	j	80001640 <_dtoa_r+0x67e>
    800017a2:	fffb061b          	addiw	a2,s6,-1
    800017a6:	00c8c963          	blt	a7,a2,800017b8 <_dtoa_r+0x7f6>
    800017aa:	40c88a3b          	subw	s4,a7,a2
    800017ae:	020b4063          	bltz	s6,800017ce <_dtoa_r+0x80c>
    800017b2:	8c22                	mv	s8,s0
    800017b4:	87da                	mv	a5,s6
    800017b6:	b579                	j	80001644 <_dtoa_r+0x682>
    800017b8:	77c2                	ld	a5,48(sp)
    800017ba:	41160a3b          	subw	s4,a2,a7
    800017be:	8c22                	mv	s8,s0
    800017c0:	00fa07bb          	addw	a5,s4,a5
    800017c4:	f83e                	sd	a5,48(sp)
    800017c6:	88b2                	mv	a7,a2
    800017c8:	87da                	mv	a5,s6
    800017ca:	4a01                	li	s4,0
    800017cc:	bda5                	j	80001644 <_dtoa_r+0x682>
    800017ce:	41640c3b          	subw	s8,s0,s6
    800017d2:	4781                	li	a5,0
    800017d4:	bd85                	j	80001644 <_dtoa_r+0x682>
    800017d6:	8a46                	mv	s4,a7
    800017d8:	8c22                	mv	s8,s0
    800017da:	4901                	li	s2,0
    800017dc:	bdb5                	j	80001658 <_dtoa_r+0x696>
    800017de:	8646                	mv	a2,a7
    800017e0:	b5e9                	j	800016aa <_dtoa_r+0x6e8>
    800017e2:	f4c78be3          	beq	a5,a2,80001738 <_dtoa_r+0x776>
    800017e6:	27f1                	addiw	a5,a5,28
    800017e8:	b799                	j	8000172e <_dtoa_r+0x76c>
    800017ea:	4781                	li	a5,0
    800017ec:	bfed                	j	800017e6 <_dtoa_r+0x824>
    800017ee:	8aa6                	mv	s5,s1
    800017f0:	8cda                	mv	s9,s6
    800017f2:	05604063          	bgtz	s6,80001832 <_dtoa_r+0x870>
    800017f6:	4789                	li	a5,2
    800017f8:	0377dd63          	bge	a5,s7,80001832 <_dtoa_r+0x870>
    800017fc:	be0c98e3          	bnez	s9,800013ec <_dtoa_r+0x42a>
    80001800:	6522                	ld	a0,8(sp)
    80001802:	85d2                	mv	a1,s4
    80001804:	4681                	li	a3,0
    80001806:	4615                	li	a2,5
    80001808:	53a000ef          	jal	80001d42 <__multadd>
    8000180c:	8a2a                	mv	s4,a0
    8000180e:	85aa                	mv	a1,a0
    80001810:	6542                	ld	a0,16(sp)
    80001812:	32d000ef          	jal	8000233e <__mcmp>
    80001816:	bca05be3          	blez	a0,800013ec <_dtoa_r+0x42a>
    8000181a:	03100713          	li	a4,49
    8000181e:	00198c13          	addi	s8,s3,1
    80001822:	00e98023          	sb	a4,0(s3)
    80001826:	2a85                	addiw	s5,s5,1
    80001828:	b6f1                	j	800013f4 <_dtoa_r+0x432>
    8000182a:	8aa6                	mv	s5,s1
    8000182c:	4a01                	li	s4,0
    8000182e:	4901                	li	s2,0
    80001830:	b7ed                	j	8000181a <_dtoa_r+0x858>
    80001832:	220d8563          	beqz	s11,80001a5c <_dtoa_r+0xa9a>
    80001836:	01805863          	blez	s8,80001846 <_dtoa_r+0x884>
    8000183a:	6522                	ld	a0,8(sp)
    8000183c:	85ca                	mv	a1,s2
    8000183e:	8662                	mv	a2,s8
    80001840:	1f7000ef          	jal	80002236 <__lshift>
    80001844:	892a                	mv	s2,a0
    80001846:	6786                	ld	a5,64(sp)
    80001848:	854a                	mv	a0,s2
    8000184a:	cf9d                	beqz	a5,80001888 <_dtoa_r+0x8c6>
    8000184c:	00892583          	lw	a1,8(s2)
    80001850:	6522                	ld	a0,8(sp)
    80001852:	3e2000ef          	jal	80001c34 <_Balloc>
    80001856:	8b2a                	mv	s6,a0
    80001858:	e911                	bnez	a0,8000186c <_dtoa_r+0x8aa>
    8000185a:	00003697          	auipc	a3,0x3
    8000185e:	ade68693          	addi	a3,a3,-1314 # 80004338 <__tbss_end+0x13a>
    80001862:	4601                	li	a2,0
    80001864:	2ef00593          	li	a1,751
    80001868:	fa8ff06f          	j	80001010 <_dtoa_r+0x4e>
    8000186c:	01492603          	lw	a2,20(s2)
    80001870:	01090593          	addi	a1,s2,16
    80001874:	0541                	addi	a0,a0,16
    80001876:	0609                	addi	a2,a2,2
    80001878:	060a                	slli	a2,a2,0x2
    8000187a:	4bd010ef          	jal	80003536 <memcpy>
    8000187e:	6522                	ld	a0,8(sp)
    80001880:	4605                	li	a2,1
    80001882:	85da                	mv	a1,s6
    80001884:	1b3000ef          	jal	80002236 <__lshift>
    80001888:	67e2                	ld	a5,24(sp)
    8000188a:	8b4a                	mv	s6,s2
    8000188c:	84ce                	mv	s1,s3
    8000188e:	8b85                	andi	a5,a5,1
    80001890:	892a                	mv	s2,a0
    80001892:	ec3e                	sd	a5,24(sp)
    80001894:	6542                	ld	a0,16(sp)
    80001896:	85d2                	mv	a1,s4
    80001898:	ddeff0ef          	jal	80000e76 <quorem>
    8000189c:	0305041b          	addiw	s0,a0,48
    800018a0:	8daa                	mv	s11,a0
    800018a2:	6542                	ld	a0,16(sp)
    800018a4:	85da                	mv	a1,s6
    800018a6:	d022                	sw	s0,32(sp)
    800018a8:	297000ef          	jal	8000233e <__mcmp>
    800018ac:	8d2a                	mv	s10,a0
    800018ae:	6522                	ld	a0,8(sp)
    800018b0:	85d2                	mv	a1,s4
    800018b2:	864a                	mv	a2,s2
    800018b4:	2bd000ef          	jal	80002370 <__mdiff>
    800018b8:	491c                	lw	a5,16(a0)
    800018ba:	85aa                	mv	a1,a0
    800018bc:	4685                	li	a3,1
    800018be:	e799                	bnez	a5,800018cc <_dtoa_r+0x90a>
    800018c0:	f82a                	sd	a0,48(sp)
    800018c2:	6542                	ld	a0,16(sp)
    800018c4:	27b000ef          	jal	8000233e <__mcmp>
    800018c8:	75c2                	ld	a1,48(sp)
    800018ca:	86aa                	mv	a3,a0
    800018cc:	6522                	ld	a0,8(sp)
    800018ce:	f836                	sd	a3,48(sp)
    800018d0:	00148c13          	addi	s8,s1,1
    800018d4:	40c000ef          	jal	80001ce0 <_Bfree>
    800018d8:	76c2                	ld	a3,48(sp)
    800018da:	67e2                	ld	a5,24(sp)
    800018dc:	0176e633          	or	a2,a3,s7
    800018e0:	8e5d                	or	a2,a2,a5
    800018e2:	2601                	sext.w	a2,a2
    800018e4:	ee01                	bnez	a2,800018fc <_dtoa_r+0x93a>
    800018e6:	03900693          	li	a3,57
    800018ea:	04d40863          	beq	s0,a3,8000193a <_dtoa_r+0x978>
    800018ee:	01a05463          	blez	s10,800018f6 <_dtoa_r+0x934>
    800018f2:	031d841b          	addiw	s0,s11,49
    800018f6:	00848023          	sb	s0,0(s1)
    800018fa:	bcf5                	j	800013f6 <_dtoa_r+0x434>
    800018fc:	000d4a63          	bltz	s10,80001910 <_dtoa_r+0x94e>
    80001900:	67e2                	ld	a5,24(sp)
    80001902:	01abed33          	or	s10,s7,s10
    80001906:	01a7ed33          	or	s10,a5,s10
    8000190a:	2d01                	sext.w	s10,s10
    8000190c:	040d1863          	bnez	s10,8000195c <_dtoa_r+0x99a>
    80001910:	fed053e3          	blez	a3,800018f6 <_dtoa_r+0x934>
    80001914:	65c2                	ld	a1,16(sp)
    80001916:	6522                	ld	a0,8(sp)
    80001918:	4605                	li	a2,1
    8000191a:	11d000ef          	jal	80002236 <__lshift>
    8000191e:	85d2                	mv	a1,s4
    80001920:	e82a                	sd	a0,16(sp)
    80001922:	21d000ef          	jal	8000233e <__mcmp>
    80001926:	00a04663          	bgtz	a0,80001932 <_dtoa_r+0x970>
    8000192a:	f571                	bnez	a0,800018f6 <_dtoa_r+0x934>
    8000192c:	00147693          	andi	a3,s0,1
    80001930:	d2f9                	beqz	a3,800018f6 <_dtoa_r+0x934>
    80001932:	03900693          	li	a3,57
    80001936:	fad41ee3          	bne	s0,a3,800018f2 <_dtoa_r+0x930>
    8000193a:	03900713          	li	a4,57
    8000193e:	00e48023          	sb	a4,0(s1)
    80001942:	8762                	mv	a4,s8
    80001944:	03900613          	li	a2,57
    80001948:	8c3a                	mv	s8,a4
    8000194a:	fffc4683          	lbu	a3,-1(s8)
    8000194e:	177d                	addi	a4,a4,-1
    80001950:	0ac68a63          	beq	a3,a2,80001a04 <_dtoa_r+0xa42>
    80001954:	2685                	addiw	a3,a3,1
    80001956:	00d70023          	sb	a3,0(a4)
    8000195a:	bc71                	j	800013f6 <_dtoa_r+0x434>
    8000195c:	00d05c63          	blez	a3,80001974 <_dtoa_r+0x9b2>
    80001960:	03900693          	li	a3,57
    80001964:	fcd40be3          	beq	s0,a3,8000193a <_dtoa_r+0x978>
    80001968:	5782                	lw	a5,32(sp)
    8000196a:	0017871b          	addiw	a4,a5,1
    8000196e:	00e48023          	sb	a4,0(s1)
    80001972:	b451                	j	800013f6 <_dtoa_r+0x434>
    80001974:	fe8c0fa3          	sb	s0,-1(s8)
    80001978:	413c06bb          	subw	a3,s8,s3
    8000197c:	05968b63          	beq	a3,s9,800019d2 <_dtoa_r+0xa10>
    80001980:	65c2                	ld	a1,16(sp)
    80001982:	6522                	ld	a0,8(sp)
    80001984:	4681                	li	a3,0
    80001986:	4629                	li	a2,10
    80001988:	3ba000ef          	jal	80001d42 <__multadd>
    8000198c:	e82a                	sd	a0,16(sp)
    8000198e:	4681                	li	a3,0
    80001990:	6522                	ld	a0,8(sp)
    80001992:	4629                	li	a2,10
    80001994:	85da                	mv	a1,s6
    80001996:	012b1863          	bne	s6,s2,800019a6 <_dtoa_r+0x9e4>
    8000199a:	3a8000ef          	jal	80001d42 <__multadd>
    8000199e:	8b2a                	mv	s6,a0
    800019a0:	892a                	mv	s2,a0
    800019a2:	84e2                	mv	s1,s8
    800019a4:	bdc5                	j	80001894 <_dtoa_r+0x8d2>
    800019a6:	39c000ef          	jal	80001d42 <__multadd>
    800019aa:	8b2a                	mv	s6,a0
    800019ac:	6522                	ld	a0,8(sp)
    800019ae:	85ca                	mv	a1,s2
    800019b0:	4681                	li	a3,0
    800019b2:	4629                	li	a2,10
    800019b4:	38e000ef          	jal	80001d42 <__multadd>
    800019b8:	892a                	mv	s2,a0
    800019ba:	b7e5                	j	800019a2 <_dtoa_r+0x9e0>
    800019bc:	4785                	li	a5,1
    800019be:	01905763          	blez	s9,800019cc <_dtoa_r+0xa0a>
    800019c2:	fffc879b          	addiw	a5,s9,-1
    800019c6:	1782                	slli	a5,a5,0x20
    800019c8:	9381                	srli	a5,a5,0x20
    800019ca:	0785                	addi	a5,a5,1
    800019cc:	00f98c33          	add	s8,s3,a5
    800019d0:	4b01                	li	s6,0
    800019d2:	65c2                	ld	a1,16(sp)
    800019d4:	6522                	ld	a0,8(sp)
    800019d6:	4605                	li	a2,1
    800019d8:	05f000ef          	jal	80002236 <__lshift>
    800019dc:	85d2                	mv	a1,s4
    800019de:	e82a                	sd	a0,16(sp)
    800019e0:	15f000ef          	jal	8000233e <__mcmp>
    800019e4:	f4a04fe3          	bgtz	a0,80001942 <_dtoa_r+0x980>
    800019e8:	e501                	bnez	a0,800019f0 <_dtoa_r+0xa2e>
    800019ea:	00147713          	andi	a4,s0,1
    800019ee:	fb31                	bnez	a4,80001942 <_dtoa_r+0x980>
    800019f0:	8762                	mv	a4,s8
    800019f2:	03000693          	li	a3,48
    800019f6:	8c3a                	mv	s8,a4
    800019f8:	fff74603          	lbu	a2,-1(a4)
    800019fc:	177d                	addi	a4,a4,-1
    800019fe:	fed60ce3          	beq	a2,a3,800019f6 <_dtoa_r+0xa34>
    80001a02:	bad5                	j	800013f6 <_dtoa_r+0x434>
    80001a04:	f4e992e3          	bne	s3,a4,80001948 <_dtoa_r+0x986>
    80001a08:	03100713          	li	a4,49
    80001a0c:	2a85                	addiw	s5,s5,1
    80001a0e:	00e98023          	sb	a4,0(s3)
    80001a12:	b2d5                	j	800013f6 <_dtoa_r+0x434>
    80001a14:	77a2                	ld	a5,40(sp)
    80001a16:	00003997          	auipc	s3,0x3
    80001a1a:	86a98993          	addi	s3,s3,-1942 # 80004280 <__tbss_end+0x82>
    80001a1e:	c799                	beqz	a5,80001a2c <_dtoa_r+0xa6a>
    80001a20:	00003797          	auipc	a5,0x3
    80001a24:	86878793          	addi	a5,a5,-1944 # 80004288 <__tbss_end+0x8a>
    80001a28:	7722                	ld	a4,40(sp)
    80001a2a:	e31c                	sd	a5,0(a4)
    80001a2c:	60ae                	ld	ra,200(sp)
    80001a2e:	640e                	ld	s0,192(sp)
    80001a30:	74ea                	ld	s1,184(sp)
    80001a32:	794a                	ld	s2,176(sp)
    80001a34:	7a0a                	ld	s4,160(sp)
    80001a36:	6aea                	ld	s5,152(sp)
    80001a38:	6b4a                	ld	s6,144(sp)
    80001a3a:	6baa                	ld	s7,136(sp)
    80001a3c:	6c0a                	ld	s8,128(sp)
    80001a3e:	7ce6                	ld	s9,120(sp)
    80001a40:	7d46                	ld	s10,112(sp)
    80001a42:	7da6                	ld	s11,104(sp)
    80001a44:	854e                	mv	a0,s3
    80001a46:	79aa                	ld	s3,168(sp)
    80001a48:	6169                	addi	sp,sp,208
    80001a4a:	8082                	ret
    80001a4c:	4785                	li	a5,1
    80001a4e:	c977d5e3          	bge	a5,s7,800016d8 <_dtoa_r+0x716>
    80001a52:	e082                	sd	zero,64(sp)
    80001a54:	4505                	li	a0,1
    80001a56:	b1c1                	j	80001716 <_dtoa_r+0x754>
    80001a58:	d9905fe3          	blez	s9,800017f6 <_dtoa_r+0x834>
    80001a5c:	4b01                	li	s6,0
    80001a5e:	6542                	ld	a0,16(sp)
    80001a60:	85d2                	mv	a1,s4
    80001a62:	c14ff0ef          	jal	80000e76 <quorem>
    80001a66:	016987b3          	add	a5,s3,s6
    80001a6a:	0305041b          	addiw	s0,a0,48
    80001a6e:	0b05                	addi	s6,s6,1
    80001a70:	00878023          	sb	s0,0(a5)
    80001a74:	000b079b          	sext.w	a5,s6
    80001a78:	f597d2e3          	bge	a5,s9,800019bc <_dtoa_r+0x9fa>
    80001a7c:	65c2                	ld	a1,16(sp)
    80001a7e:	6522                	ld	a0,8(sp)
    80001a80:	4681                	li	a3,0
    80001a82:	4629                	li	a2,10
    80001a84:	2be000ef          	jal	80001d42 <__multadd>
    80001a88:	e82a                	sd	a0,16(sp)
    80001a8a:	bfd1                	j	80001a5e <_dtoa_r+0xa9c>

0000000080001a8c <malloc>:
    80001a8c:	85aa                	mv	a1,a0
    80001a8e:	00003517          	auipc	a0,0x3
    80001a92:	f9253503          	ld	a0,-110(a0) # 80004a20 <_impure_ptr>
    80001a96:	a0ad                	j	80001b00 <_malloc_r>

0000000080001a98 <free>:
    80001a98:	85aa                	mv	a1,a0
    80001a9a:	00003517          	auipc	a0,0x3
    80001a9e:	f8653503          	ld	a0,-122(a0) # 80004a20 <_impure_ptr>
    80001aa2:	3430106f          	j	800035e4 <_free_r>

0000000080001aa6 <sbrk_aligned>:
    80001aa6:	1101                	addi	sp,sp,-32
    80001aa8:	e04a                	sd	s2,0(sp)
    80001aaa:	87818913          	addi	s2,gp,-1928 # 80004a98 <__malloc_sbrk_start>
    80001aae:	00093783          	ld	a5,0(s2)
    80001ab2:	e822                	sd	s0,16(sp)
    80001ab4:	e426                	sd	s1,8(sp)
    80001ab6:	ec06                	sd	ra,24(sp)
    80001ab8:	84aa                	mv	s1,a0
    80001aba:	842e                	mv	s0,a1
    80001abc:	e791                	bnez	a5,80001ac8 <sbrk_aligned+0x22>
    80001abe:	4581                	li	a1,0
    80001ac0:	1ed010ef          	jal	800034ac <_sbrk_r>
    80001ac4:	00a93023          	sd	a0,0(s2)
    80001ac8:	85a2                	mv	a1,s0
    80001aca:	8526                	mv	a0,s1
    80001acc:	1e1010ef          	jal	800034ac <_sbrk_r>
    80001ad0:	597d                	li	s2,-1
    80001ad2:	01251a63          	bne	a0,s2,80001ae6 <sbrk_aligned+0x40>
    80001ad6:	547d                	li	s0,-1
    80001ad8:	60e2                	ld	ra,24(sp)
    80001ada:	8522                	mv	a0,s0
    80001adc:	6442                	ld	s0,16(sp)
    80001ade:	64a2                	ld	s1,8(sp)
    80001ae0:	6902                	ld	s2,0(sp)
    80001ae2:	6105                	addi	sp,sp,32
    80001ae4:	8082                	ret
    80001ae6:	00750413          	addi	s0,a0,7
    80001aea:	9861                	andi	s0,s0,-8
    80001aec:	fe8506e3          	beq	a0,s0,80001ad8 <sbrk_aligned+0x32>
    80001af0:	40a405b3          	sub	a1,s0,a0
    80001af4:	8526                	mv	a0,s1
    80001af6:	1b7010ef          	jal	800034ac <_sbrk_r>
    80001afa:	fd251fe3          	bne	a0,s2,80001ad8 <sbrk_aligned+0x32>
    80001afe:	bfe1                	j	80001ad6 <sbrk_aligned+0x30>

0000000080001b00 <_malloc_r>:
    80001b00:	00758793          	addi	a5,a1,7
    80001b04:	7179                	addi	sp,sp,-48
    80001b06:	9be1                	andi	a5,a5,-8
    80001b08:	ec26                	sd	s1,24(sp)
    80001b0a:	e84a                	sd	s2,16(sp)
    80001b0c:	f406                	sd	ra,40(sp)
    80001b0e:	f022                	sd	s0,32(sp)
    80001b10:	e44e                	sd	s3,8(sp)
    80001b12:	e052                	sd	s4,0(sp)
    80001b14:	07a1                	addi	a5,a5,8
    80001b16:	4741                	li	a4,16
    80001b18:	892a                	mv	s2,a0
    80001b1a:	44c1                	li	s1,16
    80001b1c:	00e7e363          	bltu	a5,a4,80001b22 <_malloc_r+0x22>
    80001b20:	84be                	mv	s1,a5
    80001b22:	80000737          	lui	a4,0x80000
    80001b26:	fff74713          	not	a4,a4
    80001b2a:	00f76463          	bltu	a4,a5,80001b32 <_malloc_r+0x32>
    80001b2e:	00b4fe63          	bgeu	s1,a1,80001b4a <_malloc_r+0x4a>
    80001b32:	47b1                	li	a5,12
    80001b34:	00f92023          	sw	a5,0(s2)
    80001b38:	4501                	li	a0,0
    80001b3a:	70a2                	ld	ra,40(sp)
    80001b3c:	7402                	ld	s0,32(sp)
    80001b3e:	64e2                	ld	s1,24(sp)
    80001b40:	6942                	ld	s2,16(sp)
    80001b42:	69a2                	ld	s3,8(sp)
    80001b44:	6a02                	ld	s4,0(sp)
    80001b46:	6145                	addi	sp,sp,48
    80001b48:	8082                	ret
    80001b4a:	854a                	mv	a0,s2
    80001b4c:	0e4000ef          	jal	80001c30 <__malloc_lock>
    80001b50:	88018993          	addi	s3,gp,-1920 # 80004aa0 <__malloc_free_list>
    80001b54:	0009b783          	ld	a5,0(s3)
    80001b58:	843e                	mv	s0,a5
    80001b5a:	ec21                	bnez	s0,80001bb2 <_malloc_r+0xb2>
    80001b5c:	85a6                	mv	a1,s1
    80001b5e:	854a                	mv	a0,s2
    80001b60:	f47ff0ef          	jal	80001aa6 <sbrk_aligned>
    80001b64:	57fd                	li	a5,-1
    80001b66:	842a                	mv	s0,a0
    80001b68:	0af51f63          	bne	a0,a5,80001c26 <_malloc_r+0x126>
    80001b6c:	0009b403          	ld	s0,0(s3)
    80001b70:	87a2                	mv	a5,s0
    80001b72:	efd1                	bnez	a5,80001c0e <_malloc_r+0x10e>
    80001b74:	c055                	beqz	s0,80001c18 <_malloc_r+0x118>
    80001b76:	00043a03          	ld	s4,0(s0)
    80001b7a:	4581                	li	a1,0
    80001b7c:	854a                	mv	a0,s2
    80001b7e:	9a22                	add	s4,s4,s0
    80001b80:	12d010ef          	jal	800034ac <_sbrk_r>
    80001b84:	08aa1a63          	bne	s4,a0,80001c18 <_malloc_r+0x118>
    80001b88:	601c                	ld	a5,0(s0)
    80001b8a:	854a                	mv	a0,s2
    80001b8c:	8c9d                	sub	s1,s1,a5
    80001b8e:	85a6                	mv	a1,s1
    80001b90:	f17ff0ef          	jal	80001aa6 <sbrk_aligned>
    80001b94:	57fd                	li	a5,-1
    80001b96:	08f50163          	beq	a0,a5,80001c18 <_malloc_r+0x118>
    80001b9a:	601c                	ld	a5,0(s0)
    80001b9c:	97a6                	add	a5,a5,s1
    80001b9e:	e01c                	sd	a5,0(s0)
    80001ba0:	0009b783          	ld	a5,0(s3)
    80001ba4:	c3d9                	beqz	a5,80001c2a <_malloc_r+0x12a>
    80001ba6:	6798                	ld	a4,8(a5)
    80001ba8:	06871663          	bne	a4,s0,80001c14 <_malloc_r+0x114>
    80001bac:	0007b423          	sd	zero,8(a5)
    80001bb0:	a015                	j	80001bd4 <_malloc_r+0xd4>
    80001bb2:	6014                	ld	a3,0(s0)
    80001bb4:	9e85                	subw	a3,a3,s1
    80001bb6:	0406c963          	bltz	a3,80001c08 <_malloc_r+0x108>
    80001bba:	473d                	li	a4,15
    80001bbc:	02d75e63          	bge	a4,a3,80001bf8 <_malloc_r+0xf8>
    80001bc0:	e004                	sd	s1,0(s0)
    80001bc2:	00940733          	add	a4,s0,s1
    80001bc6:	02879763          	bne	a5,s0,80001bf4 <_malloc_r+0xf4>
    80001bca:	00e9b023          	sd	a4,0(s3)
    80001bce:	641c                	ld	a5,8(s0)
    80001bd0:	e314                	sd	a3,0(a4)
    80001bd2:	e71c                	sd	a5,8(a4)
    80001bd4:	854a                	mv	a0,s2
    80001bd6:	05c000ef          	jal	80001c32 <__malloc_unlock>
    80001bda:	00f40513          	addi	a0,s0,15
    80001bde:	00840793          	addi	a5,s0,8
    80001be2:	9961                	andi	a0,a0,-8
    80001be4:	40f507bb          	subw	a5,a0,a5
    80001be8:	dba9                	beqz	a5,80001b3a <_malloc_r+0x3a>
    80001bea:	943e                	add	s0,s0,a5
    80001bec:	40f007bb          	negw	a5,a5
    80001bf0:	e01c                	sd	a5,0(s0)
    80001bf2:	b7a1                	j	80001b3a <_malloc_r+0x3a>
    80001bf4:	e798                	sd	a4,8(a5)
    80001bf6:	bfe1                	j	80001bce <_malloc_r+0xce>
    80001bf8:	6418                	ld	a4,8(s0)
    80001bfa:	00879563          	bne	a5,s0,80001c04 <_malloc_r+0x104>
    80001bfe:	00e9b023          	sd	a4,0(s3)
    80001c02:	bfc9                	j	80001bd4 <_malloc_r+0xd4>
    80001c04:	e798                	sd	a4,8(a5)
    80001c06:	b7f9                	j	80001bd4 <_malloc_r+0xd4>
    80001c08:	87a2                	mv	a5,s0
    80001c0a:	6400                	ld	s0,8(s0)
    80001c0c:	b7b9                	j	80001b5a <_malloc_r+0x5a>
    80001c0e:	843e                	mv	s0,a5
    80001c10:	679c                	ld	a5,8(a5)
    80001c12:	b785                	j	80001b72 <_malloc_r+0x72>
    80001c14:	87ba                	mv	a5,a4
    80001c16:	b779                	j	80001ba4 <_malloc_r+0xa4>
    80001c18:	47b1                	li	a5,12
    80001c1a:	00f92023          	sw	a5,0(s2)
    80001c1e:	854a                	mv	a0,s2
    80001c20:	012000ef          	jal	80001c32 <__malloc_unlock>
    80001c24:	bf11                	j	80001b38 <_malloc_r+0x38>
    80001c26:	e104                	sd	s1,0(a0)
    80001c28:	b775                	j	80001bd4 <_malloc_r+0xd4>
    80001c2a:	00003423          	sd	zero,8(zero) # 8 <__boot_hart+0x8>
    80001c2e:	9002                	ebreak

0000000080001c30 <__malloc_lock>:
    80001c30:	8082                	ret

0000000080001c32 <__malloc_unlock>:
    80001c32:	8082                	ret

0000000080001c34 <_Balloc>:
    80001c34:	7d1c                	ld	a5,56(a0)
    80001c36:	1101                	addi	sp,sp,-32
    80001c38:	e822                	sd	s0,16(sp)
    80001c3a:	e426                	sd	s1,8(sp)
    80001c3c:	ec06                	sd	ra,24(sp)
    80001c3e:	e04a                	sd	s2,0(sp)
    80001c40:	842a                	mv	s0,a0
    80001c42:	84ae                	mv	s1,a1
    80001c44:	ef85                	bnez	a5,80001c7c <_Balloc+0x48>
    80001c46:	02000513          	li	a0,32
    80001c4a:	e43ff0ef          	jal	80001a8c <malloc>
    80001c4e:	fc08                	sd	a0,56(s0)
    80001c50:	ed11                	bnez	a0,80001c6c <_Balloc+0x38>
    80001c52:	00002697          	auipc	a3,0x2
    80001c56:	64668693          	addi	a3,a3,1606 # 80004298 <__tbss_end+0x9a>
    80001c5a:	4601                	li	a2,0
    80001c5c:	06b00593          	li	a1,107
    80001c60:	00002517          	auipc	a0,0x2
    80001c64:	6f050513          	addi	a0,a0,1776 # 80004350 <__tbss_end+0x152>
    80001c68:	0fd010ef          	jal	80003564 <__assert_func>
    80001c6c:	00052423          	sw	zero,8(a0)
    80001c70:	00053823          	sd	zero,16(a0)
    80001c74:	00053023          	sd	zero,0(a0)
    80001c78:	00053c23          	sd	zero,24(a0)
    80001c7c:	03843903          	ld	s2,56(s0)
    80001c80:	01893783          	ld	a5,24(s2)
    80001c84:	c79d                	beqz	a5,80001cb2 <_Balloc+0x7e>
    80001c86:	7c1c                	ld	a5,56(s0)
    80001c88:	00349713          	slli	a4,s1,0x3
    80001c8c:	6f9c                	ld	a5,24(a5)
    80001c8e:	97ba                	add	a5,a5,a4
    80001c90:	6388                	ld	a0,0(a5)
    80001c92:	e131                	bnez	a0,80001cd6 <_Balloc+0xa2>
    80001c94:	4905                	li	s2,1
    80001c96:	0099163b          	sllw	a2,s2,s1
    80001c9a:	8932                	mv	s2,a2
    80001c9c:	061d                	addi	a2,a2,7
    80001c9e:	060a                	slli	a2,a2,0x2
    80001ca0:	4585                	li	a1,1
    80001ca2:	8522                	mv	a0,s0
    80001ca4:	10b010ef          	jal	800035ae <_calloc_r>
    80001ca8:	c105                	beqz	a0,80001cc8 <_Balloc+0x94>
    80001caa:	c504                	sw	s1,8(a0)
    80001cac:	01252623          	sw	s2,12(a0)
    80001cb0:	a02d                	j	80001cda <_Balloc+0xa6>
    80001cb2:	04100613          	li	a2,65
    80001cb6:	45a1                	li	a1,8
    80001cb8:	8522                	mv	a0,s0
    80001cba:	0f5010ef          	jal	800035ae <_calloc_r>
    80001cbe:	7c1c                	ld	a5,56(s0)
    80001cc0:	00a93c23          	sd	a0,24(s2)
    80001cc4:	6f9c                	ld	a5,24(a5)
    80001cc6:	f3e1                	bnez	a5,80001c86 <_Balloc+0x52>
    80001cc8:	4501                	li	a0,0
    80001cca:	60e2                	ld	ra,24(sp)
    80001ccc:	6442                	ld	s0,16(sp)
    80001cce:	64a2                	ld	s1,8(sp)
    80001cd0:	6902                	ld	s2,0(sp)
    80001cd2:	6105                	addi	sp,sp,32
    80001cd4:	8082                	ret
    80001cd6:	6118                	ld	a4,0(a0)
    80001cd8:	e398                	sd	a4,0(a5)
    80001cda:	00053823          	sd	zero,16(a0)
    80001cde:	b7f5                	j	80001cca <_Balloc+0x96>

0000000080001ce0 <_Bfree>:
    80001ce0:	7d1c                	ld	a5,56(a0)
    80001ce2:	1101                	addi	sp,sp,-32
    80001ce4:	e822                	sd	s0,16(sp)
    80001ce6:	e426                	sd	s1,8(sp)
    80001ce8:	ec06                	sd	ra,24(sp)
    80001cea:	84aa                	mv	s1,a0
    80001cec:	842e                	mv	s0,a1
    80001cee:	ef85                	bnez	a5,80001d26 <_Bfree+0x46>
    80001cf0:	02000513          	li	a0,32
    80001cf4:	d99ff0ef          	jal	80001a8c <malloc>
    80001cf8:	fc88                	sd	a0,56(s1)
    80001cfa:	ed11                	bnez	a0,80001d16 <_Bfree+0x36>
    80001cfc:	00002697          	auipc	a3,0x2
    80001d00:	59c68693          	addi	a3,a3,1436 # 80004298 <__tbss_end+0x9a>
    80001d04:	4601                	li	a2,0
    80001d06:	08f00593          	li	a1,143
    80001d0a:	00002517          	auipc	a0,0x2
    80001d0e:	64650513          	addi	a0,a0,1606 # 80004350 <__tbss_end+0x152>
    80001d12:	053010ef          	jal	80003564 <__assert_func>
    80001d16:	00052423          	sw	zero,8(a0)
    80001d1a:	00053823          	sd	zero,16(a0)
    80001d1e:	00053023          	sd	zero,0(a0)
    80001d22:	00053c23          	sd	zero,24(a0)
    80001d26:	c809                	beqz	s0,80001d38 <_Bfree+0x58>
    80001d28:	7c9c                	ld	a5,56(s1)
    80001d2a:	4418                	lw	a4,8(s0)
    80001d2c:	6f9c                	ld	a5,24(a5)
    80001d2e:	070e                	slli	a4,a4,0x3
    80001d30:	97ba                	add	a5,a5,a4
    80001d32:	6398                	ld	a4,0(a5)
    80001d34:	e018                	sd	a4,0(s0)
    80001d36:	e380                	sd	s0,0(a5)
    80001d38:	60e2                	ld	ra,24(sp)
    80001d3a:	6442                	ld	s0,16(sp)
    80001d3c:	64a2                	ld	s1,8(sp)
    80001d3e:	6105                	addi	sp,sp,32
    80001d40:	8082                	ret

0000000080001d42 <__multadd>:
    80001d42:	7179                	addi	sp,sp,-48
    80001d44:	ec26                	sd	s1,24(sp)
    80001d46:	84aa                	mv	s1,a0
    80001d48:	6541                	lui	a0,0x10
    80001d4a:	f022                	sd	s0,32(sp)
    80001d4c:	e84a                	sd	s2,16(sp)
    80001d4e:	842e                	mv	s0,a1
    80001d50:	0145a903          	lw	s2,20(a1)
    80001d54:	f406                	sd	ra,40(sp)
    80001d56:	e44e                	sd	s3,8(sp)
    80001d58:	e052                	sd	s4,0(sp)
    80001d5a:	05e1                	addi	a1,a1,24
    80001d5c:	4801                	li	a6,0
    80001d5e:	157d                	addi	a0,a0,-1 # ffff <__stack_size+0x7fff>
    80001d60:	419c                	lw	a5,0(a1)
    80001d62:	2805                	addiw	a6,a6,1
    80001d64:	00a7f733          	and	a4,a5,a0
    80001d68:	02c7073b          	mulw	a4,a4,a2
    80001d6c:	0107d79b          	srliw	a5,a5,0x10
    80001d70:	02c787bb          	mulw	a5,a5,a2
    80001d74:	9f35                	addw	a4,a4,a3
    80001d76:	0107569b          	srliw	a3,a4,0x10
    80001d7a:	8f69                	and	a4,a4,a0
    80001d7c:	9fb5                	addw	a5,a5,a3
    80001d7e:	0107d99b          	srliw	s3,a5,0x10
    80001d82:	0107d69b          	srliw	a3,a5,0x10
    80001d86:	0107979b          	slliw	a5,a5,0x10
    80001d8a:	9fb9                	addw	a5,a5,a4
    80001d8c:	c19c                	sw	a5,0(a1)
    80001d8e:	0591                	addi	a1,a1,4
    80001d90:	fd2848e3          	blt	a6,s2,80001d60 <__multadd+0x1e>
    80001d94:	ceb1                	beqz	a3,80001df0 <__multadd+0xae>
    80001d96:	445c                	lw	a5,12(s0)
    80001d98:	04f94363          	blt	s2,a5,80001dde <__multadd+0x9c>
    80001d9c:	440c                	lw	a1,8(s0)
    80001d9e:	8526                	mv	a0,s1
    80001da0:	2585                	addiw	a1,a1,1
    80001da2:	e93ff0ef          	jal	80001c34 <_Balloc>
    80001da6:	8a2a                	mv	s4,a0
    80001da8:	ed11                	bnez	a0,80001dc4 <__multadd+0x82>
    80001daa:	00002697          	auipc	a3,0x2
    80001dae:	58e68693          	addi	a3,a3,1422 # 80004338 <__tbss_end+0x13a>
    80001db2:	4601                	li	a2,0
    80001db4:	0ba00593          	li	a1,186
    80001db8:	00002517          	auipc	a0,0x2
    80001dbc:	59850513          	addi	a0,a0,1432 # 80004350 <__tbss_end+0x152>
    80001dc0:	7a4010ef          	jal	80003564 <__assert_func>
    80001dc4:	4850                	lw	a2,20(s0)
    80001dc6:	01040593          	addi	a1,s0,16
    80001dca:	0541                	addi	a0,a0,16
    80001dcc:	0609                	addi	a2,a2,2
    80001dce:	060a                	slli	a2,a2,0x2
    80001dd0:	766010ef          	jal	80003536 <memcpy>
    80001dd4:	85a2                	mv	a1,s0
    80001dd6:	8526                	mv	a0,s1
    80001dd8:	f09ff0ef          	jal	80001ce0 <_Bfree>
    80001ddc:	8452                	mv	s0,s4
    80001dde:	00490793          	addi	a5,s2,4
    80001de2:	078a                	slli	a5,a5,0x2
    80001de4:	97a2                	add	a5,a5,s0
    80001de6:	0137a423          	sw	s3,8(a5)
    80001dea:	2905                	addiw	s2,s2,1
    80001dec:	01242a23          	sw	s2,20(s0)
    80001df0:	70a2                	ld	ra,40(sp)
    80001df2:	8522                	mv	a0,s0
    80001df4:	7402                	ld	s0,32(sp)
    80001df6:	64e2                	ld	s1,24(sp)
    80001df8:	6942                	ld	s2,16(sp)
    80001dfa:	69a2                	ld	s3,8(sp)
    80001dfc:	6a02                	ld	s4,0(sp)
    80001dfe:	6145                	addi	sp,sp,48
    80001e00:	8082                	ret

0000000080001e02 <__s2b>:
    80001e02:	7139                	addi	sp,sp,-64
    80001e04:	47a5                	li	a5,9
    80001e06:	f426                	sd	s1,40(sp)
    80001e08:	84ba                	mv	s1,a4
    80001e0a:	0086871b          	addiw	a4,a3,8
    80001e0e:	02f7473b          	divw	a4,a4,a5
    80001e12:	f822                	sd	s0,48(sp)
    80001e14:	f04a                	sd	s2,32(sp)
    80001e16:	ec4e                	sd	s3,24(sp)
    80001e18:	e852                	sd	s4,16(sp)
    80001e1a:	842e                	mv	s0,a1
    80001e1c:	fc06                	sd	ra,56(sp)
    80001e1e:	e456                	sd	s5,8(sp)
    80001e20:	892a                	mv	s2,a0
    80001e22:	8a32                	mv	s4,a2
    80001e24:	89b6                	mv	s3,a3
    80001e26:	4785                	li	a5,1
    80001e28:	4581                	li	a1,0
    80001e2a:	02e7c363          	blt	a5,a4,80001e50 <__s2b+0x4e>
    80001e2e:	854a                	mv	a0,s2
    80001e30:	e05ff0ef          	jal	80001c34 <_Balloc>
    80001e34:	e115                	bnez	a0,80001e58 <__s2b+0x56>
    80001e36:	00002697          	auipc	a3,0x2
    80001e3a:	50268693          	addi	a3,a3,1282 # 80004338 <__tbss_end+0x13a>
    80001e3e:	4601                	li	a2,0
    80001e40:	0d300593          	li	a1,211
    80001e44:	00002517          	auipc	a0,0x2
    80001e48:	50c50513          	addi	a0,a0,1292 # 80004350 <__tbss_end+0x152>
    80001e4c:	718010ef          	jal	80003564 <__assert_func>
    80001e50:	0017979b          	slliw	a5,a5,0x1
    80001e54:	2585                	addiw	a1,a1,1
    80001e56:	bfd1                	j	80001e2a <__s2b+0x28>
    80001e58:	4785                	li	a5,1
    80001e5a:	c95c                	sw	a5,20(a0)
    80001e5c:	cd04                	sw	s1,24(a0)
    80001e5e:	47a5                	li	a5,9
    80001e60:	0547d563          	bge	a5,s4,80001eaa <__s2b+0xa8>
    80001e64:	0425                	addi	s0,s0,9
    80001e66:	8aa2                	mv	s5,s0
    80001e68:	44a5                	li	s1,9
    80001e6a:	000ac683          	lbu	a3,0(s5)
    80001e6e:	85aa                	mv	a1,a0
    80001e70:	4629                	li	a2,10
    80001e72:	fd06869b          	addiw	a3,a3,-48
    80001e76:	854a                	mv	a0,s2
    80001e78:	ecbff0ef          	jal	80001d42 <__multadd>
    80001e7c:	87a6                	mv	a5,s1
    80001e7e:	2485                	addiw	s1,s1,1
    80001e80:	0a85                	addi	s5,s5,1
    80001e82:	fe9a14e3          	bne	s4,s1,80001e6a <__s2b+0x68>
    80001e86:	37e5                	addiw	a5,a5,-7
    80001e88:	1782                	slli	a5,a5,0x20
    80001e8a:	9381                	srli	a5,a5,0x20
    80001e8c:	943e                	add	s0,s0,a5
    80001e8e:	9c81                	subw	s1,s1,s0
    80001e90:	008487bb          	addw	a5,s1,s0
    80001e94:	0137ce63          	blt	a5,s3,80001eb0 <__s2b+0xae>
    80001e98:	70e2                	ld	ra,56(sp)
    80001e9a:	7442                	ld	s0,48(sp)
    80001e9c:	74a2                	ld	s1,40(sp)
    80001e9e:	7902                	ld	s2,32(sp)
    80001ea0:	69e2                	ld	s3,24(sp)
    80001ea2:	6a42                	ld	s4,16(sp)
    80001ea4:	6aa2                	ld	s5,8(sp)
    80001ea6:	6121                	addi	sp,sp,64
    80001ea8:	8082                	ret
    80001eaa:	0429                	addi	s0,s0,10
    80001eac:	44a5                	li	s1,9
    80001eae:	b7c5                	j	80001e8e <__s2b+0x8c>
    80001eb0:	00044683          	lbu	a3,0(s0)
    80001eb4:	85aa                	mv	a1,a0
    80001eb6:	4629                	li	a2,10
    80001eb8:	fd06869b          	addiw	a3,a3,-48
    80001ebc:	854a                	mv	a0,s2
    80001ebe:	0405                	addi	s0,s0,1
    80001ec0:	e83ff0ef          	jal	80001d42 <__multadd>
    80001ec4:	b7f1                	j	80001e90 <__s2b+0x8e>

0000000080001ec6 <__hi0bits>:
    80001ec6:	87aa                	mv	a5,a0
    80001ec8:	6741                	lui	a4,0x10
    80001eca:	4501                	li	a0,0
    80001ecc:	00e7f563          	bgeu	a5,a4,80001ed6 <__hi0bits+0x10>
    80001ed0:	0107979b          	slliw	a5,a5,0x10
    80001ed4:	4541                	li	a0,16
    80001ed6:	01000737          	lui	a4,0x1000
    80001eda:	00e7f563          	bgeu	a5,a4,80001ee4 <__hi0bits+0x1e>
    80001ede:	2521                	addiw	a0,a0,8
    80001ee0:	0087979b          	slliw	a5,a5,0x8
    80001ee4:	10000737          	lui	a4,0x10000
    80001ee8:	00e7f563          	bgeu	a5,a4,80001ef2 <__hi0bits+0x2c>
    80001eec:	2511                	addiw	a0,a0,4
    80001eee:	0047979b          	slliw	a5,a5,0x4
    80001ef2:	40000737          	lui	a4,0x40000
    80001ef6:	00e7f563          	bgeu	a5,a4,80001f00 <__hi0bits+0x3a>
    80001efa:	2509                	addiw	a0,a0,2
    80001efc:	0027979b          	slliw	a5,a5,0x2
    80001f00:	0007c963          	bltz	a5,80001f12 <__hi0bits+0x4c>
    80001f04:	02179713          	slli	a4,a5,0x21
    80001f08:	2505                	addiw	a0,a0,1
    80001f0a:	00074463          	bltz	a4,80001f12 <__hi0bits+0x4c>
    80001f0e:	02000513          	li	a0,32
    80001f12:	8082                	ret

0000000080001f14 <__lo0bits>:
    80001f14:	411c                	lw	a5,0(a0)
    80001f16:	872a                	mv	a4,a0
    80001f18:	0077f613          	andi	a2,a5,7
    80001f1c:	86be                	mv	a3,a5
    80001f1e:	c20d                	beqz	a2,80001f40 <__lo0bits+0x2c>
    80001f20:	0017f613          	andi	a2,a5,1
    80001f24:	4501                	li	a0,0
    80001f26:	e235                	bnez	a2,80001f8a <__lo0bits+0x76>
    80001f28:	8a89                	andi	a3,a3,2
    80001f2a:	c691                	beqz	a3,80001f36 <__lo0bits+0x22>
    80001f2c:	0017d79b          	srliw	a5,a5,0x1
    80001f30:	c31c                	sw	a5,0(a4)
    80001f32:	4505                	li	a0,1
    80001f34:	8082                	ret
    80001f36:	0027d79b          	srliw	a5,a5,0x2
    80001f3a:	c31c                	sw	a5,0(a4)
    80001f3c:	4509                	li	a0,2
    80001f3e:	8082                	ret
    80001f40:	03079693          	slli	a3,a5,0x30
    80001f44:	92c1                	srli	a3,a3,0x30
    80001f46:	4501                	li	a0,0
    80001f48:	e681                	bnez	a3,80001f50 <__lo0bits+0x3c>
    80001f4a:	0107d79b          	srliw	a5,a5,0x10
    80001f4e:	4541                	li	a0,16
    80001f50:	0ff7f693          	zext.b	a3,a5
    80001f54:	e681                	bnez	a3,80001f5c <__lo0bits+0x48>
    80001f56:	2521                	addiw	a0,a0,8
    80001f58:	0087d79b          	srliw	a5,a5,0x8
    80001f5c:	00f7f693          	andi	a3,a5,15
    80001f60:	e681                	bnez	a3,80001f68 <__lo0bits+0x54>
    80001f62:	2511                	addiw	a0,a0,4
    80001f64:	0047d79b          	srliw	a5,a5,0x4
    80001f68:	0037f693          	andi	a3,a5,3
    80001f6c:	e681                	bnez	a3,80001f74 <__lo0bits+0x60>
    80001f6e:	2509                	addiw	a0,a0,2
    80001f70:	0027d79b          	srliw	a5,a5,0x2
    80001f74:	0017f693          	andi	a3,a5,1
    80001f78:	e689                	bnez	a3,80001f82 <__lo0bits+0x6e>
    80001f7a:	0017d79b          	srliw	a5,a5,0x1
    80001f7e:	2505                	addiw	a0,a0,1
    80001f80:	c399                	beqz	a5,80001f86 <__lo0bits+0x72>
    80001f82:	c31c                	sw	a5,0(a4)
    80001f84:	8082                	ret
    80001f86:	02000513          	li	a0,32
    80001f8a:	8082                	ret

0000000080001f8c <__i2b>:
    80001f8c:	1141                	addi	sp,sp,-16
    80001f8e:	e022                	sd	s0,0(sp)
    80001f90:	842e                	mv	s0,a1
    80001f92:	4585                	li	a1,1
    80001f94:	e406                	sd	ra,8(sp)
    80001f96:	c9fff0ef          	jal	80001c34 <_Balloc>
    80001f9a:	ed11                	bnez	a0,80001fb6 <__i2b+0x2a>
    80001f9c:	00002697          	auipc	a3,0x2
    80001fa0:	39c68693          	addi	a3,a3,924 # 80004338 <__tbss_end+0x13a>
    80001fa4:	4601                	li	a2,0
    80001fa6:	14500593          	li	a1,325
    80001faa:	00002517          	auipc	a0,0x2
    80001fae:	3a650513          	addi	a0,a0,934 # 80004350 <__tbss_end+0x152>
    80001fb2:	5b2010ef          	jal	80003564 <__assert_func>
    80001fb6:	60a2                	ld	ra,8(sp)
    80001fb8:	cd00                	sw	s0,24(a0)
    80001fba:	6402                	ld	s0,0(sp)
    80001fbc:	4705                	li	a4,1
    80001fbe:	c958                	sw	a4,20(a0)
    80001fc0:	0141                	addi	sp,sp,16
    80001fc2:	8082                	ret

0000000080001fc4 <__multiply>:
    80001fc4:	49d8                	lw	a4,20(a1)
    80001fc6:	4a5c                	lw	a5,20(a2)
    80001fc8:	7179                	addi	sp,sp,-48
    80001fca:	f022                	sd	s0,32(sp)
    80001fcc:	e84a                	sd	s2,16(sp)
    80001fce:	f406                	sd	ra,40(sp)
    80001fd0:	ec26                	sd	s1,24(sp)
    80001fd2:	e44e                	sd	s3,8(sp)
    80001fd4:	e052                	sd	s4,0(sp)
    80001fd6:	892e                	mv	s2,a1
    80001fd8:	8432                	mv	s0,a2
    80001fda:	00f74463          	blt	a4,a5,80001fe2 <__multiply+0x1e>
    80001fde:	842e                	mv	s0,a1
    80001fe0:	8932                	mv	s2,a2
    80001fe2:	01442a03          	lw	s4,20(s0)
    80001fe6:	01492983          	lw	s3,20(s2)
    80001fea:	445c                	lw	a5,12(s0)
    80001fec:	440c                	lw	a1,8(s0)
    80001fee:	013a04bb          	addw	s1,s4,s3
    80001ff2:	0097d363          	bge	a5,s1,80001ff8 <__multiply+0x34>
    80001ff6:	2585                	addiw	a1,a1,1
    80001ff8:	c3dff0ef          	jal	80001c34 <_Balloc>
    80001ffc:	ed11                	bnez	a0,80002018 <__multiply+0x54>
    80001ffe:	00002697          	auipc	a3,0x2
    80002002:	33a68693          	addi	a3,a3,826 # 80004338 <__tbss_end+0x13a>
    80002006:	4601                	li	a2,0
    80002008:	16200593          	li	a1,354
    8000200c:	00002517          	auipc	a0,0x2
    80002010:	34450513          	addi	a0,a0,836 # 80004350 <__tbss_end+0x152>
    80002014:	550010ef          	jal	80003564 <__assert_func>
    80002018:	01850693          	addi	a3,a0,24
    8000201c:	00249813          	slli	a6,s1,0x2
    80002020:	9836                	add	a6,a6,a3
    80002022:	87b6                	mv	a5,a3
    80002024:	0507ea63          	bltu	a5,a6,80002078 <__multiply+0xb4>
    80002028:	01840313          	addi	t1,s0,24
    8000202c:	002a1613          	slli	a2,s4,0x2
    80002030:	01890593          	addi	a1,s2,24
    80002034:	00299893          	slli	a7,s3,0x2
    80002038:	961a                	add	a2,a2,t1
    8000203a:	01940793          	addi	a5,s0,25
    8000203e:	98ae                	add	a7,a7,a1
    80002040:	4e11                	li	t3,4
    80002042:	00f66863          	bltu	a2,a5,80002052 <__multiply+0x8e>
    80002046:	40860433          	sub	s0,a2,s0
    8000204a:	141d                	addi	s0,s0,-25
    8000204c:	9871                	andi	s0,s0,-4
    8000204e:	00440e13          	addi	t3,s0,4
    80002052:	6ec1                	lui	t4,0x10
    80002054:	1efd                	addi	t4,t4,-1 # ffff <__stack_size+0x7fff>
    80002056:	0315e563          	bltu	a1,a7,80002080 <__multiply+0xbc>
    8000205a:	00905663          	blez	s1,80002066 <__multiply+0xa2>
    8000205e:	ffc82783          	lw	a5,-4(a6)
    80002062:	1871                	addi	a6,a6,-4
    80002064:	cbed                	beqz	a5,80002156 <__multiply+0x192>
    80002066:	70a2                	ld	ra,40(sp)
    80002068:	7402                	ld	s0,32(sp)
    8000206a:	c944                	sw	s1,20(a0)
    8000206c:	6942                	ld	s2,16(sp)
    8000206e:	64e2                	ld	s1,24(sp)
    80002070:	69a2                	ld	s3,8(sp)
    80002072:	6a02                	ld	s4,0(sp)
    80002074:	6145                	addi	sp,sp,48
    80002076:	8082                	ret
    80002078:	0007a023          	sw	zero,0(a5)
    8000207c:	0791                	addi	a5,a5,4
    8000207e:	b75d                	j	80002024 <__multiply+0x60>
    80002080:	0005af03          	lw	t5,0(a1)
    80002084:	01df7f33          	and	t5,t5,t4
    80002088:	060f0163          	beqz	t5,800020ea <__multiply+0x126>
    8000208c:	82b6                	mv	t0,a3
    8000208e:	8f9a                	mv	t6,t1
    80002090:	4401                	li	s0,0
    80002092:	000fa783          	lw	a5,0(t6)
    80002096:	0002a383          	lw	t2,0(t0)
    8000209a:	0f91                	addi	t6,t6,4
    8000209c:	01d7f733          	and	a4,a5,t4
    800020a0:	03e7073b          	mulw	a4,a4,t5
    800020a4:	0107d79b          	srliw	a5,a5,0x10
    800020a8:	01d3f933          	and	s2,t2,t4
    800020ac:	0103d39b          	srliw	t2,t2,0x10
    800020b0:	0291                	addi	t0,t0,4
    800020b2:	03e787bb          	mulw	a5,a5,t5
    800020b6:	0127073b          	addw	a4,a4,s2
    800020ba:	9f21                	addw	a4,a4,s0
    800020bc:	007787bb          	addw	a5,a5,t2
    800020c0:	0107539b          	srliw	t2,a4,0x10
    800020c4:	007787bb          	addw	a5,a5,t2
    800020c8:	0107d39b          	srliw	t2,a5,0x10
    800020cc:	0107d41b          	srliw	s0,a5,0x10
    800020d0:	00eef733          	and	a4,t4,a4
    800020d4:	0107979b          	slliw	a5,a5,0x10
    800020d8:	8f5d                	or	a4,a4,a5
    800020da:	fee2ae23          	sw	a4,-4(t0)
    800020de:	facfeae3          	bltu	t6,a2,80002092 <__multiply+0xce>
    800020e2:	01c687b3          	add	a5,a3,t3
    800020e6:	0077a023          	sw	t2,0(a5)
    800020ea:	0025d383          	lhu	t2,2(a1)
    800020ee:	06038163          	beqz	t2,80002150 <__multiply+0x18c>
    800020f2:	4298                	lw	a4,0(a3)
    800020f4:	8f1a                	mv	t5,t1
    800020f6:	8fb6                	mv	t6,a3
    800020f8:	4281                	li	t0,0
    800020fa:	000f2783          	lw	a5,0(t5)
    800020fe:	002fd403          	lhu	s0,2(t6)
    80002102:	01d77733          	and	a4,a4,t4
    80002106:	01d7f7b3          	and	a5,a5,t4
    8000210a:	027787bb          	mulw	a5,a5,t2
    8000210e:	0f11                	addi	t5,t5,4
    80002110:	0f91                	addi	t6,t6,4
    80002112:	9fa1                	addw	a5,a5,s0
    80002114:	005787bb          	addw	a5,a5,t0
    80002118:	0107929b          	slliw	t0,a5,0x10
    8000211c:	00576733          	or	a4,a4,t0
    80002120:	feefae23          	sw	a4,-4(t6)
    80002124:	ffef5703          	lhu	a4,-2(t5)
    80002128:	000fa283          	lw	t0,0(t6)
    8000212c:	0107d79b          	srliw	a5,a5,0x10
    80002130:	0277073b          	mulw	a4,a4,t2
    80002134:	01d2f2b3          	and	t0,t0,t4
    80002138:	0057073b          	addw	a4,a4,t0
    8000213c:	9fb9                	addw	a5,a5,a4
    8000213e:	0007871b          	sext.w	a4,a5
    80002142:	0107d29b          	srliw	t0,a5,0x10
    80002146:	facf6ae3          	bltu	t5,a2,800020fa <__multiply+0x136>
    8000214a:	01c68733          	add	a4,a3,t3
    8000214e:	c31c                	sw	a5,0(a4)
    80002150:	0591                	addi	a1,a1,4
    80002152:	0691                	addi	a3,a3,4
    80002154:	b709                	j	80002056 <__multiply+0x92>
    80002156:	34fd                	addiw	s1,s1,-1
    80002158:	b709                	j	8000205a <__multiply+0x96>

000000008000215a <__pow5mult>:
    8000215a:	7179                	addi	sp,sp,-48
    8000215c:	ec26                	sd	s1,24(sp)
    8000215e:	e84a                	sd	s2,16(sp)
    80002160:	e44e                	sd	s3,8(sp)
    80002162:	f406                	sd	ra,40(sp)
    80002164:	f022                	sd	s0,32(sp)
    80002166:	e052                	sd	s4,0(sp)
    80002168:	00367793          	andi	a5,a2,3
    8000216c:	892a                	mv	s2,a0
    8000216e:	84b2                	mv	s1,a2
    80002170:	89ae                	mv	s3,a1
    80002172:	cf89                	beqz	a5,8000218c <__pow5mult+0x32>
    80002174:	37fd                	addiw	a5,a5,-1
    80002176:	00002717          	auipc	a4,0x2
    8000217a:	3b270713          	addi	a4,a4,946 # 80004528 <p05.0>
    8000217e:	078a                	slli	a5,a5,0x2
    80002180:	97ba                	add	a5,a5,a4
    80002182:	4390                	lw	a2,0(a5)
    80002184:	4681                	li	a3,0
    80002186:	bbdff0ef          	jal	80001d42 <__multadd>
    8000218a:	89aa                	mv	s3,a0
    8000218c:	8489                	srai	s1,s1,0x2
    8000218e:	c8d9                	beqz	s1,80002224 <__pow5mult+0xca>
    80002190:	03893783          	ld	a5,56(s2)
    80002194:	ef8d                	bnez	a5,800021ce <__pow5mult+0x74>
    80002196:	02000513          	li	a0,32
    8000219a:	8f3ff0ef          	jal	80001a8c <malloc>
    8000219e:	02a93c23          	sd	a0,56(s2)
    800021a2:	ed11                	bnez	a0,800021be <__pow5mult+0x64>
    800021a4:	00002697          	auipc	a3,0x2
    800021a8:	0f468693          	addi	a3,a3,244 # 80004298 <__tbss_end+0x9a>
    800021ac:	4601                	li	a2,0
    800021ae:	1b300593          	li	a1,435
    800021b2:	00002517          	auipc	a0,0x2
    800021b6:	19e50513          	addi	a0,a0,414 # 80004350 <__tbss_end+0x152>
    800021ba:	3aa010ef          	jal	80003564 <__assert_func>
    800021be:	00052423          	sw	zero,8(a0)
    800021c2:	00053823          	sd	zero,16(a0)
    800021c6:	00053023          	sd	zero,0(a0)
    800021ca:	00053c23          	sd	zero,24(a0)
    800021ce:	03893a03          	ld	s4,56(s2)
    800021d2:	010a3403          	ld	s0,16(s4)
    800021d6:	e819                	bnez	s0,800021ec <__pow5mult+0x92>
    800021d8:	27100593          	li	a1,625
    800021dc:	854a                	mv	a0,s2
    800021de:	dafff0ef          	jal	80001f8c <__i2b>
    800021e2:	00aa3823          	sd	a0,16(s4)
    800021e6:	842a                	mv	s0,a0
    800021e8:	00053023          	sd	zero,0(a0)
    800021ec:	0014f793          	andi	a5,s1,1
    800021f0:	cf81                	beqz	a5,80002208 <__pow5mult+0xae>
    800021f2:	85ce                	mv	a1,s3
    800021f4:	8622                	mv	a2,s0
    800021f6:	854a                	mv	a0,s2
    800021f8:	dcdff0ef          	jal	80001fc4 <__multiply>
    800021fc:	8a2a                	mv	s4,a0
    800021fe:	85ce                	mv	a1,s3
    80002200:	854a                	mv	a0,s2
    80002202:	adfff0ef          	jal	80001ce0 <_Bfree>
    80002206:	89d2                	mv	s3,s4
    80002208:	8485                	srai	s1,s1,0x1
    8000220a:	cc89                	beqz	s1,80002224 <__pow5mult+0xca>
    8000220c:	6008                	ld	a0,0(s0)
    8000220e:	e909                	bnez	a0,80002220 <__pow5mult+0xc6>
    80002210:	8622                	mv	a2,s0
    80002212:	85a2                	mv	a1,s0
    80002214:	854a                	mv	a0,s2
    80002216:	dafff0ef          	jal	80001fc4 <__multiply>
    8000221a:	e008                	sd	a0,0(s0)
    8000221c:	00053023          	sd	zero,0(a0)
    80002220:	842a                	mv	s0,a0
    80002222:	b7e9                	j	800021ec <__pow5mult+0x92>
    80002224:	70a2                	ld	ra,40(sp)
    80002226:	7402                	ld	s0,32(sp)
    80002228:	64e2                	ld	s1,24(sp)
    8000222a:	6942                	ld	s2,16(sp)
    8000222c:	6a02                	ld	s4,0(sp)
    8000222e:	854e                	mv	a0,s3
    80002230:	69a2                	ld	s3,8(sp)
    80002232:	6145                	addi	sp,sp,48
    80002234:	8082                	ret

0000000080002236 <__lshift>:
    80002236:	715d                	addi	sp,sp,-80
    80002238:	e0a2                	sd	s0,64(sp)
    8000223a:	842e                	mv	s0,a1
    8000223c:	e85a                	sd	s6,16(sp)
    8000223e:	01442b03          	lw	s6,20(s0)
    80002242:	f44e                	sd	s3,40(sp)
    80002244:	458c                	lw	a1,8(a1)
    80002246:	4056599b          	sraiw	s3,a2,0x5
    8000224a:	445c                	lw	a5,12(s0)
    8000224c:	01698b3b          	addw	s6,s3,s6
    80002250:	fc26                	sd	s1,56(sp)
    80002252:	f84a                	sd	s2,48(sp)
    80002254:	ec56                	sd	s5,24(sp)
    80002256:	e45e                	sd	s7,8(sp)
    80002258:	e486                	sd	ra,72(sp)
    8000225a:	f052                	sd	s4,32(sp)
    8000225c:	892a                	mv	s2,a0
    8000225e:	84b2                	mv	s1,a2
    80002260:	40565b93          	srai	s7,a2,0x5
    80002264:	001b0a9b          	addiw	s5,s6,1
    80002268:	0357c463          	blt	a5,s5,80002290 <__lshift+0x5a>
    8000226c:	854a                	mv	a0,s2
    8000226e:	9c7ff0ef          	jal	80001c34 <_Balloc>
    80002272:	8a2a                	mv	s4,a0
    80002274:	e115                	bnez	a0,80002298 <__lshift+0x62>
    80002276:	00002697          	auipc	a3,0x2
    8000227a:	0c268693          	addi	a3,a3,194 # 80004338 <__tbss_end+0x13a>
    8000227e:	4601                	li	a2,0
    80002280:	1de00593          	li	a1,478
    80002284:	00002517          	auipc	a0,0x2
    80002288:	0cc50513          	addi	a0,a0,204 # 80004350 <__tbss_end+0x152>
    8000228c:	2d8010ef          	jal	80003564 <__assert_func>
    80002290:	2585                	addiw	a1,a1,1
    80002292:	0017979b          	slliw	a5,a5,0x1
    80002296:	bfc9                	j	80002268 <__lshift+0x32>
    80002298:	01850693          	addi	a3,a0,24
    8000229c:	8736                	mv	a4,a3
    8000229e:	4781                	li	a5,0
    800022a0:	0977c363          	blt	a5,s7,80002326 <__lshift+0xf0>
    800022a4:	000bd363          	bgez	s7,800022aa <__lshift+0x74>
    800022a8:	4981                	li	s3,0
    800022aa:	4858                	lw	a4,20(s0)
    800022ac:	098a                	slli	s3,s3,0x2
    800022ae:	01840793          	addi	a5,s0,24
    800022b2:	070a                	slli	a4,a4,0x2
    800022b4:	88fd                	andi	s1,s1,31
    800022b6:	96ce                	add	a3,a3,s3
    800022b8:	973e                	add	a4,a4,a5
    800022ba:	c8bd                	beqz	s1,80002330 <__lshift+0xfa>
    800022bc:	02000813          	li	a6,32
    800022c0:	4098083b          	subw	a6,a6,s1
    800022c4:	8536                	mv	a0,a3
    800022c6:	4601                	li	a2,0
    800022c8:	438c                	lw	a1,0(a5)
    800022ca:	009595bb          	sllw	a1,a1,s1
    800022ce:	8e4d                	or	a2,a2,a1
    800022d0:	c110                	sw	a2,0(a0)
    800022d2:	438c                	lw	a1,0(a5)
    800022d4:	0791                	addi	a5,a5,4
    800022d6:	0511                	addi	a0,a0,4
    800022d8:	0105d63b          	srlw	a2,a1,a6
    800022dc:	85b2                	mv	a1,a2
    800022de:	fee7e5e3          	bltu	a5,a4,800022c8 <__lshift+0x92>
    800022e2:	01940513          	addi	a0,s0,25
    800022e6:	4791                	li	a5,4
    800022e8:	00a76763          	bltu	a4,a0,800022f6 <__lshift+0xc0>
    800022ec:	8f01                	sub	a4,a4,s0
    800022ee:	171d                	addi	a4,a4,-25
    800022f0:	9b71                	andi	a4,a4,-4
    800022f2:	00470793          	addi	a5,a4,4
    800022f6:	97b6                	add	a5,a5,a3
    800022f8:	c38c                	sw	a1,0(a5)
    800022fa:	c219                	beqz	a2,80002300 <__lshift+0xca>
    800022fc:	002b0a9b          	addiw	s5,s6,2
    80002300:	3afd                	addiw	s5,s5,-1
    80002302:	015a2a23          	sw	s5,20(s4)
    80002306:	854a                	mv	a0,s2
    80002308:	85a2                	mv	a1,s0
    8000230a:	9d7ff0ef          	jal	80001ce0 <_Bfree>
    8000230e:	60a6                	ld	ra,72(sp)
    80002310:	6406                	ld	s0,64(sp)
    80002312:	74e2                	ld	s1,56(sp)
    80002314:	7942                	ld	s2,48(sp)
    80002316:	79a2                	ld	s3,40(sp)
    80002318:	6ae2                	ld	s5,24(sp)
    8000231a:	6b42                	ld	s6,16(sp)
    8000231c:	6ba2                	ld	s7,8(sp)
    8000231e:	8552                	mv	a0,s4
    80002320:	7a02                	ld	s4,32(sp)
    80002322:	6161                	addi	sp,sp,80
    80002324:	8082                	ret
    80002326:	00072023          	sw	zero,0(a4)
    8000232a:	2785                	addiw	a5,a5,1
    8000232c:	0711                	addi	a4,a4,4
    8000232e:	bf8d                	j	800022a0 <__lshift+0x6a>
    80002330:	4390                	lw	a2,0(a5)
    80002332:	0791                	addi	a5,a5,4
    80002334:	c290                	sw	a2,0(a3)
    80002336:	0691                	addi	a3,a3,4
    80002338:	fee7ece3          	bltu	a5,a4,80002330 <__lshift+0xfa>
    8000233c:	b7d1                	j	80002300 <__lshift+0xca>

000000008000233e <__mcmp>:
    8000233e:	49d8                	lw	a4,20(a1)
    80002340:	87aa                	mv	a5,a0
    80002342:	4948                	lw	a0,20(a0)
    80002344:	9d19                	subw	a0,a0,a4
    80002346:	e505                	bnez	a0,8000236e <__mcmp+0x30>
    80002348:	070a                	slli	a4,a4,0x2
    8000234a:	07e1                	addi	a5,a5,24
    8000234c:	05e1                	addi	a1,a1,24
    8000234e:	00e786b3          	add	a3,a5,a4
    80002352:	95ba                	add	a1,a1,a4
    80002354:	16f1                	addi	a3,a3,-4
    80002356:	15f1                	addi	a1,a1,-4
    80002358:	4290                	lw	a2,0(a3)
    8000235a:	4198                	lw	a4,0(a1)
    8000235c:	00e60763          	beq	a2,a4,8000236a <__mcmp+0x2c>
    80002360:	4505                	li	a0,1
    80002362:	00e67663          	bgeu	a2,a4,8000236e <__mcmp+0x30>
    80002366:	557d                	li	a0,-1
    80002368:	8082                	ret
    8000236a:	fed7e5e3          	bltu	a5,a3,80002354 <__mcmp+0x16>
    8000236e:	8082                	ret

0000000080002370 <__mdiff>:
    80002370:	7179                	addi	sp,sp,-48
    80002372:	ec26                	sd	s1,24(sp)
    80002374:	84ae                	mv	s1,a1
    80002376:	e84a                	sd	s2,16(sp)
    80002378:	85b2                	mv	a1,a2
    8000237a:	892a                	mv	s2,a0
    8000237c:	8526                	mv	a0,s1
    8000237e:	f022                	sd	s0,32(sp)
    80002380:	f406                	sd	ra,40(sp)
    80002382:	e44e                	sd	s3,8(sp)
    80002384:	8432                	mv	s0,a2
    80002386:	fb9ff0ef          	jal	8000233e <__mcmp>
    8000238a:	ed15                	bnez	a0,800023c6 <__mdiff+0x56>
    8000238c:	4581                	li	a1,0
    8000238e:	854a                	mv	a0,s2
    80002390:	8a5ff0ef          	jal	80001c34 <_Balloc>
    80002394:	ed11                	bnez	a0,800023b0 <__mdiff+0x40>
    80002396:	00002697          	auipc	a3,0x2
    8000239a:	fa268693          	addi	a3,a3,-94 # 80004338 <__tbss_end+0x13a>
    8000239e:	4601                	li	a2,0
    800023a0:	23700593          	li	a1,567
    800023a4:	00002517          	auipc	a0,0x2
    800023a8:	fac50513          	addi	a0,a0,-84 # 80004350 <__tbss_end+0x152>
    800023ac:	1b8010ef          	jal	80003564 <__assert_func>
    800023b0:	4785                	li	a5,1
    800023b2:	c95c                	sw	a5,20(a0)
    800023b4:	00052c23          	sw	zero,24(a0)
    800023b8:	70a2                	ld	ra,40(sp)
    800023ba:	7402                	ld	s0,32(sp)
    800023bc:	64e2                	ld	s1,24(sp)
    800023be:	6942                	ld	s2,16(sp)
    800023c0:	69a2                	ld	s3,8(sp)
    800023c2:	6145                	addi	sp,sp,48
    800023c4:	8082                	ret
    800023c6:	4981                	li	s3,0
    800023c8:	00055663          	bgez	a0,800023d4 <__mdiff+0x64>
    800023cc:	87a6                	mv	a5,s1
    800023ce:	4985                	li	s3,1
    800023d0:	84a2                	mv	s1,s0
    800023d2:	843e                	mv	s0,a5
    800023d4:	448c                	lw	a1,8(s1)
    800023d6:	854a                	mv	a0,s2
    800023d8:	85dff0ef          	jal	80001c34 <_Balloc>
    800023dc:	e909                	bnez	a0,800023ee <__mdiff+0x7e>
    800023de:	00002697          	auipc	a3,0x2
    800023e2:	f5a68693          	addi	a3,a3,-166 # 80004338 <__tbss_end+0x13a>
    800023e6:	4601                	li	a2,0
    800023e8:	24500593          	li	a1,581
    800023ec:	bf65                	j	800023a4 <__mdiff+0x34>
    800023ee:	0144a803          	lw	a6,20(s1)
    800023f2:	4858                	lw	a4,20(s0)
    800023f4:	01848313          	addi	t1,s1,24
    800023f8:	00281613          	slli	a2,a6,0x2
    800023fc:	01840793          	addi	a5,s0,24
    80002400:	070a                	slli	a4,a4,0x2
    80002402:	6ec1                	lui	t4,0x10
    80002404:	01352823          	sw	s3,16(a0)
    80002408:	961a                	add	a2,a2,t1
    8000240a:	97ba                	add	a5,a5,a4
    8000240c:	01850593          	addi	a1,a0,24
    80002410:	4e61                	li	t3,24
    80002412:	4881                	li	a7,0
    80002414:	1efd                	addi	t4,t4,-1 # ffff <__stack_size+0x7fff>
    80002416:	01c406b3          	add	a3,s0,t3
    8000241a:	01c48733          	add	a4,s1,t3
    8000241e:	0006af03          	lw	t5,0(a3)
    80002422:	4318                	lw	a4,0(a4)
    80002424:	01df7fb3          	and	t6,t5,t4
    80002428:	01d776b3          	and	a3,a4,t4
    8000242c:	41f686bb          	subw	a3,a3,t6
    80002430:	011686bb          	addw	a3,a3,a7
    80002434:	010f5f1b          	srliw	t5,t5,0x10
    80002438:	0107571b          	srliw	a4,a4,0x10
    8000243c:	4106d89b          	sraiw	a7,a3,0x10
    80002440:	41e7073b          	subw	a4,a4,t5
    80002444:	0117073b          	addw	a4,a4,a7
    80002448:	4107589b          	sraiw	a7,a4,0x10
    8000244c:	00def6b3          	and	a3,t4,a3
    80002450:	0107171b          	slliw	a4,a4,0x10
    80002454:	01c50f33          	add	t5,a0,t3
    80002458:	8ed9                	or	a3,a3,a4
    8000245a:	0e11                	addi	t3,t3,4
    8000245c:	00df2023          	sw	a3,0(t5)
    80002460:	008e0733          	add	a4,t3,s0
    80002464:	faf769e3          	bltu	a4,a5,80002416 <__mdiff+0xa6>
    80002468:	01940693          	addi	a3,s0,25
    8000246c:	4711                	li	a4,4
    8000246e:	00d7e763          	bltu	a5,a3,8000247c <__mdiff+0x10c>
    80002472:	8f81                	sub	a5,a5,s0
    80002474:	179d                	addi	a5,a5,-25
    80002476:	9bf1                	andi	a5,a5,-4
    80002478:	00478713          	addi	a4,a5,4
    8000247c:	00e586b3          	add	a3,a1,a4
    80002480:	933a                	add	t1,t1,a4
    80002482:	6e41                	lui	t3,0x10
    80002484:	8eb6                	mv	t4,a3
    80002486:	859a                	mv	a1,t1
    80002488:	1e7d                	addi	t3,t3,-1 # ffff <__stack_size+0x7fff>
    8000248a:	02c5e463          	bltu	a1,a2,800024b2 <__mdiff+0x142>
    8000248e:	ffd30793          	addi	a5,t1,-3
    80002492:	4701                	li	a4,0
    80002494:	00f66763          	bltu	a2,a5,800024a2 <__mdiff+0x132>
    80002498:	060d                	addi	a2,a2,3
    8000249a:	40660633          	sub	a2,a2,t1
    8000249e:	ffc67713          	andi	a4,a2,-4
    800024a2:	00e687b3          	add	a5,a3,a4
    800024a6:	17f1                	addi	a5,a5,-4
    800024a8:	4398                	lw	a4,0(a5)
    800024aa:	cf1d                	beqz	a4,800024e8 <__mdiff+0x178>
    800024ac:	01052a23          	sw	a6,20(a0)
    800024b0:	b721                	j	800023b8 <__mdiff+0x48>
    800024b2:	4198                	lw	a4,0(a1)
    800024b4:	00088f1b          	sext.w	t5,a7
    800024b8:	0591                	addi	a1,a1,4
    800024ba:	01c777b3          	and	a5,a4,t3
    800024be:	011787bb          	addw	a5,a5,a7
    800024c2:	4107d79b          	sraiw	a5,a5,0x10
    800024c6:	0107589b          	srliw	a7,a4,0x10
    800024ca:	011787bb          	addw	a5,a5,a7
    800024ce:	01e7073b          	addw	a4,a4,t5
    800024d2:	4107d89b          	sraiw	a7,a5,0x10
    800024d6:	01c77733          	and	a4,a4,t3
    800024da:	0107979b          	slliw	a5,a5,0x10
    800024de:	8f5d                	or	a4,a4,a5
    800024e0:	00eea023          	sw	a4,0(t4)
    800024e4:	0e91                	addi	t4,t4,4
    800024e6:	b755                	j	8000248a <__mdiff+0x11a>
    800024e8:	387d                	addiw	a6,a6,-1
    800024ea:	bf75                	j	800024a6 <__mdiff+0x136>

00000000800024ec <__ulp>:
    800024ec:	e20507d3          	fmv.x.d	a5,fa0
    800024f0:	7ff00737          	lui	a4,0x7ff00
    800024f4:	9381                	srli	a5,a5,0x20
    800024f6:	8f7d                	and	a4,a4,a5
    800024f8:	fcc007b7          	lui	a5,0xfcc00
    800024fc:	9f3d                	addw	a4,a4,a5
    800024fe:	00e04d63          	bgtz	a4,80002518 <__ulp+0x2c>
    80002502:	40e007bb          	negw	a5,a4
    80002506:	4147d69b          	sraiw	a3,a5,0x14
    8000250a:	474d                	li	a4,19
    8000250c:	00d74863          	blt	a4,a3,8000251c <__ulp+0x30>
    80002510:	00080737          	lui	a4,0x80
    80002514:	40d7573b          	sraw	a4,a4,a3
    80002518:	4681                	li	a3,0
    8000251a:	a821                	j	80002532 <__ulp+0x46>
    8000251c:	fec6879b          	addiw	a5,a3,-20
    80002520:	4779                	li	a4,30
    80002522:	4685                	li	a3,1
    80002524:	00f74663          	blt	a4,a5,80002530 <__ulp+0x44>
    80002528:	800006b7          	lui	a3,0x80000
    8000252c:	00f6d6bb          	srlw	a3,a3,a5
    80002530:	4701                	li	a4,0
    80002532:	1682                	slli	a3,a3,0x20
    80002534:	9281                	srli	a3,a3,0x20
    80002536:	1702                	slli	a4,a4,0x20
    80002538:	8f55                	or	a4,a4,a3
    8000253a:	f2070553          	fmv.d.x	fa0,a4
    8000253e:	8082                	ret

0000000080002540 <__b2d>:
    80002540:	7179                	addi	sp,sp,-48
    80002542:	ec26                	sd	s1,24(sp)
    80002544:	4944                	lw	s1,20(a0)
    80002546:	e44e                	sd	s3,8(sp)
    80002548:	01850993          	addi	s3,a0,24
    8000254c:	048a                	slli	s1,s1,0x2
    8000254e:	94ce                	add	s1,s1,s3
    80002550:	f022                	sd	s0,32(sp)
    80002552:	ffc4a403          	lw	s0,-4(s1)
    80002556:	e84a                	sd	s2,16(sp)
    80002558:	e052                	sd	s4,0(sp)
    8000255a:	8522                	mv	a0,s0
    8000255c:	8a2e                	mv	s4,a1
    8000255e:	f406                	sd	ra,40(sp)
    80002560:	967ff0ef          	jal	80001ec6 <__hi0bits>
    80002564:	02000793          	li	a5,32
    80002568:	9f89                	subw	a5,a5,a0
    8000256a:	00fa2023          	sw	a5,0(s4)
    8000256e:	47a9                	li	a5,10
    80002570:	ffc48913          	addi	s2,s1,-4
    80002574:	04a7c663          	blt	a5,a0,800025c0 <__b2d+0x80>
    80002578:	46ad                	li	a3,11
    8000257a:	9e89                	subw	a3,a3,a0
    8000257c:	3ff00737          	lui	a4,0x3ff00
    80002580:	00d457bb          	srlw	a5,s0,a3
    80002584:	8fd9                	or	a5,a5,a4
    80002586:	1782                	slli	a5,a5,0x20
    80002588:	4701                	li	a4,0
    8000258a:	0129f463          	bgeu	s3,s2,80002592 <__b2d+0x52>
    8000258e:	ff84a703          	lw	a4,-8(s1)
    80002592:	2555                	addiw	a0,a0,21
    80002594:	00d7573b          	srlw	a4,a4,a3
    80002598:	00a4143b          	sllw	s0,s0,a0
    8000259c:	8c59                	or	s0,s0,a4
    8000259e:	0004071b          	sext.w	a4,s0
    800025a2:	70a2                	ld	ra,40(sp)
    800025a4:	7402                	ld	s0,32(sp)
    800025a6:	1702                	slli	a4,a4,0x20
    800025a8:	9381                	srli	a5,a5,0x20
    800025aa:	9301                	srli	a4,a4,0x20
    800025ac:	1782                	slli	a5,a5,0x20
    800025ae:	8fd9                	or	a5,a5,a4
    800025b0:	64e2                	ld	s1,24(sp)
    800025b2:	6942                	ld	s2,16(sp)
    800025b4:	69a2                	ld	s3,8(sp)
    800025b6:	6a02                	ld	s4,0(sp)
    800025b8:	f2078553          	fmv.d.x	fa0,a5
    800025bc:	6145                	addi	sp,sp,48
    800025be:	8082                	ret
    800025c0:	4701                	li	a4,0
    800025c2:	0129f663          	bgeu	s3,s2,800025ce <__b2d+0x8e>
    800025c6:	ff84a703          	lw	a4,-8(s1)
    800025ca:	ff848913          	addi	s2,s1,-8
    800025ce:	ff55059b          	addiw	a1,a0,-11
    800025d2:	c995                	beqz	a1,80002606 <__b2d+0xc6>
    800025d4:	02000613          	li	a2,32
    800025d8:	9e0d                	subw	a2,a2,a1
    800025da:	00c757bb          	srlw	a5,a4,a2
    800025de:	00b4143b          	sllw	s0,s0,a1
    800025e2:	8c5d                	or	s0,s0,a5
    800025e4:	3ff007b7          	lui	a5,0x3ff00
    800025e8:	8c5d                	or	s0,s0,a5
    800025ea:	02041793          	slli	a5,s0,0x20
    800025ee:	4681                	li	a3,0
    800025f0:	0129f463          	bgeu	s3,s2,800025f8 <__b2d+0xb8>
    800025f4:	ffc92683          	lw	a3,-4(s2)
    800025f8:	00b7173b          	sllw	a4,a4,a1
    800025fc:	00c6d6bb          	srlw	a3,a3,a2
    80002600:	8f55                	or	a4,a4,a3
    80002602:	2701                	sext.w	a4,a4
    80002604:	bf79                	j	800025a2 <__b2d+0x62>
    80002606:	3ff007b7          	lui	a5,0x3ff00
    8000260a:	8c5d                	or	s0,s0,a5
    8000260c:	02041793          	slli	a5,s0,0x20
    80002610:	bf49                	j	800025a2 <__b2d+0x62>

0000000080002612 <__d2b>:
    80002612:	7139                	addi	sp,sp,-64
    80002614:	ec4e                	sd	s3,24(sp)
    80002616:	89ae                	mv	s3,a1
    80002618:	4585                	li	a1,1
    8000261a:	f822                	sd	s0,48(sp)
    8000261c:	f04a                	sd	s2,32(sp)
    8000261e:	fc06                	sd	ra,56(sp)
    80002620:	f426                	sd	s1,40(sp)
    80002622:	e852                	sd	s4,16(sp)
    80002624:	e2050453          	fmv.x.d	s0,fa0
    80002628:	8932                	mv	s2,a2
    8000262a:	e0aff0ef          	jal	80001c34 <_Balloc>
    8000262e:	ed11                	bnez	a0,8000264a <__d2b+0x38>
    80002630:	00002697          	auipc	a3,0x2
    80002634:	d0868693          	addi	a3,a3,-760 # 80004338 <__tbss_end+0x13a>
    80002638:	4601                	li	a2,0
    8000263a:	30f00593          	li	a1,783
    8000263e:	00002517          	auipc	a0,0x2
    80002642:	d1250513          	addi	a0,a0,-750 # 80004350 <__tbss_end+0x152>
    80002646:	71f000ef          	jal	80003564 <__assert_func>
    8000264a:	42045493          	srai	s1,s0,0x20
    8000264e:	02c49793          	slli	a5,s1,0x2c
    80002652:	0144d49b          	srliw	s1,s1,0x14
    80002656:	7ff4f493          	andi	s1,s1,2047
    8000265a:	8a2a                	mv	s4,a0
    8000265c:	93b1                	srli	a5,a5,0x2c
    8000265e:	c481                	beqz	s1,80002666 <__d2b+0x54>
    80002660:	00100737          	lui	a4,0x100
    80002664:	8fd9                	or	a5,a5,a4
    80002666:	c63e                	sw	a5,12(sp)
    80002668:	2401                	sext.w	s0,s0
    8000266a:	c035                	beqz	s0,800026ce <__d2b+0xbc>
    8000266c:	0028                	addi	a0,sp,8
    8000266e:	c422                	sw	s0,8(sp)
    80002670:	8a5ff0ef          	jal	80001f14 <__lo0bits>
    80002674:	46b2                	lw	a3,12(sp)
    80002676:	4722                	lw	a4,8(sp)
    80002678:	c921                	beqz	a0,800026c8 <__d2b+0xb6>
    8000267a:	02000793          	li	a5,32
    8000267e:	9f89                	subw	a5,a5,a0
    80002680:	00f697bb          	sllw	a5,a3,a5
    80002684:	8f5d                	or	a4,a4,a5
    80002686:	00a6d6bb          	srlw	a3,a3,a0
    8000268a:	00ea2c23          	sw	a4,24(s4)
    8000268e:	c636                	sw	a3,12(sp)
    80002690:	4432                	lw	s0,12(sp)
    80002692:	008a2e23          	sw	s0,28(s4)
    80002696:	00803433          	snez	s0,s0
    8000269a:	0405                	addi	s0,s0,1
    8000269c:	008a2a23          	sw	s0,20(s4)
    800026a0:	c0a9                	beqz	s1,800026e2 <__d2b+0xd0>
    800026a2:	bcd4849b          	addiw	s1,s1,-1075
    800026a6:	9ca9                	addw	s1,s1,a0
    800026a8:	0099a023          	sw	s1,0(s3)
    800026ac:	03500413          	li	s0,53
    800026b0:	9c09                	subw	s0,s0,a0
    800026b2:	00892023          	sw	s0,0(s2)
    800026b6:	70e2                	ld	ra,56(sp)
    800026b8:	7442                	ld	s0,48(sp)
    800026ba:	74a2                	ld	s1,40(sp)
    800026bc:	7902                	ld	s2,32(sp)
    800026be:	69e2                	ld	s3,24(sp)
    800026c0:	8552                	mv	a0,s4
    800026c2:	6a42                	ld	s4,16(sp)
    800026c4:	6121                	addi	sp,sp,64
    800026c6:	8082                	ret
    800026c8:	00ea2c23          	sw	a4,24(s4)
    800026cc:	b7d1                	j	80002690 <__d2b+0x7e>
    800026ce:	0068                	addi	a0,sp,12
    800026d0:	845ff0ef          	jal	80001f14 <__lo0bits>
    800026d4:	47b2                	lw	a5,12(sp)
    800026d6:	0205051b          	addiw	a0,a0,32
    800026da:	4405                	li	s0,1
    800026dc:	00fa2c23          	sw	a5,24(s4)
    800026e0:	bf75                	j	8000269c <__d2b+0x8a>
    800026e2:	bce5079b          	addiw	a5,a0,-1074
    800026e6:	00f9a023          	sw	a5,0(s3)
    800026ea:	00241793          	slli	a5,s0,0x2
    800026ee:	97d2                	add	a5,a5,s4
    800026f0:	4bc8                	lw	a0,20(a5)
    800026f2:	0054141b          	slliw	s0,s0,0x5
    800026f6:	fd0ff0ef          	jal	80001ec6 <__hi0bits>
    800026fa:	bf5d                	j	800026b0 <__d2b+0x9e>

00000000800026fc <__ratio>:
    800026fc:	7139                	addi	sp,sp,-64
    800026fe:	f04a                	sd	s2,32(sp)
    80002700:	892e                	mv	s2,a1
    80002702:	002c                	addi	a1,sp,8
    80002704:	fc06                	sd	ra,56(sp)
    80002706:	f426                	sd	s1,40(sp)
    80002708:	ec4e                	sd	s3,24(sp)
    8000270a:	f822                	sd	s0,48(sp)
    8000270c:	89aa                	mv	s3,a0
    8000270e:	e33ff0ef          	jal	80002540 <__b2d>
    80002712:	006c                	addi	a1,sp,12
    80002714:	854a                	mv	a0,s2
    80002716:	e20504d3          	fmv.x.d	s1,fa0
    8000271a:	e27ff0ef          	jal	80002540 <__b2d>
    8000271e:	01492603          	lw	a2,20(s2)
    80002722:	0149a783          	lw	a5,20(s3)
    80002726:	45b2                	lw	a1,12(sp)
    80002728:	e20506d3          	fmv.x.d	a3,fa0
    8000272c:	9f91                	subw	a5,a5,a2
    8000272e:	4622                	lw	a2,8(sp)
    80002730:	0057979b          	slliw	a5,a5,0x5
    80002734:	9e0d                	subw	a2,a2,a1
    80002736:	9e3d                	addw	a2,a2,a5
    80002738:	02c05a63          	blez	a2,8000276c <__ratio+0x70>
    8000273c:	8736                	mv	a4,a3
    8000273e:	0146179b          	slliw	a5,a2,0x14
    80002742:	0204d693          	srli	a3,s1,0x20
    80002746:	547d                	li	s0,-1
    80002748:	9fb5                	addw	a5,a5,a3
    8000274a:	9001                	srli	s0,s0,0x20
    8000274c:	1782                	slli	a5,a5,0x20
    8000274e:	8c65                	and	s0,s0,s1
    80002750:	8c5d                	or	s0,s0,a5
    80002752:	f20407d3          	fmv.d.x	fa5,s0
    80002756:	70e2                	ld	ra,56(sp)
    80002758:	7442                	ld	s0,48(sp)
    8000275a:	f2070753          	fmv.d.x	fa4,a4
    8000275e:	74a2                	ld	s1,40(sp)
    80002760:	7902                	ld	s2,32(sp)
    80002762:	69e2                	ld	s3,24(sp)
    80002764:	1ae7f553          	fdiv.d	fa0,fa5,fa4
    80002768:	6121                	addi	sp,sp,64
    8000276a:	8082                	ret
    8000276c:	fff00737          	lui	a4,0xfff00
    80002770:	02c707bb          	mulw	a5,a4,a2
    80002774:	0206d713          	srli	a4,a3,0x20
    80002778:	8426                	mv	s0,s1
    8000277a:	9fb9                	addw	a5,a5,a4
    8000277c:	577d                	li	a4,-1
    8000277e:	9301                	srli	a4,a4,0x20
    80002780:	1782                	slli	a5,a5,0x20
    80002782:	8f75                	and	a4,a4,a3
    80002784:	8f5d                	or	a4,a4,a5
    80002786:	b7f1                	j	80002752 <__ratio+0x56>

0000000080002788 <_mprec_log10>:
    80002788:	47dd                	li	a5,23
    8000278a:	00a7ca63          	blt	a5,a0,8000279e <_mprec_log10+0x16>
    8000278e:	050e                	slli	a0,a0,0x3
    80002790:	00002797          	auipc	a5,0x2
    80002794:	df878793          	addi	a5,a5,-520 # 80004588 <__mprec_tens>
    80002798:	97aa                	add	a5,a5,a0
    8000279a:	2388                	fld	fa0,0(a5)
    8000279c:	8082                	ret
    8000279e:	00002797          	auipc	a5,0x2
    800027a2:	2ca7b507          	fld	fa0,714(a5) # 80004a68 <__atexit_dummy+0x30>
    800027a6:	00002797          	auipc	a5,0x2
    800027aa:	2ca7b787          	fld	fa5,714(a5) # 80004a70 <__atexit_dummy+0x38>
    800027ae:	357d                	addiw	a0,a0,-1
    800027b0:	12f57553          	fmul.d	fa0,fa0,fa5
    800027b4:	fd6d                	bnez	a0,800027ae <_mprec_log10+0x26>
    800027b6:	8082                	ret

00000000800027b8 <__copybits>:
    800027b8:	fff5879b          	addiw	a5,a1,-1
    800027bc:	4a58                	lw	a4,20(a2)
    800027be:	4057d79b          	sraiw	a5,a5,0x5
    800027c2:	2785                	addiw	a5,a5,1
    800027c4:	078a                	slli	a5,a5,0x2
    800027c6:	01860693          	addi	a3,a2,24
    800027ca:	070a                	slli	a4,a4,0x2
    800027cc:	97aa                	add	a5,a5,a0
    800027ce:	9736                	add	a4,a4,a3
    800027d0:	85aa                	mv	a1,a0
    800027d2:	00e6ef63          	bltu	a3,a4,800027f0 <__copybits+0x38>
    800027d6:	01560693          	addi	a3,a2,21
    800027da:	4581                	li	a1,0
    800027dc:	00d76663          	bltu	a4,a3,800027e8 <__copybits+0x30>
    800027e0:	8f11                	sub	a4,a4,a2
    800027e2:	172d                	addi	a4,a4,-21 # ffffffffffefffeb <__heap_end+0xffffffff7fedafeb>
    800027e4:	ffc77593          	andi	a1,a4,-4
    800027e8:	952e                	add	a0,a0,a1
    800027ea:	00f56a63          	bltu	a0,a5,800027fe <__copybits+0x46>
    800027ee:	8082                	ret
    800027f0:	0006a803          	lw	a6,0(a3)
    800027f4:	0691                	addi	a3,a3,4
    800027f6:	0105a023          	sw	a6,0(a1)
    800027fa:	0591                	addi	a1,a1,4
    800027fc:	bfd9                	j	800027d2 <__copybits+0x1a>
    800027fe:	00052023          	sw	zero,0(a0)
    80002802:	0511                	addi	a0,a0,4
    80002804:	b7dd                	j	800027ea <__copybits+0x32>

0000000080002806 <__any_on>:
    80002806:	4954                	lw	a3,20(a0)
    80002808:	4055d793          	srai	a5,a1,0x5
    8000280c:	01850713          	addi	a4,a0,24
    80002810:	02f6c763          	blt	a3,a5,8000283e <__any_on+0x38>
    80002814:	00d7df63          	bge	a5,a3,80002832 <__any_on+0x2c>
    80002818:	89fd                	andi	a1,a1,31
    8000281a:	cd81                	beqz	a1,80002832 <__any_on+0x2c>
    8000281c:	00279693          	slli	a3,a5,0x2
    80002820:	96ba                	add	a3,a3,a4
    80002822:	4290                	lw	a2,0(a3)
    80002824:	4505                	li	a0,1
    80002826:	00b656bb          	srlw	a3,a2,a1
    8000282a:	00b696bb          	sllw	a3,a3,a1
    8000282e:	00c69e63          	bne	a3,a2,8000284a <__any_on+0x44>
    80002832:	078a                	slli	a5,a5,0x2
    80002834:	97ba                	add	a5,a5,a4
    80002836:	00f76663          	bltu	a4,a5,80002842 <__any_on+0x3c>
    8000283a:	4501                	li	a0,0
    8000283c:	8082                	ret
    8000283e:	87b6                	mv	a5,a3
    80002840:	bfcd                	j	80002832 <__any_on+0x2c>
    80002842:	17f1                	addi	a5,a5,-4
    80002844:	4394                	lw	a3,0(a5)
    80002846:	dae5                	beqz	a3,80002836 <__any_on+0x30>
    80002848:	4505                	li	a0,1
    8000284a:	8082                	ret

000000008000284c <__sfputc_r>:
    8000284c:	465c                	lw	a5,12(a2)
    8000284e:	fff7871b          	addiw	a4,a5,-1
    80002852:	c658                	sw	a4,12(a2)
    80002854:	00075a63          	bgez	a4,80002868 <__sfputc_r+0x1c>
    80002858:	561c                	lw	a5,40(a2)
    8000285a:	00f74563          	blt	a4,a5,80002864 <__sfputc_r+0x18>
    8000285e:	47a9                	li	a5,10
    80002860:	00f59463          	bne	a1,a5,80002868 <__sfputc_r+0x1c>
    80002864:	1110006f          	j	80003174 <__swbuf_r>
    80002868:	621c                	ld	a5,0(a2)
    8000286a:	852e                	mv	a0,a1
    8000286c:	00178713          	addi	a4,a5,1
    80002870:	e218                	sd	a4,0(a2)
    80002872:	00b78023          	sb	a1,0(a5)
    80002876:	8082                	ret

0000000080002878 <__sfputs_r>:
    80002878:	7179                	addi	sp,sp,-48
    8000287a:	f022                	sd	s0,32(sp)
    8000287c:	ec26                	sd	s1,24(sp)
    8000287e:	e84a                	sd	s2,16(sp)
    80002880:	e44e                	sd	s3,8(sp)
    80002882:	e052                	sd	s4,0(sp)
    80002884:	f406                	sd	ra,40(sp)
    80002886:	892a                	mv	s2,a0
    80002888:	89ae                	mv	s3,a1
    8000288a:	8432                	mv	s0,a2
    8000288c:	00d604b3          	add	s1,a2,a3
    80002890:	5a7d                	li	s4,-1
    80002892:	00941463          	bne	s0,s1,8000289a <__sfputs_r+0x22>
    80002896:	4501                	li	a0,0
    80002898:	a811                	j	800028ac <__sfputs_r+0x34>
    8000289a:	00044583          	lbu	a1,0(s0)
    8000289e:	864e                	mv	a2,s3
    800028a0:	854a                	mv	a0,s2
    800028a2:	fabff0ef          	jal	8000284c <__sfputc_r>
    800028a6:	0405                	addi	s0,s0,1
    800028a8:	ff4515e3          	bne	a0,s4,80002892 <__sfputs_r+0x1a>
    800028ac:	70a2                	ld	ra,40(sp)
    800028ae:	7402                	ld	s0,32(sp)
    800028b0:	64e2                	ld	s1,24(sp)
    800028b2:	6942                	ld	s2,16(sp)
    800028b4:	69a2                	ld	s3,8(sp)
    800028b6:	6a02                	ld	s4,0(sp)
    800028b8:	6145                	addi	sp,sp,48
    800028ba:	8082                	ret

00000000800028bc <__sprint_r>:
    800028bc:	6a1c                	ld	a5,16(a2)
    800028be:	1141                	addi	sp,sp,-16
    800028c0:	e022                	sd	s0,0(sp)
    800028c2:	e406                	sd	ra,8(sp)
    800028c4:	8432                	mv	s0,a2
    800028c6:	cb99                	beqz	a5,800028dc <__sprint_r+0x20>
    800028c8:	4a8000ef          	jal	80002d70 <__sfvwrite_r>
    800028cc:	00043823          	sd	zero,16(s0)
    800028d0:	60a2                	ld	ra,8(sp)
    800028d2:	00042423          	sw	zero,8(s0)
    800028d6:	6402                	ld	s0,0(sp)
    800028d8:	0141                	addi	sp,sp,16
    800028da:	8082                	ret
    800028dc:	4501                	li	a0,0
    800028de:	bfcd                	j	800028d0 <__sprint_r+0x14>

00000000800028e0 <_vfiprintf_r>:
    800028e0:	7155                	addi	sp,sp,-208
    800028e2:	e1a2                	sd	s0,192(sp)
    800028e4:	fd26                	sd	s1,184(sp)
    800028e6:	f94a                	sd	s2,176(sp)
    800028e8:	f54e                	sd	s3,168(sp)
    800028ea:	f152                	sd	s4,160(sp)
    800028ec:	e586                	sd	ra,200(sp)
    800028ee:	ed56                	sd	s5,152(sp)
    800028f0:	e95a                	sd	s6,144(sp)
    800028f2:	e55e                	sd	s7,136(sp)
    800028f4:	e162                	sd	s8,128(sp)
    800028f6:	fce6                	sd	s9,120(sp)
    800028f8:	f8ea                	sd	s10,112(sp)
    800028fa:	8a2a                	mv	s4,a0
    800028fc:	892e                	mv	s2,a1
    800028fe:	84b2                	mv	s1,a2
    80002900:	8436                	mv	s0,a3
    80002902:	4981                	li	s3,0
    80002904:	c509                	beqz	a0,8000290e <_vfiprintf_r+0x2e>
    80002906:	613c                	ld	a5,64(a0)
    80002908:	e399                	bnez	a5,8000290e <_vfiprintf_r+0x2e>
    8000290a:	422000ef          	jal	80002d2c <__sinit>
    8000290e:	01095783          	lhu	a5,16(s2)
    80002912:	8ba1                	andi	a5,a5,8
    80002914:	cbe1                	beqz	a5,800029e4 <_vfiprintf_r+0x104>
    80002916:	01893783          	ld	a5,24(s2)
    8000291a:	c7e9                	beqz	a5,800029e4 <_vfiprintf_r+0x104>
    8000291c:	02000793          	li	a5,32
    80002920:	02f104a3          	sb	a5,41(sp)
    80002924:	5afd                	li	s5,-1
    80002926:	03000793          	li	a5,48
    8000292a:	d202                	sw	zero,36(sp)
    8000292c:	02f10523          	sb	a5,42(sp)
    80002930:	e422                	sd	s0,8(sp)
    80002932:	02500b93          	li	s7,37
    80002936:	020a9c13          	slli	s8,s5,0x20
    8000293a:	00002b17          	auipc	s6,0x2
    8000293e:	aa6b0b13          	addi	s6,s6,-1370 # 800043e0 <__tbss_end+0x1e2>
    80002942:	4c85                	li	s9,1
    80002944:	8426                	mv	s0,s1
    80002946:	00044783          	lbu	a5,0(s0)
    8000294a:	c399                	beqz	a5,80002950 <_vfiprintf_r+0x70>
    8000294c:	0d779063          	bne	a5,s7,80002a0c <_vfiprintf_r+0x12c>
    80002950:	40940d3b          	subw	s10,s0,s1
    80002954:	000d0e63          	beqz	s10,80002970 <_vfiprintf_r+0x90>
    80002958:	86ea                	mv	a3,s10
    8000295a:	8626                	mv	a2,s1
    8000295c:	85ca                	mv	a1,s2
    8000295e:	8552                	mv	a0,s4
    80002960:	f19ff0ef          	jal	80002878 <__sfputs_r>
    80002964:	1d550963          	beq	a0,s5,80002b36 <_vfiprintf_r+0x256>
    80002968:	5792                	lw	a5,36(sp)
    8000296a:	01a787bb          	addw	a5,a5,s10
    8000296e:	d23e                	sw	a5,36(sp)
    80002970:	00044783          	lbu	a5,0(s0)
    80002974:	1c078163          	beqz	a5,80002b36 <_vfiprintf_r+0x256>
    80002978:	00140493          	addi	s1,s0,1
    8000297c:	e862                	sd	s8,16(sp)
    8000297e:	ec02                	sd	zero,24(sp)
    80002980:	040109a3          	sb	zero,83(sp)
    80002984:	d482                	sw	zero,104(sp)
    80002986:	0004c583          	lbu	a1,0(s1)
    8000298a:	4615                	li	a2,5
    8000298c:	855a                	mv	a0,s6
    8000298e:	ca2fe0ef          	jal	80000e30 <memchr>
    80002992:	47c2                	lw	a5,16(sp)
    80002994:	00148413          	addi	s0,s1,1
    80002998:	ed25                	bnez	a0,80002a10 <_vfiprintf_r+0x130>
    8000299a:	0107f713          	andi	a4,a5,16
    8000299e:	c709                	beqz	a4,800029a8 <_vfiprintf_r+0xc8>
    800029a0:	02000713          	li	a4,32
    800029a4:	04e109a3          	sb	a4,83(sp)
    800029a8:	0087f713          	andi	a4,a5,8
    800029ac:	c709                	beqz	a4,800029b6 <_vfiprintf_r+0xd6>
    800029ae:	02b00713          	li	a4,43
    800029b2:	04e109a3          	sb	a4,83(sp)
    800029b6:	0004c683          	lbu	a3,0(s1)
    800029ba:	02a00713          	li	a4,42
    800029be:	06e68163          	beq	a3,a4,80002a20 <_vfiprintf_r+0x140>
    800029c2:	47f2                	lw	a5,28(sp)
    800029c4:	8426                	mv	s0,s1
    800029c6:	4681                	li	a3,0
    800029c8:	4625                	li	a2,9
    800029ca:	4829                	li	a6,10
    800029cc:	00044703          	lbu	a4,0(s0)
    800029d0:	00140513          	addi	a0,s0,1
    800029d4:	fd07059b          	addiw	a1,a4,-48
    800029d8:	872e                	mv	a4,a1
    800029da:	08b67a63          	bgeu	a2,a1,80002a6e <_vfiprintf_r+0x18e>
    800029de:	caa9                	beqz	a3,80002a30 <_vfiprintf_r+0x150>
    800029e0:	ce3e                	sw	a5,28(sp)
    800029e2:	a0b9                	j	80002a30 <_vfiprintf_r+0x150>
    800029e4:	85ca                	mv	a1,s2
    800029e6:	8552                	mv	a0,s4
    800029e8:	037000ef          	jal	8000321e <__swsetup_r>
    800029ec:	d905                	beqz	a0,8000291c <_vfiprintf_r+0x3c>
    800029ee:	557d                	li	a0,-1
    800029f0:	60ae                	ld	ra,200(sp)
    800029f2:	640e                	ld	s0,192(sp)
    800029f4:	74ea                	ld	s1,184(sp)
    800029f6:	794a                	ld	s2,176(sp)
    800029f8:	79aa                	ld	s3,168(sp)
    800029fa:	7a0a                	ld	s4,160(sp)
    800029fc:	6aea                	ld	s5,152(sp)
    800029fe:	6b4a                	ld	s6,144(sp)
    80002a00:	6baa                	ld	s7,136(sp)
    80002a02:	6c0a                	ld	s8,128(sp)
    80002a04:	7ce6                	ld	s9,120(sp)
    80002a06:	7d46                	ld	s10,112(sp)
    80002a08:	6169                	addi	sp,sp,208
    80002a0a:	8082                	ret
    80002a0c:	0405                	addi	s0,s0,1
    80002a0e:	bf25                	j	80002946 <_vfiprintf_r+0x66>
    80002a10:	41650533          	sub	a0,a0,s6
    80002a14:	00ac953b          	sllw	a0,s9,a0
    80002a18:	8fc9                	or	a5,a5,a0
    80002a1a:	c83e                	sw	a5,16(sp)
    80002a1c:	84a2                	mv	s1,s0
    80002a1e:	b7a5                	j	80002986 <_vfiprintf_r+0xa6>
    80002a20:	6722                	ld	a4,8(sp)
    80002a22:	00870693          	addi	a3,a4,8
    80002a26:	4318                	lw	a4,0(a4)
    80002a28:	e436                	sd	a3,8(sp)
    80002a2a:	02074b63          	bltz	a4,80002a60 <_vfiprintf_r+0x180>
    80002a2e:	ce3a                	sw	a4,28(sp)
    80002a30:	00044703          	lbu	a4,0(s0)
    80002a34:	02e00793          	li	a5,46
    80002a38:	06f71163          	bne	a4,a5,80002a9a <_vfiprintf_r+0x1ba>
    80002a3c:	00144703          	lbu	a4,1(s0)
    80002a40:	02a00793          	li	a5,42
    80002a44:	02f71b63          	bne	a4,a5,80002a7a <_vfiprintf_r+0x19a>
    80002a48:	67a2                	ld	a5,8(sp)
    80002a4a:	0409                	addi	s0,s0,2
    80002a4c:	00878713          	addi	a4,a5,8
    80002a50:	e43a                	sd	a4,8(sp)
    80002a52:	4398                	lw	a4,0(a5)
    80002a54:	87ba                	mv	a5,a4
    80002a56:	00075363          	bgez	a4,80002a5c <_vfiprintf_r+0x17c>
    80002a5a:	57fd                	li	a5,-1
    80002a5c:	ca3e                	sw	a5,20(sp)
    80002a5e:	a835                	j	80002a9a <_vfiprintf_r+0x1ba>
    80002a60:	40e0073b          	negw	a4,a4
    80002a64:	0027e793          	ori	a5,a5,2
    80002a68:	ce3a                	sw	a4,28(sp)
    80002a6a:	c83e                	sw	a5,16(sp)
    80002a6c:	b7d1                	j	80002a30 <_vfiprintf_r+0x150>
    80002a6e:	02f807bb          	mulw	a5,a6,a5
    80002a72:	842a                	mv	s0,a0
    80002a74:	4685                	li	a3,1
    80002a76:	9fb9                	addw	a5,a5,a4
    80002a78:	bf91                	j	800029cc <_vfiprintf_r+0xec>
    80002a7a:	0405                	addi	s0,s0,1
    80002a7c:	ca02                	sw	zero,20(sp)
    80002a7e:	4681                	li	a3,0
    80002a80:	4781                	li	a5,0
    80002a82:	4625                	li	a2,9
    80002a84:	4829                	li	a6,10
    80002a86:	00044703          	lbu	a4,0(s0)
    80002a8a:	00140513          	addi	a0,s0,1
    80002a8e:	fd07059b          	addiw	a1,a4,-48
    80002a92:	872e                	mv	a4,a1
    80002a94:	06b67e63          	bgeu	a2,a1,80002b10 <_vfiprintf_r+0x230>
    80002a98:	f2f1                	bnez	a3,80002a5c <_vfiprintf_r+0x17c>
    80002a9a:	00044583          	lbu	a1,0(s0)
    80002a9e:	460d                	li	a2,3
    80002aa0:	00002517          	auipc	a0,0x2
    80002aa4:	94850513          	addi	a0,a0,-1720 # 800043e8 <__tbss_end+0x1ea>
    80002aa8:	b88fe0ef          	jal	80000e30 <memchr>
    80002aac:	cd11                	beqz	a0,80002ac8 <_vfiprintf_r+0x1e8>
    80002aae:	00002797          	auipc	a5,0x2
    80002ab2:	93a78793          	addi	a5,a5,-1734 # 800043e8 <__tbss_end+0x1ea>
    80002ab6:	8d1d                	sub	a0,a0,a5
    80002ab8:	47c2                	lw	a5,16(sp)
    80002aba:	04000713          	li	a4,64
    80002abe:	00a7173b          	sllw	a4,a4,a0
    80002ac2:	8fd9                	or	a5,a5,a4
    80002ac4:	0405                	addi	s0,s0,1
    80002ac6:	c83e                	sw	a5,16(sp)
    80002ac8:	00044583          	lbu	a1,0(s0)
    80002acc:	4619                	li	a2,6
    80002ace:	00002517          	auipc	a0,0x2
    80002ad2:	92250513          	addi	a0,a0,-1758 # 800043f0 <__tbss_end+0x1f2>
    80002ad6:	00140493          	addi	s1,s0,1
    80002ada:	02b10423          	sb	a1,40(sp)
    80002ade:	b52fe0ef          	jal	80000e30 <memchr>
    80002ae2:	c135                	beqz	a0,80002b46 <_vfiprintf_r+0x266>
    80002ae4:	ffffe797          	auipc	a5,0xffffe
    80002ae8:	ac278793          	addi	a5,a5,-1342 # 800005a6 <_printf_float>
    80002aec:	eb85                	bnez	a5,80002b1c <_vfiprintf_r+0x23c>
    80002aee:	4742                	lw	a4,16(sp)
    80002af0:	67a2                	ld	a5,8(sp)
    80002af2:	10077713          	andi	a4,a4,256
    80002af6:	00878693          	addi	a3,a5,8
    80002afa:	c709                	beqz	a4,80002b04 <_vfiprintf_r+0x224>
    80002afc:	07bd                	addi	a5,a5,15
    80002afe:	9bc1                	andi	a5,a5,-16
    80002b00:	01078693          	addi	a3,a5,16
    80002b04:	e436                	sd	a3,8(sp)
    80002b06:	5792                	lw	a5,36(sp)
    80002b08:	013787bb          	addw	a5,a5,s3
    80002b0c:	d23e                	sw	a5,36(sp)
    80002b0e:	bd1d                	j	80002944 <_vfiprintf_r+0x64>
    80002b10:	02f807bb          	mulw	a5,a6,a5
    80002b14:	842a                	mv	s0,a0
    80002b16:	4685                	li	a3,1
    80002b18:	9fb9                	addw	a5,a5,a4
    80002b1a:	b7b5                	j	80002a86 <_vfiprintf_r+0x1a6>
    80002b1c:	0038                	addi	a4,sp,8
    80002b1e:	00000697          	auipc	a3,0x0
    80002b22:	d5a68693          	addi	a3,a3,-678 # 80002878 <__sfputs_r>
    80002b26:	864a                	mv	a2,s2
    80002b28:	080c                	addi	a1,sp,16
    80002b2a:	8552                	mv	a0,s4
    80002b2c:	a7bfd0ef          	jal	800005a6 <_printf_float>
    80002b30:	89aa                	mv	s3,a0
    80002b32:	fd551ae3          	bne	a0,s5,80002b06 <_vfiprintf_r+0x226>
    80002b36:	01095783          	lhu	a5,16(s2)
    80002b3a:	0407f793          	andi	a5,a5,64
    80002b3e:	ea0798e3          	bnez	a5,800029ee <_vfiprintf_r+0x10e>
    80002b42:	5512                	lw	a0,36(sp)
    80002b44:	b575                	j	800029f0 <_vfiprintf_r+0x110>
    80002b46:	0038                	addi	a4,sp,8
    80002b48:	00000697          	auipc	a3,0x0
    80002b4c:	d3068693          	addi	a3,a3,-720 # 80002878 <__sfputs_r>
    80002b50:	864a                	mv	a2,s2
    80002b52:	080c                	addi	a1,sp,16
    80002b54:	8552                	mv	a0,s4
    80002b56:	800fe0ef          	jal	80000b56 <_printf_i>
    80002b5a:	bfd9                	j	80002b30 <_vfiprintf_r+0x250>

0000000080002b5c <vfiprintf>:
    80002b5c:	86b2                	mv	a3,a2
    80002b5e:	862e                	mv	a2,a1
    80002b60:	85aa                	mv	a1,a0
    80002b62:	00002517          	auipc	a0,0x2
    80002b66:	ebe53503          	ld	a0,-322(a0) # 80004a20 <_impure_ptr>
    80002b6a:	bb9d                	j	800028e0 <_vfiprintf_r>

0000000080002b6c <__fp_lock>:
    80002b6c:	4501                	li	a0,0
    80002b6e:	8082                	ret

0000000080002b70 <std>:
    80002b70:	1141                	addi	sp,sp,-16
    80002b72:	e022                	sd	s0,0(sp)
    80002b74:	e406                	sd	ra,8(sp)
    80002b76:	842a                	mv	s0,a0
    80002b78:	00b51823          	sh	a1,16(a0)
    80002b7c:	00c51923          	sh	a2,18(a0)
    80002b80:	00053023          	sd	zero,0(a0)
    80002b84:	00053423          	sd	zero,8(a0)
    80002b88:	0a052623          	sw	zero,172(a0)
    80002b8c:	00053c23          	sd	zero,24(a0)
    80002b90:	02052023          	sw	zero,32(a0)
    80002b94:	02052423          	sw	zero,40(a0)
    80002b98:	4621                	li	a2,8
    80002b9a:	4581                	li	a1,0
    80002b9c:	0a450513          	addi	a0,a0,164
    80002ba0:	187000ef          	jal	80003526 <memset>
    80002ba4:	00000797          	auipc	a5,0x0
    80002ba8:	50c78793          	addi	a5,a5,1292 # 800030b0 <__sread>
    80002bac:	e03c                	sd	a5,64(s0)
    80002bae:	00000797          	auipc	a5,0x0
    80002bb2:	53878793          	addi	a5,a5,1336 # 800030e6 <__swrite>
    80002bb6:	e43c                	sd	a5,72(s0)
    80002bb8:	00000797          	auipc	a5,0x0
    80002bbc:	57e78793          	addi	a5,a5,1406 # 80003136 <__sseek>
    80002bc0:	e83c                	sd	a5,80(s0)
    80002bc2:	00000797          	auipc	a5,0x0
    80002bc6:	5ac78793          	addi	a5,a5,1452 # 8000316e <__sclose>
    80002bca:	60a2                	ld	ra,8(sp)
    80002bcc:	fc00                	sd	s0,56(s0)
    80002bce:	ec3c                	sd	a5,88(s0)
    80002bd0:	6402                	ld	s0,0(sp)
    80002bd2:	0141                	addi	sp,sp,16
    80002bd4:	8082                	ret

0000000080002bd6 <stdio_exit_handler>:
    80002bd6:	00002617          	auipc	a2,0x2
    80002bda:	c8a60613          	addi	a2,a2,-886 # 80004860 <__sglue>
    80002bde:	00001597          	auipc	a1,0x1
    80002be2:	cda58593          	addi	a1,a1,-806 # 800038b8 <_fflush_r>
    80002be6:	00002517          	auipc	a0,0x2
    80002bea:	bea50513          	addi	a0,a0,-1046 # 800047d0 <_impure_data>
    80002bee:	a9a1                	j	80003046 <_fwalk_sglue>

0000000080002bf0 <cleanup_stdio>:
    80002bf0:	650c                	ld	a1,8(a0)
    80002bf2:	1141                	addi	sp,sp,-16
    80002bf4:	e022                	sd	s0,0(sp)
    80002bf6:	e406                	sd	ra,8(sp)
    80002bf8:	00002797          	auipc	a5,0x2
    80002bfc:	ee078793          	addi	a5,a5,-288 # 80004ad8 <__sf>
    80002c00:	842a                	mv	s0,a0
    80002c02:	00f58463          	beq	a1,a5,80002c0a <cleanup_stdio+0x1a>
    80002c06:	4b3000ef          	jal	800038b8 <_fflush_r>
    80002c0a:	680c                	ld	a1,16(s0)
    80002c0c:	96818793          	addi	a5,gp,-1688 # 80004b88 <__sf+0xb0>
    80002c10:	00f58563          	beq	a1,a5,80002c1a <cleanup_stdio+0x2a>
    80002c14:	8522                	mv	a0,s0
    80002c16:	4a3000ef          	jal	800038b8 <_fflush_r>
    80002c1a:	6c0c                	ld	a1,24(s0)
    80002c1c:	a1818793          	addi	a5,gp,-1512 # 80004c38 <__sf+0x160>
    80002c20:	00f58863          	beq	a1,a5,80002c30 <cleanup_stdio+0x40>
    80002c24:	8522                	mv	a0,s0
    80002c26:	6402                	ld	s0,0(sp)
    80002c28:	60a2                	ld	ra,8(sp)
    80002c2a:	0141                	addi	sp,sp,16
    80002c2c:	48d0006f          	j	800038b8 <_fflush_r>
    80002c30:	60a2                	ld	ra,8(sp)
    80002c32:	6402                	ld	s0,0(sp)
    80002c34:	0141                	addi	sp,sp,16
    80002c36:	8082                	ret

0000000080002c38 <global_stdio_init.part.0>:
    80002c38:	1141                	addi	sp,sp,-16
    80002c3a:	00000797          	auipc	a5,0x0
    80002c3e:	f9c78793          	addi	a5,a5,-100 # 80002bd6 <stdio_exit_handler>
    80002c42:	4601                	li	a2,0
    80002c44:	4591                	li	a1,4
    80002c46:	00002517          	auipc	a0,0x2
    80002c4a:	e9250513          	addi	a0,a0,-366 # 80004ad8 <__sf>
    80002c4e:	e406                	sd	ra,8(sp)
    80002c50:	88f1b423          	sd	a5,-1912(gp) # 80004aa8 <__stdio_exit_handler>
    80002c54:	f1dff0ef          	jal	80002b70 <std>
    80002c58:	4605                	li	a2,1
    80002c5a:	45a5                	li	a1,9
    80002c5c:	96818513          	addi	a0,gp,-1688 # 80004b88 <__sf+0xb0>
    80002c60:	f11ff0ef          	jal	80002b70 <std>
    80002c64:	60a2                	ld	ra,8(sp)
    80002c66:	4609                	li	a2,2
    80002c68:	45c9                	li	a1,18
    80002c6a:	a1818513          	addi	a0,gp,-1512 # 80004c38 <__sf+0x160>
    80002c6e:	0141                	addi	sp,sp,16
    80002c70:	b701                	j	80002b70 <std>

0000000080002c72 <__fp_unlock>:
    80002c72:	4501                	li	a0,0
    80002c74:	8082                	ret

0000000080002c76 <__sfp>:
    80002c76:	1101                	addi	sp,sp,-32
    80002c78:	e04a                	sd	s2,0(sp)
    80002c7a:	ec06                	sd	ra,24(sp)
    80002c7c:	e822                	sd	s0,16(sp)
    80002c7e:	e426                	sd	s1,8(sp)
    80002c80:	8881b783          	ld	a5,-1912(gp) # 80004aa8 <__stdio_exit_handler>
    80002c84:	892a                	mv	s2,a0
    80002c86:	e399                	bnez	a5,80002c8c <__sfp+0x16>
    80002c88:	fb1ff0ef          	jal	80002c38 <global_stdio_init.part.0>
    80002c8c:	00002497          	auipc	s1,0x2
    80002c90:	bd448493          	addi	s1,s1,-1068 # 80004860 <__sglue>
    80002c94:	6880                	ld	s0,16(s1)
    80002c96:	449c                	lw	a5,8(s1)
    80002c98:	37fd                	addiw	a5,a5,-1
    80002c9a:	0207d163          	bgez	a5,80002cbc <__sfp+0x46>
    80002c9e:	609c                	ld	a5,0(s1)
    80002ca0:	e7c1                	bnez	a5,80002d28 <__sfp+0xb2>
    80002ca2:	2d800593          	li	a1,728
    80002ca6:	854a                	mv	a0,s2
    80002ca8:	e59fe0ef          	jal	80001b00 <_malloc_r>
    80002cac:	842a                	mv	s0,a0
    80002cae:	e12d                	bnez	a0,80002d10 <__sfp+0x9a>
    80002cb0:	0004b023          	sd	zero,0(s1)
    80002cb4:	47b1                	li	a5,12
    80002cb6:	00f92023          	sw	a5,0(s2)
    80002cba:	a089                	j	80002cfc <__sfp+0x86>
    80002cbc:	01041703          	lh	a4,16(s0)
    80002cc0:	e729                	bnez	a4,80002d0a <__sfp+0x94>
    80002cc2:	77c1                	lui	a5,0xffff0
    80002cc4:	0785                	addi	a5,a5,1 # ffffffffffff0001 <__heap_end+0xffffffff7ffcb001>
    80002cc6:	0a042623          	sw	zero,172(s0)
    80002cca:	00043023          	sd	zero,0(s0)
    80002cce:	00043423          	sd	zero,8(s0)
    80002cd2:	c81c                	sw	a5,16(s0)
    80002cd4:	00043c23          	sd	zero,24(s0)
    80002cd8:	02042023          	sw	zero,32(s0)
    80002cdc:	02042423          	sw	zero,40(s0)
    80002ce0:	4621                	li	a2,8
    80002ce2:	4581                	li	a1,0
    80002ce4:	0a440513          	addi	a0,s0,164
    80002ce8:	03f000ef          	jal	80003526 <memset>
    80002cec:	06043023          	sd	zero,96(s0)
    80002cf0:	06042423          	sw	zero,104(s0)
    80002cf4:	08043023          	sd	zero,128(s0)
    80002cf8:	08042423          	sw	zero,136(s0)
    80002cfc:	60e2                	ld	ra,24(sp)
    80002cfe:	8522                	mv	a0,s0
    80002d00:	6442                	ld	s0,16(sp)
    80002d02:	64a2                	ld	s1,8(sp)
    80002d04:	6902                	ld	s2,0(sp)
    80002d06:	6105                	addi	sp,sp,32
    80002d08:	8082                	ret
    80002d0a:	0b040413          	addi	s0,s0,176
    80002d0e:	b769                	j	80002c98 <__sfp+0x22>
    80002d10:	4791                	li	a5,4
    80002d12:	00053023          	sd	zero,0(a0)
    80002d16:	c51c                	sw	a5,8(a0)
    80002d18:	0561                	addi	a0,a0,24
    80002d1a:	e808                	sd	a0,16(s0)
    80002d1c:	2c000613          	li	a2,704
    80002d20:	4581                	li	a1,0
    80002d22:	005000ef          	jal	80003526 <memset>
    80002d26:	e080                	sd	s0,0(s1)
    80002d28:	6084                	ld	s1,0(s1)
    80002d2a:	b7ad                	j	80002c94 <__sfp+0x1e>

0000000080002d2c <__sinit>:
    80002d2c:	613c                	ld	a5,64(a0)
    80002d2e:	eb91                	bnez	a5,80002d42 <__sinit+0x16>
    80002d30:	00000797          	auipc	a5,0x0
    80002d34:	ec078793          	addi	a5,a5,-320 # 80002bf0 <cleanup_stdio>
    80002d38:	e13c                	sd	a5,64(a0)
    80002d3a:	8881b783          	ld	a5,-1912(gp) # 80004aa8 <__stdio_exit_handler>
    80002d3e:	e391                	bnez	a5,80002d42 <__sinit+0x16>
    80002d40:	bde5                	j	80002c38 <global_stdio_init.part.0>
    80002d42:	8082                	ret

0000000080002d44 <__sfp_lock_acquire>:
    80002d44:	8082                	ret

0000000080002d46 <__sfp_lock_release>:
    80002d46:	8082                	ret

0000000080002d48 <__fp_lock_all>:
    80002d48:	00002617          	auipc	a2,0x2
    80002d4c:	b1860613          	addi	a2,a2,-1256 # 80004860 <__sglue>
    80002d50:	00000597          	auipc	a1,0x0
    80002d54:	e1c58593          	addi	a1,a1,-484 # 80002b6c <__fp_lock>
    80002d58:	4501                	li	a0,0
    80002d5a:	a4f5                	j	80003046 <_fwalk_sglue>

0000000080002d5c <__fp_unlock_all>:
    80002d5c:	00002617          	auipc	a2,0x2
    80002d60:	b0460613          	addi	a2,a2,-1276 # 80004860 <__sglue>
    80002d64:	00000597          	auipc	a1,0x0
    80002d68:	f0e58593          	addi	a1,a1,-242 # 80002c72 <__fp_unlock>
    80002d6c:	4501                	li	a0,0
    80002d6e:	ace1                	j	80003046 <_fwalk_sglue>

0000000080002d70 <__sfvwrite_r>:
    80002d70:	6a1c                	ld	a5,16(a2)
    80002d72:	e399                	bnez	a5,80002d78 <__sfvwrite_r+0x8>
    80002d74:	4501                	li	a0,0
    80002d76:	8082                	ret
    80002d78:	0105d783          	lhu	a5,16(a1)
    80002d7c:	7159                	addi	sp,sp,-112
    80002d7e:	f0a2                	sd	s0,96(sp)
    80002d80:	e8ca                	sd	s2,80(sp)
    80002d82:	e0d2                	sd	s4,64(sp)
    80002d84:	f486                	sd	ra,104(sp)
    80002d86:	eca6                	sd	s1,88(sp)
    80002d88:	e4ce                	sd	s3,72(sp)
    80002d8a:	fc56                	sd	s5,56(sp)
    80002d8c:	f85a                	sd	s6,48(sp)
    80002d8e:	f45e                	sd	s7,40(sp)
    80002d90:	f062                	sd	s8,32(sp)
    80002d92:	ec66                	sd	s9,24(sp)
    80002d94:	e86a                	sd	s10,16(sp)
    80002d96:	e46e                	sd	s11,8(sp)
    80002d98:	8ba1                	andi	a5,a5,8
    80002d9a:	892a                	mv	s2,a0
    80002d9c:	842e                	mv	s0,a1
    80002d9e:	8a32                	mv	s4,a2
    80002da0:	cfc1                	beqz	a5,80002e38 <__sfvwrite_r+0xc8>
    80002da2:	6d9c                	ld	a5,24(a1)
    80002da4:	cbd1                	beqz	a5,80002e38 <__sfvwrite_r+0xc8>
    80002da6:	01041783          	lh	a5,16(s0)
    80002daa:	000a3983          	ld	s3,0(s4)
    80002dae:	0027f713          	andi	a4,a5,2
    80002db2:	e765                	bnez	a4,80002e9a <__sfvwrite_r+0x12a>
    80002db4:	8b85                	andi	a5,a5,1
    80002db6:	4a81                	li	s5,0
    80002db8:	16078063          	beqz	a5,80002f18 <__sfvwrite_r+0x1a8>
    80002dbc:	4501                	li	a0,0
    80002dbe:	4b81                	li	s7,0
    80002dc0:	4b01                	li	s6,0
    80002dc2:	240b0063          	beqz	s6,80003002 <__sfvwrite_r+0x292>
    80002dc6:	e919                	bnez	a0,80002ddc <__sfvwrite_r+0x6c>
    80002dc8:	865a                	mv	a2,s6
    80002dca:	45a9                	li	a1,10
    80002dcc:	855e                	mv	a0,s7
    80002dce:	862fe0ef          	jal	80000e30 <memchr>
    80002dd2:	22050f63          	beqz	a0,80003010 <__sfvwrite_r+0x2a0>
    80002dd6:	0505                	addi	a0,a0,1
    80002dd8:	41750abb          	subw	s5,a0,s7
    80002ddc:	8c56                	mv	s8,s5
    80002dde:	015b7363          	bgeu	s6,s5,80002de4 <__sfvwrite_r+0x74>
    80002de2:	8c5a                	mv	s8,s6
    80002de4:	6008                	ld	a0,0(s0)
    80002de6:	6c1c                	ld	a5,24(s0)
    80002de8:	4444                	lw	s1,12(s0)
    80002dea:	5014                	lw	a3,32(s0)
    80002dec:	22a7f563          	bgeu	a5,a0,80003016 <__sfvwrite_r+0x2a6>
    80002df0:	9cb5                	addw	s1,s1,a3
    80002df2:	2384d263          	bge	s1,s8,80003016 <__sfvwrite_r+0x2a6>
    80002df6:	85de                	mv	a1,s7
    80002df8:	8626                	mv	a2,s1
    80002dfa:	706000ef          	jal	80003500 <memmove>
    80002dfe:	601c                	ld	a5,0(s0)
    80002e00:	85a2                	mv	a1,s0
    80002e02:	854a                	mv	a0,s2
    80002e04:	97a6                	add	a5,a5,s1
    80002e06:	e01c                	sd	a5,0(s0)
    80002e08:	2b1000ef          	jal	800038b8 <_fflush_r>
    80002e0c:	0e051f63          	bnez	a0,80002f0a <__sfvwrite_r+0x19a>
    80002e10:	409a8abb          	subw	s5,s5,s1
    80002e14:	4505                	li	a0,1
    80002e16:	000a9763          	bnez	s5,80002e24 <__sfvwrite_r+0xb4>
    80002e1a:	85a2                	mv	a1,s0
    80002e1c:	854a                	mv	a0,s2
    80002e1e:	29b000ef          	jal	800038b8 <_fflush_r>
    80002e22:	e565                	bnez	a0,80002f0a <__sfvwrite_r+0x19a>
    80002e24:	010a3783          	ld	a5,16(s4)
    80002e28:	9ba6                	add	s7,s7,s1
    80002e2a:	409b0b33          	sub	s6,s6,s1
    80002e2e:	8f85                	sub	a5,a5,s1
    80002e30:	00fa3823          	sd	a5,16(s4)
    80002e34:	f7d9                	bnez	a5,80002dc2 <__sfvwrite_r+0x52>
    80002e36:	a091                	j	80002e7a <__sfvwrite_r+0x10a>
    80002e38:	85a2                	mv	a1,s0
    80002e3a:	854a                	mv	a0,s2
    80002e3c:	3e2000ef          	jal	8000321e <__swsetup_r>
    80002e40:	d13d                	beqz	a0,80002da6 <__sfvwrite_r+0x36>
    80002e42:	557d                	li	a0,-1
    80002e44:	a825                	j	80002e7c <__sfvwrite_r+0x10c>
    80002e46:	0009ba83          	ld	s5,0(s3)
    80002e4a:	0089b483          	ld	s1,8(s3)
    80002e4e:	09c1                	addi	s3,s3,16
    80002e50:	643c                	ld	a5,72(s0)
    80002e52:	7c0c                	ld	a1,56(s0)
    80002e54:	d8ed                	beqz	s1,80002e46 <__sfvwrite_r+0xd6>
    80002e56:	86a6                	mv	a3,s1
    80002e58:	009b7363          	bgeu	s6,s1,80002e5e <__sfvwrite_r+0xee>
    80002e5c:	86da                	mv	a3,s6
    80002e5e:	2681                	sext.w	a3,a3
    80002e60:	8656                	mv	a2,s5
    80002e62:	854a                	mv	a0,s2
    80002e64:	9782                	jalr	a5
    80002e66:	0aa05263          	blez	a0,80002f0a <__sfvwrite_r+0x19a>
    80002e6a:	010a3783          	ld	a5,16(s4)
    80002e6e:	9aaa                	add	s5,s5,a0
    80002e70:	8c89                	sub	s1,s1,a0
    80002e72:	8f89                	sub	a5,a5,a0
    80002e74:	00fa3823          	sd	a5,16(s4)
    80002e78:	ffe1                	bnez	a5,80002e50 <__sfvwrite_r+0xe0>
    80002e7a:	4501                	li	a0,0
    80002e7c:	70a6                	ld	ra,104(sp)
    80002e7e:	7406                	ld	s0,96(sp)
    80002e80:	64e6                	ld	s1,88(sp)
    80002e82:	6946                	ld	s2,80(sp)
    80002e84:	69a6                	ld	s3,72(sp)
    80002e86:	6a06                	ld	s4,64(sp)
    80002e88:	7ae2                	ld	s5,56(sp)
    80002e8a:	7b42                	ld	s6,48(sp)
    80002e8c:	7ba2                	ld	s7,40(sp)
    80002e8e:	7c02                	ld	s8,32(sp)
    80002e90:	6ce2                	ld	s9,24(sp)
    80002e92:	6d42                	ld	s10,16(sp)
    80002e94:	6da2                	ld	s11,8(sp)
    80002e96:	6165                	addi	sp,sp,112
    80002e98:	8082                	ret
    80002e9a:	80000b37          	lui	s6,0x80000
    80002e9e:	4a81                	li	s5,0
    80002ea0:	4481                	li	s1,0
    80002ea2:	c00b4b13          	xori	s6,s6,-1024
    80002ea6:	b76d                	j	80002e50 <__sfvwrite_r+0xe0>
    80002ea8:	0009ba83          	ld	s5,0(s3)
    80002eac:	0089bc83          	ld	s9,8(s3)
    80002eb0:	09c1                	addi	s3,s3,16
    80002eb2:	4444                	lw	s1,12(s0)
    80002eb4:	01041783          	lh	a5,16(s0)
    80002eb8:	6008                	ld	a0,0(s0)
    80002eba:	8d26                	mv	s10,s1
    80002ebc:	fe0c86e3          	beqz	s9,80002ea8 <__sfvwrite_r+0x138>
    80002ec0:	2007f713          	andi	a4,a5,512
    80002ec4:	c37d                	beqz	a4,80002faa <__sfvwrite_r+0x23a>
    80002ec6:	089ce763          	bltu	s9,s1,80002f54 <__sfvwrite_r+0x1e4>
    80002eca:	4807f713          	andi	a4,a5,1152
    80002ece:	c359                	beqz	a4,80002f54 <__sfvwrite_r+0x1e4>
    80002ed0:	5004                	lw	s1,32(s0)
    80002ed2:	6c0c                	ld	a1,24(s0)
    80002ed4:	029b84bb          	mulw	s1,s7,s1
    80002ed8:	8d0d                	sub	a0,a0,a1
    80002eda:	00050d9b          	sext.w	s11,a0
    80002ede:	001d8713          	addi	a4,s11,1
    80002ee2:	9766                	add	a4,a4,s9
    80002ee4:	0384c4bb          	divw	s1,s1,s8
    80002ee8:	00e4f563          	bgeu	s1,a4,80002ef2 <__sfvwrite_r+0x182>
    80002eec:	2505                	addiw	a0,a0,1
    80002eee:	019504bb          	addw	s1,a0,s9
    80002ef2:	4007f793          	andi	a5,a5,1024
    80002ef6:	cbc9                	beqz	a5,80002f88 <__sfvwrite_r+0x218>
    80002ef8:	85a6                	mv	a1,s1
    80002efa:	854a                	mv	a0,s2
    80002efc:	c05fe0ef          	jal	80001b00 <_malloc_r>
    80002f00:	8d2a                	mv	s10,a0
    80002f02:	e11d                	bnez	a0,80002f28 <__sfvwrite_r+0x1b8>
    80002f04:	47b1                	li	a5,12
    80002f06:	00f92023          	sw	a5,0(s2)
    80002f0a:	01045783          	lhu	a5,16(s0)
    80002f0e:	0407e793          	ori	a5,a5,64
    80002f12:	00f41823          	sh	a5,16(s0)
    80002f16:	b735                	j	80002e42 <__sfvwrite_r+0xd2>
    80002f18:	80000b37          	lui	s6,0x80000
    80002f1c:	4c81                	li	s9,0
    80002f1e:	fffb4b13          	not	s6,s6
    80002f22:	4b8d                	li	s7,3
    80002f24:	4c09                	li	s8,2
    80002f26:	b771                	j	80002eb2 <__sfvwrite_r+0x142>
    80002f28:	6c0c                	ld	a1,24(s0)
    80002f2a:	866e                	mv	a2,s11
    80002f2c:	60a000ef          	jal	80003536 <memcpy>
    80002f30:	01045783          	lhu	a5,16(s0)
    80002f34:	b7f7f793          	andi	a5,a5,-1153
    80002f38:	0807e793          	ori	a5,a5,128
    80002f3c:	00f41823          	sh	a5,16(s0)
    80002f40:	01a43c23          	sd	s10,24(s0)
    80002f44:	d004                	sw	s1,32(s0)
    80002f46:	9d6e                	add	s10,s10,s11
    80002f48:	41b484bb          	subw	s1,s1,s11
    80002f4c:	01a43023          	sd	s10,0(s0)
    80002f50:	c444                	sw	s1,12(s0)
    80002f52:	8d66                	mv	s10,s9
    80002f54:	84e6                	mv	s1,s9
    80002f56:	01acf363          	bgeu	s9,s10,80002f5c <__sfvwrite_r+0x1ec>
    80002f5a:	8d66                	mv	s10,s9
    80002f5c:	6008                	ld	a0,0(s0)
    80002f5e:	866a                	mv	a2,s10
    80002f60:	85d6                	mv	a1,s5
    80002f62:	59e000ef          	jal	80003500 <memmove>
    80002f66:	445c                	lw	a5,12(s0)
    80002f68:	41a787bb          	subw	a5,a5,s10
    80002f6c:	c45c                	sw	a5,12(s0)
    80002f6e:	601c                	ld	a5,0(s0)
    80002f70:	97ea                	add	a5,a5,s10
    80002f72:	e01c                	sd	a5,0(s0)
    80002f74:	010a3783          	ld	a5,16(s4)
    80002f78:	9aa6                	add	s5,s5,s1
    80002f7a:	409c8cb3          	sub	s9,s9,s1
    80002f7e:	8f85                	sub	a5,a5,s1
    80002f80:	00fa3823          	sd	a5,16(s4)
    80002f84:	f79d                	bnez	a5,80002eb2 <__sfvwrite_r+0x142>
    80002f86:	bdd5                	j	80002e7a <__sfvwrite_r+0x10a>
    80002f88:	8626                	mv	a2,s1
    80002f8a:	854a                	mv	a0,s2
    80002f8c:	73e000ef          	jal	800036ca <_realloc_r>
    80002f90:	8d2a                	mv	s10,a0
    80002f92:	f55d                	bnez	a0,80002f40 <__sfvwrite_r+0x1d0>
    80002f94:	6c0c                	ld	a1,24(s0)
    80002f96:	854a                	mv	a0,s2
    80002f98:	64c000ef          	jal	800035e4 <_free_r>
    80002f9c:	01045783          	lhu	a5,16(s0)
    80002fa0:	f7f7f793          	andi	a5,a5,-129
    80002fa4:	00f41823          	sh	a5,16(s0)
    80002fa8:	bfb1                	j	80002f04 <__sfvwrite_r+0x194>
    80002faa:	6c1c                	ld	a5,24(s0)
    80002fac:	00a7e563          	bltu	a5,a0,80002fb6 <__sfvwrite_r+0x246>
    80002fb0:	5014                	lw	a3,32(s0)
    80002fb2:	02dcf763          	bgeu	s9,a3,80002fe0 <__sfvwrite_r+0x270>
    80002fb6:	009cf363          	bgeu	s9,s1,80002fbc <__sfvwrite_r+0x24c>
    80002fba:	84e6                	mv	s1,s9
    80002fbc:	8626                	mv	a2,s1
    80002fbe:	85d6                	mv	a1,s5
    80002fc0:	540000ef          	jal	80003500 <memmove>
    80002fc4:	445c                	lw	a5,12(s0)
    80002fc6:	4097873b          	subw	a4,a5,s1
    80002fca:	601c                	ld	a5,0(s0)
    80002fcc:	c458                	sw	a4,12(s0)
    80002fce:	97a6                	add	a5,a5,s1
    80002fd0:	e01c                	sd	a5,0(s0)
    80002fd2:	f34d                	bnez	a4,80002f74 <__sfvwrite_r+0x204>
    80002fd4:	85a2                	mv	a1,s0
    80002fd6:	854a                	mv	a0,s2
    80002fd8:	0e1000ef          	jal	800038b8 <_fflush_r>
    80002fdc:	dd41                	beqz	a0,80002f74 <__sfvwrite_r+0x204>
    80002fde:	b735                	j	80002f0a <__sfvwrite_r+0x19a>
    80002fe0:	87e6                	mv	a5,s9
    80002fe2:	019b7363          	bgeu	s6,s9,80002fe8 <__sfvwrite_r+0x278>
    80002fe6:	87da                	mv	a5,s6
    80002fe8:	02d7c7bb          	divw	a5,a5,a3
    80002fec:	6438                	ld	a4,72(s0)
    80002fee:	7c0c                	ld	a1,56(s0)
    80002ff0:	8656                	mv	a2,s5
    80002ff2:	854a                	mv	a0,s2
    80002ff4:	02d786bb          	mulw	a3,a5,a3
    80002ff8:	9702                	jalr	a4
    80002ffa:	84aa                	mv	s1,a0
    80002ffc:	f6a04ce3          	bgtz	a0,80002f74 <__sfvwrite_r+0x204>
    80003000:	b729                	j	80002f0a <__sfvwrite_r+0x19a>
    80003002:	0009bb83          	ld	s7,0(s3)
    80003006:	0089bb03          	ld	s6,8(s3)
    8000300a:	4501                	li	a0,0
    8000300c:	09c1                	addi	s3,s3,16
    8000300e:	bb55                	j	80002dc2 <__sfvwrite_r+0x52>
    80003010:	001b0a9b          	addiw	s5,s6,1 # ffffffff80000001 <__heap_end+0xfffffffefffdb001>
    80003014:	b3e1                	j	80002ddc <__sfvwrite_r+0x6c>
    80003016:	00dc4b63          	blt	s8,a3,8000302c <__sfvwrite_r+0x2bc>
    8000301a:	643c                	ld	a5,72(s0)
    8000301c:	7c0c                	ld	a1,56(s0)
    8000301e:	865e                	mv	a2,s7
    80003020:	854a                	mv	a0,s2
    80003022:	9782                	jalr	a5
    80003024:	84aa                	mv	s1,a0
    80003026:	dea045e3          	bgtz	a0,80002e10 <__sfvwrite_r+0xa0>
    8000302a:	b5c5                	j	80002f0a <__sfvwrite_r+0x19a>
    8000302c:	8662                	mv	a2,s8
    8000302e:	85de                	mv	a1,s7
    80003030:	4d0000ef          	jal	80003500 <memmove>
    80003034:	445c                	lw	a5,12(s0)
    80003036:	84e2                	mv	s1,s8
    80003038:	418787bb          	subw	a5,a5,s8
    8000303c:	c45c                	sw	a5,12(s0)
    8000303e:	601c                	ld	a5,0(s0)
    80003040:	97e2                	add	a5,a5,s8
    80003042:	e01c                	sd	a5,0(s0)
    80003044:	b3f1                	j	80002e10 <__sfvwrite_r+0xa0>

0000000080003046 <_fwalk_sglue>:
    80003046:	715d                	addi	sp,sp,-80
    80003048:	e0a2                	sd	s0,64(sp)
    8000304a:	fc26                	sd	s1,56(sp)
    8000304c:	f44e                	sd	s3,40(sp)
    8000304e:	f052                	sd	s4,32(sp)
    80003050:	e85a                	sd	s6,16(sp)
    80003052:	e45e                	sd	s7,8(sp)
    80003054:	e486                	sd	ra,72(sp)
    80003056:	f84a                	sd	s2,48(sp)
    80003058:	ec56                	sd	s5,24(sp)
    8000305a:	89aa                	mv	s3,a0
    8000305c:	8a2e                	mv	s4,a1
    8000305e:	8432                	mv	s0,a2
    80003060:	4481                	li	s1,0
    80003062:	4b05                	li	s6,1
    80003064:	5bfd                	li	s7,-1
    80003066:	01043903          	ld	s2,16(s0)
    8000306a:	00842a83          	lw	s5,8(s0)
    8000306e:	3afd                	addiw	s5,s5,-1
    80003070:	020ad063          	bgez	s5,80003090 <_fwalk_sglue+0x4a>
    80003074:	6000                	ld	s0,0(s0)
    80003076:	f865                	bnez	s0,80003066 <_fwalk_sglue+0x20>
    80003078:	60a6                	ld	ra,72(sp)
    8000307a:	6406                	ld	s0,64(sp)
    8000307c:	7942                	ld	s2,48(sp)
    8000307e:	79a2                	ld	s3,40(sp)
    80003080:	7a02                	ld	s4,32(sp)
    80003082:	6ae2                	ld	s5,24(sp)
    80003084:	6b42                	ld	s6,16(sp)
    80003086:	6ba2                	ld	s7,8(sp)
    80003088:	8526                	mv	a0,s1
    8000308a:	74e2                	ld	s1,56(sp)
    8000308c:	6161                	addi	sp,sp,80
    8000308e:	8082                	ret
    80003090:	01095783          	lhu	a5,16(s2)
    80003094:	00fb7b63          	bgeu	s6,a5,800030aa <_fwalk_sglue+0x64>
    80003098:	01291783          	lh	a5,18(s2)
    8000309c:	01778763          	beq	a5,s7,800030aa <_fwalk_sglue+0x64>
    800030a0:	85ca                	mv	a1,s2
    800030a2:	854e                	mv	a0,s3
    800030a4:	9a02                	jalr	s4
    800030a6:	8cc9                	or	s1,s1,a0
    800030a8:	2481                	sext.w	s1,s1
    800030aa:	0b090913          	addi	s2,s2,176
    800030ae:	b7c1                	j	8000306e <_fwalk_sglue+0x28>

00000000800030b0 <__sread>:
    800030b0:	1141                	addi	sp,sp,-16
    800030b2:	e022                	sd	s0,0(sp)
    800030b4:	842e                	mv	s0,a1
    800030b6:	01259583          	lh	a1,18(a1)
    800030ba:	e406                	sd	ra,8(sp)
    800030bc:	3c4000ef          	jal	80003480 <_read_r>
    800030c0:	00054963          	bltz	a0,800030d2 <__sread+0x22>
    800030c4:	6c5c                	ld	a5,152(s0)
    800030c6:	97aa                	add	a5,a5,a0
    800030c8:	ec5c                	sd	a5,152(s0)
    800030ca:	60a2                	ld	ra,8(sp)
    800030cc:	6402                	ld	s0,0(sp)
    800030ce:	0141                	addi	sp,sp,16
    800030d0:	8082                	ret
    800030d2:	01045783          	lhu	a5,16(s0)
    800030d6:	777d                	lui	a4,0xfffff
    800030d8:	177d                	addi	a4,a4,-1 # ffffffffffffefff <__heap_end+0xffffffff7ffd9fff>
    800030da:	8ff9                	and	a5,a5,a4
    800030dc:	00f41823          	sh	a5,16(s0)
    800030e0:	b7ed                	j	800030ca <__sread+0x1a>

00000000800030e2 <__seofread>:
    800030e2:	4501                	li	a0,0
    800030e4:	8082                	ret

00000000800030e6 <__swrite>:
    800030e6:	0105d783          	lhu	a5,16(a1)
    800030ea:	7179                	addi	sp,sp,-48
    800030ec:	f022                	sd	s0,32(sp)
    800030ee:	ec26                	sd	s1,24(sp)
    800030f0:	e84a                	sd	s2,16(sp)
    800030f2:	e44e                	sd	s3,8(sp)
    800030f4:	f406                	sd	ra,40(sp)
    800030f6:	1007f793          	andi	a5,a5,256
    800030fa:	84aa                	mv	s1,a0
    800030fc:	842e                	mv	s0,a1
    800030fe:	8932                	mv	s2,a2
    80003100:	89b6                	mv	s3,a3
    80003102:	c799                	beqz	a5,80003110 <__swrite+0x2a>
    80003104:	01259583          	lh	a1,18(a1)
    80003108:	4689                	li	a3,2
    8000310a:	4601                	li	a2,0
    8000310c:	348000ef          	jal	80003454 <_lseek_r>
    80003110:	01045783          	lhu	a5,16(s0)
    80003114:	777d                	lui	a4,0xfffff
    80003116:	177d                	addi	a4,a4,-1 # ffffffffffffefff <__heap_end+0xffffffff7ffd9fff>
    80003118:	8ff9                	and	a5,a5,a4
    8000311a:	01241583          	lh	a1,18(s0)
    8000311e:	00f41823          	sh	a5,16(s0)
    80003122:	7402                	ld	s0,32(sp)
    80003124:	70a2                	ld	ra,40(sp)
    80003126:	86ce                	mv	a3,s3
    80003128:	864a                	mv	a2,s2
    8000312a:	69a2                	ld	s3,8(sp)
    8000312c:	6942                	ld	s2,16(sp)
    8000312e:	8526                	mv	a0,s1
    80003130:	64e2                	ld	s1,24(sp)
    80003132:	6145                	addi	sp,sp,48
    80003134:	a645                	j	800034d4 <_write_r>

0000000080003136 <__sseek>:
    80003136:	1141                	addi	sp,sp,-16
    80003138:	e022                	sd	s0,0(sp)
    8000313a:	842e                	mv	s0,a1
    8000313c:	01259583          	lh	a1,18(a1)
    80003140:	e406                	sd	ra,8(sp)
    80003142:	312000ef          	jal	80003454 <_lseek_r>
    80003146:	577d                	li	a4,-1
    80003148:	01045783          	lhu	a5,16(s0)
    8000314c:	00e51b63          	bne	a0,a4,80003162 <__sseek+0x2c>
    80003150:	777d                	lui	a4,0xfffff
    80003152:	177d                	addi	a4,a4,-1 # ffffffffffffefff <__heap_end+0xffffffff7ffd9fff>
    80003154:	8ff9                	and	a5,a5,a4
    80003156:	00f41823          	sh	a5,16(s0)
    8000315a:	60a2                	ld	ra,8(sp)
    8000315c:	6402                	ld	s0,0(sp)
    8000315e:	0141                	addi	sp,sp,16
    80003160:	8082                	ret
    80003162:	6705                	lui	a4,0x1
    80003164:	8fd9                	or	a5,a5,a4
    80003166:	00f41823          	sh	a5,16(s0)
    8000316a:	ec48                	sd	a0,152(s0)
    8000316c:	b7fd                	j	8000315a <__sseek+0x24>

000000008000316e <__sclose>:
    8000316e:	01259583          	lh	a1,18(a1)
    80003172:	a2ed                	j	8000335c <_close_r>

0000000080003174 <__swbuf_r>:
    80003174:	7179                	addi	sp,sp,-48
    80003176:	f022                	sd	s0,32(sp)
    80003178:	ec26                	sd	s1,24(sp)
    8000317a:	e84a                	sd	s2,16(sp)
    8000317c:	f406                	sd	ra,40(sp)
    8000317e:	e44e                	sd	s3,8(sp)
    80003180:	892a                	mv	s2,a0
    80003182:	84ae                	mv	s1,a1
    80003184:	8432                	mv	s0,a2
    80003186:	c509                	beqz	a0,80003190 <__swbuf_r+0x1c>
    80003188:	613c                	ld	a5,64(a0)
    8000318a:	e399                	bnez	a5,80003190 <__swbuf_r+0x1c>
    8000318c:	ba1ff0ef          	jal	80002d2c <__sinit>
    80003190:	541c                	lw	a5,40(s0)
    80003192:	c45c                	sw	a5,12(s0)
    80003194:	01045783          	lhu	a5,16(s0)
    80003198:	8ba1                	andi	a5,a5,8
    8000319a:	c399                	beqz	a5,800031a0 <__swbuf_r+0x2c>
    8000319c:	6c1c                	ld	a5,24(s0)
    8000319e:	ef99                	bnez	a5,800031bc <__swbuf_r+0x48>
    800031a0:	85a2                	mv	a1,s0
    800031a2:	854a                	mv	a0,s2
    800031a4:	07a000ef          	jal	8000321e <__swsetup_r>
    800031a8:	c911                	beqz	a0,800031bc <__swbuf_r+0x48>
    800031aa:	54fd                	li	s1,-1
    800031ac:	70a2                	ld	ra,40(sp)
    800031ae:	7402                	ld	s0,32(sp)
    800031b0:	6942                	ld	s2,16(sp)
    800031b2:	69a2                	ld	s3,8(sp)
    800031b4:	8526                	mv	a0,s1
    800031b6:	64e2                	ld	s1,24(sp)
    800031b8:	6145                	addi	sp,sp,48
    800031ba:	8082                	ret
    800031bc:	601c                	ld	a5,0(s0)
    800031be:	6c18                	ld	a4,24(s0)
    800031c0:	0ff4f993          	zext.b	s3,s1
    800031c4:	84ce                	mv	s1,s3
    800031c6:	40e7853b          	subw	a0,a5,a4
    800031ca:	501c                	lw	a5,32(s0)
    800031cc:	00f54763          	blt	a0,a5,800031da <__swbuf_r+0x66>
    800031d0:	85a2                	mv	a1,s0
    800031d2:	854a                	mv	a0,s2
    800031d4:	6e4000ef          	jal	800038b8 <_fflush_r>
    800031d8:	f969                	bnez	a0,800031aa <__swbuf_r+0x36>
    800031da:	445c                	lw	a5,12(s0)
    800031dc:	37fd                	addiw	a5,a5,-1
    800031de:	c45c                	sw	a5,12(s0)
    800031e0:	601c                	ld	a5,0(s0)
    800031e2:	00178713          	addi	a4,a5,1
    800031e6:	e018                	sd	a4,0(s0)
    800031e8:	01378023          	sb	s3,0(a5)
    800031ec:	5018                	lw	a4,32(s0)
    800031ee:	0015079b          	addiw	a5,a0,1
    800031f2:	00f70963          	beq	a4,a5,80003204 <__swbuf_r+0x90>
    800031f6:	01045783          	lhu	a5,16(s0)
    800031fa:	8b85                	andi	a5,a5,1
    800031fc:	dbc5                	beqz	a5,800031ac <__swbuf_r+0x38>
    800031fe:	47a9                	li	a5,10
    80003200:	faf496e3          	bne	s1,a5,800031ac <__swbuf_r+0x38>
    80003204:	85a2                	mv	a1,s0
    80003206:	854a                	mv	a0,s2
    80003208:	6b0000ef          	jal	800038b8 <_fflush_r>
    8000320c:	d145                	beqz	a0,800031ac <__swbuf_r+0x38>
    8000320e:	bf71                	j	800031aa <__swbuf_r+0x36>

0000000080003210 <__swbuf>:
    80003210:	862e                	mv	a2,a1
    80003212:	85aa                	mv	a1,a0
    80003214:	00002517          	auipc	a0,0x2
    80003218:	80c53503          	ld	a0,-2036(a0) # 80004a20 <_impure_ptr>
    8000321c:	bfa1                	j	80003174 <__swbuf_r>

000000008000321e <__swsetup_r>:
    8000321e:	1101                	addi	sp,sp,-32
    80003220:	e822                	sd	s0,16(sp)
    80003222:	e426                	sd	s1,8(sp)
    80003224:	ec06                	sd	ra,24(sp)
    80003226:	84aa                	mv	s1,a0
    80003228:	00001517          	auipc	a0,0x1
    8000322c:	7f853503          	ld	a0,2040(a0) # 80004a20 <_impure_ptr>
    80003230:	842e                	mv	s0,a1
    80003232:	c509                	beqz	a0,8000323c <__swsetup_r+0x1e>
    80003234:	613c                	ld	a5,64(a0)
    80003236:	e399                	bnez	a5,8000323c <__swsetup_r+0x1e>
    80003238:	af5ff0ef          	jal	80002d2c <__sinit>
    8000323c:	01041783          	lh	a5,16(s0)
    80003240:	0087f713          	andi	a4,a5,8
    80003244:	eb29                	bnez	a4,80003296 <__swsetup_r+0x78>
    80003246:	0107f713          	andi	a4,a5,16
    8000324a:	eb09                	bnez	a4,8000325c <__swsetup_r+0x3e>
    8000324c:	4725                	li	a4,9
    8000324e:	c098                	sw	a4,0(s1)
    80003250:	0407e793          	ori	a5,a5,64
    80003254:	00f41823          	sh	a5,16(s0)
    80003258:	557d                	li	a0,-1
    8000325a:	a8ad                	j	800032d4 <__swsetup_r+0xb6>
    8000325c:	8b91                	andi	a5,a5,4
    8000325e:	c795                	beqz	a5,8000328a <__swsetup_r+0x6c>
    80003260:	702c                	ld	a1,96(s0)
    80003262:	c991                	beqz	a1,80003276 <__swsetup_r+0x58>
    80003264:	07c40793          	addi	a5,s0,124
    80003268:	00f58563          	beq	a1,a5,80003272 <__swsetup_r+0x54>
    8000326c:	8526                	mv	a0,s1
    8000326e:	376000ef          	jal	800035e4 <_free_r>
    80003272:	06043023          	sd	zero,96(s0)
    80003276:	01045783          	lhu	a5,16(s0)
    8000327a:	00042423          	sw	zero,8(s0)
    8000327e:	fdb7f793          	andi	a5,a5,-37
    80003282:	00f41823          	sh	a5,16(s0)
    80003286:	6c1c                	ld	a5,24(s0)
    80003288:	e01c                	sd	a5,0(s0)
    8000328a:	01045783          	lhu	a5,16(s0)
    8000328e:	0087e793          	ori	a5,a5,8
    80003292:	00f41823          	sh	a5,16(s0)
    80003296:	6c1c                	ld	a5,24(s0)
    80003298:	ef89                	bnez	a5,800032b2 <__swsetup_r+0x94>
    8000329a:	01045783          	lhu	a5,16(s0)
    8000329e:	20000713          	li	a4,512
    800032a2:	2807f793          	andi	a5,a5,640
    800032a6:	00e78663          	beq	a5,a4,800032b2 <__swsetup_r+0x94>
    800032aa:	85a2                	mv	a1,s0
    800032ac:	8526                	mv	a0,s1
    800032ae:	70e000ef          	jal	800039bc <__smakebuf_r>
    800032b2:	01041783          	lh	a5,16(s0)
    800032b6:	0017f713          	andi	a4,a5,1
    800032ba:	c315                	beqz	a4,800032de <__swsetup_r+0xc0>
    800032bc:	5018                	lw	a4,32(s0)
    800032be:	00042623          	sw	zero,12(s0)
    800032c2:	40e0073b          	negw	a4,a4
    800032c6:	d418                	sw	a4,40(s0)
    800032c8:	6c18                	ld	a4,24(s0)
    800032ca:	4501                	li	a0,0
    800032cc:	e701                	bnez	a4,800032d4 <__swsetup_r+0xb6>
    800032ce:	0807f713          	andi	a4,a5,128
    800032d2:	ff3d                	bnez	a4,80003250 <__swsetup_r+0x32>
    800032d4:	60e2                	ld	ra,24(sp)
    800032d6:	6442                	ld	s0,16(sp)
    800032d8:	64a2                	ld	s1,8(sp)
    800032da:	6105                	addi	sp,sp,32
    800032dc:	8082                	ret
    800032de:	0027f713          	andi	a4,a5,2
    800032e2:	4681                	li	a3,0
    800032e4:	e311                	bnez	a4,800032e8 <__swsetup_r+0xca>
    800032e6:	5014                	lw	a3,32(s0)
    800032e8:	c454                	sw	a3,12(s0)
    800032ea:	bff9                	j	800032c8 <__swsetup_r+0xaa>

00000000800032ec <_setlocale_r>:
    800032ec:	c639                	beqz	a2,8000333a <_setlocale_r+0x4e>
    800032ee:	1141                	addi	sp,sp,-16
    800032f0:	00001597          	auipc	a1,0x1
    800032f4:	11058593          	addi	a1,a1,272 # 80004400 <__tbss_end+0x202>
    800032f8:	8532                	mv	a0,a2
    800032fa:	e022                	sd	s0,0(sp)
    800032fc:	e406                	sd	ra,8(sp)
    800032fe:	8432                	mv	s0,a2
    80003300:	24c000ef          	jal	8000354c <strcmp>
    80003304:	e909                	bnez	a0,80003316 <_setlocale_r+0x2a>
    80003306:	00001517          	auipc	a0,0x1
    8000330a:	0f250513          	addi	a0,a0,242 # 800043f8 <__tbss_end+0x1fa>
    8000330e:	60a2                	ld	ra,8(sp)
    80003310:	6402                	ld	s0,0(sp)
    80003312:	0141                	addi	sp,sp,16
    80003314:	8082                	ret
    80003316:	00001597          	auipc	a1,0x1
    8000331a:	0e258593          	addi	a1,a1,226 # 800043f8 <__tbss_end+0x1fa>
    8000331e:	8522                	mv	a0,s0
    80003320:	22c000ef          	jal	8000354c <strcmp>
    80003324:	d16d                	beqz	a0,80003306 <_setlocale_r+0x1a>
    80003326:	00001597          	auipc	a1,0x1
    8000332a:	f3a58593          	addi	a1,a1,-198 # 80004260 <__tbss_end+0x62>
    8000332e:	8522                	mv	a0,s0
    80003330:	21c000ef          	jal	8000354c <strcmp>
    80003334:	d969                	beqz	a0,80003306 <_setlocale_r+0x1a>
    80003336:	4501                	li	a0,0
    80003338:	bfd9                	j	8000330e <_setlocale_r+0x22>
    8000333a:	00001517          	auipc	a0,0x1
    8000333e:	0be50513          	addi	a0,a0,190 # 800043f8 <__tbss_end+0x1fa>
    80003342:	8082                	ret

0000000080003344 <__locale_mb_cur_max>:
    80003344:	00001517          	auipc	a0,0x1
    80003348:	69454503          	lbu	a0,1684(a0) # 800049d8 <__global_locale+0x160>
    8000334c:	8082                	ret

000000008000334e <setlocale>:
    8000334e:	862e                	mv	a2,a1
    80003350:	85aa                	mv	a1,a0
    80003352:	00001517          	auipc	a0,0x1
    80003356:	6ce53503          	ld	a0,1742(a0) # 80004a20 <_impure_ptr>
    8000335a:	bf49                	j	800032ec <_setlocale_r>

000000008000335c <_close_r>:
    8000335c:	1141                	addi	sp,sp,-16
    8000335e:	e022                	sd	s0,0(sp)
    80003360:	842a                	mv	s0,a0
    80003362:	852e                	mv	a0,a1
    80003364:	8801ac23          	sw	zero,-1896(gp) # 80004ab8 <errno>
    80003368:	e406                	sd	ra,8(sp)
    8000336a:	31b000ef          	jal	80003e84 <_close>
    8000336e:	57fd                	li	a5,-1
    80003370:	00f51663          	bne	a0,a5,8000337c <_close_r+0x20>
    80003374:	8981a783          	lw	a5,-1896(gp) # 80004ab8 <errno>
    80003378:	c391                	beqz	a5,8000337c <_close_r+0x20>
    8000337a:	c01c                	sw	a5,0(s0)
    8000337c:	60a2                	ld	ra,8(sp)
    8000337e:	6402                	ld	s0,0(sp)
    80003380:	0141                	addi	sp,sp,16
    80003382:	8082                	ret

0000000080003384 <_reclaim_reent>:
    80003384:	00001797          	auipc	a5,0x1
    80003388:	69c7b783          	ld	a5,1692(a5) # 80004a20 <_impure_ptr>
    8000338c:	0ca78363          	beq	a5,a0,80003452 <_reclaim_reent+0xce>
    80003390:	7d1c                	ld	a5,56(a0)
    80003392:	7179                	addi	sp,sp,-48
    80003394:	f022                	sd	s0,32(sp)
    80003396:	f406                	sd	ra,40(sp)
    80003398:	ec26                	sd	s1,24(sp)
    8000339a:	e84a                	sd	s2,16(sp)
    8000339c:	e44e                	sd	s3,8(sp)
    8000339e:	842a                	mv	s0,a0
    800033a0:	cb8d                	beqz	a5,800033d2 <_reclaim_reent+0x4e>
    800033a2:	6f9c                	ld	a5,24(a5)
    800033a4:	c38d                	beqz	a5,800033c6 <_reclaim_reent+0x42>
    800033a6:	4481                	li	s1,0
    800033a8:	20000913          	li	s2,512
    800033ac:	7c1c                	ld	a5,56(s0)
    800033ae:	6f9c                	ld	a5,24(a5)
    800033b0:	97a6                	add	a5,a5,s1
    800033b2:	638c                	ld	a1,0(a5)
    800033b4:	e1c9                	bnez	a1,80003436 <_reclaim_reent+0xb2>
    800033b6:	04a1                	addi	s1,s1,8
    800033b8:	ff249ae3          	bne	s1,s2,800033ac <_reclaim_reent+0x28>
    800033bc:	7c1c                	ld	a5,56(s0)
    800033be:	8522                	mv	a0,s0
    800033c0:	6f8c                	ld	a1,24(a5)
    800033c2:	222000ef          	jal	800035e4 <_free_r>
    800033c6:	7c1c                	ld	a5,56(s0)
    800033c8:	638c                	ld	a1,0(a5)
    800033ca:	c581                	beqz	a1,800033d2 <_reclaim_reent+0x4e>
    800033cc:	8522                	mv	a0,s0
    800033ce:	216000ef          	jal	800035e4 <_free_r>
    800033d2:	740c                	ld	a1,40(s0)
    800033d4:	c581                	beqz	a1,800033dc <_reclaim_reent+0x58>
    800033d6:	8522                	mv	a0,s0
    800033d8:	20c000ef          	jal	800035e4 <_free_r>
    800033dc:	7c0c                	ld	a1,56(s0)
    800033de:	c581                	beqz	a1,800033e6 <_reclaim_reent+0x62>
    800033e0:	8522                	mv	a0,s0
    800033e2:	202000ef          	jal	800035e4 <_free_r>
    800033e6:	6c2c                	ld	a1,88(s0)
    800033e8:	c581                	beqz	a1,800033f0 <_reclaim_reent+0x6c>
    800033ea:	8522                	mv	a0,s0
    800033ec:	1f8000ef          	jal	800035e4 <_free_r>
    800033f0:	702c                	ld	a1,96(s0)
    800033f2:	c581                	beqz	a1,800033fa <_reclaim_reent+0x76>
    800033f4:	8522                	mv	a0,s0
    800033f6:	1ee000ef          	jal	800035e4 <_free_r>
    800033fa:	742c                	ld	a1,104(s0)
    800033fc:	c581                	beqz	a1,80003404 <_reclaim_reent+0x80>
    800033fe:	8522                	mv	a0,s0
    80003400:	1e4000ef          	jal	800035e4 <_free_r>
    80003404:	644c                	ld	a1,136(s0)
    80003406:	c581                	beqz	a1,8000340e <_reclaim_reent+0x8a>
    80003408:	8522                	mv	a0,s0
    8000340a:	1da000ef          	jal	800035e4 <_free_r>
    8000340e:	604c                	ld	a1,128(s0)
    80003410:	c581                	beqz	a1,80003418 <_reclaim_reent+0x94>
    80003412:	8522                	mv	a0,s0
    80003414:	1d0000ef          	jal	800035e4 <_free_r>
    80003418:	682c                	ld	a1,80(s0)
    8000341a:	c581                	beqz	a1,80003422 <_reclaim_reent+0x9e>
    8000341c:	8522                	mv	a0,s0
    8000341e:	1c6000ef          	jal	800035e4 <_free_r>
    80003422:	603c                	ld	a5,64(s0)
    80003424:	c385                	beqz	a5,80003444 <_reclaim_reent+0xc0>
    80003426:	8522                	mv	a0,s0
    80003428:	7402                	ld	s0,32(sp)
    8000342a:	70a2                	ld	ra,40(sp)
    8000342c:	64e2                	ld	s1,24(sp)
    8000342e:	6942                	ld	s2,16(sp)
    80003430:	69a2                	ld	s3,8(sp)
    80003432:	6145                	addi	sp,sp,48
    80003434:	8782                	jr	a5
    80003436:	0005b983          	ld	s3,0(a1)
    8000343a:	8522                	mv	a0,s0
    8000343c:	1a8000ef          	jal	800035e4 <_free_r>
    80003440:	85ce                	mv	a1,s3
    80003442:	bf8d                	j	800033b4 <_reclaim_reent+0x30>
    80003444:	70a2                	ld	ra,40(sp)
    80003446:	7402                	ld	s0,32(sp)
    80003448:	64e2                	ld	s1,24(sp)
    8000344a:	6942                	ld	s2,16(sp)
    8000344c:	69a2                	ld	s3,8(sp)
    8000344e:	6145                	addi	sp,sp,48
    80003450:	8082                	ret
    80003452:	8082                	ret

0000000080003454 <_lseek_r>:
    80003454:	1141                	addi	sp,sp,-16
    80003456:	e022                	sd	s0,0(sp)
    80003458:	842a                	mv	s0,a0
    8000345a:	852e                	mv	a0,a1
    8000345c:	85b2                	mv	a1,a2
    8000345e:	8636                	mv	a2,a3
    80003460:	8801ac23          	sw	zero,-1896(gp) # 80004ab8 <errno>
    80003464:	e406                	sd	ra,8(sp)
    80003466:	289000ef          	jal	80003eee <_lseek>
    8000346a:	57fd                	li	a5,-1
    8000346c:	00f51663          	bne	a0,a5,80003478 <_lseek_r+0x24>
    80003470:	8981a783          	lw	a5,-1896(gp) # 80004ab8 <errno>
    80003474:	c391                	beqz	a5,80003478 <_lseek_r+0x24>
    80003476:	c01c                	sw	a5,0(s0)
    80003478:	60a2                	ld	ra,8(sp)
    8000347a:	6402                	ld	s0,0(sp)
    8000347c:	0141                	addi	sp,sp,16
    8000347e:	8082                	ret

0000000080003480 <_read_r>:
    80003480:	1141                	addi	sp,sp,-16
    80003482:	e022                	sd	s0,0(sp)
    80003484:	842a                	mv	s0,a0
    80003486:	852e                	mv	a0,a1
    80003488:	85b2                	mv	a1,a2
    8000348a:	8636                	mv	a2,a3
    8000348c:	8801ac23          	sw	zero,-1896(gp) # 80004ab8 <errno>
    80003490:	e406                	sd	ra,8(sp)
    80003492:	271000ef          	jal	80003f02 <_read>
    80003496:	57fd                	li	a5,-1
    80003498:	00f51663          	bne	a0,a5,800034a4 <_read_r+0x24>
    8000349c:	8981a783          	lw	a5,-1896(gp) # 80004ab8 <errno>
    800034a0:	c391                	beqz	a5,800034a4 <_read_r+0x24>
    800034a2:	c01c                	sw	a5,0(s0)
    800034a4:	60a2                	ld	ra,8(sp)
    800034a6:	6402                	ld	s0,0(sp)
    800034a8:	0141                	addi	sp,sp,16
    800034aa:	8082                	ret

00000000800034ac <_sbrk_r>:
    800034ac:	1141                	addi	sp,sp,-16
    800034ae:	e022                	sd	s0,0(sp)
    800034b0:	842a                	mv	s0,a0
    800034b2:	852e                	mv	a0,a1
    800034b4:	8801ac23          	sw	zero,-1896(gp) # 80004ab8 <errno>
    800034b8:	e406                	sd	ra,8(sp)
    800034ba:	25f000ef          	jal	80003f18 <_sbrk>
    800034be:	57fd                	li	a5,-1
    800034c0:	00f51663          	bne	a0,a5,800034cc <_sbrk_r+0x20>
    800034c4:	8981a783          	lw	a5,-1896(gp) # 80004ab8 <errno>
    800034c8:	c391                	beqz	a5,800034cc <_sbrk_r+0x20>
    800034ca:	c01c                	sw	a5,0(s0)
    800034cc:	60a2                	ld	ra,8(sp)
    800034ce:	6402                	ld	s0,0(sp)
    800034d0:	0141                	addi	sp,sp,16
    800034d2:	8082                	ret

00000000800034d4 <_write_r>:
    800034d4:	1141                	addi	sp,sp,-16
    800034d6:	e022                	sd	s0,0(sp)
    800034d8:	842a                	mv	s0,a0
    800034da:	852e                	mv	a0,a1
    800034dc:	85b2                	mv	a1,a2
    800034de:	8636                	mv	a2,a3
    800034e0:	8801ac23          	sw	zero,-1896(gp) # 80004ab8 <errno>
    800034e4:	e406                	sd	ra,8(sp)
    800034e6:	26f000ef          	jal	80003f54 <_write>
    800034ea:	57fd                	li	a5,-1
    800034ec:	00f51663          	bne	a0,a5,800034f8 <_write_r+0x24>
    800034f0:	8981a783          	lw	a5,-1896(gp) # 80004ab8 <errno>
    800034f4:	c391                	beqz	a5,800034f8 <_write_r+0x24>
    800034f6:	c01c                	sw	a5,0(s0)
    800034f8:	60a2                	ld	ra,8(sp)
    800034fa:	6402                	ld	s0,0(sp)
    800034fc:	0141                	addi	sp,sp,16
    800034fe:	8082                	ret

0000000080003500 <memmove>:
    80003500:	c215                	beqz	a2,80003524 <memmove+0x24>
    80003502:	832a                	mv	t1,a0
    80003504:	4685                	li	a3,1
    80003506:	00b56763          	bltu	a0,a1,80003514 <memmove+0x14>
    8000350a:	56fd                	li	a3,-1
    8000350c:	fff60713          	addi	a4,a2,-1
    80003510:	933a                	add	t1,t1,a4
    80003512:	95ba                	add	a1,a1,a4
    80003514:	00058383          	lb	t2,0(a1)
    80003518:	00730023          	sb	t2,0(t1)
    8000351c:	167d                	addi	a2,a2,-1
    8000351e:	9336                	add	t1,t1,a3
    80003520:	95b6                	add	a1,a1,a3
    80003522:	fa6d                	bnez	a2,80003514 <memmove+0x14>
    80003524:	8082                	ret

0000000080003526 <memset>:
    80003526:	832a                	mv	t1,a0
    80003528:	c611                	beqz	a2,80003534 <memset+0xe>
    8000352a:	00b30023          	sb	a1,0(t1)
    8000352e:	167d                	addi	a2,a2,-1
    80003530:	0305                	addi	t1,t1,1
    80003532:	fe65                	bnez	a2,8000352a <memset+0x4>
    80003534:	8082                	ret

0000000080003536 <memcpy>:
    80003536:	832a                	mv	t1,a0
    80003538:	ca09                	beqz	a2,8000354a <memcpy+0x14>
    8000353a:	00058383          	lb	t2,0(a1)
    8000353e:	00730023          	sb	t2,0(t1)
    80003542:	167d                	addi	a2,a2,-1
    80003544:	0305                	addi	t1,t1,1
    80003546:	0585                	addi	a1,a1,1
    80003548:	fa6d                	bnez	a2,8000353a <memcpy+0x4>
    8000354a:	8082                	ret

000000008000354c <strcmp>:
    8000354c:	00054603          	lbu	a2,0(a0)
    80003550:	0005c683          	lbu	a3,0(a1)
    80003554:	0505                	addi	a0,a0,1
    80003556:	0585                	addi	a1,a1,1
    80003558:	00d61363          	bne	a2,a3,8000355e <strcmp+0x12>
    8000355c:	fa65                	bnez	a2,8000354c <strcmp>
    8000355e:	40d60533          	sub	a0,a2,a3
    80003562:	8082                	ret

0000000080003564 <__assert_func>:
    80003564:	1141                	addi	sp,sp,-16
    80003566:	00001797          	auipc	a5,0x1
    8000356a:	4ba7b783          	ld	a5,1210(a5) # 80004a20 <_impure_ptr>
    8000356e:	8832                	mv	a6,a2
    80003570:	e406                	sd	ra,8(sp)
    80003572:	88aa                	mv	a7,a0
    80003574:	872e                	mv	a4,a1
    80003576:	6f88                	ld	a0,24(a5)
    80003578:	8636                	mv	a2,a3
    8000357a:	00001797          	auipc	a5,0x1
    8000357e:	e9678793          	addi	a5,a5,-362 # 80004410 <__tbss_end+0x212>
    80003582:	00081763          	bnez	a6,80003590 <__assert_func+0x2c>
    80003586:	00001797          	auipc	a5,0x1
    8000358a:	cda78793          	addi	a5,a5,-806 # 80004260 <__tbss_end+0x62>
    8000358e:	883e                	mv	a6,a5
    80003590:	86c6                	mv	a3,a7
    80003592:	00001597          	auipc	a1,0x1
    80003596:	e8e58593          	addi	a1,a1,-370 # 80004420 <__tbss_end+0x222>
    8000359a:	39c000ef          	jal	80003936 <fiprintf>
    8000359e:	50e000ef          	jal	80003aac <abort>

00000000800035a2 <__assert>:
    800035a2:	1141                	addi	sp,sp,-16
    800035a4:	86b2                	mv	a3,a2
    800035a6:	4601                	li	a2,0
    800035a8:	e406                	sd	ra,8(sp)
    800035aa:	fbbff0ef          	jal	80003564 <__assert_func>

00000000800035ae <_calloc_r>:
    800035ae:	02c5b733          	mulhu	a4,a1,a2
    800035b2:	1101                	addi	sp,sp,-32
    800035b4:	ec06                	sd	ra,24(sp)
    800035b6:	e822                	sd	s0,16(sp)
    800035b8:	02c58633          	mul	a2,a1,a2
    800035bc:	cb09                	beqz	a4,800035ce <_calloc_r+0x20>
    800035be:	4731                	li	a4,12
    800035c0:	c118                	sw	a4,0(a0)
    800035c2:	4401                	li	s0,0
    800035c4:	60e2                	ld	ra,24(sp)
    800035c6:	8522                	mv	a0,s0
    800035c8:	6442                	ld	s0,16(sp)
    800035ca:	6105                	addi	sp,sp,32
    800035cc:	8082                	ret
    800035ce:	85b2                	mv	a1,a2
    800035d0:	e432                	sd	a2,8(sp)
    800035d2:	d2efe0ef          	jal	80001b00 <_malloc_r>
    800035d6:	842a                	mv	s0,a0
    800035d8:	d575                	beqz	a0,800035c4 <_calloc_r+0x16>
    800035da:	6622                	ld	a2,8(sp)
    800035dc:	4581                	li	a1,0
    800035de:	f49ff0ef          	jal	80003526 <memset>
    800035e2:	b7cd                	j	800035c4 <_calloc_r+0x16>

00000000800035e4 <_free_r>:
    800035e4:	c1c5                	beqz	a1,80003684 <_free_r+0xa0>
    800035e6:	ff85b783          	ld	a5,-8(a1)
    800035ea:	1101                	addi	sp,sp,-32
    800035ec:	e822                	sd	s0,16(sp)
    800035ee:	ec06                	sd	ra,24(sp)
    800035f0:	ff858413          	addi	s0,a1,-8
    800035f4:	0007d363          	bgez	a5,800035fa <_free_r+0x16>
    800035f8:	943e                	add	s0,s0,a5
    800035fa:	e42a                	sd	a0,8(sp)
    800035fc:	e34fe0ef          	jal	80001c30 <__malloc_lock>
    80003600:	88018713          	addi	a4,gp,-1920 # 80004aa0 <__malloc_free_list>
    80003604:	631c                	ld	a5,0(a4)
    80003606:	6522                	ld	a0,8(sp)
    80003608:	eb89                	bnez	a5,8000361a <_free_r+0x36>
    8000360a:	00043423          	sd	zero,8(s0)
    8000360e:	e300                	sd	s0,0(a4)
    80003610:	6442                	ld	s0,16(sp)
    80003612:	60e2                	ld	ra,24(sp)
    80003614:	6105                	addi	sp,sp,32
    80003616:	e1cfe06f          	j	80001c32 <__malloc_unlock>
    8000361a:	00f47d63          	bgeu	s0,a5,80003634 <_free_r+0x50>
    8000361e:	6010                	ld	a2,0(s0)
    80003620:	00c406b3          	add	a3,s0,a2
    80003624:	00d79663          	bne	a5,a3,80003630 <_free_r+0x4c>
    80003628:	6394                	ld	a3,0(a5)
    8000362a:	679c                	ld	a5,8(a5)
    8000362c:	96b2                	add	a3,a3,a2
    8000362e:	e014                	sd	a3,0(s0)
    80003630:	e41c                	sd	a5,8(s0)
    80003632:	bff1                	j	8000360e <_free_r+0x2a>
    80003634:	873e                	mv	a4,a5
    80003636:	679c                	ld	a5,8(a5)
    80003638:	c399                	beqz	a5,8000363e <_free_r+0x5a>
    8000363a:	fef47de3          	bgeu	s0,a5,80003634 <_free_r+0x50>
    8000363e:	6314                	ld	a3,0(a4)
    80003640:	00d70633          	add	a2,a4,a3
    80003644:	00861f63          	bne	a2,s0,80003662 <_free_r+0x7e>
    80003648:	6010                	ld	a2,0(s0)
    8000364a:	96b2                	add	a3,a3,a2
    8000364c:	e314                	sd	a3,0(a4)
    8000364e:	00d70633          	add	a2,a4,a3
    80003652:	fac79fe3          	bne	a5,a2,80003610 <_free_r+0x2c>
    80003656:	6390                	ld	a2,0(a5)
    80003658:	679c                	ld	a5,8(a5)
    8000365a:	96b2                	add	a3,a3,a2
    8000365c:	e314                	sd	a3,0(a4)
    8000365e:	e71c                	sd	a5,8(a4)
    80003660:	bf45                	j	80003610 <_free_r+0x2c>
    80003662:	00c47563          	bgeu	s0,a2,8000366c <_free_r+0x88>
    80003666:	47b1                	li	a5,12
    80003668:	c11c                	sw	a5,0(a0)
    8000366a:	b75d                	j	80003610 <_free_r+0x2c>
    8000366c:	6010                	ld	a2,0(s0)
    8000366e:	00c406b3          	add	a3,s0,a2
    80003672:	00d79663          	bne	a5,a3,8000367e <_free_r+0x9a>
    80003676:	6394                	ld	a3,0(a5)
    80003678:	679c                	ld	a5,8(a5)
    8000367a:	96b2                	add	a3,a3,a2
    8000367c:	e014                	sd	a3,0(s0)
    8000367e:	e41c                	sd	a5,8(s0)
    80003680:	e700                	sd	s0,8(a4)
    80003682:	b779                	j	80003610 <_free_r+0x2c>
    80003684:	8082                	ret

0000000080003686 <_mbtowc_r>:
    80003686:	00001797          	auipc	a5,0x1
    8000368a:	2da7b783          	ld	a5,730(a5) # 80004960 <__global_locale+0xe8>
    8000368e:	8782                	jr	a5

0000000080003690 <__ascii_mbtowc>:
    80003690:	e185                	bnez	a1,800036b0 <__ascii_mbtowc+0x20>
    80003692:	1141                	addi	sp,sp,-16
    80003694:	006c                	addi	a1,sp,12
    80003696:	4501                	li	a0,0
    80003698:	ca11                	beqz	a2,800036ac <__ascii_mbtowc+0x1c>
    8000369a:	5579                	li	a0,-2
    8000369c:	ca81                	beqz	a3,800036ac <__ascii_mbtowc+0x1c>
    8000369e:	00064783          	lbu	a5,0(a2)
    800036a2:	c19c                	sw	a5,0(a1)
    800036a4:	00064503          	lbu	a0,0(a2)
    800036a8:	00a03533          	snez	a0,a0
    800036ac:	0141                	addi	sp,sp,16
    800036ae:	8082                	ret
    800036b0:	4501                	li	a0,0
    800036b2:	ca19                	beqz	a2,800036c8 <__ascii_mbtowc+0x38>
    800036b4:	5579                	li	a0,-2
    800036b6:	ca89                	beqz	a3,800036c8 <__ascii_mbtowc+0x38>
    800036b8:	00064783          	lbu	a5,0(a2)
    800036bc:	c19c                	sw	a5,0(a1)
    800036be:	00064503          	lbu	a0,0(a2)
    800036c2:	00a03533          	snez	a0,a0
    800036c6:	8082                	ret
    800036c8:	8082                	ret

00000000800036ca <_realloc_r>:
    800036ca:	7179                	addi	sp,sp,-48
    800036cc:	f022                	sd	s0,32(sp)
    800036ce:	f406                	sd	ra,40(sp)
    800036d0:	ec26                	sd	s1,24(sp)
    800036d2:	e84a                	sd	s2,16(sp)
    800036d4:	e44e                	sd	s3,8(sp)
    800036d6:	e052                	sd	s4,0(sp)
    800036d8:	8432                	mv	s0,a2
    800036da:	e999                	bnez	a1,800036f0 <_realloc_r+0x26>
    800036dc:	7402                	ld	s0,32(sp)
    800036de:	70a2                	ld	ra,40(sp)
    800036e0:	64e2                	ld	s1,24(sp)
    800036e2:	6942                	ld	s2,16(sp)
    800036e4:	69a2                	ld	s3,8(sp)
    800036e6:	6a02                	ld	s4,0(sp)
    800036e8:	85b2                	mv	a1,a2
    800036ea:	6145                	addi	sp,sp,48
    800036ec:	c14fe06f          	j	80001b00 <_malloc_r>
    800036f0:	ee09                	bnez	a2,8000370a <_realloc_r+0x40>
    800036f2:	ef3ff0ef          	jal	800035e4 <_free_r>
    800036f6:	4481                	li	s1,0
    800036f8:	70a2                	ld	ra,40(sp)
    800036fa:	7402                	ld	s0,32(sp)
    800036fc:	6942                	ld	s2,16(sp)
    800036fe:	69a2                	ld	s3,8(sp)
    80003700:	6a02                	ld	s4,0(sp)
    80003702:	8526                	mv	a0,s1
    80003704:	64e2                	ld	s1,24(sp)
    80003706:	6145                	addi	sp,sp,48
    80003708:	8082                	ret
    8000370a:	8a2a                	mv	s4,a0
    8000370c:	84ae                	mv	s1,a1
    8000370e:	3ae000ef          	jal	80003abc <_malloc_usable_size_r>
    80003712:	892a                	mv	s2,a0
    80003714:	00856663          	bltu	a0,s0,80003720 <_realloc_r+0x56>
    80003718:	00155793          	srli	a5,a0,0x1
    8000371c:	fc87eee3          	bltu	a5,s0,800036f8 <_realloc_r+0x2e>
    80003720:	85a2                	mv	a1,s0
    80003722:	8552                	mv	a0,s4
    80003724:	bdcfe0ef          	jal	80001b00 <_malloc_r>
    80003728:	89aa                	mv	s3,a0
    8000372a:	e119                	bnez	a0,80003730 <_realloc_r+0x66>
    8000372c:	84ce                	mv	s1,s3
    8000372e:	b7e9                	j	800036f8 <_realloc_r+0x2e>
    80003730:	8622                	mv	a2,s0
    80003732:	00897363          	bgeu	s2,s0,80003738 <_realloc_r+0x6e>
    80003736:	864a                	mv	a2,s2
    80003738:	85a6                	mv	a1,s1
    8000373a:	854e                	mv	a0,s3
    8000373c:	dfbff0ef          	jal	80003536 <memcpy>
    80003740:	85a6                	mv	a1,s1
    80003742:	8552                	mv	a0,s4
    80003744:	ea1ff0ef          	jal	800035e4 <_free_r>
    80003748:	b7d5                	j	8000372c <_realloc_r+0x62>

000000008000374a <_wctomb_r>:
    8000374a:	00001797          	auipc	a5,0x1
    8000374e:	20e7b783          	ld	a5,526(a5) # 80004958 <__global_locale+0xe0>
    80003752:	8782                	jr	a5

0000000080003754 <__ascii_wctomb>:
    80003754:	0006071b          	sext.w	a4,a2
    80003758:	cd91                	beqz	a1,80003774 <__ascii_wctomb+0x20>
    8000375a:	0ff00793          	li	a5,255
    8000375e:	00e7f763          	bgeu	a5,a4,8000376c <__ascii_wctomb+0x18>
    80003762:	08a00793          	li	a5,138
    80003766:	c11c                	sw	a5,0(a0)
    80003768:	557d                	li	a0,-1
    8000376a:	8082                	ret
    8000376c:	00c58023          	sb	a2,0(a1)
    80003770:	4505                	li	a0,1
    80003772:	8082                	ret
    80003774:	4501                	li	a0,0
    80003776:	8082                	ret

0000000080003778 <__sflush_r>:
    80003778:	01059783          	lh	a5,16(a1)
    8000377c:	7179                	addi	sp,sp,-48
    8000377e:	f022                	sd	s0,32(sp)
    80003780:	ec26                	sd	s1,24(sp)
    80003782:	f406                	sd	ra,40(sp)
    80003784:	e84a                	sd	s2,16(sp)
    80003786:	e44e                	sd	s3,8(sp)
    80003788:	0087f713          	andi	a4,a5,8
    8000378c:	84aa                	mv	s1,a0
    8000378e:	842e                	mv	s0,a1
    80003790:	eb69                	bnez	a4,80003862 <__sflush_r+0xea>
    80003792:	4598                	lw	a4,8(a1)
    80003794:	00e04563          	bgtz	a4,8000379e <__sflush_r+0x26>
    80003798:	5db8                	lw	a4,120(a1)
    8000379a:	0ae05b63          	blez	a4,80003850 <__sflush_r+0xd8>
    8000379e:	6838                	ld	a4,80(s0)
    800037a0:	cb45                	beqz	a4,80003850 <__sflush_r+0xd8>
    800037a2:	0004a903          	lw	s2,0(s1)
    800037a6:	03379693          	slli	a3,a5,0x33
    800037aa:	0004a023          	sw	zero,0(s1)
    800037ae:	7c0c                	ld	a1,56(s0)
    800037b0:	0606de63          	bgez	a3,8000382c <__sflush_r+0xb4>
    800037b4:	6c50                	ld	a2,152(s0)
    800037b6:	01045783          	lhu	a5,16(s0)
    800037ba:	8b91                	andi	a5,a5,4
    800037bc:	c799                	beqz	a5,800037ca <__sflush_r+0x52>
    800037be:	441c                	lw	a5,8(s0)
    800037c0:	8e1d                	sub	a2,a2,a5
    800037c2:	703c                	ld	a5,96(s0)
    800037c4:	c399                	beqz	a5,800037ca <__sflush_r+0x52>
    800037c6:	5c3c                	lw	a5,120(s0)
    800037c8:	8e1d                	sub	a2,a2,a5
    800037ca:	683c                	ld	a5,80(s0)
    800037cc:	7c0c                	ld	a1,56(s0)
    800037ce:	4681                	li	a3,0
    800037d0:	8526                	mv	a0,s1
    800037d2:	9782                	jalr	a5
    800037d4:	577d                	li	a4,-1
    800037d6:	01045783          	lhu	a5,16(s0)
    800037da:	00e51d63          	bne	a0,a4,800037f4 <__sflush_r+0x7c>
    800037de:	4094                	lw	a3,0(s1)
    800037e0:	4775                	li	a4,29
    800037e2:	06d76963          	bltu	a4,a3,80003854 <__sflush_r+0xdc>
    800037e6:	20400737          	lui	a4,0x20400
    800037ea:	0705                	addi	a4,a4,1 # 20400001 <__heap_size+0x203e0001>
    800037ec:	00d75733          	srl	a4,a4,a3
    800037f0:	8b05                	andi	a4,a4,1
    800037f2:	c32d                	beqz	a4,80003854 <__sflush_r+0xdc>
    800037f4:	6c18                	ld	a4,24(s0)
    800037f6:	00042423          	sw	zero,8(s0)
    800037fa:	e018                	sd	a4,0(s0)
    800037fc:	03379713          	slli	a4,a5,0x33
    80003800:	00075863          	bgez	a4,80003810 <__sflush_r+0x98>
    80003804:	57fd                	li	a5,-1
    80003806:	00f51463          	bne	a0,a5,8000380e <__sflush_r+0x96>
    8000380a:	409c                	lw	a5,0(s1)
    8000380c:	e391                	bnez	a5,80003810 <__sflush_r+0x98>
    8000380e:	ec48                	sd	a0,152(s0)
    80003810:	702c                	ld	a1,96(s0)
    80003812:	0124a023          	sw	s2,0(s1)
    80003816:	cd8d                	beqz	a1,80003850 <__sflush_r+0xd8>
    80003818:	07c40793          	addi	a5,s0,124
    8000381c:	00f58563          	beq	a1,a5,80003826 <__sflush_r+0xae>
    80003820:	8526                	mv	a0,s1
    80003822:	dc3ff0ef          	jal	800035e4 <_free_r>
    80003826:	06043023          	sd	zero,96(s0)
    8000382a:	a01d                	j	80003850 <__sflush_r+0xd8>
    8000382c:	4601                	li	a2,0
    8000382e:	4685                	li	a3,1
    80003830:	8526                	mv	a0,s1
    80003832:	9702                	jalr	a4
    80003834:	57fd                	li	a5,-1
    80003836:	862a                	mv	a2,a0
    80003838:	f6f51fe3          	bne	a0,a5,800037b6 <__sflush_r+0x3e>
    8000383c:	409c                	lw	a5,0(s1)
    8000383e:	dfa5                	beqz	a5,800037b6 <__sflush_r+0x3e>
    80003840:	4775                	li	a4,29
    80003842:	00e78563          	beq	a5,a4,8000384c <__sflush_r+0xd4>
    80003846:	4759                	li	a4,22
    80003848:	04e79663          	bne	a5,a4,80003894 <__sflush_r+0x11c>
    8000384c:	0124a023          	sw	s2,0(s1)
    80003850:	4501                	li	a0,0
    80003852:	a881                	j	800038a2 <__sflush_r+0x12a>
    80003854:	0407e793          	ori	a5,a5,64
    80003858:	0107979b          	slliw	a5,a5,0x10
    8000385c:	4107d79b          	sraiw	a5,a5,0x10
    80003860:	a835                	j	8000389c <__sflush_r+0x124>
    80003862:	0185b983          	ld	s3,24(a1)
    80003866:	fe0985e3          	beqz	s3,80003850 <__sflush_r+0xd8>
    8000386a:	0005b903          	ld	s2,0(a1)
    8000386e:	8b8d                	andi	a5,a5,3
    80003870:	0135b023          	sd	s3,0(a1)
    80003874:	4139093b          	subw	s2,s2,s3
    80003878:	4701                	li	a4,0
    8000387a:	e391                	bnez	a5,8000387e <__sflush_r+0x106>
    8000387c:	5198                	lw	a4,32(a1)
    8000387e:	c458                	sw	a4,12(s0)
    80003880:	fd2058e3          	blez	s2,80003850 <__sflush_r+0xd8>
    80003884:	643c                	ld	a5,72(s0)
    80003886:	7c0c                	ld	a1,56(s0)
    80003888:	86ca                	mv	a3,s2
    8000388a:	864e                	mv	a2,s3
    8000388c:	8526                	mv	a0,s1
    8000388e:	9782                	jalr	a5
    80003890:	02a04063          	bgtz	a0,800038b0 <__sflush_r+0x138>
    80003894:	01041783          	lh	a5,16(s0)
    80003898:	0407e793          	ori	a5,a5,64
    8000389c:	00f41823          	sh	a5,16(s0)
    800038a0:	557d                	li	a0,-1
    800038a2:	70a2                	ld	ra,40(sp)
    800038a4:	7402                	ld	s0,32(sp)
    800038a6:	64e2                	ld	s1,24(sp)
    800038a8:	6942                	ld	s2,16(sp)
    800038aa:	69a2                	ld	s3,8(sp)
    800038ac:	6145                	addi	sp,sp,48
    800038ae:	8082                	ret
    800038b0:	99aa                	add	s3,s3,a0
    800038b2:	40a9093b          	subw	s2,s2,a0
    800038b6:	b7e9                	j	80003880 <__sflush_r+0x108>

00000000800038b8 <_fflush_r>:
    800038b8:	6d9c                	ld	a5,24(a1)
    800038ba:	cb8d                	beqz	a5,800038ec <_fflush_r+0x34>
    800038bc:	1101                	addi	sp,sp,-32
    800038be:	e822                	sd	s0,16(sp)
    800038c0:	ec06                	sd	ra,24(sp)
    800038c2:	842a                	mv	s0,a0
    800038c4:	c519                	beqz	a0,800038d2 <_fflush_r+0x1a>
    800038c6:	613c                	ld	a5,64(a0)
    800038c8:	e789                	bnez	a5,800038d2 <_fflush_r+0x1a>
    800038ca:	e42e                	sd	a1,8(sp)
    800038cc:	c60ff0ef          	jal	80002d2c <__sinit>
    800038d0:	65a2                	ld	a1,8(sp)
    800038d2:	01059783          	lh	a5,16(a1)
    800038d6:	c791                	beqz	a5,800038e2 <_fflush_r+0x2a>
    800038d8:	8522                	mv	a0,s0
    800038da:	6442                	ld	s0,16(sp)
    800038dc:	60e2                	ld	ra,24(sp)
    800038de:	6105                	addi	sp,sp,32
    800038e0:	bd61                	j	80003778 <__sflush_r>
    800038e2:	60e2                	ld	ra,24(sp)
    800038e4:	6442                	ld	s0,16(sp)
    800038e6:	4501                	li	a0,0
    800038e8:	6105                	addi	sp,sp,32
    800038ea:	8082                	ret
    800038ec:	4501                	li	a0,0
    800038ee:	8082                	ret

00000000800038f0 <fflush>:
    800038f0:	85aa                	mv	a1,a0
    800038f2:	ed19                	bnez	a0,80003910 <fflush+0x20>
    800038f4:	00001617          	auipc	a2,0x1
    800038f8:	f6c60613          	addi	a2,a2,-148 # 80004860 <__sglue>
    800038fc:	00000597          	auipc	a1,0x0
    80003900:	fbc58593          	addi	a1,a1,-68 # 800038b8 <_fflush_r>
    80003904:	00001517          	auipc	a0,0x1
    80003908:	ecc50513          	addi	a0,a0,-308 # 800047d0 <_impure_data>
    8000390c:	f3aff06f          	j	80003046 <_fwalk_sglue>
    80003910:	00001517          	auipc	a0,0x1
    80003914:	11053503          	ld	a0,272(a0) # 80004a20 <_impure_ptr>
    80003918:	b745                	j	800038b8 <_fflush_r>

000000008000391a <_fiprintf_r>:
    8000391a:	715d                	addi	sp,sp,-80
    8000391c:	f436                	sd	a3,40(sp)
    8000391e:	1034                	addi	a3,sp,40
    80003920:	ec06                	sd	ra,24(sp)
    80003922:	f83a                	sd	a4,48(sp)
    80003924:	fc3e                	sd	a5,56(sp)
    80003926:	e0c2                	sd	a6,64(sp)
    80003928:	e4c6                	sd	a7,72(sp)
    8000392a:	e436                	sd	a3,8(sp)
    8000392c:	fb5fe0ef          	jal	800028e0 <_vfiprintf_r>
    80003930:	60e2                	ld	ra,24(sp)
    80003932:	6161                	addi	sp,sp,80
    80003934:	8082                	ret

0000000080003936 <fiprintf>:
    80003936:	715d                	addi	sp,sp,-80
    80003938:	f032                	sd	a2,32(sp)
    8000393a:	f436                	sd	a3,40(sp)
    8000393c:	862e                	mv	a2,a1
    8000393e:	1014                	addi	a3,sp,32
    80003940:	85aa                	mv	a1,a0
    80003942:	00001517          	auipc	a0,0x1
    80003946:	0de53503          	ld	a0,222(a0) # 80004a20 <_impure_ptr>
    8000394a:	ec06                	sd	ra,24(sp)
    8000394c:	f83a                	sd	a4,48(sp)
    8000394e:	fc3e                	sd	a5,56(sp)
    80003950:	e0c2                	sd	a6,64(sp)
    80003952:	e4c6                	sd	a7,72(sp)
    80003954:	e436                	sd	a3,8(sp)
    80003956:	f8bfe0ef          	jal	800028e0 <_vfiprintf_r>
    8000395a:	60e2                	ld	ra,24(sp)
    8000395c:	6161                	addi	sp,sp,80
    8000395e:	8082                	ret

0000000080003960 <__swhatbuf_r>:
    80003960:	7175                	addi	sp,sp,-144
    80003962:	e122                	sd	s0,128(sp)
    80003964:	842e                	mv	s0,a1
    80003966:	01259583          	lh	a1,18(a1)
    8000396a:	fca6                	sd	s1,120(sp)
    8000396c:	f8ca                	sd	s2,112(sp)
    8000396e:	e506                	sd	ra,136(sp)
    80003970:	84b2                	mv	s1,a2
    80003972:	8936                	mv	s2,a3
    80003974:	0205d363          	bgez	a1,8000399a <__swhatbuf_r+0x3a>
    80003978:	01045783          	lhu	a5,16(s0)
    8000397c:	0807f793          	andi	a5,a5,128
    80003980:	eb95                	bnez	a5,800039b4 <__swhatbuf_r+0x54>
    80003982:	40000713          	li	a4,1024
    80003986:	60aa                	ld	ra,136(sp)
    80003988:	640a                	ld	s0,128(sp)
    8000398a:	00f92023          	sw	a5,0(s2)
    8000398e:	e098                	sd	a4,0(s1)
    80003990:	7946                	ld	s2,112(sp)
    80003992:	74e6                	ld	s1,120(sp)
    80003994:	4501                	li	a0,0
    80003996:	6149                	addi	sp,sp,144
    80003998:	8082                	ret
    8000399a:	0030                	addi	a2,sp,8
    8000399c:	0be000ef          	jal	80003a5a <_fstat_r>
    800039a0:	fc054ce3          	bltz	a0,80003978 <__swhatbuf_r+0x18>
    800039a4:	47b2                	lw	a5,12(sp)
    800039a6:	673d                	lui	a4,0xf
    800039a8:	8ff9                	and	a5,a5,a4
    800039aa:	6709                	lui	a4,0x2
    800039ac:	8f99                	sub	a5,a5,a4
    800039ae:	0017b793          	seqz	a5,a5
    800039b2:	bfc1                	j	80003982 <__swhatbuf_r+0x22>
    800039b4:	4781                	li	a5,0
    800039b6:	04000713          	li	a4,64
    800039ba:	b7f1                	j	80003986 <__swhatbuf_r+0x26>

00000000800039bc <__smakebuf_r>:
    800039bc:	0105d783          	lhu	a5,16(a1)
    800039c0:	7139                	addi	sp,sp,-64
    800039c2:	f822                	sd	s0,48(sp)
    800039c4:	fc06                	sd	ra,56(sp)
    800039c6:	f426                	sd	s1,40(sp)
    800039c8:	f04a                	sd	s2,32(sp)
    800039ca:	ec4e                	sd	s3,24(sp)
    800039cc:	8b89                	andi	a5,a5,2
    800039ce:	842e                	mv	s0,a1
    800039d0:	cf91                	beqz	a5,800039ec <__smakebuf_r+0x30>
    800039d2:	07f40793          	addi	a5,s0,127
    800039d6:	e01c                	sd	a5,0(s0)
    800039d8:	ec1c                	sd	a5,24(s0)
    800039da:	4785                	li	a5,1
    800039dc:	d01c                	sw	a5,32(s0)
    800039de:	70e2                	ld	ra,56(sp)
    800039e0:	7442                	ld	s0,48(sp)
    800039e2:	74a2                	ld	s1,40(sp)
    800039e4:	7902                	ld	s2,32(sp)
    800039e6:	69e2                	ld	s3,24(sp)
    800039e8:	6121                	addi	sp,sp,64
    800039ea:	8082                	ret
    800039ec:	0054                	addi	a3,sp,4
    800039ee:	0030                	addi	a2,sp,8
    800039f0:	84aa                	mv	s1,a0
    800039f2:	f6fff0ef          	jal	80003960 <__swhatbuf_r>
    800039f6:	69a2                	ld	s3,8(sp)
    800039f8:	892a                	mv	s2,a0
    800039fa:	8526                	mv	a0,s1
    800039fc:	85ce                	mv	a1,s3
    800039fe:	902fe0ef          	jal	80001b00 <_malloc_r>
    80003a02:	ed01                	bnez	a0,80003a1a <__smakebuf_r+0x5e>
    80003a04:	01041783          	lh	a5,16(s0)
    80003a08:	2007f713          	andi	a4,a5,512
    80003a0c:	fb69                	bnez	a4,800039de <__smakebuf_r+0x22>
    80003a0e:	9bf1                	andi	a5,a5,-4
    80003a10:	0027e793          	ori	a5,a5,2
    80003a14:	00f41823          	sh	a5,16(s0)
    80003a18:	bf6d                	j	800039d2 <__smakebuf_r+0x16>
    80003a1a:	01045783          	lhu	a5,16(s0)
    80003a1e:	e008                	sd	a0,0(s0)
    80003a20:	ec08                	sd	a0,24(s0)
    80003a22:	0807e793          	ori	a5,a5,128
    80003a26:	00f41823          	sh	a5,16(s0)
    80003a2a:	4792                	lw	a5,4(sp)
    80003a2c:	03342023          	sw	s3,32(s0)
    80003a30:	cf91                	beqz	a5,80003a4c <__smakebuf_r+0x90>
    80003a32:	01241583          	lh	a1,18(s0)
    80003a36:	8526                	mv	a0,s1
    80003a38:	04c000ef          	jal	80003a84 <_isatty_r>
    80003a3c:	c901                	beqz	a0,80003a4c <__smakebuf_r+0x90>
    80003a3e:	01045783          	lhu	a5,16(s0)
    80003a42:	9bf1                	andi	a5,a5,-4
    80003a44:	0017e793          	ori	a5,a5,1
    80003a48:	00f41823          	sh	a5,16(s0)
    80003a4c:	01045783          	lhu	a5,16(s0)
    80003a50:	0127e533          	or	a0,a5,s2
    80003a54:	00a41823          	sh	a0,16(s0)
    80003a58:	b759                	j	800039de <__smakebuf_r+0x22>

0000000080003a5a <_fstat_r>:
    80003a5a:	1141                	addi	sp,sp,-16
    80003a5c:	e022                	sd	s0,0(sp)
    80003a5e:	842a                	mv	s0,a0
    80003a60:	852e                	mv	a0,a1
    80003a62:	85b2                	mv	a1,a2
    80003a64:	8801ac23          	sw	zero,-1896(gp) # 80004ab8 <errno>
    80003a68:	e406                	sd	ra,8(sp)
    80003a6a:	450000ef          	jal	80003eba <_fstat>
    80003a6e:	57fd                	li	a5,-1
    80003a70:	00f51663          	bne	a0,a5,80003a7c <_fstat_r+0x22>
    80003a74:	8981a783          	lw	a5,-1896(gp) # 80004ab8 <errno>
    80003a78:	c391                	beqz	a5,80003a7c <_fstat_r+0x22>
    80003a7a:	c01c                	sw	a5,0(s0)
    80003a7c:	60a2                	ld	ra,8(sp)
    80003a7e:	6402                	ld	s0,0(sp)
    80003a80:	0141                	addi	sp,sp,16
    80003a82:	8082                	ret

0000000080003a84 <_isatty_r>:
    80003a84:	1141                	addi	sp,sp,-16
    80003a86:	e022                	sd	s0,0(sp)
    80003a88:	842a                	mv	s0,a0
    80003a8a:	852e                	mv	a0,a1
    80003a8c:	8801ac23          	sw	zero,-1896(gp) # 80004ab8 <errno>
    80003a90:	e406                	sd	ra,8(sp)
    80003a92:	440000ef          	jal	80003ed2 <_isatty>
    80003a96:	57fd                	li	a5,-1
    80003a98:	00f51663          	bne	a0,a5,80003aa4 <_isatty_r+0x20>
    80003a9c:	8981a783          	lw	a5,-1896(gp) # 80004ab8 <errno>
    80003aa0:	c391                	beqz	a5,80003aa4 <_isatty_r+0x20>
    80003aa2:	c01c                	sw	a5,0(s0)
    80003aa4:	60a2                	ld	ra,8(sp)
    80003aa6:	6402                	ld	s0,0(sp)
    80003aa8:	0141                	addi	sp,sp,16
    80003aaa:	8082                	ret

0000000080003aac <abort>:
    80003aac:	1141                	addi	sp,sp,-16
    80003aae:	4519                	li	a0,6
    80003ab0:	e406                	sd	ra,8(sp)
    80003ab2:	156000ef          	jal	80003c08 <raise>
    80003ab6:	4505                	li	a0,1
    80003ab8:	3e0000ef          	jal	80003e98 <_exit>

0000000080003abc <_malloc_usable_size_r>:
    80003abc:	ff85b503          	ld	a0,-8(a1)
    80003ac0:	0005079b          	sext.w	a5,a0
    80003ac4:	1561                	addi	a0,a0,-8
    80003ac6:	0007d663          	bgez	a5,80003ad2 <_malloc_usable_size_r+0x16>
    80003aca:	95aa                	add	a1,a1,a0
    80003acc:	6188                	ld	a0,0(a1)
    80003ace:	17e1                	addi	a5,a5,-8
    80003ad0:	953e                	add	a0,a0,a5
    80003ad2:	8082                	ret

0000000080003ad4 <_init_signal_r>:
    80003ad4:	793c                	ld	a5,112(a0)
    80003ad6:	eb95                	bnez	a5,80003b0a <_init_signal_r+0x36>
    80003ad8:	1141                	addi	sp,sp,-16
    80003ada:	10000593          	li	a1,256
    80003ade:	e022                	sd	s0,0(sp)
    80003ae0:	e406                	sd	ra,8(sp)
    80003ae2:	842a                	mv	s0,a0
    80003ae4:	81cfe0ef          	jal	80001b00 <_malloc_r>
    80003ae8:	87aa                	mv	a5,a0
    80003aea:	f828                	sd	a0,112(s0)
    80003aec:	557d                	li	a0,-1
    80003aee:	cb91                	beqz	a5,80003b02 <_init_signal_r+0x2e>
    80003af0:	853e                	mv	a0,a5
    80003af2:	10078793          	addi	a5,a5,256
    80003af6:	00053023          	sd	zero,0(a0)
    80003afa:	0521                	addi	a0,a0,8
    80003afc:	fef51de3          	bne	a0,a5,80003af6 <_init_signal_r+0x22>
    80003b00:	4501                	li	a0,0
    80003b02:	60a2                	ld	ra,8(sp)
    80003b04:	6402                	ld	s0,0(sp)
    80003b06:	0141                	addi	sp,sp,16
    80003b08:	8082                	ret
    80003b0a:	4501                	li	a0,0
    80003b0c:	8082                	ret

0000000080003b0e <_signal_r>:
    80003b0e:	1101                	addi	sp,sp,-32
    80003b10:	e426                	sd	s1,8(sp)
    80003b12:	ec06                	sd	ra,24(sp)
    80003b14:	e822                	sd	s0,16(sp)
    80003b16:	e04a                	sd	s2,0(sp)
    80003b18:	47fd                	li	a5,31
    80003b1a:	84aa                	mv	s1,a0
    80003b1c:	00b7f663          	bgeu	a5,a1,80003b28 <_signal_r+0x1a>
    80003b20:	47d9                	li	a5,22
    80003b22:	c11c                	sw	a5,0(a0)
    80003b24:	557d                	li	a0,-1
    80003b26:	a819                	j	80003b3c <_signal_r+0x2e>
    80003b28:	793c                	ld	a5,112(a0)
    80003b2a:	842e                	mv	s0,a1
    80003b2c:	8932                	mv	s2,a2
    80003b2e:	cf89                	beqz	a5,80003b48 <_signal_r+0x3a>
    80003b30:	78bc                	ld	a5,112(s1)
    80003b32:	040e                	slli	s0,s0,0x3
    80003b34:	97a2                	add	a5,a5,s0
    80003b36:	6388                	ld	a0,0(a5)
    80003b38:	0127b023          	sd	s2,0(a5)
    80003b3c:	60e2                	ld	ra,24(sp)
    80003b3e:	6442                	ld	s0,16(sp)
    80003b40:	64a2                	ld	s1,8(sp)
    80003b42:	6902                	ld	s2,0(sp)
    80003b44:	6105                	addi	sp,sp,32
    80003b46:	8082                	ret
    80003b48:	f8dff0ef          	jal	80003ad4 <_init_signal_r>
    80003b4c:	d175                	beqz	a0,80003b30 <_signal_r+0x22>
    80003b4e:	bfd9                	j	80003b24 <_signal_r+0x16>

0000000080003b50 <_raise_r>:
    80003b50:	1101                	addi	sp,sp,-32
    80003b52:	e822                	sd	s0,16(sp)
    80003b54:	ec06                	sd	ra,24(sp)
    80003b56:	47fd                	li	a5,31
    80003b58:	842a                	mv	s0,a0
    80003b5a:	00b7f963          	bgeu	a5,a1,80003b6c <_raise_r+0x1c>
    80003b5e:	47d9                	li	a5,22
    80003b60:	c11c                	sw	a5,0(a0)
    80003b62:	557d                	li	a0,-1
    80003b64:	60e2                	ld	ra,24(sp)
    80003b66:	6442                	ld	s0,16(sp)
    80003b68:	6105                	addi	sp,sp,32
    80003b6a:	8082                	ret
    80003b6c:	793c                	ld	a5,112(a0)
    80003b6e:	862e                	mv	a2,a1
    80003b70:	c791                	beqz	a5,80003b7c <_raise_r+0x2c>
    80003b72:	00359713          	slli	a4,a1,0x3
    80003b76:	97ba                	add	a5,a5,a4
    80003b78:	6398                	ld	a4,0(a5)
    80003b7a:	ef01                	bnez	a4,80003b92 <_raise_r+0x42>
    80003b7c:	8522                	mv	a0,s0
    80003b7e:	e432                	sd	a2,8(sp)
    80003b80:	0e2000ef          	jal	80003c62 <_getpid_r>
    80003b84:	85aa                	mv	a1,a0
    80003b86:	8522                	mv	a0,s0
    80003b88:	6442                	ld	s0,16(sp)
    80003b8a:	6622                	ld	a2,8(sp)
    80003b8c:	60e2                	ld	ra,24(sp)
    80003b8e:	6105                	addi	sp,sp,32
    80003b90:	a065                	j	80003c38 <_kill_r>
    80003b92:	4685                	li	a3,1
    80003b94:	00d70d63          	beq	a4,a3,80003bae <_raise_r+0x5e>
    80003b98:	56fd                	li	a3,-1
    80003b9a:	00d71663          	bne	a4,a3,80003ba6 <_raise_r+0x56>
    80003b9e:	47d9                	li	a5,22
    80003ba0:	c11c                	sw	a5,0(a0)
    80003ba2:	4505                	li	a0,1
    80003ba4:	b7c1                	j	80003b64 <_raise_r+0x14>
    80003ba6:	0007b023          	sd	zero,0(a5)
    80003baa:	852e                	mv	a0,a1
    80003bac:	9702                	jalr	a4
    80003bae:	4501                	li	a0,0
    80003bb0:	bf55                	j	80003b64 <_raise_r+0x14>

0000000080003bb2 <__sigtramp_r>:
    80003bb2:	47fd                	li	a5,31
    80003bb4:	00b7f463          	bgeu	a5,a1,80003bbc <__sigtramp_r+0xa>
    80003bb8:	557d                	li	a0,-1
    80003bba:	8082                	ret
    80003bbc:	793c                	ld	a5,112(a0)
    80003bbe:	1101                	addi	sp,sp,-32
    80003bc0:	e822                	sd	s0,16(sp)
    80003bc2:	e426                	sd	s1,8(sp)
    80003bc4:	ec06                	sd	ra,24(sp)
    80003bc6:	84aa                	mv	s1,a0
    80003bc8:	842e                	mv	s0,a1
    80003bca:	c795                	beqz	a5,80003bf6 <__sigtramp_r+0x44>
    80003bcc:	78b8                	ld	a4,112(s1)
    80003bce:	00341793          	slli	a5,s0,0x3
    80003bd2:	4505                	li	a0,1
    80003bd4:	973e                	add	a4,a4,a5
    80003bd6:	631c                	ld	a5,0(a4)
    80003bd8:	c39d                	beqz	a5,80003bfe <__sigtramp_r+0x4c>
    80003bda:	56fd                	li	a3,-1
    80003bdc:	4509                	li	a0,2
    80003bde:	02d78063          	beq	a5,a3,80003bfe <__sigtramp_r+0x4c>
    80003be2:	4685                	li	a3,1
    80003be4:	450d                	li	a0,3
    80003be6:	00d78c63          	beq	a5,a3,80003bfe <__sigtramp_r+0x4c>
    80003bea:	8522                	mv	a0,s0
    80003bec:	00073023          	sd	zero,0(a4) # 2000 <__stack_align+0x1ff0>
    80003bf0:	9782                	jalr	a5
    80003bf2:	4501                	li	a0,0
    80003bf4:	a029                	j	80003bfe <__sigtramp_r+0x4c>
    80003bf6:	edfff0ef          	jal	80003ad4 <_init_signal_r>
    80003bfa:	d969                	beqz	a0,80003bcc <__sigtramp_r+0x1a>
    80003bfc:	557d                	li	a0,-1
    80003bfe:	60e2                	ld	ra,24(sp)
    80003c00:	6442                	ld	s0,16(sp)
    80003c02:	64a2                	ld	s1,8(sp)
    80003c04:	6105                	addi	sp,sp,32
    80003c06:	8082                	ret

0000000080003c08 <raise>:
    80003c08:	85aa                	mv	a1,a0
    80003c0a:	00001517          	auipc	a0,0x1
    80003c0e:	e1653503          	ld	a0,-490(a0) # 80004a20 <_impure_ptr>
    80003c12:	bf3d                	j	80003b50 <_raise_r>

0000000080003c14 <signal>:
    80003c14:	862e                	mv	a2,a1
    80003c16:	85aa                	mv	a1,a0
    80003c18:	00001517          	auipc	a0,0x1
    80003c1c:	e0853503          	ld	a0,-504(a0) # 80004a20 <_impure_ptr>
    80003c20:	b5fd                	j	80003b0e <_signal_r>

0000000080003c22 <_init_signal>:
    80003c22:	00001517          	auipc	a0,0x1
    80003c26:	dfe53503          	ld	a0,-514(a0) # 80004a20 <_impure_ptr>
    80003c2a:	b56d                	j	80003ad4 <_init_signal_r>

0000000080003c2c <__sigtramp>:
    80003c2c:	85aa                	mv	a1,a0
    80003c2e:	00001517          	auipc	a0,0x1
    80003c32:	df253503          	ld	a0,-526(a0) # 80004a20 <_impure_ptr>
    80003c36:	bfb5                	j	80003bb2 <__sigtramp_r>

0000000080003c38 <_kill_r>:
    80003c38:	1141                	addi	sp,sp,-16
    80003c3a:	e022                	sd	s0,0(sp)
    80003c3c:	842a                	mv	s0,a0
    80003c3e:	852e                	mv	a0,a1
    80003c40:	85b2                	mv	a1,a2
    80003c42:	8801ac23          	sw	zero,-1896(gp) # 80004ab8 <errno>
    80003c46:	e406                	sd	ra,8(sp)
    80003c48:	292000ef          	jal	80003eda <_kill>
    80003c4c:	57fd                	li	a5,-1
    80003c4e:	00f51663          	bne	a0,a5,80003c5a <_kill_r+0x22>
    80003c52:	8981a783          	lw	a5,-1896(gp) # 80004ab8 <errno>
    80003c56:	c391                	beqz	a5,80003c5a <_kill_r+0x22>
    80003c58:	c01c                	sw	a5,0(s0)
    80003c5a:	60a2                	ld	ra,8(sp)
    80003c5c:	6402                	ld	s0,0(sp)
    80003c5e:	0141                	addi	sp,sp,16
    80003c60:	8082                	ret

0000000080003c62 <_getpid_r>:
    80003c62:	a4b5                	j	80003ece <_getpid>

0000000080003c64 <__trunctfdf2>:
    80003c64:	00202673          	frrm	a2
    80003c68:	6821                	lui	a6,0x8
    80003c6a:	0305d713          	srli	a4,a1,0x30
    80003c6e:	187d                	addi	a6,a6,-1 # 7fff <__stack_size_min+0x1fff>
    80003c70:	010778b3          	and	a7,a4,a6
    80003c74:	03f5d693          	srli	a3,a1,0x3f
    80003c78:	05c2                	slli	a1,a1,0x10
    80003c7a:	81b5                	srli	a1,a1,0xd
    80003c7c:	03d55713          	srli	a4,a0,0x3d
    80003c80:	00188793          	addi	a5,a7,1
    80003c84:	8f4d                	or	a4,a4,a1
    80003c86:	03179593          	slli	a1,a5,0x31
    80003c8a:	91c9                	srli	a1,a1,0x32
    80003c8c:	2601                	sext.w	a2,a2
    80003c8e:	00351313          	slli	t1,a0,0x3
    80003c92:	16058763          	beqz	a1,80003e00 <__trunctfdf2+0x19c>
    80003c96:	77f1                	lui	a5,0xffffc
    80003c98:	40078793          	addi	a5,a5,1024 # ffffffffffffc400 <__heap_end+0xffffffff7ffd7400>
    80003c9c:	98be                	add	a7,a7,a5
    80003c9e:	7fe00793          	li	a5,2046
    80003ca2:	0317d463          	bge	a5,a7,80003cca <__trunctfdf2+0x66>
    80003ca6:	ce11                	beqz	a2,80003cc2 <__trunctfdf2+0x5e>
    80003ca8:	478d                	li	a5,3
    80003caa:	00f61863          	bne	a2,a5,80003cba <__trunctfdf2+0x56>
    80003cae:	ca91                	beqz	a3,80003cc2 <__trunctfdf2+0x5e>
    80003cb0:	57fd                	li	a5,-1
    80003cb2:	7fe00893          	li	a7,2046
    80003cb6:	4595                	li	a1,5
    80003cb8:	aabd                	j	80003e36 <__trunctfdf2+0x1d2>
    80003cba:	4789                	li	a5,2
    80003cbc:	fef61ae3          	bne	a2,a5,80003cb0 <__trunctfdf2+0x4c>
    80003cc0:	dae5                	beqz	a3,80003cb0 <__trunctfdf2+0x4c>
    80003cc2:	4781                	li	a5,0
    80003cc4:	7ff00893          	li	a7,2047
    80003cc8:	b7fd                	j	80003cb6 <__trunctfdf2+0x52>
    80003cca:	11104f63          	bgtz	a7,80003de8 <__trunctfdf2+0x184>
    80003cce:	fcc00593          	li	a1,-52
    80003cd2:	4785                	li	a5,1
    80003cd4:	02b8ce63          	blt	a7,a1,80003d10 <__trunctfdf2+0xac>
    80003cd8:	17ce                	slli	a5,a5,0x33
    80003cda:	03d00813          	li	a6,61
    80003cde:	8f5d                	or	a4,a4,a5
    80003ce0:	41180833          	sub	a6,a6,a7
    80003ce4:	03f00793          	li	a5,63
    80003ce8:	0008851b          	sext.w	a0,a7
    80003cec:	0d07cb63          	blt	a5,a6,80003dc2 <__trunctfdf2+0x15e>
    80003cf0:	03d00793          	li	a5,61
    80003cf4:	0035059b          	addiw	a1,a0,3
    80003cf8:	9f89                	subw	a5,a5,a0
    80003cfa:	00f357b3          	srl	a5,t1,a5
    80003cfe:	00b31333          	sll	t1,t1,a1
    80003d02:	00603333          	snez	t1,t1
    80003d06:	0067e7b3          	or	a5,a5,t1
    80003d0a:	00b71733          	sll	a4,a4,a1
    80003d0e:	8fd9                	or	a5,a5,a4
    80003d10:	00179713          	slli	a4,a5,0x1
    80003d14:	00777513          	andi	a0,a4,7
    80003d18:	4581                	li	a1,0
    80003d1a:	cd19                	beqz	a0,80003d38 <__trunctfdf2+0xd4>
    80003d1c:	4589                	li	a1,2
    80003d1e:	12b60363          	beq	a2,a1,80003e44 <__trunctfdf2+0x1e0>
    80003d22:	458d                	li	a1,3
    80003d24:	10b60b63          	beq	a2,a1,80003e3a <__trunctfdf2+0x1d6>
    80003d28:	4585                	li	a1,1
    80003d2a:	e619                	bnez	a2,80003d38 <__trunctfdf2+0xd4>
    80003d2c:	00f77513          	andi	a0,a4,15
    80003d30:	4811                	li	a6,4
    80003d32:	01050363          	beq	a0,a6,80003d38 <__trunctfdf2+0xd4>
    80003d36:	0711                	addi	a4,a4,4
    80003d38:	9361                	srli	a4,a4,0x38
    80003d3a:	00174713          	xori	a4,a4,1
    80003d3e:	8b05                	andi	a4,a4,1
    80003d40:	4881                	li	a7,0
    80003d42:	0077f513          	andi	a0,a5,7
    80003d46:	12050963          	beqz	a0,80003e78 <__trunctfdf2+0x214>
    80003d4a:	4509                	li	a0,2
    80003d4c:	0015e593          	ori	a1,a1,1
    80003d50:	10a60163          	beq	a2,a0,80003e52 <__trunctfdf2+0x1ee>
    80003d54:	450d                	li	a0,3
    80003d56:	0ea60b63          	beq	a2,a0,80003e4c <__trunctfdf2+0x1e8>
    80003d5a:	e619                	bnez	a2,80003d68 <__trunctfdf2+0x104>
    80003d5c:	00f7f813          	andi	a6,a5,15
    80003d60:	4511                	li	a0,4
    80003d62:	10a80b63          	beq	a6,a0,80003e78 <__trunctfdf2+0x214>
    80003d66:	0791                	addi	a5,a5,4
    80003d68:	c711                	beqz	a4,80003d74 <__trunctfdf2+0x110>
    80003d6a:	0015f813          	andi	a6,a1,1
    80003d6e:	0806                	slli	a6,a6,0x1
    80003d70:	00b865b3          	or	a1,a6,a1
    80003d74:	00879713          	slli	a4,a5,0x8
    80003d78:	00075b63          	bgez	a4,80003d8e <__trunctfdf2+0x12a>
    80003d7c:	0885                	addi	a7,a7,1
    80003d7e:	7ff00713          	li	a4,2047
    80003d82:	0ce88a63          	beq	a7,a4,80003e56 <__trunctfdf2+0x1f2>
    80003d86:	567d                	li	a2,-1
    80003d88:	165e                	slli	a2,a2,0x37
    80003d8a:	167d                	addi	a2,a2,-1
    80003d8c:	8ff1                	and	a5,a5,a2
    80003d8e:	7ff00713          	li	a4,2047
    80003d92:	838d                	srli	a5,a5,0x3
    80003d94:	00e89663          	bne	a7,a4,80003da0 <__trunctfdf2+0x13c>
    80003d98:	c781                	beqz	a5,80003da0 <__trunctfdf2+0x13c>
    80003d9a:	4785                	li	a5,1
    80003d9c:	17ce                	slli	a5,a5,0x33
    80003d9e:	4681                	li	a3,0
    80003da0:	7ff00613          	li	a2,2047
    80003da4:	03489713          	slli	a4,a7,0x34
    80003da8:	1652                	slli	a2,a2,0x34
    80003daa:	07b2                	slli	a5,a5,0xc
    80003dac:	8f71                	and	a4,a4,a2
    80003dae:	83b1                	srli	a5,a5,0xc
    80003db0:	8fd9                	or	a5,a5,a4
    80003db2:	16fe                	slli	a3,a3,0x3f
    80003db4:	8fd5                	or	a5,a5,a3
    80003db6:	c199                	beqz	a1,80003dbc <__trunctfdf2+0x158>
    80003db8:	0015a073          	csrs	fflags,a1
    80003dbc:	f2078553          	fmv.d.x	fa0,a5
    80003dc0:	8082                	ret
    80003dc2:	57f5                	li	a5,-3
    80003dc4:	9f89                	subw	a5,a5,a0
    80003dc6:	04000893          	li	a7,64
    80003dca:	00f757b3          	srl	a5,a4,a5
    80003dce:	4581                	li	a1,0
    80003dd0:	01180663          	beq	a6,a7,80003ddc <__trunctfdf2+0x178>
    80003dd4:	0435051b          	addiw	a0,a0,67
    80003dd8:	00a715b3          	sll	a1,a4,a0
    80003ddc:	0065e5b3          	or	a1,a1,t1
    80003de0:	00b035b3          	snez	a1,a1
    80003de4:	8fcd                	or	a5,a5,a1
    80003de6:	b72d                	j	80003d10 <__trunctfdf2+0xac>
    80003de8:	00751793          	slli	a5,a0,0x7
    80003dec:	00f037b3          	snez	a5,a5
    80003df0:	03c35313          	srli	t1,t1,0x3c
    80003df4:	0067e7b3          	or	a5,a5,t1
    80003df8:	0712                	slli	a4,a4,0x4
    80003dfa:	8fd9                	or	a5,a5,a4
    80003dfc:	4581                	li	a1,0
    80003dfe:	a825                	j	80003e36 <__trunctfdf2+0x1d2>
    80003e00:	006767b3          	or	a5,a4,t1
    80003e04:	00089663          	bnez	a7,80003e10 <__trunctfdf2+0x1ac>
    80003e08:	4581                	li	a1,0
    80003e0a:	d3d1                	beqz	a5,80003d8e <__trunctfdf2+0x12a>
    80003e0c:	4785                	li	a5,1
    80003e0e:	b709                	j	80003d10 <__trunctfdf2+0xac>
    80003e10:	c7bd                	beqz	a5,80003e7e <__trunctfdf2+0x21a>
    80003e12:	4581                	li	a1,0
    80003e14:	01089763          	bne	a7,a6,80003e22 <__trunctfdf2+0x1be>
    80003e18:	03275593          	srli	a1,a4,0x32
    80003e1c:	0015c593          	xori	a1,a1,1
    80003e20:	0592                	slli	a1,a1,0x4
    80003e22:	03c35793          	srli	a5,t1,0x3c
    80003e26:	0712                	slli	a4,a4,0x4
    80003e28:	8f5d                	or	a4,a4,a5
    80003e2a:	4785                	li	a5,1
    80003e2c:	9b61                	andi	a4,a4,-8
    80003e2e:	17da                	slli	a5,a5,0x36
    80003e30:	8fd9                	or	a5,a5,a4
    80003e32:	7ff00893          	li	a7,2047
    80003e36:	4701                	li	a4,0
    80003e38:	b729                	j	80003d42 <__trunctfdf2+0xde>
    80003e3a:	4585                	li	a1,1
    80003e3c:	ee069ee3          	bnez	a3,80003d38 <__trunctfdf2+0xd4>
    80003e40:	0721                	addi	a4,a4,8
    80003e42:	bddd                	j	80003d38 <__trunctfdf2+0xd4>
    80003e44:	4585                	li	a1,1
    80003e46:	ee0689e3          	beqz	a3,80003d38 <__trunctfdf2+0xd4>
    80003e4a:	bfdd                	j	80003e40 <__trunctfdf2+0x1dc>
    80003e4c:	fe91                	bnez	a3,80003d68 <__trunctfdf2+0x104>
    80003e4e:	07a1                	addi	a5,a5,8
    80003e50:	bf21                	j	80003d68 <__trunctfdf2+0x104>
    80003e52:	da99                	beqz	a3,80003d68 <__trunctfdf2+0x104>
    80003e54:	bfed                	j	80003e4e <__trunctfdf2+0x1ea>
    80003e56:	4781                	li	a5,0
    80003e58:	ce09                	beqz	a2,80003e72 <__trunctfdf2+0x20e>
    80003e5a:	470d                	li	a4,3
    80003e5c:	00e61763          	bne	a2,a4,80003e6a <__trunctfdf2+0x206>
    80003e60:	ca89                	beqz	a3,80003e72 <__trunctfdf2+0x20e>
    80003e62:	57fd                	li	a5,-1
    80003e64:	7fe00893          	li	a7,2046
    80003e68:	a029                	j	80003e72 <__trunctfdf2+0x20e>
    80003e6a:	4709                	li	a4,2
    80003e6c:	fee61be3          	bne	a2,a4,80003e62 <__trunctfdf2+0x1fe>
    80003e70:	daed                	beqz	a3,80003e62 <__trunctfdf2+0x1fe>
    80003e72:	0055e593          	ori	a1,a1,5
    80003e76:	bf21                	j	80003d8e <__trunctfdf2+0x12a>
    80003e78:	ee0719e3          	bnez	a4,80003d6a <__trunctfdf2+0x106>
    80003e7c:	bf09                	j	80003d8e <__trunctfdf2+0x12a>
    80003e7e:	7ff00893          	li	a7,2047
    80003e82:	bfad                	j	80003dfc <__trunctfdf2+0x198>

0000000080003e84 <_close>:
    80003e84:	1141                	addi	sp,sp,-16
    80003e86:	e406                	sd	ra,8(sp)
    80003e88:	19a000ef          	jal	80004022 <__errno>
    80003e8c:	60a2                	ld	ra,8(sp)
    80003e8e:	47a5                	li	a5,9
    80003e90:	c11c                	sw	a5,0(a0)
    80003e92:	557d                	li	a0,-1
    80003e94:	0141                	addi	sp,sp,16
    80003e96:	8082                	ret

0000000080003e98 <_exit>:
    80003e98:	0015179b          	slliw	a5,a0,0x1
    80003e9c:	0017e793          	ori	a5,a5,1
    80003ea0:	2781                	sext.w	a5,a5
    80003ea2:	07c2                	slli	a5,a5,0x10
    80003ea4:	83c1                	srli	a5,a5,0x10
    80003ea6:	00001717          	auipc	a4,0x1
    80003eaa:	91a70713          	addi	a4,a4,-1766 # 800047c0 <tohost>
    80003eae:	00001697          	auipc	a3,0x1
    80003eb2:	9006bd23          	sd	zero,-1766(a3) # 800047c8 <fromhost>
    80003eb6:	e31c                	sd	a5,0(a4)
    80003eb8:	bfdd                	j	80003eae <_exit+0x16>

0000000080003eba <_fstat>:
    80003eba:	1141                	addi	sp,sp,-16
    80003ebc:	e406                	sd	ra,8(sp)
    80003ebe:	164000ef          	jal	80004022 <__errno>
    80003ec2:	60a2                	ld	ra,8(sp)
    80003ec4:	47a5                	li	a5,9
    80003ec6:	c11c                	sw	a5,0(a0)
    80003ec8:	557d                	li	a0,-1
    80003eca:	0141                	addi	sp,sp,16
    80003ecc:	8082                	ret

0000000080003ece <_getpid>:
    80003ece:	4505                	li	a0,1
    80003ed0:	8082                	ret

0000000080003ed2 <_isatty>:
    80003ed2:	357d                	addiw	a0,a0,-1
    80003ed4:	00253513          	sltiu	a0,a0,2
    80003ed8:	8082                	ret

0000000080003eda <_kill>:
    80003eda:	1141                	addi	sp,sp,-16
    80003edc:	e406                	sd	ra,8(sp)
    80003ede:	144000ef          	jal	80004022 <__errno>
    80003ee2:	60a2                	ld	ra,8(sp)
    80003ee4:	47d9                	li	a5,22
    80003ee6:	c11c                	sw	a5,0(a0)
    80003ee8:	557d                	li	a0,-1
    80003eea:	0141                	addi	sp,sp,16
    80003eec:	8082                	ret

0000000080003eee <_lseek>:
    80003eee:	1141                	addi	sp,sp,-16
    80003ef0:	e406                	sd	ra,8(sp)
    80003ef2:	130000ef          	jal	80004022 <__errno>
    80003ef6:	60a2                	ld	ra,8(sp)
    80003ef8:	47a5                	li	a5,9
    80003efa:	c11c                	sw	a5,0(a0)
    80003efc:	557d                	li	a0,-1
    80003efe:	0141                	addi	sp,sp,16
    80003f00:	8082                	ret

0000000080003f02 <_read>:
    80003f02:	1141                	addi	sp,sp,-16
    80003f04:	e406                	sd	ra,8(sp)
    80003f06:	11c000ef          	jal	80004022 <__errno>
    80003f0a:	60a2                	ld	ra,8(sp)
    80003f0c:	05800793          	li	a5,88
    80003f10:	c11c                	sw	a5,0(a0)
    80003f12:	557d                	li	a0,-1
    80003f14:	0141                	addi	sp,sp,16
    80003f16:	8082                	ret

0000000080003f18 <_sbrk>:
    80003f18:	00001717          	auipc	a4,0x1
    80003f1c:	b1070713          	addi	a4,a4,-1264 # 80004a28 <curbrk>
    80003f20:	631c                	ld	a5,0(a4)
    80003f22:	be818693          	addi	a3,gp,-1048 # 80004e08 <_end>
    80003f26:	953e                	add	a0,a0,a5
    80003f28:	00d56b63          	bltu	a0,a3,80003f3e <_sbrk+0x26>
    80003f2c:	00021697          	auipc	a3,0x21
    80003f30:	0d468693          	addi	a3,a3,212 # 80025000 <__heap_end>
    80003f34:	00d57563          	bgeu	a0,a3,80003f3e <_sbrk+0x26>
    80003f38:	e308                	sd	a0,0(a4)
    80003f3a:	853e                	mv	a0,a5
    80003f3c:	8082                	ret
    80003f3e:	1141                	addi	sp,sp,-16
    80003f40:	e406                	sd	ra,8(sp)
    80003f42:	0e0000ef          	jal	80004022 <__errno>
    80003f46:	60a2                	ld	ra,8(sp)
    80003f48:	47b1                	li	a5,12
    80003f4a:	c11c                	sw	a5,0(a0)
    80003f4c:	57fd                	li	a5,-1
    80003f4e:	853e                	mv	a0,a5
    80003f50:	0141                	addi	sp,sp,16
    80003f52:	8082                	ret

0000000080003f54 <_write>:
    80003f54:	04000693          	li	a3,64
    80003f58:	a0b9                	j	80003fa6 <htif_syscall>

0000000080003f5a <handle_trap>:
    80003f5a:	1141                	addi	sp,sp,-16
    80003f5c:	02159513          	slli	a0,a1,0x21
    80003f60:	e406                	sd	ra,8(sp)
    80003f62:	9105                	srli	a0,a0,0x21
    80003f64:	0005d463          	bgez	a1,80003f6c <handle_trap+0x12>
    80003f68:	40a0053b          	negw	a0,a0
    80003f6c:	f2dff0ef          	jal	80003e98 <_exit>

0000000080003f70 <__init_tls>:
    80003f70:	1141                	addi	sp,sp,-16
    80003f72:	00000613          	li	a2,0
    80003f76:	00000597          	auipc	a1,0x0
    80003f7a:	28858593          	addi	a1,a1,648 # 800041fe <__tbss_end>
    80003f7e:	8512                	mv	a0,tp
    80003f80:	e022                	sd	s0,0(sp)
    80003f82:	e406                	sd	ra,8(sp)
    80003f84:	8412                	mv	s0,tp
    80003f86:	db0ff0ef          	jal	80003536 <memcpy>
    80003f8a:	00000513          	li	a0,0
    80003f8e:	9522                	add	a0,a0,s0
    80003f90:	6402                	ld	s0,0(sp)
    80003f92:	60a2                	ld	ra,8(sp)
    80003f94:	00000613          	li	a2,0
    80003f98:	4581                	li	a1,0
    80003f9a:	0141                	addi	sp,sp,16
    80003f9c:	d8aff06f          	j	80003526 <memset>

0000000080003fa0 <__main>:
    80003fa0:	10500073          	wfi
    80003fa4:	bff5                	j	80003fa0 <__main>

0000000080003fa6 <htif_syscall>:
    80003fa6:	7139                	addi	sp,sp,-64
    80003fa8:	e036                	sd	a3,0(sp)
    80003faa:	e42a                	sd	a0,8(sp)
    80003fac:	fff007b7          	lui	a5,0xfff00
    80003fb0:	e82e                	sd	a1,16(sp)
    80003fb2:	83c1                	srli	a5,a5,0x10
    80003fb4:	ec32                	sd	a2,24(sp)
    80003fb6:	860a                	mv	a2,sp
    80003fb8:	8e7d                	and	a2,a2,a5
    80003fba:	8a018713          	addi	a4,gp,-1888 # 80004ac0 <htif_lock>
    80003fbe:	56fd                	li	a3,-1
    80003fc0:	431c                	lw	a5,0(a4)
    80003fc2:	fffd                	bnez	a5,80003fc0 <htif_syscall+0x1a>
    80003fc4:	0cd727af          	amoswap.w.aq	a5,a3,(a4)
    80003fc8:	ffe5                	bnez	a5,80003fc0 <htif_syscall+0x1a>
    80003fca:	0110000f          	fence	w,w
    80003fce:	00000697          	auipc	a3,0x0
    80003fd2:	7f268693          	addi	a3,a3,2034 # 800047c0 <tohost>
    80003fd6:	e290                	sd	a2,0(a3)
    80003fd8:	669c                	ld	a5,8(a3)
    80003fda:	dffd                	beqz	a5,80003fd8 <htif_syscall+0x32>
    80003fdc:	00000797          	auipc	a5,0x0
    80003fe0:	7e07b623          	sd	zero,2028(a5) # 800047c8 <fromhost>
    80003fe4:	0a07202f          	amoswap.w.rl	zero,zero,(a4)
    80003fe8:	0220000f          	fence	r,r
    80003fec:	6502                	ld	a0,0(sp)
    80003fee:	6121                	addi	sp,sp,64
    80003ff0:	8082                	ret

0000000080003ff2 <atexit>:
    80003ff2:	85aa                	mv	a1,a0
    80003ff4:	4681                	li	a3,0
    80003ff6:	4601                	li	a2,0
    80003ff8:	4501                	li	a0,0
    80003ffa:	a0d9                	j	800040c0 <__register_exitproc>

0000000080003ffc <exit>:
    80003ffc:	1141                	addi	sp,sp,-16
    80003ffe:	e022                	sd	s0,0(sp)
    80004000:	e406                	sd	ra,8(sp)
    80004002:	00000797          	auipc	a5,0x0
    80004006:	13478793          	addi	a5,a5,308 # 80004136 <__call_exitprocs>
    8000400a:	842a                	mv	s0,a0
    8000400c:	c781                	beqz	a5,80004014 <exit+0x18>
    8000400e:	4581                	li	a1,0
    80004010:	126000ef          	jal	80004136 <__call_exitprocs>
    80004014:	8881b783          	ld	a5,-1912(gp) # 80004aa8 <__stdio_exit_handler>
    80004018:	c391                	beqz	a5,8000401c <exit+0x20>
    8000401a:	9782                	jalr	a5
    8000401c:	8522                	mv	a0,s0
    8000401e:	e7bff0ef          	jal	80003e98 <_exit>

0000000080004022 <__errno>:
    80004022:	00001517          	auipc	a0,0x1
    80004026:	9fe53503          	ld	a0,-1538(a0) # 80004a20 <_impure_ptr>
    8000402a:	8082                	ret

000000008000402c <__libc_init_array>:
    8000402c:	1101                	addi	sp,sp,-32
    8000402e:	e822                	sd	s0,16(sp)
    80004030:	e426                	sd	s1,8(sp)
    80004032:	00000417          	auipc	s0,0x0
    80004036:	76e40413          	addi	s0,s0,1902 # 800047a0 <__fini_array_end>
    8000403a:	00000497          	auipc	s1,0x0
    8000403e:	76648493          	addi	s1,s1,1894 # 800047a0 <__fini_array_end>
    80004042:	8c81                	sub	s1,s1,s0
    80004044:	e04a                	sd	s2,0(sp)
    80004046:	ec06                	sd	ra,24(sp)
    80004048:	848d                	srai	s1,s1,0x3
    8000404a:	4901                	li	s2,0
    8000404c:	02991563          	bne	s2,s1,80004076 <__libc_init_array+0x4a>
    80004050:	00000417          	auipc	s0,0x0
    80004054:	75040413          	addi	s0,s0,1872 # 800047a0 <__fini_array_end>
    80004058:	00000497          	auipc	s1,0x0
    8000405c:	74848493          	addi	s1,s1,1864 # 800047a0 <__fini_array_end>
    80004060:	8c81                	sub	s1,s1,s0
    80004062:	848d                	srai	s1,s1,0x3
    80004064:	4901                	li	s2,0
    80004066:	00991d63          	bne	s2,s1,80004080 <__libc_init_array+0x54>
    8000406a:	60e2                	ld	ra,24(sp)
    8000406c:	6442                	ld	s0,16(sp)
    8000406e:	64a2                	ld	s1,8(sp)
    80004070:	6902                	ld	s2,0(sp)
    80004072:	6105                	addi	sp,sp,32
    80004074:	8082                	ret
    80004076:	601c                	ld	a5,0(s0)
    80004078:	0905                	addi	s2,s2,1
    8000407a:	0421                	addi	s0,s0,8
    8000407c:	9782                	jalr	a5
    8000407e:	b7f9                	j	8000404c <__libc_init_array+0x20>
    80004080:	601c                	ld	a5,0(s0)
    80004082:	0905                	addi	s2,s2,1
    80004084:	0421                	addi	s0,s0,8
    80004086:	9782                	jalr	a5
    80004088:	bff9                	j	80004066 <__libc_init_array+0x3a>

000000008000408a <__libc_fini_array>:
    8000408a:	1101                	addi	sp,sp,-32
    8000408c:	e822                	sd	s0,16(sp)
    8000408e:	e426                	sd	s1,8(sp)
    80004090:	00000417          	auipc	s0,0x0
    80004094:	71040413          	addi	s0,s0,1808 # 800047a0 <__fini_array_end>
    80004098:	00000497          	auipc	s1,0x0
    8000409c:	70848493          	addi	s1,s1,1800 # 800047a0 <__fini_array_end>
    800040a0:	8c05                	sub	s0,s0,s1
    800040a2:	ec06                	sd	ra,24(sp)
    800040a4:	840d                	srai	s0,s0,0x3
    800040a6:	e411                	bnez	s0,800040b2 <__libc_fini_array+0x28>
    800040a8:	60e2                	ld	ra,24(sp)
    800040aa:	6442                	ld	s0,16(sp)
    800040ac:	64a2                	ld	s1,8(sp)
    800040ae:	6105                	addi	sp,sp,32
    800040b0:	8082                	ret
    800040b2:	147d                	addi	s0,s0,-1
    800040b4:	00341793          	slli	a5,s0,0x3
    800040b8:	97a6                	add	a5,a5,s1
    800040ba:	639c                	ld	a5,0(a5)
    800040bc:	9782                	jalr	a5
    800040be:	b7e5                	j	800040a6 <__libc_fini_array+0x1c>

00000000800040c0 <__register_exitproc>:
    800040c0:	88aa                	mv	a7,a0
    800040c2:	8b018513          	addi	a0,gp,-1872 # 80004ad0 <__atexit>
    800040c6:	6118                	ld	a4,0(a0)
    800040c8:	ef01                	bnez	a4,800040e0 <__register_exitproc+0x20>
    800040ca:	ad018793          	addi	a5,gp,-1328 # 80004cf0 <__atexit0>
    800040ce:	e11c                	sd	a5,0(a0)
    800040d0:	00000713          	li	a4,0
    800040d4:	c701                	beqz	a4,800040dc <__register_exitproc+0x1c>
    800040d6:	6318                	ld	a4,0(a4)
    800040d8:	10e7b823          	sd	a4,272(a5)
    800040dc:	ad018713          	addi	a4,gp,-1328 # 80004cf0 <__atexit0>
    800040e0:	471c                	lw	a5,8(a4)
    800040e2:	487d                	li	a6,31
    800040e4:	557d                	li	a0,-1
    800040e6:	04f84763          	blt	a6,a5,80004134 <__register_exitproc+0x74>
    800040ea:	02088d63          	beqz	a7,80004124 <__register_exitproc+0x64>
    800040ee:	11073803          	ld	a6,272(a4)
    800040f2:	04080163          	beqz	a6,80004134 <__register_exitproc+0x74>
    800040f6:	00379513          	slli	a0,a5,0x3
    800040fa:	9542                	add	a0,a0,a6
    800040fc:	e110                	sd	a2,0(a0)
    800040fe:	20082303          	lw	t1,512(a6)
    80004102:	4605                	li	a2,1
    80004104:	00f6163b          	sllw	a2,a2,a5
    80004108:	00c36333          	or	t1,t1,a2
    8000410c:	20682023          	sw	t1,512(a6)
    80004110:	10d53023          	sd	a3,256(a0)
    80004114:	4689                	li	a3,2
    80004116:	00d89763          	bne	a7,a3,80004124 <__register_exitproc+0x64>
    8000411a:	20482683          	lw	a3,516(a6)
    8000411e:	8ed1                	or	a3,a3,a2
    80004120:	20d82223          	sw	a3,516(a6)
    80004124:	0017869b          	addiw	a3,a5,1
    80004128:	0789                	addi	a5,a5,2
    8000412a:	078e                	slli	a5,a5,0x3
    8000412c:	c714                	sw	a3,8(a4)
    8000412e:	973e                	add	a4,a4,a5
    80004130:	e30c                	sd	a1,0(a4)
    80004132:	4501                	li	a0,0
    80004134:	8082                	ret

0000000080004136 <__call_exitprocs>:
    80004136:	711d                	addi	sp,sp,-96
    80004138:	f852                	sd	s4,48(sp)
    8000413a:	f456                	sd	s5,40(sp)
    8000413c:	f05a                	sd	s6,32(sp)
    8000413e:	ec5e                	sd	s7,24(sp)
    80004140:	ec86                	sd	ra,88(sp)
    80004142:	e8a2                	sd	s0,80(sp)
    80004144:	e4a6                	sd	s1,72(sp)
    80004146:	e0ca                	sd	s2,64(sp)
    80004148:	fc4e                	sd	s3,56(sp)
    8000414a:	e862                	sd	s8,16(sp)
    8000414c:	e466                	sd	s9,8(sp)
    8000414e:	8aaa                	mv	s5,a0
    80004150:	8a2e                	mv	s4,a1
    80004152:	8b018b13          	addi	s6,gp,-1872 # 80004ad0 <__atexit>
    80004156:	4b85                	li	s7,1
    80004158:	000b3483          	ld	s1,0(s6)
    8000415c:	cc81                	beqz	s1,80004174 <__call_exitprocs+0x3e>
    8000415e:	4480                	lw	s0,8(s1)
    80004160:	1104b983          	ld	s3,272(s1)
    80004164:	fff4091b          	addiw	s2,s0,-1
    80004168:	040e                	slli	s0,s0,0x3
    8000416a:	00898cb3          	add	s9,s3,s0
    8000416e:	9426                	add	s0,s0,s1
    80004170:	00095f63          	bgez	s2,8000418e <__call_exitprocs+0x58>
    80004174:	60e6                	ld	ra,88(sp)
    80004176:	6446                	ld	s0,80(sp)
    80004178:	64a6                	ld	s1,72(sp)
    8000417a:	6906                	ld	s2,64(sp)
    8000417c:	79e2                	ld	s3,56(sp)
    8000417e:	7a42                	ld	s4,48(sp)
    80004180:	7aa2                	ld	s5,40(sp)
    80004182:	7b02                	ld	s6,32(sp)
    80004184:	6be2                	ld	s7,24(sp)
    80004186:	6c42                	ld	s8,16(sp)
    80004188:	6ca2                	ld	s9,8(sp)
    8000418a:	6125                	addi	sp,sp,96
    8000418c:	8082                	ret
    8000418e:	000a0c63          	beqz	s4,800041a6 <__call_exitprocs+0x70>
    80004192:	00099663          	bnez	s3,8000419e <__call_exitprocs+0x68>
    80004196:	397d                	addiw	s2,s2,-1
    80004198:	1ce1                	addi	s9,s9,-8
    8000419a:	1461                	addi	s0,s0,-8
    8000419c:	bfd1                	j	80004170 <__call_exitprocs+0x3a>
    8000419e:	0f8cb783          	ld	a5,248(s9)
    800041a2:	ff479ae3          	bne	a5,s4,80004196 <__call_exitprocs+0x60>
    800041a6:	449c                	lw	a5,8(s1)
    800041a8:	6418                	ld	a4,8(s0)
    800041aa:	37fd                	addiw	a5,a5,-1
    800041ac:	03279963          	bne	a5,s2,800041de <__call_exitprocs+0xa8>
    800041b0:	0124a423          	sw	s2,8(s1)
    800041b4:	d36d                	beqz	a4,80004196 <__call_exitprocs+0x60>
    800041b6:	0084ac03          	lw	s8,8(s1)
    800041ba:	00098963          	beqz	s3,800041cc <__call_exitprocs+0x96>
    800041be:	2009a783          	lw	a5,512(s3)
    800041c2:	012b96bb          	sllw	a3,s7,s2
    800041c6:	8ff5                	and	a5,a5,a3
    800041c8:	2781                	sext.w	a5,a5
    800041ca:	ef89                	bnez	a5,800041e4 <__call_exitprocs+0xae>
    800041cc:	9702                	jalr	a4
    800041ce:	4498                	lw	a4,8(s1)
    800041d0:	000b3783          	ld	a5,0(s6)
    800041d4:	f98712e3          	bne	a4,s8,80004158 <__call_exitprocs+0x22>
    800041d8:	faf48fe3          	beq	s1,a5,80004196 <__call_exitprocs+0x60>
    800041dc:	bfb5                	j	80004158 <__call_exitprocs+0x22>
    800041de:	00043423          	sd	zero,8(s0)
    800041e2:	bfc9                	j	800041b4 <__call_exitprocs+0x7e>
    800041e4:	2049a783          	lw	a5,516(s3)
    800041e8:	ff8cb583          	ld	a1,-8(s9)
    800041ec:	8ff5                	and	a5,a5,a3
    800041ee:	2781                	sext.w	a5,a5
    800041f0:	e781                	bnez	a5,800041f8 <__call_exitprocs+0xc2>
    800041f2:	8556                	mv	a0,s5
    800041f4:	9702                	jalr	a4
    800041f6:	bfe1                	j	800041ce <__call_exitprocs+0x98>
    800041f8:	852e                	mv	a0,a1
    800041fa:	9702                	jalr	a4
    800041fc:	bfc9                	j	800041ce <__call_exitprocs+0x98>

Disassembly of section .rodata:

0000000080004200 <__tbss_end+0x2>:
    80004200:	6c637943          	.insn	4, 0x6c637943
    80004204:	7365                	lui	t1,0xffff9
    80004206:	203a                	fld	ft0,392(sp)
    80004208:	6c25                	lui	s8,0x9
    8000420a:	0a75                	addi	s4,s4,29
    8000420c:	0000                	unimp
    8000420e:	0000                	unimp
    80004210:	6361                	lui	t1,0x18
    80004212:	5b74                	lw	a3,116(a4)
    80004214:	6425                	lui	s0,0x9
    80004216:	2e5d                	addiw	t3,t3,23
    80004218:	7074756f          	jal	a0,8004c11e <__heap_end+0x2711e>
    8000421c:	7475                	lui	s0,0xffffd
    8000421e:	3d20                	fld	fs0,120(a0)
    80004220:	2520                	fld	fs0,72(a0)
    80004222:	0a66                	slli	s4,s4,0x19
    80004224:	0000                	unimp
    80004226:	0000                	unimp
    80004228:	4e49                	li	t3,18
    8000422a:	0046                	c.slli	zero,0x11
    8000422c:	0000                	unimp
    8000422e:	0000                	unimp
    80004230:	6e69                	lui	t3,0x1a
    80004232:	0066                	c.slli	zero,0x19
    80004234:	0000                	unimp
    80004236:	0000                	unimp
    80004238:	414e                	lw	sp,208(sp)
    8000423a:	004e                	c.slli	zero,0x13
    8000423c:	0000                	unimp
    8000423e:	0000                	unimp
    80004240:	616e                	ld	sp,216(sp)
    80004242:	006e                	c.slli	zero,0x1b
    80004244:	0000                	unimp
    80004246:	0000                	unimp
    80004248:	0030                	addi	a2,sp,8
    8000424a:	0000                	unimp
    8000424c:	0000                	unimp
    8000424e:	0000                	unimp
    80004250:	3130                	fld	fa2,96(a0)
    80004252:	3332                	fld	ft6,296(sp)
    80004254:	3534                	fld	fa3,104(a0)
    80004256:	3736                	fld	fa4,360(sp)
    80004258:	3938                	fld	fa4,112(a0)
    8000425a:	4241                	li	tp,16
    8000425c:	46454443          	.insn	4, 0x46454443
	...
    80004268:	3130                	fld	fa2,96(a0)
    8000426a:	3332                	fld	ft6,296(sp)
    8000426c:	3534                	fld	fa3,104(a0)
    8000426e:	3736                	fld	fa4,360(sp)
    80004270:	3938                	fld	fa4,112(a0)
    80004272:	6261                	lui	tp,0x18
    80004274:	66656463          	bltu	a0,t1,800048dc <__global_locale+0x64>
	...
    80004280:	6e49                	lui	t3,0x12
    80004282:	6966                	ld	s2,88(sp)
    80004284:	696e                	ld	s2,216(sp)
    80004286:	7974                	ld	a3,240(a0)
	...
    80004290:	614e                	ld	sp,208(sp)
    80004292:	004e                	c.slli	zero,0x13
    80004294:	0000                	unimp
    80004296:	0000                	unimp
    80004298:	4552                	lw	a0,20(sp)
    8000429a:	4e45                	li	t3,17
    8000429c:	2054                	fld	fa3,128(s0)
    8000429e:	616d                	addi	sp,sp,240
    800042a0:	6c6c                	ld	a1,216(s0)
    800042a2:	7320636f          	jal	t1,8000a9d4 <__global_pointer$+0x57b4>
    800042a6:	6375                	lui	t1,0x1d
    800042a8:	64656563          	bltu	a0,t1,800048f2 <__global_locale+0x7a>
    800042ac:	6465                	lui	s0,0x19
    800042ae:	0000                	unimp
    800042b0:	6d6f682f          	.insn	4, 0x6d6f682f
    800042b4:	2f65                	addiw	t5,t5,25
    800042b6:	646e6f63          	bltu	t3,t1,80004914 <__global_locale+0x9c>
    800042ba:	2f61                	addiw	t5,t5,24
    800042bc:	6566                	ld	a0,88(sp)
    800042be:	6465                	lui	s0,0x19
    800042c0:	636f7473          	csrrci	s0,0x636,30
    800042c4:	6f725f6b          	.insn	4, 0x6f725f6b
    800042c8:	622f746f          	jal	s0,800fb8ea <__heap_end+0xd68ea>
    800042cc:	6975                	lui	s2,0x1d
    800042ce:	646c                	ld	a1,200(s0)
    800042d0:	615f 7472 6669      	.insn	6, 0x66697472615f
    800042d6:	6361                	lui	t1,0x18
    800042d8:	7374                	ld	a3,224(a4)
    800042da:	7369722f          	.insn	4, 0x7369722f
    800042de:	742d7663          	bgeu	s10,sp,80004a2a <curbrk+0x2>
    800042e2:	736c6f6f          	jal	t5,800caa18 <__heap_end+0xa5a18>
    800042e6:	315f 3137 3130      	.insn	6, 0x31303137315f
    800042ec:	3439                	addiw	s0,s0,-18 # 18fee <__stack_size+0x10fee>
    800042ee:	3236                	fld	ft4,360(sp)
    800042f0:	3738                	fld	fa4,104(a4)
    800042f2:	3636                	fld	fa2,360(sp)
    800042f4:	726f772f          	.insn	4, 0x726f772f
    800042f8:	69722f6b          	.insn	4, 0x69722f6b
    800042fc:	2d766373          	csrrsi	t1,0x2d7,12
    80004300:	2d756e67          	.insn	4, 0x2d756e67
    80004304:	6f74                	ld	a3,216(a4)
    80004306:	68636c6f          	jal	s8,8003a98c <__heap_end+0x1598c>
    8000430a:	6961                	lui	s2,0x18
    8000430c:	2f6e                	fld	ft10,216(sp)
    8000430e:	7562                	ld	a0,56(sp)
    80004310:	6c69                	lui	s8,0x1a
    80004312:	2f64                	fld	fs1,216(a4)
    80004314:	2e2e                	fld	ft8,200(sp)
    80004316:	77656e2f          	.insn	4, 0x77656e2f
    8000431a:	696c                	ld	a1,208(a0)
    8000431c:	2f62                	fld	ft10,24(sp)
    8000431e:	656e                	ld	a0,216(sp)
    80004320:	62696c77          	.insn	4, 0x62696c77
    80004324:	62696c2f          	.insn	4, 0x62696c2f
    80004328:	74732f63          	.insn	4, 0x74732f63
    8000432c:	6c64                	ld	s1,216(s0)
    8000432e:	6269                	lui	tp,0x1a
    80004330:	6f74642f          	.insn	4, 0x6f74642f
    80004334:	2e61                	addiw	t3,t3,24 # 12018 <__stack_size+0xa018>
    80004336:	61420063          	beq	tp,s4,80004936 <__global_locale+0xbe>
    8000433a:	6c6c                	ld	a1,216(s0)
    8000433c:	7320636f          	jal	t1,8000aa6e <__global_pointer$+0x584e>
    80004340:	6375                	lui	t1,0x1d
    80004342:	64656563          	bltu	a0,t1,8000498c <__global_locale+0x114>
    80004346:	6465                	lui	s0,0x19
	...
    80004350:	6d6f682f          	.insn	4, 0x6d6f682f
    80004354:	2f65                	addiw	t5,t5,25
    80004356:	646e6f63          	bltu	t3,t1,800049b4 <__global_locale+0x13c>
    8000435a:	2f61                	addiw	t5,t5,24
    8000435c:	6566                	ld	a0,88(sp)
    8000435e:	6465                	lui	s0,0x19
    80004360:	636f7473          	csrrci	s0,0x636,30
    80004364:	6f725f6b          	.insn	4, 0x6f725f6b
    80004368:	622f746f          	jal	s0,800fb98a <__heap_end+0xd698a>
    8000436c:	6975                	lui	s2,0x1d
    8000436e:	646c                	ld	a1,200(s0)
    80004370:	615f 7472 6669      	.insn	6, 0x66697472615f
    80004376:	6361                	lui	t1,0x18
    80004378:	7374                	ld	a3,224(a4)
    8000437a:	7369722f          	.insn	4, 0x7369722f
    8000437e:	742d7663          	bgeu	s10,sp,80004aca <initial_env+0x2>
    80004382:	736c6f6f          	jal	t5,800caab8 <__heap_end+0xa5ab8>
    80004386:	315f 3137 3130      	.insn	6, 0x31303137315f
    8000438c:	3439                	addiw	s0,s0,-18 # 18fee <__stack_size+0x10fee>
    8000438e:	3236                	fld	ft4,360(sp)
    80004390:	3738                	fld	fa4,104(a4)
    80004392:	3636                	fld	fa2,360(sp)
    80004394:	726f772f          	.insn	4, 0x726f772f
    80004398:	69722f6b          	.insn	4, 0x69722f6b
    8000439c:	2d766373          	csrrsi	t1,0x2d7,12
    800043a0:	2d756e67          	.insn	4, 0x2d756e67
    800043a4:	6f74                	ld	a3,216(a4)
    800043a6:	68636c6f          	jal	s8,8003aa2c <__heap_end+0x15a2c>
    800043aa:	6961                	lui	s2,0x18
    800043ac:	2f6e                	fld	ft10,216(sp)
    800043ae:	7562                	ld	a0,56(sp)
    800043b0:	6c69                	lui	s8,0x1a
    800043b2:	2f64                	fld	fs1,216(a4)
    800043b4:	2e2e                	fld	ft8,200(sp)
    800043b6:	77656e2f          	.insn	4, 0x77656e2f
    800043ba:	696c                	ld	a1,208(a0)
    800043bc:	2f62                	fld	ft10,24(sp)
    800043be:	656e                	ld	a0,216(sp)
    800043c0:	62696c77          	.insn	4, 0x62696c77
    800043c4:	62696c2f          	.insn	4, 0x62696c2f
    800043c8:	74732f63          	.insn	4, 0x74732f63
    800043cc:	6c64                	ld	s1,216(s0)
    800043ce:	6269                	lui	tp,0x1a
    800043d0:	72706d2f          	.insn	4, 0x72706d2f
    800043d4:	6365                	lui	t1,0x19
    800043d6:	632e                	ld	t1,200(sp)
	...
    800043e0:	2b302d23          	sw	s3,698(zero) # 2ba <__stack_align+0x2aa>
    800043e4:	0020                	addi	s0,sp,8
    800043e6:	0000                	unimp
    800043e8:	6c68                	ld	a0,216(s0)
    800043ea:	004c                	addi	a1,sp,4
    800043ec:	0000                	unimp
    800043ee:	0000                	unimp
    800043f0:	6665                	lui	a2,0x19
    800043f2:	47464567          	.insn	4, 0x47464567
    800043f6:	0000                	unimp
    800043f8:	00000043          	fmadd.s	ft0,ft0,ft0,ft0,rne
    800043fc:	0000                	unimp
    800043fe:	0000                	unimp
    80004400:	4f50                	lw	a2,28(a4)
    80004402:	00584953          	fadd.s	fs2,fa6,ft5,rmm
    80004406:	0000                	unimp
    80004408:	002e                	c.slli	zero,0xb
    8000440a:	0000                	unimp
    8000440c:	0000                	unimp
    8000440e:	0000                	unimp
    80004410:	202c                	fld	fa1,64(s0)
    80004412:	7566                	ld	a0,120(sp)
    80004414:	636e                	ld	t1,216(sp)
    80004416:	6974                	ld	a3,208(a0)
    80004418:	203a6e6f          	jal	t3,800aae1a <__heap_end+0x85e1a>
    8000441c:	0000                	unimp
    8000441e:	0000                	unimp
    80004420:	7361                	lui	t1,0xffff8
    80004422:	74726573          	csrrsi	a0,0x747,4
    80004426:	6f69                	lui	t5,0x1a
    80004428:	206e                	fld	ft0,216(sp)
    8000442a:	2522                	fld	fa0,8(sp)
    8000442c:	66202273          	csrr	tp,0x662
    80004430:	6961                	lui	s2,0x18
    80004432:	656c                	ld	a1,200(a0)
    80004434:	3a64                	fld	fs1,240(a2)
    80004436:	6620                	ld	s0,72(a2)
    80004438:	6c69                	lui	s8,0x1a
    8000443a:	2065                	.insn	2, 0x2065
    8000443c:	2522                	fld	fa0,8(sp)
    8000443e:	202c2273          	csrrs	tp,0x202,s8
    80004442:	696c                	ld	a1,208(a0)
    80004444:	656e                	ld	a0,216(sp)
    80004446:	2520                	fld	fs0,72(a0)
    80004448:	2564                	fld	fs1,200(a0)
    8000444a:	0a732573          	csrrs	a0,0xa7,t1
    8000444e:	0000                	unimp
    80004450:	0000                	unimp
    80004452:	3f80                	fld	fs0,56(a5)
    80004454:	0000                	unimp
    80004456:	4000                	lw	s0,0(s0)
    80004458:	0000                	unimp
    8000445a:	4040                	lw	s0,4(s0)
    8000445c:	0000                	unimp
    8000445e:	4080                	lw	s0,0(s1)
    80004460:	0000                	unimp
    80004462:	40a0                	lw	s0,64(s1)
    80004464:	0000                	unimp
    80004466:	40c0                	lw	s0,4(s1)
    80004468:	0000                	unimp
    8000446a:	40e0                	lw	s0,68(s1)
    8000446c:	0000                	unimp
    8000446e:	4100                	lw	s0,0(a0)
    80004470:	0000                	unimp
    80004472:	4130                	lw	a2,64(a0)
    80004474:	0000                	unimp
    80004476:	4140                	lw	s0,4(a0)
    80004478:	0000                	unimp
    8000447a:	4150                	lw	a2,4(a0)
    8000447c:	0000                	unimp
    8000447e:	4160                	lw	s0,68(a0)
    80004480:	0000                	unimp
    80004482:	4170                	lw	a2,68(a0)
    80004484:	0000                	unimp
    80004486:	4180                	lw	s0,0(a1)
    80004488:	0000                	unimp
    8000448a:	4188                	lw	a0,0(a1)
    8000448c:	0000                	unimp
    8000448e:	4190                	lw	a2,0(a1)
    80004490:	0000                	unimp
    80004492:	41a8                	lw	a0,64(a1)
    80004494:	0000                	unimp
    80004496:	41b0                	lw	a2,64(a1)
    80004498:	0000                	unimp
    8000449a:	41b8                	lw	a4,64(a1)
    8000449c:	0000                	unimp
    8000449e:	41c0                	lw	s0,4(a1)
    800044a0:	0000                	unimp
    800044a2:	41c8                	lw	a0,4(a1)
    800044a4:	0000                	unimp
    800044a6:	41d0                	lw	a2,4(a1)
    800044a8:	0000                	unimp
    800044aa:	41d8                	lw	a4,4(a1)
    800044ac:	0000                	unimp
    800044ae:	41e0                	lw	s0,68(a1)
    800044b0:	0000                	unimp
    800044b2:	41f8                	lw	a4,68(a1)
    800044b4:	0000                	unimp
    800044b6:	4200                	lw	s0,0(a2)
    800044b8:	0000                	unimp
    800044ba:	4204                	lw	s1,0(a2)
    800044bc:	0000                	unimp
    800044be:	4208                	lw	a0,0(a2)
    800044c0:	0000                	unimp
    800044c2:	420c                	lw	a1,0(a2)
    800044c4:	0000                	unimp
    800044c6:	4210                	lw	a2,0(a2)
    800044c8:	0000                	unimp
    800044ca:	4214                	lw	a3,0(a2)
    800044cc:	0000                	unimp
    800044ce:	4218                	lw	a4,0(a2)
    800044d0:	c6f6                	sw	t4,76(sp)
    800044d2:	ffff                	.insn	2, 0xffff
    800044d4:	c70c                	sw	a1,8(a4)
    800044d6:	ffff                	.insn	2, 0xffff
    800044d8:	c6cc                	sw	a1,12(a3)
    800044da:	ffff                	.insn	2, 0xffff
    800044dc:	c6cc                	sw	a1,12(a3)
    800044de:	ffff                	.insn	2, 0xffff
    800044e0:	c6cc                	sw	a1,12(a3)
    800044e2:	ffff                	.insn	2, 0xffff
    800044e4:	c6cc                	sw	a1,12(a3)
    800044e6:	ffff                	.insn	2, 0xffff
    800044e8:	c70c                	sw	a1,8(a4)
    800044ea:	ffff                	.insn	2, 0xffff
    800044ec:	c6cc                	sw	a1,12(a3)
    800044ee:	ffff                	.insn	2, 0xffff
    800044f0:	c6cc                	sw	a1,12(a3)
    800044f2:	ffff                	.insn	2, 0xffff
    800044f4:	c6cc                	sw	a1,12(a3)
    800044f6:	ffff                	.insn	2, 0xffff
    800044f8:	c6cc                	sw	a1,12(a3)
    800044fa:	ffff                	.insn	2, 0xffff
    800044fc:	c86c                	sw	a1,84(s0)
    800044fe:	ffff                	.insn	2, 0xffff
    80004500:	c74e                	sw	s3,140(sp)
    80004502:	ffff                	.insn	2, 0xffff
    80004504:	c808                	sw	a0,16(s0)
    80004506:	ffff                	.insn	2, 0xffff
    80004508:	c6cc                	sw	a1,12(a3)
    8000450a:	ffff                	.insn	2, 0xffff
    8000450c:	c6cc                	sw	a1,12(a3)
    8000450e:	ffff                	.insn	2, 0xffff
    80004510:	c8a0                	sw	s0,80(s1)
    80004512:	ffff                	.insn	2, 0xffff
    80004514:	c6cc                	sw	a1,12(a3)
    80004516:	ffff                	.insn	2, 0xffff
    80004518:	c74e                	sw	s3,140(sp)
    8000451a:	ffff                	.insn	2, 0xffff
    8000451c:	c6cc                	sw	a1,12(a3)
    8000451e:	ffff                	.insn	2, 0xffff
    80004520:	c6cc                	sw	a1,12(a3)
    80004522:	ffff                	.insn	2, 0xffff
    80004524:	c810                	sw	a2,16(s0)
    80004526:	ffff                	.insn	2, 0xffff

0000000080004528 <p05.0>:
    80004528:	0005                	c.nop	1
    8000452a:	0000                	unimp
    8000452c:	0019                	c.nop	6
    8000452e:	0000                	unimp
    80004530:	007d                	c.nop	31
    80004532:	0000                	unimp
    80004534:	0000                	unimp
	...

0000000080004538 <__mprec_tinytens>:
    80004538:	89bc                	.insn	2, 0x89bc
    8000453a:	97d8                	.insn	2, 0x97d8
    8000453c:	d2b2                	sw	a2,100(sp)
    8000453e:	3c9c                	fld	fa5,56(s1)
    80004540:	d5a8a733          	.insn	4, 0xd5a8a733
    80004544:	3949f623          	.insn	4, 0x3949f623
    80004548:	a73d                	j	80004c76 <__sf+0x19e>
    8000454a:	44f4                	lw	a3,76(s1)
    8000454c:	0ffd                	addi	t6,t6,31
    8000454e:	32a5                	addiw	t0,t0,-23
    80004550:	979d                	srai	a5,a5,0x27
    80004552:	cf8c                	sw	a1,24(a5)
    80004554:	ba08                	fsd	fa0,48(a2)
    80004556:	6f43255b          	.insn	4, 0x6f43255b
    8000455a:	64ac                	ld	a1,72(s1)
    8000455c:	0628                	addi	a0,sp,776
    8000455e:	0ac8                	addi	a0,sp,340

0000000080004560 <__mprec_bigtens>:
    80004560:	8000                	.insn	2, 0x8000
    80004562:	37e0                	fld	fs0,232(a5)
    80004564:	c379                	beqz	a4,8000462a <__mprec_tens+0xa2>
    80004566:	4341                	li	t1,16
    80004568:	b5056e17          	auipc	t3,0xb5056
    8000456c:	b8b5                	j	80003de8 <__trunctfdf2+0x184>
    8000456e:	f9f54693          	xori	a3,a0,-97
    80004572:	4f03e93f 1d324d38 	.insn	8, 0x1d324d384f03e93f
    8000457a:	f930                	sd	a2,112(a0)
    8000457c:	7748                	ld	a0,168(a4)
    8000457e:	5a82                	lw	s5,32(sp)
    80004580:	bf3c                	fsd	fa5,120(a4)
    80004582:	4fdd7f73          	csrrci	t5,0x4fd,26
    80004586:	7515                	lui	a0,0xfffe5

0000000080004588 <__mprec_tens>:
    80004588:	0000                	unimp
    8000458a:	0000                	unimp
    8000458c:	0000                	unimp
    8000458e:	3ff0                	fld	fa2,248(a5)
    80004590:	0000                	unimp
    80004592:	0000                	unimp
    80004594:	0000                	unimp
    80004596:	4024                	lw	s1,64(s0)
    80004598:	0000                	unimp
    8000459a:	0000                	unimp
    8000459c:	0000                	unimp
    8000459e:	4059                	c.li	zero,22
    800045a0:	0000                	unimp
    800045a2:	0000                	unimp
    800045a4:	4000                	lw	s0,0(s0)
    800045a6:	0000408f          	.insn	4, 0x408f
    800045aa:	0000                	unimp
    800045ac:	8800                	.insn	2, 0x8800
    800045ae:	000040c3          	fmadd.s	ft1,ft0,ft0,ft0,rmm
    800045b2:	0000                	unimp
    800045b4:	6a00                	ld	s0,16(a2)
    800045b6:	40f8                	lw	a4,68(s1)
    800045b8:	0000                	unimp
    800045ba:	0000                	unimp
    800045bc:	8480                	.insn	2, 0x8480
    800045be:	412e                	lw	sp,200(sp)
    800045c0:	0000                	unimp
    800045c2:	0000                	unimp
    800045c4:	12d0                	addi	a2,sp,356
    800045c6:	00004163          	bltz	zero,800045c8 <__mprec_tens+0x40>
    800045ca:	0000                	unimp
    800045cc:	d784                	sw	s1,40(a5)
    800045ce:	00004197          	auipc	gp,0x4
    800045d2:	0000                	unimp
    800045d4:	cd65                	beqz	a0,800046cc <_ctype_+0x7c>
    800045d6:	41cd                	li	gp,19
    800045d8:	0000                	unimp
    800045da:	2000                	fld	fs0,0(s0)
    800045dc:	a05f 4202 0000      	.insn	6, 0x4202a05f
    800045e2:	e800                	sd	s0,16(s0)
    800045e4:	4876                	lw	a6,92(sp)
    800045e6:	00004237          	lui	tp,0x4
    800045ea:	a200                	fsd	fs0,0(a2)
    800045ec:	1a94                	addi	a3,sp,368
    800045ee:	426d                	li	tp,27
    800045f0:	0000                	unimp
    800045f2:	e540                	sd	s0,136(a0)
    800045f4:	309c                	fld	fa5,32(s1)
    800045f6:	42a2                	lw	t0,8(sp)
    800045f8:	0000                	unimp
    800045fa:	1e90                	addi	a2,sp,880
    800045fc:	bcc4                	fsd	fs1,184(s1)
    800045fe:	42d6                	lw	t0,84(sp)
    80004600:	0000                	unimp
    80004602:	2634                	fld	fa3,72(a2)
    80004604:	6bf5                	lui	s7,0x1d
    80004606:	430c                	lw	a1,0(a4)
    80004608:	8000                	.insn	2, 0x8000
    8000460a:	37e0                	fld	fs0,232(a5)
    8000460c:	c379                	beqz	a4,800046d2 <_ctype_+0x82>
    8000460e:	4341                	li	t1,16
    80004610:	a000                	fsd	fs0,0(s0)
    80004612:	85d8                	.insn	2, 0x85d8
    80004614:	43763457          	.insn	4, 0x43763457
    80004618:	c800                	sw	s0,16(s0)
    8000461a:	674e                	ld	a4,208(sp)
    8000461c:	c16d                	beqz	a0,800046fe <_ctype_+0xae>
    8000461e:	3d0043ab          	.insn	4, 0x3d0043ab
    80004622:	6091                	lui	ra,0x4
    80004624:	58e4                	lw	s1,116(s1)
    80004626:	43e1                	li	t2,24
    80004628:	8c40                	.insn	2, 0x8c40
    8000462a:	78b5                	lui	a7,0xfffed
    8000462c:	af1d                	j	80004d62 <__atexit0+0x72>
    8000462e:	4415                	li	s0,5
    80004630:	ef50                	sd	a2,152(a4)
    80004632:	d6e2                	sw	s8,108(sp)
    80004634:	1ae4                	addi	s1,sp,380
    80004636:	d592444b          	.insn	4, 0xd592444b
    8000463a:	064d                	addi	a2,a2,19 # 19013 <__stack_size+0x11013>
    8000463c:	4480f0cf          	.insn	4, 0x4480f0cf
    80004640:	4af6                	lw	s5,92(sp)
    80004642:	c7e1                	beqz	a5,8000470a <_ctype_+0xba>
    80004644:	2d02                	fld	fs10,0(sp)
    80004646:	44b5                	li	s1,13
    80004648:	9db4                	.insn	2, 0x9db4
    8000464a:	79d9                	lui	s3,0xffff6
    8000464c:	44ea7843          	.insn	4, 0x44ea7843

0000000080004650 <_ctype_>:
    80004650:	2000                	fld	fs0,0(s0)
    80004652:	2020                	fld	fs0,64(s0)
    80004654:	2020                	fld	fs0,64(s0)
    80004656:	2020                	fld	fs0,64(s0)
    80004658:	2020                	fld	fs0,64(s0)
    8000465a:	2828                	fld	fa0,80(s0)
    8000465c:	2828                	fld	fa0,80(s0)
    8000465e:	2028                	fld	fa0,64(s0)
    80004660:	2020                	fld	fs0,64(s0)
    80004662:	2020                	fld	fs0,64(s0)
    80004664:	2020                	fld	fs0,64(s0)
    80004666:	2020                	fld	fs0,64(s0)
    80004668:	2020                	fld	fs0,64(s0)
    8000466a:	2020                	fld	fs0,64(s0)
    8000466c:	2020                	fld	fs0,64(s0)
    8000466e:	2020                	fld	fs0,64(s0)
    80004670:	8820                	.insn	2, 0x8820
    80004672:	1010                	addi	a2,sp,32
    80004674:	1010                	addi	a2,sp,32
    80004676:	1010                	addi	a2,sp,32
    80004678:	1010                	addi	a2,sp,32
    8000467a:	1010                	addi	a2,sp,32
    8000467c:	1010                	addi	a2,sp,32
    8000467e:	1010                	addi	a2,sp,32
    80004680:	0410                	addi	a2,sp,512
    80004682:	0404                	addi	s1,sp,512
    80004684:	0404                	addi	s1,sp,512
    80004686:	0404                	addi	s1,sp,512
    80004688:	0404                	addi	s1,sp,512
    8000468a:	1004                	addi	s1,sp,32
    8000468c:	1010                	addi	a2,sp,32
    8000468e:	1010                	addi	a2,sp,32
    80004690:	1010                	addi	a2,sp,32
    80004692:	4141                	li	sp,16
    80004694:	4141                	li	sp,16
    80004696:	4141                	li	sp,16
    80004698:	0101                	addi	sp,sp,0
    8000469a:	0101                	addi	sp,sp,0
    8000469c:	0101                	addi	sp,sp,0
    8000469e:	0101                	addi	sp,sp,0
    800046a0:	0101                	addi	sp,sp,0
    800046a2:	0101                	addi	sp,sp,0
    800046a4:	0101                	addi	sp,sp,0
    800046a6:	0101                	addi	sp,sp,0
    800046a8:	0101                	addi	sp,sp,0
    800046aa:	0101                	addi	sp,sp,0
    800046ac:	1010                	addi	a2,sp,32
    800046ae:	1010                	addi	a2,sp,32
    800046b0:	1010                	addi	a2,sp,32
    800046b2:	4242                	lw	tp,16(sp)
    800046b4:	4242                	lw	tp,16(sp)
    800046b6:	4242                	lw	tp,16(sp)
    800046b8:	0202                	c.slli64	tp
    800046ba:	0202                	c.slli64	tp
    800046bc:	0202                	c.slli64	tp
    800046be:	0202                	c.slli64	tp
    800046c0:	0202                	c.slli64	tp
    800046c2:	0202                	c.slli64	tp
    800046c4:	0202                	c.slli64	tp
    800046c6:	0202                	c.slli64	tp
    800046c8:	0202                	c.slli64	tp
    800046ca:	0202                	c.slli64	tp
    800046cc:	1010                	addi	a2,sp,32
    800046ce:	1010                	addi	a2,sp,32
    800046d0:	0020                	addi	s0,sp,8
	...

0000000080004758 <argv>:
    80004758:	4768                	lw	a0,76(a4)
    8000475a:	8000                	.insn	2, 0x8000
	...

0000000080004768 <name>:
    80004768:	70696863          	bltu	s2,t1,80004e78 <_end+0x70>
    8000476c:	6179                	addi	sp,sp,464
    8000476e:	6472                	ld	s0,280(sp)
	...

Disassembly of section .eh_frame:

0000000080004778 <.eh_frame>:
    80004778:	0010                	.insn	2, 0x0010
    8000477a:	0000                	unimp
    8000477c:	0000                	unimp
    8000477e:	0000                	unimp
    80004780:	00527a03          	.insn	4, 0x00527a03
    80004784:	7c01                	lui	s8,0xfffe0
    80004786:	0101                	addi	sp,sp,0
    80004788:	00020d1b          	sext.w	s10,tp
    8000478c:	0010                	.insn	2, 0x0010
    8000478e:	0000                	unimp
    80004790:	0018                	.insn	2, 0x0018
    80004792:	0000                	unimp
    80004794:	b86c                	fsd	fa1,240(s0)
    80004796:	ffff                	.insn	2, 0xffff
    80004798:	0144                	addi	s1,sp,132
    8000479a:	0000                	unimp
    8000479c:	0000                	unimp
	...

Disassembly of section .htif:

00000000800047c0 <tohost>:
	...

00000000800047c8 <fromhost>:
	...

Disassembly of section .data._impure_data:

00000000800047d0 <_impure_data>:
	...
    800047d8:	4ad8                	lw	a4,20(a3)
    800047da:	8000                	.insn	2, 0x8000
    800047dc:	0000                	unimp
    800047de:	0000                	unimp
    800047e0:	4b88                	lw	a0,16(a5)
    800047e2:	8000                	.insn	2, 0x8000
    800047e4:	0000                	unimp
    800047e6:	0000                	unimp
    800047e8:	4c38                	lw	a4,88(s0)
    800047ea:	8000                	.insn	2, 0x8000
	...

Disassembly of section .data.__sglue:

0000000080004860 <__sglue>:
	...
    80004868:	00000003          	lb	zero,0(zero) # 0 <__boot_hart>
    8000486c:	0000                	unimp
    8000486e:	0000                	unimp
    80004870:	4ad8                	lw	a4,20(a3)
    80004872:	8000                	.insn	2, 0x8000
    80004874:	0000                	unimp
	...

Disassembly of section .data.__global_locale:

0000000080004878 <__global_locale>:
    80004878:	00000043          	fmadd.s	ft0,ft0,ft0,ft0,rne
	...
    80004898:	00000043          	fmadd.s	ft0,ft0,ft0,ft0,rne
	...
    800048b8:	00000043          	fmadd.s	ft0,ft0,ft0,ft0,rne
	...
    800048d8:	00000043          	fmadd.s	ft0,ft0,ft0,ft0,rne
	...
    800048f8:	00000043          	fmadd.s	ft0,ft0,ft0,ft0,rne
	...
    80004918:	00000043          	fmadd.s	ft0,ft0,ft0,ft0,rne
	...
    80004938:	00000043          	fmadd.s	ft0,ft0,ft0,ft0,rne
	...
    80004958:	3754                	fld	fa3,168(a4)
    8000495a:	8000                	.insn	2, 0x8000
    8000495c:	0000                	unimp
    8000495e:	0000                	unimp
    80004960:	3690                	fld	fa2,40(a3)
    80004962:	8000                	.insn	2, 0x8000
	...
    80004970:	4650                	lw	a2,12(a2)
    80004972:	8000                	.insn	2, 0x8000
    80004974:	0000                	unimp
    80004976:	0000                	unimp
    80004978:	4408                	lw	a0,8(s0)
    8000497a:	8000                	.insn	2, 0x8000
    8000497c:	0000                	unimp
    8000497e:	0000                	unimp
    80004980:	4260                	lw	s0,68(a2)
    80004982:	8000                	.insn	2, 0x8000
    80004984:	0000                	unimp
    80004986:	0000                	unimp
    80004988:	4260                	lw	s0,68(a2)
    8000498a:	8000                	.insn	2, 0x8000
    8000498c:	0000                	unimp
    8000498e:	0000                	unimp
    80004990:	4260                	lw	s0,68(a2)
    80004992:	8000                	.insn	2, 0x8000
    80004994:	0000                	unimp
    80004996:	0000                	unimp
    80004998:	4260                	lw	s0,68(a2)
    8000499a:	8000                	.insn	2, 0x8000
    8000499c:	0000                	unimp
    8000499e:	0000                	unimp
    800049a0:	4260                	lw	s0,68(a2)
    800049a2:	8000                	.insn	2, 0x8000
    800049a4:	0000                	unimp
    800049a6:	0000                	unimp
    800049a8:	4260                	lw	s0,68(a2)
    800049aa:	8000                	.insn	2, 0x8000
    800049ac:	0000                	unimp
    800049ae:	0000                	unimp
    800049b0:	4260                	lw	s0,68(a2)
    800049b2:	8000                	.insn	2, 0x8000
    800049b4:	0000                	unimp
    800049b6:	0000                	unimp
    800049b8:	4260                	lw	s0,68(a2)
    800049ba:	8000                	.insn	2, 0x8000
    800049bc:	0000                	unimp
    800049be:	0000                	unimp
    800049c0:	4260                	lw	s0,68(a2)
    800049c2:	8000                	.insn	2, 0x8000
    800049c4:	0000                	unimp
    800049c6:	0000                	unimp
    800049c8:	ffff                	.insn	2, 0xffff
    800049ca:	ffff                	.insn	2, 0xffff
    800049cc:	ffff                	.insn	2, 0xffff
    800049ce:	ffff                	.insn	2, 0xffff
    800049d0:	ffff                	.insn	2, 0xffff
    800049d2:	ffff                	.insn	2, 0xffff
    800049d4:	ffff                	.insn	2, 0xffff
    800049d6:	0000                	unimp
    800049d8:	0001                	nop
    800049da:	5341                	li	t1,-16
    800049dc:	00494943          	fmadd.s	fs2,fs2,ft4,ft0,rmm
	...
    800049f8:	0000                	unimp
    800049fa:	5341                	li	t1,-16
    800049fc:	00494943          	fmadd.s	fs2,fs2,ft4,ft0,rmm
	...

Disassembly of section .sdata:

0000000080004a20 <_impure_ptr>:
    80004a20:	47d0                	lw	a2,12(a5)
    80004a22:	8000                	.insn	2, 0x8000
    80004a24:	0000                	unimp
	...

0000000080004a28 <curbrk>:
    80004a28:	4e08                	lw	a0,24(a2)
    80004a2a:	8000                	.insn	2, 0x8000
    80004a2c:	0000                	unimp
	...

0000000080004a30 <environ>:
    80004a30:	4ac8                	lw	a0,20(a3)
    80004a32:	8000                	.insn	2, 0x8000
    80004a34:	0000                	unimp
	...

0000000080004a38 <__atexit_dummy>:
    80004a38:	4136                	lw	sp,76(sp)
    80004a3a:	8000                	.insn	2, 0x8000
    80004a3c:	0000                	unimp
    80004a3e:	0000                	unimp
    80004a40:	ffff                	.insn	2, 0xffff
    80004a42:	ffff                	.insn	2, 0xffff
    80004a44:	ffff                	.insn	2, 0xffff
    80004a46:	00007fef          	jal	t6,8000ba46 <__global_pointer$+0x6826>
    80004a4a:	0000                	unimp
    80004a4c:	0000                	unimp
    80004a4e:	3ff8                	fld	fa4,248(a5)
    80004a50:	4361                	li	t1,24
    80004a52:	87a7636f          	jal	t1,7ff7aacc <__heap_size+0x7ff5aacc>
    80004a56:	3fd2                	fld	ft11,304(sp)
    80004a58:	8b60c8b3          	.insn	4, 0x8b60c8b3
    80004a5c:	8a28                	.insn	2, 0x8a28
    80004a5e:	3fc6                	fld	ft11,112(sp)
    80004a60:	509f79fb          	.insn	4, 0x509f79fb
    80004a64:	3fd34413          	xori	s0,t1,1021
    80004a68:	0000                	unimp
    80004a6a:	0000                	unimp
    80004a6c:	0000                	unimp
    80004a6e:	3ff0                	fld	fa2,248(a5)
    80004a70:	0000                	unimp
    80004a72:	0000                	unimp
    80004a74:	0000                	unimp
    80004a76:	4024                	lw	s1,64(s0)
    80004a78:	0000                	unimp
    80004a7a:	0000                	unimp
    80004a7c:	0000                	unimp
    80004a7e:	401c                	lw	a5,0(s0)
    80004a80:	0000                	unimp
    80004a82:	0000                	unimp
    80004a84:	0000                	unimp
    80004a86:	4014                	lw	a3,0(s0)
    80004a88:	0000                	unimp
    80004a8a:	0000                	unimp
    80004a8c:	0000                	unimp
    80004a8e:	3fe0                	fld	fs0,248(a5)
    80004a90:	cccd                	beqz	s1,80004b4a <__sf+0x72>
    80004a92:	3dcc                	fld	fa1,184(a1)
    80004a94:	0000                	unimp
    80004a96:	4120                	lw	s0,64(a0)

Disassembly of section .debug_info:

0000000000000000 <.debug_info>:
       0:	046c                	addi	a1,sp,524
       2:	0000                	unimp
       4:	0005                	c.nop	1
       6:	0801                	addi	a6,a6,0
       8:	0000                	unimp
       a:	0000                	unimp
       c:	3311                	addiw	t1,t1,-28 # ffffffffffff7fe4 <__heap_end+0xffffffff7ffd2fe4>
       e:	0000                	unimp
      10:	0c00                	addi	s0,sp,528
      12:	0000                	unimp
      14:	0000                	unimp
      16:	0052                	c.slli	zero,0x14
      18:	0000                	unimp
      1a:	001d                	c.nop	7
	...
      28:	0000                	unimp
      2a:	0102                	c.slli64	sp
      2c:	8706                	mv	a4,ra
      2e:	0001                	nop
      30:	0200                	addi	s0,sp,256
      32:	0801                	addi	a6,a6,0
      34:	0185                	addi	gp,gp,1 # 800085cf <__global_pointer$+0x33af>
      36:	0000                	unimp
      38:	0202                	c.slli64	tp
      3a:	d305                	beqz	a4,ffffffffffffff5a <__heap_end+0xffffffff7ffdaf5a>
      3c:	0001                	nop
      3e:	0200                	addi	s0,sp,256
      40:	0702                	c.slli64	a4
      42:	000001ab          	.insn	4, 0x01ab
      46:	0412                	slli	s0,s0,0x4
      48:	6905                	lui	s2,0x1
      4a:	746e                	ld	s0,248(sp)
      4c:	0800                	addi	s0,sp,16
      4e:	0046                	c.slli	zero,0x11
      50:	0000                	unimp
      52:	0402                	c.slli64	s0
      54:	00020207          	.insn	4, 0x00020207
      58:	0200                	addi	s0,sp,256
      5a:	0508                	addi	a0,sp,640
      5c:	0251                	addi	tp,tp,20 # 4014 <__stack_align+0x4004>
      5e:	0000                	unimp
      60:	0802                	c.slli64	a6
      62:	0001fd07          	.insn	4, 0x0001fd07
      66:	0900                	addi	s0,sp,144
      68:	05ea                	slli	a1,a1,0x1a
      6a:	0000                	unimp
      6c:	d602                	sw	zero,44(sp)
      6e:	00006017          	auipc	zero,0x6
      72:	0200                	addi	s0,sp,256
      74:	0508                	addi	a0,sp,640
      76:	024c                	addi	a1,sp,260
      78:	0000                	unimp
      7a:	0102                	c.slli64	sp
      7c:	8e08                	.insn	2, 0x8e08
      7e:	0001                	nop
      80:	0800                	addi	s0,sp,16
      82:	007a                	c.slli	zero,0x1e
      84:	0000                	unimp
      86:	810a                	mv	sp,sp
      88:	0000                	unimp
      8a:	1300                	addi	s0,sp,416
      8c:	0086                	slli	ra,ra,0x1
      8e:	0000                	unimp
      90:	0802                	c.slli64	a6
      92:	0001f807          	.insn	4, 0x0001f807
      96:	1400                	addi	s0,sp,544
      98:	0120                	addi	s0,sp,136
      9a:	0904                	addi	s1,sp,144
      9c:	00f6                	slli	ra,ra,0x1d
      9e:	0000                	unimp
      a0:	ef06                	sd	ra,408(sp)
      a2:	0001                	nop
      a4:	0500                	addi	s0,sp,640
      a6:	00f6                	slli	ra,ra,0x1d
      a8:	0000                	unimp
      aa:	0600                	addi	s0,sp,768
      ac:	0149                	addi	sp,sp,18
      ae:	0000                	unimp
      b0:	f606                	sd	ra,296(sp)
      b2:	0000                	unimp
      b4:	0400                	addi	s0,sp,512
      b6:	00704b0b          	.insn	4, 0x00704b0b
      ba:	0000f60b          	.insn	4, 0xf60b
      be:	0800                	addi	s0,sp,16
      c0:	00694b0b          	.insn	4, 0x00694b0b
      c4:	0000f60f          	.insn	4, 0xf60f
      c8:	0c00                	addi	s0,sp,528
      ca:	00644b0b          	.insn	4, 0x00644b0b
      ce:	0000f613          	andi	a2,ra,0
      d2:	1000                	addi	s0,sp,32
      d4:	cc06                	sw	ra,24(sp)
      d6:	0001                	nop
      d8:	0800                	addi	s0,sp,16
      da:	00f6                	slli	ra,ra,0x1d
      dc:	0000                	unimp
      de:	0614                	addi	a3,sp,768
      e0:	028e                	slli	t0,t0,0x3
      e2:	0000                	unimp
      e4:	f609                	bnez	a2,ffffffffffffffee <__heap_end+0xffffffff7ffdafee>
      e6:	0000                	unimp
      e8:	1800                	addi	s0,sp,48
      ea:	7906                	ld	s2,96(sp)
      ec:	0002                	c.slli64	zero
      ee:	0a00                	addi	s0,sp,272
      f0:	00f6                	slli	ra,ra,0x1d
      f2:	0000                	unimp
      f4:	001c                	.insn	2, 0x001c
      f6:	0402                	c.slli64	s0
      f8:	1304                	addi	s1,sp,416
      fa:	0001                	nop
      fc:	0800                	addi	s0,sp,16
      fe:	00f6                	slli	ra,ra,0x1d
     100:	0000                	unimp
     102:	be09                	j	fffffffffffffc14 <__heap_end+0xffffffff7ffdac14>
     104:	0001                	nop
     106:	0100                	addi	s0,sp,128
     108:	0097030b          	.insn	4, 0x0097030b
     10c:	0000                	unimp
     10e:	0c04                	addi	s1,sp,528
     110:	0001                	nop
     112:	0400                	addi	s0,sp,512
     114:	05ce                	slli	a1,a1,0x13
     116:	0046                	c.slli	zero,0x11
     118:	0000                	unimp
     11a:	0125                	addi	sp,sp,9
     11c:	0000                	unimp
     11e:	8b01                	andi	a4,a4,0
     120:	0000                	unimp
     122:	1500                	addi	s0,sp,672
     124:	1600                	addi	s0,sp,800
     126:	0015                	c.nop	5
     128:	0000                	unimp
     12a:	41095e03          	lhu	t3,1040(s2) # 1410 <__stack_align+0x1400>
     12e:	0001                	nop
     130:	0100                	addi	s0,sp,128
     132:	0141                	addi	sp,sp,16
     134:	0000                	unimp
     136:	4601                	li	a2,0
     138:	0001                	nop
     13a:	0100                	addi	s0,sp,128
     13c:	0060                	addi	s0,sp,12
     13e:	0000                	unimp
     140:	0a00                	addi	s0,sp,272
     142:	00f6                	slli	ra,ra,0x1d
     144:	0000                	unimp
     146:	dd09                	beqz	a0,60 <__stack_align+0x50>
     148:	0001                	nop
     14a:	0300                	addi	s0,sp,384
     14c:	095e                	slli	s2,s2,0x17
     14e:	0152                	slli	sp,sp,0x14
     150:	0000                	unimp
     152:	00019317          	auipc	t1,0x19
     156:	f600                	sd	s0,40(a2)
     158:	0000                	unimp
     15a:	6c00                	ld	s0,24(s0)
     15c:	0001                	nop
     15e:	1800                	addi	s0,sp,48
     160:	920a                	add	tp,tp,sp
     162:	38a2                	fld	fa7,40(sp)
     164:	3300                	fld	fs0,32(a4)
     166:	3225                	addiw	tp,tp,-23 # ffffffffffffffe9 <__heap_end+0xffffffff7ffdafe9>
     168:	311e                	fld	ft2,480(sp)
     16a:	001c                	.insn	2, 0x001c
     16c:	1904                	addi	s1,sp,176
     16e:	0001                	nop
     170:	0300                	addi	s0,sp,384
     172:	095e                	slli	s2,s2,0x17
     174:	0146                	slli	sp,sp,0x11
     176:	0000                	unimp
     178:	0191                	addi	gp,gp,4 # 80005224 <__global_pointer$+0x4>
     17a:	0000                	unimp
     17c:	4601                	li	a2,0
     17e:	0001                	nop
     180:	0100                	addi	s0,sp,128
     182:	0146                	slli	sp,sp,0x11
     184:	0000                	unimp
     186:	4601                	li	a2,0
     188:	0001                	nop
     18a:	0100                	addi	s0,sp,128
     18c:	0060                	addi	s0,sp,12
     18e:	0000                	unimp
     190:	0400                	addi	s0,sp,512
     192:	0235                	addi	tp,tp,13 # d <__boot_hart+0xd>
     194:	0000                	unimp
     196:	46095e03          	lhu	t3,1120(s2)
     19a:	0001                	nop
     19c:	b100                	fsd	fs0,32(a0)
     19e:	0001                	nop
     1a0:	0100                	addi	s0,sp,128
     1a2:	0146                	slli	sp,sp,0x11
     1a4:	0000                	unimp
     1a6:	4601                	li	a2,0
     1a8:	0001                	nop
     1aa:	0100                	addi	s0,sp,128
     1ac:	0060                	addi	s0,sp,12
     1ae:	0000                	unimp
     1b0:	0400                	addi	s0,sp,512
     1b2:	016e                	slli	sp,sp,0x1b
     1b4:	0000                	unimp
     1b6:	46095e03          	lhu	t3,1120(s2)
     1ba:	0001                	nop
     1bc:	d100                	sw	s0,32(a0)
     1be:	0001                	nop
     1c0:	0100                	addi	s0,sp,128
     1c2:	0146                	slli	sp,sp,0x11
     1c4:	0000                	unimp
     1c6:	f601                	bnez	a2,ce <__stack_align+0xbe>
     1c8:	0000                	unimp
     1ca:	0100                	addi	s0,sp,128
     1cc:	0060                	addi	s0,sp,12
     1ce:	0000                	unimp
     1d0:	0400                	addi	s0,sp,512
     1d2:	0131                	addi	sp,sp,12
     1d4:	0000                	unimp
     1d6:	46095e03          	lhu	t3,1120(s2)
     1da:	0001                	nop
     1dc:	f600                	sd	s0,40(a2)
     1de:	0001                	nop
     1e0:	0100                	addi	s0,sp,128
     1e2:	0146                	slli	sp,sp,0x11
     1e4:	0000                	unimp
     1e6:	f601                	bnez	a2,ee <__stack_align+0xde>
     1e8:	0000                	unimp
     1ea:	0100                	addi	s0,sp,128
     1ec:	0146                	slli	sp,sp,0x11
     1ee:	0000                	unimp
     1f0:	6001                	.insn	2, 0x6001
     1f2:	0000                	unimp
     1f4:	0000                	unimp
     1f6:	0f04                	addi	s1,sp,912
     1f8:	0002                	c.slli64	zero
     1fa:	0300                	addi	s0,sp,384
     1fc:	095e                	slli	s2,s2,0x17
     1fe:	0146                	slli	sp,sp,0x11
     200:	0000                	unimp
     202:	0216                	slli	tp,tp,0x5
     204:	0000                	unimp
     206:	4601                	li	a2,0
     208:	0001                	nop
     20a:	0100                	addi	s0,sp,128
     20c:	0146                	slli	sp,sp,0x11
     20e:	0000                	unimp
     210:	6001                	.insn	2, 0x6001
     212:	0000                	unimp
     214:	0000                	unimp
     216:	9904                	.insn	2, 0x9904
     218:	0002                	c.slli64	zero
     21a:	0300                	addi	s0,sp,384
     21c:	095e                	slli	s2,s2,0x17
     21e:	0146                	slli	sp,sp,0x11
     220:	0000                	unimp
     222:	0231                	addi	tp,tp,12 # c <__boot_hart+0xc>
     224:	0000                	unimp
     226:	3101                	addiw	sp,sp,-32
     228:	0002                	c.slli64	zero
     22a:	0100                	addi	s0,sp,128
     22c:	0060                	addi	s0,sp,12
     22e:	0000                	unimp
     230:	0a00                	addi	s0,sp,272
     232:	00fd                	addi	ra,ra,31 # 401f <__stack_align+0x400f>
     234:	0000                	unimp
     236:	0004                	.insn	2, 0x0004
     238:	0000                	unimp
     23a:	0300                	addi	s0,sp,384
     23c:	095e                	slli	s2,s2,0x17
     23e:	0060                	addi	s0,sp,12
     240:	0000                	unimp
     242:	024c                	addi	a1,sp,260
     244:	0000                	unimp
     246:	6001                	.insn	2, 0x6001
     248:	0000                	unimp
     24a:	0000                	unimp
     24c:	b419                	j	fffffffffffffc52 <__heap_end+0xffffffff7ffdac52>
     24e:	01000007          	.insn	4, 0x01000007
     252:	050d                	addi	a0,a0,3 # fffffffffffe5003 <__heap_end+0xffffffff7ffc0003>
     254:	0046                	c.slli	zero,0x11
     256:	0000                	unimp
     258:	0230                	addi	a2,sp,264
     25a:	8000                	.insn	2, 0x8000
     25c:	0000                	unimp
     25e:	0000                	unimp
     260:	01f4                	addi	a3,sp,204
     262:	0000                	unimp
     264:	0000                	unimp
     266:	0000                	unimp
     268:	9c01                	subw	s0,s0,s0
     26a:	0455                	addi	s0,s0,21
     26c:	0000                	unimp
     26e:	2b05                	addiw	s6,s6,1
     270:	0002                	c.slli64	zero
     272:	0e00                	addi	s0,sp,784
     274:	550e                	lw	a0,224(sp)
     276:	0004                	.insn	2, 0x0004
     278:	0300                	addi	s0,sp,384
     27a:	d091                	beqz	s1,17e <__stack_align+0x16e>
     27c:	1a7e                	slli	s4,s4,0x3f
     27e:	004e                	c.slli	zero,0x13
     280:	1901                	addi	s2,s2,-32
     282:	00004d0f          	.insn	4, 0x4d0f
     286:	0400                	addi	s0,sp,512
     288:	0074641b          	.insn	4, 0x0074641b
     28c:	1a01                	addi	s4,s4,-32
     28e:	0000f60b          	.insn	4, 0xf60b
     292:	0400                	addi	s0,sp,512
     294:	cccd                	beqz	s1,34e <__stack_align+0x33e>
     296:	3dcc                	fld	fa1,184(a1)
     298:	6a1c                	ld	a5,16(a2)
     29a:	0002                	c.slli64	zero
     29c:	0100                	addi	s0,sp,128
     29e:	00f60b1b          	addiw	s6,a2,15
     2a2:	0000                	unimp
     2a4:	0004                	.insn	2, 0x0004
     2a6:	2000                	fld	fs0,0(s0)
     2a8:	0541                	addi	a0,a0,16
     2aa:	000001ef          	jal	gp,2aa <__stack_align+0x29a>
     2ae:	0b1e                	slli	s6,s6,0x7
     2b0:	0464                	addi	s1,sp,524
     2b2:	0000                	unimp
     2b4:	7dd09103          	lh	sp,2013(ra)
     2b8:	4905                	li	s2,1
     2ba:	0001                	nop
     2bc:	1e00                	addi	s0,sp,816
     2be:	6418                	ld	a4,8(s0)
     2c0:	0004                	.insn	2, 0x0004
     2c2:	0300                	addi	s0,sp,384
     2c4:	e091                	bnez	s1,2c8 <__stack_align+0x2b8>
     2c6:	0c7d                	addi	s8,s8,31 # fffffffffffe001f <__heap_end+0xffffffff7ffbb01f>
     2c8:	0b00706b          	.insn	4, 0x0b00706b
     2cc:	0464                	addi	s1,sp,524
     2ce:	0000                	unimp
     2d0:	7df09103          	lh	sp,2015(ra)
     2d4:	6b0c                	ld	a1,16(a4)
     2d6:	0069                	c.nop	26
     2d8:	6412                	ld	s0,256(sp)
     2da:	0004                	.insn	2, 0x0004
     2dc:	0300                	addi	s0,sp,384
     2de:	8091                	srli	s1,s1,0x4
     2e0:	0c7e                	slli	s8,s8,0x1f
     2e2:	1900646b          	.insn	4, 0x1900646b
     2e6:	0464                	addi	s1,sp,524
     2e8:	0000                	unimp
     2ea:	7e909103          	lh	sp,2025(ra)
     2ee:	cc05                	beqz	s0,326 <__stack_align+0x316>
     2f0:	0001                	nop
     2f2:	2000                	fld	fs0,0(s0)
     2f4:	0004640b          	.insn	4, 0x0004640b
     2f8:	0300                	addi	s0,sp,384
     2fa:	a091                	j	33e <__stack_align+0x32e>
     2fc:	057e                	slli	a0,a0,0x1f
     2fe:	015a                	slli	sp,sp,0x16
     300:	0000                	unimp
     302:	1620                	addi	s0,sp,808
     304:	0464                	addi	s1,sp,524
     306:	0000                	unimp
     308:	7eb09103          	lh	sp,2027(ra)
     30c:	7905                	lui	s2,0xfffe1
     30e:	0002                	c.slli64	zero
     310:	2000                	fld	fs0,0(s0)
     312:	00046423          	.insn	4, 0x00046423
     316:	0300                	addi	s0,sp,384
     318:	c091                	beqz	s1,31c <__stack_align+0x30c>
     31a:	1d7e                	slli	s10,s10,0x3f
     31c:	07a5                	addi	a5,a5,9
     31e:	0000                	unimp
     320:	2d01                	sext.w	s10,s10
     322:	00006013          	ori	zero,zero,0
     326:	0c00                	addi	s0,sp,528
     328:	0000                	unimp
     32a:	0700                	addi	s0,sp,896
     32c:	6e65                	lui	t3,0x19
     32e:	0064                	addi	s1,sp,12
     330:	1a2d                	addi	s4,s4,-21
     332:	0060                	addi	s0,sp,12
     334:	0000                	unimp
     336:	001a                	c.slli	zero,0x6
     338:	0000                	unimp
     33a:	006c7607          	.insn	4, 0x006c7607
     33e:	0c32                	slli	s8,s8,0xc
     340:	00000067          	jr	zero # 0 <__boot_hart>
     344:	00000027          	.insn	4, 0x0027
     348:	6405                	lui	s0,0x1
     34a:	0002                	c.slli64	zero
     34c:	3400                	fld	fs0,40(s0)
     34e:	4612                	lw	a2,4(sp)
     350:	0001                	nop
     352:	0200                	addi	s0,sp,256
     354:	7990                	ld	a2,48(a1)
     356:	00015303          	lhu	t1,0(sp)
     35a:	3500                	fld	fs0,40(a0)
     35c:	0146                	slli	sp,sp,0x11
     35e:	0000                	unimp
     360:	00022603          	lw	a2,0(tp) # 0 <__boot_hart>
     364:	3600                	fld	fs0,40(a2)
     366:	0146                	slli	sp,sp,0x11
     368:	0000                	unimp
     36a:	0001c703          	lbu	a4,0(gp) # 80005220 <__global_pointer$>
     36e:	3700                	fld	fs0,40(a4)
     370:	0146                	slli	sp,sp,0x11
     372:	0000                	unimp
     374:	0001ea03          	lwu	s4,0(gp) # 80005220 <__global_pointer$>
     378:	3800                	fld	fs0,48(s0)
     37a:	0146                	slli	sp,sp,0x11
     37c:	0000                	unimp
     37e:	8605                	srai	a2,a2,0x1
     380:	0002                	c.slli64	zero
     382:	3900                	fld	fs0,48(a0)
     384:	4612                	lw	a2,4(sp)
     386:	0001                	nop
     388:	0200                	addi	s0,sp,256
     38a:	7b90                	ld	a2,48(a5)
     38c:	00025a03          	lhu	s4,0(tp) # 0 <__boot_hart>
     390:	3a00                	fld	fs0,48(a2)
     392:	0146                	slli	sp,sp,0x11
     394:	0000                	unimp
     396:	0001a503          	lw	a0,0(gp) # 80005220 <__global_pointer$>
     39a:	3d00                	fld	fs0,56(a0)
     39c:	0146                	slli	sp,sp,0x11
     39e:	0000                	unimp
     3a0:	00002b03          	lw	s6,0(zero) # 0 <__boot_hart>
     3a4:	4100                	lw	s0,0(a0)
     3a6:	0146                	slli	sp,sp,0x11
     3a8:	0000                	unimp
     3aa:	00016303          	lwu	t1,0(sp)
     3ae:	4500                	lw	s0,8(a0)
     3b0:	0146                	slli	sp,sp,0x11
     3b2:	0000                	unimp
     3b4:	00027103          	.insn	4, 0x00027103
     3b8:	4700                	lw	s0,8(a4)
     3ba:	0146                	slli	sp,sp,0x11
     3bc:	0000                	unimp
     3be:	00028003          	lb	zero,0(t0)
     3c2:	4b00                	lw	s0,16(a4)
     3c4:	0146                	slli	sp,sp,0x11
     3c6:	0000                	unimp
     3c8:	0c1e                	slli	s8,s8,0x7
     3ca:	0000                	unimp
     3cc:	df00                	sw	s0,56(a4)
     3ce:	07000003          	lb	zero,112(zero) # 70 <__stack_align+0x60>
     3d2:	0069                	c.nop	26
     3d4:	0e22                	slli	t3,t3,0x8
     3d6:	0046                	c.slli	zero,0x11
     3d8:	0000                	unimp
     3da:	0034                	addi	a3,sp,8
     3dc:	0000                	unimp
     3de:	0d00                	addi	s0,sp,656
     3e0:	039c                	addi	a5,sp,448
     3e2:	8000                	.insn	2, 0x8000
     3e4:	0000                	unimp
     3e6:	0000                	unimp
     3e8:	0020                	addi	s0,sp,8
     3ea:	0000                	unimp
     3ec:	0000                	unimp
     3ee:	0000                	unimp
     3f0:	0402                	c.slli64	s0
     3f2:	0000                	unimp
     3f4:	59006907          	.insn	4, 0x59006907
     3f8:	460e                	lw	a2,192(sp)
     3fa:	0000                	unimp
     3fc:	7600                	ld	s0,40(a2)
     3fe:	0000                	unimp
     400:	0000                	unimp
     402:	d00d                	beqz	s0,324 <__stack_align+0x314>
     404:	00800003          	lb	zero,8(zero) # 8 <__boot_hart+0x8>
     408:	0000                	unimp
     40a:	3400                	fld	fs0,40(s0)
     40c:	0000                	unimp
     40e:	0000                	unimp
     410:	0000                	unimp
     412:	3900                	fld	fs0,48(a0)
     414:	0004                	.insn	2, 0x0004
     416:	0700                	addi	s0,sp,896
     418:	0069                	c.nop	26
     41a:	0e65                	addi	t3,t3,25 # 19019 <__stack_size+0x11019>
     41c:	0046                	c.slli	zero,0x11
     41e:	0000                	unimp
     420:	009f 0000 000e      	.insn	6, 0x000e0000009f
     426:	0004                	.insn	2, 0x0004
     428:	0080                	addi	s0,sp,64
     42a:	0000                	unimp
     42c:	0e00                	addi	s0,sp,784
     42e:	0001                	nop
     430:	0f00                	addi	s0,sp,912
     432:	5a01                	li	s4,-32
     434:	8302                	jr	t1
     436:	0000                	unimp
     438:	0e00                	addi	s0,sp,784
     43a:	03d0                	addi	a2,sp,452
     43c:	8000                	.insn	2, 0x8000
     43e:	0000                	unimp
     440:	0000                	unimp
     442:	010e                	slli	sp,sp,0x3
     444:	0000                	unimp
     446:	095a010f          	.insn	4, 0x095a010f
     44a:	00420003          	lb	zero,4(tp) # 4 <__boot_hart+0x4>
     44e:	0080                	addi	s0,sp,64
     450:	0000                	unimp
     452:	0000                	unimp
     454:	1f00                	addi	s0,sp,944
     456:	0102                	c.slli64	sp
     458:	0000                	unimp
     45a:	0464                	addi	s1,sp,524
     45c:	0000                	unimp
     45e:	6010                	ld	a2,0(s0)
     460:	0000                	unimp
     462:	0000                	unimp
     464:	f620                	sd	s0,104(a2)
     466:	0000                	unimp
     468:	1000                	addi	s0,sp,32
     46a:	0060                	addi	s0,sp,12
     46c:	0000                	unimp
     46e:	0000                	unimp
     470:	02cc                	addi	a1,sp,324
     472:	0000                	unimp
     474:	0005                	c.nop	1
     476:	0801                	addi	a6,a6,0
     478:	01be                	slli	gp,gp,0xf
     47a:	0000                	unimp
     47c:	0002c10f          	.insn	4, 0x0002c10f
     480:	1d00                	addi	s0,sp,688
     482:	00000183          	lb	gp,0(zero) # 0 <__boot_hart>
     486:	000001af          	.insn	4, 0x01af
     48a:	3c64                	fld	fs1,248(s0)
     48c:	8000                	.insn	2, 0x8000
     48e:	0000                	unimp
     490:	0000                	unimp
     492:	0220                	addi	s0,sp,264
     494:	0000                	unimp
     496:	0000                	unimp
     498:	0000                	unimp
     49a:	045a                	slli	s0,s0,0x16
     49c:	0000                	unimp
     49e:	1001                	c.nop	-32
     4a0:	7c04                	ld	s1,56(s0)
     4a2:	0004                	.insn	2, 0x0004
     4a4:	0100                	addi	s0,sp,128
     4a6:	0510                	addi	a2,sp,640
     4a8:	000003e7          	jalr	t2,zero # 0 <__boot_hart>
     4ac:	1001                	c.nop	-32
     4ae:	0002af07          	flw	ft10,0(t0)
     4b2:	0100                	addi	s0,sp,128
     4b4:	0508                	addi	a0,sp,640
     4b6:	0251                	addi	tp,tp,20 # 14 <__stack_align+0x4>
     4b8:	0000                	unimp
     4ba:	0101                	addi	sp,sp,0
     4bc:	8706                	mv	a4,ra
     4be:	0001                	nop
     4c0:	1000                	addi	s0,sp,32
     4c2:	0504                	addi	s1,sp,640
     4c4:	6e69                	lui	t3,0x1a
     4c6:	0074                	addi	a3,sp,12
     4c8:	0101                	addi	sp,sp,0
     4ca:	8508                	.insn	2, 0x8508
     4cc:	0001                	nop
     4ce:	0100                	addi	s0,sp,128
     4d0:	0704                	addi	s1,sp,896
     4d2:	0202                	c.slli64	tp
     4d4:	0000                	unimp
     4d6:	0801                	addi	a6,a6,0
     4d8:	0001fd07          	.insn	4, 0x0001fd07
     4dc:	0800                	addi	s0,sp,16
     4de:	03a5                	addi	t2,t2,9
     4e0:	0000                	unimp
     4e2:	4402                	lw	s0,0(sp)
     4e4:	0078                	addi	a4,sp,12
     4e6:	0000                	unimp
     4e8:	0801                	addi	a6,a6,0
     4ea:	8104                	.insn	2, 0x8104
     4ec:	0004                	.insn	2, 0x0004
     4ee:	0500                	addi	s0,sp,640
     4f0:	0208                	addi	a0,sp,256
     4f2:	b1c6                	fsd	fa7,224(sp)
     4f4:	0000                	unimp
     4f6:	0400                	addi	s0,sp,512
     4f8:	0434                	addi	a3,sp,520
     4fa:	0000                	unimp
     4fc:	cd02                	sw	zero,152(sp)
     4fe:	b110                	fsd	fa2,32(a0)
     500:	0000                	unimp
     502:	3400                	fld	fs0,40(s0)
     504:	0900                	addi	s0,sp,144
     506:	7865                	lui	a6,0xffff9
     508:	0070                	addi	a2,sp,12
     50a:	ce02                	sw	zero,28(sp)
     50c:	005f 0000 340b      	.insn	6, 0x340b0000005f
     512:	7704                	ld	s1,40(a4)
     514:	0004                	.insn	2, 0x0004
     516:	0200                	addi	s0,sp,256
     518:	005f0ecf          	fnmadd.s	ft9,ft10,ft5,ft0,rne
     51c:	0000                	unimp
     51e:	3f01                	addiw	t5,t5,-32 # 19fe0 <__stack_size+0x11fe0>
     520:	0100                	addi	s0,sp,128
     522:	0708                	addi	a0,sp,896
     524:	01f8                	addi	a4,sp,204
     526:	0000                	unimp
     528:	520a                	lw	tp,160(sp)
     52a:	0004                	.insn	2, 0x0004
     52c:	0800                	addi	s0,sp,16
     52e:	c302                	sw	zero,132(sp)
     530:	000000db          	.insn	4, 0x00db
     534:	746c660b          	.insn	4, 0x746c660b
     538:	0200                	addi	s0,sp,256
     53a:	6dc5                	lui	s11,0x11
     53c:	0000                	unimp
     53e:	0600                	addi	s0,sp,768
     540:	0488                	addi	a0,sp,576
     542:	0000                	unimp
     544:	d102                	sw	zero,160(sp)
     546:	007f 0000 0800 03c1 	.insn	10, 0x03c108000000007f
     54e:	0000 
     550:	002e4503          	lbu	a0,2(t3) # 1a002 <__stack_size+0x12002>
     554:	0000                	unimp
     556:	1005                	c.nop	-31
     558:	0103cc03          	lbu	s8,16(t2)
     55c:	0000                	unimp
     55e:	610c                	ld	a1,0(a0)
     560:	ce00                	sw	s0,24(a2)
     562:	b110                	fsd	fa2,32(a0)
     564:	0000                	unimp
     566:	0000                	unimp
     568:	620c                	ld	a1,0(a2)
     56a:	ce00                	sw	s0,24(a2)
     56c:	0000b113          	sltiu	sp,ra,0
     570:	0800                	addi	s0,sp,16
     572:	0500                	addi	s0,sp,640
     574:	0310                	addi	a2,sp,384
     576:	43d0                	lw	a2,4(a5)
     578:	0001                	nop
     57a:	0400                	addi	s0,sp,512
     57c:	0399                	addi	t2,t2,6
     57e:	0000                	unimp
     580:	b110d803          	lhu	a6,-1263(ra)
     584:	0000                	unimp
     586:	4000                	lw	s0,0(s0)
     588:	0400                	addi	s0,sp,512
     58a:	039f 0000 d903      	.insn	6, 0xd9030000039f
     590:	b110                	fsd	fa2,32(a0)
     592:	0000                	unimp
     594:	3000                	fld	fs0,32(s0)
     596:	0940                	addi	s0,sp,148
     598:	7865                	lui	a6,0xffff9
     59a:	0070                	addi	a2,sp,12
     59c:	005fda03          	lhu	s4,5(t6)
     5a0:	0000                	unimp
     5a2:	7704700f          	.insn	4, 0x7704700f
     5a6:	0004                	.insn	2, 0x0004
     5a8:	0300                	addi	s0,sp,384
     5aa:	005f0edb          	.insn	4, 0x005f0edb
     5ae:	0000                	unimp
     5b0:	7f01                	lui	t5,0xfffe0
     5b2:	0a00                	addi	s0,sp,272
     5b4:	0000046b          	.insn	4, 0x046b
     5b8:	0310                	addi	a2,sp,384
     5ba:	71c9                	lui	gp,0xffff2
     5bc:	0001                	nop
     5be:	0b00                	addi	s0,sp,400
     5c0:	6c66                	ld	s8,88(sp)
     5c2:	0074                	addi	a3,sp,12
     5c4:	00dbcb03          	lbu	s6,13(s7) # 1d00d <__stack_size+0x1500d>
     5c8:	0000                	unimp
     5ca:	9306                	add	t1,t1,ra
     5cc:	03000003          	lb	zero,48(zero) # 30 <__stack_align+0x20>
     5d0:	0000e6cf          	fnmadd.s	fa3,ft1,ft0,ft0,unknown
     5d4:	0600                	addi	s0,sp,768
     5d6:	0488                	addi	a0,sp,576
     5d8:	0000                	unimp
     5da:	0103dd03          	lhu	s10,16(t2)
     5de:	0000                	unimp
     5e0:	1100                	addi	s0,sp,160
     5e2:	045e                	slli	s0,s0,0x17
     5e4:	0000                	unimp
     5e6:	2201                	sext.w	tp,tp
     5e8:	6d01                	.insn	2, 0x6d01
     5ea:	0000                	unimp
     5ec:	6400                	ld	s0,8(s0)
     5ee:	003c                	addi	a5,sp,8
     5f0:	0080                	addi	s0,sp,64
     5f2:	0000                	unimp
     5f4:	2000                	fld	fs0,0(s0)
     5f6:	0002                	c.slli64	zero
     5f8:	0000                	unimp
     5fa:	0000                	unimp
     5fc:	0100                	addi	s0,sp,128
     5fe:	c89c                	sw	a5,16(s1)
     600:	0002                	c.slli64	zero
     602:	1200                	addi	s0,sp,288
     604:	0061                	c.nop	24
     606:	2201                	sext.w	tp,tp
     608:	db16                	sw	t0,180(sp)
     60a:	0000                	unimp
     60c:	c500                	sw	s0,8(a0)
     60e:	0000                	unimp
     610:	0200                	addi	s0,sp,256
     612:	03f0                	addi	a2,sp,460
     614:	0000                	unimp
     616:	5124                	lw	s1,96(a0)
     618:	0000                	unimp
     61a:	0100                	addi	s0,sp,128
     61c:	0001                	nop
     61e:	0200                	addi	s0,sp,256
     620:	048d                	addi	s1,s1,3
     622:	0000                	unimp
     624:	5124                	lw	s1,96(a0)
     626:	0000                	unimp
     628:	5000                	lw	s0,32(s0)
     62a:	0001                	nop
     62c:	0d00                	addi	s0,sp,656
     62e:	5f41                	li	t5,-16
     630:	c8250063          	beq	a0,sp,fffffffffffffab0 <__heap_end+0xffffffff7ffdaab0>
     634:	0002                	c.slli64	zero
     636:	0300                	addi	s0,sp,384
     638:	5f41                	li	t5,-16
     63a:	03250073          	.insn	4, 0x03250073
     63e:	02c8                	addi	a0,sp,324
     640:	0000                	unimp
     642:	015e                	slli	sp,sp,0x17
     644:	0000                	unimp
     646:	655f4103          	lbu	sp,1621(t5) # fffffffffffe0655 <__heap_end+0xffffffff7ffbb655>
     64a:	2500                	fld	fs0,8(a0)
     64c:	0002c803          	lbu	a6,0(t0)
     650:	6c00                	ld	s0,24(s0)
     652:	0001                	nop
     654:	0200                	addi	s0,sp,256
     656:	03dd                	addi	t2,t2,23
     658:	0000                	unimp
     65a:	b125                	j	282 <__stack_align+0x272>
     65c:	0000                	unimp
     65e:	b200                	fsd	fs0,32(a2)
     660:	0001                	nop
     662:	0200                	addi	s0,sp,256
     664:	03e2                	slli	t2,t2,0x18
     666:	0000                	unimp
     668:	b125                	j	290 <__stack_align+0x280>
     66a:	0000                	unimp
     66c:	0800                	addi	s0,sp,16
     66e:	0002                	c.slli64	zero
     670:	0d00                	addi	s0,sp,656
     672:	5f52                	lw	t5,52(sp)
     674:	c8260063          	beq	a2,sp,fffffffffffffaf4 <__heap_end+0xffffffff7ffdaaf4>
     678:	0002                	c.slli64	zero
     67a:	0300                	addi	s0,sp,384
     67c:	5f52                	lw	t5,52(sp)
     67e:	03260073          	.insn	4, 0x03260073
     682:	02c8                	addi	a0,sp,324
     684:	0000                	unimp
     686:	0242                	slli	tp,tp,0x10
     688:	0000                	unimp
     68a:	655f5203          	lhu	tp,1621(t5)
     68e:	2600                	fld	fs0,8(a2)
     690:	0002c803          	lbu	a6,0(t0)
     694:	5000                	lw	s0,32(s0)
     696:	0002                	c.slli64	zero
     698:	0300                	addi	s0,sp,384
     69a:	5f52                	lw	t5,52(sp)
     69c:	0066                	c.slli	zero,0x19
     69e:	0326                	slli	t1,t1,0x9
     6a0:	00b1                	addi	ra,ra,12
     6a2:	0000                	unimp
     6a4:	02b0                	addi	a2,sp,328
     6a6:	0000                	unimp
     6a8:	27007203          	.insn	4, 0x27007203
     6ac:	6d0a                	ld	s10,128(sp)
     6ae:	0000                	unimp
     6b0:	3000                	fld	fs0,32(s0)
     6b2:	0e000003          	lb	zero,224(zero) # e0 <__stack_align+0xd0>
     6b6:	0035                	c.nop	13
     6b8:	0000                	unimp
     6ba:	0259                	addi	tp,tp,22 # 16 <__stack_align+0x6>
     6bc:	0000                	unimp
     6be:	00041f07          	.insn	4, 0x00041f07
     6c2:	2a00                	fld	fs0,16(a2)
     6c4:	00000143          	fmadd.s	ft2,ft0,ft0,ft0,rne
     6c8:	0e00                	addi	s0,sp,784
     6ca:	003c                	addi	a5,sp,8
     6cc:	0000                	unimp
     6ce:	000002ab          	.insn	4, 0x02ab
     6d2:	3902                	fld	fs2,32(sp)
     6d4:	0004                	.insn	2, 0x0004
     6d6:	3000                	fld	fs0,32(s0)
     6d8:	0051                	c.nop	20
     6da:	0000                	unimp
     6dc:	0338                	addi	a4,sp,392
     6de:	0000                	unimp
     6e0:	00005113          	srli	sp,zero,0x0
     6e4:	0700                	addi	s0,sp,896
     6e6:	040a                	slli	s0,s0,0x2
     6e8:	0000                	unimp
     6ea:	c830                	sw	a2,80(s0)
     6ec:	0002                	c.slli64	zero
     6ee:	0200                	addi	s0,sp,256
     6f0:	03c8                	addi	a0,sp,452
     6f2:	0000                	unimp
     6f4:	c830                	sw	a2,80(s0)
     6f6:	0002                	c.slli64	zero
     6f8:	5e00                	lw	s0,56(a2)
     6fa:	02000003          	lb	zero,32(zero) # 20 <__stack_align+0x10>
     6fe:	03f5                	addi	t2,t2,29
     700:	0000                	unimp
     702:	c830                	sw	a2,80(s0)
     704:	0002                	c.slli64	zero
     706:	6d00                	ld	s0,24(a0)
     708:	02000003          	lb	zero,32(zero) # 20 <__stack_align+0x10>
     70c:	03ac                	addi	a1,sp,456
     70e:	0000                	unimp
     710:	b130                	fsd	fa2,96(a0)
     712:	0000                	unimp
     714:	7e00                	ld	s0,56(a2)
     716:	00000003          	lb	zero,0(zero) # 0 <__boot_hart>
     71a:	1400                	addi	s0,sp,544
     71c:	3da0                	fld	fs0,120(a1)
     71e:	8000                	.insn	2, 0x8000
     720:	0000                	unimp
     722:	0000                	unimp
     724:	0016                	c.slli	zero,0x5
     726:	0000                	unimp
     728:	0000                	unimp
     72a:	0000                	unimp
     72c:	00038007          	.insn	4, 0x00038007
     730:	3000                	fld	fs0,32(s0)
     732:	00b8                	addi	a4,sp,72
     734:	0000                	unimp
     736:	0000                	unimp
     738:	0801                	addi	a6,a6,0 # ffffffffffff9000 <__heap_end+0xffffffff7ffd4000>
     73a:	4c05                	li	s8,1
     73c:	0002                	c.slli64	zero
     73e:	0000                	unimp
     740:	00cd                	addi	ra,ra,19
     742:	0000                	unimp
     744:	0005                	c.nop	1
     746:	0801                	addi	a6,a6,0
     748:	0301                	addi	t1,t1,0 # 19152 <__stack_size+0x11152>
     74a:	0000                	unimp
     74c:	9e02                	jalr	t3
     74e:	0004                	.insn	2, 0x0004
     750:	1d00                	addi	s0,sp,688
     752:	02a5                	addi	t0,t0,9
     754:	0000                	unimp
     756:	0275                	addi	tp,tp,29 # 1d <__stack_align+0xd>
     758:	0000                	unimp
     75a:	3e84                	fld	fs1,56(a3)
     75c:	8000                	.insn	2, 0x8000
     75e:	0000                	unimp
     760:	0000                	unimp
     762:	0014                	.insn	2, 0x0014
     764:	0000                	unimp
     766:	0000                	unimp
     768:	0000                	unimp
     76a:	0bff 0000 0403 6905 	.insn	10, 0x746e6905040300000bff
     772:	746e 
     774:	0100                	addi	s0,sp,128
     776:	0508                	addi	a0,sp,640
     778:	0251                	addi	tp,tp,20 # 14 <__stack_align+0x4>
     77a:	0000                	unimp
     77c:	0801                	addi	a6,a6,0
     77e:	0001fd07          	.insn	4, 0x0001fd07
     782:	0100                	addi	s0,sp,128
     784:	0508                	addi	a0,sp,640
     786:	024c                	addi	a1,sp,260
     788:	0000                	unimp
     78a:	1001                	c.nop	-32
     78c:	7c04                	ld	s1,56(s0)
     78e:	0004                	.insn	2, 0x0004
     790:	0100                	addi	s0,sp,128
     792:	0704                	addi	s1,sp,896
     794:	0202                	c.slli64	tp
     796:	0000                	unimp
     798:	0101                	addi	sp,sp,0
     79a:	8706                	mv	a4,ra
     79c:	0001                	nop
     79e:	0100                	addi	s0,sp,128
     7a0:	0801                	addi	a6,a6,0
     7a2:	0185                	addi	gp,gp,1 # ffffffffffff2001 <__heap_end+0xffffffff7ffcd001>
     7a4:	0000                	unimp
     7a6:	0201                	addi	tp,tp,0 # 0 <__boot_hart>
     7a8:	d305                	beqz	a4,6c8 <__stack_align+0x6b8>
     7aa:	0001                	nop
     7ac:	0100                	addi	s0,sp,128
     7ae:	0702                	c.slli64	a4
     7b0:	000001ab          	.insn	4, 0x01ab
     7b4:	0101                	addi	sp,sp,0
     7b6:	8e08                	.insn	2, 0x8e08
     7b8:	0001                	nop
     7ba:	0100                	addi	s0,sp,128
     7bc:	0708                	addi	a0,sp,896
     7be:	01f8                	addi	a4,sp,204
     7c0:	0000                	unimp
     7c2:	2c04                	fld	fs1,24(s0)
     7c4:	0005                	c.nop	1
     7c6:	0200                	addi	s0,sp,256
     7c8:	008e0d13          	addi	s10,t3,8
     7cc:	0000                	unimp
     7ce:	0805                	addi	a6,a6,1
     7d0:	002e                	c.slli	zero,0xb
     7d2:	0000                	unimp
     7d4:	9206                	add	tp,tp,ra
     7d6:	0004                	.insn	2, 0x0004
     7d8:	0100                	addi	s0,sp,128
     7da:	0504                	addi	s1,sp,640
     7dc:	002e                	c.slli	zero,0xb
     7de:	0000                	unimp
     7e0:	3e84                	fld	fs1,56(a3)
     7e2:	8000                	.insn	2, 0x8000
     7e4:	0000                	unimp
     7e6:	0000                	unimp
     7e8:	0014                	.insn	2, 0x0014
     7ea:	0000                	unimp
     7ec:	0000                	unimp
     7ee:	0000                	unimp
     7f0:	9c01                	subw	s0,s0,s0
     7f2:	00049907          	.insn	4, 0x00049907
     7f6:	0100                	addi	s0,sp,128
     7f8:	1004                	addi	s1,sp,32
     7fa:	002e                	c.slli	zero,0xb
     7fc:	0000                	unimp
     7fe:	03a0                	addi	s0,sp,456
     800:	0000                	unimp
     802:	8c08                	.insn	2, 0x8c08
     804:	003e                	c.slli	zero,0xf
     806:	0080                	addi	s0,sp,64
     808:	0000                	unimp
     80a:	8200                	.insn	2, 0x8200
     80c:	0000                	unimp
     80e:	0000                	unimp
     810:	e000                	sd	s0,0(s0)
     812:	0000                	unimp
     814:	0500                	addi	s0,sp,640
     816:	0100                	addi	s0,sp,128
     818:	7e08                	ld	a0,56(a2)
     81a:	04000003          	lb	zero,64(zero) # 40 <__stack_align+0x30>
     81e:	049e                	slli	s1,s1,0x7
     820:	0000                	unimp
     822:	101d                	c.nop	-25
     824:	75000003          	lb	zero,1872(zero) # 750 <__stack_align+0x740>
     828:	0002                	c.slli64	zero
     82a:	9800                	.insn	2, 0x9800
     82c:	003e                	c.slli	zero,0xf
     82e:	0080                	addi	s0,sp,64
     830:	0000                	unimp
     832:	2200                	fld	fs0,0(a2)
     834:	0000                	unimp
     836:	0000                	unimp
     838:	0000                	unimp
     83a:	9500                	.insn	2, 0x9500
     83c:	000c                	.insn	2, 0x000c
     83e:	0100                	addi	s0,sp,128
     840:	0508                	addi	a0,sp,640
     842:	0251                	addi	tp,tp,20 # 14 <__stack_align+0x4>
     844:	0000                	unimp
     846:	0801                	addi	a6,a6,0
     848:	0001fd07          	.insn	4, 0x0001fd07
     84c:	0500                	addi	s0,sp,640
     84e:	0504                	addi	s1,sp,640
     850:	6e69                	lui	t3,0x1a
     852:	0074                	addi	a3,sp,12
     854:	0801                	addi	a6,a6,0
     856:	4c05                	li	s8,1
     858:	0002                	c.slli64	zero
     85a:	0100                	addi	s0,sp,128
     85c:	0410                	addi	a2,sp,512
     85e:	047c                	addi	a5,sp,524
     860:	0000                	unimp
     862:	0101                	addi	sp,sp,0
     864:	8706                	mv	a4,ra
     866:	0001                	nop
     868:	0100                	addi	s0,sp,128
     86a:	0801                	addi	a6,a6,0
     86c:	0185                	addi	gp,gp,1 # 80005221 <__global_pointer$+0x1>
     86e:	0000                	unimp
     870:	0201                	addi	tp,tp,0 # 0 <__boot_hart>
     872:	d305                	beqz	a4,792 <__stack_align+0x782>
     874:	0001                	nop
     876:	0100                	addi	s0,sp,128
     878:	0702                	c.slli64	a4
     87a:	000001ab          	.insn	4, 0x01ab
     87e:	0401                	addi	s0,s0,0 # 1000 <__stack_align+0xff0>
     880:	00020207          	.insn	4, 0x00020207
     884:	0200                	addi	s0,sp,256
     886:	0000054f          	fnmadd.s	fa0,ft0,ft0,ft0,rne
     88a:	6902                	ld	s2,0(sp)
     88c:	3519                	addiw	a0,a0,-26
     88e:	0000                	unimp
     890:	0200                	addi	s0,sp,256
     892:	0551                	addi	a0,a0,20
     894:	0000                	unimp
     896:	74143c03          	ld	s8,1857(s0)
     89a:	0000                	unimp
     89c:	0600                	addi	s0,sp,768
     89e:	0080                	addi	s0,sp,64
     8a0:	0000                	unimp
     8a2:	0101                	addi	sp,sp,0
     8a4:	8e08                	.insn	2, 0x8e08
     8a6:	0001                	nop
     8a8:	0300                	addi	s0,sp,384
     8aa:	0534                	addi	a3,sp,648
     8ac:	0000                	unimp
     8ae:	8c06                	mv	s8,ra
     8b0:	0000                	unimp
     8b2:	0300                	addi	s0,sp,384
     8b4:	0541                	addi	a0,a0,16
     8b6:	0000                	unimp
     8b8:	00008c07          	.insn	4, 0x8c07
     8bc:	0700                	addi	s0,sp,896
     8be:	0000053b          	addw	a0,zero,zero
     8c2:	0401                	addi	s0,s0,0
     8c4:	9821                	andi	s0,s0,-24
     8c6:	003e                	c.slli	zero,0xf
     8c8:	0080                	addi	s0,sp,64
     8ca:	0000                	unimp
     8cc:	2200                	fld	fs0,0(a2)
     8ce:	0000                	unimp
     8d0:	0000                	unimp
     8d2:	0000                	unimp
     8d4:	0100                	addi	s0,sp,128
     8d6:	089c                	addi	a5,sp,80
     8d8:	054a                	slli	a0,a0,0x12
     8da:	0000                	unimp
     8dc:	0401                	addi	s0,s0,0
     8de:	00003c2b          	.insn	4, 0x3c2b
     8e2:	0100                	addi	s0,sp,128
     8e4:	095a                	slli	s2,s2,0x16
     8e6:	00646d63          	bltu	s0,t1,900 <__stack_align+0x8f0>
     8ea:	0601                	addi	a2,a2,0
     8ec:	800e                	c.mv	zero,gp
     8ee:	0000                	unimp
     8f0:	0100                	addi	s0,sp,128
     8f2:	005f da00 0002      	.insn	6, 0x0002da00005f
     8f8:	0500                	addi	s0,sp,640
     8fa:	0100                	addi	s0,sp,128
     8fc:	1108                	addi	a0,sp,160
     8fe:	0004                	.insn	2, 0x0004
     900:	0600                	addi	s0,sp,768
     902:	049e                	slli	s1,s1,0x7
     904:	0000                	unimp
     906:	9c1d                	subw	s0,s0,a5
     908:	75000003          	lb	zero,1872(zero) # 750 <__stack_align+0x740>
     90c:	0002                	c.slli64	zero
     90e:	ba00                	fsd	fs0,48(a2)
     910:	003e                	c.slli	zero,0xf
     912:	0080                	addi	s0,sp,64
     914:	0000                	unimp
     916:	1400                	addi	s0,sp,544
     918:	0000                	unimp
     91a:	0000                	unimp
     91c:	0000                	unimp
     91e:	5400                	lw	s0,40(s0)
     920:	000d                	c.nop	3
     922:	0700                	addi	s0,sp,896
     924:	0504                	addi	s1,sp,640
     926:	6e69                	lui	t3,0x1a
     928:	0074                	addi	a3,sp,12
     92a:	51050803          	lb	a6,1296(a0)
     92e:	0002                	c.slli64	zero
     930:	0300                	addi	s0,sp,384
     932:	0708                	addi	a0,sp,896
     934:	01fd                	addi	gp,gp,31 # 8000523f <__global_pointer$+0x1f>
     936:	0000                	unimp
     938:	4c050803          	lb	a6,1216(a0)
     93c:	0002                	c.slli64	zero
     93e:	0300                	addi	s0,sp,384
     940:	0410                	addi	a2,sp,512
     942:	047c                	addi	a5,sp,524
     944:	0000                	unimp
     946:	02070403          	lb	s0,32(a4)
     94a:	0002                	c.slli64	zero
     94c:	0300                	addi	s0,sp,384
     94e:	0601                	addi	a2,a2,0
     950:	00000187          	.insn	4, 0x0187
     954:	85080103          	lb	sp,-1968(a6)
     958:	0001                	nop
     95a:	0300                	addi	s0,sp,384
     95c:	0502                	c.slli64	a0
     95e:	000001d3          	fadd.s	ft3,ft0,ft0,rne
     962:	ab070203          	lb	tp,-1360(a4)
     966:	0001                	nop
     968:	0100                	addi	s0,sp,128
     96a:	05d2                	slli	a1,a1,0x14
     96c:	0000                	unimp
     96e:	4f02                	lw	t5,0(sp)
     970:	5119                	li	sp,-26
     972:	0000                	unimp
     974:	0100                	addi	s0,sp,128
     976:	05f1                	addi	a1,a1,28
     978:	0000                	unimp
     97a:	350e1e03          	lh	t3,848(t3) # 1a350 <__stack_size+0x12350>
     97e:	0000                	unimp
     980:	0100                	addi	s0,sp,128
     982:	05e5                	addi	a1,a1,25
     984:	0000                	unimp
     986:	350e2203          	lw	tp,848(t3)
     98a:	0000                	unimp
     98c:	0100                	addi	s0,sp,128
     98e:	0614                	addi	a3,sp,768
     990:	0000                	unimp
     992:	350e2e03          	lw	t3,848(t3)
     996:	0000                	unimp
     998:	0100                	addi	s0,sp,128
     99a:	059f 0000 3803      	.insn	6, 0x38030000059f
     9a0:	0000660f          	.insn	4, 0x660f
     9a4:	0100                	addi	s0,sp,128
     9a6:	055a                	slli	a0,a0,0x16
     9a8:	0000                	unimp
     9aa:	6d183c03          	ld	s8,1745(a6)
     9ae:	0000                	unimp
     9b0:	0100                	addi	s0,sp,128
     9b2:	0000060b          	.insn	4, 0x060b
     9b6:	6d183f03          	ld	t5,1745(a6)
     9ba:	0000                	unimp
     9bc:	0100                	addi	s0,sp,128
     9be:	0000063b          	addw	a2,zero,zero
     9c2:	6d184b03          	lbu	s6,1745(a6)
     9c6:	0000                	unimp
     9c8:	0100                	addi	s0,sp,128
     9ca:	0632                	slli	a2,a2,0xc
     9cc:	0000                	unimp
     9ce:	74145a03          	lhu	s4,1857(s0)
     9d2:	0000                	unimp
     9d4:	0100                	addi	s0,sp,128
     9d6:	00000613          	li	a2,0
     9da:	98106603          	lwu	a2,-1663(zero) # fffffffffffff981 <__heap_end+0xffffffff7ffda981>
     9de:	0000                	unimp
     9e0:	0100                	addi	s0,sp,128
     9e2:	05c8                	addi	a0,sp,708
     9e4:	0000                	unimp
     9e6:	6d18d503          	lhu	a0,1745(a7) # fffffffffffed6d1 <__heap_end+0xffffffff7ffc86d1>
     9ea:	0000                	unimp
     9ec:	0300                	addi	s0,sp,384
     9ee:	0801                	addi	a6,a6,0
     9f0:	018e                	slli	gp,gp,0x3
     9f2:	0000                	unimp
     9f4:	f8070803          	lb	a6,-128(a4)
     9f8:	0001                	nop
     9fa:	0100                	addi	s0,sp,128
     9fc:	000005f3          	.insn	4, 0x05f3
     a00:	6104                	ld	s1,0(a0)
     a02:	8014                	.insn	2, 0x8014
     a04:	0000                	unimp
     a06:	0100                	addi	s0,sp,128
     a08:	000005e7          	jalr	a1,zero # 0 <__boot_hart>
     a0c:	6604                	ld	s1,8(a2)
     a0e:	8c15                	sub	s0,s0,a3
     a10:	0000                	unimp
     a12:	0100                	addi	s0,sp,128
     a14:	05c1                	addi	a1,a1,16
     a16:	0000                	unimp
     a18:	7104                	ld	s1,32(a0)
     a1a:	3512                	fld	fa0,288(sp)
     a1c:	0000                	unimp
     a1e:	0100                	addi	s0,sp,128
     a20:	063d                	addi	a2,a2,15
     a22:	0000                	unimp
     a24:	8904                	.insn	2, 0x8904
     a26:	c812                	sw	tp,16(sp)
     a28:	0000                	unimp
     a2a:	0100                	addi	s0,sp,128
     a2c:	0615                	addi	a2,a2,5
     a2e:	0000                	unimp
     a30:	9b04                	.insn	2, 0x9b04
     a32:	e012                	sd	tp,0(sp)
     a34:	0000                	unimp
     a36:	0100                	addi	s0,sp,128
     a38:	05a1                	addi	a1,a1,8
     a3a:	0000                	unimp
     a3c:	9f04                	.insn	2, 0x9f04
     a3e:	a412                	fsd	ft4,8(sp)
     a40:	0000                	unimp
     a42:	0100                	addi	s0,sp,128
     a44:	055c                	addi	a5,sp,644
     a46:	0000                	unimp
     a48:	a304                	fsd	fs1,0(a4)
     a4a:	b012                	fsd	ft4,32(sp)
     a4c:	0000                	unimp
     a4e:	0100                	addi	s0,sp,128
     a50:	060d                	addi	a2,a2,3
     a52:	0000                	unimp
     a54:	a704                	fsd	fs1,8(a4)
     a56:	bc12                	fsd	ft4,56(sp)
     a58:	0000                	unimp
     a5a:	0100                	addi	s0,sp,128
     a5c:	0634                	addi	a3,sp,776
     a5e:	0000                	unimp
     a60:	bb04                	fsd	fs1,48(a4)
     a62:	d412                	sw	tp,40(sp)
     a64:	0000                	unimp
     a66:	0100                	addi	s0,sp,128
     a68:	05ca                	slli	a1,a1,0x12
     a6a:	0000                	unimp
     a6c:	c004                	sw	s1,0(s0)
     a6e:	0000ec13          	ori	s8,ra,0
     a72:	0400                	addi	s0,sp,512
     a74:	0622                	slli	a2,a2,0x8
     a76:	0000                	unimp
     a78:	0510                	addi	a2,sp,640
     a7a:	0001a52f          	amoadd.w	a0,zero,(gp)
     a7e:	0200                	addi	s0,sp,256
     a80:	0000061b          	sext.w	a2,zero
     a84:	3005                	.insn	2, 0x3005
     a86:	1e09                	addi	t3,t3,-30
     a88:	0001                	nop
     a8a:	0000                	unimp
     a8c:	6b02                	ld	s6,0(sp)
     a8e:	0005                	c.nop	1
     a90:	0500                	addi	s0,sp,640
     a92:	0731                	addi	a4,a4,12
     a94:	0035                	c.nop	13
     a96:	0000                	unimp
     a98:	0008                	.insn	2, 0x0008
     a9a:	2d04                	fld	fs1,24(a0)
     a9c:	0006                	c.slli	zero,0x1
     a9e:	6800                	ld	s0,16(s0)
     aa0:	1b06                	slli	s6,s6,0x21
     aa2:	0268                	addi	a0,sp,268
     aa4:	0000                	unimp
     aa6:	4302                	lw	t1,0(sp)
     aa8:	0006                	c.slli	zero,0x1
     aaa:	0600                	addi	s0,sp,768
     aac:	0a1d                	addi	s4,s4,7
     aae:	0142                	slli	sp,sp,0x10
     ab0:	0000                	unimp
     ab2:	0200                	addi	s0,sp,256
     ab4:	00000583          	lb	a1,0(zero) # 0 <__boot_hart>
     ab8:	1e06                	slli	t3,t3,0x21
     aba:	2a0a                	fld	fs4,128(sp)
     abc:	0001                	nop
     abe:	0200                	addi	s0,sp,256
     ac0:	b102                	fsd	ft0,160(sp)
     ac2:	0005                	c.nop	1
     ac4:	0600                	addi	s0,sp,768
     ac6:	0a1f 0166 0000      	.insn	6, 0x01660a1f
     acc:	0204                	addi	s1,sp,256
     ace:	0562                	slli	a0,a0,0x18
     ad0:	0000                	unimp
     ad2:	2006                	fld	ft0,64(sp)
     ad4:	0001720b          	.insn	4, 0x0001720b
     ad8:	0800                	addi	s0,sp,16
     ada:	0402                	c.slli64	s0
     adc:	0006                	c.slli	zero,0x1
     ade:	0600                	addi	s0,sp,768
     ae0:	0a21                	addi	s4,s4,8
     ae2:	014e                	slli	sp,sp,0x13
     ae4:	0000                	unimp
     ae6:	020a                	slli	tp,tp,0x2
     ae8:	064a                	slli	a2,a2,0x12
     aea:	0000                	unimp
     aec:	2206                	fld	ft4,64(sp)
     aee:	5a0a                	lw	s4,160(sp)
     af0:	0001                	nop
     af2:	0c00                	addi	s0,sp,528
     af4:	dd02                	sw	zero,184(sp)
     af6:	0005                	c.nop	1
     af8:	0600                	addi	s0,sp,768
     afa:	01420a23          	sb	s4,20(tp) # 14 <__stack_align+0x4>
     afe:	0000                	unimp
     b00:	020e                	slli	tp,tp,0x3
     b02:	00000573          	.insn	4, 0x0573
     b06:	2406                	fld	fs0,64(sp)
     b08:	360a                	fld	fa2,160(sp)
     b0a:	0001                	nop
     b0c:	1000                	addi	s0,sp,32
     b0e:	b902                	fsd	ft0,176(sp)
     b10:	0005                	c.nop	1
     b12:	0600                	addi	s0,sp,768
     b14:	132a                	slli	t1,t1,0x2a
     b16:	017e                	slli	sp,sp,0x1f
     b18:	0000                	unimp
     b1a:	0218                	addi	a4,sp,256
     b1c:	0000057b          	.insn	4, 0x057b
     b20:	2b06                	fld	fs6,64(sp)
     b22:	00017e13          	andi	t3,sp,0
     b26:	2800                	fld	fs0,16(s0)
     b28:	fc02                	sd	zero,56(sp)
     b2a:	0005                	c.nop	1
     b2c:	0600                	addi	s0,sp,768
     b2e:	132c                	addi	a1,sp,424
     b30:	017e                	slli	sp,sp,0x1f
     b32:	0000                	unimp
     b34:	0238                	addi	a4,sp,264
     b36:	058a                	slli	a1,a1,0x2
     b38:	0000                	unimp
     b3a:	2d06                	fld	fs10,64(sp)
     b3c:	1211                	addi	tp,tp,-28 # ffffffffffffffe4 <__heap_end+0xffffffff7ffdafe4>
     b3e:	0001                	nop
     b40:	4800                	lw	s0,16(s0)
     b42:	a702                	fsd	ft0,392(sp)
     b44:	0005                	c.nop	1
     b46:	0600                	addi	s0,sp,768
     b48:	0c2e                	slli	s8,s8,0xb
     b4a:	0106                	slli	sp,sp,0x1
     b4c:	0000                	unimp
     b4e:	0250                	addi	a2,sp,260
     b50:	0595                	addi	a1,a1,5
     b52:	0000                	unimp
     b54:	3006                	fld	ft0,96(sp)
     b56:	6809                	lui	a6,0x2
     b58:	0002                	c.slli64	zero
     b5a:	5800                	lw	s0,48(s0)
     b5c:	0800                	addi	s0,sp,16
     b5e:	0035                	c.nop	13
     b60:	0000                	unimp
     b62:	0278                	addi	a4,sp,268
     b64:	0000                	unimp
     b66:	3c09                	addiw	s8,s8,-30
     b68:	0000                	unimp
     b6a:	0100                	addi	s0,sp,128
     b6c:	0a00                	addi	s0,sp,272
     b6e:	052c                	addi	a1,sp,648
     b70:	0000                	unimp
     b72:	840d1307          	.insn	4, 0x840d1307
     b76:	0002                	c.slli64	zero
     b78:	0500                	addi	s0,sp,640
     b7a:	002e                	c.slli	zero,0xb
     b7c:	0000                	unimp
     b7e:	00062b0b          	.insn	4, 0x00062b0b
     b82:	0100                	addi	s0,sp,128
     b84:	0505                	addi	a0,a0,1
     b86:	002e                	c.slli	zero,0xb
     b88:	0000                	unimp
     b8a:	3eba                	fld	ft9,424(sp)
     b8c:	8000                	.insn	2, 0x8000
     b8e:	0000                	unimp
     b90:	0000                	unimp
     b92:	0014                	.insn	2, 0x0014
     b94:	0000                	unimp
     b96:	0000                	unimp
     b98:	0000                	unimp
     b9a:	9c01                	subw	s0,s0,s0
     b9c:	02d8                	addi	a4,sp,324
     b9e:	0000                	unimp
     ba0:	990c                	.insn	2, 0x990c
     ba2:	0004                	.insn	2, 0x0004
     ba4:	0100                	addi	s0,sp,128
     ba6:	1005                	c.nop	-31
     ba8:	002e                	c.slli	zero,0xb
     baa:	0000                	unimp
     bac:	03ba                	slli	t2,t2,0xe
     bae:	0000                	unimp
     bb0:	730d                	lui	t1,0xfffe3
     bb2:	0074                	addi	a3,sp,12
     bb4:	0501                	addi	a0,a0,0
     bb6:	0002d823          	.insn	4, 0x0002d823
     bba:	c800                	sw	s0,16(s0)
     bbc:	0e000003          	lb	zero,224(zero) # e0 <__stack_align+0xd0>
     bc0:	3ec2                	fld	ft9,48(sp)
     bc2:	8000                	.insn	2, 0x8000
     bc4:	0000                	unimp
     bc6:	0000                	unimp
     bc8:	0278                	addi	a4,sp,268
     bca:	0000                	unimp
     bcc:	0500                	addi	s0,sp,640
     bce:	01a5                	addi	gp,gp,9 # 80005229 <__global_pointer$+0x9>
     bd0:	0000                	unimp
     bd2:	9d00                	.insn	2, 0x9d00
     bd4:	0000                	unimp
     bd6:	0500                	addi	s0,sp,640
     bd8:	0100                	addi	s0,sp,128
     bda:	e608                	sd	a0,8(a2)
     bdc:	0004                	.insn	2, 0x0004
     bde:	0200                	addi	s0,sp,256
     be0:	049e                	slli	s1,s1,0x7
     be2:	0000                	unimp
     be4:	be1d                	j	71a <__stack_align+0x70a>
     be6:	75000003          	lb	zero,1872(zero) # 750 <__stack_align+0x740>
     bea:	0002                	c.slli64	zero
     bec:	ce00                	sw	s0,24(a2)
     bee:	003e                	c.slli	zero,0xf
     bf0:	0080                	addi	s0,sp,64
     bf2:	0000                	unimp
     bf4:	0400                	addi	s0,sp,512
     bf6:	0000                	unimp
     bf8:	0000                	unimp
     bfa:	0000                	unimp
     bfc:	0700                	addi	s0,sp,896
     bfe:	000e                	c.slli	zero,0x3
     c00:	0300                	addi	s0,sp,384
     c02:	0504                	addi	s1,sp,640
     c04:	6e69                	lui	t3,0x1a
     c06:	0074                	addi	a3,sp,12
     c08:	0801                	addi	a6,a6,0 # 2000 <__stack_align+0x1ff0>
     c0a:	5105                	li	sp,-31
     c0c:	0002                	c.slli64	zero
     c0e:	0100                	addi	s0,sp,128
     c10:	0708                	addi	a0,sp,896
     c12:	01fd                	addi	gp,gp,31 # 8000523f <__global_pointer$+0x1f>
     c14:	0000                	unimp
     c16:	0801                	addi	a6,a6,0
     c18:	4c05                	li	s8,1
     c1a:	0002                	c.slli64	zero
     c1c:	0100                	addi	s0,sp,128
     c1e:	0410                	addi	a2,sp,512
     c20:	047c                	addi	a5,sp,524
     c22:	0000                	unimp
     c24:	0401                	addi	s0,s0,0
     c26:	00020207          	.insn	4, 0x00020207
     c2a:	0100                	addi	s0,sp,128
     c2c:	0601                	addi	a2,a2,0
     c2e:	00000187          	.insn	4, 0x0187
     c32:	0101                	addi	sp,sp,0
     c34:	8508                	.insn	2, 0x8508
     c36:	0001                	nop
     c38:	0100                	addi	s0,sp,128
     c3a:	0502                	c.slli64	a0
     c3c:	000001d3          	fadd.s	ft3,ft0,ft0,rne
     c40:	0201                	addi	tp,tp,0 # 0 <__boot_hart>
     c42:	0001ab07          	flw	fs6,0(gp) # 80005220 <__global_pointer$>
     c46:	0100                	addi	s0,sp,128
     c48:	0801                	addi	a6,a6,0
     c4a:	018e                	slli	gp,gp,0x3
     c4c:	0000                	unimp
     c4e:	0801                	addi	a6,a6,0
     c50:	0001f807          	.insn	4, 0x0001f807
     c54:	0400                	addi	s0,sp,512
     c56:	0651                	addi	a2,a2,20
     c58:	0000                	unimp
     c5a:	0401                	addi	s0,s0,0
     c5c:	2e05                	addiw	t3,t3,1 # 1a001 <__stack_size+0x12001>
     c5e:	0000                	unimp
     c60:	ce00                	sw	s0,24(a2)
     c62:	003e                	c.slli	zero,0xf
     c64:	0080                	addi	s0,sp,64
     c66:	0000                	unimp
     c68:	0400                	addi	s0,sp,512
     c6a:	0000                	unimp
     c6c:	0000                	unimp
     c6e:	0000                	unimp
     c70:	0100                	addi	s0,sp,128
     c72:	009c                	addi	a5,sp,64
     c74:	000000a7          	.insn	4, 0x00a7
     c78:	0005                	c.nop	1
     c7a:	0801                	addi	a6,a6,0
     c7c:	0000052b          	.insn	4, 0x052b
     c80:	9e02                	jalr	t3
     c82:	0004                	.insn	2, 0x0004
     c84:	1d00                	addi	s0,sp,688
     c86:	03ce                	slli	t2,t2,0x13
     c88:	0000                	unimp
     c8a:	0275                	addi	tp,tp,29 # 1d <__stack_align+0xd>
     c8c:	0000                	unimp
     c8e:	3ed2                	fld	ft9,304(sp)
     c90:	8000                	.insn	2, 0x8000
     c92:	0000                	unimp
     c94:	0000                	unimp
     c96:	0008                	.insn	2, 0x0008
     c98:	0000                	unimp
     c9a:	0000                	unimp
     c9c:	0000                	unimp
     c9e:	0e66                	slli	t3,t3,0x19
     ca0:	0000                	unimp
     ca2:	0101                	addi	sp,sp,0
     ca4:	8706                	mv	a4,ra
     ca6:	0001                	nop
     ca8:	0100                	addi	s0,sp,128
     caa:	0801                	addi	a6,a6,0
     cac:	0185                	addi	gp,gp,1 # 80005221 <__global_pointer$+0x1>
     cae:	0000                	unimp
     cb0:	0201                	addi	tp,tp,0 # 0 <__boot_hart>
     cb2:	d305                	beqz	a4,bd2 <__stack_align+0xbc2>
     cb4:	0001                	nop
     cb6:	0100                	addi	s0,sp,128
     cb8:	0702                	c.slli64	a4
     cba:	000001ab          	.insn	4, 0x01ab
     cbe:	69050403          	lb	s0,1680(a0)
     cc2:	746e                	ld	s0,248(sp)
     cc4:	0100                	addi	s0,sp,128
     cc6:	0704                	addi	s1,sp,896
     cc8:	0202                	c.slli64	tp
     cca:	0000                	unimp
     ccc:	0801                	addi	a6,a6,0
     cce:	5105                	li	sp,-31
     cd0:	0002                	c.slli64	zero
     cd2:	0100                	addi	s0,sp,128
     cd4:	0708                	addi	a0,sp,896
     cd6:	01fd                	addi	gp,gp,31 # 8000523f <__global_pointer$+0x1f>
     cd8:	0000                	unimp
     cda:	0801                	addi	a6,a6,0
     cdc:	4c05                	li	s8,1
     cde:	0002                	c.slli64	zero
     ce0:	0100                	addi	s0,sp,128
     ce2:	0801                	addi	a6,a6,0
     ce4:	018e                	slli	gp,gp,0x3
     ce6:	0000                	unimp
     ce8:	1001                	c.nop	-32
     cea:	7c04                	ld	s1,56(s0)
     cec:	0004                	.insn	2, 0x0004
     cee:	0400                	addi	s0,sp,512
     cf0:	0659                	addi	a2,a2,22
     cf2:	0000                	unimp
     cf4:	0401                	addi	s0,s0,0
     cf6:	4a05                	li	s4,1
     cf8:	0000                	unimp
     cfa:	d200                	sw	s0,32(a2)
     cfc:	003e                	c.slli	zero,0xf
     cfe:	0080                	addi	s0,sp,64
     d00:	0000                	unimp
     d02:	0800                	addi	s0,sp,16
     d04:	0000                	unimp
     d06:	0000                	unimp
     d08:	0000                	unimp
     d0a:	0100                	addi	s0,sp,128
     d0c:	059c                	addi	a5,sp,704
     d0e:	0499                	addi	s1,s1,6
     d10:	0000                	unimp
     d12:	0401                	addi	s0,s0,0
     d14:	4a11                	li	s4,4
     d16:	0000                	unimp
     d18:	e200                	sd	s0,0(a2)
     d1a:	00000003          	lb	zero,0(zero) # 0 <__boot_hart>
     d1e:	d900                	sw	s0,48(a0)
     d20:	0000                	unimp
     d22:	0500                	addi	s0,sp,640
     d24:	0100                	addi	s0,sp,128
     d26:	8108                	.insn	2, 0x8108
     d28:	0005                	c.nop	1
     d2a:	0300                	addi	s0,sp,384
     d2c:	049e                	slli	s1,s1,0x7
     d2e:	0000                	unimp
     d30:	de1d                	beqz	a2,c6e <__stack_align+0xc5e>
     d32:	75000003          	lb	zero,1872(zero) # 750 <__stack_align+0x740>
     d36:	0002                	c.slli64	zero
     d38:	da00                	sw	s0,48(a2)
     d3a:	003e                	c.slli	zero,0xf
     d3c:	0080                	addi	s0,sp,64
     d3e:	0000                	unimp
     d40:	1400                	addi	s0,sp,544
     d42:	0000                	unimp
     d44:	0000                	unimp
     d46:	0000                	unimp
     d48:	cd00                	sw	s0,24(a0)
     d4a:	000e                	c.slli	zero,0x3
     d4c:	0400                	addi	s0,sp,512
     d4e:	0504                	addi	s1,sp,640
     d50:	6e69                	lui	t3,0x1a
     d52:	0074                	addi	a3,sp,12
     d54:	0801                	addi	a6,a6,0
     d56:	5105                	li	sp,-31
     d58:	0002                	c.slli64	zero
     d5a:	0100                	addi	s0,sp,128
     d5c:	0708                	addi	a0,sp,896
     d5e:	01fd                	addi	gp,gp,31 # 8000523f <__global_pointer$+0x1f>
     d60:	0000                	unimp
     d62:	0801                	addi	a6,a6,0
     d64:	4c05                	li	s8,1
     d66:	0002                	c.slli64	zero
     d68:	0100                	addi	s0,sp,128
     d6a:	0410                	addi	a2,sp,512
     d6c:	047c                	addi	a5,sp,524
     d6e:	0000                	unimp
     d70:	0401                	addi	s0,s0,0
     d72:	00020207          	.insn	4, 0x00020207
     d76:	0100                	addi	s0,sp,128
     d78:	0601                	addi	a2,a2,0
     d7a:	00000187          	.insn	4, 0x0187
     d7e:	0101                	addi	sp,sp,0
     d80:	8508                	.insn	2, 0x8508
     d82:	0001                	nop
     d84:	0100                	addi	s0,sp,128
     d86:	0502                	c.slli64	a0
     d88:	000001d3          	fadd.s	ft3,ft0,ft0,rne
     d8c:	0201                	addi	tp,tp,0 # 0 <__boot_hart>
     d8e:	0001ab07          	flw	fs6,0(gp) # 80005220 <__global_pointer$>
     d92:	0100                	addi	s0,sp,128
     d94:	0801                	addi	a6,a6,0
     d96:	018e                	slli	gp,gp,0x3
     d98:	0000                	unimp
     d9a:	0801                	addi	a6,a6,0
     d9c:	0001f807          	.insn	4, 0x0001f807
     da0:	0500                	addi	s0,sp,640
     da2:	052c                	addi	a1,sp,648
     da4:	0000                	unimp
     da6:	1302                	slli	t1,t1,0x20
     da8:	8e0d                	sub	a2,a2,a1
     daa:	0000                	unimp
     dac:	0600                	addi	s0,sp,768
     dae:	2e08                	fld	fa0,24(a2)
     db0:	0000                	unimp
     db2:	0700                	addi	s0,sp,896
     db4:	0661                	addi	a2,a2,24
     db6:	0000                	unimp
     db8:	0401                	addi	s0,s0,0
     dba:	2e05                	addiw	t3,t3,1 # 1a001 <__stack_size+0x12001>
     dbc:	0000                	unimp
     dbe:	da00                	sw	s0,48(a2)
     dc0:	003e                	c.slli	zero,0xf
     dc2:	0080                	addi	s0,sp,64
     dc4:	0000                	unimp
     dc6:	1400                	addi	s0,sp,544
     dc8:	0000                	unimp
     dca:	0000                	unimp
     dcc:	0000                	unimp
     dce:	0100                	addi	s0,sp,128
     dd0:	029c                	addi	a5,sp,320
     dd2:	6970                	ld	a2,208(a0)
     dd4:	0064                	addi	s1,sp,12
     dd6:	00002e0f          	.insn	4, 0x2e0f
     dda:	fc00                	sd	s0,56(s0)
     ddc:	02000003          	lb	zero,32(zero) # 20 <__stack_align+0x10>
     de0:	00676973          	csrrsi	s2,0x6,14
     de4:	2e18                	fld	fa4,24(a2)
     de6:	0000                	unimp
     de8:	0a00                	addi	s0,sp,272
     dea:	0004                	.insn	2, 0x0004
     dec:	0800                	addi	s0,sp,16
     dee:	3ee2                	fld	ft9,56(sp)
     df0:	8000                	.insn	2, 0x8000
     df2:	0000                	unimp
     df4:	0000                	unimp
     df6:	0082                	c.slli64	ra
     df8:	0000                	unimp
     dfa:	0000                	unimp
     dfc:	010d                	addi	sp,sp,3
     dfe:	0000                	unimp
     e00:	0005                	c.nop	1
     e02:	0801                	addi	a6,a6,0
     e04:	0600                	addi	s0,sp,768
     e06:	0000                	unimp
     e08:	9e04                	.insn	2, 0x9e04
     e0a:	0004                	.insn	2, 0x0004
     e0c:	1d00                	addi	s0,sp,688
     e0e:	03ec                	addi	a1,sp,460
     e10:	0000                	unimp
     e12:	0275                	addi	tp,tp,29 # 1d <__stack_align+0xd>
     e14:	0000                	unimp
     e16:	3eee                	fld	ft9,248(sp)
     e18:	8000                	.insn	2, 0x8000
     e1a:	0000                	unimp
     e1c:	0000                	unimp
     e1e:	0014                	.insn	2, 0x0014
     e20:	0000                	unimp
     e22:	0000                	unimp
     e24:	0000                	unimp
     e26:	00000f63          	beqz	zero,e44 <__stack_align+0xe34>
     e2a:	0405                	addi	s0,s0,1
     e2c:	6905                	lui	s2,0x1
     e2e:	746e                	ld	s0,248(sp)
     e30:	0100                	addi	s0,sp,128
     e32:	0508                	addi	a0,sp,640
     e34:	0251                	addi	tp,tp,20 # 14 <__stack_align+0x4>
     e36:	0000                	unimp
     e38:	0801                	addi	a6,a6,0
     e3a:	0001fd07          	.insn	4, 0x0001fd07
     e3e:	0100                	addi	s0,sp,128
     e40:	0508                	addi	a0,sp,640
     e42:	024c                	addi	a1,sp,260
     e44:	0000                	unimp
     e46:	1001                	c.nop	-32
     e48:	7c04                	ld	s1,56(s0)
     e4a:	0004                	.insn	2, 0x0004
     e4c:	0100                	addi	s0,sp,128
     e4e:	0704                	addi	s1,sp,896
     e50:	0202                	c.slli64	tp
     e52:	0000                	unimp
     e54:	0101                	addi	sp,sp,0
     e56:	8706                	mv	a4,ra
     e58:	0001                	nop
     e5a:	0100                	addi	s0,sp,128
     e5c:	0801                	addi	a6,a6,0
     e5e:	0185                	addi	gp,gp,1 # 80005221 <__global_pointer$+0x1>
     e60:	0000                	unimp
     e62:	0201                	addi	tp,tp,0 # 0 <__boot_hart>
     e64:	d305                	beqz	a4,d84 <__stack_align+0xd74>
     e66:	0001                	nop
     e68:	0100                	addi	s0,sp,128
     e6a:	0702                	c.slli64	a4
     e6c:	000001ab          	.insn	4, 0x01ab
     e70:	1402                	slli	s0,s0,0x20
     e72:	0006                	c.slli	zero,0x1
     e74:	0200                	addi	s0,sp,256
     e76:	0e2e                	slli	t3,t3,0xb
     e78:	0035                	c.nop	13
     e7a:	0000                	unimp
     e7c:	1302                	slli	t1,t1,0x20
     e7e:	0006                	c.slli	zero,0x1
     e80:	0200                	addi	s0,sp,256
     e82:	1066                	c.slli	zero,0x39
     e84:	0074                	addi	a3,sp,12
     e86:	0000                	unimp
     e88:	0101                	addi	sp,sp,0
     e8a:	8e08                	.insn	2, 0x8e08
     e8c:	0001                	nop
     e8e:	0100                	addi	s0,sp,128
     e90:	0708                	addi	a0,sp,896
     e92:	01f8                	addi	a4,sp,204
     e94:	0000                	unimp
     e96:	1502                	slli	a0,a0,0x20
     e98:	0006                	c.slli	zero,0x1
     e9a:	0300                	addi	s0,sp,384
     e9c:	0080129b          	slliw	t0,zero,0x8
     ea0:	0000                	unimp
     ea2:	2c06                	fld	fs8,64(sp)
     ea4:	0005                	c.nop	1
     ea6:	0400                	addi	s0,sp,512
     ea8:	00b20d13          	addi	s10,tp,11 # b <__boot_hart+0xb>
     eac:	0000                	unimp
     eae:	002e0807          	.insn	4, 0x002e0807
     eb2:	0000                	unimp
     eb4:	6708                	ld	a0,8(a4)
     eb6:	0006                	c.slli	zero,0x1
     eb8:	0100                	addi	s0,sp,128
     eba:	0705                	addi	a4,a4,1
     ebc:	009a                	slli	ra,ra,0x6
     ebe:	0000                	unimp
     ec0:	3eee                	fld	ft9,248(sp)
     ec2:	8000                	.insn	2, 0x8000
     ec4:	0000                	unimp
     ec6:	0000                	unimp
     ec8:	0014                	.insn	2, 0x0014
     eca:	0000                	unimp
     ecc:	0000                	unimp
     ece:	0000                	unimp
     ed0:	9c01                	subw	s0,s0,s0
     ed2:	9909                	andi	a0,a0,-30
     ed4:	0004                	.insn	2, 0x0004
     ed6:	0100                	addi	s0,sp,128
     ed8:	1205                	addi	tp,tp,-31 # ffffffffffffffe1 <__heap_end+0xffffffff7ffdafe1>
     eda:	002e                	c.slli	zero,0xb
     edc:	0000                	unimp
     ede:	0424                	addi	s1,sp,520
     ee0:	0000                	unimp
     ee2:	72747003          	.insn	4, 0x72747003
     ee6:	1e00                	addi	s0,sp,816
     ee8:	009a                	slli	ra,ra,0x6
     eea:	0000                	unimp
     eec:	0432                	slli	s0,s0,0xc
     eee:	0000                	unimp
     ef0:	72696403          	lwu	s0,1830(s2) # 1726 <__stack_align+0x1716>
     ef4:	2700                	fld	fs0,8(a4)
     ef6:	002e                	c.slli	zero,0xb
     ef8:	0000                	unimp
     efa:	0440                	addi	s0,sp,516
     efc:	0000                	unimp
     efe:	f60a                	sd	sp,296(sp)
     f00:	003e                	c.slli	zero,0xf
     f02:	0080                	addi	s0,sp,64
     f04:	0000                	unimp
     f06:	a600                	fsd	fs0,8(a2)
     f08:	0000                	unimp
     f0a:	0000                	unimp
     f0c:	0f00                	addi	s0,sp,912
     f0e:	0001                	nop
     f10:	0500                	addi	s0,sp,640
     f12:	0100                	addi	s0,sp,128
     f14:	9f08                	.insn	2, 0x9f08
     f16:	0006                	c.slli	zero,0x1
     f18:	0400                	addi	s0,sp,512
     f1a:	049e                	slli	s1,s1,0x7
     f1c:	0000                	unimp
     f1e:	fb1d                	bnez	a4,e54 <__stack_align+0xe44>
     f20:	75000003          	lb	zero,1872(zero) # 750 <__stack_align+0x740>
     f24:	0002                	c.slli64	zero
     f26:	0200                	addi	s0,sp,256
     f28:	0080003f 16000000 	.insn	8, 0x160000000080003f
     f30:	0000                	unimp
     f32:	0000                	unimp
     f34:	0000                	unimp
     f36:	0300                	addi	s0,sp,384
     f38:	0010                	.insn	2, 0x0010
     f3a:	0500                	addi	s0,sp,640
     f3c:	0504                	addi	s1,sp,640
     f3e:	6e69                	lui	t3,0x1a
     f40:	0074                	addi	a3,sp,12
     f42:	0801                	addi	a6,a6,0
     f44:	5105                	li	sp,-31
     f46:	0002                	c.slli64	zero
     f48:	0200                	addi	s0,sp,256
     f4a:	05ea                	slli	a1,a1,0x1a
     f4c:	0000                	unimp
     f4e:	d602                	sw	zero,44(sp)
     f50:	00004817          	auipc	a6,0x4
     f54:	0100                	addi	s0,sp,128
     f56:	0708                	addi	a0,sp,896
     f58:	01fd                	addi	gp,gp,31 # 8000523f <__global_pointer$+0x1f>
     f5a:	0000                	unimp
     f5c:	0801                	addi	a6,a6,0 # 4f50 <__stack_align+0x4f40>
     f5e:	4c05                	li	s8,1
     f60:	0002                	c.slli64	zero
     f62:	0100                	addi	s0,sp,128
     f64:	0410                	addi	a2,sp,512
     f66:	047c                	addi	a5,sp,524
     f68:	0000                	unimp
     f6a:	0401                	addi	s0,s0,0
     f6c:	00020207          	.insn	4, 0x00020207
     f70:	0100                	addi	s0,sp,128
     f72:	0601                	addi	a2,a2,0
     f74:	00000187          	.insn	4, 0x0187
     f78:	0101                	addi	sp,sp,0
     f7a:	8508                	.insn	2, 0x8508
     f7c:	0001                	nop
     f7e:	0100                	addi	s0,sp,128
     f80:	0502                	c.slli64	a0
     f82:	000001d3          	fadd.s	ft3,ft0,ft0,rne
     f86:	0201                	addi	tp,tp,0 # 0 <__boot_hart>
     f88:	0001ab07          	flw	fs6,0(gp) # 80005220 <__global_pointer$>
     f8c:	0200                	addi	s0,sp,256
     f8e:	0674                	addi	a3,sp,780
     f90:	0000                	unimp
     f92:	35179303          	lh	t1,849(a5)
     f96:	0000                	unimp
     f98:	0600                	addi	s0,sp,768
     f9a:	0108                	addi	a0,sp,128
     f9c:	0801                	addi	a6,a6,0
     f9e:	018e                	slli	gp,gp,0x3
     fa0:	0000                	unimp
     fa2:	0801                	addi	a6,a6,0
     fa4:	0001f807          	.insn	4, 0x0001f807
     fa8:	0200                	addi	s0,sp,256
     faa:	0675                	addi	a2,a2,29
     fac:	0000                	unimp
     fae:	b604                	fsd	fs1,40(a2)
     fb0:	8012                	c.mv	zero,tp
     fb2:	0000                	unimp
     fb4:	0700                	addi	s0,sp,896
     fb6:	052c                	addi	a1,sp,648
     fb8:	0000                	unimp
     fba:	1305                	addi	t1,t1,-31 # fffffffffffe2fe1 <__heap_end+0xffffffff7ffbdfe1>
     fbc:	b40d                	j	9de <__stack_align+0x9ce>
     fbe:	0000                	unimp
     fc0:	0800                	addi	s0,sp,16
     fc2:	2e08                	fld	fa0,24(a2)
     fc4:	0000                	unimp
     fc6:	0900                	addi	s0,sp,144
     fc8:	066e                	slli	a2,a2,0x1b
     fca:	0000                	unimp
     fcc:	0501                	addi	a0,a0,0
     fce:	9c09                	subw	s0,s0,a0
     fd0:	0000                	unimp
     fd2:	0200                	addi	s0,sp,256
     fd4:	0080003f 16000000 	.insn	8, 0x160000000080003f
     fdc:	0000                	unimp
     fde:	0000                	unimp
     fe0:	0000                	unimp
     fe2:	0100                	addi	s0,sp,128
     fe4:	0a9c                	addi	a5,sp,336
     fe6:	0499                	addi	s1,s1,6
     fe8:	0000                	unimp
     fea:	0501                	addi	a0,a0,0
     fec:	00002e13          	slti	t3,zero,0
     ff0:	5a00                	lw	s0,48(a2)
     ff2:	0004                	.insn	2, 0x0004
     ff4:	0300                	addi	s0,sp,384
     ff6:	7470                	ld	a2,232(s0)
     ff8:	0072                	c.slli	zero,0x1c
     ffa:	8c1f 0000 6800      	.insn	6, 0x680000008c1f
    1000:	0004                	.insn	2, 0x0004
    1002:	0300                	addi	s0,sp,384
    1004:	656c                	ld	a1,200(a0)
    1006:	006e                	c.slli	zero,0x1b
    1008:	00003c2b          	.insn	4, 0x3c2b
    100c:	7600                	ld	s0,40(a2)
    100e:	0004                	.insn	2, 0x0004
    1010:	0b00                	addi	s0,sp,400
    1012:	3f0a                	fld	ft10,160(sp)
    1014:	8000                	.insn	2, 0x8000
    1016:	0000                	unimp
    1018:	0000                	unimp
    101a:	00a8                	addi	a0,sp,72
    101c:	0000                	unimp
    101e:	0000                	unimp
    1020:	0132                	slli	sp,sp,0xc
    1022:	0000                	unimp
    1024:	0005                	c.nop	1
    1026:	0801                	addi	a6,a6,0
    1028:	0745                	addi	a4,a4,17
    102a:	0000                	unimp
    102c:	9e05                	subw	a2,a2,s1
    102e:	0004                	.insn	2, 0x0004
    1030:	1d00                	addi	s0,sp,688
    1032:	0409                	addi	s0,s0,2
    1034:	0000                	unimp
    1036:	0275                	addi	tp,tp,29 # 1d <__stack_align+0xd>
    1038:	0000                	unimp
    103a:	3f18                	fld	fa4,56(a4)
    103c:	8000                	.insn	2, 0x8000
    103e:	0000                	unimp
    1040:	0000                	unimp
    1042:	003c                	addi	a5,sp,8
    1044:	0000                	unimp
    1046:	0000                	unimp
    1048:	0000                	unimp
    104a:	10ac                	addi	a1,sp,104
    104c:	0000                	unimp
    104e:	7d06                	ld	s10,96(sp)
    1050:	0006                	c.slli	zero,0x1
    1052:	0200                	addi	s0,sp,256
    1054:	1a91                	addi	s5,s5,-28
    1056:	003a                	c.slli	zero,0xe
    1058:	0000                	unimp
    105a:	0801                	addi	a6,a6,0
    105c:	5105                	li	sp,-31
    105e:	0002                	c.slli64	zero
    1060:	0100                	addi	s0,sp,128
    1062:	0708                	addi	a0,sp,896
    1064:	01fd                	addi	gp,gp,31 # 8000523f <__global_pointer$+0x1f>
    1066:	0000                	unimp
    1068:	69050407          	.insn	4, 0x69050407
    106c:	746e                	ld	s0,248(sp)
    106e:	0100                	addi	s0,sp,128
    1070:	0508                	addi	a0,sp,640
    1072:	024c                	addi	a1,sp,260
    1074:	0000                	unimp
    1076:	1001                	c.nop	-32
    1078:	7c04                	ld	s1,56(s0)
    107a:	0004                	.insn	2, 0x0004
    107c:	0100                	addi	s0,sp,128
    107e:	0704                	addi	s1,sp,896
    1080:	0202                	c.slli64	tp
    1082:	0000                	unimp
    1084:	0101                	addi	sp,sp,0
    1086:	8706                	mv	a4,ra
    1088:	0001                	nop
    108a:	0100                	addi	s0,sp,128
    108c:	0801                	addi	a6,a6,0
    108e:	0185                	addi	gp,gp,1 # 80005221 <__global_pointer$+0x1>
    1090:	0000                	unimp
    1092:	0201                	addi	tp,tp,0 # 0 <__boot_hart>
    1094:	d305                	beqz	a4,fb4 <__stack_align+0xfa4>
    1096:	0001                	nop
    1098:	0100                	addi	s0,sp,128
    109a:	0702                	c.slli64	a4
    109c:	000001ab          	.insn	4, 0x01ab
    10a0:	0808                	addi	a0,sp,16
    10a2:	8702                	jr	a4
    10a4:	0000                	unimp
    10a6:	0100                	addi	s0,sp,128
    10a8:	0801                	addi	a6,a6,0
    10aa:	018e                	slli	gp,gp,0x3
    10ac:	0000                	unimp
    10ae:	0801                	addi	a6,a6,0
    10b0:	0001f807          	.insn	4, 0x0001f807
    10b4:	0900                	addi	s0,sp,144
    10b6:	00000087          	.insn	4, 0x0087
    10ba:	00a0                	addi	s0,sp,72
    10bc:	0000                	unimp
    10be:	000a                	c.slli	zero,0x2
    10c0:	00068d03          	lb	s10,0(a3)
    10c4:	0600                	addi	s0,sp,768
    10c6:	950d                	srai	a0,a0,0x23
    10c8:	0000                	unimp
    10ca:	0b00                	addi	s0,sp,400
    10cc:	0692                	slli	a3,a3,0x4
    10ce:	0000                	unimp
    10d0:	0701                	addi	a4,a4,0
    10d2:	820e                	mv	tp,gp
    10d4:	0000                	unimp
    10d6:	0900                	addi	s0,sp,144
    10d8:	004a2803          	lw	a6,4(s4)
    10dc:	0080                	addi	s0,sp,64
    10de:	0000                	unimp
    10e0:	0c00                	addi	s0,sp,528
    10e2:	052c                	addi	a1,sp,648
    10e4:	0000                	unimp
    10e6:	cd0d1303          	lh	t1,-816(s10)
    10ea:	0000                	unimp
    10ec:	0200                	addi	s0,sp,256
    10ee:	0048                	addi	a0,sp,4
    10f0:	0000                	unimp
    10f2:	990d                	andi	a0,a0,-29
    10f4:	0006                	c.slli	zero,0x1
    10f6:	0100                	addi	s0,sp,128
    10f8:	0709                	addi	a4,a4,2
    10fa:	0080                	addi	s0,sp,64
    10fc:	0000                	unimp
    10fe:	3f18                	fld	fa4,56(a4)
    1100:	8000                	.insn	2, 0x8000
    1102:	0000                	unimp
    1104:	0000                	unimp
    1106:	003c                	addi	a5,sp,8
    1108:	0000                	unimp
    110a:	0000                	unimp
    110c:	0000                	unimp
    110e:	9c01                	subw	s0,s0,s0
    1110:	9f0e                	add	t5,t5,gp
    1112:	0006                	c.slli	zero,0x1
    1114:	0100                	addi	s0,sp,128
    1116:	1709                	addi	a4,a4,-30
    1118:	002e                	c.slli	zero,0xb
    111a:	0000                	unimp
    111c:	0490                	addi	a2,sp,576
    111e:	0000                	unimp
    1120:	00068703          	lb	a4,0(a3)
    1124:	0b00                	addi	s0,sp,400
    1126:	9511                	srai	a0,a0,0x24
    1128:	0000                	unimp
    112a:	0400                	addi	s0,sp,512
    112c:	000006ab          	.insn	4, 0x06ab
    1130:	820c                	.insn	2, 0x820c
    1132:	0000                	unimp
    1134:	9e00                	.insn	2, 0x9e00
    1136:	0004                	.insn	2, 0x0004
    1138:	0400                	addi	s0,sp,512
    113a:	06a4                	addi	s1,sp,840
    113c:	0000                	unimp
    113e:	820d                	srli	a2,a2,0x3
    1140:	0000                	unimp
    1142:	b600                	fsd	fs0,40(a2)
    1144:	0004                	.insn	2, 0x0004
    1146:	0f00                	addi	s0,sp,912
    1148:	3f46                	fld	ft10,112(sp)
    114a:	8000                	.insn	2, 0x8000
    114c:	0000                	unimp
    114e:	0000                	unimp
    1150:	00c1                	addi	ra,ra,16
    1152:	0000                	unimp
    1154:	0000                	unimp
    1156:	0174                	addi	a3,sp,140
    1158:	0000                	unimp
    115a:	0005                	c.nop	1
    115c:	0801                	addi	a6,a6,0
    115e:	081f 0000 9e06      	.insn	6, 0x9e060000081f
    1164:	0004                	.insn	2, 0x0004
    1166:	1d00                	addi	s0,sp,688
    1168:	00000417          	auipc	s0,0x0
    116c:	0275                	addi	tp,tp,29 # 1d <__stack_align+0xd>
    116e:	0000                	unimp
    1170:	3f54                	fld	fa3,184(a4)
    1172:	8000                	.insn	2, 0x8000
    1174:	0000                	unimp
    1176:	0000                	unimp
    1178:	0006                	c.slli	zero,0x1
    117a:	0000                	unimp
    117c:	0000                	unimp
    117e:	0000                	unimp
    1180:	11d1                	addi	gp,gp,-12 # 80005214 <_end+0x40c>
    1182:	0000                	unimp
    1184:	69050407          	.insn	4, 0x69050407
    1188:	746e                	ld	s0,248(sp)
    118a:	0100                	addi	s0,sp,128
    118c:	0508                	addi	a0,sp,640
    118e:	0251                	addi	tp,tp,20 # 14 <__stack_align+0x4>
    1190:	0000                	unimp
    1192:	ea02                	sd	zero,272(sp)
    1194:	0005                	c.nop	1
    1196:	0200                	addi	s0,sp,256
    1198:	17d6                	slli	a5,a5,0x35
    119a:	0048                	addi	a0,sp,4
    119c:	0000                	unimp
    119e:	0801                	addi	a6,a6,0
    11a0:	0001fd07          	.insn	4, 0x0001fd07
    11a4:	0100                	addi	s0,sp,128
    11a6:	0508                	addi	a0,sp,640
    11a8:	024c                	addi	a1,sp,260
    11aa:	0000                	unimp
    11ac:	1001                	c.nop	-32
    11ae:	7c04                	ld	s1,56(s0)
    11b0:	0004                	.insn	2, 0x0004
    11b2:	0100                	addi	s0,sp,128
    11b4:	0704                	addi	s1,sp,896
    11b6:	0202                	c.slli64	tp
    11b8:	0000                	unimp
    11ba:	0101                	addi	sp,sp,0
    11bc:	8706                	mv	a4,ra
    11be:	0001                	nop
    11c0:	0100                	addi	s0,sp,128
    11c2:	0801                	addi	a6,a6,0
    11c4:	0185                	addi	gp,gp,1 # 80005221 <__global_pointer$+0x1>
    11c6:	0000                	unimp
    11c8:	0201                	addi	tp,tp,0 # 0 <__boot_hart>
    11ca:	d305                	beqz	a4,10ea <__stack_align+0x10da>
    11cc:	0001                	nop
    11ce:	0100                	addi	s0,sp,128
    11d0:	0702                	c.slli64	a4
    11d2:	000001ab          	.insn	4, 0x01ab
    11d6:	4f02                	lw	t5,0(sp)
    11d8:	0005                	c.nop	1
    11da:	0300                	addi	s0,sp,384
    11dc:	1969                	addi	s2,s2,-6
    11de:	0048                	addi	a0,sp,4
    11e0:	0000                	unimp
    11e2:	bf02                	fsd	ft0,440(sp)
    11e4:	0006                	c.slli	zero,0x1
    11e6:	0300                	addi	s0,sp,384
    11e8:	1ae8                	addi	a0,sp,380
    11ea:	0048                	addi	a0,sp,4
    11ec:	0000                	unimp
    11ee:	7402                	ld	s0,32(sp)
    11f0:	0006                	c.slli	zero,0x1
    11f2:	0400                	addi	s0,sp,512
    11f4:	00351793          	slli	a5,a0,0x3
    11f8:	0000                	unimp
    11fa:	0101                	addi	sp,sp,0
    11fc:	8e08                	.insn	2, 0x8e08
    11fe:	0001                	nop
    1200:	0100                	addi	s0,sp,128
    1202:	0708                	addi	a0,sp,896
    1204:	01f8                	addi	a4,sp,204
    1206:	0000                	unimp
    1208:	5102                	lw	sp,32(sp)
    120a:	0005                	c.nop	1
    120c:	0500                	addi	s0,sp,640
    120e:	143c                	addi	a5,sp,552
    1210:	0080                	addi	s0,sp,64
    1212:	0000                	unimp
    1214:	c102                	sw	zero,128(sp)
    1216:	0006                	c.slli	zero,0x1
    1218:	0500                	addi	s0,sp,640
    121a:	1552                	slli	a0,a0,0x34
    121c:	008c                	addi	a1,sp,64
    121e:	0000                	unimp
    1220:	7502                	ld	a0,32(sp)
    1222:	0006                	c.slli	zero,0x1
    1224:	0600                	addi	s0,sp,768
    1226:	12b6                	slli	t0,t0,0x2d
    1228:	0098                	addi	a4,sp,64
    122a:	0000                	unimp
    122c:	b208                	fsd	fa0,32(a2)
    122e:	0006                	c.slli	zero,0x1
    1230:	0700                	addi	s0,sp,896
    1232:	0d1a                	slli	s10,s10,0x6
    1234:	0035                	c.nop	13
    1236:	0000                	unimp
    1238:	000000fb          	.insn	4, 0x00fb
    123c:	0000b203          	ld	tp,0(ra)
    1240:	0300                	addi	s0,sp,384
    1242:	00b2                	slli	ra,ra,0xc
    1244:	0000                	unimp
    1246:	0000b203          	ld	tp,0(ra)
    124a:	0300                	addi	s0,sp,384
    124c:	0048                	addi	a0,sp,4
    124e:	0000                	unimp
    1250:	0900                	addi	s0,sp,144
    1252:	000006cb          	fnmsub.s	fa3,ft0,ft0,ft0,rne
    1256:	0601                	addi	a2,a2,0
    1258:	ca09                	beqz	a2,126a <__stack_align+0x125a>
    125a:	0000                	unimp
    125c:	5400                	lw	s0,40(s0)
    125e:	0080003f 06000000 	.insn	8, 0x060000000080003f
    1266:	0000                	unimp
    1268:	0000                	unimp
    126a:	0000                	unimp
    126c:	0100                	addi	s0,sp,128
    126e:	709c                	ld	a5,32(s1)
    1270:	0001                	nop
    1272:	0500                	addi	s0,sp,640
    1274:	6466                	ld	s0,88(sp)
    1276:	1400                	addi	s0,sp,544
    1278:	002e                	c.slli	zero,0xb
    127a:	0000                	unimp
    127c:	04c8                	addi	a0,sp,580
    127e:	0000                	unimp
    1280:	7005                	c.lui	zero,0xfffe1
    1282:	7274                	ld	a3,224(a2)
    1284:	2400                	fld	fs0,8(s0)
    1286:	0170                	addi	a2,sp,140
    1288:	0000                	unimp
    128a:	04d6                	slli	s1,s1,0x15
    128c:	0000                	unimp
    128e:	6c05                	lui	s8,0x1
    1290:	6e65                	lui	t3,0x19
    1292:	3000                	fld	fs0,32(s0)
    1294:	003c                	addi	a5,sp,8
    1296:	0000                	unimp
    1298:	04e4                	addi	s1,sp,588
    129a:	0000                	unimp
    129c:	5a0a                	lw	s4,160(sp)
    129e:	0080003f d6000000 	.insn	8, 0xd60000000080003f
    12a6:	0000                	unimp
    12a8:	0400                	addi	s0,sp,512
    12aa:	5a01                	li	s4,-32
    12ac:	5a01a303          	lw	t1,1440(gp) # 800057c0 <__global_pointer$+0x5a0>
    12b0:	0104                	addi	s1,sp,128
    12b2:	01a3035b          	.insn	4, 0x01a3035b
    12b6:	5c01045b          	.insn	4, 0x5c01045b
    12ba:	5c01a303          	lw	t1,1472(gp) # 800057e0 <__global_pointer$+0x5c0>
    12be:	0104                	addi	s1,sp,128
    12c0:	025d                	addi	tp,tp,23 # 17 <__stack_align+0x7>
    12c2:	4008                	lw	a0,0(s0)
    12c4:	0000                	unimp
    12c6:	0176080b          	.insn	4, 0x0176080b
    12ca:	0000                	unimp
    12cc:	000c                	.insn	2, 0x000c
    12ce:	0025                	c.nop	9
    12d0:	0000                	unimp
    12d2:	0005                	c.nop	1
    12d4:	0801                	addi	a6,a6,0
    12d6:	08c9                	addi	a7,a7,18
    12d8:	0000                	unimp
    12da:	5e01                	li	t3,-32
    12dc:	0012                	c.slli	zero,0x4
    12de:	0000                	unimp
    12e0:	0000                	unimp
    12e2:	0080                	addi	s0,sp,64
    12e4:	0000                	unimp
    12e6:	9800                	.insn	2, 0x9800
    12e8:	d204                	sw	s1,32(a2)
    12ea:	0006                	c.slli	zero,0x1
    12ec:	e100                	sd	s0,0(a0)
    12ee:	0006                	c.slli	zero,0x1
    12f0:	1100                	addi	s0,sp,160
    12f2:	01000007          	.insn	4, 0x01000007
    12f6:	2480                	fld	fs0,8(s1)
    12f8:	0000                	unimp
    12fa:	0500                	addi	s0,sp,640
    12fc:	0100                	addi	s0,sp,128
    12fe:	dd08                	sw	a0,56(a0)
    1300:	0008                	.insn	2, 0x0008
    1302:	0100                	addi	s0,sp,128
    1304:	1690                	addi	a2,sp,864
    1306:	0000                	unimp
    1308:	01ee                	slli	gp,gp,0x1b
    130a:	8000                	.insn	2, 0x8000
    130c:	0000                	unimp
    130e:	0000                	unimp
    1310:	1d62                	slli	s10,s10,0x38
    1312:	e1000007          	.insn	4, 0xe1000007
    1316:	0006                	c.slli	zero,0x1
    1318:	1100                	addi	s0,sp,160
    131a:	01000007          	.insn	4, 0x01000007
    131e:	3680                	fld	fs0,40(a3)
    1320:	0001                	nop
    1322:	0500                	addi	s0,sp,640
    1324:	0100                	addi	s0,sp,128
    1326:	f108                	sd	a0,32(a0)
    1328:	0008                	.insn	2, 0x0008
    132a:	0400                	addi	s0,sp,512
    132c:	049e                	slli	s1,s1,0x7
    132e:	0000                	unimp
    1330:	3f1d                	addiw	t5,t5,-25
    1332:	0004                	.insn	2, 0x0004
    1334:	7500                	ld	s0,40(a0)
    1336:	0002                	c.slli64	zero
    1338:	5a00                	lw	s0,48(a2)
    133a:	0080003f 16000000 	.insn	8, 0x160000000080003f
    1342:	0000                	unimp
    1344:	0000                	unimp
    1346:	0000                	unimp
    1348:	f000                	sd	s0,32(s0)
    134a:	0016                	c.slli	zero,0x5
    134c:	0100                	addi	s0,sp,128
    134e:	0601                	addi	a2,a2,0
    1350:	00000187          	.insn	4, 0x0187
    1354:	0101                	addi	sp,sp,0
    1356:	8508                	.insn	2, 0x8508
    1358:	0001                	nop
    135a:	0100                	addi	s0,sp,128
    135c:	0502                	c.slli64	a0
    135e:	000001d3          	fadd.s	ft3,ft0,ft0,rne
    1362:	0201                	addi	tp,tp,0 # 0 <__boot_hart>
    1364:	0001ab07          	flw	fs6,0(gp) # 80005220 <__global_pointer$>
    1368:	0500                	addi	s0,sp,640
    136a:	0504                	addi	s1,sp,640
    136c:	6e69                	lui	t3,0x1a
    136e:	0074                	addi	a3,sp,12
    1370:	0401                	addi	s0,s0,0 # 1168 <__stack_align+0x1158>
    1372:	00020207          	.insn	4, 0x00020207
    1376:	0100                	addi	s0,sp,128
    1378:	0508                	addi	a0,sp,640
    137a:	0251                	addi	tp,tp,20 # 14 <__stack_align+0x4>
    137c:	0000                	unimp
    137e:	0801                	addi	a6,a6,0
    1380:	0001fd07          	.insn	4, 0x0001fd07
    1384:	0200                	addi	s0,sp,256
    1386:	0741                	addi	a4,a4,16
    1388:	0000                	unimp
    138a:	e602                	sd	zero,264(sp)
    138c:	5819                	li	a6,-26
    138e:	0000                	unimp
    1390:	0200                	addi	s0,sp,256
    1392:	000006bf 5f1ae802 	.insn	8, 0x5f1ae802000006bf
    139a:	0000                	unimp
    139c:	0200                	addi	s0,sp,256
    139e:	00000743          	fmadd.s	fa4,ft0,ft0,ft0,rne
    13a2:	66144d03          	lbu	s10,1633(s0)
    13a6:	0000                	unimp
    13a8:	0200                	addi	s0,sp,256
    13aa:	06c1                	addi	a3,a3,16
    13ac:	0000                	unimp
    13ae:	72155203          	lhu	tp,1825(a0)
    13b2:	0000                	unimp
    13b4:	0100                	addi	s0,sp,128
    13b6:	0508                	addi	a0,sp,640
    13b8:	024c                	addi	a1,sp,260
    13ba:	0000                	unimp
    13bc:	1001                	c.nop	-32
    13be:	7c04                	ld	s1,56(s0)
    13c0:	0004                	.insn	2, 0x0004
    13c2:	0100                	addi	s0,sp,128
    13c4:	0801                	addi	a6,a6,0
    13c6:	018e                	slli	gp,gp,0x3
    13c8:	0000                	unimp
    13ca:	3b06                	fld	fs6,96(sp)
    13cc:	0005                	c.nop	1
    13ce:	0400                	addi	s0,sp,512
    13d0:	0d41                	addi	s10,s10,16
    13d2:	00bd                	addi	ra,ra,15
    13d4:	0000                	unimp
    13d6:	00004a07          	.insn	4, 0x4a07
    13da:	0000                	unimp
    13dc:	2f08                	fld	fa0,24(a4)
    13de:	01000007          	.insn	4, 0x01000007
    13e2:	1c04                	addi	s1,sp,560
    13e4:	3f5a                	fld	ft10,432(sp)
    13e6:	8000                	.insn	2, 0x8000
    13e8:	0000                	unimp
    13ea:	0000                	unimp
    13ec:	0016                	c.slli	zero,0x5
    13ee:	0000                	unimp
    13f0:	0000                	unimp
    13f2:	0000                	unimp
    13f4:	9c01                	subw	s0,s0,s0
    13f6:	00000133          	add	sp,zero,zero
    13fa:	6509                	lui	a0,0x2
    13fc:	6370                	ld	a2,192(a4)
    13fe:	0100                	addi	s0,sp,128
    1400:	3204                	fld	fs1,32(a2)
    1402:	008a                	slli	ra,ra,0x2
    1404:	0000                	unimp
    1406:	04fe                	slli	s1,s1,0x1f
    1408:	0000                	unimp
    140a:	00073b03          	ld	s6,0(a4)
    140e:	4100                	lw	s0,0(a0)
    1410:	008a                	slli	ra,ra,0x2
    1412:	0000                	unimp
    1414:	050c                	addi	a1,sp,640
    1416:	0000                	unimp
    1418:	00075103          	lhu	sp,0(a4)
    141c:	5200                	lw	s0,32(a2)
    141e:	008a                	slli	ra,ra,0x2
    1420:	0000                	unimp
    1422:	051a                	slli	a0,a0,0x6
    1424:	0000                	unimp
    1426:	00074c03          	lbu	s8,0(a4)
    142a:	6200                	ld	s0,0(a2)
    142c:	00000133          	add	sp,zero,zero
    1430:	0528                	addi	a0,sp,648
    1432:	0000                	unimp
    1434:	4a0a                	lw	s4,128(sp)
    1436:	0005                	c.nop	1
    1438:	0100                	addi	s0,sp,128
    143a:	004a0907          	.insn	4, 0x004a0907
    143e:	0000                	unimp
    1440:	0536                	slli	a0,a0,0xd
    1442:	0000                	unimp
    1444:	003f700b          	.insn	4, 0x003f700b
    1448:	0080                	addi	s0,sp,64
    144a:	0000                	unimp
    144c:	ab00                	fsd	fs0,16(a4)
    144e:	0000                	unimp
    1450:	0000                	unimp
    1452:	080c                	addi	a1,sp,16
    1454:	008a                	slli	ra,ra,0x2
    1456:	0000                	unimp
    1458:	6500                	ld	s0,8(a0)
    145a:	0001                	nop
    145c:	0500                	addi	s0,sp,640
    145e:	0100                	addi	s0,sp,128
    1460:	ab08                	fsd	fa0,16(a4)
    1462:	0009                	c.nop	2
    1464:	0800                	addi	s0,sp,16
    1466:	049e                	slli	s1,s1,0x7
    1468:	0000                	unimp
    146a:	591d                	li	s2,-25
    146c:	0004                	.insn	2, 0x0004
    146e:	7500                	ld	s0,40(a0)
    1470:	0002                	c.slli64	zero
    1472:	7000                	ld	s0,32(s0)
    1474:	0080003f 30000000 	.insn	8, 0x300000000080003f
    147c:	0000                	unimp
    147e:	0000                	unimp
    1480:	0000                	unimp
    1482:	a700                	fsd	fs0,8(a4)
    1484:	01000017          	auipc	zero,0x1000
    1488:	0508                	addi	a0,sp,640
    148a:	0251                	addi	tp,tp,20 # 14 <__stack_align+0x4>
    148c:	0000                	unimp
    148e:	ea09                	bnez	a2,14a0 <__stack_align+0x1490>
    1490:	0005                	c.nop	1
    1492:	0300                	addi	s0,sp,384
    1494:	17d6                	slli	a5,a5,0x35
    1496:	0041                	c.nop	16
    1498:	0000                	unimp
    149a:	0801                	addi	a6,a6,0
    149c:	0001fd07          	.insn	4, 0x0001fd07
    14a0:	0a00                	addi	s0,sp,272
    14a2:	0504                	addi	s1,sp,640
    14a4:	6e69                	lui	t3,0x1a
    14a6:	0074                	addi	a3,sp,12
    14a8:	0801                	addi	a6,a6,0
    14aa:	4c05                	li	s8,1
    14ac:	0002                	c.slli64	zero
    14ae:	0100                	addi	s0,sp,128
    14b0:	0410                	addi	a2,sp,512
    14b2:	047c                	addi	a5,sp,524
    14b4:	0000                	unimp
    14b6:	0401                	addi	s0,s0,0
    14b8:	00020207          	.insn	4, 0x00020207
    14bc:	0100                	addi	s0,sp,128
    14be:	0601                	addi	a2,a2,0
    14c0:	00000187          	.insn	4, 0x0187
    14c4:	0101                	addi	sp,sp,0
    14c6:	8508                	.insn	2, 0x8508
    14c8:	0001                	nop
    14ca:	0100                	addi	s0,sp,128
    14cc:	0502                	c.slli64	a0
    14ce:	000001d3          	fadd.s	ft3,ft0,ft0,rne
    14d2:	0201                	addi	tp,tp,0 # 0 <__boot_hart>
    14d4:	0001ab07          	flw	fs6,0(gp) # 80005220 <__global_pointer$>
    14d8:	0b00                	addi	s0,sp,400
    14da:	0408                	addi	a0,sp,512
    14dc:	0080                	addi	s0,sp,64
    14de:	0000                	unimp
    14e0:	8c05                	sub	s0,s0,s1
    14e2:	0000                	unimp
    14e4:	0100                	addi	s0,sp,128
    14e6:	0801                	addi	a6,a6,0
    14e8:	018e                	slli	gp,gp,0x3
    14ea:	0000                	unimp
    14ec:	0801                	addi	a6,a6,0
    14ee:	0001f807          	.insn	4, 0x0001f807
    14f2:	0600                	addi	s0,sp,768
    14f4:	000007ab          	.insn	4, 0x07ab
    14f8:	8021                	srli	s0,s0,0x8
    14fa:	0000                	unimp
    14fc:	b800                	fsd	fs0,48(s0)
    14fe:	0000                	unimp
    1500:	0200                	addi	s0,sp,256
    1502:	0080                	addi	s0,sp,64
    1504:	0000                	unimp
    1506:	4802                	lw	a6,0(sp)
    1508:	0000                	unimp
    150a:	0200                	addi	s0,sp,256
    150c:	0035                	c.nop	13
    150e:	0000                	unimp
    1510:	0600                	addi	s0,sp,768
    1512:	0796                	slli	a5,a5,0x5
    1514:	0000                	unimp
    1516:	801f 0000 d600      	.insn	6, 0xd6000000801f
    151c:	0000                	unimp
    151e:	0200                	addi	s0,sp,256
    1520:	0082                	c.slli64	ra
    1522:	0000                	unimp
    1524:	db02                	sw	zero,180(sp)
    1526:	0000                	unimp
    1528:	0200                	addi	s0,sp,256
    152a:	0035                	c.nop	13
    152c:	0000                	unimp
    152e:	0500                	addi	s0,sp,640
    1530:	00e0                	addi	s0,sp,76
    1532:	0000                	unimp
    1534:	d604                	sw	s1,40(a2)
    1536:	0000                	unimp
    1538:	0c00                	addi	s0,sp,528
    153a:	560d                	li	a2,-29
    153c:	01000007          	.insn	4, 0x01000007
    1540:	3f700603          	lb	a2,1015(zero) # 3f7 <__stack_align+0x3e7>
    1544:	8000                	.insn	2, 0x8000
    1546:	0000                	unimp
    1548:	0000                	unimp
    154a:	0030                	addi	a2,sp,8
    154c:	0000                	unimp
    154e:	0000                	unimp
    1550:	0000                	unimp
    1552:	9c01                	subw	s0,s0,s0
    1554:	0161                	addi	sp,sp,24
    1556:	0000                	unimp
    1558:	7c0e                	ld	s8,224(sp)
    155a:	01000007          	.insn	4, 0x01000007
    155e:	1405                	addi	s0,s0,-31
    1560:	00000087          	.insn	4, 0x0087
    1564:	5401                	li	s0,-32
    1566:	00079d03          	lh	s10,0(a5)
    156a:	0600                	addi	s0,sp,768
    156c:	0161                	addi	sp,sp,24
    156e:	0000                	unimp
    1570:	00076e03          	lwu	t3,0(a4)
    1574:	0700                	addi	s0,sp,896
    1576:	0161                	addi	sp,sp,24
    1578:	0000                	unimp
    157a:	00076103          	lwu	sp,0(a4)
    157e:	0800                	addi	s0,sp,16
    1580:	0161                	addi	sp,sp,24
    1582:	0000                	unimp
    1584:	00078a03          	lb	s4,0(a5)
    1588:	0900                	addi	s0,sp,144
    158a:	0161                	addi	sp,sp,24
    158c:	0000                	unimp
    158e:	003f8a0f          	.insn	4, 0x003f8a0f
    1592:	0080                	addi	s0,sp,64
    1594:	0000                	unimp
    1596:	b800                	fsd	fs0,48(s0)
    1598:	0000                	unimp
    159a:	4d00                	lw	s0,24(a0)
    159c:	0001                	nop
    159e:	0700                	addi	s0,sp,896
    15a0:	5a01                	li	s4,-32
    15a2:	7802                	ld	a6,32(sp)
    15a4:	0000                	unimp
    15a6:	a010                	fsd	fa2,0(s0)
    15a8:	0080003f 9a000000 	.insn	8, 0x9a0000000080003f
    15b0:	0000                	unimp
    15b2:	0700                	addi	s0,sp,896
    15b4:	5b01                	li	s6,-32
    15b6:	3001                	.insn	2, 0x3001
    15b8:	0000                	unimp
    15ba:	8c11                	sub	s0,s0,a2
    15bc:	0000                	unimp
    15be:	1200                	addi	s0,sp,288
    15c0:	0000                	unimp
    15c2:	0045                	c.nop	17
    15c4:	0000                	unimp
    15c6:	0005                	c.nop	1
    15c8:	0801                	addi	a6,a6,0
    15ca:	0a8e                	slli	s5,s5,0x3
    15cc:	0000                	unimp
    15ce:	9e01                	subw	a2,a2,s0
    15d0:	0004                	.insn	2, 0x0004
    15d2:	1d00                	addi	s0,sp,688
    15d4:	0470                	addi	a2,sp,524
    15d6:	0000                	unimp
    15d8:	0275                	addi	tp,tp,29 # 1d <__stack_align+0xd>
    15da:	0000                	unimp
    15dc:	3fa0                	fld	fs0,120(a5)
    15de:	8000                	.insn	2, 0x8000
    15e0:	0000                	unimp
    15e2:	0000                	unimp
    15e4:	0006                	c.slli	zero,0x1
    15e6:	0000                	unimp
    15e8:	0000                	unimp
    15ea:	0000                	unimp
    15ec:	1886                	slli	a7,a7,0x21
    15ee:	0000                	unimp
    15f0:	b202                	fsd	ft0,288(sp)
    15f2:	01000007          	.insn	4, 0x01000007
    15f6:	3fa02707          	flw	fa4,1018(zero) # 3fa <__stack_align+0x3ea>
    15fa:	8000                	.insn	2, 0x8000
    15fc:	0000                	unimp
    15fe:	0000                	unimp
    1600:	0006                	c.slli	zero,0x1
    1602:	0000                	unimp
    1604:	0000                	unimp
    1606:	0000                	unimp
    1608:	9c01                	subw	s0,s0,s0
    160a:	3c00                	fld	fs0,56(s0)
    160c:	05000003          	lb	zero,80(zero) # 50 <__stack_align+0x40>
    1610:	0100                	addi	s0,sp,128
    1612:	be08                	fsd	fa0,56(a2)
    1614:	000a                	c.slli	zero,0x2
    1616:	1200                	addi	s0,sp,288
    1618:	049e                	slli	s1,s1,0x7
    161a:	0000                	unimp
    161c:	7f1d                	lui	t5,0xfffe7
    161e:	0004                	.insn	2, 0x0004
    1620:	7500                	ld	s0,40(a0)
    1622:	0002                	c.slli64	zero
    1624:	a600                	fsd	fs0,8(a2)
    1626:	0080003f 4c000000 	.insn	8, 0x4c0000000080003f
    162e:	0000                	unimp
    1630:	0000                	unimp
    1632:	0000                	unimp
    1634:	f000                	sd	s0,32(s0)
    1636:	0018                	.insn	2, 0x0018
    1638:	0200                	addi	s0,sp,256
    163a:	0601                	addi	a2,a2,0
    163c:	00000187          	.insn	4, 0x0187
    1640:	0102                	c.slli64	sp
    1642:	8508                	.insn	2, 0x8508
    1644:	0001                	nop
    1646:	0200                	addi	s0,sp,256
    1648:	0502                	c.slli64	a0
    164a:	000001d3          	fadd.s	ft3,ft0,ft0,rne
    164e:	0202                	c.slli64	tp
    1650:	0001ab07          	flw	fs6,0(gp) # 80005220 <__global_pointer$>
    1654:	0100                	addi	s0,sp,128
    1656:	07c4                	addi	s1,sp,964
    1658:	0000                	unimp
    165a:	4d04                	lw	s1,24(a0)
    165c:	5618                	lw	a4,40(a2)
    165e:	0000                	unimp
    1660:	1300                	addi	s0,sp,416
    1662:	0504                	addi	s1,sp,640
    1664:	6e69                	lui	t3,0x1a
    1666:	0074                	addi	a3,sp,12
    1668:	0402                	c.slli64	s0
    166a:	00020207          	.insn	4, 0x00020207
    166e:	0200                	addi	s0,sp,256
    1670:	0508                	addi	a0,sp,640
    1672:	0251                	addi	tp,tp,20 # 14 <__stack_align+0x4>
    1674:	0000                	unimp
    1676:	4f01                	li	t5,0
    1678:	0005                	c.nop	1
    167a:	0400                	addi	s0,sp,512
    167c:	1969                	addi	s2,s2,-6
    167e:	00000077          	.insn	4, 0x0077
    1682:	0802                	c.slli64	a6
    1684:	0001fd07          	.insn	4, 0x0001fd07
    1688:	0100                	addi	s0,sp,128
    168a:	000006bf 771ae804 	.insn	8, 0x771ae804000006bf
    1692:	0000                	unimp
    1694:	0100                	addi	s0,sp,128
    1696:	07c6                	slli	a5,a5,0x11
    1698:	0000                	unimp
    169a:	2c05                	addiw	s8,s8,1 # 1001 <__stack_align+0xff1>
    169c:	00004a13          	xori	s4,zero,0
    16a0:	0100                	addi	s0,sp,128
    16a2:	0551                	addi	a0,a0,20 # 2014 <__stack_align+0x2004>
    16a4:	0000                	unimp
    16a6:	3c05                	addiw	s8,s8,-31
    16a8:	6b14                	ld	a3,16(a4)
    16aa:	0000                	unimp
    16ac:	0800                	addi	s0,sp,16
    16ae:	0096                	slli	ra,ra,0x5
    16b0:	0000                	unimp
    16b2:	c101                	beqz	a0,16b2 <__stack_align+0x16a2>
    16b4:	0006                	c.slli	zero,0x1
    16b6:	0500                	addi	s0,sp,640
    16b8:	1552                	slli	a0,a0,0x34
    16ba:	007e                	c.slli	zero,0x1f
    16bc:	0000                	unimp
    16be:	ec01                	bnez	s0,16d6 <__stack_align+0x16c6>
    16c0:	02000007          	.insn	4, 0x02000007
    16c4:	008a111b          	slliw	sp,s4,0x8
    16c8:	0000                	unimp
    16ca:	b314                	fsd	fa3,32(a4)
    16cc:	0000                	unimp
    16ce:	1500                	addi	s0,sp,672
    16d0:	0304                	addi	s1,sp,384
    16d2:	0906                	slli	s2,s2,0x1
    16d4:	000000db          	.insn	4, 0x00db
    16d8:	d316                	sw	t0,164(sp)
    16da:	03000007          	.insn	4, 0x03000007
    16de:	00b30e07          	.insn	4, 0x00b30e07
    16e2:	0000                	unimp
    16e4:	0000                	unimp
    16e6:	b901                	j	12f6 <__stack_align+0x12e6>
    16e8:	03000007          	.insn	4, 0x03000007
    16ec:	0308                	addi	a0,sp,384
    16ee:	00c4                	addi	s1,sp,68
    16f0:	0000                	unimp
    16f2:	3409                	addiw	s0,s0,-30
    16f4:	0005                	c.nop	1
    16f6:	0600                	addi	s0,sp,768
    16f8:	00a2                	slli	ra,ra,0x8
    16fa:	0000                	unimp
    16fc:	4109                	li	sp,2
    16fe:	0005                	c.nop	1
    1700:	0700                	addi	s0,sp,896
    1702:	00a2                	slli	ra,ra,0x8
    1704:	0000                	unimp
    1706:	e70a                	sd	sp,392(sp)
    1708:	0000                	unimp
    170a:	0700                	addi	s0,sp,896
    170c:	0309                	addi	t1,t1,2
    170e:	47c0                	lw	s0,12(a5)
    1710:	8000                	.insn	2, 0x8000
    1712:	0000                	unimp
    1714:	0000                	unimp
    1716:	f10a                	sd	sp,160(sp)
    1718:	0000                	unimp
    171a:	0800                	addi	s0,sp,16
    171c:	0309                	addi	t1,t1,2
    171e:	47c8                	lw	a0,12(a5)
    1720:	8000                	.insn	2, 0x8000
    1722:	0000                	unimp
    1724:	0000                	unimp
    1726:	0007ce17          	auipc	t3,0x7c
    172a:	0100                	addi	s0,sp,128
    172c:	130a                	slli	t1,t1,0x22
    172e:	000000db          	.insn	4, 0x00db
    1732:	0309                	addi	t1,t1,2
    1734:	4ac0                	lw	s0,20(a3)
    1736:	8000                	.insn	2, 0x8000
    1738:	0000                	unimp
    173a:	0000                	unimp
    173c:	b218                	fsd	fa4,32(a2)
    173e:	0006                	c.slli	zero,0x1
    1740:	0100                	addi	s0,sp,128
    1742:	060c                	addi	a1,sp,768
    1744:	0064                	addi	s1,sp,12
    1746:	0000                	unimp
    1748:	3fa6                	fld	ft11,104(sp)
    174a:	8000                	.insn	2, 0x8000
    174c:	0000                	unimp
    174e:	0000                	unimp
    1750:	004c                	addi	a1,sp,4
    1752:	0000                	unimp
    1754:	0000                	unimp
    1756:	0000                	unimp
    1758:	9c01                	subw	s0,s0,s0
    175a:	0289                	addi	t0,t0,2
    175c:	0000                	unimp
    175e:	6105                	addi	sp,sp,32
    1760:	0030                	addi	a2,sp,8
    1762:	961c                	.insn	2, 0x961c
    1764:	0000                	unimp
    1766:	4800                	lw	s0,16(s0)
    1768:	0005                	c.nop	1
    176a:	1900                	addi	s0,sp,176
    176c:	3161                	addiw	sp,sp,-8
    176e:	0100                	addi	s0,sp,128
    1770:	290c                	fld	fa1,16(a0)
    1772:	0096                	slli	ra,ra,0x5
    1774:	0000                	unimp
    1776:	5b01                	li	s6,-32
    1778:	6105                	addi	sp,sp,32
    177a:	0032                	c.slli	zero,0xc
    177c:	9636                	add	a2,a2,a3
    177e:	0000                	unimp
    1780:	5600                	lw	s0,40(a2)
    1782:	0005                	c.nop	1
    1784:	0500                	addi	s0,sp,640
    1786:	006e                	c.slli	zero,0x1b
    1788:	7748                	ld	a0,168(a4)
    178a:	0000                	unimp
    178c:	6a00                	ld	s0,16(a2)
    178e:	0005                	c.nop	1
    1790:	0b00                	addi	s0,sp,400
    1792:	7562                	ld	a0,56(sp)
    1794:	0066                	c.slli	zero,0x19
    1796:	170e                	slli	a4,a4,0x23
    1798:	0299                	addi	t0,t0,6
    179a:	0000                	unimp
    179c:	9102                	jalr	sp
    179e:	0b40                	addi	s0,sp,404
    17a0:	0f006373          	csrrsi	t1,0xf0,0
    17a4:	960e                	add	a2,a2,gp
    17a6:	0000                	unimp
    17a8:	0100                	addi	s0,sp,128
    17aa:	0c5c                	addi	a5,sp,532
    17ac:	02ba                	slli	t0,t0,0xe
    17ae:	0000                	unimp
    17b0:	3fbe                	fld	ft11,488(sp)
    17b2:	8000                	.insn	2, 0x8000
    17b4:	0000                	unimp
    17b6:	0000                	unimp
    17b8:	000c                	.insn	2, 0x000c
    17ba:	0000                	unimp
    17bc:	0000                	unimp
    17be:	0000                	unimp
    17c0:	00021717          	auipc	a4,0x21
    17c4:	0300                	addi	s0,sp,384
    17c6:	02c5                	addi	t0,t0,17
    17c8:	0000                	unimp
    17ca:	0578                	addi	a4,sp,652
    17cc:	0000                	unimp
    17ce:	eb1a                	sd	t1,400(sp)
    17d0:	0002                	c.slli64	zero
    17d2:	be00                	fsd	fs0,56(a2)
    17d4:	0080003f 68000000 	.insn	8, 0x680000000080003f
    17dc:	0000                	unimp
    17de:	0300                	addi	s0,sp,384
    17e0:	0e12                	slli	t3,t3,0x4
    17e2:	01f9                	addi	gp,gp,30 # 8000523e <__global_pointer$+0x1e>
    17e4:	0000                	unimp
    17e6:	00030203          	lb	tp,0(t1)
    17ea:	8700                	.insn	2, 0x8700
    17ec:	0005                	c.nop	1
    17ee:	0300                	addi	s0,sp,384
    17f0:	02f9                	addi	t0,t0,30
    17f2:	0000                	unimp
    17f4:	0000058f          	.insn	4, 0x058f
    17f8:	0000681b          	.insn	4, 0x681b
    17fc:	1c00                	addi	s0,sp,560
    17fe:	0000030b          	.insn	4, 0x030b
    1802:	0000                	unimp
    1804:	160d                	addi	a2,a2,-29
    1806:	c0000003          	lb	zero,-1024(zero) # fffffffffffffc00 <__heap_end+0xffffffff7ffdac00>
    180a:	0080003f 02000000 	.insn	8, 0x020000000080003f
    1812:	0000                	unimp
    1814:	0000                	unimp
    1816:	0000                	unimp
    1818:	1000                	addi	s0,sp,32
    181a:	1d10                	addi	a2,sp,688
    181c:	0324                	addi	s1,sp,392
    181e:	0000                	unimp
    1820:	0000                	unimp
    1822:	330e                	fld	ft6,224(sp)
    1824:	ca000003          	lb	zero,-864(zero) # fffffffffffffca0 <__heap_end+0xffffffff7ffdaca0>
    1828:	0080003f 04000000 	.insn	8, 0x040000000080003f
    1830:	0000                	unimp
    1832:	0000                	unimp
    1834:	0000                	unimp
    1836:	1800                	addi	s0,sp,48
    1838:	9e0c                	.insn	2, 0x9e0c
    183a:	0002                	c.slli64	zero
    183c:	e400                	sd	s0,8(s0)
    183e:	0080003f 04000000 	.insn	8, 0x040000000080003f
    1846:	0000                	unimp
    1848:	0000                	unimp
    184a:	0000                	unimp
    184c:	1c00                	addi	s0,sp,560
    184e:	0272                	slli	tp,tp,0x1c
    1850:	0000                	unimp
    1852:	0002a903          	lw	s2,0(t0)
    1856:	9e00                	.insn	2, 0x9e00
    1858:	0005                	c.nop	1
    185a:	0d00                	addi	s0,sp,656
    185c:	02d1                	addi	t0,t0,20
    185e:	0000                	unimp
    1860:	3fe4                	fld	fs1,248(a5)
    1862:	8000                	.insn	2, 0x8000
    1864:	0000                	unimp
    1866:	0000                	unimp
    1868:	0004                	.insn	2, 0x0004
    186a:	0000                	unimp
    186c:	0000                	unimp
    186e:	0000                	unimp
    1870:	dc030517          	auipc	a0,0xdc030
    1874:	0002                	c.slli64	zero
    1876:	9e00                	.insn	2, 0x9e00
    1878:	0005                	c.nop	1
    187a:	0000                	unimp
    187c:	0e00                	addi	s0,sp,784
    187e:	0339                	addi	t1,t1,14
    1880:	0000                	unimp
    1882:	3fe8                	fld	fa0,248(a5)
    1884:	8000                	.insn	2, 0x8000
    1886:	0000                	unimp
    1888:	0000                	unimp
    188a:	0004                	.insn	2, 0x0004
    188c:	0000                	unimp
    188e:	0000                	unimp
    1890:	0000                	unimp
    1892:	001e                	c.slli	zero,0x7
    1894:	a21e                	fsd	ft7,256(sp)
    1896:	0000                	unimp
    1898:	9900                	.insn	2, 0x9900
    189a:	0002                	c.slli64	zero
    189c:	1f00                	addi	s0,sp,944
    189e:	00000077          	.insn	4, 0x0077
    18a2:	89080007          	.insn	4, 0x89080007
    18a6:	0002                	c.slli64	zero
    18a8:	0600                	addi	s0,sp,768
    18aa:	0000080b          	.insn	4, 0x080b
    18ae:	02b51503          	lh	a0,43(a0) # ffffffffdc03189b <__heap_end+0xffffffff5c00c89b>
    18b2:	0000                	unimp
    18b4:	0007d30f          	.insn	4, 0x0007d30f
    18b8:	1500                	addi	s0,sp,672
    18ba:	b52c                	fsd	fa1,104(a0)
    18bc:	0002                	c.slli64	zero
    18be:	0000                	unimp
    18c0:	0000db07          	.insn	4, 0xdb07
    18c4:	0600                	addi	s0,sp,768
    18c6:	0801                	addi	a6,a6,0
    18c8:	0000                	unimp
    18ca:	02d10c03          	lb	s8,45(sp)
    18ce:	0000                	unimp
    18d0:	0007d30f          	.insn	4, 0x0007d30f
    18d4:	0c00                	addi	s0,sp,528
    18d6:	b52a                	fsd	fa0,168(sp)
    18d8:	0002                	c.slli64	zero
    18da:	0000                	unimp
    18dc:	1706                	slli	a4,a4,0x21
    18de:	0008                	.insn	2, 0x0008
    18e0:	0200                	addi	s0,sp,256
    18e2:	e63c                	sd	a5,72(a2)
    18e4:	0002                	c.slli64	zero
    18e6:	0400                	addi	s0,sp,512
    18e8:	0070                	addi	a2,sp,12
    18ea:	333c                	fld	fa5,96(a4)
    18ec:	02e6                	slli	t0,t0,0x19
    18ee:	0000                	unimp
    18f0:	0700                	addi	s0,sp,896
    18f2:	000000b3          	add	ra,zero,zero
    18f6:	d810                	sw	a2,48(s0)
    18f8:	28000007          	.insn	4, 0x28000007
    18fc:	0064                	addi	s1,sp,12
    18fe:	0000                	unimp
    1900:	0316                	slli	t1,t1,0x5
    1902:	0000                	unimp
    1904:	7004                	ld	s1,32(s0)
    1906:	2800                	fld	fs0,16(s0)
    1908:	e632                	sd	a2,264(sp)
    190a:	0002                	c.slli64	zero
    190c:	0400                	addi	s0,sp,512
    190e:	0076                	c.slli	zero,0x1d
    1910:	3e28                	fld	fa0,120(a2)
    1912:	000000b3          	add	ra,zero,zero
    1916:	6e20                	ld	s0,88(a2)
    1918:	0200                	addi	s0,sp,256
    191a:	0a2a                	slli	s4,s4,0xa
    191c:	0064                	addi	s1,sp,12
    191e:	0000                	unimp
    1920:	1000                	addi	s0,sp,32
    1922:	07f5                	addi	a5,a5,29
    1924:	0000                	unimp
    1926:	641d                	lui	s0,0x7
    1928:	0000                	unimp
    192a:	2e00                	fld	fs0,24(a2)
    192c:	04000003          	lb	zero,64(zero) # 40 <__stack_align+0x30>
    1930:	0070                	addi	a2,sp,12
    1932:	301d                	.insn	2, 0x301d
    1934:	032e                	slli	t1,t1,0xb
    1936:	0000                	unimp
    1938:	0700                	addi	s0,sp,896
    193a:	000000bf 626d7711 	.insn	8, 0x626d7711000000bf
    1942:	1600                	addi	s0,sp,800
    1944:	7211                	lui	tp,0xfffe4
    1946:	626d                	lui	tp,0x1b
    1948:	1500                	addi	s0,sp,672
	...

Disassembly of section .debug_abbrev:

0000000000000000 <.debug_abbrev>:
   0:	0501                	addi	a0,a0,0
   2:	4900                	lw	s0,16(a0)
   4:	02000013          	li	zero,32
   8:	0024                	addi	s1,sp,8
   a:	0b3e0b0b          	.insn	4, 0x0b3e0b0b
   e:	00000e03          	lb	t3,0(zero) # 0 <__boot_hart>
  12:	03003403          	ld	s0,48(zero) # 30 <__stack_align+0x20>
  16:	3a0e                	fld	fs4,224(sp)
  18:	0121                	addi	sp,sp,8
  1a:	21390b3b          	.insn	4, 0x21390b3b
  1e:	4912                	lw	s2,4(sp)
  20:	04000013          	li	zero,64
  24:	012e                	slli	sp,sp,0xb
  26:	0e03193f 0b3b0b3a 	.insn	8, 0x0b3b0b3a0e03193f
  2e:	0b39                	addi	s6,s6,14
  30:	13491927          	.insn	4, 0x13491927
  34:	193c                	addi	a5,sp,184
  36:	1301                	addi	t1,t1,-32
  38:	0000                	unimp
  3a:	3405                	addiw	s0,s0,-31 # 6fe1 <__stack_size_min+0xfe1>
  3c:	0300                	addi	s0,sp,384
  3e:	3a0e                	fld	fs4,224(sp)
  40:	0121                	addi	sp,sp,8
  42:	0b390b3b          	.insn	4, 0x0b390b3b
  46:	1349                	addi	t1,t1,-14
  48:	1802                	slli	a6,a6,0x20
  4a:	0000                	unimp
  4c:	0d06                	slli	s10,s10,0x1
  4e:	0300                	addi	s0,sp,384
  50:	3a0e                	fld	fs4,224(sp)
  52:	0121                	addi	sp,sp,8
  54:	21390b3b          	.insn	4, 0x21390b3b
  58:	3813490b          	.insn	4, 0x3813490b
  5c:	0700000b          	.insn	4, 0x0700000b
  60:	0034                	addi	a3,sp,8
  62:	213a0803          	lb	a6,531(s4)
  66:	3b01                	addiw	s6,s6,-32
  68:	490b390b          	.insn	4, 0x490b390b
  6c:	00170213          	addi	tp,a4,1 # 227c1 <__heap_size+0x27c1>
  70:	0800                	addi	s0,sp,16
  72:	0026                	c.slli	zero,0x9
  74:	1349                	addi	t1,t1,-14
  76:	0000                	unimp
  78:	1609                	addi	a2,a2,-30
  7a:	0300                	addi	s0,sp,384
  7c:	3a0e                	fld	fs4,224(sp)
  7e:	390b3b0b          	.insn	4, 0x390b3b0b
  82:	0013490b          	.insn	4, 0x0013490b
  86:	0a00                	addi	s0,sp,272
  88:	210b000f          	.insn	4, 0x210b000f
  8c:	4908                	lw	a0,16(a0)
  8e:	0b000013          	li	zero,176
  92:	000d                	c.nop	3
  94:	213a0803          	lb	a6,531(s4)
  98:	3b01                	addiw	s6,s6,-32
  9a:	0721                	addi	a4,a4,8
  9c:	0b39                	addi	s6,s6,14
  9e:	1349                	addi	t1,t1,-14
  a0:	0b38                	addi	a4,sp,408
  a2:	0000                	unimp
  a4:	340c                	fld	fa1,40(s0)
  a6:	0300                	addi	s0,sp,384
  a8:	3a08                	fld	fa0,48(a2)
  aa:	0121                	addi	sp,sp,8
  ac:	391f213b          	.insn	4, 0x391f213b
  b0:	0213490b          	.insn	4, 0x0213490b
  b4:	0018                	.insn	2, 0x0018
  b6:	0d00                	addi	s0,sp,656
  b8:	0111010b          	.insn	4, 0x0111010b
  bc:	0712                	slli	a4,a4,0x4
  be:	1301                	addi	t1,t1,-32
  c0:	0000                	unimp
  c2:	480e                	lw	a6,192(sp)
  c4:	7d01                	lui	s10,0xfffe0
  c6:	7f01                	lui	t5,0xfffe0
  c8:	0f000013          	li	zero,240
  cc:	0049                	c.nop	18
  ce:	1802                	slli	a6,a6,0x20
  d0:	187e                	slli	a6,a6,0x3f
  d2:	0000                	unimp
  d4:	2110                	fld	fa2,0(a0)
  d6:	4900                	lw	s0,16(a0)
  d8:	03212f13          	slti	t5,sp,50
  dc:	0000                	unimp
  de:	1111                	addi	sp,sp,-28
  e0:	2501                	sext.w	a0,a0
  e2:	130e                	slli	t1,t1,0x23
  e4:	1b1f030b          	.insn	4, 0x1b1f030b
  e8:	551f 1117 1001      	.insn	6, 0x10011117551f
  ee:	12000017          	auipc	zero,0x12000
  f2:	0024                	addi	s1,sp,8
  f4:	0b3e0b0b          	.insn	4, 0x0b3e0b0b
  f8:	00000803          	lb	a6,0(zero) # 0 <__boot_hart>
  fc:	49003713          	sltiu	a4,zero,1168
 100:	14000013          	li	zero,320
 104:	0b0b0113          	addi	sp,s6,176
 108:	0b3a                	slli	s6,s6,0xe
 10a:	0b390b3b          	.insn	4, 0x0b390b3b
 10e:	1301                	addi	t1,t1,-32
 110:	0000                	unimp
 112:	1815                	addi	a6,a6,-27
 114:	0000                	unimp
 116:	1600                	addi	s0,sp,800
 118:	012e                	slli	sp,sp,0xb
 11a:	0e03193f 0b3b0b3a 	.insn	8, 0x0b3b0b3a0e03193f
 122:	0b39                	addi	s6,s6,14
 124:	193c1927          	.insn	4, 0x193c1927
 128:	1301                	addi	t1,t1,-32
 12a:	0000                	unimp
 12c:	03010117          	auipc	sp,0x3010
 130:	870e                	mv	a4,gp
 132:	1942                	slli	s2,s2,0x30
 134:	1349                	addi	t1,t1,-14
 136:	1934                	addi	a3,sp,184
 138:	1301                	addi	t1,t1,-32
 13a:	0000                	unimp
 13c:	2118                	fld	fa4,0(a0)
 13e:	2f00                	fld	fs0,24(a4)
 140:	0018                	.insn	2, 0x0018
 142:	1900                	addi	s0,sp,176
 144:	012e                	slli	sp,sp,0xb
 146:	0e03193f 0b3b0b3a 	.insn	8, 0x0b3b0b3a0e03193f
 14e:	0b39                	addi	s6,s6,14
 150:	13491927          	.insn	4, 0x13491927
 154:	0111                	addi	sp,sp,4 # 3010130 <__heap_size+0x2ff0130>
 156:	0712                	slli	a4,a4,0x4
 158:	1840                	addi	s0,sp,52
 15a:	197a                	slli	s2,s2,0x3e
 15c:	1301                	addi	t1,t1,-32
 15e:	0000                	unimp
 160:	341a                	fld	fs0,416(sp)
 162:	0300                	addi	s0,sp,384
 164:	3a08                	fld	fa0,48(a2)
 166:	390b3b0b          	.insn	4, 0x390b3b0b
 16a:	1c13490b          	.insn	4, 0x1c13490b
 16e:	1b00000b          	.insn	4, 0x1b00000b
 172:	0034                	addi	a3,sp,8
 174:	0b3a0803          	lb	a6,179(s4)
 178:	0b390b3b          	.insn	4, 0x0b390b3b
 17c:	1349                	addi	t1,t1,-14
 17e:	0a1c                	addi	a5,sp,272
 180:	0000                	unimp
 182:	341c                	fld	fa5,40(s0)
 184:	0300                	addi	s0,sp,384
 186:	3a0e                	fld	fs4,224(sp)
 188:	390b3b0b          	.insn	4, 0x390b3b0b
 18c:	1c13490b          	.insn	4, 0x1c13490b
 190:	000a                	c.slli	zero,0x2
 192:	1d00                	addi	s0,sp,688
 194:	0034                	addi	a3,sp,8
 196:	0b3a0e03          	lb	t3,179(s4)
 19a:	0b390b3b          	.insn	4, 0x0b390b3b
 19e:	1349                	addi	t1,t1,-14
 1a0:	1702                	slli	a4,a4,0x20
 1a2:	0000                	unimp
 1a4:	0b1e                	slli	s6,s6,0x7
 1a6:	5501                	li	a0,-32
 1a8:	00130117          	auipc	sp,0x130
 1ac:	1f00                	addi	s0,sp,944
 1ae:	0101                	addi	sp,sp,0 # 1301a8 <__heap_size+0x1101a8>
 1b0:	1349                	addi	t1,t1,-14
 1b2:	1301                	addi	t1,t1,-32
 1b4:	0000                	unimp
 1b6:	0120                	addi	s0,sp,136
 1b8:	4901                	li	s2,0
 1ba:	00000013          	nop
 1be:	2401                	sext.w	s0,s0
 1c0:	0b00                	addi	s0,sp,400
 1c2:	030b3e0b          	.insn	4, 0x030b3e0b
 1c6:	000e                	c.slli	zero,0x3
 1c8:	0200                	addi	s0,sp,256
 1ca:	0034                	addi	a3,sp,8
 1cc:	213a0e03          	lb	t3,531(s4)
 1d0:	3b01                	addiw	s6,s6,-32
 1d2:	0321390b          	.insn	4, 0x0321390b
 1d6:	1349                	addi	t1,t1,-14
 1d8:	1702                	slli	a4,a4,0x20
 1da:	0000                	unimp
 1dc:	03003403          	ld	s0,48(zero) # 30 <__stack_align+0x20>
 1e0:	3a08                	fld	fa0,48(a2)
 1e2:	0121                	addi	sp,sp,8
 1e4:	0b390b3b          	.insn	4, 0x0b390b3b
 1e8:	1349                	addi	t1,t1,-14
 1ea:	1702                	slli	a4,a4,0x20
 1ec:	0000                	unimp
 1ee:	0d04                	addi	s1,sp,656
 1f0:	0300                	addi	s0,sp,384
 1f2:	3a0e                	fld	fs4,224(sp)
 1f4:	390b3b0b          	.insn	4, 0x390b3b0b
 1f8:	0d13490b          	.insn	4, 0x0d13490b
 1fc:	000b6b0b          	.insn	4, 0x000b6b0b
 200:	0500                	addi	s0,sp,640
 202:	0b0b0113          	addi	sp,s6,176
 206:	0b3a                	slli	s6,s6,0xe
 208:	21390b3b          	.insn	4, 0x21390b3b
 20c:	00130103          	lb	sp,1(t1)
 210:	0600                	addi	s0,sp,768
 212:	000d                	c.nop	3
 214:	0b3a0e03          	lb	t3,179(s4)
 218:	21390b3b          	.insn	4, 0x21390b3b
 21c:	4905                	li	s2,1
 21e:	07000013          	li	zero,112
 222:	0034                	addi	a3,sp,8
 224:	213a0e03          	lb	t3,531(s4)
 228:	3b01                	addiw	s6,s6,-32
 22a:	0321390b          	.insn	4, 0x0321390b
 22e:	1349                	addi	t1,t1,-14
 230:	0000                	unimp
 232:	1608                	addi	a0,sp,800
 234:	0300                	addi	s0,sp,384
 236:	3a0e                	fld	fs4,224(sp)
 238:	390b3b0b          	.insn	4, 0x390b3b0b
 23c:	0f21                	addi	t5,t5,8 # fffffffffffe0008 <__heap_end+0xffffffff7ffbb008>
 23e:	1349                	addi	t1,t1,-14
 240:	0000                	unimp
 242:	0d09                	addi	s10,s10,2 # fffffffffffe0002 <__heap_end+0xffffffff7ffbb002>
 244:	0300                	addi	s0,sp,384
 246:	3a08                	fld	fa0,48(a2)
 248:	390b3b0b          	.insn	4, 0x390b3b0b
 24c:	0e21                	addi	t3,t3,8 # 7d72e <__heap_size+0x5d72e>
 24e:	1349                	addi	t1,t1,-14
 250:	0b0d                	addi	s6,s6,3
 252:	00000b6b          	.insn	4, 0x0b6b
 256:	170a                	slli	a4,a4,0x22
 258:	0301                	addi	t1,t1,0
 25a:	0b0e                	slli	s6,s6,0x3
 25c:	3b0b3a0b          	.insn	4, 0x3b0b3a0b
 260:	0721390b          	.insn	4, 0x0721390b
 264:	1301                	addi	t1,t1,-32
 266:	0000                	unimp
 268:	03000d0b          	.insn	4, 0x03000d0b
 26c:	3a08                	fld	fa0,48(a2)
 26e:	390b3b0b          	.insn	4, 0x390b3b0b
 272:	0a21                	addi	s4,s4,8
 274:	1349                	addi	t1,t1,-14
 276:	0000                	unimp
 278:	0d0c                	addi	a1,sp,656
 27a:	0300                	addi	s0,sp,384
 27c:	3a08                	fld	fa0,48(a2)
 27e:	0321                	addi	t1,t1,8
 280:	0b390b3b          	.insn	4, 0x0b390b3b
 284:	1349                	addi	t1,t1,-14
 286:	0b38                	addi	a4,sp,408
 288:	0000                	unimp
 28a:	340d                	addiw	s0,s0,-29
 28c:	0300                	addi	s0,sp,384
 28e:	3a08                	fld	fa0,48(a2)
 290:	0121                	addi	sp,sp,8
 292:	21390b3b          	.insn	4, 0x21390b3b
 296:	00134903          	lbu	s2,1(t1)
 29a:	0e00                	addi	s0,sp,784
 29c:	1755010b          	.insn	4, 0x1755010b
 2a0:	1301                	addi	t1,t1,-32
 2a2:	0000                	unimp
 2a4:	2501110f          	.insn	4, 0x2501110f
 2a8:	130e                	slli	t1,t1,0x23
 2aa:	1b1f030b          	.insn	4, 0x1b1f030b
 2ae:	111f 1201 1007      	.insn	6, 0x10071201111f
 2b4:	10000017          	auipc	zero,0x10000
 2b8:	0024                	addi	s1,sp,8
 2ba:	0b3e0b0b          	.insn	4, 0x0b3e0b0b
 2be:	00000803          	lb	a6,0(zero) # 0 <__boot_hart>
 2c2:	2e11                	addiw	t3,t3,4
 2c4:	3f01                	addiw	t5,t5,-32
 2c6:	0319                	addi	t1,t1,6
 2c8:	3a0e                	fld	fs4,224(sp)
 2ca:	390b3b0b          	.insn	4, 0x390b3b0b
 2ce:	4919270b          	.insn	4, 0x4919270b
 2d2:	12011113          	.insn	4, 0x12011113
 2d6:	7a184007          	.insn	4, 0x7a184007
 2da:	0119                	addi	sp,sp,6
 2dc:	12000013          	li	zero,288
 2e0:	0005                	c.nop	1
 2e2:	0b3a0803          	lb	a6,179(s4)
 2e6:	0b390b3b          	.insn	4, 0x0b390b3b
 2ea:	1349                	addi	t1,t1,-14
 2ec:	1702                	slli	a4,a4,0x20
 2ee:	0000                	unimp
 2f0:	55010b13          	addi	s6,sp,1360
 2f4:	14000017          	auipc	zero,0x14000
 2f8:	0111010b          	.insn	4, 0x0111010b
 2fc:	0712                	slli	a4,a4,0x4
 2fe:	0000                	unimp
 300:	0100                	addi	s0,sp,128
 302:	0024                	addi	s1,sp,8
 304:	0b3e0b0b          	.insn	4, 0x0b3e0b0b
 308:	00000e03          	lb	t3,0(zero) # 0 <__boot_hart>
 30c:	1102                	slli	sp,sp,0x20
 30e:	2501                	sext.w	a0,a0
 310:	130e                	slli	t1,t1,0x23
 312:	1b1f030b          	.insn	4, 0x1b1f030b
 316:	111f 1201 1007      	.insn	6, 0x10071201111f
 31c:	03000017          	auipc	zero,0x3000
 320:	0024                	addi	s1,sp,8
 322:	0b3e0b0b          	.insn	4, 0x0b3e0b0b
 326:	00000803          	lb	a6,0(zero) # 0 <__boot_hart>
 32a:	2e04                	fld	fs1,24(a2)
 32c:	3f00                	fld	fs0,56(a4)
 32e:	0319                	addi	t1,t1,6
 330:	3a0e                	fld	fs4,224(sp)
 332:	390b3b0b          	.insn	4, 0x390b3b0b
 336:	4919270b          	.insn	4, 0x4919270b
 33a:	00193c13          	seqz	s8,s2
 33e:	0500                	addi	s0,sp,640
 340:	0b0b000f          	.insn	4, 0x0b0b000f
 344:	1349                	addi	t1,t1,-14
 346:	0000                	unimp
 348:	2e06                	fld	ft8,64(sp)
 34a:	3f01                	addiw	t5,t5,-32
 34c:	0319                	addi	t1,t1,6
 34e:	3a0e                	fld	fs4,224(sp)
 350:	390b3b0b          	.insn	4, 0x390b3b0b
 354:	4919270b          	.insn	4, 0x4919270b
 358:	12011113          	.insn	4, 0x12011113
 35c:	7a184007          	.insn	4, 0x7a184007
 360:	0019                	c.nop	6
 362:	0700                	addi	s0,sp,896
 364:	0005                	c.nop	1
 366:	0b3a0e03          	lb	t3,179(s4)
 36a:	0b390b3b          	.insn	4, 0x0b390b3b
 36e:	1349                	addi	t1,t1,-14
 370:	1702                	slli	a4,a4,0x20
 372:	0000                	unimp
 374:	4808                	lw	a0,16(s0)
 376:	7d00                	ld	s0,56(a0)
 378:	7f01                	lui	t5,0xfffe0
 37a:	00000013          	nop
 37e:	2401                	sext.w	s0,s0
 380:	0b00                	addi	s0,sp,400
 382:	030b3e0b          	.insn	4, 0x030b3e0b
 386:	000e                	c.slli	zero,0x3
 388:	0200                	addi	s0,sp,256
 38a:	0016                	c.slli	zero,0x5
 38c:	0b3a0e03          	lb	t3,179(s4)
 390:	0b390b3b          	.insn	4, 0x0b390b3b
 394:	1349                	addi	t1,t1,-14
 396:	0000                	unimp
 398:	03003403          	ld	s0,48(zero) # 30 <__stack_align+0x20>
 39c:	3a0e                	fld	fs4,224(sp)
 39e:	0421                	addi	s0,s0,8
 3a0:	21390b3b          	.insn	4, 0x21390b3b
 3a4:	491a                	lw	s2,132(sp)
 3a6:	3c193f13          	sltiu	t5,s2,961
 3aa:	0019                	c.nop	6
 3ac:	0400                	addi	s0,sp,512
 3ae:	0111                	addi	sp,sp,4
 3b0:	0e25                	addi	t3,t3,9
 3b2:	1f030b13          	addi	s6,t1,496
 3b6:	01111f1b          	slliw	t5,sp,0x11
 3ba:	0712                	slli	a4,a4,0x4
 3bc:	1710                	addi	a2,sp,928
 3be:	0000                	unimp
 3c0:	2405                	addiw	s0,s0,1
 3c2:	0b00                	addi	s0,sp,400
 3c4:	030b3e0b          	.insn	4, 0x030b3e0b
 3c8:	0008                	.insn	2, 0x0008
 3ca:	0600                	addi	s0,sp,768
 3cc:	0035                	c.nop	13
 3ce:	1349                	addi	t1,t1,-14
 3d0:	0000                	unimp
 3d2:	3f012e07          	flw	ft8,1008(sp)
 3d6:	0319                	addi	t1,t1,6
 3d8:	3a0e                	fld	fs4,224(sp)
 3da:	390b3b0b          	.insn	4, 0x390b3b0b
 3de:	8719270b          	.insn	4, 0x8719270b
 3e2:	1901                	addi	s2,s2,-32
 3e4:	0111                	addi	sp,sp,4
 3e6:	0712                	slli	a4,a4,0x4
 3e8:	1840                	addi	s0,sp,52
 3ea:	197a                	slli	s2,s2,0x3e
 3ec:	0000                	unimp
 3ee:	0508                	addi	a0,sp,640
 3f0:	0300                	addi	s0,sp,384
 3f2:	3a0e                	fld	fs4,224(sp)
 3f4:	390b3b0b          	.insn	4, 0x390b3b0b
 3f8:	0213490b          	.insn	4, 0x0213490b
 3fc:	0018                	.insn	2, 0x0018
 3fe:	0900                	addi	s0,sp,144
 400:	0034                	addi	a3,sp,8
 402:	0b3a0803          	lb	a6,179(s4)
 406:	0b390b3b          	.insn	4, 0x0b390b3b
 40a:	1349                	addi	t1,t1,-14
 40c:	1802                	slli	a6,a6,0x20
 40e:	0000                	unimp
 410:	0100                	addi	s0,sp,128
 412:	0016                	c.slli	zero,0x5
 414:	0b3a0e03          	lb	t3,179(s4)
 418:	0b390b3b          	.insn	4, 0x0b390b3b
 41c:	1349                	addi	t1,t1,-14
 41e:	0000                	unimp
 420:	0d02                	c.slli64	s10
 422:	0300                	addi	s0,sp,384
 424:	3a0e                	fld	fs4,224(sp)
 426:	390b3b0b          	.insn	4, 0x390b3b0b
 42a:	3813490b          	.insn	4, 0x3813490b
 42e:	0300000b          	.insn	4, 0x0300000b
 432:	0024                	addi	s1,sp,8
 434:	0b3e0b0b          	.insn	4, 0x0b3e0b0b
 438:	00000e03          	lb	t3,0(zero) # 0 <__boot_hart>
 43c:	1304                	addi	s1,sp,416
 43e:	0301                	addi	t1,t1,0
 440:	0b0e                	slli	s6,s6,0x3
 442:	3b0b3a0b          	.insn	4, 0x3b0b3a0b
 446:	0821390b          	.insn	4, 0x0821390b
 44a:	1301                	addi	t1,t1,-32
 44c:	0000                	unimp
 44e:	0f05                	addi	t5,t5,1 # fffffffffffe0001 <__heap_end+0xffffffff7ffbb001>
 450:	0b00                	addi	s0,sp,400
 452:	0821                	addi	a6,a6,8
 454:	1349                	addi	t1,t1,-14
 456:	0000                	unimp
 458:	1106                	slli	sp,sp,0x21
 45a:	2501                	sext.w	a0,a0
 45c:	130e                	slli	t1,t1,0x23
 45e:	1b1f030b          	.insn	4, 0x1b1f030b
 462:	111f 1201 1007      	.insn	6, 0x10071201111f
 468:	07000017          	auipc	zero,0x7000
 46c:	0024                	addi	s1,sp,8
 46e:	0b3e0b0b          	.insn	4, 0x0b3e0b0b
 472:	00000803          	lb	a6,0(zero) # 0 <__boot_hart>
 476:	0108                	addi	a0,sp,128
 478:	4901                	li	s2,0
 47a:	00130113          	addi	sp,t1,1
 47e:	0900                	addi	s0,sp,144
 480:	0021                	c.nop	8
 482:	1349                	addi	t1,t1,-14
 484:	00000b2f          	.insn	4, 0x0b2f
 488:	2e0a                	fld	ft8,128(sp)
 48a:	3f00                	fld	fs0,56(a4)
 48c:	0319                	addi	t1,t1,6
 48e:	3a0e                	fld	fs4,224(sp)
 490:	390b3b0b          	.insn	4, 0x390b3b0b
 494:	4919270b          	.insn	4, 0x4919270b
 498:	00193c13          	seqz	s8,s2
 49c:	0b00                	addi	s0,sp,400
 49e:	012e                	slli	sp,sp,0xb
 4a0:	0e03193f 0b3b0b3a 	.insn	8, 0x0b3b0b3a0e03193f
 4a8:	0b39                	addi	s6,s6,14
 4aa:	13491927          	.insn	4, 0x13491927
 4ae:	0111                	addi	sp,sp,4
 4b0:	0712                	slli	a4,a4,0x4
 4b2:	1840                	addi	s0,sp,52
 4b4:	197a                	slli	s2,s2,0x3e
 4b6:	1301                	addi	t1,t1,-32
 4b8:	0000                	unimp
 4ba:	050c                	addi	a1,sp,640
 4bc:	0300                	addi	s0,sp,384
 4be:	3a0e                	fld	fs4,224(sp)
 4c0:	390b3b0b          	.insn	4, 0x390b3b0b
 4c4:	0213490b          	.insn	4, 0x0213490b
 4c8:	0d000017          	auipc	zero,0xd000
 4cc:	0005                	c.nop	1
 4ce:	0b3a0803          	lb	a6,179(s4)
 4d2:	0b390b3b          	.insn	4, 0x0b390b3b
 4d6:	1349                	addi	t1,t1,-14
 4d8:	1702                	slli	a4,a4,0x20
 4da:	0000                	unimp
 4dc:	480e                	lw	a6,192(sp)
 4de:	7d00                	ld	s0,56(a0)
 4e0:	7f01                	lui	t5,0xfffe0
 4e2:	00000013          	nop
 4e6:	2401                	sext.w	s0,s0
 4e8:	0b00                	addi	s0,sp,400
 4ea:	030b3e0b          	.insn	4, 0x030b3e0b
 4ee:	000e                	c.slli	zero,0x3
 4f0:	0200                	addi	s0,sp,256
 4f2:	0111                	addi	sp,sp,4
 4f4:	0e25                	addi	t3,t3,9
 4f6:	1f030b13          	addi	s6,t1,496
 4fa:	01111f1b          	slliw	t5,sp,0x11
 4fe:	0712                	slli	a4,a4,0x4
 500:	1710                	addi	a2,sp,928
 502:	0000                	unimp
 504:	0b002403          	lw	s0,176(zero) # b0 <__stack_align+0xa0>
 508:	030b3e0b          	.insn	4, 0x030b3e0b
 50c:	0008                	.insn	2, 0x0008
 50e:	0400                	addi	s0,sp,512
 510:	002e                	c.slli	zero,0xb
 512:	0e03193f 0b3b0b3a 	.insn	8, 0x0b3b0b3a0e03193f
 51a:	0b39                	addi	s6,s6,14
 51c:	13491927          	.insn	4, 0x13491927
 520:	0111                	addi	sp,sp,4
 522:	0712                	slli	a4,a4,0x4
 524:	1840                	addi	s0,sp,52
 526:	197a                	slli	s2,s2,0x3e
 528:	0000                	unimp
 52a:	0100                	addi	s0,sp,128
 52c:	0024                	addi	s1,sp,8
 52e:	0b3e0b0b          	.insn	4, 0x0b3e0b0b
 532:	00000e03          	lb	t3,0(zero) # 0 <__boot_hart>
 536:	1102                	slli	sp,sp,0x20
 538:	2501                	sext.w	a0,a0
 53a:	130e                	slli	t1,t1,0x23
 53c:	1b1f030b          	.insn	4, 0x1b1f030b
 540:	111f 1201 1007      	.insn	6, 0x10071201111f
 546:	03000017          	auipc	zero,0x3000
 54a:	0024                	addi	s1,sp,8
 54c:	0b3e0b0b          	.insn	4, 0x0b3e0b0b
 550:	00000803          	lb	a6,0(zero) # 0 <__boot_hart>
 554:	2e04                	fld	fs1,24(a2)
 556:	3f01                	addiw	t5,t5,-32 # fffffffffffdffe0 <__heap_end+0xffffffff7ffbafe0>
 558:	0319                	addi	t1,t1,6
 55a:	3a0e                	fld	fs4,224(sp)
 55c:	390b3b0b          	.insn	4, 0x390b3b0b
 560:	4919270b          	.insn	4, 0x4919270b
 564:	12011113          	.insn	4, 0x12011113
 568:	7a184007          	.insn	4, 0x7a184007
 56c:	0019                	c.nop	6
 56e:	0500                	addi	s0,sp,640
 570:	0005                	c.nop	1
 572:	0b3a0e03          	lb	t3,179(s4)
 576:	0b390b3b          	.insn	4, 0x0b390b3b
 57a:	1349                	addi	t1,t1,-14
 57c:	1702                	slli	a4,a4,0x20
 57e:	0000                	unimp
 580:	0100                	addi	s0,sp,128
 582:	0024                	addi	s1,sp,8
 584:	0b3e0b0b          	.insn	4, 0x0b3e0b0b
 588:	00000e03          	lb	t3,0(zero) # 0 <__boot_hart>
 58c:	0502                	c.slli64	a0
 58e:	0300                	addi	s0,sp,384
 590:	3a08                	fld	fa0,48(a2)
 592:	0121                	addi	sp,sp,8
 594:	3904213b          	.insn	4, 0x3904213b
 598:	0213490b          	.insn	4, 0x0213490b
 59c:	03000017          	auipc	zero,0x3000
 5a0:	0111                	addi	sp,sp,4
 5a2:	0e25                	addi	t3,t3,9
 5a4:	1f030b13          	addi	s6,t1,496
 5a8:	01111f1b          	slliw	t5,sp,0x11
 5ac:	0712                	slli	a4,a4,0x4
 5ae:	1710                	addi	a2,sp,928
 5b0:	0000                	unimp
 5b2:	2404                	fld	fs1,8(s0)
 5b4:	0b00                	addi	s0,sp,400
 5b6:	030b3e0b          	.insn	4, 0x030b3e0b
 5ba:	0008                	.insn	2, 0x0008
 5bc:	0500                	addi	s0,sp,640
 5be:	002e                	c.slli	zero,0xb
 5c0:	0e03193f 0b3b0b3a 	.insn	8, 0x0b3b0b3a0e03193f
 5c8:	0b39                	addi	s6,s6,14
 5ca:	13491927          	.insn	4, 0x13491927
 5ce:	193c                	addi	a5,sp,184
 5d0:	0000                	unimp
 5d2:	0f06                	slli	t5,t5,0x1
 5d4:	0b00                	addi	s0,sp,400
 5d6:	0013490b          	.insn	4, 0x0013490b
 5da:	0700                	addi	s0,sp,896
 5dc:	012e                	slli	sp,sp,0xb
 5de:	0e03193f 0b3b0b3a 	.insn	8, 0x0b3b0b3a0e03193f
 5e6:	0b39                	addi	s6,s6,14
 5e8:	13491927          	.insn	4, 0x13491927
 5ec:	0111                	addi	sp,sp,4
 5ee:	0712                	slli	a4,a4,0x4
 5f0:	1840                	addi	s0,sp,52
 5f2:	197a                	slli	s2,s2,0x3e
 5f4:	0000                	unimp
 5f6:	4808                	lw	a0,16(s0)
 5f8:	7d00                	ld	s0,56(a0)
 5fa:	7f01                	lui	t5,0xfffe0
 5fc:	00000013          	nop
 600:	2401                	sext.w	s0,s0
 602:	0b00                	addi	s0,sp,400
 604:	030b3e0b          	.insn	4, 0x030b3e0b
 608:	000e                	c.slli	zero,0x3
 60a:	0200                	addi	s0,sp,256
 60c:	0016                	c.slli	zero,0x5
 60e:	0b3a0e03          	lb	t3,179(s4)
 612:	0b390b3b          	.insn	4, 0x0b390b3b
 616:	1349                	addi	t1,t1,-14
 618:	0000                	unimp
 61a:	03000503          	lb	a0,48(zero) # 30 <__stack_align+0x20>
 61e:	3a08                	fld	fa0,48(a2)
 620:	0121                	addi	sp,sp,8
 622:	3905213b          	.insn	4, 0x3905213b
 626:	0213490b          	.insn	4, 0x0213490b
 62a:	04000017          	auipc	zero,0x4000
 62e:	0111                	addi	sp,sp,4
 630:	0e25                	addi	t3,t3,9
 632:	1f030b13          	addi	s6,t1,496
 636:	01111f1b          	slliw	t5,sp,0x11
 63a:	0712                	slli	a4,a4,0x4
 63c:	1710                	addi	a2,sp,928
 63e:	0000                	unimp
 640:	2405                	addiw	s0,s0,1
 642:	0b00                	addi	s0,sp,400
 644:	030b3e0b          	.insn	4, 0x030b3e0b
 648:	0008                	.insn	2, 0x0008
 64a:	0600                	addi	s0,sp,768
 64c:	002e                	c.slli	zero,0xb
 64e:	0e03193f 0b3b0b3a 	.insn	8, 0x0b3b0b3a0e03193f
 656:	0b39                	addi	s6,s6,14
 658:	13491927          	.insn	4, 0x13491927
 65c:	193c                	addi	a5,sp,184
 65e:	0000                	unimp
 660:	0b000f07          	.insn	4, 0x0b000f07
 664:	0013490b          	.insn	4, 0x0013490b
 668:	0800                	addi	s0,sp,16
 66a:	012e                	slli	sp,sp,0xb
 66c:	0e03193f 0b3b0b3a 	.insn	8, 0x0b3b0b3a0e03193f
 674:	0b39                	addi	s6,s6,14
 676:	13491927          	.insn	4, 0x13491927
 67a:	0111                	addi	sp,sp,4
 67c:	0712                	slli	a4,a4,0x4
 67e:	1840                	addi	s0,sp,52
 680:	197a                	slli	s2,s2,0x3e
 682:	0000                	unimp
 684:	0509                	addi	a0,a0,2
 686:	0300                	addi	s0,sp,384
 688:	3a0e                	fld	fs4,224(sp)
 68a:	390b3b0b          	.insn	4, 0x390b3b0b
 68e:	0213490b          	.insn	4, 0x0213490b
 692:	0a000017          	auipc	zero,0xa000
 696:	0048                	addi	a0,sp,4
 698:	017d                	addi	sp,sp,31
 69a:	0000137f 00240100 	.insn	12, 0x0b3e0b0b002401000000137f
 6a2:	0b3e0b0b 
 6a6:	00000e03          	lb	t3,0(zero) # 0 <__boot_hart>
 6aa:	1602                	slli	a2,a2,0x20
 6ac:	0300                	addi	s0,sp,384
 6ae:	3a0e                	fld	fs4,224(sp)
 6b0:	390b3b0b          	.insn	4, 0x390b3b0b
 6b4:	0013490b          	.insn	4, 0x0013490b
 6b8:	0300                	addi	s0,sp,384
 6ba:	0005                	c.nop	1
 6bc:	213a0803          	lb	a6,531(s4)
 6c0:	3b01                	addiw	s6,s6,-32
 6c2:	0521                	addi	a0,a0,8
 6c4:	0b39                	addi	s6,s6,14
 6c6:	1349                	addi	t1,t1,-14
 6c8:	1702                	slli	a4,a4,0x20
 6ca:	0000                	unimp
 6cc:	1104                	addi	s1,sp,160
 6ce:	2501                	sext.w	a0,a0
 6d0:	130e                	slli	t1,t1,0x23
 6d2:	1b1f030b          	.insn	4, 0x1b1f030b
 6d6:	111f 1201 1007      	.insn	6, 0x10071201111f
 6dc:	05000017          	auipc	zero,0x5000
 6e0:	0024                	addi	s1,sp,8
 6e2:	0b3e0b0b          	.insn	4, 0x0b3e0b0b
 6e6:	00000803          	lb	a6,0(zero) # 0 <__boot_hart>
 6ea:	0f06                	slli	t5,t5,0x1
 6ec:	0b00                	addi	s0,sp,400
 6ee:	0700000b          	.insn	4, 0x0700000b
 6f2:	002e                	c.slli	zero,0xb
 6f4:	0e03193f 0b3b0b3a 	.insn	8, 0x0b3b0b3a0e03193f
 6fc:	0b39                	addi	s6,s6,14
 6fe:	13491927          	.insn	4, 0x13491927
 702:	193c                	addi	a5,sp,184
 704:	0000                	unimp
 706:	0f08                	addi	a0,sp,912
 708:	0b00                	addi	s0,sp,400
 70a:	0013490b          	.insn	4, 0x0013490b
 70e:	0900                	addi	s0,sp,144
 710:	012e                	slli	sp,sp,0xb
 712:	0e03193f 0b3b0b3a 	.insn	8, 0x0b3b0b3a0e03193f
 71a:	0b39                	addi	s6,s6,14
 71c:	13491927          	.insn	4, 0x13491927
 720:	0111                	addi	sp,sp,4
 722:	0712                	slli	a4,a4,0x4
 724:	1840                	addi	s0,sp,52
 726:	197a                	slli	s2,s2,0x3e
 728:	0000                	unimp
 72a:	050a                	slli	a0,a0,0x2
 72c:	0300                	addi	s0,sp,384
 72e:	3a0e                	fld	fs4,224(sp)
 730:	390b3b0b          	.insn	4, 0x390b3b0b
 734:	0213490b          	.insn	4, 0x0213490b
 738:	0b000017          	auipc	zero,0xb000
 73c:	0048                	addi	a0,sp,4
 73e:	017d                	addi	sp,sp,31
 740:	0000137f 00240100 	.insn	12, 0x0b3e0b0b002401000000137f
 748:	0b3e0b0b 
 74c:	00000e03          	lb	t3,0(zero) # 0 <__boot_hart>
 750:	0f02                	c.slli64	t5
 752:	0b00                	addi	s0,sp,400
 754:	0821                	addi	a6,a6,8
 756:	1349                	addi	t1,t1,-14
 758:	0000                	unimp
 75a:	03003403          	ld	s0,48(zero) # 30 <__stack_align+0x20>
 75e:	3a0e                	fld	fs4,224(sp)
 760:	0121                	addi	sp,sp,8
 762:	0b390b3b          	.insn	4, 0x0b390b3b
 766:	1349                	addi	t1,t1,-14
 768:	193c193f 34040000 	.insn	8, 0x34040000193c193f
 770:	0300                	addi	s0,sp,384
 772:	3a0e                	fld	fs4,224(sp)
 774:	0121                	addi	sp,sp,8
 776:	21390b3b          	.insn	4, 0x21390b3b
 77a:	0213490b          	.insn	4, 0x0213490b
 77e:	05000017          	auipc	zero,0x5000
 782:	0111                	addi	sp,sp,4
 784:	0e25                	addi	t3,t3,9
 786:	1f030b13          	addi	s6,t1,496
 78a:	01111f1b          	slliw	t5,sp,0x11
 78e:	0712                	slli	a4,a4,0x4
 790:	1710                	addi	a2,sp,928
 792:	0000                	unimp
 794:	1606                	slli	a2,a2,0x21
 796:	0300                	addi	s0,sp,384
 798:	3a0e                	fld	fs4,224(sp)
 79a:	390b3b0b          	.insn	4, 0x390b3b0b
 79e:	0013490b          	.insn	4, 0x0013490b
 7a2:	0700                	addi	s0,sp,896
 7a4:	0024                	addi	s1,sp,8
 7a6:	0b3e0b0b          	.insn	4, 0x0b3e0b0b
 7aa:	00000803          	lb	a6,0(zero) # 0 <__boot_hart>
 7ae:	0f08                	addi	a0,sp,912
 7b0:	0b00                	addi	s0,sp,400
 7b2:	0900000b          	.insn	4, 0x0900000b
 7b6:	0101                	addi	sp,sp,0
 7b8:	1349                	addi	t1,t1,-14
 7ba:	1301                	addi	t1,t1,-32
 7bc:	0000                	unimp
 7be:	210a                	fld	ft2,128(sp)
 7c0:	0000                	unimp
 7c2:	0b00                	addi	s0,sp,400
 7c4:	0034                	addi	a3,sp,8
 7c6:	0b3a0e03          	lb	t3,179(s4)
 7ca:	0b390b3b          	.insn	4, 0x0b390b3b
 7ce:	1349                	addi	t1,t1,-14
 7d0:	1802                	slli	a6,a6,0x20
 7d2:	0000                	unimp
 7d4:	2e0c                	fld	fa1,24(a2)
 7d6:	3f00                	fld	fs0,56(a4)
 7d8:	0319                	addi	t1,t1,6
 7da:	3a0e                	fld	fs4,224(sp)
 7dc:	390b3b0b          	.insn	4, 0x390b3b0b
 7e0:	4919270b          	.insn	4, 0x4919270b
 7e4:	00193c13          	seqz	s8,s2
 7e8:	0d00                	addi	s0,sp,656
 7ea:	012e                	slli	sp,sp,0xb
 7ec:	0e03193f 0b3b0b3a 	.insn	8, 0x0b3b0b3a0e03193f
 7f4:	0b39                	addi	s6,s6,14
 7f6:	13491927          	.insn	4, 0x13491927
 7fa:	0111                	addi	sp,sp,4
 7fc:	0712                	slli	a4,a4,0x4
 7fe:	1840                	addi	s0,sp,52
 800:	197a                	slli	s2,s2,0x3e
 802:	0000                	unimp
 804:	050e                	slli	a0,a0,0x3
 806:	0300                	addi	s0,sp,384
 808:	3a0e                	fld	fs4,224(sp)
 80a:	390b3b0b          	.insn	4, 0x390b3b0b
 80e:	0213490b          	.insn	4, 0x0213490b
 812:	0f000017          	auipc	zero,0xf000
 816:	0048                	addi	a0,sp,4
 818:	017d                	addi	sp,sp,31
 81a:	0000137f 00240100 	.insn	12, 0x0b3e0b0b002401000000137f
 822:	0b3e0b0b 
 826:	00000e03          	lb	t3,0(zero) # 0 <__boot_hart>
 82a:	1602                	slli	a2,a2,0x20
 82c:	0300                	addi	s0,sp,384
 82e:	3a0e                	fld	fs4,224(sp)
 830:	390b3b0b          	.insn	4, 0x390b3b0b
 834:	0013490b          	.insn	4, 0x0013490b
 838:	0300                	addi	s0,sp,384
 83a:	0005                	c.nop	1
 83c:	1349                	addi	t1,t1,-14
 83e:	0000                	unimp
 840:	4904                	lw	s1,16(a0)
 842:	0200                	addi	s0,sp,256
 844:	7e18                	ld	a4,56(a2)
 846:	0018                	.insn	2, 0x0018
 848:	0500                	addi	s0,sp,640
 84a:	0005                	c.nop	1
 84c:	213a0803          	lb	a6,531(s4)
 850:	3b01                	addiw	s6,s6,-32
 852:	0621                	addi	a2,a2,8
 854:	0b39                	addi	s6,s6,14
 856:	1349                	addi	t1,t1,-14
 858:	1702                	slli	a4,a4,0x20
 85a:	0000                	unimp
 85c:	1106                	slli	sp,sp,0x21
 85e:	2501                	sext.w	a0,a0
 860:	130e                	slli	t1,t1,0x23
 862:	1b1f030b          	.insn	4, 0x1b1f030b
 866:	111f 1201 1007      	.insn	6, 0x10071201111f
 86c:	07000017          	auipc	zero,0x7000
 870:	0024                	addi	s1,sp,8
 872:	0b3e0b0b          	.insn	4, 0x0b3e0b0b
 876:	00000803          	lb	a6,0(zero) # 0 <__boot_hart>
 87a:	2e08                	fld	fa0,24(a2)
 87c:	3f01                	addiw	t5,t5,-32 # fffffffffffdffe0 <__heap_end+0xffffffff7ffbafe0>
 87e:	0319                	addi	t1,t1,6
 880:	3a0e                	fld	fs4,224(sp)
 882:	390b3b0b          	.insn	4, 0x390b3b0b
 886:	4919270b          	.insn	4, 0x4919270b
 88a:	01193c13          	sltiu	s8,s2,17
 88e:	09000013          	li	zero,144
 892:	012e                	slli	sp,sp,0xb
 894:	0e03193f 0b3b0b3a 	.insn	8, 0x0b3b0b3a0e03193f
 89c:	0b39                	addi	s6,s6,14
 89e:	13491927          	.insn	4, 0x13491927
 8a2:	0111                	addi	sp,sp,4
 8a4:	0712                	slli	a4,a4,0x4
 8a6:	1840                	addi	s0,sp,52
 8a8:	197a                	slli	s2,s2,0x3e
 8aa:	1301                	addi	t1,t1,-32
 8ac:	0000                	unimp
 8ae:	480a                	lw	a6,128(sp)
 8b0:	7d01                	lui	s10,0xfffe0
 8b2:	8201                	c.srli64	a2
 8b4:	1901                	addi	s2,s2,-32
 8b6:	0000137f 0b000f0b 	.insn	12, 0x0013490b0b000f0b0000137f
 8be:	0013490b 
 8c2:	0c00                	addi	s0,sp,528
 8c4:	0026                	c.slli	zero,0x9
 8c6:	0000                	unimp
 8c8:	0100                	addi	s0,sp,128
 8ca:	0011                	c.nop	4
 8cc:	1710                	addi	a2,sp,928
 8ce:	0111                	addi	sp,sp,4
 8d0:	0f12                	slli	t5,t5,0x4
 8d2:	0e1b0e03          	lb	t3,225(s6)
 8d6:	0e25                	addi	t3,t3,9
 8d8:	00000513          	li	a0,0
 8dc:	0100                	addi	s0,sp,128
 8de:	0011                	c.nop	4
 8e0:	1710                	addi	a2,sp,928
 8e2:	0111                	addi	sp,sp,4
 8e4:	0f12                	slli	t5,t5,0x4
 8e6:	0e1b0e03          	lb	t3,225(s6)
 8ea:	0e25                	addi	t3,t3,9
 8ec:	00000513          	li	a0,0
 8f0:	0100                	addi	s0,sp,128
 8f2:	0024                	addi	s1,sp,8
 8f4:	0b3e0b0b          	.insn	4, 0x0b3e0b0b
 8f8:	00000e03          	lb	t3,0(zero) # 0 <__boot_hart>
 8fc:	1602                	slli	a2,a2,0x20
 8fe:	0300                	addi	s0,sp,384
 900:	3a0e                	fld	fs4,224(sp)
 902:	390b3b0b          	.insn	4, 0x390b3b0b
 906:	0013490b          	.insn	4, 0x0013490b
 90a:	0300                	addi	s0,sp,384
 90c:	0005                	c.nop	1
 90e:	213a0e03          	lb	t3,531(s4)
 912:	3b01                	addiw	s6,s6,-32
 914:	0421                	addi	s0,s0,8
 916:	0b39                	addi	s6,s6,14
 918:	1349                	addi	t1,t1,-14
 91a:	1702                	slli	a4,a4,0x20
 91c:	0000                	unimp
 91e:	1104                	addi	s1,sp,160
 920:	2501                	sext.w	a0,a0
 922:	130e                	slli	t1,t1,0x23
 924:	1b1f030b          	.insn	4, 0x1b1f030b
 928:	111f 1201 1007      	.insn	6, 0x10071201111f
 92e:	05000017          	auipc	zero,0x5000
 932:	0024                	addi	s1,sp,8
 934:	0b3e0b0b          	.insn	4, 0x0b3e0b0b
 938:	00000803          	lb	a6,0(zero) # 0 <__boot_hart>
 93c:	2e06                	fld	ft8,64(sp)
 93e:	3f01                	addiw	t5,t5,-32
 940:	0319                	addi	t1,t1,6
 942:	3a0e                	fld	fs4,224(sp)
 944:	390b3b0b          	.insn	4, 0x390b3b0b
 948:	8719270b          	.insn	4, 0x8719270b
 94c:	1901                	addi	s2,s2,-32
 94e:	193c                	addi	a5,sp,184
 950:	1301                	addi	t1,t1,-32
 952:	0000                	unimp
 954:	49000507          	.insn	4, 0x49000507
 958:	08000013          	li	zero,128
 95c:	012e                	slli	sp,sp,0xb
 95e:	0e03193f 0b3b0b3a 	.insn	8, 0x0b3b0b3a0e03193f
 966:	0b39                	addi	s6,s6,14
 968:	01111927          	.insn	4, 0x01111927
 96c:	0712                	slli	a4,a4,0x4
 96e:	1840                	addi	s0,sp,52
 970:	197a                	slli	s2,s2,0x3e
 972:	1301                	addi	t1,t1,-32
 974:	0000                	unimp
 976:	0509                	addi	a0,a0,2
 978:	0300                	addi	s0,sp,384
 97a:	3a08                	fld	fa0,48(a2)
 97c:	390b3b0b          	.insn	4, 0x390b3b0b
 980:	0213490b          	.insn	4, 0x0213490b
 984:	0a000017          	auipc	zero,0xa000
 988:	0034                	addi	a3,sp,8
 98a:	0b3a0e03          	lb	t3,179(s4)
 98e:	0b390b3b          	.insn	4, 0x0b390b3b
 992:	1349                	addi	t1,t1,-14
 994:	1702                	slli	a4,a4,0x20
 996:	0000                	unimp
 998:	7d00480b          	.insn	4, 0x7d00480b
 99c:	7f01                	lui	t5,0xfffe0
 99e:	0c000013          	li	zero,192
 9a2:	0b0b000f          	.insn	4, 0x0b0b000f
 9a6:	1349                	addi	t1,t1,-14
 9a8:	0000                	unimp
 9aa:	0100                	addi	s0,sp,128
 9ac:	0024                	addi	s1,sp,8
 9ae:	0b3e0b0b          	.insn	4, 0x0b3e0b0b
 9b2:	00000e03          	lb	t3,0(zero) # 0 <__boot_hart>
 9b6:	0502                	c.slli64	a0
 9b8:	4900                	lw	s0,16(a0)
 9ba:	03000013          	li	zero,48
 9be:	0034                	addi	a3,sp,8
 9c0:	213a0e03          	lb	t3,531(s4)
 9c4:	3b01                	addiw	s6,s6,-32
 9c6:	1121390b          	.insn	4, 0x1121390b
 9ca:	1349                	addi	t1,t1,-14
 9cc:	193c193f 37040000 	.insn	8, 0x37040000193c193f
 9d4:	4900                	lw	s0,16(a0)
 9d6:	05000013          	li	zero,80
 9da:	210b000f          	.insn	4, 0x210b000f
 9de:	4908                	lw	a0,16(a0)
 9e0:	06000013          	li	zero,96
 9e4:	012e                	slli	sp,sp,0xb
 9e6:	0e03193f 3b02213a 	.insn	8, 0x3b02213a0e03193f
 9ee:	0921390b          	.insn	4, 0x0921390b
 9f2:	13491927          	.insn	4, 0x13491927
 9f6:	193c                	addi	a5,sp,184
 9f8:	1301                	addi	t1,t1,-32
 9fa:	0000                	unimp
 9fc:	02004907          	.insn	4, 0x02004907
 a00:	7e18                	ld	a4,56(a2)
 a02:	0018                	.insn	2, 0x0018
 a04:	0800                	addi	s0,sp,16
 a06:	0111                	addi	sp,sp,4
 a08:	0e25                	addi	t3,t3,9
 a0a:	1f030b13          	addi	s6,t1,496
 a0e:	01111f1b          	slliw	t5,sp,0x11
 a12:	0712                	slli	a4,a4,0x4
 a14:	1710                	addi	a2,sp,928
 a16:	0000                	unimp
 a18:	1609                	addi	a2,a2,-30
 a1a:	0300                	addi	s0,sp,384
 a1c:	3a0e                	fld	fs4,224(sp)
 a1e:	390b3b0b          	.insn	4, 0x390b3b0b
 a22:	0013490b          	.insn	4, 0x0013490b
 a26:	0a00                	addi	s0,sp,272
 a28:	0024                	addi	s1,sp,8
 a2a:	0b3e0b0b          	.insn	4, 0x0b3e0b0b
 a2e:	00000803          	lb	a6,0(zero) # 0 <__boot_hart>
 a32:	0b000f0b          	.insn	4, 0x0b000f0b
 a36:	0c00000b          	.insn	4, 0x0c00000b
 a3a:	0026                	c.slli	zero,0x9
 a3c:	0000                	unimp
 a3e:	2e0d                	addiw	t3,t3,3
 a40:	3f01                	addiw	t5,t5,-32 # fffffffffffdffe0 <__heap_end+0xffffffff7ffbafe0>
 a42:	0319                	addi	t1,t1,6
 a44:	3a0e                	fld	fs4,224(sp)
 a46:	390b3b0b          	.insn	4, 0x390b3b0b
 a4a:	1119270b          	.insn	4, 0x1119270b
 a4e:	1201                	addi	tp,tp,-32 # 1afe0 <__stack_size+0x12fe0>
 a50:	7a184007          	.insn	4, 0x7a184007
 a54:	0119                	addi	sp,sp,6
 a56:	0e000013          	li	zero,224
 a5a:	0034                	addi	a3,sp,8
 a5c:	0b3a0e03          	lb	t3,179(s4)
 a60:	0b390b3b          	.insn	4, 0x0b390b3b
 a64:	1349                	addi	t1,t1,-14
 a66:	1802                	slli	a6,a6,0x20
 a68:	0000                	unimp
 a6a:	7d01480f          	.insn	4, 0x7d01480f
 a6e:	7f01                	lui	t5,0xfffe0
 a70:	00130113          	addi	sp,t1,1
 a74:	1000                	addi	s0,sp,32
 a76:	0148                	addi	a0,sp,132
 a78:	017d                	addi	sp,sp,31
 a7a:	0182                	c.slli64	gp
 a7c:	7f19                	lui	t5,0xfffe6
 a7e:	11000013          	li	zero,272
 a82:	0101                	addi	sp,sp,0
 a84:	1349                	addi	t1,t1,-14
 a86:	0000                	unimp
 a88:	2112                	fld	ft2,256(sp)
 a8a:	0000                	unimp
 a8c:	0000                	unimp
 a8e:	1101                	addi	sp,sp,-32
 a90:	2501                	sext.w	a0,a0
 a92:	130e                	slli	t1,t1,0x23
 a94:	1b1f030b          	.insn	4, 0x1b1f030b
 a98:	111f 1201 1007      	.insn	6, 0x10071201111f
 a9e:	02000017          	auipc	zero,0x2000
 aa2:	002e                	c.slli	zero,0xb
 aa4:	0e03193f 0b3b0b3a 	.insn	8, 0x0b3b0b3a0e03193f
 aac:	0b39                	addi	s6,s6,14
 aae:	01871927          	.insn	4, 0x01871927
 ab2:	1119                	addi	sp,sp,-26
 ab4:	1201                	addi	tp,tp,-32 # ffffffffffffffe0 <__heap_end+0xffffffff7ffdafe0>
 ab6:	7a184007          	.insn	4, 0x7a184007
 aba:	0019                	c.nop	6
 abc:	0000                	unimp
 abe:	1601                	addi	a2,a2,-32
 ac0:	0300                	addi	s0,sp,384
 ac2:	3a0e                	fld	fs4,224(sp)
 ac4:	390b3b0b          	.insn	4, 0x390b3b0b
 ac8:	0013490b          	.insn	4, 0x0013490b
 acc:	0200                	addi	s0,sp,256
 ace:	0024                	addi	s1,sp,8
 ad0:	0b3e0b0b          	.insn	4, 0x0b3e0b0b
 ad4:	00000e03          	lb	t3,0(zero) # 0 <__boot_hart>
 ad8:	31000503          	lb	a0,784(zero) # 310 <__stack_align+0x300>
 adc:	00170213          	addi	tp,a4,1
 ae0:	0400                	addi	s0,sp,512
 ae2:	0005                	c.nop	1
 ae4:	213a0803          	lb	a6,531(s4)
 ae8:	3b02                	fld	fs6,32(sp)
 aea:	490b390b          	.insn	4, 0x490b390b
 aee:	05000013          	li	zero,80
 af2:	0005                	c.nop	1
 af4:	213a0803          	lb	a6,531(s4)
 af8:	3b01                	addiw	s6,s6,-32
 afa:	0c21                	addi	s8,s8,8
 afc:	0b39                	addi	s6,s6,14
 afe:	1349                	addi	t1,t1,-14
 b00:	1702                	slli	a4,a4,0x20
 b02:	0000                	unimp
 b04:	2e06                	fld	ft8,64(sp)
 b06:	0301                	addi	t1,t1,0
 b08:	3a0e                	fld	fs4,224(sp)
 b0a:	390b3b0b          	.insn	4, 0x390b3b0b
 b0e:	1421                	addi	s0,s0,-24
 b10:	21201927          	.insn	4, 0x21201927
 b14:	00130103          	lb	sp,1(t1)
 b18:	0700                	addi	s0,sp,896
 b1a:	210b000f          	.insn	4, 0x210b000f
 b1e:	4908                	lw	a0,16(a0)
 b20:	08000013          	li	zero,128
 b24:	0035                	c.nop	13
 b26:	1349                	addi	t1,t1,-14
 b28:	0000                	unimp
 b2a:	3409                	addiw	s0,s0,-30
 b2c:	0300                	addi	s0,sp,384
 b2e:	3a0e                	fld	fs4,224(sp)
 b30:	0621                	addi	a2,a2,8
 b32:	21390b3b          	.insn	4, 0x21390b3b
 b36:	491a                	lw	s2,132(sp)
 b38:	3c193f13          	sltiu	t5,s2,961
 b3c:	0019                	c.nop	6
 b3e:	0a00                	addi	s0,sp,272
 b40:	0034                	addi	a3,sp,8
 b42:	213a1347          	fmsub.s	ft6,fs4,fs3,ft4,rtz
 b46:	3b01                	addiw	s6,s6,-32
 b48:	1321390b          	.insn	4, 0x1321390b
 b4c:	1802                	slli	a6,a6,0x20
 b4e:	0000                	unimp
 b50:	0300340b          	.insn	4, 0x0300340b
 b54:	3a08                	fld	fa0,48(a2)
 b56:	0121                	addi	sp,sp,8
 b58:	0b390b3b          	.insn	4, 0x0b390b3b
 b5c:	1349                	addi	t1,t1,-14
 b5e:	1802                	slli	a6,a6,0x20
 b60:	0000                	unimp
 b62:	1d0c                	addi	a1,sp,688
 b64:	3101                	addiw	sp,sp,-32
 b66:	12011113          	.insn	4, 0x12011113
 b6a:	01215807          	.insn	4, 0x01215807
 b6e:	0b59                	addi	s6,s6,22
 b70:	01052157          	.insn	4, 0x01052157
 b74:	0d000013          	li	zero,208
 b78:	011d                	addi	sp,sp,7
 b7a:	1331                	addi	t1,t1,-20
 b7c:	0111                	addi	sp,sp,4
 b7e:	0712                	slli	a4,a4,0x4
 b80:	2158                	fld	fa4,128(a0)
 b82:	570b5903          	lhu	s2,1392(s6)
 b86:	0e00000b          	.insn	4, 0x0e00000b
 b8a:	001d                	c.nop	7
 b8c:	1331                	addi	t1,t1,-20
 b8e:	0111                	addi	sp,sp,4
 b90:	0712                	slli	a4,a4,0x4
 b92:	2158                	fld	fa4,128(a0)
 b94:	5901                	li	s2,-32
 b96:	0521570b          	.insn	4, 0x0521570b
 b9a:	0000                	unimp
 b9c:	0300050f          	.insn	4, 0x0300050f
 ba0:	3a0e                	fld	fs4,224(sp)
 ba2:	0321                	addi	t1,t1,8
 ba4:	0b390b3b          	.insn	4, 0x0b390b3b
 ba8:	1349                	addi	t1,t1,-14
 baa:	0000                	unimp
 bac:	2e10                	fld	fa2,24(a2)
 bae:	0301                	addi	t1,t1,0
 bb0:	3a0e                	fld	fs4,224(sp)
 bb2:	0221                	addi	tp,tp,8 # 8 <__boot_hart+0x8>
 bb4:	21390b3b          	.insn	4, 0x21390b3b
 bb8:	2714                	fld	fa3,8(a4)
 bba:	4919                	li	s2,6
 bbc:	03212013          	slti	zero,sp,50
 bc0:	1301                	addi	t1,t1,-32
 bc2:	0000                	unimp
 bc4:	2e11                	addiw	t3,t3,4
 bc6:	0300                	addi	s0,sp,384
 bc8:	3a08                	fld	fa0,48(a2)
 bca:	0221                	addi	tp,tp,8 # 8 <__boot_hart+0x8>
 bcc:	21390b3b          	.insn	4, 0x21390b3b
 bd0:	2714                	fld	fa3,8(a4)
 bd2:	2019                	.insn	2, 0x2019
 bd4:	0321                	addi	t1,t1,8
 bd6:	0000                	unimp
 bd8:	1112                	slli	sp,sp,0x24
 bda:	2501                	sext.w	a0,a0
 bdc:	130e                	slli	t1,t1,0x23
 bde:	1b1f030b          	.insn	4, 0x1b1f030b
 be2:	111f 1201 1007      	.insn	6, 0x10071201111f
 be8:	13000017          	auipc	zero,0x13000
 bec:	0024                	addi	s1,sp,8
 bee:	0b3e0b0b          	.insn	4, 0x0b3e0b0b
 bf2:	00000803          	lb	a6,0(zero) # 0 <__boot_hart>
 bf6:	2614                	fld	fa3,8(a2)
 bf8:	4900                	lw	s0,16(a0)
 bfa:	15000013          	li	zero,336
 bfe:	0b0b0113          	addi	sp,s6,176
 c02:	0b3a                	slli	s6,s6,0xe
 c04:	0b390b3b          	.insn	4, 0x0b390b3b
 c08:	1301                	addi	t1,t1,-32
 c0a:	0000                	unimp
 c0c:	0d16                	slli	s10,s10,0x5
 c0e:	0300                	addi	s0,sp,384
 c10:	3a0e                	fld	fs4,224(sp)
 c12:	390b3b0b          	.insn	4, 0x390b3b0b
 c16:	3813490b          	.insn	4, 0x3813490b
 c1a:	1700000b          	.insn	4, 0x1700000b
 c1e:	0034                	addi	a3,sp,8
 c20:	0b3a0e03          	lb	t3,179(s4)
 c24:	0b390b3b          	.insn	4, 0x0b390b3b
 c28:	1349                	addi	t1,t1,-14
 c2a:	1802                	slli	a6,a6,0x20
 c2c:	0000                	unimp
 c2e:	2e18                	fld	fa4,24(a2)
 c30:	3f01                	addiw	t5,t5,-32 # fffffffffffe5fe0 <__heap_end+0xffffffff7ffc0fe0>
 c32:	0319                	addi	t1,t1,6
 c34:	3a0e                	fld	fs4,224(sp)
 c36:	390b3b0b          	.insn	4, 0x390b3b0b
 c3a:	4919270b          	.insn	4, 0x4919270b
 c3e:	12011113          	.insn	4, 0x12011113
 c42:	7a184007          	.insn	4, 0x7a184007
 c46:	0119                	addi	sp,sp,6
 c48:	19000013          	li	zero,400
 c4c:	0005                	c.nop	1
 c4e:	0b3a0803          	lb	a6,179(s4)
 c52:	0b390b3b          	.insn	4, 0x0b390b3b
 c56:	1349                	addi	t1,t1,-14
 c58:	1802                	slli	a6,a6,0x20
 c5a:	0000                	unimp
 c5c:	1d1a                	slli	s10,s10,0x26
 c5e:	3101                	addiw	sp,sp,-32
 c60:	55015213          	.insn	4, 0x55015213
 c64:	590b5817          	auipc	a6,0x590b5
 c68:	010b570b          	.insn	4, 0x010b570b
 c6c:	1b000013          	li	zero,432
 c70:	1755010b          	.insn	4, 0x1755010b
 c74:	0000                	unimp
 c76:	341c                	fld	fa5,40(s0)
 c78:	3100                	fld	fs0,32(a0)
 c7a:	1d000013          	li	zero,464
 c7e:	0005                	c.nop	1
 c80:	1331                	addi	t1,t1,-20
 c82:	0000                	unimp
 c84:	011e                	slli	sp,sp,0x7
 c86:	4901                	li	s2,0
 c88:	00130113          	addi	sp,t1,1
 c8c:	1f00                	addi	s0,sp,944
 c8e:	0021                	c.nop	8
 c90:	1349                	addi	t1,t1,-14
 c92:	00000b2f          	.insn	4, 0x0b2f
 c96:	3420                	fld	fs0,104(s0)
 c98:	0300                	addi	s0,sp,384
 c9a:	3a08                	fld	fa0,48(a2)
 c9c:	390b3b0b          	.insn	4, 0x390b3b0b
 ca0:	0013490b          	.insn	4, 0x0013490b
	...

Disassembly of section .debug_loclists:

0000000000000000 <.debug_loclists>:
   0:	00b5                	addi	ra,ra,13
   2:	0000                	unimp
   4:	0005                	c.nop	1
   6:	0008                	.insn	2, 0x0008
   8:	0000                	unimp
   a:	0000                	unimp
   c:	2008                	fld	fa0,0(s0)
   e:	00800003          	lb	zero,8(zero) # 8 <__boot_hart+0x8>
  12:	0000                	unimp
  14:	af00                	fsd	fs0,24(a4)
  16:	0101                	addi	sp,sp,0
  18:	005e                	c.slli	zero,0x17
  1a:	c008                	sw	a0,0(s0)
  1c:	00800003          	lb	zero,8(zero) # 8 <__boot_hart+0x8>
  20:	0000                	unimp
  22:	0c00                	addi	s0,sp,528
  24:	5b01                	li	s6,-32
  26:	0800                	addi	s0,sp,16
  28:	0380                	addi	s0,sp,448
  2a:	8000                	.insn	2, 0x8000
  2c:	0000                	unimp
  2e:	0000                	unimp
  30:	005f014f          	fnmadd.s	ft2,ft10,ft5,ft0,rne
  34:	8806                	mv	a6,ra
  36:	0002                	c.slli64	zero
  38:	0080                	addi	s0,sp,64
  3a:	0000                	unimp
  3c:	0400                	addi	s0,sp,512
  3e:	2c00                	fld	fs0,24(s0)
  40:	3002                	fld	ft0,32(sp)
  42:	049f 6c2c 7f0b      	.insn	6, 0x7f0b6c2c049f
  48:	9100                	.insn	2, 0x9100
  4a:	1c00                	addi	s0,sp,560
  4c:	3501b023          	sd	a6,832(gp) # 80005560 <__global_pointer$+0x340>
  50:	9f25                	addw	a4,a4,s1
  52:	6c04                	ld	s1,24(s0)
  54:	0d70                	addi	a2,sp,668
  56:	007f 0091 231c 01b0 	.insn	10, 0x253501b0231c0091007f
  5e:	2535 
  60:	049f0123          	sb	s1,66(t5)
  64:	d470                	sw	a2,108(s0)
  66:	0d01                	addi	s10,s10,0 # fffffffffffe0000 <__heap_end+0xffffffff7ffbb000>
  68:	007f 0091 231c 0190 	.insn	10, 0x25350190231c0091007f
  70:	2535 
  72:	009f0123          	sb	s1,2(t5)
  76:	9c06                	add	s8,s8,ra
  78:	00800003          	lb	zero,8(zero) # 8 <__boot_hart+0x8>
  7c:	0000                	unimp
  7e:	0400                	addi	s0,sp,512
  80:	0800                	addi	s0,sp,16
  82:	3002                	fld	ft0,32(sp)
  84:	049f 1008 3102      	.insn	6, 0x31021008049f
  8a:	049f 1810 3202      	.insn	6, 0x32021810049f
  90:	049f 2018 3302      	.insn	6, 0x33022018049f
  96:	049f 8820 0201      	.insn	6, 0x02018820049f
  9c:	9f34                	.insn	2, 0x9f34
  9e:	0600                	addi	s0,sp,768
  a0:	03d0                	addi	a2,sp,452
  a2:	8000                	.insn	2, 0x8000
  a4:	0000                	unimp
  a6:	0000                	unimp
  a8:	0004                	.insn	2, 0x0004
  aa:	0210                	addi	a2,sp,256
  ac:	9f30                	.insn	2, 0x9f30
  ae:	1004                	addi	s1,sp,32
  b0:	0124                	addi	s1,sp,136
  b2:	0459                	addi	s0,s0,22
  b4:	2f24                	fld	fs1,88(a4)
  b6:	5b01                	li	s6,-32
  b8:	d700                	sw	s0,40(a4)
  ba:	0002                	c.slli64	zero
  bc:	0500                	addi	s0,sp,640
  be:	0800                	addi	s0,sp,16
  c0:	0000                	unimp
  c2:	0000                	unimp
  c4:	0400                	addi	s0,sp,512
  c6:	8800                	.insn	2, 0x8800
  c8:	0601                	addi	a2,a2,0
  ca:	935a                	add	t1,t1,s6
  cc:	5b08                	lw	a0,48(a4)
  ce:	88040893          	addi	a7,s0,-1920
  d2:	8401                	c.srai64	s0
  d4:	03a30603          	lb	a2,58(t1)
  d8:	0aa5                	addi	s5,s5,9
  da:	9f2e                	add	t5,t5,a1
  dc:	8404                	.insn	2, 0x8404
  de:	0603d603          	lhu	a2,96(t2)
  e2:	935a                	add	t1,t1,s6
  e4:	5b08                	lw	a0,48(a4)
  e6:	d6040893          	addi	a7,s0,-672
  ea:	06049a03          	lh	s4,96(s1)
  ee:	0aa503a3          	sb	a0,167(a0)
  f2:	9f2e                	add	t5,t5,a1
  f4:	9a04                	.insn	2, 0x9a04
  f6:	a004                	fsd	fs1,0(s0)
  f8:	0604                	addi	s1,sp,768
  fa:	935a                	add	t1,t1,s6
  fc:	5b08                	lw	a0,48(a4)
  fe:	04000893          	li	a7,64
 102:	b800                	fsd	fs0,48(s0)
 104:	0201                	addi	tp,tp,0 # 0 <__boot_hart>
 106:	9f30                	.insn	2, 0x9f30
 108:	b804                	fsd	fs1,48(s0)
 10a:	d401                	beqz	s0,12 <__stack_align+0x2>
 10c:	0201                	addi	tp,tp,0 # 0 <__boot_hart>
 10e:	9f31                	addw	a4,a4,a2
 110:	d404                	sw	s1,40(s0)
 112:	de01                	beqz	a2,2a <__stack_align+0x1a>
 114:	0102                	c.slli64	sp
 116:	02de045b          	.insn	4, 0x02de045b
 11a:	03be                	slli	t2,t2,0xf
 11c:	3002                	fld	ft0,32(sp)
 11e:	049f 03be 03d6      	.insn	6, 0x03d603be049f
 124:	5b01                	li	s6,-32
 126:	d604                	sw	s1,40(a2)
 128:	0203e803          	lwu	a6,32(t2)
 12c:	9f31                	addw	a4,a4,a2
 12e:	e804                	sd	s1,16(s0)
 130:	01048e03          	lb	t3,16(s1)
 134:	048e045b          	.insn	4, 0x048e045b
 138:	0492                	slli	s1,s1,0x4
 13a:	7b05                	lui	s6,0xfffe1
 13c:	3100                	fld	fs0,32(a0)
 13e:	9f21                	addw	a4,a4,s0
 140:	9204                	.insn	2, 0x9204
 142:	9a04                	.insn	2, 0x9a04
 144:	0104                	addi	s1,sp,128
 146:	049a045b          	.insn	4, 0x049a045b
 14a:	04a0                	addi	s0,sp,584
 14c:	3002                	fld	ft0,32(sp)
 14e:	009f 2a04 02a4      	.insn	6, 0x02a42a04009f
 154:	5c01                	li	s8,-32
 156:	de04                	sw	s1,56(a2)
 158:	a002                	fsd	ft0,0(sp)
 15a:	0104                	addi	s1,sp,128
 15c:	005c                	addi	a5,sp,4
 15e:	2a04                	fld	fs1,16(a2)
 160:	02bc                	addi	a5,sp,328
 162:	5d01                	li	s10,-32
 164:	de04                	sw	s1,56(a2)
 166:	a002                	fsd	ft0,0(sp)
 168:	0104                	addi	s1,sp,128
 16a:	005d                	c.nop	23
 16c:	2a04                	fld	fs1,16(a2)
 16e:	013a                	slli	sp,sp,0xe
 170:	0461                	addi	s0,s0,24
 172:	523a                	lw	tp,172(sp)
 174:	8105                	srli	a0,a0,0x1
 176:	f880                	sd	s0,48(s1)
 178:	9f00                	.insn	2, 0x9f00
 17a:	5604                	lw	s1,40(a2)
 17c:	0564                	addi	s1,sp,652
 17e:	8081                	c.srli64	s1
 180:	00f8                	addi	a4,sp,76
 182:	049f ac66 0501      	.insn	6, 0x0501ac66049f
 188:	8081                	c.srli64	s1
 18a:	00f8                	addi	a4,sp,76
 18c:	049f 02de 02e6      	.insn	6, 0x02e602de049f
 192:	8105                	srli	a0,a0,0x1
 194:	f880                	sd	s0,48(s1)
 196:	9f00                	.insn	2, 0x9f00
 198:	8404                	.insn	2, 0x8404
 19a:	05039803          	lh	a6,80(t2)
 19e:	8081                	c.srli64	s1
 1a0:	00f8                	addi	a4,sp,76
 1a2:	049f 039c 03d2      	.insn	6, 0x03d2039c049f
 1a8:	6101                	addi	sp,sp,0
 1aa:	9a04                	.insn	2, 0x9a04
 1ac:	9e04                	.insn	2, 0x9e04
 1ae:	0104                	addi	s1,sp,128
 1b0:	0061                	c.nop	24
 1b2:	2a04                	fld	fs1,16(a2)
 1b4:	012e                	slli	sp,sp,0xb
 1b6:	045a                	slli	s0,s0,0x16
 1b8:	9e2e                	add	t3,t3,a1
 1ba:	0101                	addi	sp,sp,0
 1bc:	0456                	slli	s0,s0,0x15
 1be:	02de                	slli	t0,t0,0x17
 1c0:	0382                	c.slli64	t2
 1c2:	5601                	li	a2,-32
 1c4:	8204                	.insn	2, 0x8204
 1c6:	01038403          	lb	s0,16(t2)
 1ca:	045f 0384 0390      	.insn	6, 0x03900384045f
 1d0:	5601                	li	a2,-32
 1d2:	9004                	.insn	2, 0x9004
 1d4:	05039803          	lh	a6,80(t2)
 1d8:	007a                	c.slli	zero,0x1e
 1da:	049f2433          	.insn	4, 0x049f2433
 1de:	039c                	addi	a5,sp,448
 1e0:	03a4                	addi	s1,sp,456
 1e2:	5601                	li	a2,-32
 1e4:	ac04                	fsd	fs1,24(s0)
 1e6:	0103c203          	lbu	tp,16(t2)
 1ea:	0456                	slli	s0,s0,0x15
 1ec:	03c2                	slli	t2,t2,0x10
 1ee:	03c4                	addi	s1,sp,452
 1f0:	7e08                	ld	a0,56(a2)
 1f2:	3400                	fld	fs0,40(s0)
 1f4:	7f24                	ld	s1,120(a4)
 1f6:	2100                	fld	fs0,0(a0)
 1f8:	049f 03c6 03ca      	.insn	6, 0x03ca03c6049f
 1fe:	5e01                	li	t3,-32
 200:	9a04                	.insn	2, 0x9a04
 202:	a004                	fsd	fs1,0(s0)
 204:	0104                	addi	s1,sp,128
 206:	0056                	c.slli	zero,0x15
 208:	2a04                	fld	fs1,16(a2)
 20a:	01aa                	slli	gp,gp,0xa
 20c:	5e01                	li	t3,-32
 20e:	de04                	sw	s1,56(a2)
 210:	8202                	jr	tp
 212:	045e0103          	lb	sp,69(t3)
 216:	0382                	c.slli64	t2
 218:	0384                	addi	s1,sp,448
 21a:	3002                	fld	ft0,32(sp)
 21c:	049f 0384 0396      	.insn	6, 0x03960384049f
 222:	5e01                	li	t3,-32
 224:	9c04                	.insn	2, 0x9c04
 226:	0103a403          	lw	s0,16(t2)
 22a:	045e                	slli	s0,s0,0x17
 22c:	03ac                	addi	a1,sp,456
 22e:	03c2                	slli	t2,t2,0x10
 230:	5e01                	li	t3,-32
 232:	c204                	sw	s1,0(a2)
 234:	0203d203          	lhu	tp,32(t2)
 238:	9f30                	.insn	2, 0x9f30
 23a:	9a04                	.insn	2, 0x9a04
 23c:	a004                	fsd	fs1,0(s0)
 23e:	0104                	addi	s1,sp,128
 240:	005e                	c.slli	zero,0x17
 242:	2e04                	fld	fs1,24(a2)
 244:	02d0                	addi	a2,sp,324
 246:	5d01                	li	s10,-32
 248:	de04                	sw	s1,56(a2)
 24a:	a002                	fsd	ft0,0(sp)
 24c:	0104                	addi	s1,sp,128
 24e:	005d                	c.nop	23
 250:	3a04                	fld	fs1,48(a2)
 252:	0152                	slli	sp,sp,0x14
 254:	0461                	addi	s0,s0,24
 256:	6456                	ld	s0,336(sp)
 258:	6101                	addi	sp,sp,0
 25a:	6604                	ld	s1,8(a2)
 25c:	01ac                	addi	a1,sp,200
 25e:	6101                	addi	sp,sp,0
 260:	ac04                	fsd	fs1,24(s0)
 262:	de01                	beqz	a2,17a <__stack_align+0x16a>
 264:	0201                	addi	tp,tp,0 # 0 <__boot_hart>
 266:	9f30                	.insn	2, 0x9f30
 268:	9a04                	.insn	2, 0x9a04
 26a:	e602                	sd	zero,264(sp)
 26c:	0102                	c.slli64	sp
 26e:	0461                	addi	s0,s0,24
 270:	0384                	addi	s1,sp,448
 272:	0398                	addi	a4,sp,448
 274:	6101                	addi	sp,sp,0
 276:	a404                	fsd	fs1,8(s0)
 278:	0203ac03          	lw	s8,32(t2)
 27c:	9f30                	.insn	2, 0x9f30
 27e:	ac04                	fsd	fs1,24(s0)
 280:	0403d203          	lhu	tp,64(t2)
 284:	ff0a                	sd	sp,440(sp)
 286:	d2049f07          	.insn	4, 0xd2049f07
 28a:	0103d603          	lhu	a2,16(t2)
 28e:	0461                	addi	s0,s0,24
 290:	03d6                	slli	t2,t2,0x15
 292:	03e8                	addi	a0,sp,460
 294:	3002                	fld	ft0,32(sp)
 296:	049f 03f2 0484      	.insn	6, 0x048403f2049f
 29c:	6101                	addi	sp,sp,0
 29e:	8604                	.insn	2, 0x8604
 2a0:	9404                	.insn	2, 0x9404
 2a2:	0104                	addi	s1,sp,128
 2a4:	0461                	addi	s0,s0,24
 2a6:	049a                	slli	s1,s1,0x6
 2a8:	04a0                	addi	s0,sp,584
 2aa:	0a04                	addi	s1,sp,272
 2ac:	07ff 009f ac04 9801 	.insn	10, 0x01029801ac04009f07ff
 2b4:	0102 
 2b6:	045f 0298 02aa      	.insn	6, 0x02aa0298045f
 2bc:	7f0e                	ld	t5,224(sp)
 2be:	1100                	addi	s0,sp,160
 2c0:	ffff                	.insn	2, 0xffff
 2c2:	ffff                	.insn	2, 0xffff
 2c4:	ffff                	.insn	2, 0xffff
 2c6:	1a7fbfff 02aa049f 	.insn	16, 0xc802bc045f0102b802aa049f1a7fbfff
 2ce:	5f0102b8 c802bc04 
 2d6:	0102                	c.slli64	sp
 2d8:	045f 03a4 03aa      	.insn	6, 0x03aa03a4045f
 2de:	7f08                	ld	a0,56(a4)
 2e0:	3000                	fld	fs0,32(s0)
 2e2:	082e                	slli	a6,a6,0xb
 2e4:	049f1aff 03ac03aa 	.insn	12, 0x76007e0b03ac03aa049f1aff
 2ec:	76007e0b 
 2f0:	2100                	fld	fs0,0(a0)
 2f2:	2e30                	fld	fa2,88(a2)
 2f4:	ff08                	sd	a0,56(a4)
 2f6:	9f1a                	add	t5,t5,t1
 2f8:	c204                	sw	s1,0(a2)
 2fa:	0803c403          	lbu	s0,128(t2)
 2fe:	007e                	c.slli	zero,0x1f
 300:	2434                	fld	fa3,72(s0)
 302:	007f 9f21 c604 ce03 	.insn	10, 0x0103ce03c6049f21007f
 30a:	0103 
 30c:	045e                	slli	s0,s0,0x17
 30e:	03ce                	slli	t2,t2,0x13
 310:	03f2                	slli	t2,t2,0x1c
 312:	5f01                	li	t5,-32
 314:	f204                	sd	s1,32(a2)
 316:	0e03f403          	.insn	4, 0x0e03f403
 31a:	007f ff11 ffff ffff 	.insn	10, 0xffffffffffffff11007f
 322:	ffff 
 324:	9f1a7fbf 9a048e04 	.insn	8, 0x9a048e049f1a7fbf
 32c:	0104                	addi	s1,sp,128
 32e:	005f d204 de02      	.insn	6, 0xde02d204005f
 334:	0102                	c.slli64	sp
 336:	005f ac04 de01      	.insn	6, 0xde01ac04005f
 33c:	0201                	addi	tp,tp,0 # 0 <__boot_hart>
 33e:	9f31                	addw	a4,a4,a2
 340:	de04                	sw	s1,56(a2)
 342:	9401                	srai	s0,s0,0x20
 344:	0102                	c.slli64	sp
 346:	045e                	slli	s0,s0,0x17
 348:	03d6                	slli	t2,t2,0x15
 34a:	03e8                	addi	a0,sp,460
 34c:	3102                	fld	ft2,32(sp)
 34e:	049f 03e8 03f2      	.insn	6, 0x03f203e8049f
 354:	5e01                	li	t3,-32
 356:	9404                	.insn	2, 0x9404
 358:	9a04                	.insn	2, 0x9a04
 35a:	0104                	addi	s1,sp,128
 35c:	005e                	c.slli	zero,0x17
 35e:	ac04                	fsd	fs1,24(s0)
 360:	de01                	beqz	a2,278 <__stack_align+0x268>
 362:	0101                	addi	sp,sp,0
 364:	045d                	addi	s0,s0,23
 366:	03d6                	slli	t2,t2,0x15
 368:	03e8                	addi	a0,sp,460
 36a:	5d01                	li	s10,-32
 36c:	0400                	addi	s0,sp,512
 36e:	01ac                	addi	a1,sp,200
 370:	01de                	slli	gp,gp,0x17
 372:	3002                	fld	ft0,32(sp)
 374:	049f 03d6 03e8      	.insn	6, 0x03e803d6049f
 37a:	3002                	fld	ft0,32(sp)
 37c:	009f ac04 b001      	.insn	6, 0xb001ac04009f
 382:	0101                	addi	sp,sp,0
 384:	045f 01b0 01d6      	.insn	6, 0x01d601b0045f
 38a:	5e01                	li	t3,-32
 38c:	d604                	sw	s1,40(a2)
 38e:	0103e803          	lwu	a6,16(t2)
 392:	005e                	c.slli	zero,0x17
 394:	0016                	c.slli	zero,0x5
 396:	0000                	unimp
 398:	0005                	c.nop	1
 39a:	0008                	.insn	2, 0x0008
 39c:	0000                	unimp
 39e:	0000                	unimp
 3a0:	0004                	.insn	2, 0x0004
 3a2:	045a0107          	.insn	4, 0x045a0107
 3a6:	a3041407          	.insn	4, 0xa3041407
 3aa:	5a01                	li	s4,-32
 3ac:	009f 0024 0000      	.insn	6, 0x0024009f
 3b2:	0005                	c.nop	1
 3b4:	0008                	.insn	2, 0x0008
 3b6:	0000                	unimp
 3b8:	0000                	unimp
 3ba:	0004                	.insn	2, 0x0004
 3bc:	045a0107          	.insn	4, 0x045a0107
 3c0:	a3041407          	.insn	4, 0xa3041407
 3c4:	5a01                	li	s4,-32
 3c6:	009f 0004 0107      	.insn	6, 0x01070004009f
 3cc:	1407045b          	.insn	4, 0x1407045b
 3d0:	a304                	fsd	fs1,0(a4)
 3d2:	5b01                	li	s6,-32
 3d4:	009f 0016 0000      	.insn	6, 0x0016009f
 3da:	0005                	c.nop	1
 3dc:	0008                	.insn	2, 0x0008
 3de:	0000                	unimp
 3e0:	0000                	unimp
 3e2:	0004                	.insn	2, 0x0004
 3e4:	0102                	c.slli64	sp
 3e6:	045a                	slli	s0,s0,0x16
 3e8:	0802                	c.slli64	a6
 3ea:	a304                	fsd	fs1,0(a4)
 3ec:	5a01                	li	s4,-32
 3ee:	009f 0024 0000      	.insn	6, 0x0024009f
 3f4:	0005                	c.nop	1
 3f6:	0008                	.insn	2, 0x0008
 3f8:	0000                	unimp
 3fa:	0000                	unimp
 3fc:	0004                	.insn	2, 0x0004
 3fe:	045a0107          	.insn	4, 0x045a0107
 402:	a3041407          	.insn	4, 0xa3041407
 406:	5a01                	li	s4,-32
 408:	009f 0004 0107      	.insn	6, 0x01070004009f
 40e:	1407045b          	.insn	4, 0x1407045b
 412:	a304                	fsd	fs1,0(a4)
 414:	5b01                	li	s6,-32
 416:	009f 0032 0000      	.insn	6, 0x0032009f
 41c:	0005                	c.nop	1
 41e:	0008                	.insn	2, 0x0008
 420:	0000                	unimp
 422:	0000                	unimp
 424:	0004                	.insn	2, 0x0004
 426:	045a0107          	.insn	4, 0x045a0107
 42a:	a3041407          	.insn	4, 0xa3041407
 42e:	5a01                	li	s4,-32
 430:	009f 0004 0107      	.insn	6, 0x01070004009f
 436:	1407045b          	.insn	4, 0x1407045b
 43a:	a304                	fsd	fs1,0(a4)
 43c:	5b01                	li	s6,-32
 43e:	009f 0004 0107      	.insn	6, 0x01070004009f
 444:	045c                	addi	a5,sp,516
 446:	a3041407          	.insn	4, 0xa3041407
 44a:	5c01                	li	s8,-32
 44c:	009f 0032 0000      	.insn	6, 0x0032009f
 452:	0005                	c.nop	1
 454:	0008                	.insn	2, 0x0008
 456:	0000                	unimp
 458:	0000                	unimp
 45a:	0004                	.insn	2, 0x0004
 45c:	045a0107          	.insn	4, 0x045a0107
 460:	a3041607          	.insn	4, 0xa3041607
 464:	5a01                	li	s4,-32
 466:	009f 0004 0107      	.insn	6, 0x01070004009f
 46c:	1607045b          	.insn	4, 0x1607045b
 470:	a304                	fsd	fs1,0(a4)
 472:	5b01                	li	s6,-32
 474:	009f 0004 0107      	.insn	6, 0x01070004009f
 47a:	045c                	addi	a5,sp,516
 47c:	a3041607          	.insn	4, 0xa3041607
 480:	5c01                	li	s8,-32
 482:	009f 0034 0000      	.insn	6, 0x0034009f
 488:	0005                	c.nop	1
 48a:	0008                	.insn	2, 0x0008
 48c:	0000                	unimp
 48e:	0000                	unimp
 490:	0004                	.insn	2, 0x0004
 492:	0110                	addi	a2,sp,128
 494:	045a                	slli	s0,s0,0x16
 496:	3c10                	fld	fa2,56(s0)
 498:	a304                	fsd	fs1,0(a4)
 49a:	5a01                	li	s4,-32
 49c:	009f 1004 0124      	.insn	6, 0x01241004009f
 4a2:	045a                	slli	s0,s0,0x16
 4a4:	2624                	fld	fs1,72(a2)
 4a6:	0309                	addi	t1,t1,2
 4a8:	4a28                	lw	a0,80(a2)
 4aa:	8000                	.insn	2, 0x8000
 4ac:	0000                	unimp
 4ae:	0000                	unimp
 4b0:	2604                	fld	fs1,8(a2)
 4b2:	012d                	addi	sp,sp,11
 4b4:	005a                	c.slli	zero,0x16
 4b6:	0a04                	addi	s1,sp,272
 4b8:	012d                	addi	sp,sp,11
 4ba:	005f 0032 0000      	.insn	6, 0x0032005f
 4c0:	0005                	c.nop	1
 4c2:	0008                	.insn	2, 0x0008
 4c4:	0000                	unimp
 4c6:	0000                	unimp
 4c8:	0004                	.insn	2, 0x0004
 4ca:	0105                	addi	sp,sp,1
 4cc:	045a                	slli	s0,s0,0x16
 4ce:	0605                	addi	a2,a2,1
 4d0:	a304                	fsd	fs1,0(a4)
 4d2:	5a01                	li	s4,-32
 4d4:	009f 0004 0105      	.insn	6, 0x01050004009f
 4da:	0605045b          	.insn	4, 0x0605045b
 4de:	a304                	fsd	fs1,0(a4)
 4e0:	5b01                	li	s6,-32
 4e2:	009f 0004 0105      	.insn	6, 0x01050004009f
 4e8:	045c                	addi	a5,sp,516
 4ea:	0605                	addi	a2,a2,1
 4ec:	a304                	fsd	fs1,0(a4)
 4ee:	5c01                	li	s8,-32
 4f0:	009f 0046 0000      	.insn	6, 0x0046009f
 4f6:	0005                	c.nop	1
 4f8:	0008                	.insn	2, 0x0008
 4fa:	0000                	unimp
 4fc:	0000                	unimp
 4fe:	0004                	.insn	2, 0x0004
 500:	0106                	slli	sp,sp,0x1
 502:	045a                	slli	s0,s0,0x16
 504:	1606                	slli	a2,a2,0x21
 506:	a304                	fsd	fs1,0(a4)
 508:	5a01                	li	s4,-32
 50a:	009f 0004 0115      	.insn	6, 0x01150004009f
 510:	1615045b          	.insn	4, 0x1615045b
 514:	a304                	fsd	fs1,0(a4)
 516:	5b01                	li	s6,-32
 518:	009f 0004 0115      	.insn	6, 0x01150004009f
 51e:	045c                	addi	a5,sp,516
 520:	1615                	addi	a2,a2,-27
 522:	a304                	fsd	fs1,0(a4)
 524:	5c01                	li	s8,-32
 526:	009f 0004 0115      	.insn	6, 0x01150004009f
 52c:	045d                	addi	s0,s0,23
 52e:	1615                	addi	a2,a2,-27
 530:	a304                	fsd	fs1,0(a4)
 532:	5d01                	li	s10,-32
 534:	009f 0a04 0115      	.insn	6, 0x01150a04009f
 53a:	005a                	c.slli	zero,0x16
 53c:	006d                	c.nop	27
 53e:	0000                	unimp
 540:	0005                	c.nop	1
 542:	0008                	.insn	2, 0x0008
 544:	0000                	unimp
 546:	0000                	unimp
 548:	0004                	.insn	2, 0x0004
 54a:	0148                	addi	a0,sp,132
 54c:	045a                	slli	s0,s0,0x16
 54e:	4c48                	lw	a0,28(s0)
 550:	a304                	fsd	fs1,0(a4)
 552:	5a01                	li	s4,-32
 554:	009f 0004 0112      	.insn	6, 0x01120004009f
 55a:	045c                	addi	a5,sp,516
 55c:	3212                	fld	ft4,288(sp)
 55e:	9102                	jalr	sp
 560:	0458                	addi	a4,sp,516
 562:	4c32                	lw	s8,12(sp)
 564:	a304                	fsd	fs1,0(a4)
 566:	5c01                	li	s8,-32
 568:	009f 0004 011a      	.insn	6, 0x011a0004009f
 56e:	045d                	addi	s0,s0,23
 570:	4c1a                	lw	s8,132(sp)
 572:	a304                	fsd	fs1,0(a4)
 574:	5d01                	li	s10,-32
 576:	009f 1404 0a24      	.insn	6, 0x0a241404009f
 57c:	004ac003          	lbu	zero,4(s5)
 580:	0080                	addi	s0,sp,64
 582:	0000                	unimp
 584:	9f00                	.insn	2, 0x9f00
 586:	0400                	addi	s0,sp,512
 588:	221e                	fld	ft4,448(sp)
 58a:	9fff0903          	lb	s2,-1537(t5)
 58e:	0400                	addi	s0,sp,512
 590:	221e                	fld	ft4,448(sp)
 592:	030a                	slli	t1,t1,0x2
 594:	4ac0                	lw	s0,20(a3)
 596:	8000                	.insn	2, 0x8000
 598:	0000                	unimp
 59a:	0000                	unimp
 59c:	009f 3e04 0a42      	.insn	6, 0x0a423e04009f
 5a2:	004ac003          	lbu	zero,4(s5)
 5a6:	0080                	addi	s0,sp,64
 5a8:	0000                	unimp
 5aa:	9f00                	.insn	2, 0x9f00
	...

Disassembly of section .debug_aranges:

0000000000000000 <.debug_aranges>:
   0:	002c                	addi	a1,sp,8
   2:	0000                	unimp
   4:	0002                	c.slli64	zero
   6:	0000                	unimp
   8:	0000                	unimp
   a:	0008                	.insn	2, 0x0008
   c:	0000                	unimp
   e:	0000                	unimp
  10:	0230                	addi	a2,sp,264
  12:	8000                	.insn	2, 0x8000
  14:	0000                	unimp
  16:	0000                	unimp
  18:	01f4                	addi	a3,sp,204
	...
  2e:	0000                	unimp
  30:	002c                	addi	a1,sp,8
  32:	0000                	unimp
  34:	0002                	c.slli64	zero
  36:	0470                	addi	a2,sp,524
  38:	0000                	unimp
  3a:	0008                	.insn	2, 0x0008
  3c:	0000                	unimp
  3e:	0000                	unimp
  40:	3c64                	fld	fs1,248(s0)
  42:	8000                	.insn	2, 0x8000
  44:	0000                	unimp
  46:	0000                	unimp
  48:	0220                	addi	s0,sp,264
	...
  5e:	0000                	unimp
  60:	002c                	addi	a1,sp,8
  62:	0000                	unimp
  64:	0002                	c.slli64	zero
  66:	0740                	addi	s0,sp,900
  68:	0000                	unimp
  6a:	0008                	.insn	2, 0x0008
  6c:	0000                	unimp
  6e:	0000                	unimp
  70:	3e84                	fld	fs1,56(a3)
  72:	8000                	.insn	2, 0x8000
  74:	0000                	unimp
  76:	0000                	unimp
  78:	0014                	.insn	2, 0x0014
	...
  8e:	0000                	unimp
  90:	002c                	addi	a1,sp,8
  92:	0000                	unimp
  94:	0002                	c.slli64	zero
  96:	0811                	addi	a6,a6,4 # 590b5c68 <__heap_size+0x59095c68>
  98:	0000                	unimp
  9a:	0008                	.insn	2, 0x0008
  9c:	0000                	unimp
  9e:	0000                	unimp
  a0:	3e98                	fld	fa4,56(a3)
  a2:	8000                	.insn	2, 0x8000
  a4:	0000                	unimp
  a6:	0000                	unimp
  a8:	0022                	c.slli	zero,0x8
	...
  be:	0000                	unimp
  c0:	002c                	addi	a1,sp,8
  c2:	0000                	unimp
  c4:	0002                	c.slli64	zero
  c6:	08f5                	addi	a7,a7,29
  c8:	0000                	unimp
  ca:	0008                	.insn	2, 0x0008
  cc:	0000                	unimp
  ce:	0000                	unimp
  d0:	3eba                	fld	ft9,424(sp)
  d2:	8000                	.insn	2, 0x8000
  d4:	0000                	unimp
  d6:	0000                	unimp
  d8:	0014                	.insn	2, 0x0014
	...
  ee:	0000                	unimp
  f0:	002c                	addi	a1,sp,8
  f2:	0000                	unimp
  f4:	0002                	c.slli64	zero
  f6:	00000bd3          	fadd.s	fs7,ft0,ft0,rne
  fa:	0008                	.insn	2, 0x0008
  fc:	0000                	unimp
  fe:	0000                	unimp
 100:	3ece                	fld	ft9,240(sp)
 102:	8000                	.insn	2, 0x8000
 104:	0000                	unimp
 106:	0000                	unimp
 108:	0004                	.insn	2, 0x0004
	...
 11e:	0000                	unimp
 120:	002c                	addi	a1,sp,8
 122:	0000                	unimp
 124:	0002                	c.slli64	zero
 126:	0c74                	addi	a3,sp,540
 128:	0000                	unimp
 12a:	0008                	.insn	2, 0x0008
 12c:	0000                	unimp
 12e:	0000                	unimp
 130:	3ed2                	fld	ft9,304(sp)
 132:	8000                	.insn	2, 0x8000
 134:	0000                	unimp
 136:	0000                	unimp
 138:	0008                	.insn	2, 0x0008
	...
 14e:	0000                	unimp
 150:	002c                	addi	a1,sp,8
 152:	0000                	unimp
 154:	0002                	c.slli64	zero
 156:	0d1f 0000 0008      	.insn	6, 0x000800000d1f
 15c:	0000                	unimp
 15e:	0000                	unimp
 160:	3eda                	fld	ft9,432(sp)
 162:	8000                	.insn	2, 0x8000
 164:	0000                	unimp
 166:	0000                	unimp
 168:	0014                	.insn	2, 0x0014
	...
 17e:	0000                	unimp
 180:	002c                	addi	a1,sp,8
 182:	0000                	unimp
 184:	0002                	c.slli64	zero
 186:	0dfc                	addi	a5,sp,732
 188:	0000                	unimp
 18a:	0008                	.insn	2, 0x0008
 18c:	0000                	unimp
 18e:	0000                	unimp
 190:	3eee                	fld	ft9,248(sp)
 192:	8000                	.insn	2, 0x8000
 194:	0000                	unimp
 196:	0000                	unimp
 198:	0014                	.insn	2, 0x0014
	...
 1ae:	0000                	unimp
 1b0:	002c                	addi	a1,sp,8
 1b2:	0000                	unimp
 1b4:	0002                	c.slli64	zero
 1b6:	0f0d                	addi	t5,t5,3
 1b8:	0000                	unimp
 1ba:	0008                	.insn	2, 0x0008
 1bc:	0000                	unimp
 1be:	0000                	unimp
 1c0:	3f02                	fld	ft10,32(sp)
 1c2:	8000                	.insn	2, 0x8000
 1c4:	0000                	unimp
 1c6:	0000                	unimp
 1c8:	0016                	c.slli	zero,0x5
	...
 1de:	0000                	unimp
 1e0:	002c                	addi	a1,sp,8
 1e2:	0000                	unimp
 1e4:	0002                	c.slli64	zero
 1e6:	1020                	addi	s0,sp,40
 1e8:	0000                	unimp
 1ea:	0008                	.insn	2, 0x0008
 1ec:	0000                	unimp
 1ee:	0000                	unimp
 1f0:	3f18                	fld	fa4,56(a4)
 1f2:	8000                	.insn	2, 0x8000
 1f4:	0000                	unimp
 1f6:	0000                	unimp
 1f8:	003c                	addi	a5,sp,8
	...
 20e:	0000                	unimp
 210:	002c                	addi	a1,sp,8
 212:	0000                	unimp
 214:	0002                	c.slli64	zero
 216:	1156                	slli	sp,sp,0x35
 218:	0000                	unimp
 21a:	0008                	.insn	2, 0x0008
 21c:	0000                	unimp
 21e:	0000                	unimp
 220:	3f54                	fld	fa3,184(a4)
 222:	8000                	.insn	2, 0x8000
 224:	0000                	unimp
 226:	0000                	unimp
 228:	0006                	c.slli	zero,0x1
	...
 23e:	0000                	unimp
 240:	002c                	addi	a1,sp,8
 242:	0000                	unimp
 244:	0002                	c.slli64	zero
 246:	12ce                	slli	t0,t0,0x33
 248:	0000                	unimp
 24a:	0008                	.insn	2, 0x0008
 24c:	0000                	unimp
 24e:	0000                	unimp
 250:	0000                	unimp
 252:	8000                	.insn	2, 0x8000
 254:	0000                	unimp
 256:	0000                	unimp
 258:	01ee                	slli	gp,gp,0x1b
	...
 26e:	0000                	unimp
 270:	002c                	addi	a1,sp,8
 272:	0000                	unimp
 274:	0002                	c.slli64	zero
 276:	000012f7          	.insn	4, 0x12f7
 27a:	0008                	.insn	2, 0x0008
 27c:	0000                	unimp
 27e:	0000                	unimp
 280:	01ee                	slli	gp,gp,0x1b
 282:	8000                	.insn	2, 0x8000
 284:	0000                	unimp
 286:	0000                	unimp
 288:	0042                	c.slli	zero,0x10
	...
 29e:	0000                	unimp
 2a0:	002c                	addi	a1,sp,8
 2a2:	0000                	unimp
 2a4:	0002                	c.slli64	zero
 2a6:	131f 0000 0008      	.insn	6, 0x00080000131f
 2ac:	0000                	unimp
 2ae:	0000                	unimp
 2b0:	3f5a                	fld	ft10,432(sp)
 2b2:	8000                	.insn	2, 0x8000
 2b4:	0000                	unimp
 2b6:	0000                	unimp
 2b8:	0016                	c.slli	zero,0x5
	...
 2ce:	0000                	unimp
 2d0:	002c                	addi	a1,sp,8
 2d2:	0000                	unimp
 2d4:	0002                	c.slli64	zero
 2d6:	1459                	addi	s0,s0,-10
 2d8:	0000                	unimp
 2da:	0008                	.insn	2, 0x0008
 2dc:	0000                	unimp
 2de:	0000                	unimp
 2e0:	3f70                	fld	fa2,248(a4)
 2e2:	8000                	.insn	2, 0x8000
 2e4:	0000                	unimp
 2e6:	0000                	unimp
 2e8:	0030                	addi	a2,sp,8
	...
 2fe:	0000                	unimp
 300:	002c                	addi	a1,sp,8
 302:	0000                	unimp
 304:	0002                	c.slli64	zero
 306:	15c2                	slli	a1,a1,0x30
 308:	0000                	unimp
 30a:	0008                	.insn	2, 0x0008
 30c:	0000                	unimp
 30e:	0000                	unimp
 310:	3fa0                	fld	fs0,120(a5)
 312:	8000                	.insn	2, 0x8000
 314:	0000                	unimp
 316:	0000                	unimp
 318:	0006                	c.slli	zero,0x1
	...
 32e:	0000                	unimp
 330:	002c                	addi	a1,sp,8
 332:	0000                	unimp
 334:	0002                	c.slli64	zero
 336:	0000160b          	.insn	4, 0x160b
 33a:	0008                	.insn	2, 0x0008
 33c:	0000                	unimp
 33e:	0000                	unimp
 340:	3fa6                	fld	ft11,104(sp)
 342:	8000                	.insn	2, 0x8000
 344:	0000                	unimp
 346:	0000                	unimp
 348:	004c                	addi	a1,sp,4
	...

Disassembly of section .debug_rnglists:

0000000000000000 <.debug_rnglists>:
   0:	0025                	c.nop	9
   2:	0000                	unimp
   4:	0005                	c.nop	1
   6:	0008                	.insn	2, 0x0008
   8:	0000                	unimp
   a:	0000                	unimp
   c:	8805                	andi	s0,s0,1
   e:	0002                	c.slli64	zero
  10:	0080                	addi	s0,sp,64
  12:	0000                	unimp
  14:	0400                	addi	s0,sp,512
  16:	2800                	fld	fs0,16(s0)
  18:	2c04                	fld	fs1,24(s0)
  1a:	0194                	addi	a3,sp,192
  1c:	0700                	addi	s0,sp,896
  1e:	0230                	addi	a2,sp,264
  20:	8000                	.insn	2, 0x8000
  22:	0000                	unimp
  24:	0000                	unimp
  26:	03f4                	addi	a3,sp,460
  28:	2f00                	fld	fs0,24(a4)
  2a:	0000                	unimp
  2c:	0500                	addi	s0,sp,640
  2e:	0800                	addi	s0,sp,16
  30:	0000                	unimp
  32:	0000                	unimp
  34:	0400                	addi	s0,sp,512
  36:	1604                	addi	s1,sp,800
  38:	2a04                	fld	fs1,16(a2)
  3a:	002a                	c.slli	zero,0xa
  3c:	ac04                	fsd	fs1,24(s0)
  3e:	bc01                	j	fffffffffffffa4e <__heap_end+0xffffffff7ffdaa4e>
  40:	0402                	c.slli64	s0
  42:	03a4                	addi	s1,sp,456
  44:	03a4                	addi	s1,sp,456
  46:	a604                	fsd	fs1,8(a2)
  48:	0403a803          	lw	a6,64(t2)
  4c:	03d2                	slli	t2,t2,0x14
  4e:	049a                	slli	s1,s1,0x6
  50:	0400                	addi	s0,sp,512
  52:	01ac                	addi	a1,sp,200
  54:	01de                	slli	gp,gp,0x17
  56:	d604                	sw	s1,40(a2)
  58:	0003e803          	lwu	a6,0(t2)
  5c:	0000000f          	fence	unknown,unknown
  60:	0005                	c.nop	1
  62:	0008                	.insn	2, 0x0008
  64:	0000                	unimp
  66:	0000                	unimp
  68:	1804                	addi	s1,sp,48
  6a:	041a                	slli	s0,s0,0x6
  6c:	221e                	fld	ft4,448(sp)
	...

Disassembly of section .debug_line:

0000000000000000 <.debug_line>:
       0:	0456                	slli	s0,s0,0x15
       2:	0000                	unimp
       4:	0005                	c.nop	1
       6:	0008                	.insn	2, 0x0008
       8:	0045                	c.nop	17
       a:	0000                	unimp
       c:	0101                	addi	sp,sp,0
       e:	fb01                	bnez	a4,ffffffffffffff1e <__heap_end+0xffffffff7ffdaf1e>
      10:	0d0e                	slli	s10,s10,0x3
      12:	0100                	addi	s0,sp,128
      14:	0101                	addi	sp,sp,0
      16:	0001                	nop
      18:	0000                	unimp
      1a:	0001                	nop
      1c:	0100                	addi	s0,sp,128
      1e:	0101                	addi	sp,sp,0
      20:	041f 0052 0000      	.insn	6, 0x0052041f
      26:	008d                	addi	ra,ra,3
      28:	0000                	unimp
      2a:	00c2                	slli	ra,ra,0x10
      2c:	0000                	unimp
      2e:	011a                	slli	sp,sp,0x6
      30:	0000                	unimp
      32:	0102                	c.slli64	sp
      34:	021f 050f 0035      	.insn	6, 0x0035050f021f
      3a:	0000                	unimp
      3c:	3501                	addiw	a0,a0,-32
      3e:	0000                	unimp
      40:	0100                	addi	s0,sp,128
      42:	00000163          	beqz	zero,44 <__stack_align+0x34>
      46:	6c02                	ld	s8,0(sp)
      48:	0001                	nop
      4a:	0200                	addi	s0,sp,256
      4c:	0000017b          	.insn	4, 0x017b
      50:	00100503          	lb	a0,1(zero) # 1 <__boot_hart+0x1>
      54:	0209                	addi	tp,tp,2 # 2 <__boot_hart+0x2>
      56:	0230                	addi	a2,sp,264
      58:	8000                	.insn	2, 0x8000
      5a:	0000                	unimp
      5c:	0000                	unimp
      5e:	05010c03          	lb	s8,80(sp)
      62:	0305                	addi	t1,t1,1
      64:	0901                	addi	s2,s2,0
      66:	0000                	unimp
      68:	0501                	addi	a0,a0,0
      6a:	0610                	addi	a2,sp,768
      6c:	00097f03          	.insn	4, 0x00097f03
      70:	0100                	addi	s0,sp,128
      72:	0e05                	addi	t3,t3,1
      74:	18090103          	lb	sp,384(s2)
      78:	0100                	addi	s0,sp,128
      7a:	0505                	addi	a0,a0,1
      7c:	0306                	slli	t1,t1,0x1
      7e:	0040090b          	.insn	4, 0x0040090b
      82:	0301                	addi	t1,t1,0
      84:	0901                	addi	s2,s2,0
      86:	0000                	unimp
      88:	0301                	addi	t1,t1,0
      8a:	0901                	addi	s2,s2,0
      8c:	0000                	unimp
      8e:	0301                	addi	t1,t1,0
      90:	00000903          	lb	s2,0(zero) # 0 <__boot_hart>
      94:	0301                	addi	t1,t1,0
      96:	0901                	addi	s2,s2,0
      98:	0000                	unimp
      9a:	0301                	addi	t1,t1,0
      9c:	0901                	addi	s2,s2,0
      9e:	0000                	unimp
      a0:	0301                	addi	t1,t1,0
      a2:	0902                	c.slli64	s2
      a4:	0000                	unimp
      a6:	0501                	addi	a0,a0,0
      a8:	030a                	slli	t1,t1,0x2
      aa:	0900                	addi	s0,sp,144
      ac:	0000                	unimp
      ae:	0501                	addi	a0,a0,0
      b0:	04020017          	auipc	zero,0x4020
      b4:	0301                	addi	t1,t1,0
      b6:	0900                	addi	s0,sp,144
      b8:	0000                	unimp
      ba:	0501                	addi	a0,a0,0
      bc:	060e                	slli	a2,a2,0x3
      be:	28096c03          	lwu	s8,640(s2)
      c2:	0100                	addi	s0,sp,128
      c4:	0905                	addi	s2,s2,1
      c6:	0306                	slli	t1,t1,0x1
      c8:	0915                	addi	s2,s2,5
      ca:	0004                	.insn	2, 0x0004
      cc:	0501                	addi	a0,a0,0
      ce:	0616                	slli	a2,a2,0x5
      d0:	00090003          	lb	zero,0(s2)
      d4:	0100                	addi	s0,sp,128
      d6:	04090103          	lb	sp,64(s2)
      da:	0100                	addi	s0,sp,128
      dc:	04090103          	lb	sp,64(s2)
      e0:	0100                	addi	s0,sp,128
      e2:	04090103          	lb	sp,64(s2)
      e6:	0100                	addi	s0,sp,128
      e8:	04090103          	lb	sp,64(s2)
      ec:	0100                	addi	s0,sp,128
      ee:	04090103          	lb	sp,64(s2)
      f2:	0100                	addi	s0,sp,128
      f4:	04090103          	lb	sp,64(s2)
      f8:	0100                	addi	s0,sp,128
      fa:	04090103          	lb	sp,64(s2)
      fe:	0100                	addi	s0,sp,128
     100:	04097903          	.insn	4, 0x04097903
     104:	0100                	addi	s0,sp,128
     106:	0905                	addi	s2,s2,1
     108:	0306                	slli	t1,t1,0x1
     10a:	0901                	addi	s2,s2,0
     10c:	0004                	.insn	2, 0x0004
     10e:	0501                	addi	a0,a0,0
     110:	0616                	slli	a2,a2,0x5
     112:	00090003          	lb	zero,0(s2)
     116:	0100                	addi	s0,sp,128
     118:	0905                	addi	s2,s2,1
     11a:	0306                	slli	t1,t1,0x1
     11c:	0901                	addi	s2,s2,0
     11e:	0004                	.insn	2, 0x0004
     120:	0501                	addi	a0,a0,0
     122:	0616                	slli	a2,a2,0x5
     124:	00090003          	lb	zero,0(s2)
     128:	0100                	addi	s0,sp,128
     12a:	0905                	addi	s2,s2,1
     12c:	0306                	slli	t1,t1,0x1
     12e:	0901                	addi	s2,s2,0
     130:	0004                	.insn	2, 0x0004
     132:	0501                	addi	a0,a0,0
     134:	0616                	slli	a2,a2,0x5
     136:	00090003          	lb	zero,0(s2)
     13a:	0100                	addi	s0,sp,128
     13c:	0905                	addi	s2,s2,1
     13e:	0306                	slli	t1,t1,0x1
     140:	0901                	addi	s2,s2,0
     142:	0004                	.insn	2, 0x0004
     144:	0501                	addi	a0,a0,0
     146:	0616                	slli	a2,a2,0x5
     148:	00090003          	lb	zero,0(s2)
     14c:	0100                	addi	s0,sp,128
     14e:	0905                	addi	s2,s2,1
     150:	0306                	slli	t1,t1,0x1
     152:	0901                	addi	s2,s2,0
     154:	0004                	.insn	2, 0x0004
     156:	0501                	addi	a0,a0,0
     158:	0616                	slli	a2,a2,0x5
     15a:	00090003          	lb	zero,0(s2)
     15e:	0100                	addi	s0,sp,128
     160:	0905                	addi	s2,s2,1
     162:	0306                	slli	t1,t1,0x1
     164:	0901                	addi	s2,s2,0
     166:	0004                	.insn	2, 0x0004
     168:	0501                	addi	a0,a0,0
     16a:	0616                	slli	a2,a2,0x5
     16c:	00090003          	lb	zero,0(s2)
     170:	0100                	addi	s0,sp,128
     172:	0905                	addi	s2,s2,1
     174:	0306                	slli	t1,t1,0x1
     176:	0901                	addi	s2,s2,0
     178:	0004                	.insn	2, 0x0004
     17a:	0501                	addi	a0,a0,0
     17c:	0616                	slli	a2,a2,0x5
     17e:	00090003          	lb	zero,0(s2)
     182:	0100                	addi	s0,sp,128
     184:	1c05                	addi	s8,s8,-31
     186:	0200                	addi	s0,sp,256
     188:	0304                	addi	s1,sp,384
     18a:	0306                	slli	t1,t1,0x1
     18c:	0978                	addi	a4,sp,156
     18e:	0004                	.insn	2, 0x0004
     190:	0501                	addi	a0,a0,0
     192:	04020017          	auipc	zero,0x4020
     196:	0301                	addi	t1,t1,0
     198:	0900                	addi	s0,sp,144
     19a:	0000                	unimp
     19c:	0501                	addi	a0,a0,0
     19e:	0305                	addi	t1,t1,1
     1a0:	0028090b          	.insn	4, 0x0028090b
     1a4:	0301                	addi	t1,t1,0
     1a6:	0902                	c.slli64	s2
     1a8:	0000                	unimp
     1aa:	0301                	addi	t1,t1,0
     1ac:	00040903          	lb	s2,0(s0)
     1b0:	0501                	addi	a0,a0,0
     1b2:	061e                	slli	a2,a2,0x7
     1b4:	00090303          	lb	t1,0(s2)
     1b8:	0100                	addi	s0,sp,128
     1ba:	1105                	addi	sp,sp,-31
     1bc:	04097d03          	.insn	4, 0x04097d03
     1c0:	0100                	addi	s0,sp,128
     1c2:	1e05                	addi	t3,t3,-31
     1c4:	04090303          	lb	t1,64(s2)
     1c8:	0100                	addi	s0,sp,128
     1ca:	04090103          	lb	sp,64(s2)
     1ce:	0100                	addi	s0,sp,128
     1d0:	08090103          	lb	sp,128(s2)
     1d4:	0100                	addi	s0,sp,128
     1d6:	08090103          	lb	sp,128(s2)
     1da:	0100                	addi	s0,sp,128
     1dc:	08090103          	lb	sp,128(s2)
     1e0:	0100                	addi	s0,sp,128
     1e2:	08090103          	lb	sp,128(s2)
     1e6:	0100                	addi	s0,sp,128
     1e8:	0905                	addi	s2,s2,1
     1ea:	08090803          	lb	a6,128(s2)
     1ee:	0100                	addi	s0,sp,128
     1f0:	0505                	addi	a0,a0,1
     1f2:	08091103          	lh	sp,128(s2)
     1f6:	0100                	addi	s0,sp,128
     1f8:	1e05                	addi	t3,t3,-31
     1fa:	04096103          	lwu	sp,64(s2)
     1fe:	0100                	addi	s0,sp,128
     200:	0905                	addi	s2,s2,1
     202:	04090a03          	lb	s4,64(s2)
     206:	0100                	addi	s0,sp,128
     208:	04090403          	lb	s0,64(s2)
     20c:	0100                	addi	s0,sp,128
     20e:	0505                	addi	a0,a0,1
     210:	04091103          	lh	sp,64(s2)
     214:	0100                	addi	s0,sp,128
     216:	04090103          	lb	sp,64(s2)
     21a:	0100                	addi	s0,sp,128
     21c:	0905                	addi	s2,s2,1
     21e:	08097403          	.insn	4, 0x08097403
     222:	0100                	addi	s0,sp,128
     224:	0505                	addi	a0,a0,1
     226:	0306                	slli	t1,t1,0x1
     228:	096c                	addi	a1,sp,156
     22a:	0008                	.insn	2, 0x0008
     22c:	0301                	addi	t1,t1,0
     22e:	0901                	addi	s2,s2,0
     230:	0000                	unimp
     232:	0301                	addi	t1,t1,0
     234:	0901                	addi	s2,s2,0
     236:	0000                	unimp
     238:	0301                	addi	t1,t1,0
     23a:	0901                	addi	s2,s2,0
     23c:	0000                	unimp
     23e:	0301                	addi	t1,t1,0
     240:	0901                	addi	s2,s2,0
     242:	0000                	unimp
     244:	0301                	addi	t1,t1,0
     246:	0901                	addi	s2,s2,0
     248:	0000                	unimp
     24a:	0301                	addi	t1,t1,0
     24c:	0901                	addi	s2,s2,0
     24e:	0000                	unimp
     250:	0301                	addi	t1,t1,0
     252:	00000903          	lb	s2,0(zero) # 0 <__boot_hart>
     256:	0301                	addi	t1,t1,0
     258:	0904                	addi	s1,sp,144
     25a:	0000                	unimp
     25c:	0301                	addi	t1,t1,0
     25e:	0904                	addi	s1,sp,144
     260:	0000                	unimp
     262:	0601                	addi	a2,a2,0
     264:	00091003          	lh	zero,0(s2)
     268:	0100                	addi	s0,sp,128
     26a:	0905                	addi	s2,s2,1
     26c:	04097103          	.insn	4, 0x04097103
     270:	0100                	addi	s0,sp,128
     272:	0505                	addi	a0,a0,1
     274:	0306                	slli	t1,t1,0x1
     276:	0901                	addi	s2,s2,0
     278:	0004                	.insn	2, 0x0004
     27a:	0501                	addi	a0,a0,0
     27c:	0609                	addi	a2,a2,2
     27e:	00090503          	lb	a0,0(s2)
     282:	0100                	addi	s0,sp,128
     284:	04097c03          	.insn	4, 0x04097c03
     288:	0100                	addi	s0,sp,128
     28a:	0505                	addi	a0,a0,1
     28c:	0306                	slli	t1,t1,0x1
     28e:	00040903          	lb	s2,0(s0)
     292:	0301                	addi	t1,t1,0
     294:	0902                	c.slli64	s2
     296:	0000                	unimp
     298:	0501                	addi	a0,a0,0
     29a:	0609                	addi	a2,a2,2
     29c:	00090103          	lb	sp,0(s2)
     2a0:	0100                	addi	s0,sp,128
     2a2:	0505                	addi	a0,a0,1
     2a4:	0306                	slli	t1,t1,0x1
     2a6:	0901                	addi	s2,s2,0
     2a8:	0004                	.insn	2, 0x0004
     2aa:	0501                	addi	a0,a0,0
     2ac:	0609                	addi	a2,a2,2
     2ae:	00090103          	lb	sp,0(s2)
     2b2:	0100                	addi	s0,sp,128
     2b4:	0505                	addi	a0,a0,1
     2b6:	0306                	slli	t1,t1,0x1
     2b8:	00040903          	lb	s2,0(s0)
     2bc:	0301                	addi	t1,t1,0
     2be:	0901                	addi	s2,s2,0
     2c0:	0000                	unimp
     2c2:	0301                	addi	t1,t1,0
     2c4:	0901                	addi	s2,s2,0
     2c6:	0000                	unimp
     2c8:	0301                	addi	t1,t1,0
     2ca:	0904                	addi	s1,sp,144
     2cc:	0004                	.insn	2, 0x0004
     2ce:	0501                	addi	a0,a0,0
     2d0:	030a                	slli	t1,t1,0x2
     2d2:	0900                	addi	s0,sp,144
     2d4:	0000                	unimp
     2d6:	0501                	addi	a0,a0,0
     2d8:	04020017          	auipc	zero,0x4020
     2dc:	0301                	addi	t1,t1,0
     2de:	0900                	addi	s0,sp,144
     2e0:	0000                	unimp
     2e2:	0501                	addi	a0,a0,0
     2e4:	0309                	addi	t1,t1,2
     2e6:	0901                	addi	s2,s2,0
     2e8:	0000                	unimp
     2ea:	0301                	addi	t1,t1,0
     2ec:	0901                	addi	s2,s2,0
     2ee:	0000                	unimp
     2f0:	0301                	addi	t1,t1,0
     2f2:	0901                	addi	s2,s2,0
     2f4:	0000                	unimp
     2f6:	0501                	addi	a0,a0,0
     2f8:	0621                	addi	a2,a2,8
     2fa:	00090003          	lb	zero,0(s2)
     2fe:	0100                	addi	s0,sp,128
     300:	1c05                	addi	s8,s8,-31
     302:	0200                	addi	s0,sp,256
     304:	0304                	addi	s1,sp,384
     306:	0306                	slli	t1,t1,0x1
     308:	097d                	addi	s2,s2,31
     30a:	0008                	.insn	2, 0x0008
     30c:	0501                	addi	a0,a0,0
     30e:	04020017          	auipc	zero,0x4020
     312:	0301                	addi	t1,t1,0
     314:	0900                	addi	s0,sp,144
     316:	0000                	unimp
     318:	0501                	addi	a0,a0,0
     31a:	0309                	addi	t1,t1,2
     31c:	0901                	addi	s2,s2,0
     31e:	0000                	unimp
     320:	0301                	addi	t1,t1,0
     322:	0901                	addi	s2,s2,0
     324:	0000                	unimp
     326:	0301                	addi	t1,t1,0
     328:	0901                	addi	s2,s2,0
     32a:	0000                	unimp
     32c:	0501                	addi	a0,a0,0
     32e:	0621                	addi	a2,a2,8
     330:	00090003          	lb	zero,0(s2)
     334:	0100                	addi	s0,sp,128
     336:	1c05                	addi	s8,s8,-31
     338:	0200                	addi	s0,sp,256
     33a:	0304                	addi	s1,sp,384
     33c:	0306                	slli	t1,t1,0x1
     33e:	097d                	addi	s2,s2,31
     340:	0008                	.insn	2, 0x0008
     342:	0501                	addi	a0,a0,0
     344:	04020017          	auipc	zero,0x4020
     348:	0301                	addi	t1,t1,0
     34a:	0900                	addi	s0,sp,144
     34c:	0000                	unimp
     34e:	0501                	addi	a0,a0,0
     350:	0309                	addi	t1,t1,2
     352:	0901                	addi	s2,s2,0
     354:	0000                	unimp
     356:	0301                	addi	t1,t1,0
     358:	0901                	addi	s2,s2,0
     35a:	0000                	unimp
     35c:	0301                	addi	t1,t1,0
     35e:	0901                	addi	s2,s2,0
     360:	0000                	unimp
     362:	0501                	addi	a0,a0,0
     364:	0621                	addi	a2,a2,8
     366:	00090003          	lb	zero,0(s2)
     36a:	0100                	addi	s0,sp,128
     36c:	1c05                	addi	s8,s8,-31
     36e:	0200                	addi	s0,sp,256
     370:	0304                	addi	s1,sp,384
     372:	0306                	slli	t1,t1,0x1
     374:	097d                	addi	s2,s2,31
     376:	0008                	.insn	2, 0x0008
     378:	0501                	addi	a0,a0,0
     37a:	04020017          	auipc	zero,0x4020
     37e:	0301                	addi	t1,t1,0
     380:	0900                	addi	s0,sp,144
     382:	0000                	unimp
     384:	0501                	addi	a0,a0,0
     386:	0309                	addi	t1,t1,2
     388:	0901                	addi	s2,s2,0
     38a:	0000                	unimp
     38c:	0301                	addi	t1,t1,0
     38e:	0901                	addi	s2,s2,0
     390:	0000                	unimp
     392:	0301                	addi	t1,t1,0
     394:	0901                	addi	s2,s2,0
     396:	0000                	unimp
     398:	0501                	addi	a0,a0,0
     39a:	0621                	addi	a2,a2,8
     39c:	00090003          	lb	zero,0(s2)
     3a0:	0100                	addi	s0,sp,128
     3a2:	1c05                	addi	s8,s8,-31
     3a4:	0200                	addi	s0,sp,256
     3a6:	0304                	addi	s1,sp,384
     3a8:	0306                	slli	t1,t1,0x1
     3aa:	097d                	addi	s2,s2,31
     3ac:	0008                	.insn	2, 0x0008
     3ae:	0501                	addi	a0,a0,0
     3b0:	04020017          	auipc	zero,0x4020
     3b4:	0301                	addi	t1,t1,0
     3b6:	0900                	addi	s0,sp,144
     3b8:	0000                	unimp
     3ba:	0501                	addi	a0,a0,0
     3bc:	0305                	addi	t1,t1,1
     3be:	0906                	slli	s2,s2,0x1
     3c0:	0000                	unimp
     3c2:	0301                	addi	t1,t1,0
     3c4:	0902                	c.slli64	s2
     3c6:	0004                	.insn	2, 0x0004
     3c8:	0301                	addi	t1,t1,0
     3ca:	0904                	addi	s1,sp,144
     3cc:	0010                	.insn	2, 0x0010
     3ce:	0501                	addi	a0,a0,0
     3d0:	030a                	slli	t1,t1,0x2
     3d2:	0900                	addi	s0,sp,144
     3d4:	0000                	unimp
     3d6:	0501                	addi	a0,a0,0
     3d8:	04020017          	auipc	zero,0x4020
     3dc:	0301                	addi	t1,t1,0
     3de:	0900                	addi	s0,sp,144
     3e0:	0000                	unimp
     3e2:	0501                	addi	a0,a0,0
     3e4:	060e                	slli	a2,a2,0x3
     3e6:	00090003          	lb	zero,0(s2)
     3ea:	0100                	addi	s0,sp,128
     3ec:	0905                	addi	s2,s2,1
     3ee:	04090103          	lb	sp,64(s2)
     3f2:	0100                	addi	s0,sp,128
     3f4:	1705                	addi	a4,a4,-31
     3f6:	0200                	addi	s0,sp,256
     3f8:	0104                	addi	s1,sp,128
     3fa:	08097f03          	.insn	4, 0x08097f03
     3fe:	0100                	addi	s0,sp,128
     400:	0905                	addi	s2,s2,1
     402:	0306                	slli	t1,t1,0x1
     404:	0901                	addi	s2,s2,0
     406:	0004                	.insn	2, 0x0004
     408:	0501                	addi	a0,a0,0
     40a:	001c                	.insn	2, 0x001c
     40c:	0402                	c.slli64	s0
     40e:	7f030603          	lb	a2,2032(t1)
     412:	1009                	c.nop	-30
     414:	0100                	addi	s0,sp,128
     416:	1705                	addi	a4,a4,-31
     418:	0200                	addi	s0,sp,256
     41a:	0104                	addi	s1,sp,128
     41c:	04090003          	lb	zero,64(s2)
     420:	0100                	addi	s0,sp,128
     422:	0905                	addi	s2,s2,1
     424:	04090103          	lb	sp,64(s2)
     428:	0100                	addi	s0,sp,128
     42a:	1c05                	addi	s8,s8,-31
     42c:	0200                	addi	s0,sp,256
     42e:	0304                	addi	s1,sp,384
     430:	0306                	slli	t1,t1,0x1
     432:	097f 0008 0501 0017 	.insn	10, 0x0402001705010008097f
     43a:	0402 
     43c:	0301                	addi	t1,t1,0
     43e:	0900                	addi	s0,sp,144
     440:	0000                	unimp
     442:	0501                	addi	a0,a0,0
     444:	0305                	addi	t1,t1,1
     446:	0904                	addi	s1,sp,144
     448:	0004                	.insn	2, 0x0004
     44a:	0501                	addi	a0,a0,0
     44c:	0601                	addi	a2,a2,0
     44e:	00090103          	lb	sp,0(s2)
     452:	0100                	addi	s0,sp,128
     454:	2009                	.insn	2, 0x2009
     456:	0000                	unimp
     458:	0101                	addi	sp,sp,0
     45a:	07a1                	addi	a5,a5,8
     45c:	0000                	unimp
     45e:	0005                	c.nop	1
     460:	0008                	.insn	2, 0x0008
     462:	0038                	addi	a4,sp,8
     464:	0000                	unimp
     466:	0101                	addi	sp,sp,0
     468:	fb01                	bnez	a4,378 <__stack_align+0x368>
     46a:	0d0e                	slli	s10,s10,0x3
     46c:	0100                	addi	s0,sp,128
     46e:	0101                	addi	sp,sp,0
     470:	0001                	nop
     472:	0000                	unimp
     474:	0001                	nop
     476:	0100                	addi	s0,sp,128
     478:	0101                	addi	sp,sp,0
     47a:	021f 01af 0000      	.insn	6, 0x01af021f
     480:	0246                	slli	tp,tp,0x11
     482:	0000                	unimp
     484:	0102                	c.slli64	sp
     486:	021f 040f 01a2      	.insn	6, 0x01a2040f021f
     48c:	0000                	unimp
     48e:	a201                	j	58e <__stack_align+0x57e>
     490:	0001                	nop
     492:	0100                	addi	s0,sp,128
     494:	0265                	addi	tp,tp,25 # 19 <__stack_align+0x9>
     496:	0000                	unimp
     498:	6e01                	.insn	2, 0x6e01
     49a:	0002                	c.slli64	zero
     49c:	0100                	addi	s0,sp,128
     49e:	0105                	addi	sp,sp,1
     4a0:	0900                	addi	s0,sp,144
     4a2:	6402                	ld	s0,0(sp)
     4a4:	003c                	addi	a5,sp,8
     4a6:	0080                	addi	s0,sp,64
     4a8:	0000                	unimp
     4aa:	0300                	addi	s0,sp,384
     4ac:	0122                	slli	sp,sp,0x8
     4ae:	0305                	addi	t1,t1,1
     4b0:	00090103          	lb	sp,0(s2)
     4b4:	0100                	addi	s0,sp,128
     4b6:	00090003          	lb	zero,0(s2)
     4ba:	0100                	addi	s0,sp,128
     4bc:	0d05                	addi	s10,s10,1
     4be:	00090003          	lb	zero,0(s2)
     4c2:	0100                	addi	s0,sp,128
     4c4:	0305                	addi	t1,t1,1
     4c6:	00090103          	lb	sp,0(s2)
     4ca:	0100                	addi	s0,sp,128
     4cc:	00090003          	lb	zero,0(s2)
     4d0:	0100                	addi	s0,sp,128
     4d2:	00090003          	lb	zero,0(s2)
     4d6:	0100                	addi	s0,sp,128
     4d8:	00090003          	lb	zero,0(s2)
     4dc:	0100                	addi	s0,sp,128
     4de:	00090103          	lb	sp,0(s2)
     4e2:	0100                	addi	s0,sp,128
     4e4:	00090003          	lb	zero,0(s2)
     4e8:	0100                	addi	s0,sp,128
     4ea:	00090003          	lb	zero,0(s2)
     4ee:	0100                	addi	s0,sp,128
     4f0:	00090003          	lb	zero,0(s2)
     4f4:	0100                	addi	s0,sp,128
     4f6:	00090103          	lb	sp,0(s2)
     4fa:	0100                	addi	s0,sp,128
     4fc:	00090203          	lb	tp,0(s2)
     500:	0100                	addi	s0,sp,128
     502:	00090003          	lb	zero,0(s2)
     506:	0100                	addi	s0,sp,128
     508:	0306                	slli	t1,t1,0x1
     50a:	0901                	addi	s2,s2,0
     50c:	0004                	.insn	2, 0x0004
     50e:	0001                	nop
     510:	0402                	c.slli64	s0
     512:	0302                	c.slli64	t1
     514:	0900                	addi	s0,sp,144
     516:	0012                	c.slli	zero,0x4
     518:	0301                	addi	t1,t1,0
     51a:	0904                	addi	s1,sp,144
     51c:	0006                	c.slli	zero,0x1
     51e:	0001                	nop
     520:	0402                	c.slli64	s0
     522:	0302                	c.slli64	t1
     524:	097c                	addi	a5,sp,156
     526:	0004                	.insn	2, 0x0004
     528:	0301                	addi	t1,t1,0
     52a:	0904                	addi	s1,sp,144
     52c:	0002                	c.slli64	zero
     52e:	0301                	addi	t1,t1,0
     530:	0006097b          	.insn	4, 0x0006097b
     534:	0601                	addi	a2,a2,0
     536:	02090003          	lb	zero,32(s2)
     53a:	0100                	addi	s0,sp,128
     53c:	00090103          	lb	sp,0(s2)
     540:	0100                	addi	s0,sp,128
     542:	00090003          	lb	zero,0(s2)
     546:	0100                	addi	s0,sp,128
     548:	00090003          	lb	zero,0(s2)
     54c:	0100                	addi	s0,sp,128
     54e:	00090003          	lb	zero,0(s2)
     552:	0100                	addi	s0,sp,128
     554:	00090003          	lb	zero,0(s2)
     558:	0100                	addi	s0,sp,128
     55a:	00090003          	lb	zero,0(s2)
     55e:	0100                	addi	s0,sp,128
     560:	00090003          	lb	zero,0(s2)
     564:	0100                	addi	s0,sp,128
     566:	00090003          	lb	zero,0(s2)
     56a:	0100                	addi	s0,sp,128
     56c:	00090003          	lb	zero,0(s2)
     570:	0100                	addi	s0,sp,128
     572:	00090003          	lb	zero,0(s2)
     576:	0100                	addi	s0,sp,128
     578:	00090003          	lb	zero,0(s2)
     57c:	0100                	addi	s0,sp,128
     57e:	0200                	addi	s0,sp,256
     580:	0204                	addi	s1,sp,256
     582:	00090003          	lb	zero,0(s2)
     586:	0100                	addi	s0,sp,128
     588:	0200                	addi	s0,sp,256
     58a:	0204                	addi	s1,sp,256
     58c:	00090003          	lb	zero,0(s2)
     590:	0100                	addi	s0,sp,128
     592:	0200                	addi	s0,sp,256
     594:	0404                	addi	s1,sp,512
     596:	04090003          	lb	zero,64(s2)
     59a:	0100                	addi	s0,sp,128
     59c:	0200                	addi	s0,sp,256
     59e:	0404                	addi	s1,sp,512
     5a0:	00090003          	lb	zero,0(s2)
     5a4:	0100                	addi	s0,sp,128
     5a6:	00090403          	lb	s0,0(s2)
     5aa:	0100                	addi	s0,sp,128
     5ac:	00090003          	lb	zero,0(s2)
     5b0:	0100                	addi	s0,sp,128
     5b2:	00090003          	lb	zero,0(s2)
     5b6:	0100                	addi	s0,sp,128
     5b8:	00090003          	lb	zero,0(s2)
     5bc:	0100                	addi	s0,sp,128
     5be:	00090003          	lb	zero,0(s2)
     5c2:	0100                	addi	s0,sp,128
     5c4:	0200                	addi	s0,sp,256
     5c6:	0104                	addi	s1,sp,128
     5c8:	04090003          	lb	zero,64(s2)
     5cc:	0100                	addi	s0,sp,128
     5ce:	0200                	addi	s0,sp,256
     5d0:	0104                	addi	s1,sp,128
     5d2:	08090003          	lb	zero,128(s2)
     5d6:	0100                	addi	s0,sp,128
     5d8:	0200                	addi	s0,sp,256
     5da:	0304                	addi	s1,sp,384
     5dc:	08090003          	lb	zero,128(s2)
     5e0:	0100                	addi	s0,sp,128
     5e2:	0200                	addi	s0,sp,256
     5e4:	0304                	addi	s1,sp,384
     5e6:	00090003          	lb	zero,0(s2)
     5ea:	0100                	addi	s0,sp,128
     5ec:	0200                	addi	s0,sp,256
     5ee:	0604                	addi	s1,sp,768
     5f0:	0306                	slli	t1,t1,0x1
     5f2:	0900                	addi	s0,sp,144
     5f4:	0002                	c.slli64	zero
     5f6:	0001                	nop
     5f8:	0402                	c.slli64	s0
     5fa:	09000307          	.insn	4, 0x09000307
     5fe:	0006                	c.slli	zero,0x1
     600:	0001                	nop
     602:	0402                	c.slli64	s0
     604:	030e                	slli	t1,t1,0x3
     606:	0900                	addi	s0,sp,144
     608:	0002                	c.slli64	zero
     60a:	0001                	nop
     60c:	0402                	c.slli64	s0
     60e:	0310                	addi	a2,sp,384
     610:	0900                	addi	s0,sp,144
     612:	0006                	c.slli	zero,0x1
     614:	0001                	nop
     616:	0402                	c.slli64	s0
     618:	030a                	slli	t1,t1,0x2
     61a:	0900                	addi	s0,sp,144
     61c:	0004                	.insn	2, 0x0004
     61e:	0001                	nop
     620:	0402                	c.slli64	s0
     622:	0900030b          	.insn	4, 0x0900030b
     626:	0006                	c.slli	zero,0x1
     628:	0001                	nop
     62a:	0402                	c.slli64	s0
     62c:	030d                	addi	t1,t1,3
     62e:	0900                	addi	s0,sp,144
     630:	0002                	c.slli64	zero
     632:	0001                	nop
     634:	0402                	c.slli64	s0
     636:	0604                	addi	s1,sp,768
     638:	08090003          	lb	zero,128(s2)
     63c:	0100                	addi	s0,sp,128
     63e:	0200                	addi	s0,sp,256
     640:	1104                	addi	s1,sp,160
     642:	04090003          	lb	zero,64(s2)
     646:	0100                	addi	s0,sp,128
     648:	0200                	addi	s0,sp,256
     64a:	1304                	addi	s1,sp,416
     64c:	0306                	slli	t1,t1,0x1
     64e:	0900                	addi	s0,sp,144
     650:	0004                	.insn	2, 0x0004
     652:	0001                	nop
     654:	0402                	c.slli64	s0
     656:	0311                	addi	t1,t1,4
     658:	0900                	addi	s0,sp,144
     65a:	0002                	c.slli64	zero
     65c:	0001                	nop
     65e:	0402                	c.slli64	s0
     660:	0614                	addi	a3,sp,768
     662:	04090003          	lb	zero,64(s2)
     666:	0100                	addi	s0,sp,128
     668:	0200                	addi	s0,sp,256
     66a:	1404                	addi	s1,sp,544
     66c:	08090003          	lb	zero,128(s2)
     670:	0100                	addi	s0,sp,128
     672:	0200                	addi	s0,sp,256
     674:	1604                	addi	s1,sp,800
     676:	0306                	slli	t1,t1,0x1
     678:	0900                	addi	s0,sp,144
     67a:	0008                	.insn	2, 0x0008
     67c:	0001                	nop
     67e:	0402                	c.slli64	s0
     680:	0314                	addi	a3,sp,384
     682:	0900                	addi	s0,sp,144
     684:	0004                	.insn	2, 0x0004
     686:	0001                	nop
     688:	0402                	c.slli64	s0
     68a:	0616                	slli	a2,a2,0x5
     68c:	04090003          	lb	zero,64(s2)
     690:	0100                	addi	s0,sp,128
     692:	0200                	addi	s0,sp,256
     694:	1b04                	addi	s1,sp,432
     696:	0306                	slli	t1,t1,0x1
     698:	0900                	addi	s0,sp,144
     69a:	000e                	c.slli	zero,0x3
     69c:	0001                	nop
     69e:	0402                	c.slli64	s0
     6a0:	0316                	slli	t1,t1,0x5
     6a2:	0900                	addi	s0,sp,144
     6a4:	000c                	.insn	2, 0x000c
     6a6:	0001                	nop
     6a8:	0402                	c.slli64	s0
     6aa:	031d                	addi	t1,t1,7
     6ac:	0900                	addi	s0,sp,144
     6ae:	0004                	.insn	2, 0x0004
     6b0:	0001                	nop
     6b2:	0402                	c.slli64	s0
     6b4:	061d                	addi	a2,a2,7
     6b6:	02090003          	lb	zero,32(s2)
     6ba:	0100                	addi	s0,sp,128
     6bc:	0200                	addi	s0,sp,256
     6be:	0604                	addi	s1,sp,768
     6c0:	00090203          	lb	tp,0(s2)
     6c4:	0100                	addi	s0,sp,128
     6c6:	0200                	addi	s0,sp,256
     6c8:	0704                	addi	s1,sp,896
     6ca:	00090003          	lb	zero,0(s2)
     6ce:	0100                	addi	s0,sp,128
     6d0:	0200                	addi	s0,sp,256
     6d2:	0704                	addi	s1,sp,896
     6d4:	00090003          	lb	zero,0(s2)
     6d8:	0100                	addi	s0,sp,128
     6da:	0200                	addi	s0,sp,256
     6dc:	0704                	addi	s1,sp,896
     6de:	00090003          	lb	zero,0(s2)
     6e2:	0100                	addi	s0,sp,128
     6e4:	0200                	addi	s0,sp,256
     6e6:	0704                	addi	s1,sp,896
     6e8:	00090003          	lb	zero,0(s2)
     6ec:	0100                	addi	s0,sp,128
     6ee:	0200                	addi	s0,sp,256
     6f0:	0704                	addi	s1,sp,896
     6f2:	00090003          	lb	zero,0(s2)
     6f6:	0100                	addi	s0,sp,128
     6f8:	0200                	addi	s0,sp,256
     6fa:	0704                	addi	s1,sp,896
     6fc:	00090003          	lb	zero,0(s2)
     700:	0100                	addi	s0,sp,128
     702:	0200                	addi	s0,sp,256
     704:	0704                	addi	s1,sp,896
     706:	00090003          	lb	zero,0(s2)
     70a:	0100                	addi	s0,sp,128
     70c:	0200                	addi	s0,sp,256
     70e:	0704                	addi	s1,sp,896
     710:	00090003          	lb	zero,0(s2)
     714:	0100                	addi	s0,sp,128
     716:	0200                	addi	s0,sp,256
     718:	0704                	addi	s1,sp,896
     71a:	00090003          	lb	zero,0(s2)
     71e:	0100                	addi	s0,sp,128
     720:	0200                	addi	s0,sp,256
     722:	0904                	addi	s1,sp,144
     724:	00090003          	lb	zero,0(s2)
     728:	0100                	addi	s0,sp,128
     72a:	0200                	addi	s0,sp,256
     72c:	0c04                	addi	s1,sp,528
     72e:	04090003          	lb	zero,64(s2)
     732:	0100                	addi	s0,sp,128
     734:	0200                	addi	s0,sp,256
     736:	0c04                	addi	s1,sp,528
     738:	00090003          	lb	zero,0(s2)
     73c:	0100                	addi	s0,sp,128
     73e:	0200                	addi	s0,sp,256
     740:	0c04                	addi	s1,sp,528
     742:	00090003          	lb	zero,0(s2)
     746:	0100                	addi	s0,sp,128
     748:	0200                	addi	s0,sp,256
     74a:	0d04                	addi	s1,sp,656
     74c:	08090003          	lb	zero,128(s2)
     750:	0100                	addi	s0,sp,128
     752:	0200                	addi	s0,sp,256
     754:	0d04                	addi	s1,sp,656
     756:	00090003          	lb	zero,0(s2)
     75a:	0100                	addi	s0,sp,128
     75c:	0200                	addi	s0,sp,256
     75e:	1004                	addi	s1,sp,32
     760:	10090003          	lb	zero,256(s2)
     764:	0100                	addi	s0,sp,128
     766:	0200                	addi	s0,sp,256
     768:	1004                	addi	s1,sp,32
     76a:	00090003          	lb	zero,0(s2)
     76e:	0100                	addi	s0,sp,128
     770:	0200                	addi	s0,sp,256
     772:	1404                	addi	s1,sp,544
     774:	0a090003          	lb	zero,160(s2)
     778:	0100                	addi	s0,sp,128
     77a:	0200                	addi	s0,sp,256
     77c:	1704                	addi	s1,sp,928
     77e:	02090003          	lb	zero,32(s2)
     782:	0100                	addi	s0,sp,128
     784:	0200                	addi	s0,sp,256
     786:	1704                	addi	s1,sp,928
     788:	00090003          	lb	zero,0(s2)
     78c:	0100                	addi	s0,sp,128
     78e:	0200                	addi	s0,sp,256
     790:	2404                	fld	fs1,8(s0)
     792:	0a090003          	lb	zero,160(s2)
     796:	0100                	addi	s0,sp,128
     798:	0200                	addi	s0,sp,256
     79a:	2404                	fld	fs1,8(s0)
     79c:	00090003          	lb	zero,0(s2)
     7a0:	0100                	addi	s0,sp,128
     7a2:	0200                	addi	s0,sp,256
     7a4:	2504                	fld	fs1,8(a0)
     7a6:	08090003          	lb	zero,128(s2)
     7aa:	0100                	addi	s0,sp,128
     7ac:	0200                	addi	s0,sp,256
     7ae:	2504                	fld	fs1,8(a0)
     7b0:	06090003          	lb	zero,96(s2)
     7b4:	0100                	addi	s0,sp,128
     7b6:	0200                	addi	s0,sp,256
     7b8:	2804                	fld	fs1,16(s0)
     7ba:	0c090003          	lb	zero,192(s2)
     7be:	0100                	addi	s0,sp,128
     7c0:	0200                	addi	s0,sp,256
     7c2:	2804                	fld	fs1,16(s0)
     7c4:	00090003          	lb	zero,0(s2)
     7c8:	0100                	addi	s0,sp,128
     7ca:	0200                	addi	s0,sp,256
     7cc:	2c04                	fld	fs1,24(s0)
     7ce:	0a090003          	lb	zero,160(s2)
     7d2:	0100                	addi	s0,sp,128
     7d4:	0200                	addi	s0,sp,256
     7d6:	2f04                	fld	fs1,24(a4)
     7d8:	02090003          	lb	zero,32(s2)
     7dc:	0100                	addi	s0,sp,128
     7de:	0200                	addi	s0,sp,256
     7e0:	2f04                	fld	fs1,24(a4)
     7e2:	00090003          	lb	zero,0(s2)
     7e6:	0100                	addi	s0,sp,128
     7e8:	0200                	addi	s0,sp,256
     7ea:	3a04                	fld	fs1,48(a2)
     7ec:	02090003          	lb	zero,32(s2)
     7f0:	0100                	addi	s0,sp,128
     7f2:	0200                	addi	s0,sp,256
     7f4:	3e04                	fld	fs1,56(a2)
     7f6:	0a090003          	lb	zero,160(s2)
     7fa:	0100                	addi	s0,sp,128
     7fc:	0200                	addi	s0,sp,256
     7fe:	3f04                	fld	fs1,56(a4)
     800:	08090003          	lb	zero,128(s2)
     804:	0100                	addi	s0,sp,128
     806:	0200                	addi	s0,sp,256
     808:	3f04                	fld	fs1,56(a4)
     80a:	00090003          	lb	zero,0(s2)
     80e:	0100                	addi	s0,sp,128
     810:	0200                	addi	s0,sp,256
     812:	3f04                	fld	fs1,56(a4)
     814:	02090003          	lb	zero,32(s2)
     818:	0100                	addi	s0,sp,128
     81a:	0200                	addi	s0,sp,256
     81c:	4f04                	lw	s1,24(a4)
     81e:	10090003          	lb	zero,256(s2)
     822:	0100                	addi	s0,sp,128
     824:	0200                	addi	s0,sp,256
     826:	4f04                	lw	s1,24(a4)
     828:	00090003          	lb	zero,0(s2)
     82c:	0100                	addi	s0,sp,128
     82e:	0200                	addi	s0,sp,256
     830:	4f04                	lw	s1,24(a4)
     832:	06090003          	lb	zero,96(s2)
     836:	0100                	addi	s0,sp,128
     838:	0200                	addi	s0,sp,256
     83a:	5004                	lw	s1,32(s0)
     83c:	0306                	slli	t1,t1,0x1
     83e:	0900                	addi	s0,sp,144
     840:	0004                	.insn	2, 0x0004
     842:	0001                	nop
     844:	0402                	c.slli64	s0
     846:	0354                	addi	a3,sp,388
     848:	0900                	addi	s0,sp,144
     84a:	0002                	c.slli64	zero
     84c:	0001                	nop
     84e:	0402                	c.slli64	s0
     850:	065a                	slli	a2,a2,0x16
     852:	06090003          	lb	zero,96(s2)
     856:	0100                	addi	s0,sp,128
     858:	0200                	addi	s0,sp,256
     85a:	5a04                	lw	s1,48(a2)
     85c:	00090003          	lb	zero,0(s2)
     860:	0100                	addi	s0,sp,128
     862:	0200                	addi	s0,sp,256
     864:	5a04                	lw	s1,48(a2)
     866:	00090003          	lb	zero,0(s2)
     86a:	0100                	addi	s0,sp,128
     86c:	0200                	addi	s0,sp,256
     86e:	5a04                	lw	s1,48(a2)
     870:	00090003          	lb	zero,0(s2)
     874:	0100                	addi	s0,sp,128
     876:	0200                	addi	s0,sp,256
     878:	5a04                	lw	s1,48(a2)
     87a:	00090003          	lb	zero,0(s2)
     87e:	0100                	addi	s0,sp,128
     880:	0200                	addi	s0,sp,256
     882:	5a04                	lw	s1,48(a2)
     884:	00090003          	lb	zero,0(s2)
     888:	0100                	addi	s0,sp,128
     88a:	0200                	addi	s0,sp,256
     88c:	5a04                	lw	s1,48(a2)
     88e:	00090003          	lb	zero,0(s2)
     892:	0100                	addi	s0,sp,128
     894:	0200                	addi	s0,sp,256
     896:	5a04                	lw	s1,48(a2)
     898:	16090003          	lb	zero,352(s2)
     89c:	0100                	addi	s0,sp,128
     89e:	0200                	addi	s0,sp,256
     8a0:	5a04                	lw	s1,48(a2)
     8a2:	00090003          	lb	zero,0(s2)
     8a6:	0100                	addi	s0,sp,128
     8a8:	0200                	addi	s0,sp,256
     8aa:	5a04                	lw	s1,48(a2)
     8ac:	00090003          	lb	zero,0(s2)
     8b0:	0100                	addi	s0,sp,128
     8b2:	00090103          	lb	sp,0(s2)
     8b6:	0100                	addi	s0,sp,128
     8b8:	00090003          	lb	zero,0(s2)
     8bc:	0100                	addi	s0,sp,128
     8be:	0200                	addi	s0,sp,256
     8c0:	0104                	addi	s1,sp,128
     8c2:	0306                	slli	t1,t1,0x1
     8c4:	0900                	addi	s0,sp,144
     8c6:	0000                	unimp
     8c8:	0001                	nop
     8ca:	0402                	c.slli64	s0
     8cc:	0601                	addi	a2,a2,0
     8ce:	02090003          	lb	zero,32(s2)
     8d2:	0100                	addi	s0,sp,128
     8d4:	0200                	addi	s0,sp,256
     8d6:	0304                	addi	s1,sp,384
     8d8:	04090003          	lb	zero,64(s2)
     8dc:	0100                	addi	s0,sp,128
     8de:	00090203          	lb	tp,0(s2)
     8e2:	0100                	addi	s0,sp,128
     8e4:	0105                	addi	sp,sp,1
     8e6:	0306                	slli	t1,t1,0x1
     8e8:	0901                	addi	s2,s2,0
     8ea:	0000                	unimp
     8ec:	0501                	addi	a0,a0,0
     8ee:	04020003          	lb	zero,64(tp) # 40 <__stack_align+0x30>
     8f2:	7a030617          	auipc	a2,0x7a030
     8f6:	0609                	addi	a2,a2,2 # 7a0308f4 <__heap_size+0x7a0108f4>
     8f8:	0100                	addi	s0,sp,128
     8fa:	0200                	addi	s0,sp,256
     8fc:	2004                	fld	fs1,0(s0)
     8fe:	0306                	slli	t1,t1,0x1
     900:	0900                	addi	s0,sp,144
     902:	000c                	.insn	2, 0x000c
     904:	0001                	nop
     906:	0402                	c.slli64	s0
     908:	09000317          	auipc	t1,0x9000
     90c:	0002                	c.slli64	zero
     90e:	0001                	nop
     910:	0402                	c.slli64	s0
     912:	031f 0900 0004      	.insn	6, 0x00040900031f
     918:	0001                	nop
     91a:	0402                	c.slli64	s0
     91c:	0322                	slli	t1,t1,0x8
     91e:	0900                	addi	s0,sp,144
     920:	0008                	.insn	2, 0x0008
     922:	0001                	nop
     924:	0402                	c.slli64	s0
     926:	0622                	slli	a2,a2,0x8
     928:	0a090003          	lb	zero,160(s2)
     92c:	0100                	addi	s0,sp,128
     92e:	0200                	addi	s0,sp,256
     930:	1204                	addi	s1,sp,288
     932:	02090003          	lb	zero,32(s2)
     936:	0100                	addi	s0,sp,128
     938:	0200                	addi	s0,sp,256
     93a:	1204                	addi	s1,sp,288
     93c:	00090003          	lb	zero,0(s2)
     940:	0100                	addi	s0,sp,128
     942:	0200                	addi	s0,sp,256
     944:	1204                	addi	s1,sp,288
     946:	14090003          	lb	zero,320(s2)
     94a:	0100                	addi	s0,sp,128
     94c:	0306                	slli	t1,t1,0x1
     94e:	0976                	slli	s2,s2,0x1d
     950:	0000                	unimp
     952:	0001                	nop
     954:	0402                	c.slli64	s0
     956:	0602                	c.slli64	a2
     958:	04090a03          	lb	s4,64(s2)
     95c:	0100                	addi	s0,sp,128
     95e:	0200                	addi	s0,sp,256
     960:	2a04                	fld	fs1,16(a2)
     962:	0306                	slli	t1,t1,0x1
     964:	0900                	addi	s0,sp,144
     966:	0000                	unimp
     968:	0001                	nop
     96a:	0402                	c.slli64	s0
     96c:	0302                	c.slli64	t1
     96e:	0900                	addi	s0,sp,144
     970:	0004                	.insn	2, 0x0004
     972:	0001                	nop
     974:	0402                	c.slli64	s0
     976:	0626                	slli	a2,a2,0x9
     978:	04090003          	lb	zero,64(s2)
     97c:	0100                	addi	s0,sp,128
     97e:	0200                	addi	s0,sp,256
     980:	2604                	fld	fs1,8(a2)
     982:	00090003          	lb	zero,0(s2)
     986:	0100                	addi	s0,sp,128
     988:	0200                	addi	s0,sp,256
     98a:	2a04                	fld	fs1,16(a2)
     98c:	00090003          	lb	zero,0(s2)
     990:	0100                	addi	s0,sp,128
     992:	0200                	addi	s0,sp,256
     994:	2a04                	fld	fs1,16(a2)
     996:	00090003          	lb	zero,0(s2)
     99a:	0100                	addi	s0,sp,128
     99c:	0200                	addi	s0,sp,256
     99e:	2a04                	fld	fs1,16(a2)
     9a0:	00090003          	lb	zero,0(s2)
     9a4:	0100                	addi	s0,sp,128
     9a6:	0200                	addi	s0,sp,256
     9a8:	4104                	lw	s1,0(a0)
     9aa:	00090003          	lb	zero,0(s2)
     9ae:	0100                	addi	s0,sp,128
     9b0:	0200                	addi	s0,sp,256
     9b2:	4104                	lw	s1,0(a0)
     9b4:	00090003          	lb	zero,0(s2)
     9b8:	0100                	addi	s0,sp,128
     9ba:	00090203          	lb	tp,0(s2)
     9be:	0100                	addi	s0,sp,128
     9c0:	00090003          	lb	zero,0(s2)
     9c4:	0100                	addi	s0,sp,128
     9c6:	00090003          	lb	zero,0(s2)
     9ca:	0100                	addi	s0,sp,128
     9cc:	0306                	slli	t1,t1,0x1
     9ce:	0974                	addi	a3,sp,156
     9d0:	0000                	unimp
     9d2:	0001                	nop
     9d4:	0402                	c.slli64	s0
     9d6:	0301                	addi	t1,t1,0 # 9000908 <__heap_size+0x8fe0908>
     9d8:	090c                	addi	a1,sp,144
     9da:	0002                	c.slli64	zero
     9dc:	0001                	nop
     9de:	0402                	c.slli64	s0
     9e0:	097e032b          	.insn	4, 0x097e032b
     9e4:	0002                	c.slli64	zero
     9e6:	0001                	nop
     9e8:	0402                	c.slli64	s0
     9ea:	00030627          	.insn	4, 0x00030627
     9ee:	0409                	addi	s0,s0,2
     9f0:	0100                	addi	s0,sp,128
     9f2:	0200                	addi	s0,sp,256
     9f4:	2704                	fld	fs1,8(a4)
     9f6:	00090003          	lb	zero,0(s2)
     9fa:	0100                	addi	s0,sp,128
     9fc:	0200                	addi	s0,sp,256
     9fe:	3004                	fld	fs1,32(s0)
     a00:	02090003          	lb	zero,32(s2)
     a04:	0100                	addi	s0,sp,128
     a06:	0200                	addi	s0,sp,256
     a08:	3004                	fld	fs1,32(s0)
     a0a:	00090003          	lb	zero,0(s2)
     a0e:	0100                	addi	s0,sp,128
     a10:	0306                	slli	t1,t1,0x1
     a12:	0976                	slli	s2,s2,0x1d
     a14:	0000                	unimp
     a16:	0001                	nop
     a18:	0402                	c.slli64	s0
     a1a:	0330                	addi	a2,sp,392
     a1c:	090a                	slli	s2,s2,0x2
     a1e:	0002                	c.slli64	zero
     a20:	0001                	nop
     a22:	0402                	c.slli64	s0
     a24:	0334                	addi	a3,sp,392
     a26:	0900                	addi	s0,sp,144
     a28:	0004                	.insn	2, 0x0004
     a2a:	0001                	nop
     a2c:	0402                	c.slli64	s0
     a2e:	0638                	addi	a4,sp,776
     a30:	0a090003          	lb	zero,160(s2)
     a34:	0100                	addi	s0,sp,128
     a36:	0200                	addi	s0,sp,256
     a38:	3804                	fld	fs1,48(s0)
     a3a:	00090003          	lb	zero,0(s2)
     a3e:	0100                	addi	s0,sp,128
     a40:	0200                	addi	s0,sp,256
     a42:	3804                	fld	fs1,48(s0)
     a44:	00090003          	lb	zero,0(s2)
     a48:	0100                	addi	s0,sp,128
     a4a:	0200                	addi	s0,sp,256
     a4c:	3804                	fld	fs1,48(s0)
     a4e:	04090003          	lb	zero,64(s2)
     a52:	0100                	addi	s0,sp,128
     a54:	0200                	addi	s0,sp,256
     a56:	3804                	fld	fs1,48(s0)
     a58:	00090003          	lb	zero,0(s2)
     a5c:	0100                	addi	s0,sp,128
     a5e:	0200                	addi	s0,sp,256
     a60:	3804                	fld	fs1,48(s0)
     a62:	00090003          	lb	zero,0(s2)
     a66:	0100                	addi	s0,sp,128
     a68:	0200                	addi	s0,sp,256
     a6a:	3a04                	fld	fs1,48(a2)
     a6c:	0306                	slli	t1,t1,0x1
     a6e:	0900                	addi	s0,sp,144
     a70:	0004                	.insn	2, 0x0004
     a72:	0001                	nop
     a74:	0402                	c.slli64	s0
     a76:	0338                	addi	a4,sp,392
     a78:	0900                	addi	s0,sp,144
     a7a:	0002                	c.slli64	zero
     a7c:	0001                	nop
     a7e:	0402                	c.slli64	s0
     a80:	0638                	addi	a4,sp,776
     a82:	02090003          	lb	zero,32(s2)
     a86:	0100                	addi	s0,sp,128
     a88:	0200                	addi	s0,sp,256
     a8a:	3804                	fld	fs1,48(s0)
     a8c:	00090003          	lb	zero,0(s2)
     a90:	0100                	addi	s0,sp,128
     a92:	0200                	addi	s0,sp,256
     a94:	3a04                	fld	fs1,48(a2)
     a96:	00090003          	lb	zero,0(s2)
     a9a:	0100                	addi	s0,sp,128
     a9c:	0200                	addi	s0,sp,256
     a9e:	2704                	fld	fs1,8(a4)
     aa0:	0306                	slli	t1,t1,0x1
     aa2:	0900                	addi	s0,sp,144
     aa4:	0004                	.insn	2, 0x0004
     aa6:	0001                	nop
     aa8:	0402                	c.slli64	s0
     aaa:	0641                	addi	a2,a2,16
     aac:	04090003          	lb	zero,64(s2)
     ab0:	0100                	addi	s0,sp,128
     ab2:	0200                	addi	s0,sp,256
     ab4:	4104                	lw	s1,0(a0)
     ab6:	00090003          	lb	zero,0(s2)
     aba:	0100                	addi	s0,sp,128
     abc:	00090203          	lb	tp,0(s2)
     ac0:	0100                	addi	s0,sp,128
     ac2:	00090003          	lb	zero,0(s2)
     ac6:	0100                	addi	s0,sp,128
     ac8:	00090003          	lb	zero,0(s2)
     acc:	0100                	addi	s0,sp,128
     ace:	0200                	addi	s0,sp,256
     ad0:	0604                	addi	s1,sp,768
     ad2:	0306                	slli	t1,t1,0x1
     ad4:	0900                	addi	s0,sp,144
     ad6:	0000                	unimp
     ad8:	0001                	nop
     ada:	0402                	c.slli64	s0
     adc:	00030613          	mv	a2,t1
     ae0:	0409                	addi	s0,s0,2
     ae2:	0100                	addi	s0,sp,128
     ae4:	0200                	addi	s0,sp,256
     ae6:	1304                	addi	s1,sp,416
     ae8:	00090003          	lb	zero,0(s2)
     aec:	0100                	addi	s0,sp,128
     aee:	0200                	addi	s0,sp,256
     af0:	0d04                	addi	s1,sp,656
     af2:	0306                	slli	t1,t1,0x1
     af4:	0900                	addi	s0,sp,144
     af6:	0000                	unimp
     af8:	0001                	nop
     afa:	0402                	c.slli64	s0
     afc:	09000313          	li	t1,144
     b00:	0002                	c.slli64	zero
     b02:	0001                	nop
     b04:	0402                	c.slli64	s0
     b06:	061f 0003 0409      	.insn	6, 0x04090003061f
     b0c:	0100                	addi	s0,sp,128
     b0e:	0200                	addi	s0,sp,256
     b10:	1204                	addi	s1,sp,288
     b12:	04090003          	lb	zero,64(s2)
     b16:	0100                	addi	s0,sp,128
     b18:	0200                	addi	s0,sp,256
     b1a:	1204                	addi	s1,sp,288
     b1c:	00090003          	lb	zero,0(s2)
     b20:	0100                	addi	s0,sp,128
     b22:	0200                	addi	s0,sp,256
     b24:	0d04                	addi	s1,sp,656
     b26:	0306                	slli	t1,t1,0x1
     b28:	0900                	addi	s0,sp,144
     b2a:	0000                	unimp
     b2c:	0001                	nop
     b2e:	0402                	c.slli64	s0
     b30:	0312                	slli	t1,t1,0x4
     b32:	0900                	addi	s0,sp,144
     b34:	0002                	c.slli64	zero
     b36:	0001                	nop
     b38:	0402                	c.slli64	s0
     b3a:	0003062b          	.insn	4, 0x0003062b
     b3e:	0609                	addi	a2,a2,2
     b40:	0100                	addi	s0,sp,128
     b42:	0200                	addi	s0,sp,256
     b44:	2b04                	fld	fs1,16(a4)
     b46:	00090003          	lb	zero,0(s2)
     b4a:	0100                	addi	s0,sp,128
     b4c:	0200                	addi	s0,sp,256
     b4e:	3704                	fld	fs1,40(a4)
     b50:	02090003          	lb	zero,32(s2)
     b54:	0100                	addi	s0,sp,128
     b56:	0200                	addi	s0,sp,256
     b58:	2a04                	fld	fs1,16(a2)
     b5a:	04090003          	lb	zero,64(s2)
     b5e:	0100                	addi	s0,sp,128
     b60:	0200                	addi	s0,sp,256
     b62:	2a04                	fld	fs1,16(a2)
     b64:	00090003          	lb	zero,0(s2)
     b68:	0100                	addi	s0,sp,128
     b6a:	0200                	addi	s0,sp,256
     b6c:	4104                	lw	s1,0(a0)
     b6e:	04090003          	lb	zero,64(s2)
     b72:	0100                	addi	s0,sp,128
     b74:	0200                	addi	s0,sp,256
     b76:	4104                	lw	s1,0(a0)
     b78:	00090003          	lb	zero,0(s2)
     b7c:	0100                	addi	s0,sp,128
     b7e:	0200                	addi	s0,sp,256
     b80:	4b04                	lw	s1,16(a4)
     b82:	0306                	slli	t1,t1,0x1
     b84:	0900                	addi	s0,sp,144
     b86:	0000                	unimp
     b88:	0001                	nop
     b8a:	0402                	c.slli64	s0
     b8c:	0341                	addi	t1,t1,16
     b8e:	0900                	addi	s0,sp,144
     b90:	0002                	c.slli64	zero
     b92:	0001                	nop
     b94:	0402                	c.slli64	s0
     b96:	0344                	addi	s1,sp,388
     b98:	0900                	addi	s0,sp,144
     b9a:	0002                	c.slli64	zero
     b9c:	0001                	nop
     b9e:	0402                	c.slli64	s0
     ba0:	0345                	addi	t1,t1,17
     ba2:	0900                	addi	s0,sp,144
     ba4:	0006                	c.slli	zero,0x1
     ba6:	0001                	nop
     ba8:	0402                	c.slli64	s0
     baa:	034c                	addi	a1,sp,388
     bac:	0900                	addi	s0,sp,144
     bae:	0002                	c.slli64	zero
     bb0:	0001                	nop
     bb2:	0402                	c.slli64	s0
     bb4:	0348                	addi	a0,sp,388
     bb6:	0900                	addi	s0,sp,144
     bb8:	0008                	.insn	2, 0x0008
     bba:	0001                	nop
     bbc:	0402                	c.slli64	s0
     bbe:	0349                	addi	t1,t1,18
     bc0:	0900                	addi	s0,sp,144
     bc2:	0006                	c.slli	zero,0x1
     bc4:	0001                	nop
     bc6:	0402                	c.slli64	s0
     bc8:	064e                	slli	a2,a2,0x13
     bca:	02090003          	lb	zero,32(s2)
     bce:	0100                	addi	s0,sp,128
     bd0:	0200                	addi	s0,sp,256
     bd2:	4e04                	lw	s1,24(a2)
     bd4:	00090003          	lb	zero,0(s2)
     bd8:	0100                	addi	s0,sp,128
     bda:	0200                	addi	s0,sp,256
     bdc:	2f04                	fld	fs1,24(a4)
     bde:	06090003          	lb	zero,96(s2)
     be2:	0100                	addi	s0,sp,128
     be4:	0200                	addi	s0,sp,256
     be6:	2f04                	fld	fs1,24(a4)
     be8:	00090003          	lb	zero,0(s2)
     bec:	0100                	addi	s0,sp,128
     bee:	0200                	addi	s0,sp,256
     bf0:	2704                	fld	fs1,8(a4)
     bf2:	0306                	slli	t1,t1,0x1
     bf4:	097e                	slli	s2,s2,0x1f
     bf6:	0006                	c.slli	zero,0x1
     bf8:	0901                	addi	s2,s2,0
     bfa:	0006                	c.slli	zero,0x1
     bfc:	0100                	addi	s0,sp,128
     bfe:	9201                	srli	a2,a2,0x20
     c00:	0000                	unimp
     c02:	0500                	addi	s0,sp,640
     c04:	0800                	addi	s0,sp,16
     c06:	3700                	fld	fs0,40(a4)
     c08:	0000                	unimp
     c0a:	0100                	addi	s0,sp,128
     c0c:	0101                	addi	sp,sp,0
     c0e:	000d0efb          	.insn	4, 0x000d0efb
     c12:	0101                	addi	sp,sp,0
     c14:	0101                	addi	sp,sp,0
     c16:	0000                	unimp
     c18:	0100                	addi	s0,sp,128
     c1a:	0000                	unimp
     c1c:	0101                	addi	sp,sp,0
     c1e:	1f01                	addi	t5,t5,-32
     c20:	00027503          	.insn	4, 0x00027503
     c24:	b400                	fsd	fs0,40(s0)
     c26:	0002                	c.slli64	zero
     c28:	bb00                	fsd	fs0,48(a4)
     c2a:	0002                	c.slli64	zero
     c2c:	0200                	addi	s0,sp,256
     c2e:	1f01                	addi	t5,t5,-32
     c30:	0f02                	c.slli64	t5
     c32:	0002ac03          	lw	s8,0(t0)
     c36:	0100                	addi	s0,sp,128
     c38:	02ac                	addi	a1,sp,328
     c3a:	0000                	unimp
     c3c:	0801                	addi	a6,a6,0
     c3e:	02000003          	lb	zero,32(zero) # 20 <__stack_align+0x10>
     c42:	0105                	addi	sp,sp,1
     c44:	0900                	addi	s0,sp,144
     c46:	8402                	jr	s0
     c48:	003e                	c.slli	zero,0xf
     c4a:	0080                	addi	s0,sp,64
     c4c:	0000                	unimp
     c4e:	1600                	addi	s0,sp,800
     c50:	0505                	addi	a0,a0,1
     c52:	00090103          	lb	sp,0(s2)
     c56:	0100                	addi	s0,sp,128
     c58:	0105                	addi	sp,sp,1
     c5a:	0306                	slli	t1,t1,0x1
     c5c:	097f 0000 0501 0305 	.insn	10, 0x0901030505010000097f
     c64:	0901 
     c66:	0004                	.insn	2, 0x0004
     c68:	0501                	addi	a0,a0,0
     c6a:	0301                	addi	t1,t1,0
     c6c:	0902                	c.slli64	s2
     c6e:	0004                	.insn	2, 0x0004
     c70:	0501                	addi	a0,a0,0
     c72:	0402000b          	.insn	4, 0x0402000b
     c76:	0301                	addi	t1,t1,0
     c78:	097e                	slli	s2,s2,0x1f
     c7a:	0002                	c.slli64	zero
     c7c:	0501                	addi	a0,a0,0
     c7e:	0605                	addi	a2,a2,1
     c80:	04090103          	lb	sp,64(s2)
     c84:	0100                	addi	s0,sp,128
     c86:	0105                	addi	sp,sp,1
     c88:	0306                	slli	t1,t1,0x1
     c8a:	0901                	addi	s2,s2,0
     c8c:	0000                	unimp
     c8e:	0901                	addi	s2,s2,0
     c90:	0006                	c.slli	zero,0x1
     c92:	0100                	addi	s0,sp,128
     c94:	bb01                	j	9a4 <__stack_align+0x994>
     c96:	0000                	unimp
     c98:	0500                	addi	s0,sp,640
     c9a:	0800                	addi	s0,sp,16
     c9c:	4900                	lw	s0,16(a0)
     c9e:	0000                	unimp
     ca0:	0100                	addi	s0,sp,128
     ca2:	0101                	addi	sp,sp,0
     ca4:	000d0efb          	.insn	4, 0x000d0efb
     ca8:	0101                	addi	sp,sp,0
     caa:	0101                	addi	sp,sp,0
     cac:	0000                	unimp
     cae:	0100                	addi	s0,sp,128
     cb0:	0000                	unimp
     cb2:	0101                	addi	sp,sp,0
     cb4:	1f01                	addi	t5,t5,-32
     cb6:	7505                	lui	a0,0xfffe1
     cb8:	0002                	c.slli64	zero
     cba:	b400                	fsd	fs0,40(s0)
     cbc:	0002                	c.slli64	zero
     cbe:	1e00                	addi	s0,sp,816
     cc0:	bb000003          	lb	zero,-1104(zero) # fffffffffffffbb0 <__heap_end+0xffffffff7ffdabb0>
     cc4:	0002                	c.slli64	zero
     cc6:	6f00                	ld	s0,24(a4)
     cc8:	02000003          	lb	zero,32(zero) # 20 <__stack_align+0x10>
     ccc:	1f01                	addi	t5,t5,-32
     cce:	0f02                	c.slli64	t5
     cd0:	1705                	addi	a4,a4,-31
     cd2:	01000003          	lb	zero,16(zero) # 10 <__stack_align>
     cd6:	00000317          	auipc	t1,0x0
     cda:	7a01                	lui	s4,0xfffe0
     cdc:	02000003          	lb	zero,32(zero) # 20 <__stack_align+0x10>
     ce0:	0000038b          	.insn	4, 0x038b
     ce4:	00039503          	lh	a0,0(t2)
     ce8:	0400                	addi	s0,sp,512
     cea:	0105                	addi	sp,sp,1
     cec:	0900                	addi	s0,sp,144
     cee:	9802                	jalr	a6
     cf0:	003e                	c.slli	zero,0xf
     cf2:	0080                	addi	s0,sp,64
     cf4:	0000                	unimp
     cf6:	1600                	addi	s0,sp,800
     cf8:	0505                	addi	a0,a0,1 # fffffffffffe1001 <__heap_end+0xffffffff7ffbc001>
     cfa:	00090103          	lb	sp,0(s2)
     cfe:	0100                	addi	s0,sp,128
     d00:	1405                	addi	s0,s0,-31
     d02:	0306                	slli	t1,t1,0x1
     d04:	0900                	addi	s0,sp,144
     d06:	0000                	unimp
     d08:	0501                	addi	a0,a0,0
     d0a:	030e                	slli	t1,t1,0x3
     d0c:	0900                	addi	s0,sp,144
     d0e:	000a                	c.slli	zero,0x2
     d10:	0501                	addi	a0,a0,0
     d12:	0605                	addi	a2,a2,1
     d14:	0c090103          	lb	sp,192(s2)
     d18:	0100                	addi	s0,sp,128
     d1a:	0905                	addi	s2,s2,1
     d1c:	00090103          	lb	sp,0(s2)
     d20:	0100                	addi	s0,sp,128
     d22:	1205                	addi	tp,tp,-31 # ffffffffffffffe1 <__heap_end+0xffffffff7ffdafe1>
     d24:	0306                	slli	t1,t1,0x1
     d26:	0900                	addi	s0,sp,144
     d28:	0000                	unimp
     d2a:	0501                	addi	a0,a0,0
     d2c:	0009                	c.nop	2
     d2e:	0402                	c.slli64	s0
     d30:	0601                	addi	a2,a2,0
     d32:	08090103          	lb	sp,128(s2)
     d36:	0100                	addi	s0,sp,128
     d38:	1005                	c.nop	-31
     d3a:	0200                	addi	s0,sp,256
     d3c:	0104                	addi	s1,sp,128
     d3e:	0306                	slli	t1,t1,0x1
     d40:	0900                	addi	s0,sp,144
     d42:	0000                	unimp
     d44:	0501                	addi	a0,a0,0
     d46:	0605                	addi	a2,a2,1
     d48:	02097e03          	.insn	4, 0x02097e03
     d4c:	0100                	addi	s0,sp,128
     d4e:	0209                	addi	tp,tp,2 # 2 <__boot_hart+0x2>
     d50:	0000                	unimp
     d52:	0101                	addi	sp,sp,0
     d54:	000000af          	.insn	4, 0x00af
     d58:	0005                	c.nop	1
     d5a:	0008                	.insn	2, 0x0008
     d5c:	0054                	addi	a3,sp,4
     d5e:	0000                	unimp
     d60:	0101                	addi	sp,sp,0
     d62:	fb01                	bnez	a4,c72 <__stack_align+0xc62>
     d64:	0d0e                	slli	s10,s10,0x3
     d66:	0100                	addi	s0,sp,128
     d68:	0101                	addi	sp,sp,0
     d6a:	0001                	nop
     d6c:	0000                	unimp
     d6e:	0001                	nop
     d70:	0100                	addi	s0,sp,128
     d72:	0101                	addi	sp,sp,0
     d74:	041f 0275 0000      	.insn	6, 0x0275041f
     d7a:	02b4                	addi	a3,sp,328
     d7c:	0000                	unimp
     d7e:	031e                	slli	t1,t1,0x7
     d80:	0000                	unimp
     d82:	000002bb          	addw	t0,zero,zero
     d86:	0102                	c.slli64	sp
     d88:	021f 080f 03a3      	.insn	6, 0x03a3080f021f
     d8e:	0000                	unimp
     d90:	a301                	j	1290 <__stack_align+0x1280>
     d92:	01000003          	lb	zero,16(zero) # 10 <__stack_align>
     d96:	037a                	slli	t1,t1,0x1e
     d98:	0000                	unimp
     d9a:	8202                	jr	tp
     d9c:	03000003          	lb	zero,48(zero) # 30 <__stack_align+0x20>
     da0:	00000383          	lb	t2,0(zero) # 0 <__boot_hart>
     da4:	0003ab03          	lw	s6,0(t2)
     da8:	0300                	addi	s0,sp,384
     daa:	000003b7          	lui	t2,0x0
     dae:	00030803          	lb	a6,0(t1) # cd6 <__stack_align+0xcc6>
     db2:	0300                	addi	s0,sp,384
     db4:	0105                	addi	sp,sp,1
     db6:	0900                	addi	s0,sp,144
     db8:	ba02                	fsd	ft0,304(sp)
     dba:	003e                	c.slli	zero,0xf
     dbc:	0080                	addi	s0,sp,64
     dbe:	0000                	unimp
     dc0:	1700                	addi	s0,sp,928
     dc2:	0505                	addi	a0,a0,1
     dc4:	00090103          	lb	sp,0(s2)
     dc8:	0100                	addi	s0,sp,128
     dca:	0105                	addi	sp,sp,1
     dcc:	0306                	slli	t1,t1,0x1
     dce:	097f 0000 0501 0305 	.insn	10, 0x0901030505010000097f
     dd6:	0901 
     dd8:	0004                	.insn	2, 0x0004
     dda:	0501                	addi	a0,a0,0
     ddc:	0301                	addi	t1,t1,0
     dde:	0902                	c.slli64	s2
     de0:	0004                	.insn	2, 0x0004
     de2:	0501                	addi	a0,a0,0
     de4:	0402000b          	.insn	4, 0x0402000b
     de8:	0301                	addi	t1,t1,0
     dea:	097e                	slli	s2,s2,0x1f
     dec:	0002                	c.slli64	zero
     dee:	0501                	addi	a0,a0,0
     df0:	0605                	addi	a2,a2,1
     df2:	04090103          	lb	sp,64(s2)
     df6:	0100                	addi	s0,sp,128
     df8:	0105                	addi	sp,sp,1
     dfa:	0306                	slli	t1,t1,0x1
     dfc:	0901                	addi	s2,s2,0
     dfe:	0000                	unimp
     e00:	0901                	addi	s2,s2,0
     e02:	0006                	c.slli	zero,0x1
     e04:	0100                	addi	s0,sp,128
     e06:	5b01                	li	s6,-32
     e08:	0000                	unimp
     e0a:	0500                	addi	s0,sp,640
     e0c:	0800                	addi	s0,sp,16
     e0e:	2e00                	fld	fs0,24(a2)
     e10:	0000                	unimp
     e12:	0100                	addi	s0,sp,128
     e14:	0101                	addi	sp,sp,0
     e16:	000d0efb          	.insn	4, 0x000d0efb
     e1a:	0101                	addi	sp,sp,0
     e1c:	0101                	addi	sp,sp,0
     e1e:	0000                	unimp
     e20:	0100                	addi	s0,sp,128
     e22:	0000                	unimp
     e24:	0101                	addi	sp,sp,0
     e26:	1f01                	addi	t5,t5,-32
     e28:	7502                	ld	a0,32(sp)
     e2a:	0002                	c.slli64	zero
     e2c:	b400                	fsd	fs0,40(s0)
     e2e:	0002                	c.slli64	zero
     e30:	0200                	addi	s0,sp,256
     e32:	1f01                	addi	t5,t5,-32
     e34:	0f02                	c.slli64	t5
     e36:	c502                	sw	zero,136(sp)
     e38:	01000003          	lb	zero,16(zero) # 10 <__stack_align>
     e3c:	03c5                	addi	t2,t2,17 # 11 <__stack_align+0x1>
     e3e:	0000                	unimp
     e40:	0501                	addi	a0,a0,0
     e42:	0001                	nop
     e44:	0209                	addi	tp,tp,2 # 2 <__boot_hart+0x2>
     e46:	3ece                	fld	ft9,240(sp)
     e48:	8000                	.insn	2, 0x8000
     e4a:	0000                	unimp
     e4c:	0000                	unimp
     e4e:	0516                	slli	a0,a0,0x5
     e50:	0305                	addi	t1,t1,1
     e52:	0901                	addi	s2,s2,0
     e54:	0000                	unimp
     e56:	0501                	addi	a0,a0,0
     e58:	0601                	addi	a2,a2,0
     e5a:	00090103          	lb	sp,0(s2)
     e5e:	0100                	addi	s0,sp,128
     e60:	0409                	addi	s0,s0,2
     e62:	0000                	unimp
     e64:	0101                	addi	sp,sp,0
     e66:	00000063          	beqz	zero,e66 <__stack_align+0xe56>
     e6a:	0005                	c.nop	1
     e6c:	0008                	.insn	2, 0x0008
     e6e:	002e                	c.slli	zero,0xb
     e70:	0000                	unimp
     e72:	0101                	addi	sp,sp,0
     e74:	fb01                	bnez	a4,d84 <__stack_align+0xd74>
     e76:	0d0e                	slli	s10,s10,0x3
     e78:	0100                	addi	s0,sp,128
     e7a:	0101                	addi	sp,sp,0
     e7c:	0001                	nop
     e7e:	0000                	unimp
     e80:	0001                	nop
     e82:	0100                	addi	s0,sp,128
     e84:	0101                	addi	sp,sp,0
     e86:	021f 0275 0000      	.insn	6, 0x0275021f
     e8c:	02b4                	addi	a3,sp,328
     e8e:	0000                	unimp
     e90:	0102                	c.slli64	sp
     e92:	021f 020f 03d5      	.insn	6, 0x03d5020f021f
     e98:	0000                	unimp
     e9a:	d501                	beqz	a0,da2 <__stack_align+0xd92>
     e9c:	01000003          	lb	zero,16(zero) # 10 <__stack_align>
     ea0:	0105                	addi	sp,sp,1
     ea2:	0900                	addi	s0,sp,144
     ea4:	d202                	sw	zero,36(sp)
     ea6:	003e                	c.slli	zero,0xf
     ea8:	0080                	addi	s0,sp,64
     eaa:	0000                	unimp
     eac:	1600                	addi	s0,sp,800
     eae:	0505                	addi	a0,a0,1
     eb0:	00090103          	lb	sp,0(s2)
     eb4:	0100                	addi	s0,sp,128
     eb6:	2305                	addiw	t1,t1,1
     eb8:	0306                	slli	t1,t1,0x1
     eba:	0900                	addi	s0,sp,144
     ebc:	0000                	unimp
     ebe:	0501                	addi	a0,a0,0
     ec0:	0301                	addi	t1,t1,0
     ec2:	0901                	addi	s2,s2,0
     ec4:	0002                	c.slli64	zero
     ec6:	0901                	addi	s2,s2,0
     ec8:	0006                	c.slli	zero,0x1
     eca:	0100                	addi	s0,sp,128
     ecc:	9201                	srli	a2,a2,0x20
     ece:	0000                	unimp
     ed0:	0500                	addi	s0,sp,640
     ed2:	0800                	addi	s0,sp,16
     ed4:	3700                	fld	fs0,40(a4)
     ed6:	0000                	unimp
     ed8:	0100                	addi	s0,sp,128
     eda:	0101                	addi	sp,sp,0
     edc:	000d0efb          	.insn	4, 0x000d0efb
     ee0:	0101                	addi	sp,sp,0
     ee2:	0101                	addi	sp,sp,0
     ee4:	0000                	unimp
     ee6:	0100                	addi	s0,sp,128
     ee8:	0000                	unimp
     eea:	0101                	addi	sp,sp,0
     eec:	1f01                	addi	t5,t5,-32
     eee:	00027503          	.insn	4, 0x00027503
     ef2:	b400                	fsd	fs0,40(s0)
     ef4:	0002                	c.slli64	zero
     ef6:	bb00                	fsd	fs0,48(a4)
     ef8:	0002                	c.slli64	zero
     efa:	0200                	addi	s0,sp,256
     efc:	1f01                	addi	t5,t5,-32
     efe:	0f02                	c.slli64	t5
     f00:	0003e503          	lwu	a0,0(t2)
     f04:	0100                	addi	s0,sp,128
     f06:	03e5                	addi	t2,t2,25
     f08:	0000                	unimp
     f0a:	0801                	addi	a6,a6,0
     f0c:	02000003          	lb	zero,32(zero) # 20 <__stack_align+0x10>
     f10:	0105                	addi	sp,sp,1
     f12:	0900                	addi	s0,sp,144
     f14:	da02                	sw	zero,52(sp)
     f16:	003e                	c.slli	zero,0xf
     f18:	0080                	addi	s0,sp,64
     f1a:	0000                	unimp
     f1c:	1600                	addi	s0,sp,800
     f1e:	0505                	addi	a0,a0,1
     f20:	00090103          	lb	sp,0(s2)
     f24:	0100                	addi	s0,sp,128
     f26:	0105                	addi	sp,sp,1
     f28:	0306                	slli	t1,t1,0x1
     f2a:	097f 0000 0501 0305 	.insn	10, 0x0901030505010000097f
     f32:	0901 
     f34:	0004                	.insn	2, 0x0004
     f36:	0501                	addi	a0,a0,0
     f38:	0301                	addi	t1,t1,0
     f3a:	0902                	c.slli64	s2
     f3c:	0004                	.insn	2, 0x0004
     f3e:	0501                	addi	a0,a0,0
     f40:	0402000b          	.insn	4, 0x0402000b
     f44:	0301                	addi	t1,t1,0
     f46:	097e                	slli	s2,s2,0x1f
     f48:	0002                	c.slli64	zero
     f4a:	0501                	addi	a0,a0,0
     f4c:	0605                	addi	a2,a2,1
     f4e:	04090103          	lb	sp,64(s2)
     f52:	0100                	addi	s0,sp,128
     f54:	0105                	addi	sp,sp,1
     f56:	0306                	slli	t1,t1,0x1
     f58:	0901                	addi	s2,s2,0
     f5a:	0000                	unimp
     f5c:	0901                	addi	s2,s2,0
     f5e:	0006                	c.slli	zero,0x1
     f60:	0100                	addi	s0,sp,128
     f62:	9c01                	subw	s0,s0,s0
     f64:	0000                	unimp
     f66:	0500                	addi	s0,sp,640
     f68:	0800                	addi	s0,sp,16
     f6a:	4100                	lw	s0,0(a0)
     f6c:	0000                	unimp
     f6e:	0100                	addi	s0,sp,128
     f70:	0101                	addi	sp,sp,0
     f72:	000d0efb          	.insn	4, 0x000d0efb
     f76:	0101                	addi	sp,sp,0
     f78:	0101                	addi	sp,sp,0
     f7a:	0000                	unimp
     f7c:	0100                	addi	s0,sp,128
     f7e:	0000                	unimp
     f80:	0101                	addi	sp,sp,0
     f82:	1f01                	addi	t5,t5,-32
     f84:	00027503          	.insn	4, 0x00027503
     f88:	b400                	fsd	fs0,40(s0)
     f8a:	0002                	c.slli64	zero
     f8c:	bb00                	fsd	fs0,48(a4)
     f8e:	0002                	c.slli64	zero
     f90:	0200                	addi	s0,sp,256
     f92:	1f01                	addi	t5,t5,-32
     f94:	0f02                	c.slli64	t5
     f96:	f305                	bnez	a4,eb6 <__stack_align+0xea6>
     f98:	01000003          	lb	zero,16(zero) # 10 <__stack_align>
     f9c:	000003f3          	.insn	4, 0x03f3
     fa0:	8201                	c.srli64	a2
     fa2:	02000003          	lb	zero,32(zero) # 20 <__stack_align+0x10>
     fa6:	00000383          	lb	t2,0(zero) # 0 <__boot_hart>
     faa:	0802                	c.slli64	a6
     fac:	02000003          	lb	zero,32(zero) # 20 <__stack_align+0x10>
     fb0:	0105                	addi	sp,sp,1
     fb2:	0900                	addi	s0,sp,144
     fb4:	ee02                	sd	zero,280(sp)
     fb6:	003e                	c.slli	zero,0xf
     fb8:	0080                	addi	s0,sp,64
     fba:	0000                	unimp
     fbc:	1700                	addi	s0,sp,928
     fbe:	0505                	addi	a0,a0,1
     fc0:	00090103          	lb	sp,0(s2)
     fc4:	0100                	addi	s0,sp,128
     fc6:	0105                	addi	sp,sp,1
     fc8:	0306                	slli	t1,t1,0x1
     fca:	097f 0000 0501 0305 	.insn	10, 0x0901030505010000097f
     fd2:	0901 
     fd4:	0004                	.insn	2, 0x0004
     fd6:	0501                	addi	a0,a0,0
     fd8:	0301                	addi	t1,t1,0
     fda:	0902                	c.slli64	s2
     fdc:	0004                	.insn	2, 0x0004
     fde:	0501                	addi	a0,a0,0
     fe0:	0402000b          	.insn	4, 0x0402000b
     fe4:	0301                	addi	t1,t1,0
     fe6:	097e                	slli	s2,s2,0x1f
     fe8:	0002                	c.slli64	zero
     fea:	0501                	addi	a0,a0,0
     fec:	0605                	addi	a2,a2,1
     fee:	04090103          	lb	sp,64(s2)
     ff2:	0100                	addi	s0,sp,128
     ff4:	0105                	addi	sp,sp,1
     ff6:	0306                	slli	t1,t1,0x1
     ff8:	0901                	addi	s2,s2,0
     ffa:	0000                	unimp
     ffc:	0901                	addi	s2,s2,0
     ffe:	0006                	c.slli	zero,0x1
    1000:	0100                	addi	s0,sp,128
    1002:	a501                	j	1602 <__stack_align+0x15f2>
    1004:	0000                	unimp
    1006:	0500                	addi	s0,sp,640
    1008:	0800                	addi	s0,sp,16
    100a:	4a00                	lw	s0,16(a2)
    100c:	0000                	unimp
    100e:	0100                	addi	s0,sp,128
    1010:	0101                	addi	sp,sp,0
    1012:	000d0efb          	.insn	4, 0x000d0efb
    1016:	0101                	addi	sp,sp,0
    1018:	0101                	addi	sp,sp,0
    101a:	0000                	unimp
    101c:	0100                	addi	s0,sp,128
    101e:	0000                	unimp
    1020:	0101                	addi	sp,sp,0
    1022:	1f01                	addi	t5,t5,-32
    1024:	7504                	ld	s1,40(a0)
    1026:	0002                	c.slli64	zero
    1028:	b400                	fsd	fs0,40(s0)
    102a:	0002                	c.slli64	zero
    102c:	c200                	sw	s0,0(a2)
    102e:	0000                	unimp
    1030:	bb00                	fsd	fs0,48(a4)
    1032:	0002                	c.slli64	zero
    1034:	0200                	addi	s0,sp,256
    1036:	1f01                	addi	t5,t5,-32
    1038:	0f02                	c.slli64	t5
    103a:	0206                	slli	tp,tp,0x1
    103c:	0004                	.insn	2, 0x0004
    103e:	0100                	addi	s0,sp,128
    1040:	0402                	c.slli64	s0
    1042:	0000                	unimp
    1044:	6301                	.insn	2, 0x6301
    1046:	0001                	nop
    1048:	0200                	addi	s0,sp,256
    104a:	0382                	c.slli64	t2
    104c:	0000                	unimp
    104e:	00038303          	lb	t1,0(t2)
    1052:	0300                	addi	s0,sp,384
    1054:	0308                	addi	a0,sp,384
    1056:	0000                	unimp
    1058:	00010503          	lb	a0,0(sp)
    105c:	0209                	addi	tp,tp,2 # 2 <__boot_hart+0x2>
    105e:	3f02                	fld	ft10,32(sp)
    1060:	8000                	.insn	2, 0x8000
    1062:	0000                	unimp
    1064:	0000                	unimp
    1066:	03050517          	auipc	a0,0x3050
    106a:	0901                	addi	s2,s2,0
    106c:	0000                	unimp
    106e:	0501                	addi	a0,a0,0 # 3051066 <__heap_size+0x3031066>
    1070:	0601                	addi	a2,a2,0
    1072:	00097f03          	.insn	4, 0x00097f03
    1076:	0100                	addi	s0,sp,128
    1078:	0505                	addi	a0,a0,1
    107a:	04090103          	lb	sp,64(s2)
    107e:	0100                	addi	s0,sp,128
    1080:	0105                	addi	sp,sp,1
    1082:	04090203          	lb	tp,64(s2)
    1086:	0100                	addi	s0,sp,128
    1088:	0b05                	addi	s6,s6,1 # fffffffffffe1001 <__heap_end+0xffffffff7ffbc001>
    108a:	0200                	addi	s0,sp,256
    108c:	0104                	addi	s1,sp,128
    108e:	02097e03          	.insn	4, 0x02097e03
    1092:	0100                	addi	s0,sp,128
    1094:	0505                	addi	a0,a0,1
    1096:	0306                	slli	t1,t1,0x1
    1098:	0901                	addi	s2,s2,0
    109a:	0006                	c.slli	zero,0x1
    109c:	0501                	addi	a0,a0,0
    109e:	0601                	addi	a2,a2,0
    10a0:	00090103          	lb	sp,0(s2)
    10a4:	0100                	addi	s0,sp,128
    10a6:	0609                	addi	a2,a2,2
    10a8:	0000                	unimp
    10aa:	0101                	addi	sp,sp,0
    10ac:	0121                	addi	sp,sp,8
    10ae:	0000                	unimp
    10b0:	0005                	c.nop	1
    10b2:	0008                	.insn	2, 0x0008
    10b4:	0040                	addi	s0,sp,4
    10b6:	0000                	unimp
    10b8:	0101                	addi	sp,sp,0
    10ba:	fb01                	bnez	a4,fca <__stack_align+0xfba>
    10bc:	0d0e                	slli	s10,s10,0x3
    10be:	0100                	addi	s0,sp,128
    10c0:	0101                	addi	sp,sp,0
    10c2:	0001                	nop
    10c4:	0000                	unimp
    10c6:	0001                	nop
    10c8:	0100                	addi	s0,sp,128
    10ca:	0101                	addi	sp,sp,0
    10cc:	041f 0275 0000      	.insn	6, 0x0275041f
    10d2:	02b4                	addi	a3,sp,328
    10d4:	0000                	unimp
    10d6:	00c2                	slli	ra,ra,0x10
    10d8:	0000                	unimp
    10da:	000002bb          	addw	t0,zero,zero
    10de:	0102                	c.slli64	sp
    10e0:	021f 040f 0410      	.insn	6, 0x0410040f021f
    10e6:	0000                	unimp
    10e8:	1001                	c.nop	-32
    10ea:	0004                	.insn	2, 0x0004
    10ec:	0100                	addi	s0,sp,128
    10ee:	00000163          	beqz	zero,10f0 <__stack_align+0x10e0>
    10f2:	0802                	c.slli64	a6
    10f4:	03000003          	lb	zero,48(zero) # 30 <__stack_align+0x20>
    10f8:	0105                	addi	sp,sp,1
    10fa:	0900                	addi	s0,sp,144
    10fc:	1802                	slli	a6,a6,0x20
    10fe:	0080003f 03000000 	.insn	8, 0x030000000080003f
    1106:	0109                	addi	sp,sp,2
    1108:	0505                	addi	a0,a0,1
    110a:	00090103          	lb	sp,0(s2)
    110e:	0100                	addi	s0,sp,128
    1110:	00090103          	lb	sp,0(s2)
    1114:	0100                	addi	s0,sp,128
    1116:	00090103          	lb	sp,0(s2)
    111a:	0100                	addi	s0,sp,128
    111c:	00090203          	lb	tp,0(s2)
    1120:	0100                	addi	s0,sp,128
    1122:	0c05                	addi	s8,s8,1
    1124:	0306                	slli	t1,t1,0x1
    1126:	0900                	addi	s0,sp,144
    1128:	0000                	unimp
    112a:	0501                	addi	a0,a0,0
    112c:	0605                	addi	a2,a2,1
    112e:	0a090103          	lb	sp,160(s2)
    1132:	0100                	addi	s0,sp,128
    1134:	0805                	addi	a6,a6,1
    1136:	0200                	addi	s0,sp,256
    1138:	0104                	addi	s1,sp,128
    113a:	0306                	slli	t1,t1,0x1
    113c:	0901                	addi	s2,s2,0
    113e:	0000                	unimp
    1140:	0501                	addi	a0,a0,0
    1142:	030c                	addi	a1,sp,384
    1144:	097f 0004 0501 0605 	.insn	10, 0x0103060505010004097f
    114c:	0103 
    114e:	0209                	addi	tp,tp,2 # 2 <__boot_hart+0x2>
    1150:	0100                	addi	s0,sp,128
    1152:	0805                	addi	a6,a6,1
    1154:	0200                	addi	s0,sp,256
    1156:	0104                	addi	s1,sp,128
    1158:	0306                	slli	t1,t1,0x1
    115a:	0900                	addi	s0,sp,144
    115c:	0000                	unimp
    115e:	0501                	addi	a0,a0,0
    1160:	0605                	addi	a2,a2,1
    1162:	10090503          	lb	a0,256(s2)
    1166:	0100                	addi	s0,sp,128
    1168:	0c05                	addi	s8,s8,1
    116a:	0306                	slli	t1,t1,0x1
    116c:	0900                	addi	s0,sp,144
    116e:	0000                	unimp
    1170:	0501                	addi	a0,a0,0
    1172:	0605                	addi	a2,a2,1
    1174:	02090103          	lb	sp,32(s2)
    1178:	0100                	addi	s0,sp,128
    117a:	0105                	addi	sp,sp,1
    117c:	0306                	slli	t1,t1,0x1
    117e:	0901                	addi	s2,s2,0
    1180:	0000                	unimp
    1182:	0501                	addi	a0,a0,0
    1184:	0609                	addi	a2,a2,2
    1186:	04097a03          	.insn	4, 0x04097a03
    118a:	0100                	addi	s0,sp,128
    118c:	0105                	addi	sp,sp,1
    118e:	0306                	slli	t1,t1,0x1
    1190:	0978                	addi	a4,sp,156
    1192:	0000                	unimp
    1194:	0501                	addi	a0,a0,0
    1196:	0309                	addi	t1,t1,2
    1198:	0908                	addi	a0,sp,144
    119a:	0004                	.insn	2, 0x0004
    119c:	0501                	addi	a0,a0,0
    119e:	0301                	addi	t1,t1,0
    11a0:	0906                	slli	s2,s2,0x1
    11a2:	0004                	.insn	2, 0x0004
    11a4:	0501                	addi	a0,a0,0
    11a6:	0402000f          	.insn	4, 0x0402000f
    11aa:	0301                	addi	t1,t1,0
    11ac:	097a                	slli	s2,s2,0x1e
    11ae:	0002                	c.slli64	zero
    11b0:	0501                	addi	a0,a0,0
    11b2:	0609                	addi	a2,a2,2
    11b4:	04090103          	lb	sp,64(s2)
    11b8:	0100                	addi	s0,sp,128
    11ba:	1005                	c.nop	-31
    11bc:	0306                	slli	t1,t1,0x1
    11be:	0900                	addi	s0,sp,144
    11c0:	0000                	unimp
    11c2:	0501                	addi	a0,a0,0
    11c4:	0301                	addi	t1,t1,0
    11c6:	0905                	addi	s2,s2,1
    11c8:	0002                	c.slli64	zero
    11ca:	0901                	addi	s2,s2,0
    11cc:	0006                	c.slli	zero,0x1
    11ce:	0100                	addi	s0,sp,128
    11d0:	8901                	andi	a0,a0,0
    11d2:	0000                	unimp
    11d4:	0500                	addi	s0,sp,640
    11d6:	0800                	addi	s0,sp,16
    11d8:	5c00                	lw	s0,56(s0)
    11da:	0000                	unimp
    11dc:	0100                	addi	s0,sp,128
    11de:	0101                	addi	sp,sp,0
    11e0:	000d0efb          	.insn	4, 0x000d0efb
    11e4:	0101                	addi	sp,sp,0
    11e6:	0101                	addi	sp,sp,0
    11e8:	0000                	unimp
    11ea:	0100                	addi	s0,sp,128
    11ec:	0000                	unimp
    11ee:	0101                	addi	sp,sp,0
    11f0:	1f01                	addi	t5,t5,-32
    11f2:	7506                	ld	a0,96(sp)
    11f4:	0002                	c.slli64	zero
    11f6:	b400                	fsd	fs0,40(s0)
    11f8:	0002                	c.slli64	zero
    11fa:	c200                	sw	s0,0(a2)
    11fc:	0000                	unimp
    11fe:	1e00                	addi	s0,sp,816
    1200:	bb000003          	lb	zero,-1104(zero) # fffffffffffffbb0 <__heap_end+0xffffffff7ffdabb0>
    1204:	0002                	c.slli64	zero
    1206:	6f00                	ld	s0,24(a4)
    1208:	02000003          	lb	zero,32(zero) # 20 <__stack_align+0x10>
    120c:	1f01                	addi	t5,t5,-32
    120e:	0f02                	c.slli64	t5
    1210:	1e08                	addi	a0,sp,816
    1212:	0004                	.insn	2, 0x0004
    1214:	0100                	addi	s0,sp,128
    1216:	041e                	slli	s0,s0,0x7
    1218:	0000                	unimp
    121a:	6301                	.insn	2, 0x6301
    121c:	0001                	nop
    121e:	0200                	addi	s0,sp,256
    1220:	037a                	slli	t1,t1,0x1e
    1222:	0000                	unimp
    1224:	00038203          	lb	tp,0(t2)
    1228:	0400                	addi	s0,sp,512
    122a:	0000038b          	.insn	4, 0x038b
    122e:	8304                	.insn	2, 0x8304
    1230:	04000003          	lb	zero,64(zero) # 40 <__stack_align+0x30>
    1234:	0395                	addi	t2,t2,5
    1236:	0000                	unimp
    1238:	0505                	addi	a0,a0,1
    123a:	0001                	nop
    123c:	0209                	addi	tp,tp,2 # 2 <__boot_hart+0x2>
    123e:	3f54                	fld	fa3,184(a4)
    1240:	8000                	.insn	2, 0x8000
    1242:	0000                	unimp
    1244:	0000                	unimp
    1246:	0518                	addi	a4,sp,640
    1248:	0305                	addi	t1,t1,1
    124a:	0901                	addi	s2,s2,0
    124c:	0000                	unimp
    124e:	0501                	addi	a0,a0,0
    1250:	060c                	addi	a1,sp,768
    1252:	00090003          	lb	zero,0(s2)
    1256:	0100                	addi	s0,sp,128
    1258:	0609                	addi	a2,a2,2
    125a:	0000                	unimp
    125c:	0101                	addi	sp,sp,0
    125e:	042e                	slli	s0,s0,0xb
    1260:	0000                	unimp
    1262:	0005                	c.nop	1
    1264:	0008                	.insn	2, 0x0008
    1266:	002e                	c.slli	zero,0xb
    1268:	0000                	unimp
    126a:	0101                	addi	sp,sp,0
    126c:	fb01                	bnez	a4,117c <__stack_align+0x116c>
    126e:	0d0e                	slli	s10,s10,0x3
    1270:	0100                	addi	s0,sp,128
    1272:	0101                	addi	sp,sp,0
    1274:	0001                	nop
    1276:	0000                	unimp
    1278:	0001                	nop
    127a:	0100                	addi	s0,sp,128
    127c:	0101                	addi	sp,sp,0
    127e:	021f 0275 0000      	.insn	6, 0x0275021f
    1284:	0426                	slli	s0,s0,0x9
    1286:	0000                	unimp
    1288:	0102                	c.slli64	sp
    128a:	021f 020f 042e      	.insn	6, 0x042e020f021f
    1290:	0000                	unimp
    1292:	2e01                	sext.w	t3,t3
    1294:	0004                	.insn	2, 0x0004
    1296:	0100                	addi	s0,sp,128
    1298:	0900                	addi	s0,sp,144
    129a:	0002                	c.slli64	zero
    129c:	0000                	unimp
    129e:	0080                	addi	s0,sp,64
    12a0:	0000                	unimp
    12a2:	0300                	addi	s0,sp,384
    12a4:	0109                	addi	sp,sp,2
    12a6:	02090103          	lb	sp,32(s2)
    12aa:	0100                	addi	s0,sp,128
    12ac:	02090103          	lb	sp,32(s2)
    12b0:	0100                	addi	s0,sp,128
    12b2:	02090103          	lb	sp,32(s2)
    12b6:	0100                	addi	s0,sp,128
    12b8:	02090103          	lb	sp,32(s2)
    12bc:	0100                	addi	s0,sp,128
    12be:	02090103          	lb	sp,32(s2)
    12c2:	0100                	addi	s0,sp,128
    12c4:	02090103          	lb	sp,32(s2)
    12c8:	0100                	addi	s0,sp,128
    12ca:	02090103          	lb	sp,32(s2)
    12ce:	0100                	addi	s0,sp,128
    12d0:	02090103          	lb	sp,32(s2)
    12d4:	0100                	addi	s0,sp,128
    12d6:	02090103          	lb	sp,32(s2)
    12da:	0100                	addi	s0,sp,128
    12dc:	02090103          	lb	sp,32(s2)
    12e0:	0100                	addi	s0,sp,128
    12e2:	02090103          	lb	sp,32(s2)
    12e6:	0100                	addi	s0,sp,128
    12e8:	02090103          	lb	sp,32(s2)
    12ec:	0100                	addi	s0,sp,128
    12ee:	02090103          	lb	sp,32(s2)
    12f2:	0100                	addi	s0,sp,128
    12f4:	02090103          	lb	sp,32(s2)
    12f8:	0100                	addi	s0,sp,128
    12fa:	02090103          	lb	sp,32(s2)
    12fe:	0100                	addi	s0,sp,128
    1300:	02090103          	lb	sp,32(s2)
    1304:	0100                	addi	s0,sp,128
    1306:	02090103          	lb	sp,32(s2)
    130a:	0100                	addi	s0,sp,128
    130c:	02090103          	lb	sp,32(s2)
    1310:	0100                	addi	s0,sp,128
    1312:	02090103          	lb	sp,32(s2)
    1316:	0100                	addi	s0,sp,128
    1318:	02090103          	lb	sp,32(s2)
    131c:	0100                	addi	s0,sp,128
    131e:	02090103          	lb	sp,32(s2)
    1322:	0100                	addi	s0,sp,128
    1324:	02090103          	lb	sp,32(s2)
    1328:	0100                	addi	s0,sp,128
    132a:	02090103          	lb	sp,32(s2)
    132e:	0100                	addi	s0,sp,128
    1330:	02090103          	lb	sp,32(s2)
    1334:	0100                	addi	s0,sp,128
    1336:	02090103          	lb	sp,32(s2)
    133a:	0100                	addi	s0,sp,128
    133c:	02090103          	lb	sp,32(s2)
    1340:	0100                	addi	s0,sp,128
    1342:	02090103          	lb	sp,32(s2)
    1346:	0100                	addi	s0,sp,128
    1348:	02090103          	lb	sp,32(s2)
    134c:	0100                	addi	s0,sp,128
    134e:	02090103          	lb	sp,32(s2)
    1352:	0100                	addi	s0,sp,128
    1354:	02090103          	lb	sp,32(s2)
    1358:	0100                	addi	s0,sp,128
    135a:	02090203          	lb	tp,32(s2)
    135e:	0100                	addi	s0,sp,128
    1360:	06090103          	lb	sp,96(s2)
    1364:	0100                	addi	s0,sp,128
    1366:	04090403          	lb	s0,64(s2)
    136a:	0100                	addi	s0,sp,128
    136c:	08090103          	lb	sp,128(s2)
    1370:	0100                	addi	s0,sp,128
    1372:	04090203          	lb	tp,64(s2)
    1376:	0100                	addi	s0,sp,128
    1378:	04090103          	lb	sp,64(s2)
    137c:	0100                	addi	s0,sp,128
    137e:	04090103          	lb	sp,64(s2)
    1382:	0100                	addi	s0,sp,128
    1384:	04090103          	lb	sp,64(s2)
    1388:	0100                	addi	s0,sp,128
    138a:	04090103          	lb	sp,64(s2)
    138e:	0100                	addi	s0,sp,128
    1390:	04090103          	lb	sp,64(s2)
    1394:	0100                	addi	s0,sp,128
    1396:	04090103          	lb	sp,64(s2)
    139a:	0100                	addi	s0,sp,128
    139c:	04090103          	lb	sp,64(s2)
    13a0:	0100                	addi	s0,sp,128
    13a2:	04090103          	lb	sp,64(s2)
    13a6:	0100                	addi	s0,sp,128
    13a8:	04090103          	lb	sp,64(s2)
    13ac:	0100                	addi	s0,sp,128
    13ae:	04090103          	lb	sp,64(s2)
    13b2:	0100                	addi	s0,sp,128
    13b4:	04090103          	lb	sp,64(s2)
    13b8:	0100                	addi	s0,sp,128
    13ba:	04090103          	lb	sp,64(s2)
    13be:	0100                	addi	s0,sp,128
    13c0:	04090103          	lb	sp,64(s2)
    13c4:	0100                	addi	s0,sp,128
    13c6:	04090103          	lb	sp,64(s2)
    13ca:	0100                	addi	s0,sp,128
    13cc:	04090103          	lb	sp,64(s2)
    13d0:	0100                	addi	s0,sp,128
    13d2:	04090103          	lb	sp,64(s2)
    13d6:	0100                	addi	s0,sp,128
    13d8:	04090103          	lb	sp,64(s2)
    13dc:	0100                	addi	s0,sp,128
    13de:	04090103          	lb	sp,64(s2)
    13e2:	0100                	addi	s0,sp,128
    13e4:	04090103          	lb	sp,64(s2)
    13e8:	0100                	addi	s0,sp,128
    13ea:	04090103          	lb	sp,64(s2)
    13ee:	0100                	addi	s0,sp,128
    13f0:	04090103          	lb	sp,64(s2)
    13f4:	0100                	addi	s0,sp,128
    13f6:	04090103          	lb	sp,64(s2)
    13fa:	0100                	addi	s0,sp,128
    13fc:	04090103          	lb	sp,64(s2)
    1400:	0100                	addi	s0,sp,128
    1402:	04090103          	lb	sp,64(s2)
    1406:	0100                	addi	s0,sp,128
    1408:	04090103          	lb	sp,64(s2)
    140c:	0100                	addi	s0,sp,128
    140e:	04090103          	lb	sp,64(s2)
    1412:	0100                	addi	s0,sp,128
    1414:	04090103          	lb	sp,64(s2)
    1418:	0100                	addi	s0,sp,128
    141a:	04090103          	lb	sp,64(s2)
    141e:	0100                	addi	s0,sp,128
    1420:	04090103          	lb	sp,64(s2)
    1424:	0100                	addi	s0,sp,128
    1426:	04090103          	lb	sp,64(s2)
    142a:	0100                	addi	s0,sp,128
    142c:	04090103          	lb	sp,64(s2)
    1430:	0100                	addi	s0,sp,128
    1432:	04090103          	lb	sp,64(s2)
    1436:	0100                	addi	s0,sp,128
    1438:	04090803          	lb	a6,64(s2)
    143c:	0100                	addi	s0,sp,128
    143e:	08090403          	lb	s0,128(s2)
    1442:	0100                	addi	s0,sp,128
    1444:	04090103          	lb	sp,64(s2)
    1448:	0100                	addi	s0,sp,128
    144a:	00090103          	lb	sp,0(s2)
    144e:	0100                	addi	s0,sp,128
    1450:	04090103          	lb	sp,64(s2)
    1454:	0100                	addi	s0,sp,128
    1456:	08090103          	lb	sp,128(s2)
    145a:	0100                	addi	s0,sp,128
    145c:	04090103          	lb	sp,64(s2)
    1460:	0100                	addi	s0,sp,128
    1462:	02090303          	lb	t1,32(s2)
    1466:	0100                	addi	s0,sp,128
    1468:	02090103          	lb	sp,32(s2)
    146c:	0100                	addi	s0,sp,128
    146e:	04090103          	lb	sp,64(s2)
    1472:	0100                	addi	s0,sp,128
    1474:	04090303          	lb	t1,64(s2)
    1478:	0100                	addi	s0,sp,128
    147a:	08090103          	lb	sp,128(s2)
    147e:	0100                	addi	s0,sp,128
    1480:	04090303          	lb	t1,64(s2)
    1484:	0100                	addi	s0,sp,128
    1486:	04090303          	lb	t1,64(s2)
    148a:	0100                	addi	s0,sp,128
    148c:	04090103          	lb	sp,64(s2)
    1490:	0100                	addi	s0,sp,128
    1492:	08090303          	lb	t1,128(s2)
    1496:	0100                	addi	s0,sp,128
    1498:	04090103          	lb	sp,64(s2)
    149c:	0100                	addi	s0,sp,128
    149e:	04090103          	lb	sp,64(s2)
    14a2:	0100                	addi	s0,sp,128
    14a4:	04090203          	lb	tp,64(s2)
    14a8:	0100                	addi	s0,sp,128
    14aa:	04090103          	lb	sp,64(s2)
    14ae:	0100                	addi	s0,sp,128
    14b0:	02090103          	lb	sp,32(s2)
    14b4:	0100                	addi	s0,sp,128
    14b6:	04090403          	lb	s0,64(s2)
    14ba:	0100                	addi	s0,sp,128
    14bc:	08090103          	lb	sp,128(s2)
    14c0:	0100                	addi	s0,sp,128
    14c2:	04090103          	lb	sp,64(s2)
    14c6:	0100                	addi	s0,sp,128
    14c8:	04090303          	lb	t1,64(s2)
    14cc:	0100                	addi	s0,sp,128
    14ce:	02090703          	lb	a4,32(s2)
    14d2:	0100                	addi	s0,sp,128
    14d4:	04090103          	lb	sp,64(s2)
    14d8:	0100                	addi	s0,sp,128
    14da:	02090303          	lb	t1,32(s2)
    14de:	0100                	addi	s0,sp,128
    14e0:	02090103          	lb	sp,32(s2)
    14e4:	0100                	addi	s0,sp,128
    14e6:	04090103          	lb	sp,64(s2)
    14ea:	0100                	addi	s0,sp,128
    14ec:	02090103          	lb	sp,32(s2)
    14f0:	0100                	addi	s0,sp,128
    14f2:	02090103          	lb	sp,32(s2)
    14f6:	0100                	addi	s0,sp,128
    14f8:	02090103          	lb	sp,32(s2)
    14fc:	0100                	addi	s0,sp,128
    14fe:	02090103          	lb	sp,32(s2)
    1502:	0100                	addi	s0,sp,128
    1504:	02090103          	lb	sp,32(s2)
    1508:	0100                	addi	s0,sp,128
    150a:	02090103          	lb	sp,32(s2)
    150e:	0100                	addi	s0,sp,128
    1510:	02090103          	lb	sp,32(s2)
    1514:	0100                	addi	s0,sp,128
    1516:	02090103          	lb	sp,32(s2)
    151a:	0100                	addi	s0,sp,128
    151c:	02090103          	lb	sp,32(s2)
    1520:	0100                	addi	s0,sp,128
    1522:	02090103          	lb	sp,32(s2)
    1526:	0100                	addi	s0,sp,128
    1528:	02090103          	lb	sp,32(s2)
    152c:	0100                	addi	s0,sp,128
    152e:	02090103          	lb	sp,32(s2)
    1532:	0100                	addi	s0,sp,128
    1534:	02090103          	lb	sp,32(s2)
    1538:	0100                	addi	s0,sp,128
    153a:	02090103          	lb	sp,32(s2)
    153e:	0100                	addi	s0,sp,128
    1540:	02090103          	lb	sp,32(s2)
    1544:	0100                	addi	s0,sp,128
    1546:	02090103          	lb	sp,32(s2)
    154a:	0100                	addi	s0,sp,128
    154c:	02090103          	lb	sp,32(s2)
    1550:	0100                	addi	s0,sp,128
    1552:	02090103          	lb	sp,32(s2)
    1556:	0100                	addi	s0,sp,128
    1558:	02090103          	lb	sp,32(s2)
    155c:	0100                	addi	s0,sp,128
    155e:	02090103          	lb	sp,32(s2)
    1562:	0100                	addi	s0,sp,128
    1564:	02090103          	lb	sp,32(s2)
    1568:	0100                	addi	s0,sp,128
    156a:	02090103          	lb	sp,32(s2)
    156e:	0100                	addi	s0,sp,128
    1570:	02090103          	lb	sp,32(s2)
    1574:	0100                	addi	s0,sp,128
    1576:	02090103          	lb	sp,32(s2)
    157a:	0100                	addi	s0,sp,128
    157c:	02090103          	lb	sp,32(s2)
    1580:	0100                	addi	s0,sp,128
    1582:	02090103          	lb	sp,32(s2)
    1586:	0100                	addi	s0,sp,128
    1588:	02090103          	lb	sp,32(s2)
    158c:	0100                	addi	s0,sp,128
    158e:	02090103          	lb	sp,32(s2)
    1592:	0100                	addi	s0,sp,128
    1594:	02090103          	lb	sp,32(s2)
    1598:	0100                	addi	s0,sp,128
    159a:	02090303          	lb	t1,32(s2)
    159e:	0100                	addi	s0,sp,128
    15a0:	04090103          	lb	sp,64(s2)
    15a4:	0100                	addi	s0,sp,128
    15a6:	04090103          	lb	sp,64(s2)
    15aa:	0100                	addi	s0,sp,128
    15ac:	04090103          	lb	sp,64(s2)
    15b0:	0100                	addi	s0,sp,128
    15b2:	02090103          	lb	sp,32(s2)
    15b6:	0100                	addi	s0,sp,128
    15b8:	04090103          	lb	sp,64(s2)
    15bc:	0100                	addi	s0,sp,128
    15be:	04090303          	lb	t1,64(s2)
    15c2:	0100                	addi	s0,sp,128
    15c4:	06090103          	lb	sp,96(s2)
    15c8:	0100                	addi	s0,sp,128
    15ca:	04090203          	lb	tp,64(s2)
    15ce:	0100                	addi	s0,sp,128
    15d0:	02090103          	lb	sp,32(s2)
    15d4:	0100                	addi	s0,sp,128
    15d6:	02090103          	lb	sp,32(s2)
    15da:	0100                	addi	s0,sp,128
    15dc:	02090103          	lb	sp,32(s2)
    15e0:	0100                	addi	s0,sp,128
    15e2:	02090103          	lb	sp,32(s2)
    15e6:	0100                	addi	s0,sp,128
    15e8:	02090103          	lb	sp,32(s2)
    15ec:	0100                	addi	s0,sp,128
    15ee:	02090103          	lb	sp,32(s2)
    15f2:	0100                	addi	s0,sp,128
    15f4:	02090103          	lb	sp,32(s2)
    15f8:	0100                	addi	s0,sp,128
    15fa:	02090103          	lb	sp,32(s2)
    15fe:	0100                	addi	s0,sp,128
    1600:	02090103          	lb	sp,32(s2)
    1604:	0100                	addi	s0,sp,128
    1606:	02090103          	lb	sp,32(s2)
    160a:	0100                	addi	s0,sp,128
    160c:	02090103          	lb	sp,32(s2)
    1610:	0100                	addi	s0,sp,128
    1612:	02090103          	lb	sp,32(s2)
    1616:	0100                	addi	s0,sp,128
    1618:	02090103          	lb	sp,32(s2)
    161c:	0100                	addi	s0,sp,128
    161e:	02090103          	lb	sp,32(s2)
    1622:	0100                	addi	s0,sp,128
    1624:	02090103          	lb	sp,32(s2)
    1628:	0100                	addi	s0,sp,128
    162a:	02090103          	lb	sp,32(s2)
    162e:	0100                	addi	s0,sp,128
    1630:	02090103          	lb	sp,32(s2)
    1634:	0100                	addi	s0,sp,128
    1636:	02090103          	lb	sp,32(s2)
    163a:	0100                	addi	s0,sp,128
    163c:	02090103          	lb	sp,32(s2)
    1640:	0100                	addi	s0,sp,128
    1642:	02090103          	lb	sp,32(s2)
    1646:	0100                	addi	s0,sp,128
    1648:	02090103          	lb	sp,32(s2)
    164c:	0100                	addi	s0,sp,128
    164e:	02090103          	lb	sp,32(s2)
    1652:	0100                	addi	s0,sp,128
    1654:	02090103          	lb	sp,32(s2)
    1658:	0100                	addi	s0,sp,128
    165a:	02090103          	lb	sp,32(s2)
    165e:	0100                	addi	s0,sp,128
    1660:	02090103          	lb	sp,32(s2)
    1664:	0100                	addi	s0,sp,128
    1666:	02090103          	lb	sp,32(s2)
    166a:	0100                	addi	s0,sp,128
    166c:	02090103          	lb	sp,32(s2)
    1670:	0100                	addi	s0,sp,128
    1672:	02090103          	lb	sp,32(s2)
    1676:	0100                	addi	s0,sp,128
    1678:	02090103          	lb	sp,32(s2)
    167c:	0100                	addi	s0,sp,128
    167e:	02090203          	lb	tp,32(s2)
    1682:	0100                	addi	s0,sp,128
    1684:	02090203          	lb	tp,32(s2)
    1688:	0100                	addi	s0,sp,128
    168a:	0409                	addi	s0,s0,2
    168c:	0000                	unimp
    168e:	0101                	addi	sp,sp,0
    1690:	005c                	addi	a5,sp,4
    1692:	0000                	unimp
    1694:	0005                	c.nop	1
    1696:	0008                	.insn	2, 0x0008
    1698:	002e                	c.slli	zero,0xb
    169a:	0000                	unimp
    169c:	0101                	addi	sp,sp,0
    169e:	fb01                	bnez	a4,15ae <__stack_align+0x159e>
    16a0:	0d0e                	slli	s10,s10,0x3
    16a2:	0100                	addi	s0,sp,128
    16a4:	0101                	addi	sp,sp,0
    16a6:	0001                	nop
    16a8:	0000                	unimp
    16aa:	0001                	nop
    16ac:	0100                	addi	s0,sp,128
    16ae:	0101                	addi	sp,sp,0
    16b0:	021f 0275 0000      	.insn	6, 0x0275021f
    16b6:	0426                	slli	s0,s0,0x9
    16b8:	0000                	unimp
    16ba:	0102                	c.slli64	sp
    16bc:	021f 020f 0435      	.insn	6, 0x0435020f021f
    16c2:	0000                	unimp
    16c4:	3501                	addiw	a0,a0,-32
    16c6:	0004                	.insn	2, 0x0004
    16c8:	0100                	addi	s0,sp,128
    16ca:	0900                	addi	s0,sp,144
    16cc:	ee02                	sd	zero,280(sp)
    16ce:	0001                	nop
    16d0:	0080                	addi	s0,sp,64
    16d2:	0000                	unimp
    16d4:	0300                	addi	s0,sp,384
    16d6:	0110                	addi	a2,sp,128
    16d8:	0a090103          	lb	sp,160(s2)
    16dc:	0100                	addi	s0,sp,128
    16de:	16090603          	lb	a2,352(s2)
    16e2:	0100                	addi	s0,sp,128
    16e4:	0c090103          	lb	sp,192(s2)
    16e8:	0100                	addi	s0,sp,128
    16ea:	1609                	addi	a2,a2,-30
    16ec:	0000                	unimp
    16ee:	0101                	addi	sp,sp,0
    16f0:	000000b3          	add	ra,zero,zero
    16f4:	0005                	c.nop	1
    16f6:	0008                	.insn	2, 0x0008
    16f8:	0049                	c.nop	18
    16fa:	0000                	unimp
    16fc:	0101                	addi	sp,sp,0
    16fe:	fb01                	bnez	a4,160e <__stack_align+0x15fe>
    1700:	0d0e                	slli	s10,s10,0x3
    1702:	0100                	addi	s0,sp,128
    1704:	0101                	addi	sp,sp,0
    1706:	0001                	nop
    1708:	0000                	unimp
    170a:	0001                	nop
    170c:	0100                	addi	s0,sp,128
    170e:	0101                	addi	sp,sp,0
    1710:	051f 0275 0000      	.insn	6, 0x0275051f
    1716:	0426                	slli	s0,s0,0x9
    1718:	0000                	unimp
    171a:	031e                	slli	t1,t1,0x7
    171c:	0000                	unimp
    171e:	000002bb          	addw	t0,zero,zero
    1722:	0000036f          	jal	t1,1722 <__stack_align+0x1712>
    1726:	0102                	c.slli64	sp
    1728:	021f 050f 0447      	.insn	6, 0x0447050f021f
    172e:	0000                	unimp
    1730:	4701                	li	a4,0
    1732:	0004                	.insn	2, 0x0004
    1734:	0100                	addi	s0,sp,128
    1736:	037a                	slli	t1,t1,0x1e
    1738:	0000                	unimp
    173a:	8b02                	jr	s6
    173c:	03000003          	lb	zero,48(zero) # 30 <__stack_align+0x20>
    1740:	0000044f          	fnmadd.s	fs0,ft0,ft0,ft0,rne
    1744:	0504                	addi	s1,sp,640
    1746:	0001                	nop
    1748:	0209                	addi	tp,tp,2 # 2 <__boot_hart+0x2>
    174a:	3f5a                	fld	ft10,432(sp)
    174c:	8000                	.insn	2, 0x8000
    174e:	0000                	unimp
    1750:	0000                	unimp
    1752:	0516                	slli	a0,a0,0x5
    1754:	0305                	addi	t1,t1,1
    1756:	0902                	c.slli64	s2
    1758:	0000                	unimp
    175a:	0501                	addi	a0,a0,0
    175c:	0601                	addi	a2,a2,0
    175e:	00097e03          	.insn	4, 0x00097e03
    1762:	0100                	addi	s0,sp,128
    1764:	0905                	addi	s2,s2,1
    1766:	02090203          	lb	tp,32(s2)
    176a:	0100                	addi	s0,sp,128
    176c:	0105                	addi	sp,sp,1
    176e:	04097e03          	.insn	4, 0x04097e03
    1772:	0100                	addi	s0,sp,128
    1774:	0905                	addi	s2,s2,1
    1776:	02090203          	lb	tp,32(s2)
    177a:	0100                	addi	s0,sp,128
    177c:	0505                	addi	a0,a0,1
    177e:	0306                	slli	t1,t1,0x1
    1780:	0902                	c.slli64	s2
    1782:	0002                	c.slli64	zero
    1784:	0501                	addi	a0,a0,0
    1786:	062a                	slli	a2,a2,0xa
    1788:	00090003          	lb	zero,0(s2)
    178c:	0100                	addi	s0,sp,128
    178e:	0200                	addi	s0,sp,256
    1790:	0104                	addi	s1,sp,128
    1792:	04090003          	lb	zero,64(s2)
    1796:	0100                	addi	s0,sp,128
    1798:	0505                	addi	a0,a0,1
    179a:	0306                	slli	t1,t1,0x1
    179c:	0901                	addi	s2,s2,0
    179e:	0004                	.insn	2, 0x0004
    17a0:	0901                	addi	s2,s2,0
    17a2:	0004                	.insn	2, 0x0004
    17a4:	0100                	addi	s0,sp,128
    17a6:	db01                	beqz	a4,16b6 <__stack_align+0x16a6>
    17a8:	0000                	unimp
    17aa:	0500                	addi	s0,sp,640
    17ac:	0800                	addi	s0,sp,16
    17ae:	4000                	lw	s0,0(s0)
    17b0:	0000                	unimp
    17b2:	0100                	addi	s0,sp,128
    17b4:	0101                	addi	sp,sp,0
    17b6:	000d0efb          	.insn	4, 0x000d0efb
    17ba:	0101                	addi	sp,sp,0
    17bc:	0101                	addi	sp,sp,0
    17be:	0000                	unimp
    17c0:	0100                	addi	s0,sp,128
    17c2:	0000                	unimp
    17c4:	0101                	addi	sp,sp,0
    17c6:	1f01                	addi	t5,t5,-32
    17c8:	7504                	ld	s1,40(a0)
    17ca:	0002                	c.slli64	zero
    17cc:	2600                	fld	fs0,8(a2)
    17ce:	0004                	.insn	2, 0x0004
    17d0:	1a00                	addi	s0,sp,304
    17d2:	0001                	nop
    17d4:	c200                	sw	s0,0(a2)
    17d6:	0000                	unimp
    17d8:	0200                	addi	s0,sp,256
    17da:	1f01                	addi	t5,t5,-32
    17dc:	0f02                	c.slli64	t5
    17de:	6104                	ld	s1,0(a0)
    17e0:	0004                	.insn	2, 0x0004
    17e2:	0100                	addi	s0,sp,128
    17e4:	0461                	addi	s0,s0,24
    17e6:	0000                	unimp
    17e8:	6701                	.insn	2, 0x6701
    17ea:	0004                	.insn	2, 0x0004
    17ec:	0200                	addi	s0,sp,256
    17ee:	00000163          	beqz	zero,17f0 <__stack_align+0x17e0>
    17f2:	00010503          	lb	a0,0(sp)
    17f6:	0209                	addi	tp,tp,2 # 2 <__boot_hart+0x2>
    17f8:	3f70                	fld	fa2,248(a4)
    17fa:	8000                	.insn	2, 0x8000
    17fc:	0000                	unimp
    17fe:	0000                	unimp
    1800:	0515                	addi	a0,a0,5
    1802:	0305                	addi	t1,t1,1
    1804:	0901                	addi	s2,s2,0
    1806:	0000                	unimp
    1808:	0301                	addi	t1,t1,0
    180a:	0901                	addi	s2,s2,0
    180c:	0000                	unimp
    180e:	0301                	addi	t1,t1,0
    1810:	0901                	addi	s2,s2,0
    1812:	0000                	unimp
    1814:	0301                	addi	t1,t1,0
    1816:	0901                	addi	s2,s2,0
    1818:	0000                	unimp
    181a:	0301                	addi	t1,t1,0
    181c:	0901                	addi	s2,s2,0
    181e:	0000                	unimp
    1820:	0301                	addi	t1,t1,0
    1822:	0902                	c.slli64	s2
    1824:	0000                	unimp
    1826:	0501                	addi	a0,a0,0
    1828:	0601                	addi	a2,a2,0
    182a:	00097903          	.insn	4, 0x00097903
    182e:	0100                	addi	s0,sp,128
    1830:	0505                	addi	a0,a0,1
    1832:	02090703          	lb	a4,32(s2)
    1836:	0100                	addi	s0,sp,128
    1838:	0105                	addi	sp,sp,1
    183a:	0e097903          	.insn	4, 0x0e097903
    183e:	0100                	addi	s0,sp,128
    1840:	0505                	addi	a0,a0,1
    1842:	04090703          	lb	a4,64(s2)
    1846:	0100                	addi	s0,sp,128
    1848:	0306                	slli	t1,t1,0x1
    184a:	0901                	addi	s2,s2,0
    184c:	0006                	c.slli	zero,0x1
    184e:	0501                	addi	a0,a0,0
    1850:	0601                	addi	a2,a2,0
    1852:	06090103          	lb	sp,96(s2)
    1856:	0100                	addi	s0,sp,128
    1858:	0505                	addi	a0,a0,1
    185a:	04097f03          	.insn	4, 0x04097f03
    185e:	0100                	addi	s0,sp,128
    1860:	0105                	addi	sp,sp,1
    1862:	04090103          	lb	sp,64(s2)
    1866:	0100                	addi	s0,sp,128
    1868:	0505                	addi	a0,a0,1
    186a:	00097f03          	.insn	4, 0x00097f03
    186e:	0100                	addi	s0,sp,128
    1870:	0105                	addi	sp,sp,1
    1872:	02090103          	lb	sp,32(s2)
    1876:	0100                	addi	s0,sp,128
    1878:	0505                	addi	a0,a0,1
    187a:	02097f03          	.insn	4, 0x02097f03
    187e:	0100                	addi	s0,sp,128
    1880:	0409                	addi	s0,s0,2
    1882:	0000                	unimp
    1884:	0101                	addi	sp,sp,0
    1886:	0066                	c.slli	zero,0x19
    1888:	0000                	unimp
    188a:	0005                	c.nop	1
    188c:	0008                	.insn	2, 0x0008
    188e:	002e                	c.slli	zero,0xb
    1890:	0000                	unimp
    1892:	0101                	addi	sp,sp,0
    1894:	fb01                	bnez	a4,17a4 <__stack_align+0x1794>
    1896:	0d0e                	slli	s10,s10,0x3
    1898:	0100                	addi	s0,sp,128
    189a:	0101                	addi	sp,sp,0
    189c:	0001                	nop
    189e:	0000                	unimp
    18a0:	0001                	nop
    18a2:	0100                	addi	s0,sp,128
    18a4:	0101                	addi	sp,sp,0
    18a6:	021f 0275 0000      	.insn	6, 0x0275021f
    18ac:	0426                	slli	s0,s0,0x9
    18ae:	0000                	unimp
    18b0:	0102                	c.slli64	sp
    18b2:	021f 020f 0478      	.insn	6, 0x0478020f021f
    18b8:	0000                	unimp
    18ba:	7801                	lui	a6,0xfffe0
    18bc:	0004                	.insn	2, 0x0004
    18be:	0100                	addi	s0,sp,128
    18c0:	0105                	addi	sp,sp,1
    18c2:	0900                	addi	s0,sp,144
    18c4:	a002                	fsd	ft0,0(sp)
    18c6:	0080003f 19000000 	.insn	8, 0x190000000080003f
    18ce:	0505                	addi	a0,a0,1
    18d0:	00090103          	lb	sp,0(s2)
    18d4:	0100                	addi	s0,sp,128
    18d6:	0905                	addi	s2,s2,1
    18d8:	0200                	addi	s0,sp,256
    18da:	0104                	addi	s1,sp,128
    18dc:	00090103          	lb	sp,0(s2)
    18e0:	0100                	addi	s0,sp,128
    18e2:	0505                	addi	a0,a0,1
    18e4:	04097f03          	.insn	4, 0x04097f03
    18e8:	0100                	addi	s0,sp,128
    18ea:	0209                	addi	tp,tp,2 # 2 <__boot_hart+0x2>
    18ec:	0000                	unimp
    18ee:	0101                	addi	sp,sp,0
    18f0:	01f2                	slli	gp,gp,0x1c
    18f2:	0000                	unimp
    18f4:	0005                	c.nop	1
    18f6:	0008                	.insn	2, 0x0008
    18f8:	00000053          	fadd.s	ft0,ft0,ft0,rne
    18fc:	0101                	addi	sp,sp,0
    18fe:	fb01                	bnez	a4,180e <__stack_align+0x17fe>
    1900:	0d0e                	slli	s10,s10,0x3
    1902:	0100                	addi	s0,sp,128
    1904:	0101                	addi	sp,sp,0
    1906:	0001                	nop
    1908:	0000                	unimp
    190a:	0001                	nop
    190c:	0100                	addi	s0,sp,128
    190e:	0101                	addi	sp,sp,0
    1910:	051f 0275 0000      	.insn	6, 0x0275051f
    1916:	0426                	slli	s0,s0,0x9
    1918:	0000                	unimp
    191a:	0000036f          	jal	t1,191a <__stack_align+0x190a>
    191e:	031e                	slli	t1,t1,0x7
    1920:	0000                	unimp
    1922:	000002bb          	addw	t0,zero,zero
    1926:	0102                	c.slli64	sp
    1928:	021f 070f 0487      	.insn	6, 0x0487070f021f
    192e:	0000                	unimp
    1930:	8701                	c.srai64	a4
    1932:	0004                	.insn	2, 0x0004
    1934:	0100                	addi	s0,sp,128
    1936:	048e                	slli	s1,s1,0x3
    1938:	0000                	unimp
    193a:	9702                	jalr	a4
    193c:	0004                	.insn	2, 0x0004
    193e:	0200                	addi	s0,sp,256
    1940:	037a                	slli	t1,t1,0x1e
    1942:	0000                	unimp
    1944:	00038b03          	lb	s6,0(t2)
    1948:	0400                	addi	s0,sp,512
    194a:	0395                	addi	t2,t2,5
    194c:	0000                	unimp
    194e:	0502                	c.slli64	a0
    1950:	0001                	nop
    1952:	0209                	addi	tp,tp,2 # 2 <__boot_hart+0x2>
    1954:	3fa6                	fld	ft11,104(sp)
    1956:	8000                	.insn	2, 0x8000
    1958:	0000                	unimp
    195a:	0000                	unimp
    195c:	05010c03          	lb	s8,80(sp)
    1960:	0305                	addi	t1,t1,1
    1962:	0901                	addi	s2,s2,0
    1964:	0000                	unimp
    1966:	0301                	addi	t1,t1,0
    1968:	0901                	addi	s2,s2,0
    196a:	0000                	unimp
    196c:	0301                	addi	t1,t1,0
    196e:	0902                	c.slli64	s2
    1970:	0000                	unimp
    1972:	0501                	addi	a0,a0,0
    1974:	0601                	addi	a2,a2,0
    1976:	00097c03          	.insn	4, 0x00097c03
    197a:	0100                	addi	s0,sp,128
    197c:	0c05                	addi	s8,s8,1
    197e:	02090403          	lb	s0,32(s2)
    1982:	0100                	addi	s0,sp,128
    1984:	0505                	addi	a0,a0,1
    1986:	0306                	slli	t1,t1,0x1
    1988:	0901                	addi	s2,s2,0
    198a:	0002                	c.slli64	zero
    198c:	0501                	addi	a0,a0,0
    198e:	060c                	addi	a1,sp,768
    1990:	00090003          	lb	zero,0(s2)
    1994:	0100                	addi	s0,sp,128
    1996:	0505                	addi	a0,a0,1
    1998:	0306                	slli	t1,t1,0x1
    199a:	0901                	addi	s2,s2,0
    199c:	0002                	c.slli64	zero
    199e:	0501                	addi	a0,a0,0
    19a0:	0608                	addi	a0,sp,768
    19a2:	00090303          	lb	t1,0(s2)
    19a6:	0100                	addi	s0,sp,128
    19a8:	0c05                	addi	s8,s8,1
    19aa:	04097d03          	.insn	4, 0x04097d03
    19ae:	0100                	addi	s0,sp,128
    19b0:	0505                	addi	a0,a0,1
    19b2:	0306                	slli	t1,t1,0x1
    19b4:	0901                	addi	s2,s2,0
    19b6:	0002                	c.slli64	zero
    19b8:	0501                	addi	a0,a0,0
    19ba:	0608                	addi	a0,sp,768
    19bc:	00090203          	lb	tp,0(s2)
    19c0:	0100                	addi	s0,sp,128
    19c2:	0c05                	addi	s8,s8,1
    19c4:	02097e03          	.insn	4, 0x02097e03
    19c8:	0100                	addi	s0,sp,128
    19ca:	0505                	addi	a0,a0,1
    19cc:	0306                	slli	t1,t1,0x1
    19ce:	0902                	c.slli64	s2
    19d0:	0002                	c.slli64	zero
    19d2:	0501                	addi	a0,a0,0
    19d4:	0608                	addi	a0,sp,768
    19d6:	00090003          	lb	zero,0(s2)
    19da:	0100                	addi	s0,sp,128
    19dc:	0505                	addi	a0,a0,1
    19de:	0306                	slli	t1,t1,0x1
    19e0:	0901                	addi	s2,s2,0
    19e2:	0004                	.insn	2, 0x0004
    19e4:	0401                	addi	s0,s0,0
    19e6:	0602                	c.slli64	a2
    19e8:	04091503          	lh	a0,64(s2)
    19ec:	0100                	addi	s0,sp,128
    19ee:	0304                	addi	s1,sp,384
    19f0:	1005                	c.nop	-31
    19f2:	0200                	addi	s0,sp,256
    19f4:	0104                	addi	s1,sp,128
    19f6:	0306                	slli	t1,t1,0x1
    19f8:	0964                	addi	s1,sp,156
    19fa:	0002                	c.slli64	zero
    19fc:	0401                	addi	s0,s0,0
    19fe:	0502                	c.slli64	a0
    1a00:	0305                	addi	t1,t1,1
    1a02:	0910                	addi	a2,sp,144
    1a04:	0000                	unimp
    1a06:	0501                	addi	a0,a0,0
    1a08:	060c                	addi	a1,sp,768
    1a0a:	00090003          	lb	zero,0(s2)
    1a0e:	0100                	addi	s0,sp,128
    1a10:	0304                	addi	s1,sp,384
    1a12:	1005                	c.nop	-31
    1a14:	0200                	addi	s0,sp,256
    1a16:	0104                	addi	s1,sp,128
    1a18:	02097003          	.insn	4, 0x02097003
    1a1c:	0100                	addi	s0,sp,128
    1a1e:	0e05                	addi	t3,t3,1
    1a20:	0306                	slli	t1,t1,0x1
    1a22:	0902                	c.slli64	s2
    1a24:	0002                	c.slli64	zero
    1a26:	0401                	addi	s0,s0,0
    1a28:	0502                	c.slli64	a0
    1a2a:	0305                	addi	t1,t1,1
    1a2c:	0918                	addi	a4,sp,144
    1a2e:	0000                	unimp
    1a30:	0301                	addi	t1,t1,0
    1a32:	0902                	c.slli64	s2
    1a34:	0000                	unimp
    1a36:	0301                	addi	t1,t1,0
    1a38:	090d                	addi	s2,s2,3
    1a3a:	0004                	.insn	2, 0x0004
    1a3c:	0401                	addi	s0,s0,0
    1a3e:	000e0503          	lb	a0,0(t3)
    1a42:	0402                	c.slli64	s0
    1a44:	0601                	addi	a2,a2,0
    1a46:	00095903          	lhu	s2,0(s2)
    1a4a:	0100                	addi	s0,sp,128
    1a4c:	0104                	addi	s1,sp,128
    1a4e:	0505                	addi	a0,a0,1
    1a50:	0306                	slli	t1,t1,0x1
    1a52:	0906                	slli	s2,s2,0x1
    1a54:	0002                	c.slli64	zero
    1a56:	0401                	addi	s0,s0,0
    1a58:	0502                	c.slli64	a0
    1a5a:	0320                	addi	s0,sp,392
    1a5c:	097e                	slli	s2,s2,0x1f
    1a5e:	0000                	unimp
    1a60:	0401                	addi	s0,s0,0
    1a62:	0501                	addi	a0,a0,0
    1a64:	0305                	addi	t1,t1,1
    1a66:	00040903          	lb	s2,0(s0)
    1a6a:	0501                	addi	a0,a0,0
    1a6c:	060c                	addi	a1,sp,768
    1a6e:	00090003          	lb	zero,0(s2)
    1a72:	0100                	addi	s0,sp,128
    1a74:	0505                	addi	a0,a0,1
    1a76:	0306                	slli	t1,t1,0x1
    1a78:	0901                	addi	s2,s2,0
    1a7a:	000a                	c.slli	zero,0x2
    1a7c:	0501                	addi	a0,a0,0
    1a7e:	0015                	c.nop	5
    1a80:	0402                	c.slli64	s0
    1a82:	0301                	addi	t1,t1,0
    1a84:	0900                	addi	s0,sp,144
    1a86:	0000                	unimp
    1a88:	0501                	addi	a0,a0,0
    1a8a:	0305                	addi	t1,t1,1
    1a8c:	0901                	addi	s2,s2,0
    1a8e:	0004                	.insn	2, 0x0004
    1a90:	0501                	addi	a0,a0,0
    1a92:	060e                	slli	a2,a2,0x3
    1a94:	00090003          	lb	zero,0(s2)
    1a98:	0100                	addi	s0,sp,128
    1a9a:	0505                	addi	a0,a0,1
    1a9c:	0306                	slli	t1,t1,0x1
    1a9e:	0901                	addi	s2,s2,0
    1aa0:	0008                	.insn	2, 0x0008
    1aa2:	0401                	addi	s0,s0,0
    1aa4:	097b0303          	lb	t1,151(s6)
    1aa8:	0000                	unimp
    1aaa:	0401                	addi	s0,s0,0
    1aac:	0302                	c.slli64	t1
    1aae:	0928                	addi	a0,sp,152
    1ab0:	0000                	unimp
    1ab2:	0401                	addi	s0,s0,0
    1ab4:	0301                	addi	t1,t1,0
    1ab6:	095f 0004 0401      	.insn	6, 0x04010004095f
    1abc:	0502                	c.slli64	a0
    1abe:	0320                	addi	s0,sp,392
    1ac0:	00000977          	.insn	4, 0x0977
    1ac4:	0401                	addi	s0,s0,0
    1ac6:	0501                	addi	a0,a0,0
    1ac8:	0305                	addi	t1,t1,1
    1aca:	090a                	slli	s2,s2,0x2
    1acc:	0004                	.insn	2, 0x0004
    1ace:	0501                	addi	a0,a0,0
    1ad0:	0003060f          	.insn	4, 0x0003060f
    1ad4:	0009                	c.nop	2
    1ad6:	0100                	addi	s0,sp,128
    1ad8:	0105                	addi	sp,sp,1
    1ada:	02090103          	lb	sp,32(s2)
    1ade:	0100                	addi	s0,sp,128
    1ae0:	0409                	addi	s0,s0,2
    1ae2:	0000                	unimp
    1ae4:	0101                	addi	sp,sp,0

Disassembly of section .debug_str:

0000000000000000 <.debug_str>:
   0:	5f5f 6972 6373      	.insn	6, 0x637369725f5f
   6:	5f76                	lw	t5,124(sp)
   8:	7376                	ld	t1,376(sp)
   a:	7465                	lui	s0,0xffff9
   c:	6c76                	ld	s8,344(sp)
   e:	655f 3233 316d      	.insn	6, 0x316d3233655f
  14:	5f00                	lw	s0,56(a4)
  16:	725f 7369 7663      	.insn	6, 0x76637369725f
  1c:	765f 6573 3233      	.insn	6, 0x32336573765f
  22:	765f 665f 3233      	.insn	6, 0x3233665f765f
  28:	316d                	addiw	sp,sp,-5
  2a:	7600                	ld	s0,40(a2)
  2c:	495f 7563 7272      	.insn	6, 0x72727563495f
  32:	4700                	lw	s0,8(a4)
  34:	554e                	lw	a0,240(sp)
  36:	4320                	lw	s0,64(a4)
  38:	3939                	addiw	s2,s2,-18
  3a:	3120                	fld	fs0,96(a0)
  3c:	2e322e33          	.insn	4, 0x2e322e33
  40:	2030                	fld	fa2,64(s0)
  42:	6d2d                	lui	s10,0xb
  44:	646f6d63          	bltu	t5,t1,69e <__stack_align+0x68e>
  48:	6c65                	lui	s8,0x19
  4a:	6d3d                	lui	s10,0xf
  4c:	6465                	lui	s0,0x19
  4e:	6e61                	lui	t3,0x18
  50:	2079                	.insn	2, 0x2079
  52:	6d2d                	lui	s10,0xb
  54:	6261                	lui	tp,0x18
  56:	3d69                	addiw	s10,s10,-6 # affa <__stack_size+0x2ffa>
  58:	706c                	ld	a1,224(s0)
  5a:	3436                	fld	fs0,360(sp)
  5c:	2064                	fld	fs1,192(s0)
  5e:	6d2d                	lui	s10,0xb
  60:	646f6d63          	bltu	t5,t1,6ba <__stack_align+0x6aa>
  64:	6c65                	lui	s8,0x19
  66:	6d3d                	lui	s10,0xf
  68:	6465                	lui	s0,0x19
  6a:	6e61                	lui	t3,0x18
  6c:	2079                	.insn	2, 0x2079
  6e:	6d2d                	lui	s10,0xb
  70:	7574                	ld	a3,232(a0)
  72:	656e                	ld	a0,216(sp)
  74:	723d                	lui	tp,0xfffef
  76:	656b636f          	jal	t1,b66cc <__heap_size+0x966cc>
  7a:	2074                	fld	fa3,192(s0)
  7c:	6d2d                	lui	s10,0xb
  7e:	7369                	lui	t1,0xffffa
  80:	2d61                	addiw	s10,s10,24 # b018 <__stack_size+0x3018>
  82:	63657073          	csrci	0x636,10
  86:	323d                	addiw	tp,tp,-17 # fffffffffffeefef <__heap_end+0xffffffff7ffc9fef>
  88:	3130                	fld	fa2,96(a0)
  8a:	3139                	addiw	sp,sp,-18
  8c:	3132                	fld	ft2,296(sp)
  8e:	6d2d2033          	.insn	4, 0x6d2d2033
  92:	7261                	lui	tp,0xffff8
  94:	723d6863          	bltu	s10,gp,7c4 <__stack_align+0x7b4>
  98:	3676                	fld	fa2,376(sp)
  9a:	6934                	ld	a3,80(a0)
  9c:	616d                	addi	sp,sp,240
  9e:	6466                	ld	s0,88(sp)
  a0:	5f76                	lw	t5,124(sp)
  a2:	697a                	ld	s2,408(sp)
  a4:	5f727363          	bgeu	tp,s7,68a <__stack_align+0x67a>
  a8:	767a                	ld	a2,440(sp)
  aa:	3365                	addiw	t1,t1,-7 # ffffffffffff9ff9 <__heap_end+0xffffffff7ffd4ff9>
  ac:	6632                	ld	a2,264(sp)
  ae:	7a5f 6576 3233      	.insn	6, 0x323365767a5f
  b4:	5f78                	lw	a4,124(a4)
  b6:	767a                	ld	a2,440(sp)
  b8:	3665                	addiw	a2,a2,-7
  ba:	6434                	ld	a3,72(s0)
  bc:	7a5f 6576 3436      	.insn	6, 0x343665767a5f
  c2:	5f66                	lw	t5,120(sp)
  c4:	767a                	ld	a2,440(sp)
  c6:	3665                	addiw	a2,a2,-7
  c8:	7834                	ld	a3,112(s0)
  ca:	7a5f 6c76 3231      	.insn	6, 0x32316c767a5f
  d0:	6238                	ld	a4,64(a2)
  d2:	7a5f 6c76 3233      	.insn	6, 0x32336c767a5f
  d8:	5f62                	lw	t5,56(sp)
  da:	767a                	ld	a2,440(sp)
  dc:	366c                	fld	fa1,232(a2)
  de:	6234                	ld	a3,64(a2)
  e0:	2d20                	fld	fs0,88(a0)
  e2:	4f2d2067          	.insn	4, 0x4f2d2067
  e6:	2032                	fld	ft0,264(sp)
  e8:	732d                	lui	t1,0xfffeb
  ea:	6474                	ld	a3,200(s0)
  ec:	673d                	lui	a4,0xf
  ee:	756e                	ld	a0,248(sp)
  f0:	3939                	addiw	s2,s2,-18
  f2:	2d20                	fld	fs0,88(a0)
  f4:	6e66                	ld	t3,88(sp)
  f6:	6f632d6f          	jal	s10,327ec <__heap_size+0x127ec>
  fa:	6d6d                	lui	s10,0x1b
  fc:	2d206e6f          	jal	t3,63ce <__stack_size_min+0x3ce>
 100:	6e66                	ld	t3,88(sp)
 102:	75622d6f          	jal	s10,22858 <__heap_size+0x2858>
 106:	6c69                	lui	s8,0x1a
 108:	6974                	ld	a3,208(a0)
 10a:	2d6e                	fld	fs10,216(sp)
 10c:	7270                	ld	a2,224(a2)
 10e:	6e69                	lui	t3,0x1a
 110:	6674                	ld	a3,200(a2)
 112:	6600                	ld	s0,8(a2)
 114:	6f6c                	ld	a1,216(a4)
 116:	7461                	lui	s0,0xffff8
 118:	5f00                	lw	s0,56(a4)
 11a:	725f 7369 7663      	.insn	6, 0x76637369725f
 120:	765f 6d66 6361      	.insn	6, 0x63616d66765f
 126:	76765f63          	bge	a2,t2,8a4 <__stack_align+0x894>
 12a:	665f 3233 316d      	.insn	6, 0x316d3233665f
 130:	5f00                	lw	s0,56(a4)
 132:	725f 7369 7663      	.insn	6, 0x76637369725f
 138:	765f 6d66 6361      	.insn	6, 0x63616d66765f
 13e:	66765f63          	bge	a2,t2,7bc <__stack_align+0x7ac>
 142:	665f 3233 316d      	.insn	6, 0x316d3233665f
 148:	6300                	ld	s0,0(a4)
 14a:	7275                	lui	tp,0xffffd
 14c:	7072                	.insn	2, 0x7072
 14e:	746e696f          	jal	s2,e6894 <__heap_size+0xc6894>
 152:	7600                	ld	s0,40(a2)
 154:	635f 7275 0072      	.insn	6, 0x00727275635f
 15a:	7265                	lui	tp,0xffff9
 15c:	5f72                	lw	t5,60(sp)
 15e:	7270                	ld	a2,224(a2)
 160:	7665                	lui	a2,0xffff9
 162:	7600                	ld	s0,40(a2)
 164:	655f 7272 645f      	.insn	6, 0x645f7272655f
 16a:	6669                	lui	a2,0x1a
 16c:	0066                	c.slli	zero,0x19
 16e:	5f5f 6972 6373      	.insn	6, 0x637369725f5f
 174:	5f76                	lw	t5,124(sp)
 176:	6676                	ld	a2,344(sp)
 178:	756d                	lui	a0,0xffffb
 17a:	5f6c                	lw	a1,124(a4)
 17c:	6676                	ld	a2,344(sp)
 17e:	665f 3233 316d      	.insn	6, 0x316d3233665f
 184:	7500                	ld	s0,40(a0)
 186:	736e                	ld	t1,248(sp)
 188:	6769                	lui	a4,0x1a
 18a:	656e                	ld	a0,216(sp)
 18c:	2064                	fld	fs1,192(s0)
 18e:	72616863          	bltu	sp,t1,8be <__stack_align+0x8ae>
 192:	5f00                	lw	s0,56(a4)
 194:	725f 7676 665f      	.insn	6, 0x665f7676725f
 19a:	6f6c                	ld	a1,216(a4)
 19c:	7461                	lui	s0,0xffff8
 19e:	316d3233          	.insn	4, 0x316d3233
 1a2:	745f 7600 655f      	.insn	6, 0x655f7600745f
 1a8:	7272                	ld	tp,312(sp)
 1aa:	7300                	ld	s0,32(a4)
 1ac:	6f68                	ld	a0,216(a4)
 1ae:	7472                	ld	s0,312(sp)
 1b0:	7520                	ld	s0,104(a0)
 1b2:	736e                	ld	t1,248(sp)
 1b4:	6769                	lui	a4,0x1a
 1b6:	656e                	ld	a0,216(sp)
 1b8:	2064                	fld	fs1,192(s0)
 1ba:	6e69                	lui	t3,0x1a
 1bc:	0074                	addi	a3,sp,12
 1be:	6341                	lui	t1,0x10
 1c0:	7574                	ld	a3,232(a0)
 1c2:	7461                	lui	s0,0xffff8
 1c4:	7600726f          	jal	tp,7924 <__stack_size_min+0x1924>
 1c8:	6b5f 0069 5f49      	.insn	6, 0x5f4900696b5f
 1ce:	7270                	ld	a2,224(a2)
 1d0:	7665                	lui	a2,0xffff9
 1d2:	7300                	ld	s0,32(a4)
 1d4:	6f68                	ld	a0,216(a4)
 1d6:	7472                	ld	s0,312(sp)
 1d8:	6920                	ld	s0,80(a0)
 1da:	746e                	ld	s0,248(sp)
 1dc:	7600                	ld	s0,40(a2)
 1de:	6c66                	ld	s8,88(sp)
 1e0:	3374616f          	jal	sp,46d16 <__heap_size+0x26d16>
 1e4:	6d32                	ld	s10,264(sp)
 1e6:	5f31                	li	t5,-20
 1e8:	0074                	addi	a3,sp,12
 1ea:	5f76                	lw	t5,124(sp)
 1ec:	7300646b          	.insn	4, 0x7300646b
 1f0:	7465                	lui	s0,0xffff9
 1f2:	6f70                	ld	a2,216(a4)
 1f4:	6e69                	lui	t3,0x1a
 1f6:	0074                	addi	a3,sp,12
 1f8:	6f6c                	ld	a1,216(a4)
 1fa:	676e                	ld	a4,216(sp)
 1fc:	6c20                	ld	s0,88(s0)
 1fe:	20676e6f          	jal	t3,76404 <__heap_size+0x56404>
 202:	6e75                	lui	t3,0x1d
 204:	6e676973          	csrrsi	s2,0x6e6,14
 208:	6465                	lui	s0,0x19
 20a:	6920                	ld	s0,80(a0)
 20c:	746e                	ld	s0,248(sp)
 20e:	5f00                	lw	s0,56(a4)
 210:	725f 7369 7663      	.insn	6, 0x76637369725f
 216:	765f 7366 6275      	.insn	6, 0x62757366765f
 21c:	765f 5f76 3366      	.insn	6, 0x33665f76765f
 222:	6d32                	ld	s10,264(sp)
 224:	0031                	c.nop	12
 226:	5f76                	lw	t5,124(sp)
 228:	6100706b          	.insn	4, 0x6100706b
 22c:	61757463          	bgeu	a0,s7,834 <__stack_align+0x824>
 230:	6f74                	ld	a3,216(a4)
 232:	7372                	ld	t1,312(sp)
 234:	5f00                	lw	s0,56(a4)
 236:	725f 7369 7663      	.insn	6, 0x76637369725f
 23c:	765f 6d66 6c75      	.insn	6, 0x6c756d66765f
 242:	765f 5f76 3366      	.insn	6, 0x33665f76765f
 248:	6d32                	ld	s10,264(sp)
 24a:	0031                	c.nop	12
 24c:	6f6c                	ld	a1,216(a4)
 24e:	676e                	ld	a4,216(sp)
 250:	6c20                	ld	s0,88(s0)
 252:	20676e6f          	jal	t3,76458 <__heap_size+0x56458>
 256:	6e69                	lui	t3,0x1a
 258:	0074                	addi	a3,sp,12
 25a:	5f76                	lw	t5,124(sp)
 25c:	7265                	lui	tp,0xffff9
 25e:	7072                	.insn	2, 0x7072
 260:	6572                	ld	a0,280(sp)
 262:	0076                	c.slli	zero,0x1d
 264:	5f76                	lw	t5,124(sp)
 266:	00746573          	csrrsi	a0,0x7,8
 26a:	6e69                	lui	t3,0x1a
 26c:	5f76                	lw	t5,124(sp)
 26e:	7464                	ld	s1,232(s0)
 270:	7600                	ld	s0,40(a2)
 272:	445f 7563 7272      	.insn	6, 0x72727563445f
 278:	6f00                	ld	s0,24(a4)
 27a:	7475                	lui	s0,0xffffd
 27c:	7570                	ld	a2,232(a0)
 27e:	0074                	addi	a3,sp,12
 280:	5f76                	lw	t5,124(sp)
 282:	0074756f          	jal	a0,47a88 <__heap_size+0x27a88>
 286:	5f76                	lw	t5,124(sp)
 288:	7049                	c.lui	zero,0xffff2
 28a:	6572                	ld	a0,280(sp)
 28c:	0076                	c.slli	zero,0x1d
 28e:	7265                	lui	tp,0xffff9
 290:	6f72                	ld	t5,280(sp)
 292:	5f72                	lw	t5,60(sp)
 294:	7270                	ld	a2,224(a2)
 296:	7665                	lui	a2,0xffff9
 298:	5f00                	lw	s0,56(a4)
 29a:	725f 7369 7663      	.insn	6, 0x76637369725f
 2a0:	765f 656c 3233      	.insn	6, 0x3233656c765f
 2a6:	765f 665f 3233      	.insn	6, 0x3233665f765f
 2ac:	316d                	addiw	sp,sp,-5
 2ae:	5f00                	lw	s0,56(a4)
 2b0:	695f 746e 3231      	.insn	6, 0x3231746e695f
 2b6:	2038                	fld	fa4,64(s0)
 2b8:	6e75                	lui	t3,0x1d
 2ba:	6e676973          	csrrsi	s2,0x6e6,14
 2be:	6465                	lui	s0,0x19
 2c0:	4700                	lw	s0,8(a4)
 2c2:	554e                	lw	a0,240(sp)
 2c4:	4320                	lw	s0,64(a4)
 2c6:	3731                	addiw	a4,a4,-20 # 19fec <__stack_size+0x11fec>
 2c8:	3120                	fld	fs0,96(a0)
 2ca:	2e322e33          	.insn	4, 0x2e322e33
 2ce:	2030                	fld	fa2,64(s0)
 2d0:	6d2d                	lui	s10,0xb
 2d2:	646f6d63          	bltu	t5,t1,92c <__stack_align+0x91c>
 2d6:	6c65                	lui	s8,0x19
 2d8:	6d3d                	lui	s10,0xf
 2da:	6465                	lui	s0,0x19
 2dc:	6e61                	lui	t3,0x18
 2de:	2079                	.insn	2, 0x2079
 2e0:	6d2d                	lui	s10,0xb
 2e2:	646f6d63          	bltu	t5,t1,93c <__stack_align+0x92c>
 2e6:	6c65                	lui	s8,0x19
 2e8:	6d3d                	lui	s10,0xf
 2ea:	6465                	lui	s0,0x19
 2ec:	6e61                	lui	t3,0x18
 2ee:	2079                	.insn	2, 0x2079
 2f0:	6d2d                	lui	s10,0xb
 2f2:	7574                	ld	a3,232(a0)
 2f4:	656e                	ld	a0,216(sp)
 2f6:	723d                	lui	tp,0xfffef
 2f8:	656b636f          	jal	t1,b694e <__heap_size+0x9694e>
 2fc:	2074                	fld	fa3,192(s0)
 2fe:	6d2d                	lui	s10,0xb
 300:	6261                	lui	tp,0x18
 302:	3d69                	addiw	s10,s10,-6 # affa <__stack_size+0x2ffa>
 304:	706c                	ld	a1,224(s0)
 306:	3436                	fld	fs0,360(sp)
 308:	2064                	fld	fs1,192(s0)
 30a:	6d2d                	lui	s10,0xb
 30c:	7369                	lui	t1,0xffffa
 30e:	2d61                	addiw	s10,s10,24 # b018 <__stack_size+0x3018>
 310:	63657073          	csrci	0x636,10
 314:	323d                	addiw	tp,tp,-17 # 17fef <__stack_size+0xffef>
 316:	3130                	fld	fa2,96(a0)
 318:	3139                	addiw	sp,sp,-18
 31a:	3132                	fld	ft2,296(sp)
 31c:	6d2d2033          	.insn	4, 0x6d2d2033
 320:	7261                	lui	tp,0xffff8
 322:	723d6863          	bltu	s10,gp,a52 <__stack_align+0xa42>
 326:	3676                	fld	fa2,376(sp)
 328:	6934                	ld	a3,80(a0)
 32a:	616d                	addi	sp,sp,240
 32c:	6466                	ld	s0,88(sp)
 32e:	697a5f63          	bge	s4,s7,9cc <__stack_align+0x9bc>
 332:	20727363          	bgeu	tp,t2,538 <__stack_align+0x528>
 336:	672d                	lui	a4,0xb
 338:	2d20                	fld	fs0,88(a0)
 33a:	2d20734f          	.insn	4, 0x2d20734f
 33e:	2d20324f          	.insn	4, 0x2d20324f
 342:	2d20734f          	.insn	4, 0x2d20734f
 346:	6266                	ld	tp,88(sp)
 348:	6975                	lui	s2,0x1d
 34a:	646c                	ld	a1,200(s0)
 34c:	6e69                	lui	t3,0x1a
 34e:	696c2d67          	.insn	4, 0x696c2d67
 352:	6762                	ld	a4,24(sp)
 354:	2d206363          	bltu	zero,s2,61a <__stack_align+0x60a>
 358:	6e66                	ld	t3,88(sp)
 35a:	74732d6f          	jal	s10,332a0 <__heap_size+0x132a0>
 35e:	6361                	lui	t1,0x18
 360:	72702d6b          	.insn	4, 0x72702d6b
 364:	6365746f          	jal	s0,5799a <__heap_size+0x3799a>
 368:	6f74                	ld	a3,216(a4)
 36a:	2072                	fld	ft0,280(sp)
 36c:	662d                	lui	a2,0xb
 36e:	6976                	ld	s2,344(sp)
 370:	69626973          	csrrsi	s2,0x696,4
 374:	696c                	ld	a1,208(a0)
 376:	7974                	ld	a3,240(a0)
 378:	683d                	lui	a6,0xf
 37a:	6469                	lui	s0,0x1a
 37c:	6564                	ld	s1,200(a0)
 37e:	006e                	c.slli	zero,0x1b
 380:	465f 5f50 4150      	.insn	6, 0x41505f50465f
 386:	525f4b43          	fmadd.d	fs6,ft10,ft5,fa0,rmm
 38a:	5741                	li	a4,-16
 38c:	315f 665f 6f6c      	.insn	6, 0x6f6c665f315f
 392:	6c00                	ld	s0,24(s0)
 394:	73676e6f          	jal	t3,76aca <__heap_size+0x56aca>
 398:	6600                	ld	s0,8(a2)
 39a:	6172                	ld	sp,280(sp)
 39c:	66003063          	.insn	4, 0x66003063
 3a0:	6172                	ld	sp,280(sp)
 3a2:	44003163          	.insn	4, 0x44003163
 3a6:	7446                	ld	s0,112(sp)
 3a8:	7079                	c.lui	zero,0xffffe
 3aa:	0065                	c.nop	25
 3ac:	465f 5f50 4150      	.insn	6, 0x41505f50465f
 3b2:	535f4b43          	fmadd.d	fs6,ft10,fs5,fa0,rmm
 3b6:	4d45                	li	s10,17
 3b8:	5249                	li	tp,-14
 3ba:	5741                	li	a4,-16
 3bc:	545f 665f 5400      	.insn	6, 0x5400665f545f
 3c2:	7446                	ld	s0,112(sp)
 3c4:	7079                	c.lui	zero,0xffffe
 3c6:	0065                	c.nop	25
 3c8:	465f 5f50 4150      	.insn	6, 0x41505f50465f
 3ce:	535f4b43          	fmadd.d	fs6,ft10,fs5,fa0,rmm
 3d2:	4d45                	li	s10,17
 3d4:	5249                	li	tp,-14
 3d6:	5741                	li	a4,-16
 3d8:	545f 735f 4100      	.insn	6, 0x4100735f545f
 3de:	665f 0030 5f41      	.insn	6, 0x5f410030665f
 3e4:	3166                	fld	ft2,120(sp)
 3e6:	5f00                	lw	s0,56(a4)
 3e8:	695f 746e 3231      	.insn	6, 0x3231746e695f
 3ee:	0038                	addi	a4,sp,8
 3f0:	665f 7865 5f00      	.insn	6, 0x5f007865665f
 3f6:	5046                	.insn	2, 0x5046
 3f8:	505f 4341 5f4b      	.insn	6, 0x5f4b4341505f
 3fe:	494d4553          	.insn	4, 0x494d4553
 402:	4152                	lw	sp,20(sp)
 404:	5f545f57          	.insn	4, 0x5f545f57
 408:	0065                	c.nop	25
 40a:	465f 5f50 4150      	.insn	6, 0x41505f50465f
 410:	535f4b43          	fmadd.d	fs6,ft10,fs5,fa0,rmm
 414:	4d45                	li	s10,17
 416:	5249                	li	tp,-14
 418:	5741                	li	a4,-16
 41a:	545f 635f 5f00      	.insn	6, 0x5f00635f545f
 420:	5046                	.insn	2, 0x5046
 422:	555f 504e 4341      	.insn	6, 0x4341504e555f
 428:	41525f4b          	fnmsub.s	ft10,ft4,fs5,fs0,unknown
 42c:	5f325f57          	.insn	4, 0x5f325f57
 430:	6c66                	ld	s8,88(sp)
 432:	7266006f          	j	60b58 <__heap_size+0x40b58>
 436:	6361                	lui	t1,0x18
 438:	5f00                	lw	s0,56(a4)
 43a:	5046                	.insn	2, 0x5046
 43c:	505f 4341 5f4b      	.insn	6, 0x5f4b4341505f
 442:	494d4553          	.insn	4, 0x494d4553
 446:	4152                	lw	sp,20(sp)
 448:	73695f57          	.insn	4, 0x73695f57
 44c:	745f 6e69 0079      	.insn	6, 0x00796e69745f
 452:	465f 5f50 4e55      	.insn	6, 0x4e555f50465f
 458:	4f49                	li	t5,18
 45a:	5f4e                	lw	t5,240(sp)
 45c:	0044                	addi	s1,sp,4
 45e:	5f5f 7274 6e75      	.insn	6, 0x6e7572745f5f
 464:	64667463          	bgeu	a2,t1,aac <__stack_align+0xa9c>
 468:	3266                	fld	ft4,120(sp)
 46a:	5f00                	lw	s0,56(a4)
 46c:	5046                	.insn	2, 0x5046
 46e:	555f 494e 4e4f      	.insn	6, 0x4e4f494e555f
 474:	515f 7300 6769      	.insn	6, 0x67697300515f
 47a:	006e                	c.slli	zero,0x1b
 47c:	6f6c                	ld	a1,216(a4)
 47e:	676e                	ld	a4,216(sp)
 480:	6420                	ld	s0,72(s0)
 482:	6c62756f          	jal	a0,27b48 <__heap_size+0x7b48>
 486:	0065                	c.nop	25
 488:	6962                	ld	s2,24(sp)
 48a:	7374                	ld	a3,224(a4)
 48c:	5f00                	lw	s0,56(a4)
 48e:	7266                	ld	tp,120(sp)
 490:	006d                	c.nop	27
 492:	635f 6f6c 6573      	.insn	6, 0x65736f6c635f
 498:	6600                	ld	s0,8(a2)
 49a:	6c69                	lui	s8,0x1a
 49c:	0065                	c.nop	25
 49e:	20554e47          	fmsub.s	ft8,fa0,ft5,ft4,rmm
 4a2:	20313143          	fmadd.s	ft2,ft2,ft3,ft4,rup
 4a6:	3331                	addiw	t1,t1,-20 # 17fec <__stack_size+0xffec>
 4a8:	322e                	fld	ft4,232(sp)
 4aa:	302e                	fld	ft0,232(sp)
 4ac:	2d20                	fld	fs0,88(a0)
 4ae:	636d                	lui	t1,0x1b
 4b0:	6f6d                	lui	t5,0x1b
 4b2:	6564                	ld	s1,200(a0)
 4b4:	3d6c                	fld	fa1,248(a0)
 4b6:	656d                	lui	a0,0x1b
 4b8:	6164                	ld	s1,192(a0)
 4ba:	796e                	ld	s2,248(sp)
 4bc:	2d20                	fld	fs0,88(a0)
 4be:	746d                	lui	s0,0xffffb
 4c0:	6e75                	lui	t3,0x1d
 4c2:	3d65                	addiw	s10,s10,-7
 4c4:	6f72                	ld	t5,280(sp)
 4c6:	74656b63          	bltu	a0,t1,c1c <__stack_align+0xc0c>
 4ca:	2d20                	fld	fs0,88(a0)
 4cc:	616d                	addi	sp,sp,240
 4ce:	6962                	ld	s2,24(sp)
 4d0:	6c3d                	lui	s8,0xf
 4d2:	3670                	fld	fa2,232(a2)
 4d4:	6434                	ld	a3,72(s0)
 4d6:	2d20                	fld	fs0,88(a0)
 4d8:	696d                	lui	s2,0x1b
 4da:	732d6173          	csrrsi	sp,mhpmevent18h,26
 4de:	6570                	ld	a2,200(a0)
 4e0:	30323d63          	.insn	4, 0x30323d63
 4e4:	3931                	addiw	s2,s2,-20 # 1afec <__stack_size+0x12fec>
 4e6:	3231                	addiw	tp,tp,-20 # ffffffffffff7fec <__heap_end+0xffffffff7ffd2fec>
 4e8:	3331                	addiw	t1,t1,-20 # 1afec <__stack_size+0x12fec>
 4ea:	2d20                	fld	fs0,88(a0)
 4ec:	616d                	addi	sp,sp,240
 4ee:	6372                	ld	t1,280(sp)
 4f0:	3d68                	fld	fa0,248(a0)
 4f2:	7672                	ld	a2,312(sp)
 4f4:	3436                	fld	fs0,360(sp)
 4f6:	6d69                	lui	s10,0x1a
 4f8:	6661                	lui	a2,0x18
 4fa:	6364                	ld	s1,192(a4)
 4fc:	7a5f 6369 7273      	.insn	6, 0x727363697a5f
 502:	2d20                	fld	fs0,88(a0)
 504:	4f2d2067          	.insn	4, 0x4f2d2067
 508:	2032                	fld	ft0,264(sp)
 50a:	732d                	lui	t1,0xfffeb
 50c:	6474                	ld	a3,200(s0)
 50e:	633d                	lui	t1,0xf
 510:	3131                	addiw	sp,sp,-20
 512:	2d20                	fld	fs0,88(a0)
 514:	6e66                	ld	t3,88(sp)
 516:	6f632d6f          	jal	s10,32c0c <__heap_size+0x12c0c>
 51a:	6d6d                	lui	s10,0x1b
 51c:	2d206e6f          	jal	t3,67ee <__stack_size_min+0x7ee>
 520:	6e66                	ld	t3,88(sp)
 522:	75622d6f          	jal	s10,22c78 <__heap_size+0x2c78>
 526:	6c69                	lui	s8,0x1a
 528:	6974                	ld	a3,208(a0)
 52a:	006e                	c.slli	zero,0x1b
 52c:	5f5f 7265 6e72      	.insn	6, 0x6e7272655f5f
 532:	6f74006f          	j	41428 <__heap_size+0x21428>
 536:	6f68                	ld	a0,216(a4)
 538:	5f007473          	csrrci	s0,0x5f0,0
 53c:	7865                	lui	a6,0xffff9
 53e:	7469                	lui	s0,0xffffa
 540:	6600                	ld	s0,8(a2)
 542:	6f72                	ld	t5,280(sp)
 544:	686d                	lui	a6,0x1b
 546:	0074736f          	jal	t1,47d4c <__heap_size+0x27d4c>
 54a:	65646f63          	bltu	s0,s6,ba8 <__stack_align+0xb98>
 54e:	5f00                	lw	s0,56(a4)
 550:	755f 6e69 3674      	.insn	6, 0x36746e69755f
 556:	5f34                	lw	a3,120(a4)
 558:	0074                	addi	a3,sp,12
 55a:	5f5f 6975 5f64      	.insn	6, 0x5f6469755f5f
 560:	0074                	addi	a3,sp,12
 562:	6e5f7473          	csrrci	s0,0x6e5,30
 566:	696c                	ld	a1,208(a0)
 568:	6b6e                	ld	s6,216(sp)
 56a:	7400                	ld	s0,40(s0)
 56c:	5f76                	lw	t5,124(sp)
 56e:	736e                	ld	t1,248(sp)
 570:	6365                	lui	t1,0x19
 572:	7300                	ld	s0,32(a4)
 574:	5f74                	lw	a3,124(a4)
 576:	657a6973          	csrrsi	s2,hviprio2h,20
 57a:	7300                	ld	s0,32(a4)
 57c:	5f74                	lw	a3,124(a4)
 57e:	746d                	lui	s0,0xffffb
 580:	6d69                	lui	s10,0x1a
 582:	7300                	ld	s0,32(a4)
 584:	5f74                	lw	a3,124(a4)
 586:	6e69                	lui	t3,0x1a
 588:	7473006f          	j	314ce <__heap_size+0x114ce>
 58c:	625f 6b6c 6973      	.insn	6, 0x69736b6c625f
 592:	657a                	ld	a0,408(sp)
 594:	7300                	ld	s0,32(a4)
 596:	5f74                	lw	a3,124(a4)
 598:	72617073          	csrci	mhpmevent6h,2
 59c:	3465                	addiw	s0,s0,-7 # ffffffffffffaff9 <__heap_end+0xffffffff7ffd5ff9>
 59e:	5f00                	lw	s0,56(a4)
 5a0:	645f 7665 745f      	.insn	6, 0x745f7665645f
 5a6:	7300                	ld	s0,32(a4)
 5a8:	5f74                	lw	a3,124(a4)
 5aa:	6c62                	ld	s8,24(sp)
 5ac:	736b636f          	jal	t1,b6ce2 <__heap_size+0x96ce2>
 5b0:	7300                	ld	s0,32(a4)
 5b2:	5f74                	lw	a3,124(a4)
 5b4:	6f6d                	lui	t5,0x1b
 5b6:	6564                	ld	s1,200(a0)
 5b8:	7300                	ld	s0,32(a4)
 5ba:	5f74                	lw	a3,124(a4)
 5bc:	7461                	lui	s0,0xffff8
 5be:	6d69                	lui	s10,0x1a
 5c0:	7400                	ld	s0,40(s0)
 5c2:	6d69                	lui	s10,0x1a
 5c4:	5f65                	li	t5,-7
 5c6:	0074                	addi	a3,sp,12
 5c8:	5f5f 6c6e 6e69      	.insn	6, 0x6e696c6e5f5f
 5ce:	00745f6b          	.insn	4, 0x00745f6b
 5d2:	5f5f 6975 746e      	.insn	6, 0x746e69755f5f
 5d8:	745f3233          	.insn	4, 0x745f3233
 5dc:	7300                	ld	s0,32(a4)
 5de:	5f74                	lw	a3,124(a4)
 5e0:	6472                	ld	s0,280(sp)
 5e2:	7665                	lui	a2,0xffff9
 5e4:	5f00                	lw	s0,56(a4)
 5e6:	625f 6b6c 6973      	.insn	6, 0x69736b6c625f
 5ec:	657a                	ld	a0,408(sp)
 5ee:	745f 5f00 625f      	.insn	6, 0x625f5f00745f
 5f4:	6b6c                	ld	a1,208(a4)
 5f6:	5f746e63          	bltu	s0,s7,bf2 <__stack_align+0xbe2>
 5fa:	0074                	addi	a3,sp,12
 5fc:	635f7473          	csrrci	s0,0x635,30
 600:	6974                	ld	a3,208(a0)
 602:	006d                	c.nop	27
 604:	755f7473          	csrrci	s0,0x755,30
 608:	6469                	lui	s0,0x1a
 60a:	5f00                	lw	s0,56(a4)
 60c:	675f 6469 745f      	.insn	6, 0x745f6469675f
 612:	5f00                	lw	s0,56(a4)
 614:	6f5f 6666 745f      	.insn	6, 0x745f66666f5f
 61a:	7400                	ld	s0,40(s0)
 61c:	5f76                	lw	t5,124(sp)
 61e:	00636573          	csrrsi	a0,0x6,6
 622:	6974                	ld	a3,208(a0)
 624:	656d                	lui	a0,0x1b
 626:	63657073          	csrci	0x636,10
 62a:	5f00                	lw	s0,56(a4)
 62c:	7366                	ld	t1,120(sp)
 62e:	6174                	ld	a3,192(a0)
 630:	0074                	addi	a3,sp,12
 632:	5f5f 6f6d 6564      	.insn	6, 0x65646f6d5f5f
 638:	745f 5f00 695f      	.insn	6, 0x695f5f00745f
 63e:	6f6e                	ld	t5,216(sp)
 640:	745f 7300 5f74      	.insn	6, 0x5f747300745f
 646:	6564                	ld	s1,200(a0)
 648:	0076                	c.slli	zero,0x1d
 64a:	675f7473          	csrrci	s0,0x675,30
 64e:	6469                	lui	s0,0x1a
 650:	5f00                	lw	s0,56(a4)
 652:	70746567          	.insn	4, 0x70746567
 656:	6469                	lui	s0,0x1a
 658:	5f00                	lw	s0,56(a4)
 65a:	7369                	lui	t1,0xffffa
 65c:	7461                	lui	s0,0xffff8
 65e:	7974                	ld	a3,240(a0)
 660:	5f00                	lw	s0,56(a4)
 662:	6c6c696b          	.insn	4, 0x6c6c696b
 666:	5f00                	lw	s0,56(a4)
 668:	736c                	ld	a1,224(a4)
 66a:	6565                	lui	a0,0x19
 66c:	725f006b          	.insn	4, 0x725f006b
 670:	6165                	addi	sp,sp,112
 672:	0064                	addi	s1,sp,12
 674:	735f 6973 657a      	.insn	6, 0x657a6973735f
 67a:	745f 7000 7274      	.insn	6, 0x72747000745f
 680:	6964                	ld	s1,208(a0)
 682:	6666                	ld	a2,88(sp)
 684:	745f 5f00 685f      	.insn	6, 0x685f5f00745f
 68a:	6165                	addi	sp,sp,112
 68c:	5f70                	lw	a2,124(a4)
 68e:	6e65                	lui	t3,0x19
 690:	0064                	addi	s1,sp,12
 692:	62727563          	bgeu	tp,t2,cbc <__stack_align+0xcac>
 696:	6b72                	ld	s6,280(sp)
 698:	5f00                	lw	s0,56(a4)
 69a:	6b726273          	csrrsi	tp,0x6b7,4
 69e:	6900                	ld	s0,16(a0)
 6a0:	636e                	ld	t1,216(sp)
 6a2:	0072                	c.slli	zero,0x1c
 6a4:	62646c6f          	jal	s8,46cca <__heap_size+0x26cca>
 6a8:	6b72                	ld	s6,280(sp)
 6aa:	6e00                	ld	s0,24(a2)
 6ac:	7765                	lui	a4,0xffff9
 6ae:	7262                	ld	tp,56(sp)
 6b0:	7468006b          	.insn	4, 0x7468006b
 6b4:	6669                	lui	a2,0x1a
 6b6:	735f 7379 6163      	.insn	6, 0x61637379735f
 6bc:	6c6c                	ld	a1,216(s0)
 6be:	5f00                	lw	s0,56(a4)
 6c0:	755f 6e69 7074      	.insn	6, 0x70746e69755f
 6c6:	7274                	ld	a3,224(a2)
 6c8:	745f 5f00 7277      	.insn	6, 0x72775f00745f
 6ce:	7469                	lui	s0,0xffffa
 6d0:	0065                	c.nop	25
 6d2:	2e2e                	fld	ft8,200(sp)
 6d4:	73696d2f          	.insn	4, 0x73696d2f
 6d8:	72632f63          	.insn	4, 0x72632f63
 6dc:	3074                	fld	fa3,224(s0)
 6de:	532e                	lw	t1,232(sp)
 6e0:	2f00                	fld	fs0,24(a4)
 6e2:	6f68                	ld	a0,216(a4)
 6e4:	656d                	lui	a0,0x1b
 6e6:	6b6a682f          	.insn	4, 0x6b6a682f
 6ea:	2f6e6f77          	.insn	4, 0x2f6e6f77
 6ee:	70696863          	bltu	s2,t1,dfe <__stack_align+0xdee>
 6f2:	6179                	addi	sp,sp,464
 6f4:	6472                	ld	s0,280(sp)
 6f6:	6f6f742f          	.insn	4, 0x6f6f742f
 6fa:	636c                	ld	a1,192(a4)
 6fc:	6168                	ld	a0,192(a0)
 6fe:	6e69                	lui	t3,0x1a
 700:	696c2f73          	csrrs	t5,0x696,s8
 704:	6762                	ld	a4,24(sp)
 706:	6f6c                	ld	a1,216(a4)
 708:	622f7373          	csrrci	t1,0x622,30
 70c:	6975                	lui	s2,0x1d
 70e:	646c                	ld	a1,200(s0)
 710:	4700                	lw	s0,8(a4)
 712:	554e                	lw	a0,240(sp)
 714:	4120                	lw	s0,64(a0)
 716:	2e322053          	.insn	4, 0x2e322053
 71a:	3234                	fld	fa3,96(a2)
 71c:	2e00                	fld	fs0,24(a2)
 71e:	2f2e                	fld	ft10,200(sp)
 720:	696d                	lui	s2,0x1b
 722:	632f6373          	csrrsi	t1,0x632,30
 726:	7472                	ld	s0,312(sp)
 728:	616d                	addi	sp,sp,240
 72a:	6e69                	lui	t3,0x1a
 72c:	532e                	lw	t1,232(sp)
 72e:	6800                	ld	s0,16(s0)
 730:	6e61                	lui	t3,0x18
 732:	6c64                	ld	s1,216(s0)
 734:	5f65                	li	t5,-7
 736:	7274                	ld	a3,224(a2)
 738:	7061                	c.lui	zero,0xffff8
 73a:	6300                	ld	s0,0(a4)
 73c:	7561                	lui	a0,0xffff8
 73e:	5f006573          	csrrsi	a0,0x5f0,0
 742:	695f 746e 7470      	.insn	6, 0x7470746e695f
 748:	5f72                	lw	t5,60(sp)
 74a:	0074                	addi	a3,sp,12
 74c:	6572                	ld	a0,280(sp)
 74e:	74007367          	.insn	4, 0x74007367
 752:	6176                	ld	sp,344(sp)
 754:	006c                	addi	a1,sp,12
 756:	5f5f 6e69 7469      	.insn	6, 0x74696e695f5f
 75c:	745f 736c 5f00      	.insn	6, 0x5f00736c745f
 762:	745f 6164 6174      	.insn	6, 0x61746164745f
 768:	735f 7a69 0065      	.insn	6, 0x00657a69735f
 76e:	5f5f 6274 7373      	.insn	6, 0x737362745f5f
 774:	6f5f 6666 6573      	.insn	6, 0x657366666f5f
 77a:	0074                	addi	a3,sp,12
 77c:	5f5f 6874 6572      	.insn	6, 0x657268745f5f
 782:	6461                	lui	s0,0x18
 784:	735f 6c65 0066      	.insn	6, 0x00666c65735f
 78a:	5f5f 6274 7373      	.insn	6, 0x737362745f5f
 790:	735f 7a69 0065      	.insn	6, 0x00657a69735f
 796:	656d                	lui	a0,0x1b
 798:	636d                	lui	t1,0x1b
 79a:	7970                	ld	a2,240(a0)
 79c:	5f00                	lw	s0,56(a4)
 79e:	745f 6164 6174      	.insn	6, 0x61746164745f
 7a4:	735f 6174 7472      	.insn	6, 0x74726174735f
 7aa:	6d00                	ld	s0,24(a0)
 7ac:	6d65                	lui	s10,0x19
 7ae:	00746573          	csrrsi	a0,0x7,8
 7b2:	5f5f 616d 6e69      	.insn	6, 0x6e69616d5f5f
 7b8:	7300                	ld	s0,32(a4)
 7ba:	6970                	ld	a2,208(a0)
 7bc:	6c6e                	ld	s8,216(sp)
 7be:	5f6b636f          	jal	t1,b6db4 <__heap_size+0x96db4>
 7c2:	0074                	addi	a3,sp,12
 7c4:	5f5f 6e69 3374      	.insn	6, 0x33746e695f5f
 7ca:	5f32                	lw	t5,44(sp)
 7cc:	0074                	addi	a3,sp,12
 7ce:	7468                	ld	a0,232(s0)
 7d0:	6669                	lui	a2,0x1a
 7d2:	6c5f 636f 006b      	.insn	6, 0x006b636f6c5f
 7d8:	7461                	lui	s0,0xffff8
 7da:	63696d6f          	jal	s10,96e10 <__heap_size+0x76e10>
 7de:	735f 6177 5f70      	.insn	6, 0x5f706177735f
 7e4:	6361                	lui	t1,0x18
 7e6:	7571                	lui	a0,0xffffc
 7e8:	7269                	lui	tp,0xffffa
 7ea:	0065                	c.nop	25
 7ec:	7461                	lui	s0,0xffff8
 7ee:	63696d6f          	jal	s10,96e24 <__heap_size+0x76e24>
 7f2:	745f 6100 6f74      	.insn	6, 0x6f746100745f
 7f8:	696d                	lui	s2,0x1b
 7fa:	6f6c5f63          	bge	s8,s6,ef8 <__stack_align+0xee8>
 7fe:	6461                	lui	s0,0x18
 800:	7300                	ld	s0,32(a4)
 802:	6970                	ld	a2,208(a0)
 804:	5f6e                	lw	t5,248(sp)
 806:	6f6c                	ld	a1,216(a4)
 808:	73006b63          	bltu	zero,a6,f3e <__stack_align+0xf2e>
 80c:	6970                	ld	a2,208(a0)
 80e:	5f6e                	lw	t5,248(sp)
 810:	6e75                	lui	t3,0x1d
 812:	6f6c                	ld	a1,216(a4)
 814:	61006b63          	bltu	zero,a6,e2a <__stack_align+0xe1a>
 818:	6f74                	ld	a3,216(a4)
 81a:	696d                	lui	s2,0x1b
 81c:	6c635f63          	bge	t1,t1,efa <__stack_align+0xeea>
 820:	6165                	addi	sp,sp,112
 822:	5f72                	lw	t5,60(sp)
 824:	6572                	ld	a0,280(sp)
 826:	656c                	ld	a1,200(a0)
 828:	7361                	lui	t1,0xffff8
 82a:	0065                	c.nop	25

Disassembly of section .debug_line_str:

0000000000000000 <.debug_line_str>:
   0:	6d6f682f          	.insn	4, 0x6d6f682f
   4:	2f65                	addiw	t5,t5,25 # 1b019 <__stack_size+0x13019>
   6:	6a68                	ld	a0,208(a2)
   8:	6e6f776b          	.insn	4, 0x6e6f776b
   c:	6968632f          	.insn	4, 0x6968632f
  10:	7970                	ld	a2,240(a0)
  12:	7261                	lui	tp,0xffff8
  14:	2f64                	fld	fs1,216(a4)
  16:	656e6567          	.insn	4, 0x656e6567
  1a:	6172                	ld	sp,280(sp)
  1c:	6f74                	ld	a3,216(a4)
  1e:	7372                	ld	t1,312(sp)
  20:	6c65762f          	.insn	4, 0x6c65762f
  24:	7361                	lui	t1,0xffff8
  26:	7461                	lui	s0,0xffff8
  28:	7275                	lui	tp,0xffffd
  2a:	2f6e                	fld	ft10,216(sp)
  2c:	74666f73          	csrrsi	t5,0x746,12
  30:	65726177          	.insn	4, 0x65726177
  34:	6469702f          	.insn	4, 0x6469702f
  38:	765f 6365 6f74      	.insn	6, 0x6f746365765f
  3e:	5f72                	lw	t5,60(sp)
  40:	6c66                	ld	s8,88(sp)
  42:	5f74616f          	jal	sp,46e38 <__heap_size+0x26e38>
  46:	6974706f          	j	47edc <__heap_size+0x27edc>
  4a:	696d                	lui	s2,0x1b
  4c:	657a                	ld	a0,408(sp)
  4e:	2e64                	fld	fs1,216(a2)
  50:	682f0063          	beq	t5,sp,6d0 <__stack_align+0x6c0>
  54:	2f656d6f          	jal	s10,5634a <__heap_size+0x3634a>
  58:	6a68                	ld	a0,208(a2)
  5a:	6e6f776b          	.insn	4, 0x6e6f776b
  5e:	6968632f          	.insn	4, 0x6968632f
  62:	7970                	ld	a2,240(a0)
  64:	7261                	lui	tp,0xffff8
  66:	2f64                	fld	fs1,216(a4)
  68:	656e6567          	.insn	4, 0x656e6567
  6c:	6172                	ld	sp,280(sp)
  6e:	6f74                	ld	a3,216(a4)
  70:	7372                	ld	t1,312(sp)
  72:	6c65762f          	.insn	4, 0x6c65762f
  76:	7361                	lui	t1,0xffff8
  78:	7461                	lui	s0,0xffff8
  7a:	7275                	lui	tp,0xffffd
  7c:	2f6e                	fld	ft10,216(sp)
  7e:	74666f73          	csrrsi	t5,0x746,12
  82:	65726177          	.insn	4, 0x65726177
  86:	6975622f          	.insn	4, 0x6975622f
  8a:	646c                	ld	a1,200(s0)
  8c:	2f00                	fld	fs0,24(a4)
  8e:	6f68                	ld	a0,216(a4)
  90:	656d                	lui	a0,0x1b
  92:	6b6a682f          	.insn	4, 0x6b6a682f
  96:	2f6e6f77          	.insn	4, 0x2f6e6f77
  9a:	70696863          	bltu	s2,t1,7aa <__stack_align+0x79a>
  9e:	6179                	addi	sp,sp,464
  a0:	6472                	ld	s0,280(sp)
  a2:	6e65672f          	.insn	4, 0x6e65672f
  a6:	7265                	lui	tp,0xffff9
  a8:	7461                	lui	s0,0xffff8
  aa:	2f73726f          	jal	tp,37ba0 <__heap_size+0x17ba0>
  ae:	6576                	ld	a0,344(sp)
  b0:	616c                	ld	a1,192(a0)
  b2:	75746173          	csrrsi	sp,0x757,8
  b6:	6e72                	ld	t3,280(sp)
  b8:	666f732f          	.insn	4, 0x666f732f
  bc:	7774                	ld	a3,232(a4)
  be:	7261                	lui	tp,0xffff8
  c0:	0065                	c.nop	25
  c2:	6d6f682f          	.insn	4, 0x6d6f682f
  c6:	2f65                	addiw	t5,t5,25
  c8:	6a68                	ld	a0,208(a2)
  ca:	6e6f776b          	.insn	4, 0x6e6f776b
  ce:	6968632f          	.insn	4, 0x6968632f
  d2:	7970                	ld	a2,240(a0)
  d4:	7261                	lui	tp,0xffff8
  d6:	2f64                	fld	fs1,216(a4)
  d8:	632e                	ld	t1,200(sp)
  da:	61646e6f          	jal	t3,466f0 <__heap_size+0x266f0>
  de:	652d                	lui	a0,0xb
  e0:	766e                	ld	a2,248(sp)
  e2:	7369722f          	.insn	4, 0x7369722f
  e6:	742d7663          	bgeu	s10,sp,832 <__stack_align+0x822>
  ea:	736c6f6f          	jal	t5,c6820 <__heap_size+0xa6820>
  ee:	62696c2f          	.insn	4, 0x62696c2f
  f2:	6363672f          	.insn	4, 0x6363672f
  f6:	7369722f          	.insn	4, 0x7369722f
  fa:	34367663          	bgeu	a2,gp,446 <__stack_align+0x436>
  fe:	752d                	lui	a0,0xfffeb
 100:	6b6e                	ld	s6,216(sp)
 102:	6f6e                	ld	t5,216(sp)
 104:	652d6e77          	.insn	4, 0x652d6e77
 108:	666c                	ld	a1,200(a2)
 10a:	2e33312f          	.insn	4, 0x2e33312f
 10e:	2e32                	fld	ft8,264(sp)
 110:	2f30                	fld	fa2,88(a4)
 112:	6e69                	lui	t3,0x1a
 114:	64756c63          	bltu	a0,t2,76c <__stack_align+0x75c>
 118:	0065                	c.nop	25
 11a:	6d6f682f          	.insn	4, 0x6d6f682f
 11e:	2f65                	addiw	t5,t5,25
 120:	6a68                	ld	a0,208(a2)
 122:	6e6f776b          	.insn	4, 0x6e6f776b
 126:	6968632f          	.insn	4, 0x6968632f
 12a:	7970                	ld	a2,240(a0)
 12c:	7261                	lui	tp,0xffff8
 12e:	2f64                	fld	fs1,216(a4)
 130:	632e                	ld	t1,200(sp)
 132:	61646e6f          	jal	t3,46748 <__heap_size+0x26748>
 136:	652d                	lui	a0,0xb
 138:	766e                	ld	a2,248(sp)
 13a:	7369722f          	.insn	4, 0x7369722f
 13e:	742d7663          	bgeu	s10,sp,88a <__stack_align+0x87a>
 142:	736c6f6f          	jal	t5,c6878 <__heap_size+0xa6878>
 146:	7369722f          	.insn	4, 0x7369722f
 14a:	34367663          	bgeu	a2,gp,496 <__stack_align+0x486>
 14e:	752d                	lui	a0,0xfffeb
 150:	6b6e                	ld	s6,216(sp)
 152:	6f6e                	ld	t5,216(sp)
 154:	652d6e77          	.insn	4, 0x652d6e77
 158:	666c                	ld	a1,200(a2)
 15a:	636e692f          	.insn	4, 0x636e692f
 15e:	756c                	ld	a1,232(a0)
 160:	6564                	ld	s1,200(a0)
 162:	7300                	ld	s0,32(a4)
 164:	6474                	ld	a3,200(s0)
 166:	6564                	ld	s1,200(a0)
 168:	2e66                	fld	ft8,88(sp)
 16a:	0068                	addi	a0,sp,12
 16c:	6972                	ld	s2,280(sp)
 16e:	5f766373          	csrrsi	t1,0x5f7,12
 172:	6576                	ld	a0,344(sp)
 174:	726f7463          	bgeu	t5,t1,89c <__stack_align+0x88c>
 178:	682e                	ld	a6,200(sp)
 17a:	7300                	ld	s0,32(a4)
 17c:	6474                	ld	a3,200(s0)
 17e:	6f69                	lui	t5,0x1a
 180:	682e                	ld	a6,200(sp)
 182:	2e00                	fld	fs0,24(a2)
 184:	2f2e                	fld	ft10,200(sp)
 186:	2e2e                	fld	ft8,200(sp)
 188:	2f2e2e2f          	.insn	4, 0x2f2e2e2f
 18c:	2e2e                	fld	ft8,200(sp)
 18e:	6363672f          	.insn	4, 0x6363672f
 192:	62696c2f          	.insn	4, 0x62696c2f
 196:	2f636367          	.insn	4, 0x2f636367
 19a:	74666f73          	csrrsi	t5,0x746,12
 19e:	662d                	lui	a2,0xb
 1a0:	2f70                	fld	fa2,216(a4)
 1a2:	7274                	ld	a3,224(a2)
 1a4:	6e75                	lui	t3,0x1d
 1a6:	64667463          	bgeu	a2,t1,7ee <__stack_align+0x7de>
 1aa:	3266                	fld	ft4,120(sp)
 1ac:	632e                	ld	t1,200(sp)
 1ae:	2f00                	fld	fs0,24(a4)
 1b0:	6f68                	ld	a0,216(a4)
 1b2:	656d                	lui	a0,0x1b
 1b4:	6e6f632f          	.insn	4, 0x6e6f632f
 1b8:	6164                	ld	s1,192(a0)
 1ba:	6565662f          	.insn	4, 0x6565662f
 1be:	7364                	ld	s1,224(a4)
 1c0:	6f74                	ld	a3,216(a4)
 1c2:	725f6b63          	bltu	t5,t0,8f8 <__stack_align+0x8e8>
 1c6:	2f746f6f          	jal	t5,46cbc <__heap_size+0x26cbc>
 1ca:	7562                	ld	a0,56(sp)
 1cc:	6c69                	lui	s8,0x1a
 1ce:	5f64                	lw	s1,124(a4)
 1d0:	7261                	lui	tp,0xffff8
 1d2:	6974                	ld	a3,208(a0)
 1d4:	6166                	ld	sp,88(sp)
 1d6:	2f737463          	bgeu	t1,s7,4be <__stack_align+0x4ae>
 1da:	6972                	ld	s2,280(sp)
 1dc:	2d766373          	csrrsi	t1,0x2d7,12
 1e0:	6f74                	ld	a3,216(a4)
 1e2:	5f736c6f          	jal	s8,36fd8 <__heap_size+0x16fd8>
 1e6:	3731                	addiw	a4,a4,-20 # ffffffffffff8fec <__heap_end+0xffffffff7ffd3fec>
 1e8:	3031                	.insn	2, 0x3031
 1ea:	3931                	addiw	s2,s2,-20 # 1afec <__stack_size+0x12fec>
 1ec:	3634                	fld	fa3,104(a2)
 1ee:	3832                	fld	fa6,296(sp)
 1f0:	2f363637          	lui	a2,0x2f363
 1f4:	6b726f77          	.insn	4, 0x6b726f77
 1f8:	7369722f          	.insn	4, 0x7369722f
 1fc:	672d7663          	bgeu	s10,s2,868 <__stack_align+0x858>
 200:	756e                	ld	a0,248(sp)
 202:	742d                	lui	s0,0xfffeb
 204:	636c6f6f          	jal	t5,c683a <__heap_size+0xa683a>
 208:	6168                	ld	a0,192(a0)
 20a:	6e69                	lui	t3,0x1a
 20c:	6975622f          	.insn	4, 0x6975622f
 210:	646c                	ld	a1,200(s0)
 212:	6975622f          	.insn	4, 0x6975622f
 216:	646c                	ld	a1,200(s0)
 218:	672d                	lui	a4,0xb
 21a:	6e2d6363          	bltu	s10,sp,900 <__stack_align+0x8f0>
 21e:	7765                	lui	a4,0xffff9
 220:	696c                	ld	a1,208(a0)
 222:	2d62                	fld	fs10,24(sp)
 224:	67617473          	csrrci	s0,0x676,2
 228:	3265                	addiw	tp,tp,-7 # ffffffffffff7ff9 <__heap_end+0xffffffff7ffd2ff9>
 22a:	7369722f          	.insn	4, 0x7369722f
 22e:	34367663          	bgeu	a2,gp,57a <__stack_align+0x56a>
 232:	752d                	lui	a0,0xfffeb
 234:	6b6e                	ld	s6,216(sp)
 236:	6f6e                	ld	t5,216(sp)
 238:	652d6e77          	.insn	4, 0x652d6e77
 23c:	666c                	ld	a1,200(a2)
 23e:	62696c2f          	.insn	4, 0x62696c2f
 242:	00636367          	.insn	4, 0x00636367
 246:	2e2e                	fld	ft8,200(sp)
 248:	2f2e2e2f          	.insn	4, 0x2f2e2e2f
 24c:	2e2e                	fld	ft8,200(sp)
 24e:	2f2e2e2f          	.insn	4, 0x2f2e2e2f
 252:	2f636367          	.insn	4, 0x2f636367
 256:	696c                	ld	a1,208(a0)
 258:	6762                	ld	a4,24(sp)
 25a:	732f6363          	bltu	t5,s2,980 <__stack_align+0x970>
 25e:	2d74666f          	jal	a2,46d34 <__heap_size+0x26d34>
 262:	7066                	.insn	2, 0x7066
 264:	6400                	ld	s0,8(s0)
 266:	6c62756f          	jal	a0,2792c <__heap_size+0x792c>
 26a:	2e65                	addiw	t3,t3,25 # 1a019 <__stack_size+0x12019>
 26c:	0068                	addi	a0,sp,12
 26e:	7571                	lui	a0,0xffffc
 270:	6461                	lui	s0,0x18
 272:	682e                	ld	a6,200(sp)
 274:	2f00                	fld	fs0,24(a4)
 276:	6f68                	ld	a0,216(a4)
 278:	656d                	lui	a0,0x1b
 27a:	6b6a682f          	.insn	4, 0x6b6a682f
 27e:	2f6e6f77          	.insn	4, 0x2f6e6f77
 282:	70696863          	bltu	s2,t1,992 <__stack_align+0x982>
 286:	6179                	addi	sp,sp,464
 288:	6472                	ld	s0,280(sp)
 28a:	6f6f742f          	.insn	4, 0x6f6f742f
 28e:	636c                	ld	a1,192(a4)
 290:	6168                	ld	a0,192(a0)
 292:	6e69                	lui	t3,0x1a
 294:	696c2f73          	csrrs	t5,0x696,s8
 298:	6762                	ld	a4,24(sp)
 29a:	6f6c                	ld	a1,216(a4)
 29c:	622f7373          	csrrci	t1,0x622,30
 2a0:	6975                	lui	s2,0x1d
 2a2:	646c                	ld	a1,200(s0)
 2a4:	2e00                	fld	fs0,24(a2)
 2a6:	2f2e                	fld	ft10,200(sp)
 2a8:	2f737973          	csrrci	s2,0x2f7,6
 2ac:	736f6c63          	bltu	t5,s6,9e4 <__stack_align+0x9d4>
 2b0:	2e65                	addiw	t3,t3,25 # 1a019 <__stack_size+0x12019>
 2b2:	2e2e0063          	beq	t3,sp,592 <__stack_align+0x582>
 2b6:	7379732f          	.insn	4, 0x7379732f
 2ba:	2f00                	fld	fs0,24(a4)
 2bc:	6f68                	ld	a0,216(a4)
 2be:	656d                	lui	a0,0x1b
 2c0:	6b6a682f          	.insn	4, 0x6b6a682f
 2c4:	2f6e6f77          	.insn	4, 0x2f6e6f77
 2c8:	70696863          	bltu	s2,t1,9d8 <__stack_align+0x9c8>
 2cc:	6179                	addi	sp,sp,464
 2ce:	6472                	ld	s0,280(sp)
 2d0:	6f632e2f          	.insn	4, 0x6f632e2f
 2d4:	646e                	ld	s0,216(sp)
 2d6:	2d61                	addiw	s10,s10,24 # 19018 <__stack_size+0x11018>
 2d8:	6e65                	lui	t3,0x19
 2da:	2f76                	fld	ft10,344(sp)
 2dc:	6972                	ld	s2,280(sp)
 2de:	2d766373          	csrrsi	t1,0x2d7,12
 2e2:	6f74                	ld	a3,216(a4)
 2e4:	2f736c6f          	jal	s8,36dda <__heap_size+0x16dda>
 2e8:	6972                	ld	s2,280(sp)
 2ea:	36766373          	csrrsi	t1,0x367,12
 2ee:	2d34                	fld	fa3,88(a0)
 2f0:	6e75                	lui	t3,0x1d
 2f2:	776f6e6b          	.insn	4, 0x776f6e6b
 2f6:	2d6e                	fld	fs10,216(sp)
 2f8:	6c65                	lui	s8,0x19
 2fa:	2f66                	fld	ft10,88(sp)
 2fc:	6e69                	lui	t3,0x1a
 2fe:	64756c63          	bltu	a0,t2,956 <__stack_align+0x946>
 302:	2f65                	addiw	t5,t5,25 # 1a019 <__stack_size+0x12019>
 304:	00737973          	csrrci	s2,0x7,6
 308:	7265                	lui	tp,0xffff9
 30a:	6e72                	ld	t3,280(sp)
 30c:	00682e6f          	jal	t3,82312 <__heap_size+0x62312>
 310:	2e2e                	fld	ft8,200(sp)
 312:	7379732f          	.insn	4, 0x7379732f
 316:	6978652f          	.insn	4, 0x6978652f
 31a:	2e74                	fld	fa3,216(a2)
 31c:	682f0063          	beq	t5,sp,99c <__stack_align+0x98c>
 320:	2f656d6f          	jal	s10,56616 <__heap_size+0x36616>
 324:	6a68                	ld	a0,208(a2)
 326:	6e6f776b          	.insn	4, 0x6e6f776b
 32a:	6968632f          	.insn	4, 0x6968632f
 32e:	7970                	ld	a2,240(a0)
 330:	7261                	lui	tp,0xffff8
 332:	2f64                	fld	fs1,216(a4)
 334:	632e                	ld	t1,200(sp)
 336:	61646e6f          	jal	t3,4694c <__heap_size+0x2694c>
 33a:	652d                	lui	a0,0xb
 33c:	766e                	ld	a2,248(sp)
 33e:	7369722f          	.insn	4, 0x7369722f
 342:	742d7663          	bgeu	s10,sp,a8e <__stack_align+0xa7e>
 346:	736c6f6f          	jal	t5,c6a7c <__heap_size+0xa6a7c>
 34a:	7369722f          	.insn	4, 0x7369722f
 34e:	34367663          	bgeu	a2,gp,69a <__stack_align+0x68a>
 352:	752d                	lui	a0,0xfffeb
 354:	6b6e                	ld	s6,216(sp)
 356:	6f6e                	ld	t5,216(sp)
 358:	652d6e77          	.insn	4, 0x652d6e77
 35c:	666c                	ld	a1,200(a2)
 35e:	636e692f          	.insn	4, 0x636e692f
 362:	756c                	ld	a1,232(a0)
 364:	6564                	ld	s1,200(a0)
 366:	63616d2f          	.insn	4, 0x63616d2f
 36a:	6968                	ld	a0,208(a0)
 36c:	656e                	ld	a0,216(sp)
 36e:	2e00                	fld	fs0,24(a2)
 370:	2f2e                	fld	ft10,200(sp)
 372:	6e69                	lui	t3,0x1a
 374:	64756c63          	bltu	a0,t2,9cc <__stack_align+0x9bc>
 378:	0065                	c.nop	25
 37a:	645f 6665 7561      	.insn	6, 0x75616665645f
 380:	746c                	ld	a1,232(s0)
 382:	745f 7079 7365      	.insn	6, 0x73657079745f
 388:	682e                	ld	a6,200(sp)
 38a:	5f00                	lw	s0,56(a4)
 38c:	69647473          	csrrci	s0,0x696,8
 390:	746e                	ld	s0,248(sp)
 392:	682e                	ld	a6,200(sp)
 394:	6800                	ld	s0,16(s0)
 396:	6974                	ld	a3,208(a0)
 398:	2e66                	fld	ft8,88(sp)
 39a:	0068                	addi	a0,sp,12
 39c:	2e2e                	fld	ft8,200(sp)
 39e:	7379732f          	.insn	4, 0x7379732f
 3a2:	7473662f          	.insn	4, 0x7473662f
 3a6:	7461                	lui	s0,0xffff8
 3a8:	632e                	ld	t1,200(sp)
 3aa:	5f00                	lw	s0,56(a4)
 3ac:	6974                	ld	a3,208(a0)
 3ae:	656d                	lui	a0,0x1b
 3b0:	63657073          	csrci	0x636,10
 3b4:	682e                	ld	a6,200(sp)
 3b6:	7300                	ld	s0,32(a4)
 3b8:	6174                	ld	a3,192(a0)
 3ba:	2e74                	fld	fa3,216(a2)
 3bc:	0068                	addi	a0,sp,12
 3be:	2e2e                	fld	ft8,200(sp)
 3c0:	7379732f          	.insn	4, 0x7379732f
 3c4:	7465672f          	.insn	4, 0x7465672f
 3c8:	6970                	ld	a2,208(a0)
 3ca:	2e64                	fld	fs1,216(a2)
 3cc:	2e2e0063          	beq	t3,sp,6ac <__stack_align+0x69c>
 3d0:	7379732f          	.insn	4, 0x7379732f
 3d4:	6173692f          	.insn	4, 0x6173692f
 3d8:	7474                	ld	a3,232(s0)
 3da:	2e79                	addiw	t3,t3,30 # 1a01e <__stack_size+0x1201e>
 3dc:	2e2e0063          	beq	t3,sp,6bc <__stack_align+0x6ac>
 3e0:	7379732f          	.insn	4, 0x7379732f
 3e4:	6c696b2f          	.insn	4, 0x6c696b2f
 3e8:	2e6c                	fld	fa1,216(a2)
 3ea:	2e2e0063          	beq	t3,sp,6ca <__stack_align+0x6ba>
 3ee:	7379732f          	.insn	4, 0x7379732f
 3f2:	65736c2f          	.insn	4, 0x65736c2f
 3f6:	6b65                	lui	s6,0x19
 3f8:	632e                	ld	t1,200(sp)
 3fa:	2e00                	fld	fs0,24(a2)
 3fc:	2f2e                	fld	ft10,200(sp)
 3fe:	2f737973          	csrrci	s2,0x2f7,6
 402:	6572                	ld	a0,280(sp)
 404:	6461                	lui	s0,0x18
 406:	632e                	ld	t1,200(sp)
 408:	2e00                	fld	fs0,24(a2)
 40a:	2f2e                	fld	ft10,200(sp)
 40c:	2f737973          	csrrci	s2,0x2f7,6
 410:	6b726273          	csrrsi	tp,0x6b7,4
 414:	632e                	ld	t1,200(sp)
 416:	2e00                	fld	fs0,24(a2)
 418:	2f2e                	fld	ft10,200(sp)
 41a:	2f737973          	csrrci	s2,0x2f7,6
 41e:	74697277          	.insn	4, 0x74697277
 422:	2e65                	addiw	t3,t3,25
 424:	2e2e0063          	beq	t3,sp,704 <__stack_align+0x6f4>
 428:	73696d2f          	.insn	4, 0x73696d2f
 42c:	72630063          	beq	t1,t1,b4c <__stack_align+0xb3c>
 430:	3074                	fld	fa3,224(s0)
 432:	532e                	lw	t1,232(sp)
 434:	6300                	ld	s0,0(a4)
 436:	7472                	ld	s0,312(sp)
 438:	616d                	addi	sp,sp,240
 43a:	6e69                	lui	t3,0x1a
 43c:	532e                	lw	t1,232(sp)
 43e:	2e00                	fld	fs0,24(a2)
 440:	2f2e                	fld	ft10,200(sp)
 442:	696d                	lui	s2,0x1b
 444:	742f6373          	csrrsi	t1,0x742,30
 448:	6172                	ld	sp,280(sp)
 44a:	7370                	ld	a2,224(a4)
 44c:	632e                	ld	t1,200(sp)
 44e:	7300                	ld	s0,32(a4)
 450:	7379                	lui	t1,0xffffe
 452:	6c6c6163          	bltu	s8,t1,b14 <__stack_align+0xb04>
 456:	682e                	ld	a6,200(sp)
 458:	2e00                	fld	fs0,24(a2)
 45a:	2f2e                	fld	ft10,200(sp)
 45c:	696d                	lui	s2,0x1b
 45e:	742f6373          	csrrsi	t1,0x742,30
 462:	736c                	ld	a1,224(a4)
 464:	632e                	ld	t1,200(sp)
 466:	7300                	ld	s0,32(a4)
 468:	7274                	ld	a3,224(a2)
 46a:	6e69                	lui	t3,0x1a
 46c:	00682e67          	.insn	4, 0x00682e67
 470:	2e2e                	fld	ft8,200(sp)
 472:	73696d2f          	.insn	4, 0x73696d2f
 476:	616d2f63          	.insn	4, 0x616d2f63
 47a:	6e69                	lui	t3,0x1a
 47c:	632e                	ld	t1,200(sp)
 47e:	2e00                	fld	fs0,24(a2)
 480:	2f2e                	fld	ft10,200(sp)
 482:	696d                	lui	s2,0x1b
 484:	682f6373          	csrrsi	t1,0x682,30
 488:	6974                	ld	a3,208(a0)
 48a:	2e66                	fld	ft8,88(sp)
 48c:	74610063          	beq	sp,t1,bcc <__stack_align+0xbbc>
 490:	63696d6f          	jal	s10,96ac6 <__heap_size+0x76ac6>
 494:	682e                	ld	a6,200(sp)
 496:	7300                	ld	s0,32(a4)
 498:	6970                	ld	a2,208(a0)
 49a:	6c6e                	ld	s8,216(sp)
 49c:	2e6b636f          	jal	t1,b6782 <__heap_size+0x96782>
 4a0:	0068                	addi	a0,sp,12

Disassembly of section .comment:

0000000000000000 <.comment>:
   0:	3a434347          	fmsub.d	ft6,ft6,ft4,ft7,rmm
   4:	2820                	fld	fs0,80(s0)
   6:	39386367          	.insn	4, 0x39386367
   a:	6431                	lui	s0,0xc
   c:	6438                	ld	a4,72(s0)
   e:	65333263          	.insn	4, 0x65333263
  12:	2029                	.insn	2, 0x2029
  14:	3331                	addiw	t1,t1,-20 # ffffffffffffdfec <__heap_end+0xffffffff7ffd8fec>
  16:	322e                	fld	ft4,232(sp)
  18:	302e                	fld	ft0,232(sp)
  1a:	4700                	lw	s0,8(a4)
  1c:	203a4343          	fmadd.s	ft6,fs4,ft3,ft4,rmm
  20:	4728                	lw	a0,72(a4)
  22:	554e                	lw	a0,240(sp)
  24:	2029                	.insn	2, 0x2029
  26:	3331                	addiw	t1,t1,-20
  28:	322e                	fld	ft4,232(sp)
  2a:	302e                	fld	ft0,232(sp)
	...

Disassembly of section .riscv.attributes:

0000000000000000 <.riscv.attributes>:
   0:	a041                	j	80 <__stack_align+0x70>
   2:	0000                	unimp
   4:	7200                	ld	s0,32(a2)
   6:	7369                	lui	t1,0xffffa
   8:	01007663          	bgeu	zero,a6,14 <__stack_align+0x4>
   c:	0096                	slli	ra,ra,0x5
   e:	0000                	unimp
  10:	1004                	addi	s1,sp,32
  12:	7205                	lui	tp,0xfffe1
  14:	3676                	fld	fa2,376(sp)
  16:	6934                	ld	a3,80(a0)
  18:	7032                	.insn	2, 0x7032
  1a:	5f31                	li	t5,-20
  1c:	326d                	addiw	tp,tp,-5 # fffffffffffe0ffb <__heap_end+0xffffffff7ffbbffb>
  1e:	3070                	fld	fa2,224(s0)
  20:	615f 7032 5f31      	.insn	6, 0x5f317032615f
  26:	3266                	fld	ft4,120(sp)
  28:	3270                	fld	fa2,224(a2)
  2a:	645f 7032 5f32      	.insn	6, 0x5f327032645f
  30:	30703263          	.insn	4, 0x30703263
  34:	765f 7031 5f30      	.insn	6, 0x5f307031765f
  3a:	697a                	ld	s2,408(sp)
  3c:	32727363          	bgeu	tp,t2,362 <__stack_align+0x352>
  40:	3070                	fld	fa2,224(s0)
  42:	7a5f 6d6d 6c75      	.insn	6, 0x6c756d6d7a5f
  48:	7031                	c.lui	zero,0xfffec
  4a:	5f30                	lw	a2,120(a4)
  4c:	767a                	ld	a2,440(sp)
  4e:	3365                	addiw	t1,t1,-7 # ffffffffffff9ff9 <__heap_end+0xffffffff7ffd4ff9>
  50:	6632                	ld	a2,264(sp)
  52:	7031                	c.lui	zero,0xfffec
  54:	5f30                	lw	a2,120(a4)
  56:	767a                	ld	a2,440(sp)
  58:	3365                	addiw	t1,t1,-7
  5a:	7832                	ld	a6,296(sp)
  5c:	7031                	c.lui	zero,0xfffec
  5e:	5f30                	lw	a2,120(a4)
  60:	767a                	ld	a2,440(sp)
  62:	3665                	addiw	a2,a2,-7 # 2f362ff9 <__heap_size+0x2f342ff9>
  64:	6434                	ld	a3,72(s0)
  66:	7031                	c.lui	zero,0xfffec
  68:	5f30                	lw	a2,120(a4)
  6a:	767a                	ld	a2,440(sp)
  6c:	3665                	addiw	a2,a2,-7
  6e:	6634                	ld	a3,72(a2)
  70:	7031                	c.lui	zero,0xfffec
  72:	5f30                	lw	a2,120(a4)
  74:	767a                	ld	a2,440(sp)
  76:	3665                	addiw	a2,a2,-7
  78:	7834                	ld	a3,112(s0)
  7a:	7031                	c.lui	zero,0xfffec
  7c:	5f30                	lw	a2,120(a4)
  7e:	767a                	ld	a2,440(sp)
  80:	316c                	fld	fa1,224(a0)
  82:	3832                	fld	fa6,296(sp)
  84:	3162                	fld	ft2,56(sp)
  86:	3070                	fld	fa2,224(s0)
  88:	7a5f 6c76 3233      	.insn	6, 0x32336c767a5f
  8e:	3162                	fld	ft2,56(sp)
  90:	3070                	fld	fa2,224(s0)
  92:	7a5f 6c76 3436      	.insn	6, 0x34366c767a5f
  98:	3162                	fld	ft2,56(sp)
  9a:	3070                	fld	fa2,224(s0)
  9c:	0800                	addi	s0,sp,16
  9e:	0a01                	addi	s4,s4,0 # fffffffffffe0000 <__heap_end+0xffffffff7ffbb000>
  a0:	Address 0xa0 is out of bounds.


Disassembly of section .debug_frame:

0000000000000000 <.debug_frame>:
   0:	000c                	.insn	2, 0x000c
   2:	0000                	unimp
   4:	ffff                	.insn	2, 0xffff
   6:	ffff                	.insn	2, 0xffff
   8:	7c010003          	lb	zero,1984(sp)
   c:	0d01                	addi	s10,s10,0
   e:	0002                	c.slli64	zero
  10:	0034                	addi	a3,sp,8
  12:	0000                	unimp
  14:	0000                	unimp
  16:	0000                	unimp
  18:	0230                	addi	a2,sp,264
  1a:	8000                	.insn	2, 0x8000
  1c:	0000                	unimp
  1e:	0000                	unimp
  20:	01f4                	addi	a3,sp,204
  22:	0000                	unimp
  24:	0000                	unimp
  26:	0000                	unimp
  28:	0e44                	addi	s1,sp,788
  2a:	02b0                	addi	a2,sp,328
  2c:	8154                	.insn	2, 0x8154
  2e:	8802                	jr	a6
  30:	8904                	.insn	2, 0x8904
  32:	9206                	add	tp,tp,ra
  34:	9308                	.insn	2, 0x9308
  36:	030a                	slli	t1,t1,0x2
  38:	01c0                	addi	s0,sp,196
  3a:	44c1                	li	s1,16
  3c:	44c8                	lw	a0,12(s1)
  3e:	44c9                	li	s1,18
  40:	44d2                	lw	s1,20(sp)
  42:	000e48d3          	fadd.s	fa7,ft8,ft0,rmm
  46:	0000                	unimp
  48:	000c                	.insn	2, 0x000c
  4a:	0000                	unimp
  4c:	ffff                	.insn	2, 0xffff
  4e:	ffff                	.insn	2, 0xffff
  50:	7c010003          	lb	zero,1984(sp)
  54:	0d01                	addi	s10,s10,0
  56:	0002                	c.slli64	zero
  58:	0014                	.insn	2, 0x0014
  5a:	0000                	unimp
  5c:	0048                	addi	a0,sp,4
  5e:	0000                	unimp
  60:	3c64                	fld	fs1,248(s0)
  62:	8000                	.insn	2, 0x8000
  64:	0000                	unimp
  66:	0000                	unimp
  68:	0220                	addi	s0,sp,264
  6a:	0000                	unimp
  6c:	0000                	unimp
  6e:	0000                	unimp
  70:	000c                	.insn	2, 0x000c
  72:	0000                	unimp
  74:	ffff                	.insn	2, 0xffff
  76:	ffff                	.insn	2, 0xffff
  78:	7c010003          	lb	zero,1984(sp)
  7c:	0d01                	addi	s10,s10,0
  7e:	0002                	c.slli64	zero
  80:	0024                	addi	s1,sp,8
  82:	0000                	unimp
  84:	0070                	addi	a2,sp,12
  86:	0000                	unimp
  88:	3e84                	fld	fs1,56(a3)
  8a:	8000                	.insn	2, 0x8000
  8c:	0000                	unimp
  8e:	0000                	unimp
  90:	0014                	.insn	2, 0x0014
  92:	0000                	unimp
  94:	0000                	unimp
  96:	0000                	unimp
  98:	0e42                	slli	t3,t3,0x10
  9a:	4210                	lw	a2,0(a2)
  9c:	0281                	addi	t0,t0,0
  9e:	c146                	sw	a7,128(sp)
  a0:	0e48                	addi	a0,sp,788
  a2:	0000                	unimp
  a4:	0000                	unimp
  a6:	0000                	unimp
  a8:	000c                	.insn	2, 0x000c
  aa:	0000                	unimp
  ac:	ffff                	.insn	2, 0xffff
  ae:	ffff                	.insn	2, 0xffff
  b0:	7c010003          	lb	zero,1984(sp)
  b4:	0d01                	addi	s10,s10,0
  b6:	0002                	c.slli64	zero
  b8:	0014                	.insn	2, 0x0014
  ba:	0000                	unimp
  bc:	00a8                	addi	a0,sp,72
  be:	0000                	unimp
  c0:	3e98                	fld	fa4,56(a3)
  c2:	8000                	.insn	2, 0x8000
  c4:	0000                	unimp
  c6:	0000                	unimp
  c8:	0022                	c.slli	zero,0x8
  ca:	0000                	unimp
  cc:	0000                	unimp
  ce:	0000                	unimp
  d0:	000c                	.insn	2, 0x000c
  d2:	0000                	unimp
  d4:	ffff                	.insn	2, 0xffff
  d6:	ffff                	.insn	2, 0xffff
  d8:	7c010003          	lb	zero,1984(sp)
  dc:	0d01                	addi	s10,s10,0
  de:	0002                	c.slli64	zero
  e0:	0024                	addi	s1,sp,8
  e2:	0000                	unimp
  e4:	00d0                	addi	a2,sp,68
  e6:	0000                	unimp
  e8:	3eba                	fld	ft9,424(sp)
  ea:	8000                	.insn	2, 0x8000
  ec:	0000                	unimp
  ee:	0000                	unimp
  f0:	0014                	.insn	2, 0x0014
  f2:	0000                	unimp
  f4:	0000                	unimp
  f6:	0000                	unimp
  f8:	0e42                	slli	t3,t3,0x10
  fa:	4210                	lw	a2,0(a2)
  fc:	0281                	addi	t0,t0,0
  fe:	c146                	sw	a7,128(sp)
 100:	0e48                	addi	a0,sp,788
 102:	0000                	unimp
 104:	0000                	unimp
 106:	0000                	unimp
 108:	000c                	.insn	2, 0x000c
 10a:	0000                	unimp
 10c:	ffff                	.insn	2, 0xffff
 10e:	ffff                	.insn	2, 0xffff
 110:	7c010003          	lb	zero,1984(sp)
 114:	0d01                	addi	s10,s10,0
 116:	0002                	c.slli64	zero
 118:	0014                	.insn	2, 0x0014
 11a:	0000                	unimp
 11c:	0108                	addi	a0,sp,128
 11e:	0000                	unimp
 120:	3ece                	fld	ft9,240(sp)
 122:	8000                	.insn	2, 0x8000
 124:	0000                	unimp
 126:	0000                	unimp
 128:	0004                	.insn	2, 0x0004
 12a:	0000                	unimp
 12c:	0000                	unimp
 12e:	0000                	unimp
 130:	000c                	.insn	2, 0x000c
 132:	0000                	unimp
 134:	ffff                	.insn	2, 0xffff
 136:	ffff                	.insn	2, 0xffff
 138:	7c010003          	lb	zero,1984(sp)
 13c:	0d01                	addi	s10,s10,0
 13e:	0002                	c.slli64	zero
 140:	0014                	.insn	2, 0x0014
 142:	0000                	unimp
 144:	0130                	addi	a2,sp,136
 146:	0000                	unimp
 148:	3ed2                	fld	ft9,304(sp)
 14a:	8000                	.insn	2, 0x8000
 14c:	0000                	unimp
 14e:	0000                	unimp
 150:	0008                	.insn	2, 0x0008
 152:	0000                	unimp
 154:	0000                	unimp
 156:	0000                	unimp
 158:	000c                	.insn	2, 0x000c
 15a:	0000                	unimp
 15c:	ffff                	.insn	2, 0xffff
 15e:	ffff                	.insn	2, 0xffff
 160:	7c010003          	lb	zero,1984(sp)
 164:	0d01                	addi	s10,s10,0
 166:	0002                	c.slli64	zero
 168:	0024                	addi	s1,sp,8
 16a:	0000                	unimp
 16c:	0158                	addi	a4,sp,132
 16e:	0000                	unimp
 170:	3eda                	fld	ft9,432(sp)
 172:	8000                	.insn	2, 0x8000
 174:	0000                	unimp
 176:	0000                	unimp
 178:	0014                	.insn	2, 0x0014
 17a:	0000                	unimp
 17c:	0000                	unimp
 17e:	0000                	unimp
 180:	0e42                	slli	t3,t3,0x10
 182:	4210                	lw	a2,0(a2)
 184:	0281                	addi	t0,t0,0
 186:	c146                	sw	a7,128(sp)
 188:	0e48                	addi	a0,sp,788
 18a:	0000                	unimp
 18c:	0000                	unimp
 18e:	0000                	unimp
 190:	000c                	.insn	2, 0x000c
 192:	0000                	unimp
 194:	ffff                	.insn	2, 0xffff
 196:	ffff                	.insn	2, 0xffff
 198:	7c010003          	lb	zero,1984(sp)
 19c:	0d01                	addi	s10,s10,0
 19e:	0002                	c.slli64	zero
 1a0:	0024                	addi	s1,sp,8
 1a2:	0000                	unimp
 1a4:	0190                	addi	a2,sp,192
 1a6:	0000                	unimp
 1a8:	3eee                	fld	ft9,248(sp)
 1aa:	8000                	.insn	2, 0x8000
 1ac:	0000                	unimp
 1ae:	0000                	unimp
 1b0:	0014                	.insn	2, 0x0014
 1b2:	0000                	unimp
 1b4:	0000                	unimp
 1b6:	0000                	unimp
 1b8:	0e42                	slli	t3,t3,0x10
 1ba:	4210                	lw	a2,0(a2)
 1bc:	0281                	addi	t0,t0,0
 1be:	c146                	sw	a7,128(sp)
 1c0:	0e48                	addi	a0,sp,788
 1c2:	0000                	unimp
 1c4:	0000                	unimp
 1c6:	0000                	unimp
 1c8:	000c                	.insn	2, 0x000c
 1ca:	0000                	unimp
 1cc:	ffff                	.insn	2, 0xffff
 1ce:	ffff                	.insn	2, 0xffff
 1d0:	7c010003          	lb	zero,1984(sp)
 1d4:	0d01                	addi	s10,s10,0
 1d6:	0002                	c.slli64	zero
 1d8:	0024                	addi	s1,sp,8
 1da:	0000                	unimp
 1dc:	01c8                	addi	a0,sp,196
 1de:	0000                	unimp
 1e0:	3f02                	fld	ft10,32(sp)
 1e2:	8000                	.insn	2, 0x8000
 1e4:	0000                	unimp
 1e6:	0000                	unimp
 1e8:	0016                	c.slli	zero,0x5
 1ea:	0000                	unimp
 1ec:	0000                	unimp
 1ee:	0000                	unimp
 1f0:	0e42                	slli	t3,t3,0x10
 1f2:	4210                	lw	a2,0(a2)
 1f4:	0281                	addi	t0,t0,0
 1f6:	c146                	sw	a7,128(sp)
 1f8:	0e4a                	slli	t3,t3,0x12
 1fa:	0000                	unimp
 1fc:	0000                	unimp
 1fe:	0000                	unimp
 200:	000c                	.insn	2, 0x000c
 202:	0000                	unimp
 204:	ffff                	.insn	2, 0xffff
 206:	ffff                	.insn	2, 0xffff
 208:	7c010003          	lb	zero,1984(sp)
 20c:	0d01                	addi	s10,s10,0
 20e:	0002                	c.slli64	zero
 210:	0024                	addi	s1,sp,8
 212:	0000                	unimp
 214:	0200                	addi	s0,sp,256
 216:	0000                	unimp
 218:	3f18                	fld	fa4,56(a4)
 21a:	8000                	.insn	2, 0x8000
 21c:	0000                	unimp
 21e:	0000                	unimp
 220:	003c                	addi	a5,sp,8
 222:	0000                	unimp
 224:	0000                	unimp
 226:	0000                	unimp
 228:	0e68                	addi	a0,sp,796
 22a:	4210                	lw	a2,0(a2)
 22c:	0281                	addi	t0,t0,0
 22e:	c146                	sw	a7,128(sp)
 230:	0e4a                	slli	t3,t3,0x12
 232:	0000                	unimp
 234:	0000                	unimp
 236:	0000                	unimp
 238:	000c                	.insn	2, 0x000c
 23a:	0000                	unimp
 23c:	ffff                	.insn	2, 0xffff
 23e:	ffff                	.insn	2, 0xffff
 240:	7c010003          	lb	zero,1984(sp)
 244:	0d01                	addi	s10,s10,0
 246:	0002                	c.slli64	zero
 248:	0014                	.insn	2, 0x0014
 24a:	0000                	unimp
 24c:	0238                	addi	a4,sp,264
 24e:	0000                	unimp
 250:	3f54                	fld	fa3,184(a4)
 252:	8000                	.insn	2, 0x8000
 254:	0000                	unimp
 256:	0000                	unimp
 258:	0006                	c.slli	zero,0x1
 25a:	0000                	unimp
 25c:	0000                	unimp
 25e:	0000                	unimp
 260:	000c                	.insn	2, 0x000c
 262:	0000                	unimp
 264:	ffff                	.insn	2, 0xffff
 266:	ffff                	.insn	2, 0xffff
 268:	7c010003          	lb	zero,1984(sp)
 26c:	0d01                	addi	s10,s10,0
 26e:	0002                	c.slli64	zero
 270:	001c                	.insn	2, 0x001c
 272:	0000                	unimp
 274:	0260                	addi	s0,sp,268
 276:	0000                	unimp
 278:	3f5a                	fld	ft10,432(sp)
 27a:	8000                	.insn	2, 0x8000
 27c:	0000                	unimp
 27e:	0000                	unimp
 280:	0016                	c.slli	zero,0x5
 282:	0000                	unimp
 284:	0000                	unimp
 286:	0000                	unimp
 288:	0e42                	slli	t3,t3,0x10
 28a:	4610                	lw	a2,8(a2)
 28c:	0281                	addi	t0,t0,0
 28e:	0000                	unimp
 290:	000c                	.insn	2, 0x000c
 292:	0000                	unimp
 294:	ffff                	.insn	2, 0xffff
 296:	ffff                	.insn	2, 0xffff
 298:	7c010003          	lb	zero,1984(sp)
 29c:	0d01                	addi	s10,s10,0
 29e:	0002                	c.slli64	zero
 2a0:	0024                	addi	s1,sp,8
 2a2:	0000                	unimp
 2a4:	0290                	addi	a2,sp,320
 2a6:	0000                	unimp
 2a8:	3f70                	fld	fa2,248(a4)
 2aa:	8000                	.insn	2, 0x8000
 2ac:	0000                	unimp
 2ae:	0000                	unimp
 2b0:	0030                	addi	a2,sp,8
 2b2:	0000                	unimp
 2b4:	0000                	unimp
 2b6:	0000                	unimp
 2b8:	0e42                	slli	t3,t3,0x10
 2ba:	5210                	lw	a2,32(a2)
 2bc:	0488                	addi	a0,sp,576
 2be:	0281                	addi	t0,t0,0
 2c0:	c84e                	sw	s3,16(sp)
 2c2:	c142                	sw	a6,128(sp)
 2c4:	0e48                	addi	a0,sp,788
 2c6:	0000                	unimp
 2c8:	000c                	.insn	2, 0x000c
 2ca:	0000                	unimp
 2cc:	ffff                	.insn	2, 0xffff
 2ce:	ffff                	.insn	2, 0xffff
 2d0:	7c010003          	lb	zero,1984(sp)
 2d4:	0d01                	addi	s10,s10,0
 2d6:	0002                	c.slli64	zero
 2d8:	0014                	.insn	2, 0x0014
 2da:	0000                	unimp
 2dc:	02c8                	addi	a0,sp,324
 2de:	0000                	unimp
 2e0:	3fa0                	fld	fs0,120(a5)
 2e2:	8000                	.insn	2, 0x8000
 2e4:	0000                	unimp
 2e6:	0000                	unimp
 2e8:	0006                	c.slli	zero,0x1
 2ea:	0000                	unimp
 2ec:	0000                	unimp
 2ee:	0000                	unimp
 2f0:	000c                	.insn	2, 0x000c
 2f2:	0000                	unimp
 2f4:	ffff                	.insn	2, 0xffff
 2f6:	ffff                	.insn	2, 0xffff
 2f8:	7c010003          	lb	zero,1984(sp)
 2fc:	0d01                	addi	s10,s10,0
 2fe:	0002                	c.slli64	zero
 300:	001c                	.insn	2, 0x001c
 302:	0000                	unimp
 304:	02f0                	addi	a2,sp,332
 306:	0000                	unimp
 308:	3fa6                	fld	ft11,104(sp)
 30a:	8000                	.insn	2, 0x8000
 30c:	0000                	unimp
 30e:	0000                	unimp
 310:	004c                	addi	a1,sp,4
 312:	0000                	unimp
 314:	0000                	unimp
 316:	0000                	unimp
 318:	0e42                	slli	t3,t3,0x10
 31a:	0240                	addi	s0,sp,260
 31c:	0e48                	addi	a0,sp,788
	...
