
/home/hjkwon/chipyard/generators/velasaturn/software/build/pid_scalar_float_optimized.riscv:     file format elf64-littleriscv


Disassembly of section .text:

0000000080000000 <_start>:
    80000000:	4081                	li	ra,0
    80000002:	4101                	li	sp,0
    80000004:	4181                	li	gp,0
    80000006:	4201                	li	tp,0
    80000008:	4281                	li	t0,0
    8000000a:	4301                	li	t1,0
    8000000c:	4381                	li	t2,0
    8000000e:	4401                	li	s0,0
    80000010:	4481                	li	s1,0
    80000012:	4501                	li	a0,0
    80000014:	4581                	li	a1,0
    80000016:	4601                	li	a2,0
    80000018:	4681                	li	a3,0
    8000001a:	4701                	li	a4,0
    8000001c:	4781                	li	a5,0
    8000001e:	4801                	li	a6,0
    80000020:	4881                	li	a7,0
    80000022:	4901                	li	s2,0
    80000024:	4981                	li	s3,0
    80000026:	4a01                	li	s4,0
    80000028:	4a81                	li	s5,0
    8000002a:	4b01                	li	s6,0
    8000002c:	4b81                	li	s7,0
    8000002e:	4c01                	li	s8,0
    80000030:	4c81                	li	s9,0
    80000032:	4d01                	li	s10,0
    80000034:	4d81                	li	s11,0
    80000036:	4e01                	li	t3,0
    80000038:	4e81                	li	t4,0
    8000003a:	4f01                	li	t5,0
    8000003c:	4f81                	li	t6,0
    8000003e:	62f9                	lui	t0,0x1e
    80000040:	6002829b          	addiw	t0,t0,1536 # 1e600 <__stack_size+0x16600>
    80000044:	3002a073          	csrs	mstatus,t0
    80000048:	00000297          	auipc	t0,0x0
    8000004c:	09028293          	addi	t0,t0,144 # 800000d8 <_start+0xd8>
    80000050:	30529073          	csrw	mtvec,t0
    80000054:	00301073          	fscsr	zero
    80000058:	f0000053          	fmv.w.x	ft0,zero
    8000005c:	f00000d3          	fmv.w.x	ft1,zero
    80000060:	f0000153          	fmv.w.x	ft2,zero
    80000064:	f00001d3          	fmv.w.x	ft3,zero
    80000068:	f0000253          	fmv.w.x	ft4,zero
    8000006c:	f00002d3          	fmv.w.x	ft5,zero
    80000070:	f0000353          	fmv.w.x	ft6,zero
    80000074:	f00003d3          	fmv.w.x	ft7,zero
    80000078:	f0000453          	fmv.w.x	fs0,zero
    8000007c:	f00004d3          	fmv.w.x	fs1,zero
    80000080:	f0000553          	fmv.w.x	fa0,zero
    80000084:	f00005d3          	fmv.w.x	fa1,zero
    80000088:	f0000653          	fmv.w.x	fa2,zero
    8000008c:	f00006d3          	fmv.w.x	fa3,zero
    80000090:	f0000753          	fmv.w.x	fa4,zero
    80000094:	f00007d3          	fmv.w.x	fa5,zero
    80000098:	f0000853          	fmv.w.x	fa6,zero
    8000009c:	f00008d3          	fmv.w.x	fa7,zero
    800000a0:	f0000953          	fmv.w.x	fs2,zero
    800000a4:	f00009d3          	fmv.w.x	fs3,zero
    800000a8:	f0000a53          	fmv.w.x	fs4,zero
    800000ac:	f0000ad3          	fmv.w.x	fs5,zero
    800000b0:	f0000b53          	fmv.w.x	fs6,zero
    800000b4:	f0000bd3          	fmv.w.x	fs7,zero
    800000b8:	f0000c53          	fmv.w.x	fs8,zero
    800000bc:	f0000cd3          	fmv.w.x	fs9,zero
    800000c0:	f0000d53          	fmv.w.x	fs10,zero
    800000c4:	f0000dd3          	fmv.w.x	fs11,zero
    800000c8:	f0000e53          	fmv.w.x	ft8,zero
    800000cc:	f0000ed3          	fmv.w.x	ft9,zero
    800000d0:	f0000f53          	fmv.w.x	ft10,zero
    800000d4:	f0000fd3          	fmv.w.x	ft11,zero
    800000d8:	00005197          	auipc	gp,0x5
    800000dc:	08818193          	addi	gp,gp,136 # 80005160 <__global_pointer$>
    800000e0:	f1402473          	csrr	s0,mhartid
    800000e4:	00f00293          	li	t0,15
    800000e8:	00025217          	auipc	tp,0x25
    800000ec:	f1820213          	addi	tp,tp,-232 # 80025000 <__heap_end>
    800000f0:	005412b3          	sll	t0,s0,t0
    800000f4:	9216                	add	tp,tp,t0
    800000f6:	62a1                	lui	t0,0x8
    800000f8:	00028293          	mv	t0,t0
    800000fc:	00520133          	add	sp,tp,t0
    80000100:	00000297          	auipc	t0,0x0
    80000104:	04428293          	addi	t0,t0,68 # 80000144 <trap_entry>
    80000108:	30529073          	csrw	mtvec,t0
    8000010c:	559030ef          	jal	80003e64 <__init_tls>
    80000110:	00000293          	li	t0,0
    80000114:	00540463          	beq	s0,t0,8000011c <_start+0x11c>
    80000118:	0f60006f          	j	8000020e <_start_secondary>
    8000011c:	87818293          	addi	t0,gp,-1928 # 800049d8 <end>
    80000120:	bf018313          	addi	t1,gp,-1040 # 80004d50 <_end>
    80000124:	0062f763          	bgeu	t0,t1,80000132 <_start+0x132>
    80000128:	0002b023          	sd	zero,0(t0)
    8000012c:	02a1                	addi	t0,t0,8
    8000012e:	fe62ede3          	bltu	t0,t1,80000128 <_start+0x128>
    80000132:	00004517          	auipc	a0,0x4
    80000136:	e4c50513          	addi	a0,a0,-436 # 80003f7e <__libc_fini_array>
    8000013a:	5ad030ef          	jal	80003ee6 <atexit>
    8000013e:	5e3030ef          	jal	80003f20 <__libc_init_array>
    80000142:	a075                	j	800001ee <_start_main>

0000000080000144 <trap_entry>:
    80000144:	34011073          	csrw	mscratch,sp
    80000148:	7111                	addi	sp,sp,-256
    8000014a:	e406                	sd	ra,8(sp)
    8000014c:	340020f3          	csrr	ra,mscratch
    80000150:	e806                	sd	ra,16(sp)
    80000152:	ec0e                	sd	gp,24(sp)
    80000154:	f012                	sd	tp,32(sp)
    80000156:	f416                	sd	t0,40(sp)
    80000158:	f81a                	sd	t1,48(sp)
    8000015a:	fc1e                	sd	t2,56(sp)
    8000015c:	e0a2                	sd	s0,64(sp)
    8000015e:	e4a6                	sd	s1,72(sp)
    80000160:	e8aa                	sd	a0,80(sp)
    80000162:	ecae                	sd	a1,88(sp)
    80000164:	f0b2                	sd	a2,96(sp)
    80000166:	f4b6                	sd	a3,104(sp)
    80000168:	f8ba                	sd	a4,112(sp)
    8000016a:	fcbe                	sd	a5,120(sp)
    8000016c:	e142                	sd	a6,128(sp)
    8000016e:	e546                	sd	a7,136(sp)
    80000170:	e94a                	sd	s2,144(sp)
    80000172:	ed4e                	sd	s3,152(sp)
    80000174:	f152                	sd	s4,160(sp)
    80000176:	f556                	sd	s5,168(sp)
    80000178:	f95a                	sd	s6,176(sp)
    8000017a:	fd5e                	sd	s7,184(sp)
    8000017c:	e1e2                	sd	s8,192(sp)
    8000017e:	e5e6                	sd	s9,200(sp)
    80000180:	e9ea                	sd	s10,208(sp)
    80000182:	edee                	sd	s11,216(sp)
    80000184:	f1f2                	sd	t3,224(sp)
    80000186:	f5f6                	sd	t4,232(sp)
    80000188:	f9fa                	sd	t5,240(sp)
    8000018a:	fdfe                	sd	t6,248(sp)
    8000018c:	34102573          	csrr	a0,mepc
    80000190:	342025f3          	csrr	a1,mcause
    80000194:	34302673          	csrr	a2,mtval
    80000198:	868a                	mv	a3,sp
    8000019a:	4b5030ef          	jal	80003e4e <handle_trap>
    8000019e:	34151073          	csrw	mepc,a0
    800001a2:	6289                	lui	t0,0x2
    800001a4:	8002829b          	addiw	t0,t0,-2048 # 1800 <__stack_align+0x17f0>
    800001a8:	3002a073          	csrs	mstatus,t0
    800001ac:	60a2                	ld	ra,8(sp)
    800001ae:	61e2                	ld	gp,24(sp)
    800001b0:	7202                	ld	tp,32(sp)
    800001b2:	72a2                	ld	t0,40(sp)
    800001b4:	7342                	ld	t1,48(sp)
    800001b6:	73e2                	ld	t2,56(sp)
    800001b8:	6406                	ld	s0,64(sp)
    800001ba:	64a6                	ld	s1,72(sp)
    800001bc:	6546                	ld	a0,80(sp)
    800001be:	65e6                	ld	a1,88(sp)
    800001c0:	7606                	ld	a2,96(sp)
    800001c2:	76a6                	ld	a3,104(sp)
    800001c4:	7746                	ld	a4,112(sp)
    800001c6:	77e6                	ld	a5,120(sp)
    800001c8:	680a                	ld	a6,128(sp)
    800001ca:	68aa                	ld	a7,136(sp)
    800001cc:	694a                	ld	s2,144(sp)
    800001ce:	69ea                	ld	s3,152(sp)
    800001d0:	7a0a                	ld	s4,160(sp)
    800001d2:	7aaa                	ld	s5,168(sp)
    800001d4:	7b4a                	ld	s6,176(sp)
    800001d6:	7bea                	ld	s7,184(sp)
    800001d8:	6c0e                	ld	s8,192(sp)
    800001da:	6cae                	ld	s9,200(sp)
    800001dc:	6d4e                	ld	s10,208(sp)
    800001de:	6dee                	ld	s11,216(sp)
    800001e0:	7e0e                	ld	t3,224(sp)
    800001e2:	7eae                	ld	t4,232(sp)
    800001e4:	7f4e                	ld	t5,240(sp)
    800001e6:	7fee                	ld	t6,248(sp)
    800001e8:	6142                	ld	sp,16(sp)
    800001ea:	30200073          	mret

00000000800001ee <_start_main>:
    800001ee:	52fd                	li	t0,-1
    800001f0:	0110000f          	fence	w,w
    800001f4:	ac51a823          	sw	t0,-1328(gp) # 80004c30 <__boot_sync>
    800001f8:	4505                	li	a0,1
    800001fa:	00004597          	auipc	a1,0x4
    800001fe:	4be58593          	addi	a1,a1,1214 # 800046b8 <argv>
    80000202:	8101b603          	ld	a2,-2032(gp) # 80004970 <environ>
    80000206:	02a000ef          	jal	80000230 <main>
    8000020a:	4e70306f          	j	80003ef0 <exit>

000000008000020e <_start_secondary>:
    8000020e:	ad01a283          	lw	t0,-1328(gp) # 80004c30 <__boot_sync>
    80000212:	fe028ee3          	beqz	t0,8000020e <_start_secondary>
    80000216:	0220000f          	fence	r,r
    8000021a:	4505                	li	a0,1
    8000021c:	00004597          	auipc	a1,0x4
    80000220:	49c58593          	addi	a1,a1,1180 # 800046b8 <argv>
    80000224:	8101b603          	ld	a2,-2032(gp) # 80004970 <environ>
    80000228:	46d030ef          	jal	80003e94 <__main>
    8000022c:	4c50306f          	j	80003ef0 <exit>

0000000080000230 <main>:
    80000230:	ef010113          	addi	sp,sp,-272
    80000234:	10113423          	sd	ra,264(sp)
    80000238:	00004797          	auipc	a5,0x4
    8000023c:	0f878793          	addi	a5,a5,248 # 80004330 <__tbss_end+0x23e>
    80000240:	00010713          	mv	a4,sp
    80000244:	00004517          	auipc	a0,0x4
    80000248:	1ec50513          	addi	a0,a0,492 # 80004430 <__tbss_end+0x33e>
    8000024c:	0007b683          	ld	a3,0(a5)
    80000250:	0087b583          	ld	a1,8(a5)
    80000254:	0107b603          	ld	a2,16(a5)
    80000258:	00d73023          	sd	a3,0(a4)
    8000025c:	0187b683          	ld	a3,24(a5)
    80000260:	00b73423          	sd	a1,8(a4)
    80000264:	00c73823          	sd	a2,16(a4)
    80000268:	00d73c23          	sd	a3,24(a4)
    8000026c:	02078793          	addi	a5,a5,32
    80000270:	02070713          	addi	a4,a4,32
    80000274:	fca79ce3          	bne	a5,a0,8000024c <main+0x1c>
    80000278:	c00027f3          	rdcycle	a5
    8000027c:	87c18613          	addi	a2,gp,-1924 # 800049dc <start>
    80000280:	00f62023          	sw	a5,0(a2)
    80000284:	00000713          	li	a4,0
    80000288:	00004797          	auipc	a5,0x4
    8000028c:	7487a007          	flw	ft0,1864(a5) # 800049d0 <__atexit_dummy+0x58>
    80000290:	00800693          	li	a3,8
    80000294:	00571793          	slli	a5,a4,0x5
    80000298:	10078793          	addi	a5,a5,256
    8000029c:	002787b3          	add	a5,a5,sp
    800002a0:	f007a787          	flw	fa5,-256(a5)
    800002a4:	f047a607          	flw	fa2,-252(a5)
    800002a8:	f147a687          	flw	fa3,-236(a5)
    800002ac:	f187a707          	flw	fa4,-232(a5)
    800002b0:	08c7f7d3          	fsub.s	fa5,fa5,fa2
    800002b4:	f087a587          	flw	fa1,-248(a5)
    800002b8:	f0c7a507          	flw	fa0,-244(a5)
    800002bc:	f107a607          	flw	fa2,-240(a5)
    800002c0:	0017071b          	addiw	a4,a4,1
    800002c4:	08e7f753          	fsub.s	fa4,fa5,fa4
    800002c8:	6807f6c3          	fmadd.s	fa3,fa5,ft0,fa3
    800002cc:	18077753          	fdiv.s	fa4,fa4,ft0
    800002d0:	10d57553          	fmul.s	fa0,fa0,fa3
    800002d4:	f0d7aa27          	fsw	fa3,-236(a5)
    800002d8:	f0f7ac27          	fsw	fa5,-232(a5)
    800002dc:	50f5f7c3          	fmadd.s	fa5,fa1,fa5,fa0
    800002e0:	78e677c3          	fmadd.s	fa5,fa2,fa4,fa5
    800002e4:	f0f7ae27          	fsw	fa5,-228(a5)
    800002e8:	fad716e3          	bne	a4,a3,80000294 <main+0x64>
    800002ec:	c00027f3          	rdcycle	a5
    800002f0:	00062583          	lw	a1,0(a2)
    800002f4:	00004517          	auipc	a0,0x4
    800002f8:	e0450513          	addi	a0,a0,-508 # 800040f8 <__tbss_end+0x6>
    800002fc:	86f1ac23          	sw	a5,-1928(gp) # 800049d8 <end>
    80000300:	40b785bb          	subw	a1,a5,a1
    80000304:	1f3000ef          	jal	80000cf6 <iprintf>
    80000308:	10813083          	ld	ra,264(sp)
    8000030c:	00000513          	li	a0,0
    80000310:	11010113          	addi	sp,sp,272
    80000314:	00008067          	ret

0000000080000318 <__cvt>:
    80000318:	715d                	addi	sp,sp,-80
    8000031a:	e0a2                	sd	s0,64(sp)
    8000031c:	e2050453          	fmv.x.d	s0,fa0
    80000320:	fc26                	sd	s1,56(sp)
    80000322:	f44e                	sd	s3,40(sp)
    80000324:	f052                	sd	s4,32(sp)
    80000326:	ec56                	sd	s5,24(sp)
    80000328:	e486                	sd	ra,72(sp)
    8000032a:	f84a                	sd	s2,48(sp)
    8000032c:	89ba                	mv	s3,a4
    8000032e:	84ae                	mv	s1,a1
    80000330:	8a32                	mv	s4,a2
    80000332:	8ac2                	mv	s5,a6
    80000334:	4701                	li	a4,0
    80000336:	00045863          	bgez	s0,80000346 <__cvt+0x2e>
    8000033a:	22a517d3          	fneg.d	fa5,fa0
    8000033e:	02d00713          	li	a4,45
    80000342:	e2078453          	fmv.x.d	s0,fa5
    80000346:	fdf7f913          	andi	s2,a5,-33
    8000034a:	00e68023          	sb	a4,0(a3)
    8000034e:	04600793          	li	a5,70
    80000352:	458d                	li	a1,3
    80000354:	00f90863          	beq	s2,a5,80000364 <__cvt+0x4c>
    80000358:	04500793          	li	a5,69
    8000035c:	4589                	li	a1,2
    8000035e:	00f91363          	bne	s2,a5,80000364 <__cvt+0x4c>
    80000362:	2485                	addiw	s1,s1,1
    80000364:	f2040553          	fmv.d.x	fa0,s0
    80000368:	003c                	addi	a5,sp,8
    8000036a:	0058                	addi	a4,sp,4
    8000036c:	86ce                	mv	a3,s3
    8000036e:	8626                	mv	a2,s1
    80000370:	347000ef          	jal	80000eb6 <_dtoa_r>
    80000374:	04700793          	li	a5,71
    80000378:	02f91563          	bne	s2,a5,800003a2 <__cvt+0x8a>
    8000037c:	001a7a13          	andi	s4,s4,1
    80000380:	009507b3          	add	a5,a0,s1
    80000384:	040a1963          	bnez	s4,800003d6 <__cvt+0xbe>
    80000388:	67a2                	ld	a5,8(sp)
    8000038a:	60a6                	ld	ra,72(sp)
    8000038c:	6406                	ld	s0,64(sp)
    8000038e:	8f89                	sub	a5,a5,a0
    80000390:	00faa023          	sw	a5,0(s5)
    80000394:	74e2                	ld	s1,56(sp)
    80000396:	7942                	ld	s2,48(sp)
    80000398:	79a2                	ld	s3,40(sp)
    8000039a:	7a02                	ld	s4,32(sp)
    8000039c:	6ae2                	ld	s5,24(sp)
    8000039e:	6161                	addi	sp,sp,80
    800003a0:	8082                	ret
    800003a2:	04600713          	li	a4,70
    800003a6:	009507b3          	add	a5,a0,s1
    800003aa:	02e91663          	bne	s2,a4,800003d6 <__cvt+0xbe>
    800003ae:	00054683          	lbu	a3,0(a0)
    800003b2:	03000713          	li	a4,48
    800003b6:	00e69d63          	bne	a3,a4,800003d0 <__cvt+0xb8>
    800003ba:	f20007d3          	fmv.d.x	fa5,zero
    800003be:	f2040753          	fmv.d.x	fa4,s0
    800003c2:	a2f72753          	feq.d	a4,fa4,fa5
    800003c6:	e709                	bnez	a4,800003d0 <__cvt+0xb8>
    800003c8:	4705                	li	a4,1
    800003ca:	9f05                	subw	a4,a4,s1
    800003cc:	00e9a023          	sw	a4,0(s3)
    800003d0:	0009a703          	lw	a4,0(s3)
    800003d4:	97ba                	add	a5,a5,a4
    800003d6:	f20007d3          	fmv.d.x	fa5,zero
    800003da:	f2040753          	fmv.d.x	fa4,s0
    800003de:	a2f72753          	feq.d	a4,fa4,fa5
    800003e2:	c311                	beqz	a4,800003e6 <__cvt+0xce>
    800003e4:	e43e                	sd	a5,8(sp)
    800003e6:	03000693          	li	a3,48
    800003ea:	6722                	ld	a4,8(sp)
    800003ec:	f8f77ee3          	bgeu	a4,a5,80000388 <__cvt+0x70>
    800003f0:	00170613          	addi	a2,a4,1
    800003f4:	e432                	sd	a2,8(sp)
    800003f6:	00d70023          	sb	a3,0(a4)
    800003fa:	bfc5                	j	800003ea <__cvt+0xd2>

00000000800003fc <__exponent>:
    800003fc:	00c50023          	sb	a2,0(a0)
    80000400:	02b00793          	li	a5,43
    80000404:	0005d663          	bgez	a1,80000410 <__exponent+0x14>
    80000408:	40b005bb          	negw	a1,a1
    8000040c:	02d00793          	li	a5,45
    80000410:	00f500a3          	sb	a5,1(a0)
    80000414:	47a5                	li	a5,9
    80000416:	06b7d563          	bge	a5,a1,80000480 <__exponent+0x84>
    8000041a:	1141                	addi	sp,sp,-16
    8000041c:	00f10713          	addi	a4,sp,15
    80000420:	883a                	mv	a6,a4
    80000422:	48a9                	li	a7,10
    80000424:	06300313          	li	t1,99
    80000428:	0315e7bb          	remw	a5,a1,a7
    8000042c:	86ba                	mv	a3,a4
    8000042e:	177d                	addi	a4,a4,-1
    80000430:	0307879b          	addiw	a5,a5,48
    80000434:	fef68fa3          	sb	a5,-1(a3)
    80000438:	87ae                	mv	a5,a1
    8000043a:	0315c5bb          	divw	a1,a1,a7
    8000043e:	862e                	mv	a2,a1
    80000440:	fef344e3          	blt	t1,a5,80000428 <__exponent+0x2c>
    80000444:	0306061b          	addiw	a2,a2,48
    80000448:	00250793          	addi	a5,a0,2
    8000044c:	ffe68593          	addi	a1,a3,-2
    80000450:	fec70fa3          	sb	a2,-1(a4)
    80000454:	872e                	mv	a4,a1
    80000456:	863e                	mv	a2,a5
    80000458:	01076d63          	bltu	a4,a6,80000472 <__exponent+0x76>
    8000045c:	4701                	li	a4,0
    8000045e:	00b86563          	bltu	a6,a1,80000468 <__exponent+0x6c>
    80000462:	01110713          	addi	a4,sp,17
    80000466:	8f15                	sub	a4,a4,a3
    80000468:	97ba                	add	a5,a5,a4
    8000046a:	40a7853b          	subw	a0,a5,a0
    8000046e:	0141                	addi	sp,sp,16
    80000470:	8082                	ret
    80000472:	00074883          	lbu	a7,0(a4)
    80000476:	0705                	addi	a4,a4,1
    80000478:	0605                	addi	a2,a2,1
    8000047a:	ff160fa3          	sb	a7,-1(a2)
    8000047e:	bfe9                	j	80000458 <__exponent+0x5c>
    80000480:	03000793          	li	a5,48
    80000484:	00f50123          	sb	a5,2(a0)
    80000488:	0305859b          	addiw	a1,a1,48
    8000048c:	00450793          	addi	a5,a0,4
    80000490:	00b501a3          	sb	a1,3(a0)
    80000494:	40a7853b          	subw	a0,a5,a0
    80000498:	8082                	ret

000000008000049a <_printf_float>:
    8000049a:	7175                	addi	sp,sp,-144
    8000049c:	e506                	sd	ra,136(sp)
    8000049e:	e122                	sd	s0,128(sp)
    800004a0:	f4ce                	sd	s3,104(sp)
    800004a2:	842e                	mv	s0,a1
    800004a4:	f0d2                	sd	s4,96(sp)
    800004a6:	ecd6                	sd	s5,88(sp)
    800004a8:	8a3a                	mv	s4,a4
    800004aa:	e8da                	sd	s6,80(sp)
    800004ac:	e4de                	sd	s7,72(sp)
    800004ae:	e0e2                	sd	s8,64(sp)
    800004b0:	e432                	sd	a2,8(sp)
    800004b2:	89b6                	mv	s3,a3
    800004b4:	fca6                	sd	s1,120(sp)
    800004b6:	f8ca                	sd	s2,112(sp)
    800004b8:	fc66                	sd	s9,56(sp)
    800004ba:	f86a                	sd	s10,48(sp)
    800004bc:	f46e                	sd	s11,40(sp)
    800004be:	e02a                	sd	a0,0(sp)
    800004c0:	085000ef          	jal	80000d44 <_localeconv_r>
    800004c4:	00053c03          	ld	s8,0(a0)
    800004c8:	8562                	mv	a0,s8
    800004ca:	08f000ef          	jal	80000d58 <strlen>
    800004ce:	00042b03          	lw	s6,0(s0)
    800004d2:	cc02                	sw	zero,24(sp)
    800004d4:	01844a83          	lbu	s5,24(s0)
    800004d8:	100b7713          	andi	a4,s6,256
    800004dc:	000a3783          	ld	a5,0(s4)
    800004e0:	8baa                	mv	s7,a0
    800004e2:	c755                	beqz	a4,8000058e <_printf_float+0xf4>
    800004e4:	07bd                	addi	a5,a5,15
    800004e6:	9bc1                	andi	a5,a5,-16
    800004e8:	6388                	ld	a0,0(a5)
    800004ea:	678c                	ld	a1,8(a5)
    800004ec:	01078713          	addi	a4,a5,16
    800004f0:	00ea3023          	sd	a4,0(s4)
    800004f4:	664030ef          	jal	80003b58 <__trunctfdf2>
    800004f8:	e2050353          	fmv.x.d	t1,fa0
    800004fc:	00004797          	auipc	a5,0x4
    80000500:	4847b707          	fld	fa4,1156(a5) # 80004980 <__atexit_dummy+0x8>
    80000504:	04643423          	sd	t1,72(s0)
    80000508:	00102773          	frflags	a4
    8000050c:	f20307d3          	fmv.d.x	fa5,t1
    80000510:	22f7a7d3          	fabs.d	fa5,fa5
    80000514:	a2f717d3          	flt.d	a5,fa4,fa5
    80000518:	00171073          	fsflags	a4
    8000051c:	c3c1                	beqz	a5,8000059c <_printf_float+0x102>
    8000051e:	f20007d3          	fmv.d.x	fa5,zero
    80000522:	f2030753          	fmv.d.x	fa4,t1
    80000526:	a2f717d3          	flt.d	a5,fa4,fa5
    8000052a:	c789                	beqz	a5,80000534 <_printf_float+0x9a>
    8000052c:	02d00793          	li	a5,45
    80000530:	04f401a3          	sb	a5,67(s0)
    80000534:	04700793          	li	a5,71
    80000538:	00004a17          	auipc	s4,0x4
    8000053c:	bd8a0a13          	addi	s4,s4,-1064 # 80004110 <__tbss_end+0x1e>
    80000540:	0157e663          	bltu	a5,s5,8000054c <_printf_float+0xb2>
    80000544:	00004a17          	auipc	s4,0x4
    80000548:	bc4a0a13          	addi	s4,s4,-1084 # 80004108 <__tbss_end+0x16>
    8000054c:	ffbb7b13          	andi	s6,s6,-5
    80000550:	478d                	li	a5,3
    80000552:	01642023          	sw	s6,0(s0)
    80000556:	c81c                	sw	a5,16(s0)
    80000558:	4b01                	li	s6,0
    8000055a:	66a2                	ld	a3,8(sp)
    8000055c:	6502                	ld	a0,0(sp)
    8000055e:	874e                	mv	a4,s3
    80000560:	0870                	addi	a2,sp,28
    80000562:	85a2                	mv	a1,s0
    80000564:	3c8000ef          	jal	8000092c <_printf_common>
    80000568:	5cfd                	li	s9,-1
    8000056a:	15951b63          	bne	a0,s9,800006c0 <_printf_float+0x226>
    8000056e:	557d                	li	a0,-1
    80000570:	60aa                	ld	ra,136(sp)
    80000572:	640a                	ld	s0,128(sp)
    80000574:	74e6                	ld	s1,120(sp)
    80000576:	7946                	ld	s2,112(sp)
    80000578:	79a6                	ld	s3,104(sp)
    8000057a:	7a06                	ld	s4,96(sp)
    8000057c:	6ae6                	ld	s5,88(sp)
    8000057e:	6b46                	ld	s6,80(sp)
    80000580:	6ba6                	ld	s7,72(sp)
    80000582:	6c06                	ld	s8,64(sp)
    80000584:	7ce2                	ld	s9,56(sp)
    80000586:	7d42                	ld	s10,48(sp)
    80000588:	7da2                	ld	s11,40(sp)
    8000058a:	6149                	addi	sp,sp,144
    8000058c:	8082                	ret
    8000058e:	00878713          	addi	a4,a5,8
    80000592:	0007b303          	ld	t1,0(a5)
    80000596:	00ea3023          	sd	a4,0(s4)
    8000059a:	b78d                	j	800004fc <_printf_float+0x62>
    8000059c:	f20307d3          	fmv.d.x	fa5,t1
    800005a0:	a2f7a7d3          	feq.d	a5,fa5,fa5
    800005a4:	e785                	bnez	a5,800005cc <_printf_float+0x132>
    800005a6:	00035663          	bgez	t1,800005b2 <_printf_float+0x118>
    800005aa:	02d00793          	li	a5,45
    800005ae:	04f401a3          	sb	a5,67(s0)
    800005b2:	04700793          	li	a5,71
    800005b6:	00004a17          	auipc	s4,0x4
    800005ba:	b6aa0a13          	addi	s4,s4,-1174 # 80004120 <__tbss_end+0x2e>
    800005be:	f957e7e3          	bltu	a5,s5,8000054c <_printf_float+0xb2>
    800005c2:	00004a17          	auipc	s4,0x4
    800005c6:	b56a0a13          	addi	s4,s4,-1194 # 80004118 <__tbss_end+0x26>
    800005ca:	b749                	j	8000054c <_printf_float+0xb2>
    800005cc:	405c                	lw	a5,4(s0)
    800005ce:	577d                	li	a4,-1
    800005d0:	0dfafc93          	andi	s9,s5,223
    800005d4:	06e79f63          	bne	a5,a4,80000652 <_printf_float+0x1b8>
    800005d8:	4799                	li	a5,6
    800005da:	c05c                	sw	a5,4(s0)
    800005dc:	404c                	lw	a1,4(s0)
    800005de:	f2030553          	fmv.d.x	fa0,t1
    800005e2:	6502                	ld	a0,0(sp)
    800005e4:	400b6613          	ori	a2,s6,1024
    800005e8:	87d6                	mv	a5,s5
    800005ea:	c010                	sw	a2,0(s0)
    800005ec:	4881                	li	a7,0
    800005ee:	01810813          	addi	a6,sp,24
    800005f2:	0858                	addi	a4,sp,20
    800005f4:	01310693          	addi	a3,sp,19
    800005f8:	d21ff0ef          	jal	80000318 <__cvt>
    800005fc:	04700793          	li	a5,71
    80000600:	45d2                	lw	a1,20(sp)
    80000602:	8a2a                	mv	s4,a0
    80000604:	04fc9e63          	bne	s9,a5,80000660 <_printf_float+0x1c6>
    80000608:	57f5                	li	a5,-3
    8000060a:	00f5c563          	blt	a1,a5,80000614 <_printf_float+0x17a>
    8000060e:	405c                	lw	a5,4(s0)
    80000610:	08b7d563          	bge	a5,a1,8000069a <_printf_float+0x200>
    80000614:	3af9                	addiw	s5,s5,-2
    80000616:	0ffafa93          	zext.b	s5,s5
    8000061a:	35fd                	addiw	a1,a1,-1
    8000061c:	8656                	mv	a2,s5
    8000061e:	05040513          	addi	a0,s0,80
    80000622:	ca2e                	sw	a1,20(sp)
    80000624:	dd9ff0ef          	jal	800003fc <__exponent>
    80000628:	4762                	lw	a4,24(sp)
    8000062a:	4685                	li	a3,1
    8000062c:	8b2a                	mv	s6,a0
    8000062e:	00a707bb          	addw	a5,a4,a0
    80000632:	c81c                	sw	a5,16(s0)
    80000634:	00e6c563          	blt	a3,a4,8000063e <_printf_float+0x1a4>
    80000638:	4018                	lw	a4,0(s0)
    8000063a:	8b05                	andi	a4,a4,1
    8000063c:	c319                	beqz	a4,80000642 <_printf_float+0x1a8>
    8000063e:	2785                	addiw	a5,a5,1
    80000640:	c81c                	sw	a5,16(s0)
    80000642:	01314783          	lbu	a5,19(sp)
    80000646:	db91                	beqz	a5,8000055a <_printf_float+0xc0>
    80000648:	02d00793          	li	a5,45
    8000064c:	04f401a3          	sb	a5,67(s0)
    80000650:	b729                	j	8000055a <_printf_float+0xc0>
    80000652:	04700713          	li	a4,71
    80000656:	f8ec93e3          	bne	s9,a4,800005dc <_printf_float+0x142>
    8000065a:	f3c9                	bnez	a5,800005dc <_printf_float+0x142>
    8000065c:	4785                	li	a5,1
    8000065e:	bfb5                	j	800005da <_printf_float+0x140>
    80000660:	06500793          	li	a5,101
    80000664:	fb57fbe3          	bgeu	a5,s5,8000061a <_printf_float+0x180>
    80000668:	06600793          	li	a5,102
    8000066c:	02fa9963          	bne	s5,a5,8000069e <_printf_float+0x204>
    80000670:	6018                	ld	a4,0(s0)
    80000672:	57fd                	li	a5,-1
    80000674:	1782                	slli	a5,a5,0x20
    80000676:	0785                	addi	a5,a5,1
    80000678:	8f7d                	and	a4,a4,a5
    8000067a:	00b05b63          	blez	a1,80000690 <_printf_float+0x1f6>
    8000067e:	c80c                	sw	a1,16(s0)
    80000680:	c709                	beqz	a4,8000068a <_printf_float+0x1f0>
    80000682:	405c                	lw	a5,4(s0)
    80000684:	2785                	addiw	a5,a5,1
    80000686:	9fad                	addw	a5,a5,a1
    80000688:	c81c                	sw	a5,16(s0)
    8000068a:	cc2c                	sw	a1,88(s0)
    8000068c:	4b01                	li	s6,0
    8000068e:	bf55                	j	80000642 <_printf_float+0x1a8>
    80000690:	4785                	li	a5,1
    80000692:	db7d                	beqz	a4,80000688 <_printf_float+0x1ee>
    80000694:	405c                	lw	a5,4(s0)
    80000696:	2789                	addiw	a5,a5,2
    80000698:	bfc5                	j	80000688 <_printf_float+0x1ee>
    8000069a:	06700a93          	li	s5,103
    8000069e:	47e2                	lw	a5,24(sp)
    800006a0:	00f5c963          	blt	a1,a5,800006b2 <_printf_float+0x218>
    800006a4:	401c                	lw	a5,0(s0)
    800006a6:	c80c                	sw	a1,16(s0)
    800006a8:	8b85                	andi	a5,a5,1
    800006aa:	d3e5                	beqz	a5,8000068a <_printf_float+0x1f0>
    800006ac:	0015879b          	addiw	a5,a1,1
    800006b0:	bfe1                	j	80000688 <_printf_float+0x1ee>
    800006b2:	4705                	li	a4,1
    800006b4:	00b04463          	bgtz	a1,800006bc <_printf_float+0x222>
    800006b8:	4709                	li	a4,2
    800006ba:	9f0d                	subw	a4,a4,a1
    800006bc:	9fb9                	addw	a5,a5,a4
    800006be:	b7e9                	j	80000688 <_printf_float+0x1ee>
    800006c0:	401c                	lw	a5,0(s0)
    800006c2:	4007f713          	andi	a4,a5,1024
    800006c6:	e70d                	bnez	a4,800006f0 <_printf_float+0x256>
    800006c8:	4814                	lw	a3,16(s0)
    800006ca:	65a2                	ld	a1,8(sp)
    800006cc:	6502                	ld	a0,0(sp)
    800006ce:	8652                	mv	a2,s4
    800006d0:	9982                	jalr	s3
    800006d2:	e9950ee3          	beq	a0,s9,8000056e <_printf_float+0xd4>
    800006d6:	401c                	lw	a5,0(s0)
    800006d8:	8b89                	andi	a5,a5,2
    800006da:	24079463          	bnez	a5,80000922 <_printf_float+0x488>
    800006de:	4458                	lw	a4,12(s0)
    800006e0:	47f2                	lw	a5,28(sp)
    800006e2:	0007051b          	sext.w	a0,a4
    800006e6:	e8f755e3          	bge	a4,a5,80000570 <_printf_float+0xd6>
    800006ea:	0007851b          	sext.w	a0,a5
    800006ee:	b549                	j	80000570 <_printf_float+0xd6>
    800006f0:	06500713          	li	a4,101
    800006f4:	1b577163          	bgeu	a4,s5,80000896 <_printf_float+0x3fc>
    800006f8:	2438                	fld	fa4,72(s0)
    800006fa:	f20007d3          	fmv.d.x	fa5,zero
    800006fe:	a2f727d3          	feq.d	a5,fa4,fa5
    80000702:	cbb1                	beqz	a5,80000756 <_printf_float+0x2bc>
    80000704:	65a2                	ld	a1,8(sp)
    80000706:	6502                	ld	a0,0(sp)
    80000708:	4685                	li	a3,1
    8000070a:	00004617          	auipc	a2,0x4
    8000070e:	a1e60613          	addi	a2,a2,-1506 # 80004128 <__tbss_end+0x36>
    80000712:	9982                	jalr	s3
    80000714:	e5950de3          	beq	a0,s9,8000056e <_printf_float+0xd4>
    80000718:	4a62                	lw	s4,24(sp)
    8000071a:	47d2                	lw	a5,20(sp)
    8000071c:	0147c563          	blt	a5,s4,80000726 <_printf_float+0x28c>
    80000720:	401c                	lw	a5,0(s0)
    80000722:	8b85                	andi	a5,a5,1
    80000724:	dbcd                	beqz	a5,800006d6 <_printf_float+0x23c>
    80000726:	65a2                	ld	a1,8(sp)
    80000728:	6502                	ld	a0,0(sp)
    8000072a:	86de                	mv	a3,s7
    8000072c:	8662                	mv	a2,s8
    8000072e:	9982                	jalr	s3
    80000730:	57fd                	li	a5,-1
    80000732:	e2f50ee3          	beq	a0,a5,8000056e <_printf_float+0xd4>
    80000736:	4a81                	li	s5,0
    80000738:	3a7d                	addiw	s4,s4,-1
    8000073a:	01a40b13          	addi	s6,s0,26
    8000073e:	5bfd                	li	s7,-1
    80000740:	f94adbe3          	bge	s5,s4,800006d6 <_printf_float+0x23c>
    80000744:	65a2                	ld	a1,8(sp)
    80000746:	6502                	ld	a0,0(sp)
    80000748:	4685                	li	a3,1
    8000074a:	865a                	mv	a2,s6
    8000074c:	9982                	jalr	s3
    8000074e:	e37500e3          	beq	a0,s7,8000056e <_printf_float+0xd4>
    80000752:	2a85                	addiw	s5,s5,1
    80000754:	b7f5                	j	80000740 <_printf_float+0x2a6>
    80000756:	47d2                	lw	a5,20(sp)
    80000758:	06f04763          	bgtz	a5,800007c6 <_printf_float+0x32c>
    8000075c:	65a2                	ld	a1,8(sp)
    8000075e:	6502                	ld	a0,0(sp)
    80000760:	4685                	li	a3,1
    80000762:	00004617          	auipc	a2,0x4
    80000766:	9c660613          	addi	a2,a2,-1594 # 80004128 <__tbss_end+0x36>
    8000076a:	9982                	jalr	s3
    8000076c:	e19501e3          	beq	a0,s9,8000056e <_printf_float+0xd4>
    80000770:	4b62                	lw	s6,24(sp)
    80000772:	47d2                	lw	a5,20(sp)
    80000774:	00fb67b3          	or	a5,s6,a5
    80000778:	e781                	bnez	a5,80000780 <_printf_float+0x2e6>
    8000077a:	401c                	lw	a5,0(s0)
    8000077c:	8b85                	andi	a5,a5,1
    8000077e:	dfa1                	beqz	a5,800006d6 <_printf_float+0x23c>
    80000780:	65a2                	ld	a1,8(sp)
    80000782:	6502                	ld	a0,0(sp)
    80000784:	86de                	mv	a3,s7
    80000786:	8662                	mv	a2,s8
    80000788:	9982                	jalr	s3
    8000078a:	57fd                	li	a5,-1
    8000078c:	def501e3          	beq	a0,a5,8000056e <_printf_float+0xd4>
    80000790:	4a81                	li	s5,0
    80000792:	01a40b93          	addi	s7,s0,26
    80000796:	5c7d                	li	s8,-1
    80000798:	47d2                	lw	a5,20(sp)
    8000079a:	40f007bb          	negw	a5,a5
    8000079e:	00facb63          	blt	s5,a5,800007b4 <_printf_float+0x31a>
    800007a2:	86da                	mv	a3,s6
    800007a4:	8652                	mv	a2,s4
    800007a6:	65a2                	ld	a1,8(sp)
    800007a8:	6502                	ld	a0,0(sp)
    800007aa:	9982                	jalr	s3
    800007ac:	57fd                	li	a5,-1
    800007ae:	f2f514e3          	bne	a0,a5,800006d6 <_printf_float+0x23c>
    800007b2:	bb75                	j	8000056e <_printf_float+0xd4>
    800007b4:	65a2                	ld	a1,8(sp)
    800007b6:	6502                	ld	a0,0(sp)
    800007b8:	4685                	li	a3,1
    800007ba:	865e                	mv	a2,s7
    800007bc:	9982                	jalr	s3
    800007be:	db8508e3          	beq	a0,s8,8000056e <_printf_float+0xd4>
    800007c2:	2a85                	addiw	s5,s5,1
    800007c4:	bfd1                	j	80000798 <_printf_float+0x2fe>
    800007c6:	4c3c                	lw	a5,88(s0)
    800007c8:	4b62                	lw	s6,24(sp)
    800007ca:	00078a9b          	sext.w	s5,a5
    800007ce:	00fb5463          	bge	s6,a5,800007d6 <_printf_float+0x33c>
    800007d2:	000b0a9b          	sext.w	s5,s6
    800007d6:	07504b63          	bgtz	s5,8000084c <_printf_float+0x3b2>
    800007da:	4c81                	li	s9,0
    800007dc:	84d6                	mv	s1,s5
    800007de:	01a40d13          	addi	s10,s0,26
    800007e2:	597d                	li	s2,-1
    800007e4:	05842d83          	lw	s11,88(s0)
    800007e8:	87a6                	mv	a5,s1
    800007ea:	000ad363          	bgez	s5,800007f0 <_printf_float+0x356>
    800007ee:	4781                	li	a5,0
    800007f0:	40fd87bb          	subw	a5,s11,a5
    800007f4:	06fcc563          	blt	s9,a5,8000085e <_printf_float+0x3c4>
    800007f8:	47d2                	lw	a5,20(sp)
    800007fa:	0767cb63          	blt	a5,s6,80000870 <_printf_float+0x3d6>
    800007fe:	401c                	lw	a5,0(s0)
    80000800:	8b85                	andi	a5,a5,1
    80000802:	e7bd                	bnez	a5,80000870 <_printf_float+0x3d6>
    80000804:	4ad2                	lw	s5,20(sp)
    80000806:	41bb073b          	subw	a4,s6,s11
    8000080a:	415b06bb          	subw	a3,s6,s5
    8000080e:	8ab6                	mv	s5,a3
    80000810:	00d75463          	bge	a4,a3,80000818 <_printf_float+0x37e>
    80000814:	00070a9b          	sext.w	s5,a4
    80000818:	07504563          	bgtz	s5,80000882 <_printf_float+0x3e8>
    8000081c:	4a01                	li	s4,0
    8000081e:	8bd6                	mv	s7,s5
    80000820:	01a40c13          	addi	s8,s0,26
    80000824:	5cfd                	li	s9,-1
    80000826:	47d2                	lw	a5,20(sp)
    80000828:	875e                	mv	a4,s7
    8000082a:	40fb07bb          	subw	a5,s6,a5
    8000082e:	000ad363          	bgez	s5,80000834 <_printf_float+0x39a>
    80000832:	4701                	li	a4,0
    80000834:	9f99                	subw	a5,a5,a4
    80000836:	eafa50e3          	bge	s4,a5,800006d6 <_printf_float+0x23c>
    8000083a:	65a2                	ld	a1,8(sp)
    8000083c:	6502                	ld	a0,0(sp)
    8000083e:	4685                	li	a3,1
    80000840:	8662                	mv	a2,s8
    80000842:	9982                	jalr	s3
    80000844:	d39505e3          	beq	a0,s9,8000056e <_printf_float+0xd4>
    80000848:	2a05                	addiw	s4,s4,1
    8000084a:	bff1                	j	80000826 <_printf_float+0x38c>
    8000084c:	65a2                	ld	a1,8(sp)
    8000084e:	6502                	ld	a0,0(sp)
    80000850:	86d6                	mv	a3,s5
    80000852:	8652                	mv	a2,s4
    80000854:	9982                	jalr	s3
    80000856:	57fd                	li	a5,-1
    80000858:	f8f511e3          	bne	a0,a5,800007da <_printf_float+0x340>
    8000085c:	bb09                	j	8000056e <_printf_float+0xd4>
    8000085e:	65a2                	ld	a1,8(sp)
    80000860:	6502                	ld	a0,0(sp)
    80000862:	4685                	li	a3,1
    80000864:	866a                	mv	a2,s10
    80000866:	9982                	jalr	s3
    80000868:	d12503e3          	beq	a0,s2,8000056e <_printf_float+0xd4>
    8000086c:	2c85                	addiw	s9,s9,1
    8000086e:	bf9d                	j	800007e4 <_printf_float+0x34a>
    80000870:	65a2                	ld	a1,8(sp)
    80000872:	6502                	ld	a0,0(sp)
    80000874:	86de                	mv	a3,s7
    80000876:	8662                	mv	a2,s8
    80000878:	9982                	jalr	s3
    8000087a:	57fd                	li	a5,-1
    8000087c:	f8f514e3          	bne	a0,a5,80000804 <_printf_float+0x36a>
    80000880:	b1fd                	j	8000056e <_printf_float+0xd4>
    80000882:	65a2                	ld	a1,8(sp)
    80000884:	6502                	ld	a0,0(sp)
    80000886:	86d6                	mv	a3,s5
    80000888:	01ba0633          	add	a2,s4,s11
    8000088c:	9982                	jalr	s3
    8000088e:	57fd                	li	a5,-1
    80000890:	f8f516e3          	bne	a0,a5,8000081c <_printf_float+0x382>
    80000894:	b9e9                	j	8000056e <_printf_float+0xd4>
    80000896:	4ae2                	lw	s5,24(sp)
    80000898:	4705                	li	a4,1
    8000089a:	4685                	li	a3,1
    8000089c:	8652                	mv	a2,s4
    8000089e:	01574463          	blt	a4,s5,800008a6 <_printf_float+0x40c>
    800008a2:	8b85                	andi	a5,a5,1
    800008a4:	cb85                	beqz	a5,800008d4 <_printf_float+0x43a>
    800008a6:	65a2                	ld	a1,8(sp)
    800008a8:	6502                	ld	a0,0(sp)
    800008aa:	5cfd                	li	s9,-1
    800008ac:	9982                	jalr	s3
    800008ae:	cd9500e3          	beq	a0,s9,8000056e <_printf_float+0xd4>
    800008b2:	65a2                	ld	a1,8(sp)
    800008b4:	6502                	ld	a0,0(sp)
    800008b6:	86de                	mv	a3,s7
    800008b8:	8662                	mv	a2,s8
    800008ba:	9982                	jalr	s3
    800008bc:	cb9509e3          	beq	a0,s9,8000056e <_printf_float+0xd4>
    800008c0:	2438                	fld	fa4,72(s0)
    800008c2:	f20007d3          	fmv.d.x	fa5,zero
    800008c6:	3afd                	addiw	s5,s5,-1
    800008c8:	a2f727d3          	feq.d	a5,fa4,fa5
    800008cc:	eb85                	bnez	a5,800008fc <_printf_float+0x462>
    800008ce:	86d6                	mv	a3,s5
    800008d0:	001a0613          	addi	a2,s4,1
    800008d4:	65a2                	ld	a1,8(sp)
    800008d6:	6502                	ld	a0,0(sp)
    800008d8:	9982                	jalr	s3
    800008da:	01951d63          	bne	a0,s9,800008f4 <_printf_float+0x45a>
    800008de:	b941                	j	8000056e <_printf_float+0xd4>
    800008e0:	65a2                	ld	a1,8(sp)
    800008e2:	6502                	ld	a0,0(sp)
    800008e4:	4685                	li	a3,1
    800008e6:	865e                	mv	a2,s7
    800008e8:	9982                	jalr	s3
    800008ea:	c98502e3          	beq	a0,s8,8000056e <_printf_float+0xd4>
    800008ee:	2a05                	addiw	s4,s4,1
    800008f0:	ff5a48e3          	blt	s4,s5,800008e0 <_printf_float+0x446>
    800008f4:	86da                	mv	a3,s6
    800008f6:	05040613          	addi	a2,s0,80
    800008fa:	b575                	j	800007a6 <_printf_float+0x30c>
    800008fc:	4a01                	li	s4,0
    800008fe:	01a40b93          	addi	s7,s0,26
    80000902:	5c7d                	li	s8,-1
    80000904:	b7f5                	j	800008f0 <_printf_float+0x456>
    80000906:	65a2                	ld	a1,8(sp)
    80000908:	6502                	ld	a0,0(sp)
    8000090a:	4685                	li	a3,1
    8000090c:	8656                	mv	a2,s5
    8000090e:	9982                	jalr	s3
    80000910:	c5650fe3          	beq	a0,s6,8000056e <_printf_float+0xd4>
    80000914:	2a05                	addiw	s4,s4,1
    80000916:	445c                	lw	a5,12(s0)
    80000918:	4772                	lw	a4,28(sp)
    8000091a:	9f99                	subw	a5,a5,a4
    8000091c:	fefa45e3          	blt	s4,a5,80000906 <_printf_float+0x46c>
    80000920:	bb7d                	j	800006de <_printf_float+0x244>
    80000922:	4a01                	li	s4,0
    80000924:	01940a93          	addi	s5,s0,25
    80000928:	5b7d                	li	s6,-1
    8000092a:	b7f5                	j	80000916 <_printf_float+0x47c>

000000008000092c <_printf_common>:
    8000092c:	715d                	addi	sp,sp,-80
    8000092e:	f052                	sd	s4,32(sp)
    80000930:	ec56                	sd	s5,24(sp)
    80000932:	8a36                	mv	s4,a3
    80000934:	8aba                	mv	s5,a4
    80000936:	4994                	lw	a3,16(a1)
    80000938:	4598                	lw	a4,8(a1)
    8000093a:	e0a2                	sd	s0,64(sp)
    8000093c:	f84a                	sd	s2,48(sp)
    8000093e:	f44e                	sd	s3,40(sp)
    80000940:	e486                	sd	ra,72(sp)
    80000942:	fc26                	sd	s1,56(sp)
    80000944:	e85a                	sd	s6,16(sp)
    80000946:	e45e                	sd	s7,8(sp)
    80000948:	89aa                	mv	s3,a0
    8000094a:	842e                	mv	s0,a1
    8000094c:	8932                	mv	s2,a2
    8000094e:	87ba                	mv	a5,a4
    80000950:	00e6c363          	blt	a3,a4,80000956 <_printf_common+0x2a>
    80000954:	87b6                	mv	a5,a3
    80000956:	00f92023          	sw	a5,0(s2)
    8000095a:	04344703          	lbu	a4,67(s0)
    8000095e:	c701                	beqz	a4,80000966 <_printf_common+0x3a>
    80000960:	2785                	addiw	a5,a5,1
    80000962:	00f92023          	sw	a5,0(s2)
    80000966:	401c                	lw	a5,0(s0)
    80000968:	0207f793          	andi	a5,a5,32
    8000096c:	c791                	beqz	a5,80000978 <_printf_common+0x4c>
    8000096e:	00092783          	lw	a5,0(s2)
    80000972:	2789                	addiw	a5,a5,2
    80000974:	00f92023          	sw	a5,0(s2)
    80000978:	4004                	lw	s1,0(s0)
    8000097a:	8899                	andi	s1,s1,6
    8000097c:	e891                	bnez	s1,80000990 <_printf_common+0x64>
    8000097e:	01940b13          	addi	s6,s0,25
    80000982:	5bfd                	li	s7,-1
    80000984:	445c                	lw	a5,12(s0)
    80000986:	00092703          	lw	a4,0(s2)
    8000098a:	9f99                	subw	a5,a5,a4
    8000098c:	06f4c063          	blt	s1,a5,800009ec <_printf_common+0xc0>
    80000990:	04344783          	lbu	a5,67(s0)
    80000994:	00f03633          	snez	a2,a5
    80000998:	00f036b3          	snez	a3,a5
    8000099c:	401c                	lw	a5,0(s0)
    8000099e:	0207f793          	andi	a5,a5,32
    800009a2:	ebb5                	bnez	a5,80000a16 <_printf_common+0xea>
    800009a4:	04340613          	addi	a2,s0,67
    800009a8:	85d2                	mv	a1,s4
    800009aa:	854e                	mv	a0,s3
    800009ac:	9a82                	jalr	s5
    800009ae:	57fd                	li	a5,-1
    800009b0:	04f50563          	beq	a0,a5,800009fa <_printf_common+0xce>
    800009b4:	401c                	lw	a5,0(s0)
    800009b6:	4711                	li	a4,4
    800009b8:	4481                	li	s1,0
    800009ba:	8b99                	andi	a5,a5,6
    800009bc:	00e79b63          	bne	a5,a4,800009d2 <_printf_common+0xa6>
    800009c0:	00092783          	lw	a5,0(s2)
    800009c4:	4444                	lw	s1,12(s0)
    800009c6:	9c9d                	subw	s1,s1,a5
    800009c8:	02049793          	slli	a5,s1,0x20
    800009cc:	0007d363          	bgez	a5,800009d2 <_printf_common+0xa6>
    800009d0:	4481                	li	s1,0
    800009d2:	441c                	lw	a5,8(s0)
    800009d4:	4818                	lw	a4,16(s0)
    800009d6:	00f75463          	bge	a4,a5,800009de <_printf_common+0xb2>
    800009da:	9f99                	subw	a5,a5,a4
    800009dc:	9cbd                	addw	s1,s1,a5
    800009de:	4901                	li	s2,0
    800009e0:	0469                	addi	s0,s0,26
    800009e2:	5b7d                	li	s6,-1
    800009e4:	05249a63          	bne	s1,s2,80000a38 <_printf_common+0x10c>
    800009e8:	4501                	li	a0,0
    800009ea:	a809                	j	800009fc <_printf_common+0xd0>
    800009ec:	4685                	li	a3,1
    800009ee:	865a                	mv	a2,s6
    800009f0:	85d2                	mv	a1,s4
    800009f2:	854e                	mv	a0,s3
    800009f4:	9a82                	jalr	s5
    800009f6:	01751e63          	bne	a0,s7,80000a12 <_printf_common+0xe6>
    800009fa:	557d                	li	a0,-1
    800009fc:	60a6                	ld	ra,72(sp)
    800009fe:	6406                	ld	s0,64(sp)
    80000a00:	74e2                	ld	s1,56(sp)
    80000a02:	7942                	ld	s2,48(sp)
    80000a04:	79a2                	ld	s3,40(sp)
    80000a06:	7a02                	ld	s4,32(sp)
    80000a08:	6ae2                	ld	s5,24(sp)
    80000a0a:	6b42                	ld	s6,16(sp)
    80000a0c:	6ba2                	ld	s7,8(sp)
    80000a0e:	6161                	addi	sp,sp,80
    80000a10:	8082                	ret
    80000a12:	2485                	addiw	s1,s1,1
    80000a14:	bf85                	j	80000984 <_printf_common+0x58>
    80000a16:	00d407b3          	add	a5,s0,a3
    80000a1a:	03000693          	li	a3,48
    80000a1e:	04d781a3          	sb	a3,67(a5)
    80000a22:	0016071b          	addiw	a4,a2,1
    80000a26:	0026069b          	addiw	a3,a2,2
    80000a2a:	04544603          	lbu	a2,69(s0)
    80000a2e:	00e407b3          	add	a5,s0,a4
    80000a32:	04c781a3          	sb	a2,67(a5)
    80000a36:	b7bd                	j	800009a4 <_printf_common+0x78>
    80000a38:	4685                	li	a3,1
    80000a3a:	8622                	mv	a2,s0
    80000a3c:	85d2                	mv	a1,s4
    80000a3e:	854e                	mv	a0,s3
    80000a40:	9a82                	jalr	s5
    80000a42:	fb650ce3          	beq	a0,s6,800009fa <_printf_common+0xce>
    80000a46:	2905                	addiw	s2,s2,1
    80000a48:	bf71                	j	800009e4 <_printf_common+0xb8>

0000000080000a4a <_printf_i>:
    80000a4a:	715d                	addi	sp,sp,-80
    80000a4c:	e0a2                	sd	s0,64(sp)
    80000a4e:	f84a                	sd	s2,48(sp)
    80000a50:	f44e                	sd	s3,40(sp)
    80000a52:	f052                	sd	s4,32(sp)
    80000a54:	e486                	sd	ra,72(sp)
    80000a56:	fc26                	sd	s1,56(sp)
    80000a58:	ec56                	sd	s5,24(sp)
    80000a5a:	e85a                	sd	s6,16(sp)
    80000a5c:	0185c803          	lbu	a6,24(a1)
    80000a60:	07800793          	li	a5,120
    80000a64:	892a                	mv	s2,a0
    80000a66:	842e                	mv	s0,a1
    80000a68:	89b2                	mv	s3,a2
    80000a6a:	8a36                	mv	s4,a3
    80000a6c:	0307e263          	bltu	a5,a6,80000a90 <_printf_i+0x46>
    80000a70:	06200793          	li	a5,98
    80000a74:	04358693          	addi	a3,a1,67
    80000a78:	0307e163          	bltu	a5,a6,80000a9a <_printf_i+0x50>
    80000a7c:	1c080663          	beqz	a6,80000c48 <_printf_i+0x1fe>
    80000a80:	05800793          	li	a5,88
    80000a84:	00003617          	auipc	a2,0x3
    80000a88:	6ac60613          	addi	a2,a2,1708 # 80004130 <__tbss_end+0x3e>
    80000a8c:	14f80a63          	beq	a6,a5,80000be0 <_printf_i+0x196>
    80000a90:	04240493          	addi	s1,s0,66
    80000a94:	05040123          	sb	a6,66(s0)
    80000a98:	a815                	j	80000acc <_printf_i+0x82>
    80000a9a:	f9d8079b          	addiw	a5,a6,-99
    80000a9e:	0ff7f793          	zext.b	a5,a5
    80000aa2:	4655                	li	a2,21
    80000aa4:	fef666e3          	bltu	a2,a5,80000a90 <_printf_i+0x46>
    80000aa8:	00004617          	auipc	a2,0x4
    80000aac:	98860613          	addi	a2,a2,-1656 # 80004430 <__tbss_end+0x33e>
    80000ab0:	078a                	slli	a5,a5,0x2
    80000ab2:	97b2                	add	a5,a5,a2
    80000ab4:	439c                	lw	a5,0(a5)
    80000ab6:	97b2                	add	a5,a5,a2
    80000ab8:	8782                	jr	a5
    80000aba:	631c                	ld	a5,0(a4)
    80000abc:	04258493          	addi	s1,a1,66
    80000ac0:	00878693          	addi	a3,a5,8
    80000ac4:	439c                	lw	a5,0(a5)
    80000ac6:	e314                	sd	a3,0(a4)
    80000ac8:	04f58123          	sb	a5,66(a1)
    80000acc:	4785                	li	a5,1
    80000ace:	aa4d                	j	80000c80 <_printf_i+0x236>
    80000ad0:	419c                	lw	a5,0(a1)
    80000ad2:	6308                	ld	a0,0(a4)
    80000ad4:	0807f613          	andi	a2,a5,128
    80000ad8:	00850593          	addi	a1,a0,8
    80000adc:	c20d                	beqz	a2,80000afe <_printf_i+0xb4>
    80000ade:	611c                	ld	a5,0(a0)
    80000ae0:	e30c                	sd	a1,0(a4)
    80000ae2:	0007d863          	bgez	a5,80000af2 <_printf_i+0xa8>
    80000ae6:	02d00713          	li	a4,45
    80000aea:	40f007b3          	neg	a5,a5
    80000aee:	04e401a3          	sb	a4,67(s0)
    80000af2:	00003617          	auipc	a2,0x3
    80000af6:	63e60613          	addi	a2,a2,1598 # 80004130 <__tbss_end+0x3e>
    80000afa:	4829                	li	a6,10
    80000afc:	a83d                	j	80000b3a <_printf_i+0xf0>
    80000afe:	0407f613          	andi	a2,a5,64
    80000b02:	411c                	lw	a5,0(a0)
    80000b04:	e30c                	sd	a1,0(a4)
    80000b06:	de71                	beqz	a2,80000ae2 <_printf_i+0x98>
    80000b08:	0107979b          	slliw	a5,a5,0x10
    80000b0c:	4107d79b          	sraiw	a5,a5,0x10
    80000b10:	bfc9                	j	80000ae2 <_printf_i+0x98>
    80000b12:	4190                	lw	a2,0(a1)
    80000b14:	631c                	ld	a5,0(a4)
    80000b16:	08067513          	andi	a0,a2,128
    80000b1a:	00878593          	addi	a1,a5,8
    80000b1e:	cd41                	beqz	a0,80000bb6 <_printf_i+0x16c>
    80000b20:	639c                	ld	a5,0(a5)
    80000b22:	e30c                	sd	a1,0(a4)
    80000b24:	06f00713          	li	a4,111
    80000b28:	00003617          	auipc	a2,0x3
    80000b2c:	60860613          	addi	a2,a2,1544 # 80004130 <__tbss_end+0x3e>
    80000b30:	0ee81e63          	bne	a6,a4,80000c2c <_printf_i+0x1e2>
    80000b34:	4821                	li	a6,8
    80000b36:	040401a3          	sb	zero,67(s0)
    80000b3a:	4058                	lw	a4,4(s0)
    80000b3c:	c418                	sw	a4,8(s0)
    80000b3e:	00074563          	bltz	a4,80000b48 <_printf_i+0xfe>
    80000b42:	400c                	lw	a1,0(s0)
    80000b44:	99ed                	andi	a1,a1,-5
    80000b46:	c00c                	sw	a1,0(s0)
    80000b48:	e399                	bnez	a5,80000b4e <_printf_i+0x104>
    80000b4a:	84b6                	mv	s1,a3
    80000b4c:	cf19                	beqz	a4,80000b6a <_printf_i+0x120>
    80000b4e:	84b6                	mv	s1,a3
    80000b50:	0307f733          	remu	a4,a5,a6
    80000b54:	14fd                	addi	s1,s1,-1
    80000b56:	9732                	add	a4,a4,a2
    80000b58:	00074703          	lbu	a4,0(a4)
    80000b5c:	00e48023          	sb	a4,0(s1)
    80000b60:	873e                	mv	a4,a5
    80000b62:	0307d7b3          	divu	a5,a5,a6
    80000b66:	ff0775e3          	bgeu	a4,a6,80000b50 <_printf_i+0x106>
    80000b6a:	47a1                	li	a5,8
    80000b6c:	00f81e63          	bne	a6,a5,80000b88 <_printf_i+0x13e>
    80000b70:	401c                	lw	a5,0(s0)
    80000b72:	8b85                	andi	a5,a5,1
    80000b74:	cb91                	beqz	a5,80000b88 <_printf_i+0x13e>
    80000b76:	4058                	lw	a4,4(s0)
    80000b78:	481c                	lw	a5,16(s0)
    80000b7a:	00e7c763          	blt	a5,a4,80000b88 <_printf_i+0x13e>
    80000b7e:	03000793          	li	a5,48
    80000b82:	fef48fa3          	sb	a5,-1(s1)
    80000b86:	14fd                	addi	s1,s1,-1
    80000b88:	8e85                	sub	a3,a3,s1
    80000b8a:	c814                	sw	a3,16(s0)
    80000b8c:	8752                	mv	a4,s4
    80000b8e:	86ce                	mv	a3,s3
    80000b90:	0070                	addi	a2,sp,12
    80000b92:	85a2                	mv	a1,s0
    80000b94:	854a                	mv	a0,s2
    80000b96:	d97ff0ef          	jal	8000092c <_printf_common>
    80000b9a:	5afd                	li	s5,-1
    80000b9c:	0f551663          	bne	a0,s5,80000c88 <_printf_i+0x23e>
    80000ba0:	557d                	li	a0,-1
    80000ba2:	60a6                	ld	ra,72(sp)
    80000ba4:	6406                	ld	s0,64(sp)
    80000ba6:	74e2                	ld	s1,56(sp)
    80000ba8:	7942                	ld	s2,48(sp)
    80000baa:	79a2                	ld	s3,40(sp)
    80000bac:	7a02                	ld	s4,32(sp)
    80000bae:	6ae2                	ld	s5,24(sp)
    80000bb0:	6b42                	ld	s6,16(sp)
    80000bb2:	6161                	addi	sp,sp,80
    80000bb4:	8082                	ret
    80000bb6:	439c                	lw	a5,0(a5)
    80000bb8:	04067613          	andi	a2,a2,64
    80000bbc:	e30c                	sd	a1,0(a4)
    80000bbe:	c601                	beqz	a2,80000bc6 <_printf_i+0x17c>
    80000bc0:	17c2                	slli	a5,a5,0x30
    80000bc2:	93c1                	srli	a5,a5,0x30
    80000bc4:	b785                	j	80000b24 <_printf_i+0xda>
    80000bc6:	1782                	slli	a5,a5,0x20
    80000bc8:	9381                	srli	a5,a5,0x20
    80000bca:	bfa9                	j	80000b24 <_printf_i+0xda>
    80000bcc:	419c                	lw	a5,0(a1)
    80000bce:	0a07e793          	ori	a5,a5,160
    80000bd2:	c19c                	sw	a5,0(a1)
    80000bd4:	07800813          	li	a6,120
    80000bd8:	00003617          	auipc	a2,0x3
    80000bdc:	57060613          	addi	a2,a2,1392 # 80004148 <__tbss_end+0x56>
    80000be0:	050402a3          	sb	a6,69(s0)
    80000be4:	400c                	lw	a1,0(s0)
    80000be6:	631c                	ld	a5,0(a4)
    80000be8:	0805f813          	andi	a6,a1,128
    80000bec:	00878513          	addi	a0,a5,8
    80000bf0:	00080d63          	beqz	a6,80000c0a <_printf_i+0x1c0>
    80000bf4:	639c                	ld	a5,0(a5)
    80000bf6:	e308                	sd	a0,0(a4)
    80000bf8:	0015f713          	andi	a4,a1,1
    80000bfc:	c701                	beqz	a4,80000c04 <_printf_i+0x1ba>
    80000bfe:	0205e593          	ori	a1,a1,32
    80000c02:	c00c                	sw	a1,0(s0)
    80000c04:	cf99                	beqz	a5,80000c22 <_printf_i+0x1d8>
    80000c06:	4841                	li	a6,16
    80000c08:	b73d                	j	80000b36 <_printf_i+0xec>
    80000c0a:	439c                	lw	a5,0(a5)
    80000c0c:	0405f813          	andi	a6,a1,64
    80000c10:	e308                	sd	a0,0(a4)
    80000c12:	00080563          	beqz	a6,80000c1c <_printf_i+0x1d2>
    80000c16:	17c2                	slli	a5,a5,0x30
    80000c18:	93c1                	srli	a5,a5,0x30
    80000c1a:	bff9                	j	80000bf8 <_printf_i+0x1ae>
    80000c1c:	1782                	slli	a5,a5,0x20
    80000c1e:	9381                	srli	a5,a5,0x20
    80000c20:	bfe1                	j	80000bf8 <_printf_i+0x1ae>
    80000c22:	4018                	lw	a4,0(s0)
    80000c24:	fdf77713          	andi	a4,a4,-33
    80000c28:	c018                	sw	a4,0(s0)
    80000c2a:	bff1                	j	80000c06 <_printf_i+0x1bc>
    80000c2c:	4829                	li	a6,10
    80000c2e:	b721                	j	80000b36 <_printf_i+0xec>
    80000c30:	4190                	lw	a2,0(a1)
    80000c32:	631c                	ld	a5,0(a4)
    80000c34:	49cc                	lw	a1,20(a1)
    80000c36:	08067813          	andi	a6,a2,128
    80000c3a:	00878513          	addi	a0,a5,8
    80000c3e:	00080963          	beqz	a6,80000c50 <_printf_i+0x206>
    80000c42:	e308                	sd	a0,0(a4)
    80000c44:	639c                	ld	a5,0(a5)
    80000c46:	e38c                	sd	a1,0(a5)
    80000c48:	00042823          	sw	zero,16(s0)
    80000c4c:	84b6                	mv	s1,a3
    80000c4e:	bf3d                	j	80000b8c <_printf_i+0x142>
    80000c50:	e308                	sd	a0,0(a4)
    80000c52:	04067613          	andi	a2,a2,64
    80000c56:	639c                	ld	a5,0(a5)
    80000c58:	c601                	beqz	a2,80000c60 <_printf_i+0x216>
    80000c5a:	00b79023          	sh	a1,0(a5)
    80000c5e:	b7ed                	j	80000c48 <_printf_i+0x1fe>
    80000c60:	c38c                	sw	a1,0(a5)
    80000c62:	b7dd                	j	80000c48 <_printf_i+0x1fe>
    80000c64:	631c                	ld	a5,0(a4)
    80000c66:	41d0                	lw	a2,4(a1)
    80000c68:	4581                	li	a1,0
    80000c6a:	00878693          	addi	a3,a5,8
    80000c6e:	e314                	sd	a3,0(a4)
    80000c70:	6384                	ld	s1,0(a5)
    80000c72:	8526                	mv	a0,s1
    80000c74:	0b0000ef          	jal	80000d24 <memchr>
    80000c78:	c119                	beqz	a0,80000c7e <_printf_i+0x234>
    80000c7a:	8d05                	sub	a0,a0,s1
    80000c7c:	c048                	sw	a0,4(s0)
    80000c7e:	405c                	lw	a5,4(s0)
    80000c80:	c81c                	sw	a5,16(s0)
    80000c82:	040401a3          	sb	zero,67(s0)
    80000c86:	b719                	j	80000b8c <_printf_i+0x142>
    80000c88:	4814                	lw	a3,16(s0)
    80000c8a:	8626                	mv	a2,s1
    80000c8c:	85ce                	mv	a1,s3
    80000c8e:	854a                	mv	a0,s2
    80000c90:	9a02                	jalr	s4
    80000c92:	f15507e3          	beq	a0,s5,80000ba0 <_printf_i+0x156>
    80000c96:	401c                	lw	a5,0(s0)
    80000c98:	8b89                	andi	a5,a5,2
    80000c9a:	eb85                	bnez	a5,80000cca <_printf_i+0x280>
    80000c9c:	4458                	lw	a4,12(s0)
    80000c9e:	47b2                	lw	a5,12(sp)
    80000ca0:	0007051b          	sext.w	a0,a4
    80000ca4:	eef75fe3          	bge	a4,a5,80000ba2 <_printf_i+0x158>
    80000ca8:	0007851b          	sext.w	a0,a5
    80000cac:	bddd                	j	80000ba2 <_printf_i+0x158>
    80000cae:	4685                	li	a3,1
    80000cb0:	8656                	mv	a2,s5
    80000cb2:	85ce                	mv	a1,s3
    80000cb4:	854a                	mv	a0,s2
    80000cb6:	9a02                	jalr	s4
    80000cb8:	ef6504e3          	beq	a0,s6,80000ba0 <_printf_i+0x156>
    80000cbc:	2485                	addiw	s1,s1,1
    80000cbe:	445c                	lw	a5,12(s0)
    80000cc0:	4732                	lw	a4,12(sp)
    80000cc2:	9f99                	subw	a5,a5,a4
    80000cc4:	fef4c5e3          	blt	s1,a5,80000cae <_printf_i+0x264>
    80000cc8:	bfd1                	j	80000c9c <_printf_i+0x252>
    80000cca:	4481                	li	s1,0
    80000ccc:	01940a93          	addi	s5,s0,25
    80000cd0:	5b7d                	li	s6,-1
    80000cd2:	b7f5                	j	80000cbe <_printf_i+0x274>

0000000080000cd4 <_iprintf_r>:
    80000cd4:	715d                	addi	sp,sp,-80
    80000cd6:	f032                	sd	a2,32(sp)
    80000cd8:	f436                	sd	a3,40(sp)
    80000cda:	f83a                	sd	a4,48(sp)
    80000cdc:	fc3e                	sd	a5,56(sp)
    80000cde:	e0c2                	sd	a6,64(sp)
    80000ce0:	e4c6                	sd	a7,72(sp)
    80000ce2:	862e                	mv	a2,a1
    80000ce4:	690c                	ld	a1,16(a0)
    80000ce6:	1014                	addi	a3,sp,32
    80000ce8:	ec06                	sd	ra,24(sp)
    80000cea:	e436                	sd	a3,8(sp)
    80000cec:	2e9010ef          	jal	800027d4 <_vfiprintf_r>
    80000cf0:	60e2                	ld	ra,24(sp)
    80000cf2:	6161                	addi	sp,sp,80
    80000cf4:	8082                	ret

0000000080000cf6 <iprintf>:
    80000cf6:	711d                	addi	sp,sp,-96
    80000cf8:	f832                	sd	a2,48(sp)
    80000cfa:	fc36                	sd	a3,56(sp)
    80000cfc:	e4be                	sd	a5,72(sp)
    80000cfe:	f42e                	sd	a1,40(sp)
    80000d00:	e0ba                	sd	a4,64(sp)
    80000d02:	e8c2                	sd	a6,80(sp)
    80000d04:	ecc6                	sd	a7,88(sp)
    80000d06:	00004797          	auipc	a5,0x4
    80000d0a:	c5a7b783          	ld	a5,-934(a5) # 80004960 <_impure_ptr>
    80000d0e:	6b8c                	ld	a1,16(a5)
    80000d10:	1034                	addi	a3,sp,40
    80000d12:	862a                	mv	a2,a0
    80000d14:	853e                	mv	a0,a5
    80000d16:	ec06                	sd	ra,24(sp)
    80000d18:	e436                	sd	a3,8(sp)
    80000d1a:	2bb010ef          	jal	800027d4 <_vfiprintf_r>
    80000d1e:	60e2                	ld	ra,24(sp)
    80000d20:	6125                	addi	sp,sp,96
    80000d22:	8082                	ret

0000000080000d24 <memchr>:
    80000d24:	0ff5f593          	zext.b	a1,a1
    80000d28:	962a                	add	a2,a2,a0
    80000d2a:	00c51463          	bne	a0,a2,80000d32 <memchr+0xe>
    80000d2e:	4501                	li	a0,0
    80000d30:	8082                	ret
    80000d32:	00054783          	lbu	a5,0(a0)
    80000d36:	feb78de3          	beq	a5,a1,80000d30 <memchr+0xc>
    80000d3a:	0505                	addi	a0,a0,1
    80000d3c:	b7fd                	j	80000d2a <memchr+0x6>

0000000080000d3e <__localeconv_l>:
    80000d3e:	10050513          	addi	a0,a0,256
    80000d42:	8082                	ret

0000000080000d44 <_localeconv_r>:
    80000d44:	00004517          	auipc	a0,0x4
    80000d48:	b7450513          	addi	a0,a0,-1164 # 800048b8 <__global_locale+0x100>
    80000d4c:	8082                	ret

0000000080000d4e <localeconv>:
    80000d4e:	00004517          	auipc	a0,0x4
    80000d52:	b6a50513          	addi	a0,a0,-1174 # 800048b8 <__global_locale+0x100>
    80000d56:	8082                	ret

0000000080000d58 <strlen>:
    80000d58:	87aa                	mv	a5,a0
    80000d5a:	0007c703          	lbu	a4,0(a5)
    80000d5e:	0785                	addi	a5,a5,1
    80000d60:	ff6d                	bnez	a4,80000d5a <strlen+0x2>
    80000d62:	40a78533          	sub	a0,a5,a0
    80000d66:	157d                	addi	a0,a0,-1
    80000d68:	8082                	ret

0000000080000d6a <quorem>:
    80000d6a:	7139                	addi	sp,sp,-64
    80000d6c:	f822                	sd	s0,48(sp)
    80000d6e:	495c                	lw	a5,20(a0)
    80000d70:	49c0                	lw	s0,20(a1)
    80000d72:	fc06                	sd	ra,56(sp)
    80000d74:	f426                	sd	s1,40(sp)
    80000d76:	f04a                	sd	s2,32(sp)
    80000d78:	ec4e                	sd	s3,24(sp)
    80000d7a:	e852                	sd	s4,16(sp)
    80000d7c:	e456                	sd	s5,8(sp)
    80000d7e:	e05a                	sd	s6,0(sp)
    80000d80:	1287c963          	blt	a5,s0,80000eb2 <quorem+0x148>
    80000d84:	347d                	addiw	s0,s0,-1
    80000d86:	00241613          	slli	a2,s0,0x2
    80000d8a:	01858a93          	addi	s5,a1,24
    80000d8e:	00ca8a33          	add	s4,s5,a2
    80000d92:	01850993          	addi	s3,a0,24
    80000d96:	000a2483          	lw	s1,0(s4)
    80000d9a:	964e                	add	a2,a2,s3
    80000d9c:	421c                	lw	a5,0(a2)
    80000d9e:	0014871b          	addiw	a4,s1,1
    80000da2:	892a                	mv	s2,a0
    80000da4:	02e7db3b          	divuw	s6,a5,a4
    80000da8:	84da                	mv	s1,s6
    80000daa:	06e7e863          	bltu	a5,a4,80000e1a <quorem+0xb0>
    80000dae:	6541                	lui	a0,0x10
    80000db0:	834e                	mv	t1,s3
    80000db2:	88d6                	mv	a7,s5
    80000db4:	4e01                	li	t3,0
    80000db6:	4e81                	li	t4,0
    80000db8:	157d                	addi	a0,a0,-1 # ffff <__stack_size+0x7fff>
    80000dba:	0008a703          	lw	a4,0(a7)
    80000dbe:	0891                	addi	a7,a7,4
    80000dc0:	0311                	addi	t1,t1,4
    80000dc2:	00a77833          	and	a6,a4,a0
    80000dc6:	0368083b          	mulw	a6,a6,s6
    80000dca:	0107571b          	srliw	a4,a4,0x10
    80000dce:	0367073b          	mulw	a4,a4,s6
    80000dd2:	01c8083b          	addw	a6,a6,t3
    80000dd6:	0108579b          	srliw	a5,a6,0x10
    80000dda:	01057833          	and	a6,a0,a6
    80000dde:	9f3d                	addw	a4,a4,a5
    80000de0:	ffc32783          	lw	a5,-4(t1)
    80000de4:	01075e1b          	srliw	t3,a4,0x10
    80000de8:	8f69                	and	a4,a4,a0
    80000dea:	00a7f6b3          	and	a3,a5,a0
    80000dee:	410686bb          	subw	a3,a3,a6
    80000df2:	01d686bb          	addw	a3,a3,t4
    80000df6:	0107d79b          	srliw	a5,a5,0x10
    80000dfa:	9f99                	subw	a5,a5,a4
    80000dfc:	4106d71b          	sraiw	a4,a3,0x10
    80000e00:	9fb9                	addw	a5,a5,a4
    80000e02:	4107de9b          	sraiw	t4,a5,0x10
    80000e06:	8ee9                	and	a3,a3,a0
    80000e08:	0107979b          	slliw	a5,a5,0x10
    80000e0c:	8edd                	or	a3,a3,a5
    80000e0e:	fed32e23          	sw	a3,-4(t1)
    80000e12:	fb1a74e3          	bgeu	s4,a7,80000dba <quorem+0x50>
    80000e16:	421c                	lw	a5,0(a2)
    80000e18:	cfb5                	beqz	a5,80000e94 <quorem+0x12a>
    80000e1a:	854a                	mv	a0,s2
    80000e1c:	416010ef          	jal	80002232 <__mcmp>
    80000e20:	04054b63          	bltz	a0,80000e76 <quorem+0x10c>
    80000e24:	6641                	lui	a2,0x10
    80000e26:	85ce                	mv	a1,s3
    80000e28:	86d6                	mv	a3,s5
    80000e2a:	4801                	li	a6,0
    80000e2c:	167d                	addi	a2,a2,-1 # ffff <__stack_size+0x7fff>
    80000e2e:	4288                	lw	a0,0(a3)
    80000e30:	419c                	lw	a5,0(a1)
    80000e32:	0691                	addi	a3,a3,4
    80000e34:	00c578b3          	and	a7,a0,a2
    80000e38:	00c7f733          	and	a4,a5,a2
    80000e3c:	4117073b          	subw	a4,a4,a7
    80000e40:	0107073b          	addw	a4,a4,a6
    80000e44:	0105551b          	srliw	a0,a0,0x10
    80000e48:	0107d79b          	srliw	a5,a5,0x10
    80000e4c:	9f89                	subw	a5,a5,a0
    80000e4e:	4107551b          	sraiw	a0,a4,0x10
    80000e52:	9fa9                	addw	a5,a5,a0
    80000e54:	4107d81b          	sraiw	a6,a5,0x10
    80000e58:	8f71                	and	a4,a4,a2
    80000e5a:	0107979b          	slliw	a5,a5,0x10
    80000e5e:	8f5d                	or	a4,a4,a5
    80000e60:	c198                	sw	a4,0(a1)
    80000e62:	0591                	addi	a1,a1,4
    80000e64:	fcda75e3          	bgeu	s4,a3,80000e2e <quorem+0xc4>
    80000e68:	00241793          	slli	a5,s0,0x2
    80000e6c:	97ce                	add	a5,a5,s3
    80000e6e:	4398                	lw	a4,0(a5)
    80000e70:	cb1d                	beqz	a4,80000ea6 <quorem+0x13c>
    80000e72:	00148b1b          	addiw	s6,s1,1
    80000e76:	000b051b          	sext.w	a0,s6
    80000e7a:	70e2                	ld	ra,56(sp)
    80000e7c:	7442                	ld	s0,48(sp)
    80000e7e:	74a2                	ld	s1,40(sp)
    80000e80:	7902                	ld	s2,32(sp)
    80000e82:	69e2                	ld	s3,24(sp)
    80000e84:	6a42                	ld	s4,16(sp)
    80000e86:	6aa2                	ld	s5,8(sp)
    80000e88:	6b02                	ld	s6,0(sp)
    80000e8a:	6121                	addi	sp,sp,64
    80000e8c:	8082                	ret
    80000e8e:	421c                	lw	a5,0(a2)
    80000e90:	e789                	bnez	a5,80000e9a <quorem+0x130>
    80000e92:	347d                	addiw	s0,s0,-1
    80000e94:	1671                	addi	a2,a2,-4
    80000e96:	fec9ece3          	bltu	s3,a2,80000e8e <quorem+0x124>
    80000e9a:	00892a23          	sw	s0,20(s2)
    80000e9e:	bfb5                	j	80000e1a <quorem+0xb0>
    80000ea0:	4398                	lw	a4,0(a5)
    80000ea2:	e709                	bnez	a4,80000eac <quorem+0x142>
    80000ea4:	347d                	addiw	s0,s0,-1
    80000ea6:	17f1                	addi	a5,a5,-4
    80000ea8:	fef9ece3          	bltu	s3,a5,80000ea0 <quorem+0x136>
    80000eac:	00892a23          	sw	s0,20(s2)
    80000eb0:	b7c9                	j	80000e72 <quorem+0x108>
    80000eb2:	4501                	li	a0,0
    80000eb4:	b7d9                	j	80000e7a <quorem+0x110>

0000000080000eb6 <_dtoa_r>:
    80000eb6:	7155                	addi	sp,sp,-208
    80000eb8:	f54e                	sd	s3,168(sp)
    80000eba:	e20509d3          	fmv.x.d	s3,fa0
    80000ebe:	f43e                	sd	a5,40(sp)
    80000ec0:	7d1c                	ld	a5,56(a0)
    80000ec2:	e1a2                	sd	s0,192(sp)
    80000ec4:	e55e                	sd	s7,136(sp)
    80000ec6:	e586                	sd	ra,200(sp)
    80000ec8:	fd26                	sd	s1,184(sp)
    80000eca:	f94a                	sd	s2,176(sp)
    80000ecc:	f152                	sd	s4,160(sp)
    80000ece:	ed56                	sd	s5,152(sp)
    80000ed0:	e95a                	sd	s6,144(sp)
    80000ed2:	e162                	sd	s8,128(sp)
    80000ed4:	fce6                	sd	s9,120(sp)
    80000ed6:	f8ea                	sd	s10,112(sp)
    80000ed8:	f4ee                	sd	s11,104(sp)
    80000eda:	e42a                	sd	a0,8(sp)
    80000edc:	f032                	sd	a2,32(sp)
    80000ede:	e4b6                	sd	a3,72(sp)
    80000ee0:	ec4e                	sd	s3,24(sp)
    80000ee2:	8bae                	mv	s7,a1
    80000ee4:	843a                	mv	s0,a4
    80000ee6:	ef8d                	bnez	a5,80000f20 <_dtoa_r+0x6a>
    80000ee8:	02000513          	li	a0,32
    80000eec:	295000ef          	jal	80001980 <malloc>
    80000ef0:	67a2                	ld	a5,8(sp)
    80000ef2:	ff88                	sd	a0,56(a5)
    80000ef4:	ed11                	bnez	a0,80000f10 <_dtoa_r+0x5a>
    80000ef6:	00003697          	auipc	a3,0x3
    80000efa:	28268693          	addi	a3,a3,642 # 80004178 <__tbss_end+0x86>
    80000efe:	4601                	li	a2,0
    80000f00:	0ef00593          	li	a1,239
    80000f04:	00003517          	auipc	a0,0x3
    80000f08:	28c50513          	addi	a0,a0,652 # 80004190 <__tbss_end+0x9e>
    80000f0c:	54c020ef          	jal	80003458 <__assert_func>
    80000f10:	00052423          	sw	zero,8(a0)
    80000f14:	00053823          	sd	zero,16(a0)
    80000f18:	00053023          	sd	zero,0(a0)
    80000f1c:	00053c23          	sd	zero,24(a0)
    80000f20:	67a2                	ld	a5,8(sp)
    80000f22:	7f9c                	ld	a5,56(a5)
    80000f24:	638c                	ld	a1,0(a5)
    80000f26:	cd91                	beqz	a1,80000f42 <_dtoa_r+0x8c>
    80000f28:	4798                	lw	a4,8(a5)
    80000f2a:	6522                	ld	a0,8(sp)
    80000f2c:	4785                	li	a5,1
    80000f2e:	00e797bb          	sllw	a5,a5,a4
    80000f32:	c5dc                	sw	a5,12(a1)
    80000f34:	c598                	sw	a4,8(a1)
    80000f36:	49f000ef          	jal	80001bd4 <_Bfree>
    80000f3a:	67a2                	ld	a5,8(sp)
    80000f3c:	7f9c                	ld	a5,56(a5)
    80000f3e:	0007b023          	sd	zero,0(a5)
    80000f42:	4209d793          	srai	a5,s3,0x20
    80000f46:	0409dd63          	bgez	s3,80000fa0 <_dtoa_r+0xea>
    80000f4a:	4705                	li	a4,1
    80000f4c:	c018                	sw	a4,0(s0)
    80000f4e:	577d                	li	a4,-1
    80000f50:	1786                	slli	a5,a5,0x21
    80000f52:	9301                	srli	a4,a4,0x20
    80000f54:	8385                	srli	a5,a5,0x1
    80000f56:	01377733          	and	a4,a4,s3
    80000f5a:	8fd9                	or	a5,a5,a4
    80000f5c:	ec3e                	sd	a5,24(sp)
    80000f5e:	67e2                	ld	a5,24(sp)
    80000f60:	7ff00737          	lui	a4,0x7ff00
    80000f64:	4207da13          	srai	s4,a5,0x20
    80000f68:	7ff007b7          	lui	a5,0x7ff00
    80000f6c:	00fa77b3          	and	a5,s4,a5
    80000f70:	02e79b63          	bne	a5,a4,80000fa6 <_dtoa_r+0xf0>
    80000f74:	6726                	ld	a4,72(sp)
    80000f76:	6789                	lui	a5,0x2
    80000f78:	70f78793          	addi	a5,a5,1807 # 270f <__stack_align+0x26ff>
    80000f7c:	c31c                	sw	a5,0(a4)
    80000f7e:	67e2                	ld	a5,24(sp)
    80000f80:	07b2                	slli	a5,a5,0xc
    80000f82:	180783e3          	beqz	a5,80001908 <_dtoa_r+0xa52>
    80000f86:	77a2                	ld	a5,40(sp)
    80000f88:	00003997          	auipc	s3,0x3
    80000f8c:	1e898993          	addi	s3,s3,488 # 80004170 <__tbss_end+0x7e>
    80000f90:	180788e3          	beqz	a5,80001920 <_dtoa_r+0xa6a>
    80000f94:	00003797          	auipc	a5,0x3
    80000f98:	1df78793          	addi	a5,a5,479 # 80004173 <__tbss_end+0x81>
    80000f9c:	1810006f          	j	8000191c <_dtoa_r+0xa66>
    80000fa0:	00042023          	sw	zero,0(s0)
    80000fa4:	bf6d                	j	80000f5e <_dtoa_r+0xa8>
    80000fa6:	6962                	ld	s2,24(sp)
    80000fa8:	f20007d3          	fmv.d.x	fa5,zero
    80000fac:	f2090753          	fmv.d.x	fa4,s2
    80000fb0:	a2f727d3          	feq.d	a5,fa4,fa5
    80000fb4:	c395                	beqz	a5,80000fd8 <_dtoa_r+0x122>
    80000fb6:	6726                	ld	a4,72(sp)
    80000fb8:	4785                	li	a5,1
    80000fba:	c31c                	sw	a5,0(a4)
    80000fbc:	77a2                	ld	a5,40(sp)
    80000fbe:	c799                	beqz	a5,80000fcc <_dtoa_r+0x116>
    80000fc0:	7722                	ld	a4,40(sp)
    80000fc2:	00003797          	auipc	a5,0x3
    80000fc6:	16778793          	addi	a5,a5,359 # 80004129 <__tbss_end+0x37>
    80000fca:	e31c                	sd	a5,0(a4)
    80000fcc:	00003997          	auipc	s3,0x3
    80000fd0:	15c98993          	addi	s3,s3,348 # 80004128 <__tbss_end+0x36>
    80000fd4:	14d0006f          	j	80001920 <_dtoa_r+0xa6a>
    80000fd8:	2562                	fld	fa0,24(sp)
    80000fda:	6522                	ld	a0,8(sp)
    80000fdc:	08b0                	addi	a2,sp,88
    80000fde:	08ec                	addi	a1,sp,92
    80000fe0:	526010ef          	jal	80002506 <__d2b>
    80000fe4:	014a579b          	srliw	a5,s4,0x14
    80000fe8:	e82a                	sd	a0,16(sp)
    80000fea:	7ff7f793          	andi	a5,a5,2047
    80000fee:	4666                	lw	a2,88(sp)
    80000ff0:	cfed                	beqz	a5,800010ea <_dtoa_r+0x234>
    80000ff2:	00c91713          	slli	a4,s2,0xc
    80000ff6:	65e2                	ld	a1,24(sp)
    80000ff8:	9331                	srli	a4,a4,0x2c
    80000ffa:	3ff006b7          	lui	a3,0x3ff00
    80000ffe:	8f55                	or	a4,a4,a3
    80001000:	c017879b          	addiw	a5,a5,-1023
    80001004:	4a01                	li	s4,0
    80001006:	02071693          	slli	a3,a4,0x20
    8000100a:	577d                	li	a4,-1
    8000100c:	9301                	srli	a4,a4,0x20
    8000100e:	8f6d                	and	a4,a4,a1
    80001010:	8f55                	or	a4,a4,a3
    80001012:	f2070753          	fmv.d.x	fa4,a4
    80001016:	00004697          	auipc	a3,0x4
    8000101a:	9726b787          	fld	fa5,-1678(a3) # 80004988 <__atexit_dummy+0x10>
    8000101e:	00004717          	auipc	a4,0x4
    80001022:	97273687          	fld	fa3,-1678(a4) # 80004990 <__atexit_dummy+0x18>
    80001026:	0af777d3          	fsub.d	fa5,fa4,fa5
    8000102a:	00004717          	auipc	a4,0x4
    8000102e:	96e73707          	fld	fa4,-1682(a4) # 80004998 <__atexit_dummy+0x20>
    80001032:	72d7f7c3          	fmadd.d	fa5,fa5,fa3,fa4
    80001036:	d2078753          	fcvt.d.w	fa4,a5
    8000103a:	00004717          	auipc	a4,0x4
    8000103e:	96673687          	fld	fa3,-1690(a4) # 800049a0 <__atexit_dummy+0x28>
    80001042:	7ad777c3          	fmadd.d	fa5,fa4,fa3,fa5
    80001046:	f2000753          	fmv.d.x	fa4,zero
    8000104a:	c20796d3          	fcvt.w.d	a3,fa5,rtz
    8000104e:	a2e795d3          	flt.d	a1,fa5,fa4
    80001052:	0006849b          	sext.w	s1,a3
    80001056:	c981                	beqz	a1,80001066 <_dtoa_r+0x1b0>
    80001058:	d2068753          	fcvt.d.w	fa4,a3
    8000105c:	a2f725d3          	feq.d	a1,fa4,fa5
    80001060:	e199                	bnez	a1,80001066 <_dtoa_r+0x1b0>
    80001062:	fff6849b          	addiw	s1,a3,-1
    80001066:	4705                	li	a4,1
    80001068:	0004869b          	sext.w	a3,s1
    8000106c:	45d9                	li	a1,22
    8000106e:	fc3a                	sd	a4,56(sp)
    80001070:	02d5e163          	bltu	a1,a3,80001092 <_dtoa_r+0x1dc>
    80001074:	00349593          	slli	a1,s1,0x3
    80001078:	00003697          	auipc	a3,0x3
    8000107c:	47068693          	addi	a3,a3,1136 # 800044e8 <__mprec_tens>
    80001080:	96ae                	add	a3,a3,a1
    80001082:	229c                	fld	fa5,0(a3)
    80001084:	f2090753          	fmv.d.x	fa4,s2
    80001088:	a2f716d3          	flt.d	a3,fa4,fa5
    8000108c:	c291                	beqz	a3,80001090 <_dtoa_r+0x1da>
    8000108e:	34fd                	addiw	s1,s1,-1
    80001090:	fc02                	sd	zero,56(sp)
    80001092:	9e1d                	subw	a2,a2,a5
    80001094:	fff60d1b          	addiw	s10,a2,-1
    80001098:	4401                	li	s0,0
    8000109a:	000d5663          	bgez	s10,800010a6 <_dtoa_r+0x1f0>
    8000109e:	4685                	li	a3,1
    800010a0:	40c6843b          	subw	s0,a3,a2
    800010a4:	4d01                	li	s10,0
    800010a6:	0804ca63          	bltz	s1,8000113a <_dtoa_r+0x284>
    800010aa:	01a48d3b          	addw	s10,s1,s10
    800010ae:	f826                	sd	s1,48(sp)
    800010b0:	4881                	li	a7,0
    800010b2:	47a5                	li	a5,9
    800010b4:	0f77e363          	bltu	a5,s7,8000119a <_dtoa_r+0x2e4>
    800010b8:	4795                	li	a5,5
    800010ba:	4a85                	li	s5,1
    800010bc:	0177d463          	bge	a5,s7,800010c4 <_dtoa_r+0x20e>
    800010c0:	3bf1                	addiw	s7,s7,-4
    800010c2:	4a81                	li	s5,0
    800010c4:	4791                	li	a5,4
    800010c6:	06fb8f63          	beq	s7,a5,80001144 <_dtoa_r+0x28e>
    800010ca:	4795                	li	a5,5
    800010cc:	0afb8c63          	beq	s7,a5,80001184 <_dtoa_r+0x2ce>
    800010d0:	4789                	li	a5,2
    800010d2:	0afb8763          	beq	s7,a5,80001180 <_dtoa_r+0x2ca>
    800010d6:	478d                	li	a5,3
    800010d8:	4d81                	li	s11,0
    800010da:	0afb8663          	beq	s7,a5,80001186 <_dtoa_r+0x2d0>
    800010de:	4d85                	li	s11,1
    800010e0:	5cfd                	li	s9,-1
    800010e2:	5b7d                	li	s6,-1
    800010e4:	47c9                	li	a5,18
    800010e6:	f002                	sd	zero,32(sp)
    800010e8:	a0a5                	j	80001150 <_dtoa_r+0x29a>
    800010ea:	47f6                	lw	a5,92(sp)
    800010ec:	02000713          	li	a4,32
    800010f0:	2981                	sext.w	s3,s3
    800010f2:	9fb1                	addw	a5,a5,a2
    800010f4:	4327859b          	addiw	a1,a5,1074
    800010f8:	02b75b63          	bge	a4,a1,8000112e <_dtoa_r+0x278>
    800010fc:	04000713          	li	a4,64
    80001100:	9f0d                	subw	a4,a4,a1
    80001102:	00ea1a3b          	sllw	s4,s4,a4
    80001106:	4127871b          	addiw	a4,a5,1042
    8000110a:	00e9d9bb          	srlw	s3,s3,a4
    8000110e:	013a6a33          	or	s4,s4,s3
    80001112:	000a099b          	sext.w	s3,s4
    80001116:	d21987d3          	fcvt.d.wu	fa5,s3
    8000111a:	fe100737          	lui	a4,0xfe100
    8000111e:	37fd                	addiw	a5,a5,-1
    80001120:	e20785d3          	fmv.x.d	a1,fa5
    80001124:	4a05                	li	s4,1
    80001126:	0205d693          	srli	a3,a1,0x20
    8000112a:	9f35                	addw	a4,a4,a3
    8000112c:	bde9                	j	80001006 <_dtoa_r+0x150>
    8000112e:	02000713          	li	a4,32
    80001132:	9f0d                	subw	a4,a4,a1
    80001134:	00e999bb          	sllw	s3,s3,a4
    80001138:	bff9                	j	80001116 <_dtoa_r+0x260>
    8000113a:	9c05                	subw	s0,s0,s1
    8000113c:	409008bb          	negw	a7,s1
    80001140:	f802                	sd	zero,48(sp)
    80001142:	bf85                	j	800010b2 <_dtoa_r+0x1fc>
    80001144:	4d85                	li	s11,1
    80001146:	7782                	ld	a5,32(sp)
    80001148:	04f05c63          	blez	a5,800011a0 <_dtoa_r+0x2ea>
    8000114c:	8cbe                	mv	s9,a5
    8000114e:	8b3e                	mv	s6,a5
    80001150:	6722                	ld	a4,8(sp)
    80001152:	4581                	li	a1,0
    80001154:	4611                	li	a2,4
    80001156:	7f08                	ld	a0,56(a4)
    80001158:	01c60313          	addi	t1,a2,28
    8000115c:	0467f863          	bgeu	a5,t1,800011ac <_dtoa_r+0x2f6>
    80001160:	c50c                	sw	a1,8(a0)
    80001162:	6522                	ld	a0,8(sp)
    80001164:	e0c6                	sd	a7,64(sp)
    80001166:	1c3000ef          	jal	80001b28 <_Balloc>
    8000116a:	6886                	ld	a7,64(sp)
    8000116c:	89aa                	mv	s3,a0
    8000116e:	e139                	bnez	a0,800011b4 <_dtoa_r+0x2fe>
    80001170:	00003697          	auipc	a3,0x3
    80001174:	0a868693          	addi	a3,a3,168 # 80004218 <__tbss_end+0x126>
    80001178:	4601                	li	a2,0
    8000117a:	1af00593          	li	a1,431
    8000117e:	b359                	j	80000f04 <_dtoa_r+0x4e>
    80001180:	4d81                	li	s11,0
    80001182:	b7d1                	j	80001146 <_dtoa_r+0x290>
    80001184:	4d85                	li	s11,1
    80001186:	7782                	ld	a5,32(sp)
    80001188:	00f48cbb          	addw	s9,s1,a5
    8000118c:	001c8b1b          	addiw	s6,s9,1
    80001190:	87da                	mv	a5,s6
    80001192:	fb604fe3          	bgtz	s6,80001150 <_dtoa_r+0x29a>
    80001196:	4785                	li	a5,1
    80001198:	bf65                	j	80001150 <_dtoa_r+0x29a>
    8000119a:	4a85                	li	s5,1
    8000119c:	4b81                	li	s7,0
    8000119e:	b781                	j	800010de <_dtoa_r+0x228>
    800011a0:	4705                	li	a4,1
    800011a2:	4c85                	li	s9,1
    800011a4:	4b05                	li	s6,1
    800011a6:	4785                	li	a5,1
    800011a8:	f03a                	sd	a4,32(sp)
    800011aa:	b75d                	j	80001150 <_dtoa_r+0x29a>
    800011ac:	2585                	addiw	a1,a1,1
    800011ae:	0016161b          	slliw	a2,a2,0x1
    800011b2:	b75d                	j	80001158 <_dtoa_r+0x2a2>
    800011b4:	67a2                	ld	a5,8(sp)
    800011b6:	4639                	li	a2,14
    800011b8:	7f9c                	ld	a5,56(a5)
    800011ba:	e388                	sd	a0,0(a5)
    800011bc:	000b079b          	sext.w	a5,s6
    800011c0:	0cf66e63          	bltu	a2,a5,8000129c <_dtoa_r+0x3e6>
    800011c4:	0c0a8c63          	beqz	s5,8000129c <_dtoa_r+0x3e6>
    800011c8:	14905e63          	blez	s1,80001324 <_dtoa_r+0x46e>
    800011cc:	00f4f613          	andi	a2,s1,15
    800011d0:	060e                	slli	a2,a2,0x3
    800011d2:	00003797          	auipc	a5,0x3
    800011d6:	31678793          	addi	a5,a5,790 # 800044e8 <__mprec_tens>
    800011da:	97b2                	add	a5,a5,a2
    800011dc:	239c                	fld	fa5,0(a5)
    800011de:	4044d79b          	sraiw	a5,s1,0x4
    800011e2:	0107f613          	andi	a2,a5,16
    800011e6:	4509                	li	a0,2
    800011e8:	ce01                	beqz	a2,80001200 <_dtoa_r+0x34a>
    800011ea:	f20906d3          	fmv.d.x	fa3,s2
    800011ee:	00003717          	auipc	a4,0x3
    800011f2:	2f273707          	fld	fa4,754(a4) # 800044e0 <__mprec_bigtens+0x20>
    800011f6:	8bbd                	andi	a5,a5,15
    800011f8:	1ae6f753          	fdiv.d	fa4,fa3,fa4
    800011fc:	450d                	li	a0,3
    800011fe:	ac3a                	fsd	fa4,24(sp)
    80001200:	00003617          	auipc	a2,0x3
    80001204:	2c060613          	addi	a2,a2,704 # 800044c0 <__mprec_bigtens>
    80001208:	10079463          	bnez	a5,80001310 <_dtoa_r+0x45a>
    8000120c:	2762                	fld	fa4,24(sp)
    8000120e:	1af777d3          	fdiv.d	fa5,fa4,fa5
    80001212:	ac3e                	fsd	fa5,24(sp)
    80001214:	77e2                	ld	a5,56(sp)
    80001216:	2762                	fld	fa4,24(sp)
    80001218:	16078763          	beqz	a5,80001386 <_dtoa_r+0x4d0>
    8000121c:	00003797          	auipc	a5,0x3
    80001220:	78c7b787          	fld	fa5,1932(a5) # 800049a8 <__atexit_dummy+0x30>
    80001224:	a2f717d3          	flt.d	a5,fa4,fa5
    80001228:	14078f63          	beqz	a5,80001386 <_dtoa_r+0x4d0>
    8000122c:	160b0063          	beqz	s6,8000138c <_dtoa_r+0x4d6>
    80001230:	07905563          	blez	s9,8000129a <_dtoa_r+0x3e4>
    80001234:	00003797          	auipc	a5,0x3
    80001238:	77c7b787          	fld	fa5,1916(a5) # 800049b0 <__atexit_dummy+0x38>
    8000123c:	12f777d3          	fmul.d	fa5,fa4,fa5
    80001240:	fff48a9b          	addiw	s5,s1,-1
    80001244:	2505                	addiw	a0,a0,1
    80001246:	85e6                	mv	a1,s9
    80001248:	ac3e                	fsd	fa5,24(sp)
    8000124a:	d2050753          	fcvt.d.w	fa4,a0
    8000124e:	27e2                	fld	fa5,24(sp)
    80001250:	00003797          	auipc	a5,0x3
    80001254:	7687b687          	fld	fa3,1896(a5) # 800049b8 <__atexit_dummy+0x40>
    80001258:	fcc00637          	lui	a2,0xfcc00
    8000125c:	6af77743          	fmadd.d	fa4,fa4,fa5,fa3
    80001260:	e2070553          	fmv.x.d	a0,fa4
    80001264:	02055793          	srli	a5,a0,0x20
    80001268:	9e3d                	addw	a2,a2,a5
    8000126a:	57fd                	li	a5,-1
    8000126c:	9381                	srli	a5,a5,0x20
    8000126e:	1602                	slli	a2,a2,0x20
    80001270:	8fe9                	and	a5,a5,a0
    80001272:	8fd1                	or	a5,a5,a2
    80001274:	10059f63          	bnez	a1,80001392 <_dtoa_r+0x4dc>
    80001278:	00003717          	auipc	a4,0x3
    8000127c:	74873707          	fld	fa4,1864(a4) # 800049c0 <__atexit_dummy+0x48>
    80001280:	0ae7f753          	fsub.d	fa4,fa5,fa4
    80001284:	f20787d3          	fmv.d.x	fa5,a5
    80001288:	a2e79653          	flt.d	a2,fa5,fa4
    8000128c:	48061a63          	bnez	a2,80001720 <_dtoa_r+0x86a>
    80001290:	22f797d3          	fneg.d	fa5,fa5
    80001294:	a2f717d3          	flt.d	a5,fa4,fa5
    80001298:	e3b1                	bnez	a5,800012dc <_dtoa_r+0x426>
    8000129a:	ec4a                	sd	s2,24(sp)
    8000129c:	47f6                	lw	a5,92(sp)
    8000129e:	2807c263          	bltz	a5,80001522 <_dtoa_r+0x66c>
    800012a2:	4639                	li	a2,14
    800012a4:	26964f63          	blt	a2,s1,80001522 <_dtoa_r+0x66c>
    800012a8:	00349693          	slli	a3,s1,0x3
    800012ac:	00003797          	auipc	a5,0x3
    800012b0:	23c78793          	addi	a5,a5,572 # 800044e8 <__mprec_tens>
    800012b4:	97b6                	add	a5,a5,a3
    800012b6:	2398                	fld	fa4,0(a5)
    800012b8:	7782                	ld	a5,32(sp)
    800012ba:	1c07d163          	bgez	a5,8000147c <_dtoa_r+0x5c6>
    800012be:	1b604f63          	bgtz	s6,8000147c <_dtoa_r+0x5c6>
    800012c2:	000b1d63          	bnez	s6,800012dc <_dtoa_r+0x426>
    800012c6:	00003797          	auipc	a5,0x3
    800012ca:	6fa7b787          	fld	fa5,1786(a5) # 800049c0 <__atexit_dummy+0x48>
    800012ce:	12f77753          	fmul.d	fa4,fa4,fa5
    800012d2:	27e2                	fld	fa5,24(sp)
    800012d4:	a2e787d3          	fle.d	a5,fa5,fa4
    800012d8:	44078363          	beqz	a5,8000171e <_dtoa_r+0x868>
    800012dc:	4a01                	li	s4,0
    800012de:	4901                	li	s2,0
    800012e0:	7782                	ld	a5,32(sp)
    800012e2:	8c4e                	mv	s8,s3
    800012e4:	fff7ca93          	not	s5,a5
    800012e8:	4b01                	li	s6,0
    800012ea:	6522                	ld	a0,8(sp)
    800012ec:	85d2                	mv	a1,s4
    800012ee:	0e7000ef          	jal	80001bd4 <_Bfree>
    800012f2:	18090063          	beqz	s2,80001472 <_dtoa_r+0x5bc>
    800012f6:	000b0863          	beqz	s6,80001306 <_dtoa_r+0x450>
    800012fa:	012b0663          	beq	s6,s2,80001306 <_dtoa_r+0x450>
    800012fe:	6522                	ld	a0,8(sp)
    80001300:	85da                	mv	a1,s6
    80001302:	0d3000ef          	jal	80001bd4 <_Bfree>
    80001306:	6522                	ld	a0,8(sp)
    80001308:	85ca                	mv	a1,s2
    8000130a:	0cb000ef          	jal	80001bd4 <_Bfree>
    8000130e:	a295                	j	80001472 <_dtoa_r+0x5bc>
    80001310:	0017f593          	andi	a1,a5,1
    80001314:	c589                	beqz	a1,8000131e <_dtoa_r+0x468>
    80001316:	2218                	fld	fa4,0(a2)
    80001318:	2505                	addiw	a0,a0,1
    8000131a:	12e7f7d3          	fmul.d	fa5,fa5,fa4
    8000131e:	8785                	srai	a5,a5,0x1
    80001320:	0621                	addi	a2,a2,8 # fffffffffcc00008 <__heap_end+0xffffffff7cbdb008>
    80001322:	b5dd                	j	80001208 <_dtoa_r+0x352>
    80001324:	4509                	li	a0,2
    80001326:	ee0487e3          	beqz	s1,80001214 <_dtoa_r+0x35e>
    8000132a:	409007bb          	negw	a5,s1
    8000132e:	00f7f593          	andi	a1,a5,15
    80001332:	058e                	slli	a1,a1,0x3
    80001334:	00003617          	auipc	a2,0x3
    80001338:	1b460613          	addi	a2,a2,436 # 800044e8 <__mprec_tens>
    8000133c:	962e                	add	a2,a2,a1
    8000133e:	221c                	fld	fa5,0(a2)
    80001340:	f2090753          	fmv.d.x	fa4,s2
    80001344:	4047d79b          	sraiw	a5,a5,0x4
    80001348:	00003597          	auipc	a1,0x3
    8000134c:	17858593          	addi	a1,a1,376 # 800044c0 <__mprec_bigtens>
    80001350:	12f777d3          	fmul.d	fa5,fa4,fa5
    80001354:	4301                	li	t1,0
    80001356:	e2078653          	fmv.x.d	a2,fa5
    8000135a:	ec32                	sd	a2,24(sp)
    8000135c:	e789                	bnez	a5,80001366 <_dtoa_r+0x4b0>
    8000135e:	ea030be3          	beqz	t1,80001214 <_dtoa_r+0x35e>
    80001362:	ec32                	sd	a2,24(sp)
    80001364:	bd45                	j	80001214 <_dtoa_r+0x35e>
    80001366:	0017fe13          	andi	t3,a5,1
    8000136a:	000e0b63          	beqz	t3,80001380 <_dtoa_r+0x4ca>
    8000136e:	f2060753          	fmv.d.x	fa4,a2
    80001372:	219c                	fld	fa5,0(a1)
    80001374:	2505                	addiw	a0,a0,1
    80001376:	4305                	li	t1,1
    80001378:	12f777d3          	fmul.d	fa5,fa4,fa5
    8000137c:	e2078653          	fmv.x.d	a2,fa5
    80001380:	8785                	srai	a5,a5,0x1
    80001382:	05a1                	addi	a1,a1,8
    80001384:	bfe1                	j	8000135c <_dtoa_r+0x4a6>
    80001386:	8aa6                	mv	s5,s1
    80001388:	85da                	mv	a1,s6
    8000138a:	b5c1                	j	8000124a <_dtoa_r+0x394>
    8000138c:	8aa6                	mv	s5,s1
    8000138e:	4581                	li	a1,0
    80001390:	bd6d                	j	8000124a <_dtoa_r+0x394>
    80001392:	fff5851b          	addiw	a0,a1,-1
    80001396:	050e                	slli	a0,a0,0x3
    80001398:	00003617          	auipc	a2,0x3
    8000139c:	15060613          	addi	a2,a2,336 # 800044e8 <__mprec_tens>
    800013a0:	962a                	add	a2,a2,a0
    800013a2:	2214                	fld	fa3,0(a2)
    800013a4:	060d8163          	beqz	s11,80001406 <_dtoa_r+0x550>
    800013a8:	00003717          	auipc	a4,0x3
    800013ac:	62073707          	fld	fa4,1568(a4) # 800049c8 <__atexit_dummy+0x50>
    800013b0:	1ad77753          	fdiv.d	fa4,fa4,fa3
    800013b4:	f20786d3          	fmv.d.x	fa3,a5
    800013b8:	8c4e                	mv	s8,s3
    800013ba:	00003797          	auipc	a5,0x3
    800013be:	5ee7b607          	fld	fa2,1518(a5) # 800049a8 <__atexit_dummy+0x30>
    800013c2:	0ad77753          	fsub.d	fa4,fa4,fa3
    800013c6:	00003797          	auipc	a5,0x3
    800013ca:	5ea7b687          	fld	fa3,1514(a5) # 800049b0 <__atexit_dummy+0x38>
    800013ce:	c2079653          	fcvt.w.d	a2,fa5,rtz
    800013d2:	0c05                	addi	s8,s8,1
    800013d4:	d20605d3          	fcvt.d.w	fa1,a2
    800013d8:	0306061b          	addiw	a2,a2,48
    800013dc:	fecc0fa3          	sb	a2,-1(s8)
    800013e0:	0ab7f7d3          	fsub.d	fa5,fa5,fa1
    800013e4:	a2e79653          	flt.d	a2,fa5,fa4
    800013e8:	e649                	bnez	a2,80001472 <_dtoa_r+0x5bc>
    800013ea:	0af675d3          	fsub.d	fa1,fa2,fa5
    800013ee:	a2e59653          	flt.d	a2,fa1,fa4
    800013f2:	ee65                	bnez	a2,800014ea <_dtoa_r+0x634>
    800013f4:	413c063b          	subw	a2,s8,s3
    800013f8:	eab651e3          	bge	a2,a1,8000129a <_dtoa_r+0x3e4>
    800013fc:	12d77753          	fmul.d	fa4,fa4,fa3
    80001400:	12d7f7d3          	fmul.d	fa5,fa5,fa3
    80001404:	b7e9                	j	800013ce <_dtoa_r+0x518>
    80001406:	f2078753          	fmv.d.x	fa4,a5
    8000140a:	4781                	li	a5,0
    8000140c:	12e6f753          	fmul.d	fa4,fa3,fa4
    80001410:	00003717          	auipc	a4,0x3
    80001414:	5a073687          	fld	fa3,1440(a4) # 800049b0 <__atexit_dummy+0x38>
    80001418:	c2079653          	fcvt.w.d	a2,fa5,rtz
    8000141c:	00f98533          	add	a0,s3,a5
    80001420:	0785                	addi	a5,a5,1
    80001422:	d2060653          	fcvt.d.w	fa2,a2
    80001426:	0306061b          	addiw	a2,a2,48
    8000142a:	00c50023          	sb	a2,0(a0)
    8000142e:	0007861b          	sext.w	a2,a5
    80001432:	0ac7f7d3          	fsub.d	fa5,fa5,fa2
    80001436:	04c59063          	bne	a1,a2,80001476 <_dtoa_r+0x5c0>
    8000143a:	00003797          	auipc	a5,0x3
    8000143e:	58e7b687          	fld	fa3,1422(a5) # 800049c8 <__atexit_dummy+0x50>
    80001442:	02d77653          	fadd.d	fa2,fa4,fa3
    80001446:	1582                	slli	a1,a1,0x20
    80001448:	9181                	srli	a1,a1,0x20
    8000144a:	00b98c33          	add	s8,s3,a1
    8000144e:	a2f61653          	flt.d	a2,fa2,fa5
    80001452:	ee41                	bnez	a2,800014ea <_dtoa_r+0x634>
    80001454:	0ae6f6d3          	fsub.d	fa3,fa3,fa4
    80001458:	a2d79653          	flt.d	a2,fa5,fa3
    8000145c:	e2060fe3          	beqz	a2,8000129a <_dtoa_r+0x3e4>
    80001460:	03000693          	li	a3,48
    80001464:	8762                	mv	a4,s8
    80001466:	fffc4603          	lbu	a2,-1(s8)
    8000146a:	1c7d                	addi	s8,s8,-1
    8000146c:	fed60ce3          	beq	a2,a3,80001464 <_dtoa_r+0x5ae>
    80001470:	8c3a                	mv	s8,a4
    80001472:	84d6                	mv	s1,s5
    80001474:	a891                	j	800014c8 <_dtoa_r+0x612>
    80001476:	12d7f7d3          	fmul.d	fa5,fa5,fa3
    8000147a:	bf79                	j	80001418 <_dtoa_r+0x562>
    8000147c:	27e2                	fld	fa5,24(sp)
    8000147e:	f20006d3          	fmv.d.x	fa3,zero
    80001482:	8c4e                	mv	s8,s3
    80001484:	00003797          	auipc	a5,0x3
    80001488:	52c7b607          	fld	fa2,1324(a5) # 800049b0 <__atexit_dummy+0x38>
    8000148c:	1ae7f5d3          	fdiv.d	fa1,fa5,fa4
    80001490:	0c05                	addi	s8,s8,1
    80001492:	c20596d3          	fcvt.w.d	a3,fa1,rtz
    80001496:	d20685d3          	fcvt.d.w	fa1,a3
    8000149a:	0006861b          	sext.w	a2,a3
    8000149e:	0306869b          	addiw	a3,a3,48
    800014a2:	fedc0fa3          	sb	a3,-1(s8)
    800014a6:	413c06bb          	subw	a3,s8,s3
    800014aa:	7ae5f7cb          	fnmsub.d	fa5,fa1,fa4,fa5
    800014ae:	07669463          	bne	a3,s6,80001516 <_dtoa_r+0x660>
    800014b2:	02f7f7d3          	fadd.d	fa5,fa5,fa5
    800014b6:	a2f716d3          	flt.d	a3,fa4,fa5
    800014ba:	e69d                	bnez	a3,800014e8 <_dtoa_r+0x632>
    800014bc:	a2e7a6d3          	feq.d	a3,fa5,fa4
    800014c0:	c681                	beqz	a3,800014c8 <_dtoa_r+0x612>
    800014c2:	00167693          	andi	a3,a2,1
    800014c6:	e28d                	bnez	a3,800014e8 <_dtoa_r+0x632>
    800014c8:	65c2                	ld	a1,16(sp)
    800014ca:	6522                	ld	a0,8(sp)
    800014cc:	708000ef          	jal	80001bd4 <_Bfree>
    800014d0:	67a6                	ld	a5,72(sp)
    800014d2:	000c0023          	sb	zero,0(s8)
    800014d6:	0014871b          	addiw	a4,s1,1
    800014da:	c398                	sw	a4,0(a5)
    800014dc:	77a2                	ld	a5,40(sp)
    800014de:	44078163          	beqz	a5,80001920 <_dtoa_r+0xa6a>
    800014e2:	0187b023          	sd	s8,0(a5)
    800014e6:	a92d                	j	80001920 <_dtoa_r+0xa6a>
    800014e8:	8aa6                	mv	s5,s1
    800014ea:	8762                	mv	a4,s8
    800014ec:	03900693          	li	a3,57
    800014f0:	8c3a                	mv	s8,a4
    800014f2:	fff74603          	lbu	a2,-1(a4)
    800014f6:	177d                	addi	a4,a4,-1
    800014f8:	00d61963          	bne	a2,a3,8000150a <_dtoa_r+0x654>
    800014fc:	fee99ae3          	bne	s3,a4,800014f0 <_dtoa_r+0x63a>
    80001500:	03000693          	li	a3,48
    80001504:	2a85                	addiw	s5,s5,1
    80001506:	00d98023          	sb	a3,0(s3)
    8000150a:	00074683          	lbu	a3,0(a4)
    8000150e:	2685                	addiw	a3,a3,1
    80001510:	00d70023          	sb	a3,0(a4)
    80001514:	bfb9                	j	80001472 <_dtoa_r+0x5bc>
    80001516:	12c7f7d3          	fmul.d	fa5,fa5,fa2
    8000151a:	a2d7a6d3          	feq.d	a3,fa5,fa3
    8000151e:	d6bd                	beqz	a3,8000148c <_dtoa_r+0x5d6>
    80001520:	b765                	j	800014c8 <_dtoa_r+0x612>
    80001522:	1a0d8463          	beqz	s11,800016ca <_dtoa_r+0x814>
    80001526:	4605                	li	a2,1
    80001528:	17764763          	blt	a2,s7,80001696 <_dtoa_r+0x7e0>
    8000152c:	160a0063          	beqz	s4,8000168c <_dtoa_r+0x7d6>
    80001530:	4337879b          	addiw	a5,a5,1075
    80001534:	8a46                	mv	s4,a7
    80001536:	8c22                	mv	s8,s0
    80001538:	6522                	ld	a0,8(sp)
    8000153a:	4585                	li	a1,1
    8000153c:	e0c6                	sd	a7,64(sp)
    8000153e:	9c3d                	addw	s0,s0,a5
    80001540:	01a78d3b          	addw	s10,a5,s10
    80001544:	13d000ef          	jal	80001e80 <__i2b>
    80001548:	6886                	ld	a7,64(sp)
    8000154a:	892a                	mv	s2,a0
    8000154c:	000c0d63          	beqz	s8,80001566 <_dtoa_r+0x6b0>
    80001550:	01a05b63          	blez	s10,80001566 <_dtoa_r+0x6b0>
    80001554:	87e2                	mv	a5,s8
    80001556:	018d5363          	bge	s10,s8,8000155c <_dtoa_r+0x6a6>
    8000155a:	87ea                	mv	a5,s10
    8000155c:	9c1d                	subw	s0,s0,a5
    8000155e:	40fc0c3b          	subw	s8,s8,a5
    80001562:	40fd0d3b          	subw	s10,s10,a5
    80001566:	04088163          	beqz	a7,800015a8 <_dtoa_r+0x6f2>
    8000156a:	160d8463          	beqz	s11,800016d2 <_dtoa_r+0x81c>
    8000156e:	020a0563          	beqz	s4,80001598 <_dtoa_r+0x6e2>
    80001572:	6522                	ld	a0,8(sp)
    80001574:	85ca                	mv	a1,s2
    80001576:	8652                	mv	a2,s4
    80001578:	e0c6                	sd	a7,64(sp)
    8000157a:	2d5000ef          	jal	8000204e <__pow5mult>
    8000157e:	85aa                	mv	a1,a0
    80001580:	6642                	ld	a2,16(sp)
    80001582:	892a                	mv	s2,a0
    80001584:	6522                	ld	a0,8(sp)
    80001586:	133000ef          	jal	80001eb8 <__multiply>
    8000158a:	8aaa                	mv	s5,a0
    8000158c:	65c2                	ld	a1,16(sp)
    8000158e:	6522                	ld	a0,8(sp)
    80001590:	644000ef          	jal	80001bd4 <_Bfree>
    80001594:	6886                	ld	a7,64(sp)
    80001596:	e856                	sd	s5,16(sp)
    80001598:	4148863b          	subw	a2,a7,s4
    8000159c:	c611                	beqz	a2,800015a8 <_dtoa_r+0x6f2>
    8000159e:	65c2                	ld	a1,16(sp)
    800015a0:	6522                	ld	a0,8(sp)
    800015a2:	2ad000ef          	jal	8000204e <__pow5mult>
    800015a6:	e82a                	sd	a0,16(sp)
    800015a8:	6522                	ld	a0,8(sp)
    800015aa:	4585                	li	a1,1
    800015ac:	0d5000ef          	jal	80001e80 <__i2b>
    800015b0:	77c2                	ld	a5,48(sp)
    800015b2:	8a2a                	mv	s4,a0
    800015b4:	38078663          	beqz	a5,80001940 <_dtoa_r+0xa8a>
    800015b8:	85aa                	mv	a1,a0
    800015ba:	6522                	ld	a0,8(sp)
    800015bc:	863e                	mv	a2,a5
    800015be:	291000ef          	jal	8000204e <__pow5mult>
    800015c2:	4785                	li	a5,1
    800015c4:	e082                	sd	zero,64(sp)
    800015c6:	8a2a                	mv	s4,a0
    800015c8:	0377c463          	blt	a5,s7,800015f0 <_dtoa_r+0x73a>
    800015cc:	67e2                	ld	a5,24(sp)
    800015ce:	e082                	sd	zero,64(sp)
    800015d0:	07b2                	slli	a5,a5,0xc
    800015d2:	ef81                	bnez	a5,800015ea <_dtoa_r+0x734>
    800015d4:	67e2                	ld	a5,24(sp)
    800015d6:	9381                	srli	a5,a5,0x20
    800015d8:	0147d613          	srli	a2,a5,0x14
    800015dc:	7ff67613          	andi	a2,a2,2047
    800015e0:	c609                	beqz	a2,800015ea <_dtoa_r+0x734>
    800015e2:	4785                	li	a5,1
    800015e4:	2405                	addiw	s0,s0,1
    800015e6:	2d05                	addiw	s10,s10,1
    800015e8:	e0be                	sd	a5,64(sp)
    800015ea:	77c2                	ld	a5,48(sp)
    800015ec:	4505                	li	a0,1
    800015ee:	cf91                	beqz	a5,8000160a <_dtoa_r+0x754>
    800015f0:	014a2783          	lw	a5,20(s4)
    800015f4:	37fd                	addiw	a5,a5,-1
    800015f6:	0791                	addi	a5,a5,4
    800015f8:	078a                	slli	a5,a5,0x2
    800015fa:	97d2                	add	a5,a5,s4
    800015fc:	4788                	lw	a0,8(a5)
    800015fe:	7bc000ef          	jal	80001dba <__hi0bits>
    80001602:	02000793          	li	a5,32
    80001606:	40a7853b          	subw	a0,a5,a0
    8000160a:	00ad053b          	addw	a0,s10,a0
    8000160e:	897d                	andi	a0,a0,31
    80001610:	c579                	beqz	a0,800016de <_dtoa_r+0x828>
    80001612:	02000793          	li	a5,32
    80001616:	9f89                	subw	a5,a5,a0
    80001618:	4611                	li	a2,4
    8000161a:	0af65e63          	bge	a2,a5,800016d6 <_dtoa_r+0x820>
    8000161e:	47f1                	li	a5,28
    80001620:	9f89                	subw	a5,a5,a0
    80001622:	9c3d                	addw	s0,s0,a5
    80001624:	01878c3b          	addw	s8,a5,s8
    80001628:	01a78d3b          	addw	s10,a5,s10
    8000162c:	00805863          	blez	s0,8000163c <_dtoa_r+0x786>
    80001630:	65c2                	ld	a1,16(sp)
    80001632:	6522                	ld	a0,8(sp)
    80001634:	8622                	mv	a2,s0
    80001636:	2f5000ef          	jal	8000212a <__lshift>
    8000163a:	e82a                	sd	a0,16(sp)
    8000163c:	01a05863          	blez	s10,8000164c <_dtoa_r+0x796>
    80001640:	6522                	ld	a0,8(sp)
    80001642:	85d2                	mv	a1,s4
    80001644:	866a                	mv	a2,s10
    80001646:	2e5000ef          	jal	8000212a <__lshift>
    8000164a:	8a2a                	mv	s4,a0
    8000164c:	77e2                	ld	a5,56(sp)
    8000164e:	cbd1                	beqz	a5,800016e2 <_dtoa_r+0x82c>
    80001650:	6542                	ld	a0,16(sp)
    80001652:	85d2                	mv	a1,s4
    80001654:	3df000ef          	jal	80002232 <__mcmp>
    80001658:	08055563          	bgez	a0,800016e2 <_dtoa_r+0x82c>
    8000165c:	65c2                	ld	a1,16(sp)
    8000165e:	6522                	ld	a0,8(sp)
    80001660:	4681                	li	a3,0
    80001662:	4629                	li	a2,10
    80001664:	5d2000ef          	jal	80001c36 <__multadd>
    80001668:	e82a                	sd	a0,16(sp)
    8000166a:	fff48a9b          	addiw	s5,s1,-1
    8000166e:	2c0d8f63          	beqz	s11,8000194c <_dtoa_r+0xa96>
    80001672:	6522                	ld	a0,8(sp)
    80001674:	85ca                	mv	a1,s2
    80001676:	4681                	li	a3,0
    80001678:	4629                	li	a2,10
    8000167a:	5bc000ef          	jal	80001c36 <__multadd>
    8000167e:	892a                	mv	s2,a0
    80001680:	0b904563          	bgtz	s9,8000172a <_dtoa_r+0x874>
    80001684:	4789                	li	a5,2
    80001686:	0777c563          	blt	a5,s7,800016f0 <_dtoa_r+0x83a>
    8000168a:	a045                	j	8000172a <_dtoa_r+0x874>
    8000168c:	4666                	lw	a2,88(sp)
    8000168e:	03600793          	li	a5,54
    80001692:	9f91                	subw	a5,a5,a2
    80001694:	b545                	j	80001534 <_dtoa_r+0x67e>
    80001696:	fffb061b          	addiw	a2,s6,-1
    8000169a:	00c8c963          	blt	a7,a2,800016ac <_dtoa_r+0x7f6>
    8000169e:	40c88a3b          	subw	s4,a7,a2
    800016a2:	020b4063          	bltz	s6,800016c2 <_dtoa_r+0x80c>
    800016a6:	8c22                	mv	s8,s0
    800016a8:	87da                	mv	a5,s6
    800016aa:	b579                	j	80001538 <_dtoa_r+0x682>
    800016ac:	77c2                	ld	a5,48(sp)
    800016ae:	41160a3b          	subw	s4,a2,a7
    800016b2:	8c22                	mv	s8,s0
    800016b4:	00fa07bb          	addw	a5,s4,a5
    800016b8:	f83e                	sd	a5,48(sp)
    800016ba:	88b2                	mv	a7,a2
    800016bc:	87da                	mv	a5,s6
    800016be:	4a01                	li	s4,0
    800016c0:	bda5                	j	80001538 <_dtoa_r+0x682>
    800016c2:	41640c3b          	subw	s8,s0,s6
    800016c6:	4781                	li	a5,0
    800016c8:	bd85                	j	80001538 <_dtoa_r+0x682>
    800016ca:	8a46                	mv	s4,a7
    800016cc:	8c22                	mv	s8,s0
    800016ce:	4901                	li	s2,0
    800016d0:	bdb5                	j	8000154c <_dtoa_r+0x696>
    800016d2:	8646                	mv	a2,a7
    800016d4:	b5e9                	j	8000159e <_dtoa_r+0x6e8>
    800016d6:	f4c78be3          	beq	a5,a2,8000162c <_dtoa_r+0x776>
    800016da:	27f1                	addiw	a5,a5,28
    800016dc:	b799                	j	80001622 <_dtoa_r+0x76c>
    800016de:	4781                	li	a5,0
    800016e0:	bfed                	j	800016da <_dtoa_r+0x824>
    800016e2:	8aa6                	mv	s5,s1
    800016e4:	8cda                	mv	s9,s6
    800016e6:	05604063          	bgtz	s6,80001726 <_dtoa_r+0x870>
    800016ea:	4789                	li	a5,2
    800016ec:	0377dd63          	bge	a5,s7,80001726 <_dtoa_r+0x870>
    800016f0:	be0c98e3          	bnez	s9,800012e0 <_dtoa_r+0x42a>
    800016f4:	6522                	ld	a0,8(sp)
    800016f6:	85d2                	mv	a1,s4
    800016f8:	4681                	li	a3,0
    800016fa:	4615                	li	a2,5
    800016fc:	53a000ef          	jal	80001c36 <__multadd>
    80001700:	8a2a                	mv	s4,a0
    80001702:	85aa                	mv	a1,a0
    80001704:	6542                	ld	a0,16(sp)
    80001706:	32d000ef          	jal	80002232 <__mcmp>
    8000170a:	bca05be3          	blez	a0,800012e0 <_dtoa_r+0x42a>
    8000170e:	03100713          	li	a4,49
    80001712:	00198c13          	addi	s8,s3,1
    80001716:	00e98023          	sb	a4,0(s3)
    8000171a:	2a85                	addiw	s5,s5,1
    8000171c:	b6f1                	j	800012e8 <_dtoa_r+0x432>
    8000171e:	8aa6                	mv	s5,s1
    80001720:	4a01                	li	s4,0
    80001722:	4901                	li	s2,0
    80001724:	b7ed                	j	8000170e <_dtoa_r+0x858>
    80001726:	220d8563          	beqz	s11,80001950 <_dtoa_r+0xa9a>
    8000172a:	01805863          	blez	s8,8000173a <_dtoa_r+0x884>
    8000172e:	6522                	ld	a0,8(sp)
    80001730:	85ca                	mv	a1,s2
    80001732:	8662                	mv	a2,s8
    80001734:	1f7000ef          	jal	8000212a <__lshift>
    80001738:	892a                	mv	s2,a0
    8000173a:	6786                	ld	a5,64(sp)
    8000173c:	854a                	mv	a0,s2
    8000173e:	cf9d                	beqz	a5,8000177c <_dtoa_r+0x8c6>
    80001740:	00892583          	lw	a1,8(s2)
    80001744:	6522                	ld	a0,8(sp)
    80001746:	3e2000ef          	jal	80001b28 <_Balloc>
    8000174a:	8b2a                	mv	s6,a0
    8000174c:	e911                	bnez	a0,80001760 <_dtoa_r+0x8aa>
    8000174e:	00003697          	auipc	a3,0x3
    80001752:	aca68693          	addi	a3,a3,-1334 # 80004218 <__tbss_end+0x126>
    80001756:	4601                	li	a2,0
    80001758:	2ef00593          	li	a1,751
    8000175c:	fa8ff06f          	j	80000f04 <_dtoa_r+0x4e>
    80001760:	01492603          	lw	a2,20(s2)
    80001764:	01090593          	addi	a1,s2,16
    80001768:	0541                	addi	a0,a0,16
    8000176a:	0609                	addi	a2,a2,2
    8000176c:	060a                	slli	a2,a2,0x2
    8000176e:	4bd010ef          	jal	8000342a <memcpy>
    80001772:	6522                	ld	a0,8(sp)
    80001774:	4605                	li	a2,1
    80001776:	85da                	mv	a1,s6
    80001778:	1b3000ef          	jal	8000212a <__lshift>
    8000177c:	67e2                	ld	a5,24(sp)
    8000177e:	8b4a                	mv	s6,s2
    80001780:	84ce                	mv	s1,s3
    80001782:	8b85                	andi	a5,a5,1
    80001784:	892a                	mv	s2,a0
    80001786:	ec3e                	sd	a5,24(sp)
    80001788:	6542                	ld	a0,16(sp)
    8000178a:	85d2                	mv	a1,s4
    8000178c:	ddeff0ef          	jal	80000d6a <quorem>
    80001790:	0305041b          	addiw	s0,a0,48
    80001794:	8daa                	mv	s11,a0
    80001796:	6542                	ld	a0,16(sp)
    80001798:	85da                	mv	a1,s6
    8000179a:	d022                	sw	s0,32(sp)
    8000179c:	297000ef          	jal	80002232 <__mcmp>
    800017a0:	8d2a                	mv	s10,a0
    800017a2:	6522                	ld	a0,8(sp)
    800017a4:	85d2                	mv	a1,s4
    800017a6:	864a                	mv	a2,s2
    800017a8:	2bd000ef          	jal	80002264 <__mdiff>
    800017ac:	491c                	lw	a5,16(a0)
    800017ae:	85aa                	mv	a1,a0
    800017b0:	4685                	li	a3,1
    800017b2:	e799                	bnez	a5,800017c0 <_dtoa_r+0x90a>
    800017b4:	f82a                	sd	a0,48(sp)
    800017b6:	6542                	ld	a0,16(sp)
    800017b8:	27b000ef          	jal	80002232 <__mcmp>
    800017bc:	75c2                	ld	a1,48(sp)
    800017be:	86aa                	mv	a3,a0
    800017c0:	6522                	ld	a0,8(sp)
    800017c2:	f836                	sd	a3,48(sp)
    800017c4:	00148c13          	addi	s8,s1,1
    800017c8:	40c000ef          	jal	80001bd4 <_Bfree>
    800017cc:	76c2                	ld	a3,48(sp)
    800017ce:	67e2                	ld	a5,24(sp)
    800017d0:	0176e633          	or	a2,a3,s7
    800017d4:	8e5d                	or	a2,a2,a5
    800017d6:	2601                	sext.w	a2,a2
    800017d8:	ee01                	bnez	a2,800017f0 <_dtoa_r+0x93a>
    800017da:	03900693          	li	a3,57
    800017de:	04d40863          	beq	s0,a3,8000182e <_dtoa_r+0x978>
    800017e2:	01a05463          	blez	s10,800017ea <_dtoa_r+0x934>
    800017e6:	031d841b          	addiw	s0,s11,49
    800017ea:	00848023          	sb	s0,0(s1)
    800017ee:	bcf5                	j	800012ea <_dtoa_r+0x434>
    800017f0:	000d4a63          	bltz	s10,80001804 <_dtoa_r+0x94e>
    800017f4:	67e2                	ld	a5,24(sp)
    800017f6:	01abed33          	or	s10,s7,s10
    800017fa:	01a7ed33          	or	s10,a5,s10
    800017fe:	2d01                	sext.w	s10,s10
    80001800:	040d1863          	bnez	s10,80001850 <_dtoa_r+0x99a>
    80001804:	fed053e3          	blez	a3,800017ea <_dtoa_r+0x934>
    80001808:	65c2                	ld	a1,16(sp)
    8000180a:	6522                	ld	a0,8(sp)
    8000180c:	4605                	li	a2,1
    8000180e:	11d000ef          	jal	8000212a <__lshift>
    80001812:	85d2                	mv	a1,s4
    80001814:	e82a                	sd	a0,16(sp)
    80001816:	21d000ef          	jal	80002232 <__mcmp>
    8000181a:	00a04663          	bgtz	a0,80001826 <_dtoa_r+0x970>
    8000181e:	f571                	bnez	a0,800017ea <_dtoa_r+0x934>
    80001820:	00147693          	andi	a3,s0,1
    80001824:	d2f9                	beqz	a3,800017ea <_dtoa_r+0x934>
    80001826:	03900693          	li	a3,57
    8000182a:	fad41ee3          	bne	s0,a3,800017e6 <_dtoa_r+0x930>
    8000182e:	03900713          	li	a4,57
    80001832:	00e48023          	sb	a4,0(s1)
    80001836:	8762                	mv	a4,s8
    80001838:	03900613          	li	a2,57
    8000183c:	8c3a                	mv	s8,a4
    8000183e:	fffc4683          	lbu	a3,-1(s8)
    80001842:	177d                	addi	a4,a4,-1
    80001844:	0ac68a63          	beq	a3,a2,800018f8 <_dtoa_r+0xa42>
    80001848:	2685                	addiw	a3,a3,1
    8000184a:	00d70023          	sb	a3,0(a4)
    8000184e:	bc71                	j	800012ea <_dtoa_r+0x434>
    80001850:	00d05c63          	blez	a3,80001868 <_dtoa_r+0x9b2>
    80001854:	03900693          	li	a3,57
    80001858:	fcd40be3          	beq	s0,a3,8000182e <_dtoa_r+0x978>
    8000185c:	5782                	lw	a5,32(sp)
    8000185e:	0017871b          	addiw	a4,a5,1
    80001862:	00e48023          	sb	a4,0(s1)
    80001866:	b451                	j	800012ea <_dtoa_r+0x434>
    80001868:	fe8c0fa3          	sb	s0,-1(s8)
    8000186c:	413c06bb          	subw	a3,s8,s3
    80001870:	05968b63          	beq	a3,s9,800018c6 <_dtoa_r+0xa10>
    80001874:	65c2                	ld	a1,16(sp)
    80001876:	6522                	ld	a0,8(sp)
    80001878:	4681                	li	a3,0
    8000187a:	4629                	li	a2,10
    8000187c:	3ba000ef          	jal	80001c36 <__multadd>
    80001880:	e82a                	sd	a0,16(sp)
    80001882:	4681                	li	a3,0
    80001884:	6522                	ld	a0,8(sp)
    80001886:	4629                	li	a2,10
    80001888:	85da                	mv	a1,s6
    8000188a:	012b1863          	bne	s6,s2,8000189a <_dtoa_r+0x9e4>
    8000188e:	3a8000ef          	jal	80001c36 <__multadd>
    80001892:	8b2a                	mv	s6,a0
    80001894:	892a                	mv	s2,a0
    80001896:	84e2                	mv	s1,s8
    80001898:	bdc5                	j	80001788 <_dtoa_r+0x8d2>
    8000189a:	39c000ef          	jal	80001c36 <__multadd>
    8000189e:	8b2a                	mv	s6,a0
    800018a0:	6522                	ld	a0,8(sp)
    800018a2:	85ca                	mv	a1,s2
    800018a4:	4681                	li	a3,0
    800018a6:	4629                	li	a2,10
    800018a8:	38e000ef          	jal	80001c36 <__multadd>
    800018ac:	892a                	mv	s2,a0
    800018ae:	b7e5                	j	80001896 <_dtoa_r+0x9e0>
    800018b0:	4785                	li	a5,1
    800018b2:	01905763          	blez	s9,800018c0 <_dtoa_r+0xa0a>
    800018b6:	fffc879b          	addiw	a5,s9,-1
    800018ba:	1782                	slli	a5,a5,0x20
    800018bc:	9381                	srli	a5,a5,0x20
    800018be:	0785                	addi	a5,a5,1
    800018c0:	00f98c33          	add	s8,s3,a5
    800018c4:	4b01                	li	s6,0
    800018c6:	65c2                	ld	a1,16(sp)
    800018c8:	6522                	ld	a0,8(sp)
    800018ca:	4605                	li	a2,1
    800018cc:	05f000ef          	jal	8000212a <__lshift>
    800018d0:	85d2                	mv	a1,s4
    800018d2:	e82a                	sd	a0,16(sp)
    800018d4:	15f000ef          	jal	80002232 <__mcmp>
    800018d8:	f4a04fe3          	bgtz	a0,80001836 <_dtoa_r+0x980>
    800018dc:	e501                	bnez	a0,800018e4 <_dtoa_r+0xa2e>
    800018de:	00147713          	andi	a4,s0,1
    800018e2:	fb31                	bnez	a4,80001836 <_dtoa_r+0x980>
    800018e4:	8762                	mv	a4,s8
    800018e6:	03000693          	li	a3,48
    800018ea:	8c3a                	mv	s8,a4
    800018ec:	fff74603          	lbu	a2,-1(a4)
    800018f0:	177d                	addi	a4,a4,-1
    800018f2:	fed60ce3          	beq	a2,a3,800018ea <_dtoa_r+0xa34>
    800018f6:	bad5                	j	800012ea <_dtoa_r+0x434>
    800018f8:	f4e992e3          	bne	s3,a4,8000183c <_dtoa_r+0x986>
    800018fc:	03100713          	li	a4,49
    80001900:	2a85                	addiw	s5,s5,1
    80001902:	00e98023          	sb	a4,0(s3)
    80001906:	b2d5                	j	800012ea <_dtoa_r+0x434>
    80001908:	77a2                	ld	a5,40(sp)
    8000190a:	00003997          	auipc	s3,0x3
    8000190e:	85698993          	addi	s3,s3,-1962 # 80004160 <__tbss_end+0x6e>
    80001912:	c799                	beqz	a5,80001920 <_dtoa_r+0xa6a>
    80001914:	00003797          	auipc	a5,0x3
    80001918:	85478793          	addi	a5,a5,-1964 # 80004168 <__tbss_end+0x76>
    8000191c:	7722                	ld	a4,40(sp)
    8000191e:	e31c                	sd	a5,0(a4)
    80001920:	60ae                	ld	ra,200(sp)
    80001922:	640e                	ld	s0,192(sp)
    80001924:	74ea                	ld	s1,184(sp)
    80001926:	794a                	ld	s2,176(sp)
    80001928:	7a0a                	ld	s4,160(sp)
    8000192a:	6aea                	ld	s5,152(sp)
    8000192c:	6b4a                	ld	s6,144(sp)
    8000192e:	6baa                	ld	s7,136(sp)
    80001930:	6c0a                	ld	s8,128(sp)
    80001932:	7ce6                	ld	s9,120(sp)
    80001934:	7d46                	ld	s10,112(sp)
    80001936:	7da6                	ld	s11,104(sp)
    80001938:	854e                	mv	a0,s3
    8000193a:	79aa                	ld	s3,168(sp)
    8000193c:	6169                	addi	sp,sp,208
    8000193e:	8082                	ret
    80001940:	4785                	li	a5,1
    80001942:	c977d5e3          	bge	a5,s7,800015cc <_dtoa_r+0x716>
    80001946:	e082                	sd	zero,64(sp)
    80001948:	4505                	li	a0,1
    8000194a:	b1c1                	j	8000160a <_dtoa_r+0x754>
    8000194c:	d9905fe3          	blez	s9,800016ea <_dtoa_r+0x834>
    80001950:	4b01                	li	s6,0
    80001952:	6542                	ld	a0,16(sp)
    80001954:	85d2                	mv	a1,s4
    80001956:	c14ff0ef          	jal	80000d6a <quorem>
    8000195a:	016987b3          	add	a5,s3,s6
    8000195e:	0305041b          	addiw	s0,a0,48
    80001962:	0b05                	addi	s6,s6,1
    80001964:	00878023          	sb	s0,0(a5)
    80001968:	000b079b          	sext.w	a5,s6
    8000196c:	f597d2e3          	bge	a5,s9,800018b0 <_dtoa_r+0x9fa>
    80001970:	65c2                	ld	a1,16(sp)
    80001972:	6522                	ld	a0,8(sp)
    80001974:	4681                	li	a3,0
    80001976:	4629                	li	a2,10
    80001978:	2be000ef          	jal	80001c36 <__multadd>
    8000197c:	e82a                	sd	a0,16(sp)
    8000197e:	bfd1                	j	80001952 <_dtoa_r+0xa9c>

0000000080001980 <malloc>:
    80001980:	85aa                	mv	a1,a0
    80001982:	00003517          	auipc	a0,0x3
    80001986:	fde53503          	ld	a0,-34(a0) # 80004960 <_impure_ptr>
    8000198a:	a0ad                	j	800019f4 <_malloc_r>

000000008000198c <free>:
    8000198c:	85aa                	mv	a1,a0
    8000198e:	00003517          	auipc	a0,0x3
    80001992:	fd253503          	ld	a0,-46(a0) # 80004960 <_impure_ptr>
    80001996:	3430106f          	j	800034d8 <_free_r>

000000008000199a <sbrk_aligned>:
    8000199a:	1101                	addi	sp,sp,-32
    8000199c:	e04a                	sd	s2,0(sp)
    8000199e:	88018913          	addi	s2,gp,-1920 # 800049e0 <__malloc_sbrk_start>
    800019a2:	00093783          	ld	a5,0(s2)
    800019a6:	e822                	sd	s0,16(sp)
    800019a8:	e426                	sd	s1,8(sp)
    800019aa:	ec06                	sd	ra,24(sp)
    800019ac:	84aa                	mv	s1,a0
    800019ae:	842e                	mv	s0,a1
    800019b0:	e791                	bnez	a5,800019bc <sbrk_aligned+0x22>
    800019b2:	4581                	li	a1,0
    800019b4:	1ed010ef          	jal	800033a0 <_sbrk_r>
    800019b8:	00a93023          	sd	a0,0(s2)
    800019bc:	85a2                	mv	a1,s0
    800019be:	8526                	mv	a0,s1
    800019c0:	1e1010ef          	jal	800033a0 <_sbrk_r>
    800019c4:	597d                	li	s2,-1
    800019c6:	01251a63          	bne	a0,s2,800019da <sbrk_aligned+0x40>
    800019ca:	547d                	li	s0,-1
    800019cc:	60e2                	ld	ra,24(sp)
    800019ce:	8522                	mv	a0,s0
    800019d0:	6442                	ld	s0,16(sp)
    800019d2:	64a2                	ld	s1,8(sp)
    800019d4:	6902                	ld	s2,0(sp)
    800019d6:	6105                	addi	sp,sp,32
    800019d8:	8082                	ret
    800019da:	00750413          	addi	s0,a0,7
    800019de:	9861                	andi	s0,s0,-8
    800019e0:	fe8506e3          	beq	a0,s0,800019cc <sbrk_aligned+0x32>
    800019e4:	40a405b3          	sub	a1,s0,a0
    800019e8:	8526                	mv	a0,s1
    800019ea:	1b7010ef          	jal	800033a0 <_sbrk_r>
    800019ee:	fd251fe3          	bne	a0,s2,800019cc <sbrk_aligned+0x32>
    800019f2:	bfe1                	j	800019ca <sbrk_aligned+0x30>

00000000800019f4 <_malloc_r>:
    800019f4:	00758793          	addi	a5,a1,7
    800019f8:	7179                	addi	sp,sp,-48
    800019fa:	9be1                	andi	a5,a5,-8
    800019fc:	ec26                	sd	s1,24(sp)
    800019fe:	e84a                	sd	s2,16(sp)
    80001a00:	f406                	sd	ra,40(sp)
    80001a02:	f022                	sd	s0,32(sp)
    80001a04:	e44e                	sd	s3,8(sp)
    80001a06:	e052                	sd	s4,0(sp)
    80001a08:	07a1                	addi	a5,a5,8
    80001a0a:	4741                	li	a4,16
    80001a0c:	892a                	mv	s2,a0
    80001a0e:	44c1                	li	s1,16
    80001a10:	00e7e363          	bltu	a5,a4,80001a16 <_malloc_r+0x22>
    80001a14:	84be                	mv	s1,a5
    80001a16:	80000737          	lui	a4,0x80000
    80001a1a:	fff74713          	not	a4,a4
    80001a1e:	00f76463          	bltu	a4,a5,80001a26 <_malloc_r+0x32>
    80001a22:	00b4fe63          	bgeu	s1,a1,80001a3e <_malloc_r+0x4a>
    80001a26:	47b1                	li	a5,12
    80001a28:	00f92023          	sw	a5,0(s2)
    80001a2c:	4501                	li	a0,0
    80001a2e:	70a2                	ld	ra,40(sp)
    80001a30:	7402                	ld	s0,32(sp)
    80001a32:	64e2                	ld	s1,24(sp)
    80001a34:	6942                	ld	s2,16(sp)
    80001a36:	69a2                	ld	s3,8(sp)
    80001a38:	6a02                	ld	s4,0(sp)
    80001a3a:	6145                	addi	sp,sp,48
    80001a3c:	8082                	ret
    80001a3e:	854a                	mv	a0,s2
    80001a40:	0e4000ef          	jal	80001b24 <__malloc_lock>
    80001a44:	88818993          	addi	s3,gp,-1912 # 800049e8 <__malloc_free_list>
    80001a48:	0009b783          	ld	a5,0(s3)
    80001a4c:	843e                	mv	s0,a5
    80001a4e:	ec21                	bnez	s0,80001aa6 <_malloc_r+0xb2>
    80001a50:	85a6                	mv	a1,s1
    80001a52:	854a                	mv	a0,s2
    80001a54:	f47ff0ef          	jal	8000199a <sbrk_aligned>
    80001a58:	57fd                	li	a5,-1
    80001a5a:	842a                	mv	s0,a0
    80001a5c:	0af51f63          	bne	a0,a5,80001b1a <_malloc_r+0x126>
    80001a60:	0009b403          	ld	s0,0(s3)
    80001a64:	87a2                	mv	a5,s0
    80001a66:	efd1                	bnez	a5,80001b02 <_malloc_r+0x10e>
    80001a68:	c055                	beqz	s0,80001b0c <_malloc_r+0x118>
    80001a6a:	00043a03          	ld	s4,0(s0)
    80001a6e:	4581                	li	a1,0
    80001a70:	854a                	mv	a0,s2
    80001a72:	9a22                	add	s4,s4,s0
    80001a74:	12d010ef          	jal	800033a0 <_sbrk_r>
    80001a78:	08aa1a63          	bne	s4,a0,80001b0c <_malloc_r+0x118>
    80001a7c:	601c                	ld	a5,0(s0)
    80001a7e:	854a                	mv	a0,s2
    80001a80:	8c9d                	sub	s1,s1,a5
    80001a82:	85a6                	mv	a1,s1
    80001a84:	f17ff0ef          	jal	8000199a <sbrk_aligned>
    80001a88:	57fd                	li	a5,-1
    80001a8a:	08f50163          	beq	a0,a5,80001b0c <_malloc_r+0x118>
    80001a8e:	601c                	ld	a5,0(s0)
    80001a90:	97a6                	add	a5,a5,s1
    80001a92:	e01c                	sd	a5,0(s0)
    80001a94:	0009b783          	ld	a5,0(s3)
    80001a98:	c3d9                	beqz	a5,80001b1e <_malloc_r+0x12a>
    80001a9a:	6798                	ld	a4,8(a5)
    80001a9c:	06871663          	bne	a4,s0,80001b08 <_malloc_r+0x114>
    80001aa0:	0007b423          	sd	zero,8(a5)
    80001aa4:	a015                	j	80001ac8 <_malloc_r+0xd4>
    80001aa6:	6014                	ld	a3,0(s0)
    80001aa8:	9e85                	subw	a3,a3,s1
    80001aaa:	0406c963          	bltz	a3,80001afc <_malloc_r+0x108>
    80001aae:	473d                	li	a4,15
    80001ab0:	02d75e63          	bge	a4,a3,80001aec <_malloc_r+0xf8>
    80001ab4:	e004                	sd	s1,0(s0)
    80001ab6:	00940733          	add	a4,s0,s1
    80001aba:	02879763          	bne	a5,s0,80001ae8 <_malloc_r+0xf4>
    80001abe:	00e9b023          	sd	a4,0(s3)
    80001ac2:	641c                	ld	a5,8(s0)
    80001ac4:	e314                	sd	a3,0(a4)
    80001ac6:	e71c                	sd	a5,8(a4)
    80001ac8:	854a                	mv	a0,s2
    80001aca:	05c000ef          	jal	80001b26 <__malloc_unlock>
    80001ace:	00f40513          	addi	a0,s0,15
    80001ad2:	00840793          	addi	a5,s0,8
    80001ad6:	9961                	andi	a0,a0,-8
    80001ad8:	40f507bb          	subw	a5,a0,a5
    80001adc:	dba9                	beqz	a5,80001a2e <_malloc_r+0x3a>
    80001ade:	943e                	add	s0,s0,a5
    80001ae0:	40f007bb          	negw	a5,a5
    80001ae4:	e01c                	sd	a5,0(s0)
    80001ae6:	b7a1                	j	80001a2e <_malloc_r+0x3a>
    80001ae8:	e798                	sd	a4,8(a5)
    80001aea:	bfe1                	j	80001ac2 <_malloc_r+0xce>
    80001aec:	6418                	ld	a4,8(s0)
    80001aee:	00879563          	bne	a5,s0,80001af8 <_malloc_r+0x104>
    80001af2:	00e9b023          	sd	a4,0(s3)
    80001af6:	bfc9                	j	80001ac8 <_malloc_r+0xd4>
    80001af8:	e798                	sd	a4,8(a5)
    80001afa:	b7f9                	j	80001ac8 <_malloc_r+0xd4>
    80001afc:	87a2                	mv	a5,s0
    80001afe:	6400                	ld	s0,8(s0)
    80001b00:	b7b9                	j	80001a4e <_malloc_r+0x5a>
    80001b02:	843e                	mv	s0,a5
    80001b04:	679c                	ld	a5,8(a5)
    80001b06:	b785                	j	80001a66 <_malloc_r+0x72>
    80001b08:	87ba                	mv	a5,a4
    80001b0a:	b779                	j	80001a98 <_malloc_r+0xa4>
    80001b0c:	47b1                	li	a5,12
    80001b0e:	00f92023          	sw	a5,0(s2)
    80001b12:	854a                	mv	a0,s2
    80001b14:	012000ef          	jal	80001b26 <__malloc_unlock>
    80001b18:	bf11                	j	80001a2c <_malloc_r+0x38>
    80001b1a:	e104                	sd	s1,0(a0)
    80001b1c:	b775                	j	80001ac8 <_malloc_r+0xd4>
    80001b1e:	00003423          	sd	zero,8(zero) # 8 <__boot_hart+0x8>
    80001b22:	9002                	ebreak

0000000080001b24 <__malloc_lock>:
    80001b24:	8082                	ret

0000000080001b26 <__malloc_unlock>:
    80001b26:	8082                	ret

0000000080001b28 <_Balloc>:
    80001b28:	7d1c                	ld	a5,56(a0)
    80001b2a:	1101                	addi	sp,sp,-32
    80001b2c:	e822                	sd	s0,16(sp)
    80001b2e:	e426                	sd	s1,8(sp)
    80001b30:	ec06                	sd	ra,24(sp)
    80001b32:	e04a                	sd	s2,0(sp)
    80001b34:	842a                	mv	s0,a0
    80001b36:	84ae                	mv	s1,a1
    80001b38:	ef85                	bnez	a5,80001b70 <_Balloc+0x48>
    80001b3a:	02000513          	li	a0,32
    80001b3e:	e43ff0ef          	jal	80001980 <malloc>
    80001b42:	fc08                	sd	a0,56(s0)
    80001b44:	ed11                	bnez	a0,80001b60 <_Balloc+0x38>
    80001b46:	00002697          	auipc	a3,0x2
    80001b4a:	63268693          	addi	a3,a3,1586 # 80004178 <__tbss_end+0x86>
    80001b4e:	4601                	li	a2,0
    80001b50:	06b00593          	li	a1,107
    80001b54:	00002517          	auipc	a0,0x2
    80001b58:	6dc50513          	addi	a0,a0,1756 # 80004230 <__tbss_end+0x13e>
    80001b5c:	0fd010ef          	jal	80003458 <__assert_func>
    80001b60:	00052423          	sw	zero,8(a0)
    80001b64:	00053823          	sd	zero,16(a0)
    80001b68:	00053023          	sd	zero,0(a0)
    80001b6c:	00053c23          	sd	zero,24(a0)
    80001b70:	03843903          	ld	s2,56(s0)
    80001b74:	01893783          	ld	a5,24(s2)
    80001b78:	c79d                	beqz	a5,80001ba6 <_Balloc+0x7e>
    80001b7a:	7c1c                	ld	a5,56(s0)
    80001b7c:	00349713          	slli	a4,s1,0x3
    80001b80:	6f9c                	ld	a5,24(a5)
    80001b82:	97ba                	add	a5,a5,a4
    80001b84:	6388                	ld	a0,0(a5)
    80001b86:	e131                	bnez	a0,80001bca <_Balloc+0xa2>
    80001b88:	4905                	li	s2,1
    80001b8a:	0099163b          	sllw	a2,s2,s1
    80001b8e:	8932                	mv	s2,a2
    80001b90:	061d                	addi	a2,a2,7
    80001b92:	060a                	slli	a2,a2,0x2
    80001b94:	4585                	li	a1,1
    80001b96:	8522                	mv	a0,s0
    80001b98:	10b010ef          	jal	800034a2 <_calloc_r>
    80001b9c:	c105                	beqz	a0,80001bbc <_Balloc+0x94>
    80001b9e:	c504                	sw	s1,8(a0)
    80001ba0:	01252623          	sw	s2,12(a0)
    80001ba4:	a02d                	j	80001bce <_Balloc+0xa6>
    80001ba6:	04100613          	li	a2,65
    80001baa:	45a1                	li	a1,8
    80001bac:	8522                	mv	a0,s0
    80001bae:	0f5010ef          	jal	800034a2 <_calloc_r>
    80001bb2:	7c1c                	ld	a5,56(s0)
    80001bb4:	00a93c23          	sd	a0,24(s2)
    80001bb8:	6f9c                	ld	a5,24(a5)
    80001bba:	f3e1                	bnez	a5,80001b7a <_Balloc+0x52>
    80001bbc:	4501                	li	a0,0
    80001bbe:	60e2                	ld	ra,24(sp)
    80001bc0:	6442                	ld	s0,16(sp)
    80001bc2:	64a2                	ld	s1,8(sp)
    80001bc4:	6902                	ld	s2,0(sp)
    80001bc6:	6105                	addi	sp,sp,32
    80001bc8:	8082                	ret
    80001bca:	6118                	ld	a4,0(a0)
    80001bcc:	e398                	sd	a4,0(a5)
    80001bce:	00053823          	sd	zero,16(a0)
    80001bd2:	b7f5                	j	80001bbe <_Balloc+0x96>

0000000080001bd4 <_Bfree>:
    80001bd4:	7d1c                	ld	a5,56(a0)
    80001bd6:	1101                	addi	sp,sp,-32
    80001bd8:	e822                	sd	s0,16(sp)
    80001bda:	e426                	sd	s1,8(sp)
    80001bdc:	ec06                	sd	ra,24(sp)
    80001bde:	84aa                	mv	s1,a0
    80001be0:	842e                	mv	s0,a1
    80001be2:	ef85                	bnez	a5,80001c1a <_Bfree+0x46>
    80001be4:	02000513          	li	a0,32
    80001be8:	d99ff0ef          	jal	80001980 <malloc>
    80001bec:	fc88                	sd	a0,56(s1)
    80001bee:	ed11                	bnez	a0,80001c0a <_Bfree+0x36>
    80001bf0:	00002697          	auipc	a3,0x2
    80001bf4:	58868693          	addi	a3,a3,1416 # 80004178 <__tbss_end+0x86>
    80001bf8:	4601                	li	a2,0
    80001bfa:	08f00593          	li	a1,143
    80001bfe:	00002517          	auipc	a0,0x2
    80001c02:	63250513          	addi	a0,a0,1586 # 80004230 <__tbss_end+0x13e>
    80001c06:	053010ef          	jal	80003458 <__assert_func>
    80001c0a:	00052423          	sw	zero,8(a0)
    80001c0e:	00053823          	sd	zero,16(a0)
    80001c12:	00053023          	sd	zero,0(a0)
    80001c16:	00053c23          	sd	zero,24(a0)
    80001c1a:	c809                	beqz	s0,80001c2c <_Bfree+0x58>
    80001c1c:	7c9c                	ld	a5,56(s1)
    80001c1e:	4418                	lw	a4,8(s0)
    80001c20:	6f9c                	ld	a5,24(a5)
    80001c22:	070e                	slli	a4,a4,0x3
    80001c24:	97ba                	add	a5,a5,a4
    80001c26:	6398                	ld	a4,0(a5)
    80001c28:	e018                	sd	a4,0(s0)
    80001c2a:	e380                	sd	s0,0(a5)
    80001c2c:	60e2                	ld	ra,24(sp)
    80001c2e:	6442                	ld	s0,16(sp)
    80001c30:	64a2                	ld	s1,8(sp)
    80001c32:	6105                	addi	sp,sp,32
    80001c34:	8082                	ret

0000000080001c36 <__multadd>:
    80001c36:	7179                	addi	sp,sp,-48
    80001c38:	ec26                	sd	s1,24(sp)
    80001c3a:	84aa                	mv	s1,a0
    80001c3c:	6541                	lui	a0,0x10
    80001c3e:	f022                	sd	s0,32(sp)
    80001c40:	e84a                	sd	s2,16(sp)
    80001c42:	842e                	mv	s0,a1
    80001c44:	0145a903          	lw	s2,20(a1)
    80001c48:	f406                	sd	ra,40(sp)
    80001c4a:	e44e                	sd	s3,8(sp)
    80001c4c:	e052                	sd	s4,0(sp)
    80001c4e:	05e1                	addi	a1,a1,24
    80001c50:	4801                	li	a6,0
    80001c52:	157d                	addi	a0,a0,-1 # ffff <__stack_size+0x7fff>
    80001c54:	419c                	lw	a5,0(a1)
    80001c56:	2805                	addiw	a6,a6,1
    80001c58:	00a7f733          	and	a4,a5,a0
    80001c5c:	02c7073b          	mulw	a4,a4,a2
    80001c60:	0107d79b          	srliw	a5,a5,0x10
    80001c64:	02c787bb          	mulw	a5,a5,a2
    80001c68:	9f35                	addw	a4,a4,a3
    80001c6a:	0107569b          	srliw	a3,a4,0x10
    80001c6e:	8f69                	and	a4,a4,a0
    80001c70:	9fb5                	addw	a5,a5,a3
    80001c72:	0107d99b          	srliw	s3,a5,0x10
    80001c76:	0107d69b          	srliw	a3,a5,0x10
    80001c7a:	0107979b          	slliw	a5,a5,0x10
    80001c7e:	9fb9                	addw	a5,a5,a4
    80001c80:	c19c                	sw	a5,0(a1)
    80001c82:	0591                	addi	a1,a1,4
    80001c84:	fd2848e3          	blt	a6,s2,80001c54 <__multadd+0x1e>
    80001c88:	ceb1                	beqz	a3,80001ce4 <__multadd+0xae>
    80001c8a:	445c                	lw	a5,12(s0)
    80001c8c:	04f94363          	blt	s2,a5,80001cd2 <__multadd+0x9c>
    80001c90:	440c                	lw	a1,8(s0)
    80001c92:	8526                	mv	a0,s1
    80001c94:	2585                	addiw	a1,a1,1
    80001c96:	e93ff0ef          	jal	80001b28 <_Balloc>
    80001c9a:	8a2a                	mv	s4,a0
    80001c9c:	ed11                	bnez	a0,80001cb8 <__multadd+0x82>
    80001c9e:	00002697          	auipc	a3,0x2
    80001ca2:	57a68693          	addi	a3,a3,1402 # 80004218 <__tbss_end+0x126>
    80001ca6:	4601                	li	a2,0
    80001ca8:	0ba00593          	li	a1,186
    80001cac:	00002517          	auipc	a0,0x2
    80001cb0:	58450513          	addi	a0,a0,1412 # 80004230 <__tbss_end+0x13e>
    80001cb4:	7a4010ef          	jal	80003458 <__assert_func>
    80001cb8:	4850                	lw	a2,20(s0)
    80001cba:	01040593          	addi	a1,s0,16
    80001cbe:	0541                	addi	a0,a0,16
    80001cc0:	0609                	addi	a2,a2,2
    80001cc2:	060a                	slli	a2,a2,0x2
    80001cc4:	766010ef          	jal	8000342a <memcpy>
    80001cc8:	85a2                	mv	a1,s0
    80001cca:	8526                	mv	a0,s1
    80001ccc:	f09ff0ef          	jal	80001bd4 <_Bfree>
    80001cd0:	8452                	mv	s0,s4
    80001cd2:	00490793          	addi	a5,s2,4
    80001cd6:	078a                	slli	a5,a5,0x2
    80001cd8:	97a2                	add	a5,a5,s0
    80001cda:	0137a423          	sw	s3,8(a5)
    80001cde:	2905                	addiw	s2,s2,1
    80001ce0:	01242a23          	sw	s2,20(s0)
    80001ce4:	70a2                	ld	ra,40(sp)
    80001ce6:	8522                	mv	a0,s0
    80001ce8:	7402                	ld	s0,32(sp)
    80001cea:	64e2                	ld	s1,24(sp)
    80001cec:	6942                	ld	s2,16(sp)
    80001cee:	69a2                	ld	s3,8(sp)
    80001cf0:	6a02                	ld	s4,0(sp)
    80001cf2:	6145                	addi	sp,sp,48
    80001cf4:	8082                	ret

0000000080001cf6 <__s2b>:
    80001cf6:	7139                	addi	sp,sp,-64
    80001cf8:	47a5                	li	a5,9
    80001cfa:	f426                	sd	s1,40(sp)
    80001cfc:	84ba                	mv	s1,a4
    80001cfe:	0086871b          	addiw	a4,a3,8
    80001d02:	02f7473b          	divw	a4,a4,a5
    80001d06:	f822                	sd	s0,48(sp)
    80001d08:	f04a                	sd	s2,32(sp)
    80001d0a:	ec4e                	sd	s3,24(sp)
    80001d0c:	e852                	sd	s4,16(sp)
    80001d0e:	842e                	mv	s0,a1
    80001d10:	fc06                	sd	ra,56(sp)
    80001d12:	e456                	sd	s5,8(sp)
    80001d14:	892a                	mv	s2,a0
    80001d16:	8a32                	mv	s4,a2
    80001d18:	89b6                	mv	s3,a3
    80001d1a:	4785                	li	a5,1
    80001d1c:	4581                	li	a1,0
    80001d1e:	02e7c363          	blt	a5,a4,80001d44 <__s2b+0x4e>
    80001d22:	854a                	mv	a0,s2
    80001d24:	e05ff0ef          	jal	80001b28 <_Balloc>
    80001d28:	e115                	bnez	a0,80001d4c <__s2b+0x56>
    80001d2a:	00002697          	auipc	a3,0x2
    80001d2e:	4ee68693          	addi	a3,a3,1262 # 80004218 <__tbss_end+0x126>
    80001d32:	4601                	li	a2,0
    80001d34:	0d300593          	li	a1,211
    80001d38:	00002517          	auipc	a0,0x2
    80001d3c:	4f850513          	addi	a0,a0,1272 # 80004230 <__tbss_end+0x13e>
    80001d40:	718010ef          	jal	80003458 <__assert_func>
    80001d44:	0017979b          	slliw	a5,a5,0x1
    80001d48:	2585                	addiw	a1,a1,1
    80001d4a:	bfd1                	j	80001d1e <__s2b+0x28>
    80001d4c:	4785                	li	a5,1
    80001d4e:	c95c                	sw	a5,20(a0)
    80001d50:	cd04                	sw	s1,24(a0)
    80001d52:	47a5                	li	a5,9
    80001d54:	0547d563          	bge	a5,s4,80001d9e <__s2b+0xa8>
    80001d58:	0425                	addi	s0,s0,9
    80001d5a:	8aa2                	mv	s5,s0
    80001d5c:	44a5                	li	s1,9
    80001d5e:	000ac683          	lbu	a3,0(s5)
    80001d62:	85aa                	mv	a1,a0
    80001d64:	4629                	li	a2,10
    80001d66:	fd06869b          	addiw	a3,a3,-48
    80001d6a:	854a                	mv	a0,s2
    80001d6c:	ecbff0ef          	jal	80001c36 <__multadd>
    80001d70:	87a6                	mv	a5,s1
    80001d72:	2485                	addiw	s1,s1,1
    80001d74:	0a85                	addi	s5,s5,1
    80001d76:	fe9a14e3          	bne	s4,s1,80001d5e <__s2b+0x68>
    80001d7a:	37e5                	addiw	a5,a5,-7
    80001d7c:	1782                	slli	a5,a5,0x20
    80001d7e:	9381                	srli	a5,a5,0x20
    80001d80:	943e                	add	s0,s0,a5
    80001d82:	9c81                	subw	s1,s1,s0
    80001d84:	008487bb          	addw	a5,s1,s0
    80001d88:	0137ce63          	blt	a5,s3,80001da4 <__s2b+0xae>
    80001d8c:	70e2                	ld	ra,56(sp)
    80001d8e:	7442                	ld	s0,48(sp)
    80001d90:	74a2                	ld	s1,40(sp)
    80001d92:	7902                	ld	s2,32(sp)
    80001d94:	69e2                	ld	s3,24(sp)
    80001d96:	6a42                	ld	s4,16(sp)
    80001d98:	6aa2                	ld	s5,8(sp)
    80001d9a:	6121                	addi	sp,sp,64
    80001d9c:	8082                	ret
    80001d9e:	0429                	addi	s0,s0,10
    80001da0:	44a5                	li	s1,9
    80001da2:	b7c5                	j	80001d82 <__s2b+0x8c>
    80001da4:	00044683          	lbu	a3,0(s0)
    80001da8:	85aa                	mv	a1,a0
    80001daa:	4629                	li	a2,10
    80001dac:	fd06869b          	addiw	a3,a3,-48
    80001db0:	854a                	mv	a0,s2
    80001db2:	0405                	addi	s0,s0,1
    80001db4:	e83ff0ef          	jal	80001c36 <__multadd>
    80001db8:	b7f1                	j	80001d84 <__s2b+0x8e>

0000000080001dba <__hi0bits>:
    80001dba:	87aa                	mv	a5,a0
    80001dbc:	6741                	lui	a4,0x10
    80001dbe:	4501                	li	a0,0
    80001dc0:	00e7f563          	bgeu	a5,a4,80001dca <__hi0bits+0x10>
    80001dc4:	0107979b          	slliw	a5,a5,0x10
    80001dc8:	4541                	li	a0,16
    80001dca:	01000737          	lui	a4,0x1000
    80001dce:	00e7f563          	bgeu	a5,a4,80001dd8 <__hi0bits+0x1e>
    80001dd2:	2521                	addiw	a0,a0,8
    80001dd4:	0087979b          	slliw	a5,a5,0x8
    80001dd8:	10000737          	lui	a4,0x10000
    80001ddc:	00e7f563          	bgeu	a5,a4,80001de6 <__hi0bits+0x2c>
    80001de0:	2511                	addiw	a0,a0,4
    80001de2:	0047979b          	slliw	a5,a5,0x4
    80001de6:	40000737          	lui	a4,0x40000
    80001dea:	00e7f563          	bgeu	a5,a4,80001df4 <__hi0bits+0x3a>
    80001dee:	2509                	addiw	a0,a0,2
    80001df0:	0027979b          	slliw	a5,a5,0x2
    80001df4:	0007c963          	bltz	a5,80001e06 <__hi0bits+0x4c>
    80001df8:	02179713          	slli	a4,a5,0x21
    80001dfc:	2505                	addiw	a0,a0,1
    80001dfe:	00074463          	bltz	a4,80001e06 <__hi0bits+0x4c>
    80001e02:	02000513          	li	a0,32
    80001e06:	8082                	ret

0000000080001e08 <__lo0bits>:
    80001e08:	411c                	lw	a5,0(a0)
    80001e0a:	872a                	mv	a4,a0
    80001e0c:	0077f613          	andi	a2,a5,7
    80001e10:	86be                	mv	a3,a5
    80001e12:	c20d                	beqz	a2,80001e34 <__lo0bits+0x2c>
    80001e14:	0017f613          	andi	a2,a5,1
    80001e18:	4501                	li	a0,0
    80001e1a:	e235                	bnez	a2,80001e7e <__lo0bits+0x76>
    80001e1c:	8a89                	andi	a3,a3,2
    80001e1e:	c691                	beqz	a3,80001e2a <__lo0bits+0x22>
    80001e20:	0017d79b          	srliw	a5,a5,0x1
    80001e24:	c31c                	sw	a5,0(a4)
    80001e26:	4505                	li	a0,1
    80001e28:	8082                	ret
    80001e2a:	0027d79b          	srliw	a5,a5,0x2
    80001e2e:	c31c                	sw	a5,0(a4)
    80001e30:	4509                	li	a0,2
    80001e32:	8082                	ret
    80001e34:	03079693          	slli	a3,a5,0x30
    80001e38:	92c1                	srli	a3,a3,0x30
    80001e3a:	4501                	li	a0,0
    80001e3c:	e681                	bnez	a3,80001e44 <__lo0bits+0x3c>
    80001e3e:	0107d79b          	srliw	a5,a5,0x10
    80001e42:	4541                	li	a0,16
    80001e44:	0ff7f693          	zext.b	a3,a5
    80001e48:	e681                	bnez	a3,80001e50 <__lo0bits+0x48>
    80001e4a:	2521                	addiw	a0,a0,8
    80001e4c:	0087d79b          	srliw	a5,a5,0x8
    80001e50:	00f7f693          	andi	a3,a5,15
    80001e54:	e681                	bnez	a3,80001e5c <__lo0bits+0x54>
    80001e56:	2511                	addiw	a0,a0,4
    80001e58:	0047d79b          	srliw	a5,a5,0x4
    80001e5c:	0037f693          	andi	a3,a5,3
    80001e60:	e681                	bnez	a3,80001e68 <__lo0bits+0x60>
    80001e62:	2509                	addiw	a0,a0,2
    80001e64:	0027d79b          	srliw	a5,a5,0x2
    80001e68:	0017f693          	andi	a3,a5,1
    80001e6c:	e689                	bnez	a3,80001e76 <__lo0bits+0x6e>
    80001e6e:	0017d79b          	srliw	a5,a5,0x1
    80001e72:	2505                	addiw	a0,a0,1
    80001e74:	c399                	beqz	a5,80001e7a <__lo0bits+0x72>
    80001e76:	c31c                	sw	a5,0(a4)
    80001e78:	8082                	ret
    80001e7a:	02000513          	li	a0,32
    80001e7e:	8082                	ret

0000000080001e80 <__i2b>:
    80001e80:	1141                	addi	sp,sp,-16
    80001e82:	e022                	sd	s0,0(sp)
    80001e84:	842e                	mv	s0,a1
    80001e86:	4585                	li	a1,1
    80001e88:	e406                	sd	ra,8(sp)
    80001e8a:	c9fff0ef          	jal	80001b28 <_Balloc>
    80001e8e:	ed11                	bnez	a0,80001eaa <__i2b+0x2a>
    80001e90:	00002697          	auipc	a3,0x2
    80001e94:	38868693          	addi	a3,a3,904 # 80004218 <__tbss_end+0x126>
    80001e98:	4601                	li	a2,0
    80001e9a:	14500593          	li	a1,325
    80001e9e:	00002517          	auipc	a0,0x2
    80001ea2:	39250513          	addi	a0,a0,914 # 80004230 <__tbss_end+0x13e>
    80001ea6:	5b2010ef          	jal	80003458 <__assert_func>
    80001eaa:	60a2                	ld	ra,8(sp)
    80001eac:	cd00                	sw	s0,24(a0)
    80001eae:	6402                	ld	s0,0(sp)
    80001eb0:	4705                	li	a4,1
    80001eb2:	c958                	sw	a4,20(a0)
    80001eb4:	0141                	addi	sp,sp,16
    80001eb6:	8082                	ret

0000000080001eb8 <__multiply>:
    80001eb8:	49d8                	lw	a4,20(a1)
    80001eba:	4a5c                	lw	a5,20(a2)
    80001ebc:	7179                	addi	sp,sp,-48
    80001ebe:	f022                	sd	s0,32(sp)
    80001ec0:	e84a                	sd	s2,16(sp)
    80001ec2:	f406                	sd	ra,40(sp)
    80001ec4:	ec26                	sd	s1,24(sp)
    80001ec6:	e44e                	sd	s3,8(sp)
    80001ec8:	e052                	sd	s4,0(sp)
    80001eca:	892e                	mv	s2,a1
    80001ecc:	8432                	mv	s0,a2
    80001ece:	00f74463          	blt	a4,a5,80001ed6 <__multiply+0x1e>
    80001ed2:	842e                	mv	s0,a1
    80001ed4:	8932                	mv	s2,a2
    80001ed6:	01442a03          	lw	s4,20(s0)
    80001eda:	01492983          	lw	s3,20(s2)
    80001ede:	445c                	lw	a5,12(s0)
    80001ee0:	440c                	lw	a1,8(s0)
    80001ee2:	013a04bb          	addw	s1,s4,s3
    80001ee6:	0097d363          	bge	a5,s1,80001eec <__multiply+0x34>
    80001eea:	2585                	addiw	a1,a1,1
    80001eec:	c3dff0ef          	jal	80001b28 <_Balloc>
    80001ef0:	ed11                	bnez	a0,80001f0c <__multiply+0x54>
    80001ef2:	00002697          	auipc	a3,0x2
    80001ef6:	32668693          	addi	a3,a3,806 # 80004218 <__tbss_end+0x126>
    80001efa:	4601                	li	a2,0
    80001efc:	16200593          	li	a1,354
    80001f00:	00002517          	auipc	a0,0x2
    80001f04:	33050513          	addi	a0,a0,816 # 80004230 <__tbss_end+0x13e>
    80001f08:	550010ef          	jal	80003458 <__assert_func>
    80001f0c:	01850693          	addi	a3,a0,24
    80001f10:	00249813          	slli	a6,s1,0x2
    80001f14:	9836                	add	a6,a6,a3
    80001f16:	87b6                	mv	a5,a3
    80001f18:	0507ea63          	bltu	a5,a6,80001f6c <__multiply+0xb4>
    80001f1c:	01840313          	addi	t1,s0,24
    80001f20:	002a1613          	slli	a2,s4,0x2
    80001f24:	01890593          	addi	a1,s2,24
    80001f28:	00299893          	slli	a7,s3,0x2
    80001f2c:	961a                	add	a2,a2,t1
    80001f2e:	01940793          	addi	a5,s0,25
    80001f32:	98ae                	add	a7,a7,a1
    80001f34:	4e11                	li	t3,4
    80001f36:	00f66863          	bltu	a2,a5,80001f46 <__multiply+0x8e>
    80001f3a:	40860433          	sub	s0,a2,s0
    80001f3e:	141d                	addi	s0,s0,-25
    80001f40:	9871                	andi	s0,s0,-4
    80001f42:	00440e13          	addi	t3,s0,4
    80001f46:	6ec1                	lui	t4,0x10
    80001f48:	1efd                	addi	t4,t4,-1 # ffff <__stack_size+0x7fff>
    80001f4a:	0315e563          	bltu	a1,a7,80001f74 <__multiply+0xbc>
    80001f4e:	00905663          	blez	s1,80001f5a <__multiply+0xa2>
    80001f52:	ffc82783          	lw	a5,-4(a6)
    80001f56:	1871                	addi	a6,a6,-4
    80001f58:	cbed                	beqz	a5,8000204a <__multiply+0x192>
    80001f5a:	70a2                	ld	ra,40(sp)
    80001f5c:	7402                	ld	s0,32(sp)
    80001f5e:	c944                	sw	s1,20(a0)
    80001f60:	6942                	ld	s2,16(sp)
    80001f62:	64e2                	ld	s1,24(sp)
    80001f64:	69a2                	ld	s3,8(sp)
    80001f66:	6a02                	ld	s4,0(sp)
    80001f68:	6145                	addi	sp,sp,48
    80001f6a:	8082                	ret
    80001f6c:	0007a023          	sw	zero,0(a5)
    80001f70:	0791                	addi	a5,a5,4
    80001f72:	b75d                	j	80001f18 <__multiply+0x60>
    80001f74:	0005af03          	lw	t5,0(a1)
    80001f78:	01df7f33          	and	t5,t5,t4
    80001f7c:	060f0163          	beqz	t5,80001fde <__multiply+0x126>
    80001f80:	82b6                	mv	t0,a3
    80001f82:	8f9a                	mv	t6,t1
    80001f84:	4401                	li	s0,0
    80001f86:	000fa783          	lw	a5,0(t6)
    80001f8a:	0002a383          	lw	t2,0(t0)
    80001f8e:	0f91                	addi	t6,t6,4
    80001f90:	01d7f733          	and	a4,a5,t4
    80001f94:	03e7073b          	mulw	a4,a4,t5
    80001f98:	0107d79b          	srliw	a5,a5,0x10
    80001f9c:	01d3f933          	and	s2,t2,t4
    80001fa0:	0103d39b          	srliw	t2,t2,0x10
    80001fa4:	0291                	addi	t0,t0,4
    80001fa6:	03e787bb          	mulw	a5,a5,t5
    80001faa:	0127073b          	addw	a4,a4,s2
    80001fae:	9f21                	addw	a4,a4,s0
    80001fb0:	007787bb          	addw	a5,a5,t2
    80001fb4:	0107539b          	srliw	t2,a4,0x10
    80001fb8:	007787bb          	addw	a5,a5,t2
    80001fbc:	0107d39b          	srliw	t2,a5,0x10
    80001fc0:	0107d41b          	srliw	s0,a5,0x10
    80001fc4:	00eef733          	and	a4,t4,a4
    80001fc8:	0107979b          	slliw	a5,a5,0x10
    80001fcc:	8f5d                	or	a4,a4,a5
    80001fce:	fee2ae23          	sw	a4,-4(t0)
    80001fd2:	facfeae3          	bltu	t6,a2,80001f86 <__multiply+0xce>
    80001fd6:	01c687b3          	add	a5,a3,t3
    80001fda:	0077a023          	sw	t2,0(a5)
    80001fde:	0025d383          	lhu	t2,2(a1)
    80001fe2:	06038163          	beqz	t2,80002044 <__multiply+0x18c>
    80001fe6:	4298                	lw	a4,0(a3)
    80001fe8:	8f1a                	mv	t5,t1
    80001fea:	8fb6                	mv	t6,a3
    80001fec:	4281                	li	t0,0
    80001fee:	000f2783          	lw	a5,0(t5)
    80001ff2:	002fd403          	lhu	s0,2(t6)
    80001ff6:	01d77733          	and	a4,a4,t4
    80001ffa:	01d7f7b3          	and	a5,a5,t4
    80001ffe:	027787bb          	mulw	a5,a5,t2
    80002002:	0f11                	addi	t5,t5,4
    80002004:	0f91                	addi	t6,t6,4
    80002006:	9fa1                	addw	a5,a5,s0
    80002008:	005787bb          	addw	a5,a5,t0
    8000200c:	0107929b          	slliw	t0,a5,0x10
    80002010:	00576733          	or	a4,a4,t0
    80002014:	feefae23          	sw	a4,-4(t6)
    80002018:	ffef5703          	lhu	a4,-2(t5)
    8000201c:	000fa283          	lw	t0,0(t6)
    80002020:	0107d79b          	srliw	a5,a5,0x10
    80002024:	0277073b          	mulw	a4,a4,t2
    80002028:	01d2f2b3          	and	t0,t0,t4
    8000202c:	0057073b          	addw	a4,a4,t0
    80002030:	9fb9                	addw	a5,a5,a4
    80002032:	0007871b          	sext.w	a4,a5
    80002036:	0107d29b          	srliw	t0,a5,0x10
    8000203a:	facf6ae3          	bltu	t5,a2,80001fee <__multiply+0x136>
    8000203e:	01c68733          	add	a4,a3,t3
    80002042:	c31c                	sw	a5,0(a4)
    80002044:	0591                	addi	a1,a1,4
    80002046:	0691                	addi	a3,a3,4
    80002048:	b709                	j	80001f4a <__multiply+0x92>
    8000204a:	34fd                	addiw	s1,s1,-1
    8000204c:	b709                	j	80001f4e <__multiply+0x96>

000000008000204e <__pow5mult>:
    8000204e:	7179                	addi	sp,sp,-48
    80002050:	ec26                	sd	s1,24(sp)
    80002052:	e84a                	sd	s2,16(sp)
    80002054:	e44e                	sd	s3,8(sp)
    80002056:	f406                	sd	ra,40(sp)
    80002058:	f022                	sd	s0,32(sp)
    8000205a:	e052                	sd	s4,0(sp)
    8000205c:	00367793          	andi	a5,a2,3
    80002060:	892a                	mv	s2,a0
    80002062:	84b2                	mv	s1,a2
    80002064:	89ae                	mv	s3,a1
    80002066:	cf89                	beqz	a5,80002080 <__pow5mult+0x32>
    80002068:	37fd                	addiw	a5,a5,-1
    8000206a:	00002717          	auipc	a4,0x2
    8000206e:	41e70713          	addi	a4,a4,1054 # 80004488 <p05.0>
    80002072:	078a                	slli	a5,a5,0x2
    80002074:	97ba                	add	a5,a5,a4
    80002076:	4390                	lw	a2,0(a5)
    80002078:	4681                	li	a3,0
    8000207a:	bbdff0ef          	jal	80001c36 <__multadd>
    8000207e:	89aa                	mv	s3,a0
    80002080:	8489                	srai	s1,s1,0x2
    80002082:	c8d9                	beqz	s1,80002118 <__pow5mult+0xca>
    80002084:	03893783          	ld	a5,56(s2)
    80002088:	ef8d                	bnez	a5,800020c2 <__pow5mult+0x74>
    8000208a:	02000513          	li	a0,32
    8000208e:	8f3ff0ef          	jal	80001980 <malloc>
    80002092:	02a93c23          	sd	a0,56(s2)
    80002096:	ed11                	bnez	a0,800020b2 <__pow5mult+0x64>
    80002098:	00002697          	auipc	a3,0x2
    8000209c:	0e068693          	addi	a3,a3,224 # 80004178 <__tbss_end+0x86>
    800020a0:	4601                	li	a2,0
    800020a2:	1b300593          	li	a1,435
    800020a6:	00002517          	auipc	a0,0x2
    800020aa:	18a50513          	addi	a0,a0,394 # 80004230 <__tbss_end+0x13e>
    800020ae:	3aa010ef          	jal	80003458 <__assert_func>
    800020b2:	00052423          	sw	zero,8(a0)
    800020b6:	00053823          	sd	zero,16(a0)
    800020ba:	00053023          	sd	zero,0(a0)
    800020be:	00053c23          	sd	zero,24(a0)
    800020c2:	03893a03          	ld	s4,56(s2)
    800020c6:	010a3403          	ld	s0,16(s4)
    800020ca:	e819                	bnez	s0,800020e0 <__pow5mult+0x92>
    800020cc:	27100593          	li	a1,625
    800020d0:	854a                	mv	a0,s2
    800020d2:	dafff0ef          	jal	80001e80 <__i2b>
    800020d6:	00aa3823          	sd	a0,16(s4)
    800020da:	842a                	mv	s0,a0
    800020dc:	00053023          	sd	zero,0(a0)
    800020e0:	0014f793          	andi	a5,s1,1
    800020e4:	cf81                	beqz	a5,800020fc <__pow5mult+0xae>
    800020e6:	85ce                	mv	a1,s3
    800020e8:	8622                	mv	a2,s0
    800020ea:	854a                	mv	a0,s2
    800020ec:	dcdff0ef          	jal	80001eb8 <__multiply>
    800020f0:	8a2a                	mv	s4,a0
    800020f2:	85ce                	mv	a1,s3
    800020f4:	854a                	mv	a0,s2
    800020f6:	adfff0ef          	jal	80001bd4 <_Bfree>
    800020fa:	89d2                	mv	s3,s4
    800020fc:	8485                	srai	s1,s1,0x1
    800020fe:	cc89                	beqz	s1,80002118 <__pow5mult+0xca>
    80002100:	6008                	ld	a0,0(s0)
    80002102:	e909                	bnez	a0,80002114 <__pow5mult+0xc6>
    80002104:	8622                	mv	a2,s0
    80002106:	85a2                	mv	a1,s0
    80002108:	854a                	mv	a0,s2
    8000210a:	dafff0ef          	jal	80001eb8 <__multiply>
    8000210e:	e008                	sd	a0,0(s0)
    80002110:	00053023          	sd	zero,0(a0)
    80002114:	842a                	mv	s0,a0
    80002116:	b7e9                	j	800020e0 <__pow5mult+0x92>
    80002118:	70a2                	ld	ra,40(sp)
    8000211a:	7402                	ld	s0,32(sp)
    8000211c:	64e2                	ld	s1,24(sp)
    8000211e:	6942                	ld	s2,16(sp)
    80002120:	6a02                	ld	s4,0(sp)
    80002122:	854e                	mv	a0,s3
    80002124:	69a2                	ld	s3,8(sp)
    80002126:	6145                	addi	sp,sp,48
    80002128:	8082                	ret

000000008000212a <__lshift>:
    8000212a:	715d                	addi	sp,sp,-80
    8000212c:	e0a2                	sd	s0,64(sp)
    8000212e:	842e                	mv	s0,a1
    80002130:	e85a                	sd	s6,16(sp)
    80002132:	01442b03          	lw	s6,20(s0)
    80002136:	f44e                	sd	s3,40(sp)
    80002138:	458c                	lw	a1,8(a1)
    8000213a:	4056599b          	sraiw	s3,a2,0x5
    8000213e:	445c                	lw	a5,12(s0)
    80002140:	01698b3b          	addw	s6,s3,s6
    80002144:	fc26                	sd	s1,56(sp)
    80002146:	f84a                	sd	s2,48(sp)
    80002148:	ec56                	sd	s5,24(sp)
    8000214a:	e45e                	sd	s7,8(sp)
    8000214c:	e486                	sd	ra,72(sp)
    8000214e:	f052                	sd	s4,32(sp)
    80002150:	892a                	mv	s2,a0
    80002152:	84b2                	mv	s1,a2
    80002154:	40565b93          	srai	s7,a2,0x5
    80002158:	001b0a9b          	addiw	s5,s6,1
    8000215c:	0357c463          	blt	a5,s5,80002184 <__lshift+0x5a>
    80002160:	854a                	mv	a0,s2
    80002162:	9c7ff0ef          	jal	80001b28 <_Balloc>
    80002166:	8a2a                	mv	s4,a0
    80002168:	e115                	bnez	a0,8000218c <__lshift+0x62>
    8000216a:	00002697          	auipc	a3,0x2
    8000216e:	0ae68693          	addi	a3,a3,174 # 80004218 <__tbss_end+0x126>
    80002172:	4601                	li	a2,0
    80002174:	1de00593          	li	a1,478
    80002178:	00002517          	auipc	a0,0x2
    8000217c:	0b850513          	addi	a0,a0,184 # 80004230 <__tbss_end+0x13e>
    80002180:	2d8010ef          	jal	80003458 <__assert_func>
    80002184:	2585                	addiw	a1,a1,1
    80002186:	0017979b          	slliw	a5,a5,0x1
    8000218a:	bfc9                	j	8000215c <__lshift+0x32>
    8000218c:	01850693          	addi	a3,a0,24
    80002190:	8736                	mv	a4,a3
    80002192:	4781                	li	a5,0
    80002194:	0977c363          	blt	a5,s7,8000221a <__lshift+0xf0>
    80002198:	000bd363          	bgez	s7,8000219e <__lshift+0x74>
    8000219c:	4981                	li	s3,0
    8000219e:	4858                	lw	a4,20(s0)
    800021a0:	098a                	slli	s3,s3,0x2
    800021a2:	01840793          	addi	a5,s0,24
    800021a6:	070a                	slli	a4,a4,0x2
    800021a8:	88fd                	andi	s1,s1,31
    800021aa:	96ce                	add	a3,a3,s3
    800021ac:	973e                	add	a4,a4,a5
    800021ae:	c8bd                	beqz	s1,80002224 <__lshift+0xfa>
    800021b0:	02000813          	li	a6,32
    800021b4:	4098083b          	subw	a6,a6,s1
    800021b8:	8536                	mv	a0,a3
    800021ba:	4601                	li	a2,0
    800021bc:	438c                	lw	a1,0(a5)
    800021be:	009595bb          	sllw	a1,a1,s1
    800021c2:	8e4d                	or	a2,a2,a1
    800021c4:	c110                	sw	a2,0(a0)
    800021c6:	438c                	lw	a1,0(a5)
    800021c8:	0791                	addi	a5,a5,4
    800021ca:	0511                	addi	a0,a0,4
    800021cc:	0105d63b          	srlw	a2,a1,a6
    800021d0:	85b2                	mv	a1,a2
    800021d2:	fee7e5e3          	bltu	a5,a4,800021bc <__lshift+0x92>
    800021d6:	01940513          	addi	a0,s0,25
    800021da:	4791                	li	a5,4
    800021dc:	00a76763          	bltu	a4,a0,800021ea <__lshift+0xc0>
    800021e0:	8f01                	sub	a4,a4,s0
    800021e2:	171d                	addi	a4,a4,-25
    800021e4:	9b71                	andi	a4,a4,-4
    800021e6:	00470793          	addi	a5,a4,4
    800021ea:	97b6                	add	a5,a5,a3
    800021ec:	c38c                	sw	a1,0(a5)
    800021ee:	c219                	beqz	a2,800021f4 <__lshift+0xca>
    800021f0:	002b0a9b          	addiw	s5,s6,2
    800021f4:	3afd                	addiw	s5,s5,-1
    800021f6:	015a2a23          	sw	s5,20(s4)
    800021fa:	854a                	mv	a0,s2
    800021fc:	85a2                	mv	a1,s0
    800021fe:	9d7ff0ef          	jal	80001bd4 <_Bfree>
    80002202:	60a6                	ld	ra,72(sp)
    80002204:	6406                	ld	s0,64(sp)
    80002206:	74e2                	ld	s1,56(sp)
    80002208:	7942                	ld	s2,48(sp)
    8000220a:	79a2                	ld	s3,40(sp)
    8000220c:	6ae2                	ld	s5,24(sp)
    8000220e:	6b42                	ld	s6,16(sp)
    80002210:	6ba2                	ld	s7,8(sp)
    80002212:	8552                	mv	a0,s4
    80002214:	7a02                	ld	s4,32(sp)
    80002216:	6161                	addi	sp,sp,80
    80002218:	8082                	ret
    8000221a:	00072023          	sw	zero,0(a4)
    8000221e:	2785                	addiw	a5,a5,1
    80002220:	0711                	addi	a4,a4,4
    80002222:	bf8d                	j	80002194 <__lshift+0x6a>
    80002224:	4390                	lw	a2,0(a5)
    80002226:	0791                	addi	a5,a5,4
    80002228:	c290                	sw	a2,0(a3)
    8000222a:	0691                	addi	a3,a3,4
    8000222c:	fee7ece3          	bltu	a5,a4,80002224 <__lshift+0xfa>
    80002230:	b7d1                	j	800021f4 <__lshift+0xca>

0000000080002232 <__mcmp>:
    80002232:	49d8                	lw	a4,20(a1)
    80002234:	87aa                	mv	a5,a0
    80002236:	4948                	lw	a0,20(a0)
    80002238:	9d19                	subw	a0,a0,a4
    8000223a:	e505                	bnez	a0,80002262 <__mcmp+0x30>
    8000223c:	070a                	slli	a4,a4,0x2
    8000223e:	07e1                	addi	a5,a5,24
    80002240:	05e1                	addi	a1,a1,24
    80002242:	00e786b3          	add	a3,a5,a4
    80002246:	95ba                	add	a1,a1,a4
    80002248:	16f1                	addi	a3,a3,-4
    8000224a:	15f1                	addi	a1,a1,-4
    8000224c:	4290                	lw	a2,0(a3)
    8000224e:	4198                	lw	a4,0(a1)
    80002250:	00e60763          	beq	a2,a4,8000225e <__mcmp+0x2c>
    80002254:	4505                	li	a0,1
    80002256:	00e67663          	bgeu	a2,a4,80002262 <__mcmp+0x30>
    8000225a:	557d                	li	a0,-1
    8000225c:	8082                	ret
    8000225e:	fed7e5e3          	bltu	a5,a3,80002248 <__mcmp+0x16>
    80002262:	8082                	ret

0000000080002264 <__mdiff>:
    80002264:	7179                	addi	sp,sp,-48
    80002266:	ec26                	sd	s1,24(sp)
    80002268:	84ae                	mv	s1,a1
    8000226a:	e84a                	sd	s2,16(sp)
    8000226c:	85b2                	mv	a1,a2
    8000226e:	892a                	mv	s2,a0
    80002270:	8526                	mv	a0,s1
    80002272:	f022                	sd	s0,32(sp)
    80002274:	f406                	sd	ra,40(sp)
    80002276:	e44e                	sd	s3,8(sp)
    80002278:	8432                	mv	s0,a2
    8000227a:	fb9ff0ef          	jal	80002232 <__mcmp>
    8000227e:	ed15                	bnez	a0,800022ba <__mdiff+0x56>
    80002280:	4581                	li	a1,0
    80002282:	854a                	mv	a0,s2
    80002284:	8a5ff0ef          	jal	80001b28 <_Balloc>
    80002288:	ed11                	bnez	a0,800022a4 <__mdiff+0x40>
    8000228a:	00002697          	auipc	a3,0x2
    8000228e:	f8e68693          	addi	a3,a3,-114 # 80004218 <__tbss_end+0x126>
    80002292:	4601                	li	a2,0
    80002294:	23700593          	li	a1,567
    80002298:	00002517          	auipc	a0,0x2
    8000229c:	f9850513          	addi	a0,a0,-104 # 80004230 <__tbss_end+0x13e>
    800022a0:	1b8010ef          	jal	80003458 <__assert_func>
    800022a4:	4785                	li	a5,1
    800022a6:	c95c                	sw	a5,20(a0)
    800022a8:	00052c23          	sw	zero,24(a0)
    800022ac:	70a2                	ld	ra,40(sp)
    800022ae:	7402                	ld	s0,32(sp)
    800022b0:	64e2                	ld	s1,24(sp)
    800022b2:	6942                	ld	s2,16(sp)
    800022b4:	69a2                	ld	s3,8(sp)
    800022b6:	6145                	addi	sp,sp,48
    800022b8:	8082                	ret
    800022ba:	4981                	li	s3,0
    800022bc:	00055663          	bgez	a0,800022c8 <__mdiff+0x64>
    800022c0:	87a6                	mv	a5,s1
    800022c2:	4985                	li	s3,1
    800022c4:	84a2                	mv	s1,s0
    800022c6:	843e                	mv	s0,a5
    800022c8:	448c                	lw	a1,8(s1)
    800022ca:	854a                	mv	a0,s2
    800022cc:	85dff0ef          	jal	80001b28 <_Balloc>
    800022d0:	e909                	bnez	a0,800022e2 <__mdiff+0x7e>
    800022d2:	00002697          	auipc	a3,0x2
    800022d6:	f4668693          	addi	a3,a3,-186 # 80004218 <__tbss_end+0x126>
    800022da:	4601                	li	a2,0
    800022dc:	24500593          	li	a1,581
    800022e0:	bf65                	j	80002298 <__mdiff+0x34>
    800022e2:	0144a803          	lw	a6,20(s1)
    800022e6:	4858                	lw	a4,20(s0)
    800022e8:	01848313          	addi	t1,s1,24
    800022ec:	00281613          	slli	a2,a6,0x2
    800022f0:	01840793          	addi	a5,s0,24
    800022f4:	070a                	slli	a4,a4,0x2
    800022f6:	6ec1                	lui	t4,0x10
    800022f8:	01352823          	sw	s3,16(a0)
    800022fc:	961a                	add	a2,a2,t1
    800022fe:	97ba                	add	a5,a5,a4
    80002300:	01850593          	addi	a1,a0,24
    80002304:	4e61                	li	t3,24
    80002306:	4881                	li	a7,0
    80002308:	1efd                	addi	t4,t4,-1 # ffff <__stack_size+0x7fff>
    8000230a:	01c406b3          	add	a3,s0,t3
    8000230e:	01c48733          	add	a4,s1,t3
    80002312:	0006af03          	lw	t5,0(a3)
    80002316:	4318                	lw	a4,0(a4)
    80002318:	01df7fb3          	and	t6,t5,t4
    8000231c:	01d776b3          	and	a3,a4,t4
    80002320:	41f686bb          	subw	a3,a3,t6
    80002324:	011686bb          	addw	a3,a3,a7
    80002328:	010f5f1b          	srliw	t5,t5,0x10
    8000232c:	0107571b          	srliw	a4,a4,0x10
    80002330:	4106d89b          	sraiw	a7,a3,0x10
    80002334:	41e7073b          	subw	a4,a4,t5
    80002338:	0117073b          	addw	a4,a4,a7
    8000233c:	4107589b          	sraiw	a7,a4,0x10
    80002340:	00def6b3          	and	a3,t4,a3
    80002344:	0107171b          	slliw	a4,a4,0x10
    80002348:	01c50f33          	add	t5,a0,t3
    8000234c:	8ed9                	or	a3,a3,a4
    8000234e:	0e11                	addi	t3,t3,4
    80002350:	00df2023          	sw	a3,0(t5)
    80002354:	008e0733          	add	a4,t3,s0
    80002358:	faf769e3          	bltu	a4,a5,8000230a <__mdiff+0xa6>
    8000235c:	01940693          	addi	a3,s0,25
    80002360:	4711                	li	a4,4
    80002362:	00d7e763          	bltu	a5,a3,80002370 <__mdiff+0x10c>
    80002366:	8f81                	sub	a5,a5,s0
    80002368:	179d                	addi	a5,a5,-25
    8000236a:	9bf1                	andi	a5,a5,-4
    8000236c:	00478713          	addi	a4,a5,4
    80002370:	00e586b3          	add	a3,a1,a4
    80002374:	933a                	add	t1,t1,a4
    80002376:	6e41                	lui	t3,0x10
    80002378:	8eb6                	mv	t4,a3
    8000237a:	859a                	mv	a1,t1
    8000237c:	1e7d                	addi	t3,t3,-1 # ffff <__stack_size+0x7fff>
    8000237e:	02c5e463          	bltu	a1,a2,800023a6 <__mdiff+0x142>
    80002382:	ffd30793          	addi	a5,t1,-3
    80002386:	4701                	li	a4,0
    80002388:	00f66763          	bltu	a2,a5,80002396 <__mdiff+0x132>
    8000238c:	060d                	addi	a2,a2,3
    8000238e:	40660633          	sub	a2,a2,t1
    80002392:	ffc67713          	andi	a4,a2,-4
    80002396:	00e687b3          	add	a5,a3,a4
    8000239a:	17f1                	addi	a5,a5,-4
    8000239c:	4398                	lw	a4,0(a5)
    8000239e:	cf1d                	beqz	a4,800023dc <__mdiff+0x178>
    800023a0:	01052a23          	sw	a6,20(a0)
    800023a4:	b721                	j	800022ac <__mdiff+0x48>
    800023a6:	4198                	lw	a4,0(a1)
    800023a8:	00088f1b          	sext.w	t5,a7
    800023ac:	0591                	addi	a1,a1,4
    800023ae:	01c777b3          	and	a5,a4,t3
    800023b2:	011787bb          	addw	a5,a5,a7
    800023b6:	4107d79b          	sraiw	a5,a5,0x10
    800023ba:	0107589b          	srliw	a7,a4,0x10
    800023be:	011787bb          	addw	a5,a5,a7
    800023c2:	01e7073b          	addw	a4,a4,t5
    800023c6:	4107d89b          	sraiw	a7,a5,0x10
    800023ca:	01c77733          	and	a4,a4,t3
    800023ce:	0107979b          	slliw	a5,a5,0x10
    800023d2:	8f5d                	or	a4,a4,a5
    800023d4:	00eea023          	sw	a4,0(t4)
    800023d8:	0e91                	addi	t4,t4,4
    800023da:	b755                	j	8000237e <__mdiff+0x11a>
    800023dc:	387d                	addiw	a6,a6,-1
    800023de:	bf75                	j	8000239a <__mdiff+0x136>

00000000800023e0 <__ulp>:
    800023e0:	e20507d3          	fmv.x.d	a5,fa0
    800023e4:	7ff00737          	lui	a4,0x7ff00
    800023e8:	9381                	srli	a5,a5,0x20
    800023ea:	8f7d                	and	a4,a4,a5
    800023ec:	fcc007b7          	lui	a5,0xfcc00
    800023f0:	9f3d                	addw	a4,a4,a5
    800023f2:	00e04d63          	bgtz	a4,8000240c <__ulp+0x2c>
    800023f6:	40e007bb          	negw	a5,a4
    800023fa:	4147d69b          	sraiw	a3,a5,0x14
    800023fe:	474d                	li	a4,19
    80002400:	00d74863          	blt	a4,a3,80002410 <__ulp+0x30>
    80002404:	00080737          	lui	a4,0x80
    80002408:	40d7573b          	sraw	a4,a4,a3
    8000240c:	4681                	li	a3,0
    8000240e:	a821                	j	80002426 <__ulp+0x46>
    80002410:	fec6879b          	addiw	a5,a3,-20
    80002414:	4779                	li	a4,30
    80002416:	4685                	li	a3,1
    80002418:	00f74663          	blt	a4,a5,80002424 <__ulp+0x44>
    8000241c:	800006b7          	lui	a3,0x80000
    80002420:	00f6d6bb          	srlw	a3,a3,a5
    80002424:	4701                	li	a4,0
    80002426:	1682                	slli	a3,a3,0x20
    80002428:	9281                	srli	a3,a3,0x20
    8000242a:	1702                	slli	a4,a4,0x20
    8000242c:	8f55                	or	a4,a4,a3
    8000242e:	f2070553          	fmv.d.x	fa0,a4
    80002432:	8082                	ret

0000000080002434 <__b2d>:
    80002434:	7179                	addi	sp,sp,-48
    80002436:	ec26                	sd	s1,24(sp)
    80002438:	4944                	lw	s1,20(a0)
    8000243a:	e44e                	sd	s3,8(sp)
    8000243c:	01850993          	addi	s3,a0,24
    80002440:	048a                	slli	s1,s1,0x2
    80002442:	94ce                	add	s1,s1,s3
    80002444:	f022                	sd	s0,32(sp)
    80002446:	ffc4a403          	lw	s0,-4(s1)
    8000244a:	e84a                	sd	s2,16(sp)
    8000244c:	e052                	sd	s4,0(sp)
    8000244e:	8522                	mv	a0,s0
    80002450:	8a2e                	mv	s4,a1
    80002452:	f406                	sd	ra,40(sp)
    80002454:	967ff0ef          	jal	80001dba <__hi0bits>
    80002458:	02000793          	li	a5,32
    8000245c:	9f89                	subw	a5,a5,a0
    8000245e:	00fa2023          	sw	a5,0(s4)
    80002462:	47a9                	li	a5,10
    80002464:	ffc48913          	addi	s2,s1,-4
    80002468:	04a7c663          	blt	a5,a0,800024b4 <__b2d+0x80>
    8000246c:	46ad                	li	a3,11
    8000246e:	9e89                	subw	a3,a3,a0
    80002470:	3ff00737          	lui	a4,0x3ff00
    80002474:	00d457bb          	srlw	a5,s0,a3
    80002478:	8fd9                	or	a5,a5,a4
    8000247a:	1782                	slli	a5,a5,0x20
    8000247c:	4701                	li	a4,0
    8000247e:	0129f463          	bgeu	s3,s2,80002486 <__b2d+0x52>
    80002482:	ff84a703          	lw	a4,-8(s1)
    80002486:	2555                	addiw	a0,a0,21
    80002488:	00d7573b          	srlw	a4,a4,a3
    8000248c:	00a4143b          	sllw	s0,s0,a0
    80002490:	8c59                	or	s0,s0,a4
    80002492:	0004071b          	sext.w	a4,s0
    80002496:	70a2                	ld	ra,40(sp)
    80002498:	7402                	ld	s0,32(sp)
    8000249a:	1702                	slli	a4,a4,0x20
    8000249c:	9381                	srli	a5,a5,0x20
    8000249e:	9301                	srli	a4,a4,0x20
    800024a0:	1782                	slli	a5,a5,0x20
    800024a2:	8fd9                	or	a5,a5,a4
    800024a4:	64e2                	ld	s1,24(sp)
    800024a6:	6942                	ld	s2,16(sp)
    800024a8:	69a2                	ld	s3,8(sp)
    800024aa:	6a02                	ld	s4,0(sp)
    800024ac:	f2078553          	fmv.d.x	fa0,a5
    800024b0:	6145                	addi	sp,sp,48
    800024b2:	8082                	ret
    800024b4:	4701                	li	a4,0
    800024b6:	0129f663          	bgeu	s3,s2,800024c2 <__b2d+0x8e>
    800024ba:	ff84a703          	lw	a4,-8(s1)
    800024be:	ff848913          	addi	s2,s1,-8
    800024c2:	ff55059b          	addiw	a1,a0,-11
    800024c6:	c995                	beqz	a1,800024fa <__b2d+0xc6>
    800024c8:	02000613          	li	a2,32
    800024cc:	9e0d                	subw	a2,a2,a1
    800024ce:	00c757bb          	srlw	a5,a4,a2
    800024d2:	00b4143b          	sllw	s0,s0,a1
    800024d6:	8c5d                	or	s0,s0,a5
    800024d8:	3ff007b7          	lui	a5,0x3ff00
    800024dc:	8c5d                	or	s0,s0,a5
    800024de:	02041793          	slli	a5,s0,0x20
    800024e2:	4681                	li	a3,0
    800024e4:	0129f463          	bgeu	s3,s2,800024ec <__b2d+0xb8>
    800024e8:	ffc92683          	lw	a3,-4(s2)
    800024ec:	00b7173b          	sllw	a4,a4,a1
    800024f0:	00c6d6bb          	srlw	a3,a3,a2
    800024f4:	8f55                	or	a4,a4,a3
    800024f6:	2701                	sext.w	a4,a4
    800024f8:	bf79                	j	80002496 <__b2d+0x62>
    800024fa:	3ff007b7          	lui	a5,0x3ff00
    800024fe:	8c5d                	or	s0,s0,a5
    80002500:	02041793          	slli	a5,s0,0x20
    80002504:	bf49                	j	80002496 <__b2d+0x62>

0000000080002506 <__d2b>:
    80002506:	7139                	addi	sp,sp,-64
    80002508:	ec4e                	sd	s3,24(sp)
    8000250a:	89ae                	mv	s3,a1
    8000250c:	4585                	li	a1,1
    8000250e:	f822                	sd	s0,48(sp)
    80002510:	f04a                	sd	s2,32(sp)
    80002512:	fc06                	sd	ra,56(sp)
    80002514:	f426                	sd	s1,40(sp)
    80002516:	e852                	sd	s4,16(sp)
    80002518:	e2050453          	fmv.x.d	s0,fa0
    8000251c:	8932                	mv	s2,a2
    8000251e:	e0aff0ef          	jal	80001b28 <_Balloc>
    80002522:	ed11                	bnez	a0,8000253e <__d2b+0x38>
    80002524:	00002697          	auipc	a3,0x2
    80002528:	cf468693          	addi	a3,a3,-780 # 80004218 <__tbss_end+0x126>
    8000252c:	4601                	li	a2,0
    8000252e:	30f00593          	li	a1,783
    80002532:	00002517          	auipc	a0,0x2
    80002536:	cfe50513          	addi	a0,a0,-770 # 80004230 <__tbss_end+0x13e>
    8000253a:	71f000ef          	jal	80003458 <__assert_func>
    8000253e:	42045493          	srai	s1,s0,0x20
    80002542:	02c49793          	slli	a5,s1,0x2c
    80002546:	0144d49b          	srliw	s1,s1,0x14
    8000254a:	7ff4f493          	andi	s1,s1,2047
    8000254e:	8a2a                	mv	s4,a0
    80002550:	93b1                	srli	a5,a5,0x2c
    80002552:	c481                	beqz	s1,8000255a <__d2b+0x54>
    80002554:	00100737          	lui	a4,0x100
    80002558:	8fd9                	or	a5,a5,a4
    8000255a:	c63e                	sw	a5,12(sp)
    8000255c:	2401                	sext.w	s0,s0
    8000255e:	c035                	beqz	s0,800025c2 <__d2b+0xbc>
    80002560:	0028                	addi	a0,sp,8
    80002562:	c422                	sw	s0,8(sp)
    80002564:	8a5ff0ef          	jal	80001e08 <__lo0bits>
    80002568:	46b2                	lw	a3,12(sp)
    8000256a:	4722                	lw	a4,8(sp)
    8000256c:	c921                	beqz	a0,800025bc <__d2b+0xb6>
    8000256e:	02000793          	li	a5,32
    80002572:	9f89                	subw	a5,a5,a0
    80002574:	00f697bb          	sllw	a5,a3,a5
    80002578:	8f5d                	or	a4,a4,a5
    8000257a:	00a6d6bb          	srlw	a3,a3,a0
    8000257e:	00ea2c23          	sw	a4,24(s4)
    80002582:	c636                	sw	a3,12(sp)
    80002584:	4432                	lw	s0,12(sp)
    80002586:	008a2e23          	sw	s0,28(s4)
    8000258a:	00803433          	snez	s0,s0
    8000258e:	0405                	addi	s0,s0,1
    80002590:	008a2a23          	sw	s0,20(s4)
    80002594:	c0a9                	beqz	s1,800025d6 <__d2b+0xd0>
    80002596:	bcd4849b          	addiw	s1,s1,-1075
    8000259a:	9ca9                	addw	s1,s1,a0
    8000259c:	0099a023          	sw	s1,0(s3)
    800025a0:	03500413          	li	s0,53
    800025a4:	9c09                	subw	s0,s0,a0
    800025a6:	00892023          	sw	s0,0(s2)
    800025aa:	70e2                	ld	ra,56(sp)
    800025ac:	7442                	ld	s0,48(sp)
    800025ae:	74a2                	ld	s1,40(sp)
    800025b0:	7902                	ld	s2,32(sp)
    800025b2:	69e2                	ld	s3,24(sp)
    800025b4:	8552                	mv	a0,s4
    800025b6:	6a42                	ld	s4,16(sp)
    800025b8:	6121                	addi	sp,sp,64
    800025ba:	8082                	ret
    800025bc:	00ea2c23          	sw	a4,24(s4)
    800025c0:	b7d1                	j	80002584 <__d2b+0x7e>
    800025c2:	0068                	addi	a0,sp,12
    800025c4:	845ff0ef          	jal	80001e08 <__lo0bits>
    800025c8:	47b2                	lw	a5,12(sp)
    800025ca:	0205051b          	addiw	a0,a0,32
    800025ce:	4405                	li	s0,1
    800025d0:	00fa2c23          	sw	a5,24(s4)
    800025d4:	bf75                	j	80002590 <__d2b+0x8a>
    800025d6:	bce5079b          	addiw	a5,a0,-1074
    800025da:	00f9a023          	sw	a5,0(s3)
    800025de:	00241793          	slli	a5,s0,0x2
    800025e2:	97d2                	add	a5,a5,s4
    800025e4:	4bc8                	lw	a0,20(a5)
    800025e6:	0054141b          	slliw	s0,s0,0x5
    800025ea:	fd0ff0ef          	jal	80001dba <__hi0bits>
    800025ee:	bf5d                	j	800025a4 <__d2b+0x9e>

00000000800025f0 <__ratio>:
    800025f0:	7139                	addi	sp,sp,-64
    800025f2:	f04a                	sd	s2,32(sp)
    800025f4:	892e                	mv	s2,a1
    800025f6:	002c                	addi	a1,sp,8
    800025f8:	fc06                	sd	ra,56(sp)
    800025fa:	f426                	sd	s1,40(sp)
    800025fc:	ec4e                	sd	s3,24(sp)
    800025fe:	f822                	sd	s0,48(sp)
    80002600:	89aa                	mv	s3,a0
    80002602:	e33ff0ef          	jal	80002434 <__b2d>
    80002606:	006c                	addi	a1,sp,12
    80002608:	854a                	mv	a0,s2
    8000260a:	e20504d3          	fmv.x.d	s1,fa0
    8000260e:	e27ff0ef          	jal	80002434 <__b2d>
    80002612:	01492603          	lw	a2,20(s2)
    80002616:	0149a783          	lw	a5,20(s3)
    8000261a:	45b2                	lw	a1,12(sp)
    8000261c:	e20506d3          	fmv.x.d	a3,fa0
    80002620:	9f91                	subw	a5,a5,a2
    80002622:	4622                	lw	a2,8(sp)
    80002624:	0057979b          	slliw	a5,a5,0x5
    80002628:	9e0d                	subw	a2,a2,a1
    8000262a:	9e3d                	addw	a2,a2,a5
    8000262c:	02c05a63          	blez	a2,80002660 <__ratio+0x70>
    80002630:	8736                	mv	a4,a3
    80002632:	0146179b          	slliw	a5,a2,0x14
    80002636:	0204d693          	srli	a3,s1,0x20
    8000263a:	547d                	li	s0,-1
    8000263c:	9fb5                	addw	a5,a5,a3
    8000263e:	9001                	srli	s0,s0,0x20
    80002640:	1782                	slli	a5,a5,0x20
    80002642:	8c65                	and	s0,s0,s1
    80002644:	8c5d                	or	s0,s0,a5
    80002646:	f20407d3          	fmv.d.x	fa5,s0
    8000264a:	70e2                	ld	ra,56(sp)
    8000264c:	7442                	ld	s0,48(sp)
    8000264e:	f2070753          	fmv.d.x	fa4,a4
    80002652:	74a2                	ld	s1,40(sp)
    80002654:	7902                	ld	s2,32(sp)
    80002656:	69e2                	ld	s3,24(sp)
    80002658:	1ae7f553          	fdiv.d	fa0,fa5,fa4
    8000265c:	6121                	addi	sp,sp,64
    8000265e:	8082                	ret
    80002660:	fff00737          	lui	a4,0xfff00
    80002664:	02c707bb          	mulw	a5,a4,a2
    80002668:	0206d713          	srli	a4,a3,0x20
    8000266c:	8426                	mv	s0,s1
    8000266e:	9fb9                	addw	a5,a5,a4
    80002670:	577d                	li	a4,-1
    80002672:	9301                	srli	a4,a4,0x20
    80002674:	1782                	slli	a5,a5,0x20
    80002676:	8f75                	and	a4,a4,a3
    80002678:	8f5d                	or	a4,a4,a5
    8000267a:	b7f1                	j	80002646 <__ratio+0x56>

000000008000267c <_mprec_log10>:
    8000267c:	47dd                	li	a5,23
    8000267e:	00a7ca63          	blt	a5,a0,80002692 <_mprec_log10+0x16>
    80002682:	050e                	slli	a0,a0,0x3
    80002684:	00002797          	auipc	a5,0x2
    80002688:	e6478793          	addi	a5,a5,-412 # 800044e8 <__mprec_tens>
    8000268c:	97aa                	add	a5,a5,a0
    8000268e:	2388                	fld	fa0,0(a5)
    80002690:	8082                	ret
    80002692:	00002797          	auipc	a5,0x2
    80002696:	3167b507          	fld	fa0,790(a5) # 800049a8 <__atexit_dummy+0x30>
    8000269a:	00002797          	auipc	a5,0x2
    8000269e:	3167b787          	fld	fa5,790(a5) # 800049b0 <__atexit_dummy+0x38>
    800026a2:	357d                	addiw	a0,a0,-1
    800026a4:	12f57553          	fmul.d	fa0,fa0,fa5
    800026a8:	fd6d                	bnez	a0,800026a2 <_mprec_log10+0x26>
    800026aa:	8082                	ret

00000000800026ac <__copybits>:
    800026ac:	fff5879b          	addiw	a5,a1,-1
    800026b0:	4a58                	lw	a4,20(a2)
    800026b2:	4057d79b          	sraiw	a5,a5,0x5
    800026b6:	2785                	addiw	a5,a5,1
    800026b8:	078a                	slli	a5,a5,0x2
    800026ba:	01860693          	addi	a3,a2,24
    800026be:	070a                	slli	a4,a4,0x2
    800026c0:	97aa                	add	a5,a5,a0
    800026c2:	9736                	add	a4,a4,a3
    800026c4:	85aa                	mv	a1,a0
    800026c6:	00e6ef63          	bltu	a3,a4,800026e4 <__copybits+0x38>
    800026ca:	01560693          	addi	a3,a2,21
    800026ce:	4581                	li	a1,0
    800026d0:	00d76663          	bltu	a4,a3,800026dc <__copybits+0x30>
    800026d4:	8f11                	sub	a4,a4,a2
    800026d6:	172d                	addi	a4,a4,-21 # ffffffffffefffeb <__heap_end+0xffffffff7fedafeb>
    800026d8:	ffc77593          	andi	a1,a4,-4
    800026dc:	952e                	add	a0,a0,a1
    800026de:	00f56a63          	bltu	a0,a5,800026f2 <__copybits+0x46>
    800026e2:	8082                	ret
    800026e4:	0006a803          	lw	a6,0(a3)
    800026e8:	0691                	addi	a3,a3,4
    800026ea:	0105a023          	sw	a6,0(a1)
    800026ee:	0591                	addi	a1,a1,4
    800026f0:	bfd9                	j	800026c6 <__copybits+0x1a>
    800026f2:	00052023          	sw	zero,0(a0)
    800026f6:	0511                	addi	a0,a0,4
    800026f8:	b7dd                	j	800026de <__copybits+0x32>

00000000800026fa <__any_on>:
    800026fa:	4954                	lw	a3,20(a0)
    800026fc:	4055d793          	srai	a5,a1,0x5
    80002700:	01850713          	addi	a4,a0,24
    80002704:	02f6c763          	blt	a3,a5,80002732 <__any_on+0x38>
    80002708:	00d7df63          	bge	a5,a3,80002726 <__any_on+0x2c>
    8000270c:	89fd                	andi	a1,a1,31
    8000270e:	cd81                	beqz	a1,80002726 <__any_on+0x2c>
    80002710:	00279693          	slli	a3,a5,0x2
    80002714:	96ba                	add	a3,a3,a4
    80002716:	4290                	lw	a2,0(a3)
    80002718:	4505                	li	a0,1
    8000271a:	00b656bb          	srlw	a3,a2,a1
    8000271e:	00b696bb          	sllw	a3,a3,a1
    80002722:	00c69e63          	bne	a3,a2,8000273e <__any_on+0x44>
    80002726:	078a                	slli	a5,a5,0x2
    80002728:	97ba                	add	a5,a5,a4
    8000272a:	00f76663          	bltu	a4,a5,80002736 <__any_on+0x3c>
    8000272e:	4501                	li	a0,0
    80002730:	8082                	ret
    80002732:	87b6                	mv	a5,a3
    80002734:	bfcd                	j	80002726 <__any_on+0x2c>
    80002736:	17f1                	addi	a5,a5,-4
    80002738:	4394                	lw	a3,0(a5)
    8000273a:	dae5                	beqz	a3,8000272a <__any_on+0x30>
    8000273c:	4505                	li	a0,1
    8000273e:	8082                	ret

0000000080002740 <__sfputc_r>:
    80002740:	465c                	lw	a5,12(a2)
    80002742:	fff7871b          	addiw	a4,a5,-1
    80002746:	c658                	sw	a4,12(a2)
    80002748:	00075a63          	bgez	a4,8000275c <__sfputc_r+0x1c>
    8000274c:	561c                	lw	a5,40(a2)
    8000274e:	00f74563          	blt	a4,a5,80002758 <__sfputc_r+0x18>
    80002752:	47a9                	li	a5,10
    80002754:	00f59463          	bne	a1,a5,8000275c <__sfputc_r+0x1c>
    80002758:	1110006f          	j	80003068 <__swbuf_r>
    8000275c:	621c                	ld	a5,0(a2)
    8000275e:	852e                	mv	a0,a1
    80002760:	00178713          	addi	a4,a5,1
    80002764:	e218                	sd	a4,0(a2)
    80002766:	00b78023          	sb	a1,0(a5)
    8000276a:	8082                	ret

000000008000276c <__sfputs_r>:
    8000276c:	7179                	addi	sp,sp,-48
    8000276e:	f022                	sd	s0,32(sp)
    80002770:	ec26                	sd	s1,24(sp)
    80002772:	e84a                	sd	s2,16(sp)
    80002774:	e44e                	sd	s3,8(sp)
    80002776:	e052                	sd	s4,0(sp)
    80002778:	f406                	sd	ra,40(sp)
    8000277a:	892a                	mv	s2,a0
    8000277c:	89ae                	mv	s3,a1
    8000277e:	8432                	mv	s0,a2
    80002780:	00d604b3          	add	s1,a2,a3
    80002784:	5a7d                	li	s4,-1
    80002786:	00941463          	bne	s0,s1,8000278e <__sfputs_r+0x22>
    8000278a:	4501                	li	a0,0
    8000278c:	a811                	j	800027a0 <__sfputs_r+0x34>
    8000278e:	00044583          	lbu	a1,0(s0)
    80002792:	864e                	mv	a2,s3
    80002794:	854a                	mv	a0,s2
    80002796:	fabff0ef          	jal	80002740 <__sfputc_r>
    8000279a:	0405                	addi	s0,s0,1
    8000279c:	ff4515e3          	bne	a0,s4,80002786 <__sfputs_r+0x1a>
    800027a0:	70a2                	ld	ra,40(sp)
    800027a2:	7402                	ld	s0,32(sp)
    800027a4:	64e2                	ld	s1,24(sp)
    800027a6:	6942                	ld	s2,16(sp)
    800027a8:	69a2                	ld	s3,8(sp)
    800027aa:	6a02                	ld	s4,0(sp)
    800027ac:	6145                	addi	sp,sp,48
    800027ae:	8082                	ret

00000000800027b0 <__sprint_r>:
    800027b0:	6a1c                	ld	a5,16(a2)
    800027b2:	1141                	addi	sp,sp,-16
    800027b4:	e022                	sd	s0,0(sp)
    800027b6:	e406                	sd	ra,8(sp)
    800027b8:	8432                	mv	s0,a2
    800027ba:	cb99                	beqz	a5,800027d0 <__sprint_r+0x20>
    800027bc:	4a8000ef          	jal	80002c64 <__sfvwrite_r>
    800027c0:	00043823          	sd	zero,16(s0)
    800027c4:	60a2                	ld	ra,8(sp)
    800027c6:	00042423          	sw	zero,8(s0)
    800027ca:	6402                	ld	s0,0(sp)
    800027cc:	0141                	addi	sp,sp,16
    800027ce:	8082                	ret
    800027d0:	4501                	li	a0,0
    800027d2:	bfcd                	j	800027c4 <__sprint_r+0x14>

00000000800027d4 <_vfiprintf_r>:
    800027d4:	7155                	addi	sp,sp,-208
    800027d6:	e1a2                	sd	s0,192(sp)
    800027d8:	fd26                	sd	s1,184(sp)
    800027da:	f94a                	sd	s2,176(sp)
    800027dc:	f54e                	sd	s3,168(sp)
    800027de:	f152                	sd	s4,160(sp)
    800027e0:	e586                	sd	ra,200(sp)
    800027e2:	ed56                	sd	s5,152(sp)
    800027e4:	e95a                	sd	s6,144(sp)
    800027e6:	e55e                	sd	s7,136(sp)
    800027e8:	e162                	sd	s8,128(sp)
    800027ea:	fce6                	sd	s9,120(sp)
    800027ec:	f8ea                	sd	s10,112(sp)
    800027ee:	8a2a                	mv	s4,a0
    800027f0:	892e                	mv	s2,a1
    800027f2:	84b2                	mv	s1,a2
    800027f4:	8436                	mv	s0,a3
    800027f6:	4981                	li	s3,0
    800027f8:	c509                	beqz	a0,80002802 <_vfiprintf_r+0x2e>
    800027fa:	613c                	ld	a5,64(a0)
    800027fc:	e399                	bnez	a5,80002802 <_vfiprintf_r+0x2e>
    800027fe:	422000ef          	jal	80002c20 <__sinit>
    80002802:	01095783          	lhu	a5,16(s2)
    80002806:	8ba1                	andi	a5,a5,8
    80002808:	cbe1                	beqz	a5,800028d8 <_vfiprintf_r+0x104>
    8000280a:	01893783          	ld	a5,24(s2)
    8000280e:	c7e9                	beqz	a5,800028d8 <_vfiprintf_r+0x104>
    80002810:	02000793          	li	a5,32
    80002814:	02f104a3          	sb	a5,41(sp)
    80002818:	5afd                	li	s5,-1
    8000281a:	03000793          	li	a5,48
    8000281e:	d202                	sw	zero,36(sp)
    80002820:	02f10523          	sb	a5,42(sp)
    80002824:	e422                	sd	s0,8(sp)
    80002826:	02500b93          	li	s7,37
    8000282a:	020a9c13          	slli	s8,s5,0x20
    8000282e:	00002b17          	auipc	s6,0x2
    80002832:	a92b0b13          	addi	s6,s6,-1390 # 800042c0 <__tbss_end+0x1ce>
    80002836:	4c85                	li	s9,1
    80002838:	8426                	mv	s0,s1
    8000283a:	00044783          	lbu	a5,0(s0)
    8000283e:	c399                	beqz	a5,80002844 <_vfiprintf_r+0x70>
    80002840:	0d779063          	bne	a5,s7,80002900 <_vfiprintf_r+0x12c>
    80002844:	40940d3b          	subw	s10,s0,s1
    80002848:	000d0e63          	beqz	s10,80002864 <_vfiprintf_r+0x90>
    8000284c:	86ea                	mv	a3,s10
    8000284e:	8626                	mv	a2,s1
    80002850:	85ca                	mv	a1,s2
    80002852:	8552                	mv	a0,s4
    80002854:	f19ff0ef          	jal	8000276c <__sfputs_r>
    80002858:	1d550963          	beq	a0,s5,80002a2a <_vfiprintf_r+0x256>
    8000285c:	5792                	lw	a5,36(sp)
    8000285e:	01a787bb          	addw	a5,a5,s10
    80002862:	d23e                	sw	a5,36(sp)
    80002864:	00044783          	lbu	a5,0(s0)
    80002868:	1c078163          	beqz	a5,80002a2a <_vfiprintf_r+0x256>
    8000286c:	00140493          	addi	s1,s0,1
    80002870:	e862                	sd	s8,16(sp)
    80002872:	ec02                	sd	zero,24(sp)
    80002874:	040109a3          	sb	zero,83(sp)
    80002878:	d482                	sw	zero,104(sp)
    8000287a:	0004c583          	lbu	a1,0(s1)
    8000287e:	4615                	li	a2,5
    80002880:	855a                	mv	a0,s6
    80002882:	ca2fe0ef          	jal	80000d24 <memchr>
    80002886:	47c2                	lw	a5,16(sp)
    80002888:	00148413          	addi	s0,s1,1
    8000288c:	ed25                	bnez	a0,80002904 <_vfiprintf_r+0x130>
    8000288e:	0107f713          	andi	a4,a5,16
    80002892:	c709                	beqz	a4,8000289c <_vfiprintf_r+0xc8>
    80002894:	02000713          	li	a4,32
    80002898:	04e109a3          	sb	a4,83(sp)
    8000289c:	0087f713          	andi	a4,a5,8
    800028a0:	c709                	beqz	a4,800028aa <_vfiprintf_r+0xd6>
    800028a2:	02b00713          	li	a4,43
    800028a6:	04e109a3          	sb	a4,83(sp)
    800028aa:	0004c683          	lbu	a3,0(s1)
    800028ae:	02a00713          	li	a4,42
    800028b2:	06e68163          	beq	a3,a4,80002914 <_vfiprintf_r+0x140>
    800028b6:	47f2                	lw	a5,28(sp)
    800028b8:	8426                	mv	s0,s1
    800028ba:	4681                	li	a3,0
    800028bc:	4625                	li	a2,9
    800028be:	4829                	li	a6,10
    800028c0:	00044703          	lbu	a4,0(s0)
    800028c4:	00140513          	addi	a0,s0,1
    800028c8:	fd07059b          	addiw	a1,a4,-48
    800028cc:	872e                	mv	a4,a1
    800028ce:	08b67a63          	bgeu	a2,a1,80002962 <_vfiprintf_r+0x18e>
    800028d2:	caa9                	beqz	a3,80002924 <_vfiprintf_r+0x150>
    800028d4:	ce3e                	sw	a5,28(sp)
    800028d6:	a0b9                	j	80002924 <_vfiprintf_r+0x150>
    800028d8:	85ca                	mv	a1,s2
    800028da:	8552                	mv	a0,s4
    800028dc:	037000ef          	jal	80003112 <__swsetup_r>
    800028e0:	d905                	beqz	a0,80002810 <_vfiprintf_r+0x3c>
    800028e2:	557d                	li	a0,-1
    800028e4:	60ae                	ld	ra,200(sp)
    800028e6:	640e                	ld	s0,192(sp)
    800028e8:	74ea                	ld	s1,184(sp)
    800028ea:	794a                	ld	s2,176(sp)
    800028ec:	79aa                	ld	s3,168(sp)
    800028ee:	7a0a                	ld	s4,160(sp)
    800028f0:	6aea                	ld	s5,152(sp)
    800028f2:	6b4a                	ld	s6,144(sp)
    800028f4:	6baa                	ld	s7,136(sp)
    800028f6:	6c0a                	ld	s8,128(sp)
    800028f8:	7ce6                	ld	s9,120(sp)
    800028fa:	7d46                	ld	s10,112(sp)
    800028fc:	6169                	addi	sp,sp,208
    800028fe:	8082                	ret
    80002900:	0405                	addi	s0,s0,1
    80002902:	bf25                	j	8000283a <_vfiprintf_r+0x66>
    80002904:	41650533          	sub	a0,a0,s6
    80002908:	00ac953b          	sllw	a0,s9,a0
    8000290c:	8fc9                	or	a5,a5,a0
    8000290e:	c83e                	sw	a5,16(sp)
    80002910:	84a2                	mv	s1,s0
    80002912:	b7a5                	j	8000287a <_vfiprintf_r+0xa6>
    80002914:	6722                	ld	a4,8(sp)
    80002916:	00870693          	addi	a3,a4,8
    8000291a:	4318                	lw	a4,0(a4)
    8000291c:	e436                	sd	a3,8(sp)
    8000291e:	02074b63          	bltz	a4,80002954 <_vfiprintf_r+0x180>
    80002922:	ce3a                	sw	a4,28(sp)
    80002924:	00044703          	lbu	a4,0(s0)
    80002928:	02e00793          	li	a5,46
    8000292c:	06f71163          	bne	a4,a5,8000298e <_vfiprintf_r+0x1ba>
    80002930:	00144703          	lbu	a4,1(s0)
    80002934:	02a00793          	li	a5,42
    80002938:	02f71b63          	bne	a4,a5,8000296e <_vfiprintf_r+0x19a>
    8000293c:	67a2                	ld	a5,8(sp)
    8000293e:	0409                	addi	s0,s0,2
    80002940:	00878713          	addi	a4,a5,8
    80002944:	e43a                	sd	a4,8(sp)
    80002946:	4398                	lw	a4,0(a5)
    80002948:	87ba                	mv	a5,a4
    8000294a:	00075363          	bgez	a4,80002950 <_vfiprintf_r+0x17c>
    8000294e:	57fd                	li	a5,-1
    80002950:	ca3e                	sw	a5,20(sp)
    80002952:	a835                	j	8000298e <_vfiprintf_r+0x1ba>
    80002954:	40e0073b          	negw	a4,a4
    80002958:	0027e793          	ori	a5,a5,2
    8000295c:	ce3a                	sw	a4,28(sp)
    8000295e:	c83e                	sw	a5,16(sp)
    80002960:	b7d1                	j	80002924 <_vfiprintf_r+0x150>
    80002962:	02f807bb          	mulw	a5,a6,a5
    80002966:	842a                	mv	s0,a0
    80002968:	4685                	li	a3,1
    8000296a:	9fb9                	addw	a5,a5,a4
    8000296c:	bf91                	j	800028c0 <_vfiprintf_r+0xec>
    8000296e:	0405                	addi	s0,s0,1
    80002970:	ca02                	sw	zero,20(sp)
    80002972:	4681                	li	a3,0
    80002974:	4781                	li	a5,0
    80002976:	4625                	li	a2,9
    80002978:	4829                	li	a6,10
    8000297a:	00044703          	lbu	a4,0(s0)
    8000297e:	00140513          	addi	a0,s0,1
    80002982:	fd07059b          	addiw	a1,a4,-48
    80002986:	872e                	mv	a4,a1
    80002988:	06b67e63          	bgeu	a2,a1,80002a04 <_vfiprintf_r+0x230>
    8000298c:	f2f1                	bnez	a3,80002950 <_vfiprintf_r+0x17c>
    8000298e:	00044583          	lbu	a1,0(s0)
    80002992:	460d                	li	a2,3
    80002994:	00002517          	auipc	a0,0x2
    80002998:	93450513          	addi	a0,a0,-1740 # 800042c8 <__tbss_end+0x1d6>
    8000299c:	b88fe0ef          	jal	80000d24 <memchr>
    800029a0:	cd11                	beqz	a0,800029bc <_vfiprintf_r+0x1e8>
    800029a2:	00002797          	auipc	a5,0x2
    800029a6:	92678793          	addi	a5,a5,-1754 # 800042c8 <__tbss_end+0x1d6>
    800029aa:	8d1d                	sub	a0,a0,a5
    800029ac:	47c2                	lw	a5,16(sp)
    800029ae:	04000713          	li	a4,64
    800029b2:	00a7173b          	sllw	a4,a4,a0
    800029b6:	8fd9                	or	a5,a5,a4
    800029b8:	0405                	addi	s0,s0,1
    800029ba:	c83e                	sw	a5,16(sp)
    800029bc:	00044583          	lbu	a1,0(s0)
    800029c0:	4619                	li	a2,6
    800029c2:	00002517          	auipc	a0,0x2
    800029c6:	90e50513          	addi	a0,a0,-1778 # 800042d0 <__tbss_end+0x1de>
    800029ca:	00140493          	addi	s1,s0,1
    800029ce:	02b10423          	sb	a1,40(sp)
    800029d2:	b52fe0ef          	jal	80000d24 <memchr>
    800029d6:	c135                	beqz	a0,80002a3a <_vfiprintf_r+0x266>
    800029d8:	ffffe797          	auipc	a5,0xffffe
    800029dc:	ac278793          	addi	a5,a5,-1342 # 8000049a <_printf_float>
    800029e0:	eb85                	bnez	a5,80002a10 <_vfiprintf_r+0x23c>
    800029e2:	4742                	lw	a4,16(sp)
    800029e4:	67a2                	ld	a5,8(sp)
    800029e6:	10077713          	andi	a4,a4,256
    800029ea:	00878693          	addi	a3,a5,8
    800029ee:	c709                	beqz	a4,800029f8 <_vfiprintf_r+0x224>
    800029f0:	07bd                	addi	a5,a5,15
    800029f2:	9bc1                	andi	a5,a5,-16
    800029f4:	01078693          	addi	a3,a5,16
    800029f8:	e436                	sd	a3,8(sp)
    800029fa:	5792                	lw	a5,36(sp)
    800029fc:	013787bb          	addw	a5,a5,s3
    80002a00:	d23e                	sw	a5,36(sp)
    80002a02:	bd1d                	j	80002838 <_vfiprintf_r+0x64>
    80002a04:	02f807bb          	mulw	a5,a6,a5
    80002a08:	842a                	mv	s0,a0
    80002a0a:	4685                	li	a3,1
    80002a0c:	9fb9                	addw	a5,a5,a4
    80002a0e:	b7b5                	j	8000297a <_vfiprintf_r+0x1a6>
    80002a10:	0038                	addi	a4,sp,8
    80002a12:	00000697          	auipc	a3,0x0
    80002a16:	d5a68693          	addi	a3,a3,-678 # 8000276c <__sfputs_r>
    80002a1a:	864a                	mv	a2,s2
    80002a1c:	080c                	addi	a1,sp,16
    80002a1e:	8552                	mv	a0,s4
    80002a20:	a7bfd0ef          	jal	8000049a <_printf_float>
    80002a24:	89aa                	mv	s3,a0
    80002a26:	fd551ae3          	bne	a0,s5,800029fa <_vfiprintf_r+0x226>
    80002a2a:	01095783          	lhu	a5,16(s2)
    80002a2e:	0407f793          	andi	a5,a5,64
    80002a32:	ea0798e3          	bnez	a5,800028e2 <_vfiprintf_r+0x10e>
    80002a36:	5512                	lw	a0,36(sp)
    80002a38:	b575                	j	800028e4 <_vfiprintf_r+0x110>
    80002a3a:	0038                	addi	a4,sp,8
    80002a3c:	00000697          	auipc	a3,0x0
    80002a40:	d3068693          	addi	a3,a3,-720 # 8000276c <__sfputs_r>
    80002a44:	864a                	mv	a2,s2
    80002a46:	080c                	addi	a1,sp,16
    80002a48:	8552                	mv	a0,s4
    80002a4a:	800fe0ef          	jal	80000a4a <_printf_i>
    80002a4e:	bfd9                	j	80002a24 <_vfiprintf_r+0x250>

0000000080002a50 <vfiprintf>:
    80002a50:	86b2                	mv	a3,a2
    80002a52:	862e                	mv	a2,a1
    80002a54:	85aa                	mv	a1,a0
    80002a56:	00002517          	auipc	a0,0x2
    80002a5a:	f0a53503          	ld	a0,-246(a0) # 80004960 <_impure_ptr>
    80002a5e:	bb9d                	j	800027d4 <_vfiprintf_r>

0000000080002a60 <__fp_lock>:
    80002a60:	4501                	li	a0,0
    80002a62:	8082                	ret

0000000080002a64 <std>:
    80002a64:	1141                	addi	sp,sp,-16
    80002a66:	e022                	sd	s0,0(sp)
    80002a68:	e406                	sd	ra,8(sp)
    80002a6a:	842a                	mv	s0,a0
    80002a6c:	00b51823          	sh	a1,16(a0)
    80002a70:	00c51923          	sh	a2,18(a0)
    80002a74:	00053023          	sd	zero,0(a0)
    80002a78:	00053423          	sd	zero,8(a0)
    80002a7c:	0a052623          	sw	zero,172(a0)
    80002a80:	00053c23          	sd	zero,24(a0)
    80002a84:	02052023          	sw	zero,32(a0)
    80002a88:	02052423          	sw	zero,40(a0)
    80002a8c:	4621                	li	a2,8
    80002a8e:	4581                	li	a1,0
    80002a90:	0a450513          	addi	a0,a0,164
    80002a94:	187000ef          	jal	8000341a <memset>
    80002a98:	00000797          	auipc	a5,0x0
    80002a9c:	50c78793          	addi	a5,a5,1292 # 80002fa4 <__sread>
    80002aa0:	e03c                	sd	a5,64(s0)
    80002aa2:	00000797          	auipc	a5,0x0
    80002aa6:	53878793          	addi	a5,a5,1336 # 80002fda <__swrite>
    80002aaa:	e43c                	sd	a5,72(s0)
    80002aac:	00000797          	auipc	a5,0x0
    80002ab0:	57e78793          	addi	a5,a5,1406 # 8000302a <__sseek>
    80002ab4:	e83c                	sd	a5,80(s0)
    80002ab6:	00000797          	auipc	a5,0x0
    80002aba:	5ac78793          	addi	a5,a5,1452 # 80003062 <__sclose>
    80002abe:	60a2                	ld	ra,8(sp)
    80002ac0:	fc00                	sd	s0,56(s0)
    80002ac2:	ec3c                	sd	a5,88(s0)
    80002ac4:	6402                	ld	s0,0(sp)
    80002ac6:	0141                	addi	sp,sp,16
    80002ac8:	8082                	ret

0000000080002aca <stdio_exit_handler>:
    80002aca:	00002617          	auipc	a2,0x2
    80002ace:	cd660613          	addi	a2,a2,-810 # 800047a0 <__sglue>
    80002ad2:	00001597          	auipc	a1,0x1
    80002ad6:	cda58593          	addi	a1,a1,-806 # 800037ac <_fflush_r>
    80002ada:	00002517          	auipc	a0,0x2
    80002ade:	c3650513          	addi	a0,a0,-970 # 80004710 <_impure_data>
    80002ae2:	a9a1                	j	80002f3a <_fwalk_sglue>

0000000080002ae4 <cleanup_stdio>:
    80002ae4:	650c                	ld	a1,8(a0)
    80002ae6:	1141                	addi	sp,sp,-16
    80002ae8:	e022                	sd	s0,0(sp)
    80002aea:	e406                	sd	ra,8(sp)
    80002aec:	00002797          	auipc	a5,0x2
    80002af0:	f3478793          	addi	a5,a5,-204 # 80004a20 <__sf>
    80002af4:	842a                	mv	s0,a0
    80002af6:	00f58463          	beq	a1,a5,80002afe <cleanup_stdio+0x1a>
    80002afa:	4b3000ef          	jal	800037ac <_fflush_r>
    80002afe:	680c                	ld	a1,16(s0)
    80002b00:	97018793          	addi	a5,gp,-1680 # 80004ad0 <__sf+0xb0>
    80002b04:	00f58563          	beq	a1,a5,80002b0e <cleanup_stdio+0x2a>
    80002b08:	8522                	mv	a0,s0
    80002b0a:	4a3000ef          	jal	800037ac <_fflush_r>
    80002b0e:	6c0c                	ld	a1,24(s0)
    80002b10:	a2018793          	addi	a5,gp,-1504 # 80004b80 <__sf+0x160>
    80002b14:	00f58863          	beq	a1,a5,80002b24 <cleanup_stdio+0x40>
    80002b18:	8522                	mv	a0,s0
    80002b1a:	6402                	ld	s0,0(sp)
    80002b1c:	60a2                	ld	ra,8(sp)
    80002b1e:	0141                	addi	sp,sp,16
    80002b20:	48d0006f          	j	800037ac <_fflush_r>
    80002b24:	60a2                	ld	ra,8(sp)
    80002b26:	6402                	ld	s0,0(sp)
    80002b28:	0141                	addi	sp,sp,16
    80002b2a:	8082                	ret

0000000080002b2c <global_stdio_init.part.0>:
    80002b2c:	1141                	addi	sp,sp,-16
    80002b2e:	00000797          	auipc	a5,0x0
    80002b32:	f9c78793          	addi	a5,a5,-100 # 80002aca <stdio_exit_handler>
    80002b36:	4601                	li	a2,0
    80002b38:	4591                	li	a1,4
    80002b3a:	00002517          	auipc	a0,0x2
    80002b3e:	ee650513          	addi	a0,a0,-282 # 80004a20 <__sf>
    80002b42:	e406                	sd	ra,8(sp)
    80002b44:	88f1b823          	sd	a5,-1904(gp) # 800049f0 <__stdio_exit_handler>
    80002b48:	f1dff0ef          	jal	80002a64 <std>
    80002b4c:	4605                	li	a2,1
    80002b4e:	45a5                	li	a1,9
    80002b50:	97018513          	addi	a0,gp,-1680 # 80004ad0 <__sf+0xb0>
    80002b54:	f11ff0ef          	jal	80002a64 <std>
    80002b58:	60a2                	ld	ra,8(sp)
    80002b5a:	4609                	li	a2,2
    80002b5c:	45c9                	li	a1,18
    80002b5e:	a2018513          	addi	a0,gp,-1504 # 80004b80 <__sf+0x160>
    80002b62:	0141                	addi	sp,sp,16
    80002b64:	b701                	j	80002a64 <std>

0000000080002b66 <__fp_unlock>:
    80002b66:	4501                	li	a0,0
    80002b68:	8082                	ret

0000000080002b6a <__sfp>:
    80002b6a:	1101                	addi	sp,sp,-32
    80002b6c:	e04a                	sd	s2,0(sp)
    80002b6e:	ec06                	sd	ra,24(sp)
    80002b70:	e822                	sd	s0,16(sp)
    80002b72:	e426                	sd	s1,8(sp)
    80002b74:	8901b783          	ld	a5,-1904(gp) # 800049f0 <__stdio_exit_handler>
    80002b78:	892a                	mv	s2,a0
    80002b7a:	e399                	bnez	a5,80002b80 <__sfp+0x16>
    80002b7c:	fb1ff0ef          	jal	80002b2c <global_stdio_init.part.0>
    80002b80:	00002497          	auipc	s1,0x2
    80002b84:	c2048493          	addi	s1,s1,-992 # 800047a0 <__sglue>
    80002b88:	6880                	ld	s0,16(s1)
    80002b8a:	449c                	lw	a5,8(s1)
    80002b8c:	37fd                	addiw	a5,a5,-1
    80002b8e:	0207d163          	bgez	a5,80002bb0 <__sfp+0x46>
    80002b92:	609c                	ld	a5,0(s1)
    80002b94:	e7c1                	bnez	a5,80002c1c <__sfp+0xb2>
    80002b96:	2d800593          	li	a1,728
    80002b9a:	854a                	mv	a0,s2
    80002b9c:	e59fe0ef          	jal	800019f4 <_malloc_r>
    80002ba0:	842a                	mv	s0,a0
    80002ba2:	e12d                	bnez	a0,80002c04 <__sfp+0x9a>
    80002ba4:	0004b023          	sd	zero,0(s1)
    80002ba8:	47b1                	li	a5,12
    80002baa:	00f92023          	sw	a5,0(s2)
    80002bae:	a089                	j	80002bf0 <__sfp+0x86>
    80002bb0:	01041703          	lh	a4,16(s0)
    80002bb4:	e729                	bnez	a4,80002bfe <__sfp+0x94>
    80002bb6:	77c1                	lui	a5,0xffff0
    80002bb8:	0785                	addi	a5,a5,1 # ffffffffffff0001 <__heap_end+0xffffffff7ffcb001>
    80002bba:	0a042623          	sw	zero,172(s0)
    80002bbe:	00043023          	sd	zero,0(s0)
    80002bc2:	00043423          	sd	zero,8(s0)
    80002bc6:	c81c                	sw	a5,16(s0)
    80002bc8:	00043c23          	sd	zero,24(s0)
    80002bcc:	02042023          	sw	zero,32(s0)
    80002bd0:	02042423          	sw	zero,40(s0)
    80002bd4:	4621                	li	a2,8
    80002bd6:	4581                	li	a1,0
    80002bd8:	0a440513          	addi	a0,s0,164
    80002bdc:	03f000ef          	jal	8000341a <memset>
    80002be0:	06043023          	sd	zero,96(s0)
    80002be4:	06042423          	sw	zero,104(s0)
    80002be8:	08043023          	sd	zero,128(s0)
    80002bec:	08042423          	sw	zero,136(s0)
    80002bf0:	60e2                	ld	ra,24(sp)
    80002bf2:	8522                	mv	a0,s0
    80002bf4:	6442                	ld	s0,16(sp)
    80002bf6:	64a2                	ld	s1,8(sp)
    80002bf8:	6902                	ld	s2,0(sp)
    80002bfa:	6105                	addi	sp,sp,32
    80002bfc:	8082                	ret
    80002bfe:	0b040413          	addi	s0,s0,176
    80002c02:	b769                	j	80002b8c <__sfp+0x22>
    80002c04:	4791                	li	a5,4
    80002c06:	00053023          	sd	zero,0(a0)
    80002c0a:	c51c                	sw	a5,8(a0)
    80002c0c:	0561                	addi	a0,a0,24
    80002c0e:	e808                	sd	a0,16(s0)
    80002c10:	2c000613          	li	a2,704
    80002c14:	4581                	li	a1,0
    80002c16:	005000ef          	jal	8000341a <memset>
    80002c1a:	e080                	sd	s0,0(s1)
    80002c1c:	6084                	ld	s1,0(s1)
    80002c1e:	b7ad                	j	80002b88 <__sfp+0x1e>

0000000080002c20 <__sinit>:
    80002c20:	613c                	ld	a5,64(a0)
    80002c22:	eb91                	bnez	a5,80002c36 <__sinit+0x16>
    80002c24:	00000797          	auipc	a5,0x0
    80002c28:	ec078793          	addi	a5,a5,-320 # 80002ae4 <cleanup_stdio>
    80002c2c:	e13c                	sd	a5,64(a0)
    80002c2e:	8901b783          	ld	a5,-1904(gp) # 800049f0 <__stdio_exit_handler>
    80002c32:	e391                	bnez	a5,80002c36 <__sinit+0x16>
    80002c34:	bde5                	j	80002b2c <global_stdio_init.part.0>
    80002c36:	8082                	ret

0000000080002c38 <__sfp_lock_acquire>:
    80002c38:	8082                	ret

0000000080002c3a <__sfp_lock_release>:
    80002c3a:	8082                	ret

0000000080002c3c <__fp_lock_all>:
    80002c3c:	00002617          	auipc	a2,0x2
    80002c40:	b6460613          	addi	a2,a2,-1180 # 800047a0 <__sglue>
    80002c44:	00000597          	auipc	a1,0x0
    80002c48:	e1c58593          	addi	a1,a1,-484 # 80002a60 <__fp_lock>
    80002c4c:	4501                	li	a0,0
    80002c4e:	a4f5                	j	80002f3a <_fwalk_sglue>

0000000080002c50 <__fp_unlock_all>:
    80002c50:	00002617          	auipc	a2,0x2
    80002c54:	b5060613          	addi	a2,a2,-1200 # 800047a0 <__sglue>
    80002c58:	00000597          	auipc	a1,0x0
    80002c5c:	f0e58593          	addi	a1,a1,-242 # 80002b66 <__fp_unlock>
    80002c60:	4501                	li	a0,0
    80002c62:	ace1                	j	80002f3a <_fwalk_sglue>

0000000080002c64 <__sfvwrite_r>:
    80002c64:	6a1c                	ld	a5,16(a2)
    80002c66:	e399                	bnez	a5,80002c6c <__sfvwrite_r+0x8>
    80002c68:	4501                	li	a0,0
    80002c6a:	8082                	ret
    80002c6c:	0105d783          	lhu	a5,16(a1)
    80002c70:	7159                	addi	sp,sp,-112
    80002c72:	f0a2                	sd	s0,96(sp)
    80002c74:	e8ca                	sd	s2,80(sp)
    80002c76:	e0d2                	sd	s4,64(sp)
    80002c78:	f486                	sd	ra,104(sp)
    80002c7a:	eca6                	sd	s1,88(sp)
    80002c7c:	e4ce                	sd	s3,72(sp)
    80002c7e:	fc56                	sd	s5,56(sp)
    80002c80:	f85a                	sd	s6,48(sp)
    80002c82:	f45e                	sd	s7,40(sp)
    80002c84:	f062                	sd	s8,32(sp)
    80002c86:	ec66                	sd	s9,24(sp)
    80002c88:	e86a                	sd	s10,16(sp)
    80002c8a:	e46e                	sd	s11,8(sp)
    80002c8c:	8ba1                	andi	a5,a5,8
    80002c8e:	892a                	mv	s2,a0
    80002c90:	842e                	mv	s0,a1
    80002c92:	8a32                	mv	s4,a2
    80002c94:	cfc1                	beqz	a5,80002d2c <__sfvwrite_r+0xc8>
    80002c96:	6d9c                	ld	a5,24(a1)
    80002c98:	cbd1                	beqz	a5,80002d2c <__sfvwrite_r+0xc8>
    80002c9a:	01041783          	lh	a5,16(s0)
    80002c9e:	000a3983          	ld	s3,0(s4)
    80002ca2:	0027f713          	andi	a4,a5,2
    80002ca6:	e765                	bnez	a4,80002d8e <__sfvwrite_r+0x12a>
    80002ca8:	8b85                	andi	a5,a5,1
    80002caa:	4a81                	li	s5,0
    80002cac:	16078063          	beqz	a5,80002e0c <__sfvwrite_r+0x1a8>
    80002cb0:	4501                	li	a0,0
    80002cb2:	4b81                	li	s7,0
    80002cb4:	4b01                	li	s6,0
    80002cb6:	240b0063          	beqz	s6,80002ef6 <__sfvwrite_r+0x292>
    80002cba:	e919                	bnez	a0,80002cd0 <__sfvwrite_r+0x6c>
    80002cbc:	865a                	mv	a2,s6
    80002cbe:	45a9                	li	a1,10
    80002cc0:	855e                	mv	a0,s7
    80002cc2:	862fe0ef          	jal	80000d24 <memchr>
    80002cc6:	22050f63          	beqz	a0,80002f04 <__sfvwrite_r+0x2a0>
    80002cca:	0505                	addi	a0,a0,1
    80002ccc:	41750abb          	subw	s5,a0,s7
    80002cd0:	8c56                	mv	s8,s5
    80002cd2:	015b7363          	bgeu	s6,s5,80002cd8 <__sfvwrite_r+0x74>
    80002cd6:	8c5a                	mv	s8,s6
    80002cd8:	6008                	ld	a0,0(s0)
    80002cda:	6c1c                	ld	a5,24(s0)
    80002cdc:	4444                	lw	s1,12(s0)
    80002cde:	5014                	lw	a3,32(s0)
    80002ce0:	22a7f563          	bgeu	a5,a0,80002f0a <__sfvwrite_r+0x2a6>
    80002ce4:	9cb5                	addw	s1,s1,a3
    80002ce6:	2384d263          	bge	s1,s8,80002f0a <__sfvwrite_r+0x2a6>
    80002cea:	85de                	mv	a1,s7
    80002cec:	8626                	mv	a2,s1
    80002cee:	706000ef          	jal	800033f4 <memmove>
    80002cf2:	601c                	ld	a5,0(s0)
    80002cf4:	85a2                	mv	a1,s0
    80002cf6:	854a                	mv	a0,s2
    80002cf8:	97a6                	add	a5,a5,s1
    80002cfa:	e01c                	sd	a5,0(s0)
    80002cfc:	2b1000ef          	jal	800037ac <_fflush_r>
    80002d00:	0e051f63          	bnez	a0,80002dfe <__sfvwrite_r+0x19a>
    80002d04:	409a8abb          	subw	s5,s5,s1
    80002d08:	4505                	li	a0,1
    80002d0a:	000a9763          	bnez	s5,80002d18 <__sfvwrite_r+0xb4>
    80002d0e:	85a2                	mv	a1,s0
    80002d10:	854a                	mv	a0,s2
    80002d12:	29b000ef          	jal	800037ac <_fflush_r>
    80002d16:	e565                	bnez	a0,80002dfe <__sfvwrite_r+0x19a>
    80002d18:	010a3783          	ld	a5,16(s4)
    80002d1c:	9ba6                	add	s7,s7,s1
    80002d1e:	409b0b33          	sub	s6,s6,s1
    80002d22:	8f85                	sub	a5,a5,s1
    80002d24:	00fa3823          	sd	a5,16(s4)
    80002d28:	f7d9                	bnez	a5,80002cb6 <__sfvwrite_r+0x52>
    80002d2a:	a091                	j	80002d6e <__sfvwrite_r+0x10a>
    80002d2c:	85a2                	mv	a1,s0
    80002d2e:	854a                	mv	a0,s2
    80002d30:	3e2000ef          	jal	80003112 <__swsetup_r>
    80002d34:	d13d                	beqz	a0,80002c9a <__sfvwrite_r+0x36>
    80002d36:	557d                	li	a0,-1
    80002d38:	a825                	j	80002d70 <__sfvwrite_r+0x10c>
    80002d3a:	0009ba83          	ld	s5,0(s3)
    80002d3e:	0089b483          	ld	s1,8(s3)
    80002d42:	09c1                	addi	s3,s3,16
    80002d44:	643c                	ld	a5,72(s0)
    80002d46:	7c0c                	ld	a1,56(s0)
    80002d48:	d8ed                	beqz	s1,80002d3a <__sfvwrite_r+0xd6>
    80002d4a:	86a6                	mv	a3,s1
    80002d4c:	009b7363          	bgeu	s6,s1,80002d52 <__sfvwrite_r+0xee>
    80002d50:	86da                	mv	a3,s6
    80002d52:	2681                	sext.w	a3,a3
    80002d54:	8656                	mv	a2,s5
    80002d56:	854a                	mv	a0,s2
    80002d58:	9782                	jalr	a5
    80002d5a:	0aa05263          	blez	a0,80002dfe <__sfvwrite_r+0x19a>
    80002d5e:	010a3783          	ld	a5,16(s4)
    80002d62:	9aaa                	add	s5,s5,a0
    80002d64:	8c89                	sub	s1,s1,a0
    80002d66:	8f89                	sub	a5,a5,a0
    80002d68:	00fa3823          	sd	a5,16(s4)
    80002d6c:	ffe1                	bnez	a5,80002d44 <__sfvwrite_r+0xe0>
    80002d6e:	4501                	li	a0,0
    80002d70:	70a6                	ld	ra,104(sp)
    80002d72:	7406                	ld	s0,96(sp)
    80002d74:	64e6                	ld	s1,88(sp)
    80002d76:	6946                	ld	s2,80(sp)
    80002d78:	69a6                	ld	s3,72(sp)
    80002d7a:	6a06                	ld	s4,64(sp)
    80002d7c:	7ae2                	ld	s5,56(sp)
    80002d7e:	7b42                	ld	s6,48(sp)
    80002d80:	7ba2                	ld	s7,40(sp)
    80002d82:	7c02                	ld	s8,32(sp)
    80002d84:	6ce2                	ld	s9,24(sp)
    80002d86:	6d42                	ld	s10,16(sp)
    80002d88:	6da2                	ld	s11,8(sp)
    80002d8a:	6165                	addi	sp,sp,112
    80002d8c:	8082                	ret
    80002d8e:	80000b37          	lui	s6,0x80000
    80002d92:	4a81                	li	s5,0
    80002d94:	4481                	li	s1,0
    80002d96:	c00b4b13          	xori	s6,s6,-1024
    80002d9a:	b76d                	j	80002d44 <__sfvwrite_r+0xe0>
    80002d9c:	0009ba83          	ld	s5,0(s3)
    80002da0:	0089bc83          	ld	s9,8(s3)
    80002da4:	09c1                	addi	s3,s3,16
    80002da6:	4444                	lw	s1,12(s0)
    80002da8:	01041783          	lh	a5,16(s0)
    80002dac:	6008                	ld	a0,0(s0)
    80002dae:	8d26                	mv	s10,s1
    80002db0:	fe0c86e3          	beqz	s9,80002d9c <__sfvwrite_r+0x138>
    80002db4:	2007f713          	andi	a4,a5,512
    80002db8:	c37d                	beqz	a4,80002e9e <__sfvwrite_r+0x23a>
    80002dba:	089ce763          	bltu	s9,s1,80002e48 <__sfvwrite_r+0x1e4>
    80002dbe:	4807f713          	andi	a4,a5,1152
    80002dc2:	c359                	beqz	a4,80002e48 <__sfvwrite_r+0x1e4>
    80002dc4:	5004                	lw	s1,32(s0)
    80002dc6:	6c0c                	ld	a1,24(s0)
    80002dc8:	029b84bb          	mulw	s1,s7,s1
    80002dcc:	8d0d                	sub	a0,a0,a1
    80002dce:	00050d9b          	sext.w	s11,a0
    80002dd2:	001d8713          	addi	a4,s11,1
    80002dd6:	9766                	add	a4,a4,s9
    80002dd8:	0384c4bb          	divw	s1,s1,s8
    80002ddc:	00e4f563          	bgeu	s1,a4,80002de6 <__sfvwrite_r+0x182>
    80002de0:	2505                	addiw	a0,a0,1
    80002de2:	019504bb          	addw	s1,a0,s9
    80002de6:	4007f793          	andi	a5,a5,1024
    80002dea:	cbc9                	beqz	a5,80002e7c <__sfvwrite_r+0x218>
    80002dec:	85a6                	mv	a1,s1
    80002dee:	854a                	mv	a0,s2
    80002df0:	c05fe0ef          	jal	800019f4 <_malloc_r>
    80002df4:	8d2a                	mv	s10,a0
    80002df6:	e11d                	bnez	a0,80002e1c <__sfvwrite_r+0x1b8>
    80002df8:	47b1                	li	a5,12
    80002dfa:	00f92023          	sw	a5,0(s2)
    80002dfe:	01045783          	lhu	a5,16(s0)
    80002e02:	0407e793          	ori	a5,a5,64
    80002e06:	00f41823          	sh	a5,16(s0)
    80002e0a:	b735                	j	80002d36 <__sfvwrite_r+0xd2>
    80002e0c:	80000b37          	lui	s6,0x80000
    80002e10:	4c81                	li	s9,0
    80002e12:	fffb4b13          	not	s6,s6
    80002e16:	4b8d                	li	s7,3
    80002e18:	4c09                	li	s8,2
    80002e1a:	b771                	j	80002da6 <__sfvwrite_r+0x142>
    80002e1c:	6c0c                	ld	a1,24(s0)
    80002e1e:	866e                	mv	a2,s11
    80002e20:	60a000ef          	jal	8000342a <memcpy>
    80002e24:	01045783          	lhu	a5,16(s0)
    80002e28:	b7f7f793          	andi	a5,a5,-1153
    80002e2c:	0807e793          	ori	a5,a5,128
    80002e30:	00f41823          	sh	a5,16(s0)
    80002e34:	01a43c23          	sd	s10,24(s0)
    80002e38:	d004                	sw	s1,32(s0)
    80002e3a:	9d6e                	add	s10,s10,s11
    80002e3c:	41b484bb          	subw	s1,s1,s11
    80002e40:	01a43023          	sd	s10,0(s0)
    80002e44:	c444                	sw	s1,12(s0)
    80002e46:	8d66                	mv	s10,s9
    80002e48:	84e6                	mv	s1,s9
    80002e4a:	01acf363          	bgeu	s9,s10,80002e50 <__sfvwrite_r+0x1ec>
    80002e4e:	8d66                	mv	s10,s9
    80002e50:	6008                	ld	a0,0(s0)
    80002e52:	866a                	mv	a2,s10
    80002e54:	85d6                	mv	a1,s5
    80002e56:	59e000ef          	jal	800033f4 <memmove>
    80002e5a:	445c                	lw	a5,12(s0)
    80002e5c:	41a787bb          	subw	a5,a5,s10
    80002e60:	c45c                	sw	a5,12(s0)
    80002e62:	601c                	ld	a5,0(s0)
    80002e64:	97ea                	add	a5,a5,s10
    80002e66:	e01c                	sd	a5,0(s0)
    80002e68:	010a3783          	ld	a5,16(s4)
    80002e6c:	9aa6                	add	s5,s5,s1
    80002e6e:	409c8cb3          	sub	s9,s9,s1
    80002e72:	8f85                	sub	a5,a5,s1
    80002e74:	00fa3823          	sd	a5,16(s4)
    80002e78:	f79d                	bnez	a5,80002da6 <__sfvwrite_r+0x142>
    80002e7a:	bdd5                	j	80002d6e <__sfvwrite_r+0x10a>
    80002e7c:	8626                	mv	a2,s1
    80002e7e:	854a                	mv	a0,s2
    80002e80:	73e000ef          	jal	800035be <_realloc_r>
    80002e84:	8d2a                	mv	s10,a0
    80002e86:	f55d                	bnez	a0,80002e34 <__sfvwrite_r+0x1d0>
    80002e88:	6c0c                	ld	a1,24(s0)
    80002e8a:	854a                	mv	a0,s2
    80002e8c:	64c000ef          	jal	800034d8 <_free_r>
    80002e90:	01045783          	lhu	a5,16(s0)
    80002e94:	f7f7f793          	andi	a5,a5,-129
    80002e98:	00f41823          	sh	a5,16(s0)
    80002e9c:	bfb1                	j	80002df8 <__sfvwrite_r+0x194>
    80002e9e:	6c1c                	ld	a5,24(s0)
    80002ea0:	00a7e563          	bltu	a5,a0,80002eaa <__sfvwrite_r+0x246>
    80002ea4:	5014                	lw	a3,32(s0)
    80002ea6:	02dcf763          	bgeu	s9,a3,80002ed4 <__sfvwrite_r+0x270>
    80002eaa:	009cf363          	bgeu	s9,s1,80002eb0 <__sfvwrite_r+0x24c>
    80002eae:	84e6                	mv	s1,s9
    80002eb0:	8626                	mv	a2,s1
    80002eb2:	85d6                	mv	a1,s5
    80002eb4:	540000ef          	jal	800033f4 <memmove>
    80002eb8:	445c                	lw	a5,12(s0)
    80002eba:	4097873b          	subw	a4,a5,s1
    80002ebe:	601c                	ld	a5,0(s0)
    80002ec0:	c458                	sw	a4,12(s0)
    80002ec2:	97a6                	add	a5,a5,s1
    80002ec4:	e01c                	sd	a5,0(s0)
    80002ec6:	f34d                	bnez	a4,80002e68 <__sfvwrite_r+0x204>
    80002ec8:	85a2                	mv	a1,s0
    80002eca:	854a                	mv	a0,s2
    80002ecc:	0e1000ef          	jal	800037ac <_fflush_r>
    80002ed0:	dd41                	beqz	a0,80002e68 <__sfvwrite_r+0x204>
    80002ed2:	b735                	j	80002dfe <__sfvwrite_r+0x19a>
    80002ed4:	87e6                	mv	a5,s9
    80002ed6:	019b7363          	bgeu	s6,s9,80002edc <__sfvwrite_r+0x278>
    80002eda:	87da                	mv	a5,s6
    80002edc:	02d7c7bb          	divw	a5,a5,a3
    80002ee0:	6438                	ld	a4,72(s0)
    80002ee2:	7c0c                	ld	a1,56(s0)
    80002ee4:	8656                	mv	a2,s5
    80002ee6:	854a                	mv	a0,s2
    80002ee8:	02d786bb          	mulw	a3,a5,a3
    80002eec:	9702                	jalr	a4
    80002eee:	84aa                	mv	s1,a0
    80002ef0:	f6a04ce3          	bgtz	a0,80002e68 <__sfvwrite_r+0x204>
    80002ef4:	b729                	j	80002dfe <__sfvwrite_r+0x19a>
    80002ef6:	0009bb83          	ld	s7,0(s3)
    80002efa:	0089bb03          	ld	s6,8(s3)
    80002efe:	4501                	li	a0,0
    80002f00:	09c1                	addi	s3,s3,16
    80002f02:	bb55                	j	80002cb6 <__sfvwrite_r+0x52>
    80002f04:	001b0a9b          	addiw	s5,s6,1 # ffffffff80000001 <__heap_end+0xfffffffefffdb001>
    80002f08:	b3e1                	j	80002cd0 <__sfvwrite_r+0x6c>
    80002f0a:	00dc4b63          	blt	s8,a3,80002f20 <__sfvwrite_r+0x2bc>
    80002f0e:	643c                	ld	a5,72(s0)
    80002f10:	7c0c                	ld	a1,56(s0)
    80002f12:	865e                	mv	a2,s7
    80002f14:	854a                	mv	a0,s2
    80002f16:	9782                	jalr	a5
    80002f18:	84aa                	mv	s1,a0
    80002f1a:	dea045e3          	bgtz	a0,80002d04 <__sfvwrite_r+0xa0>
    80002f1e:	b5c5                	j	80002dfe <__sfvwrite_r+0x19a>
    80002f20:	8662                	mv	a2,s8
    80002f22:	85de                	mv	a1,s7
    80002f24:	4d0000ef          	jal	800033f4 <memmove>
    80002f28:	445c                	lw	a5,12(s0)
    80002f2a:	84e2                	mv	s1,s8
    80002f2c:	418787bb          	subw	a5,a5,s8
    80002f30:	c45c                	sw	a5,12(s0)
    80002f32:	601c                	ld	a5,0(s0)
    80002f34:	97e2                	add	a5,a5,s8
    80002f36:	e01c                	sd	a5,0(s0)
    80002f38:	b3f1                	j	80002d04 <__sfvwrite_r+0xa0>

0000000080002f3a <_fwalk_sglue>:
    80002f3a:	715d                	addi	sp,sp,-80
    80002f3c:	e0a2                	sd	s0,64(sp)
    80002f3e:	fc26                	sd	s1,56(sp)
    80002f40:	f44e                	sd	s3,40(sp)
    80002f42:	f052                	sd	s4,32(sp)
    80002f44:	e85a                	sd	s6,16(sp)
    80002f46:	e45e                	sd	s7,8(sp)
    80002f48:	e486                	sd	ra,72(sp)
    80002f4a:	f84a                	sd	s2,48(sp)
    80002f4c:	ec56                	sd	s5,24(sp)
    80002f4e:	89aa                	mv	s3,a0
    80002f50:	8a2e                	mv	s4,a1
    80002f52:	8432                	mv	s0,a2
    80002f54:	4481                	li	s1,0
    80002f56:	4b05                	li	s6,1
    80002f58:	5bfd                	li	s7,-1
    80002f5a:	01043903          	ld	s2,16(s0)
    80002f5e:	00842a83          	lw	s5,8(s0)
    80002f62:	3afd                	addiw	s5,s5,-1
    80002f64:	020ad063          	bgez	s5,80002f84 <_fwalk_sglue+0x4a>
    80002f68:	6000                	ld	s0,0(s0)
    80002f6a:	f865                	bnez	s0,80002f5a <_fwalk_sglue+0x20>
    80002f6c:	60a6                	ld	ra,72(sp)
    80002f6e:	6406                	ld	s0,64(sp)
    80002f70:	7942                	ld	s2,48(sp)
    80002f72:	79a2                	ld	s3,40(sp)
    80002f74:	7a02                	ld	s4,32(sp)
    80002f76:	6ae2                	ld	s5,24(sp)
    80002f78:	6b42                	ld	s6,16(sp)
    80002f7a:	6ba2                	ld	s7,8(sp)
    80002f7c:	8526                	mv	a0,s1
    80002f7e:	74e2                	ld	s1,56(sp)
    80002f80:	6161                	addi	sp,sp,80
    80002f82:	8082                	ret
    80002f84:	01095783          	lhu	a5,16(s2)
    80002f88:	00fb7b63          	bgeu	s6,a5,80002f9e <_fwalk_sglue+0x64>
    80002f8c:	01291783          	lh	a5,18(s2)
    80002f90:	01778763          	beq	a5,s7,80002f9e <_fwalk_sglue+0x64>
    80002f94:	85ca                	mv	a1,s2
    80002f96:	854e                	mv	a0,s3
    80002f98:	9a02                	jalr	s4
    80002f9a:	8cc9                	or	s1,s1,a0
    80002f9c:	2481                	sext.w	s1,s1
    80002f9e:	0b090913          	addi	s2,s2,176
    80002fa2:	b7c1                	j	80002f62 <_fwalk_sglue+0x28>

0000000080002fa4 <__sread>:
    80002fa4:	1141                	addi	sp,sp,-16
    80002fa6:	e022                	sd	s0,0(sp)
    80002fa8:	842e                	mv	s0,a1
    80002faa:	01259583          	lh	a1,18(a1)
    80002fae:	e406                	sd	ra,8(sp)
    80002fb0:	3c4000ef          	jal	80003374 <_read_r>
    80002fb4:	00054963          	bltz	a0,80002fc6 <__sread+0x22>
    80002fb8:	6c5c                	ld	a5,152(s0)
    80002fba:	97aa                	add	a5,a5,a0
    80002fbc:	ec5c                	sd	a5,152(s0)
    80002fbe:	60a2                	ld	ra,8(sp)
    80002fc0:	6402                	ld	s0,0(sp)
    80002fc2:	0141                	addi	sp,sp,16
    80002fc4:	8082                	ret
    80002fc6:	01045783          	lhu	a5,16(s0)
    80002fca:	777d                	lui	a4,0xfffff
    80002fcc:	177d                	addi	a4,a4,-1 # ffffffffffffefff <__heap_end+0xffffffff7ffd9fff>
    80002fce:	8ff9                	and	a5,a5,a4
    80002fd0:	00f41823          	sh	a5,16(s0)
    80002fd4:	b7ed                	j	80002fbe <__sread+0x1a>

0000000080002fd6 <__seofread>:
    80002fd6:	4501                	li	a0,0
    80002fd8:	8082                	ret

0000000080002fda <__swrite>:
    80002fda:	0105d783          	lhu	a5,16(a1)
    80002fde:	7179                	addi	sp,sp,-48
    80002fe0:	f022                	sd	s0,32(sp)
    80002fe2:	ec26                	sd	s1,24(sp)
    80002fe4:	e84a                	sd	s2,16(sp)
    80002fe6:	e44e                	sd	s3,8(sp)
    80002fe8:	f406                	sd	ra,40(sp)
    80002fea:	1007f793          	andi	a5,a5,256
    80002fee:	84aa                	mv	s1,a0
    80002ff0:	842e                	mv	s0,a1
    80002ff2:	8932                	mv	s2,a2
    80002ff4:	89b6                	mv	s3,a3
    80002ff6:	c799                	beqz	a5,80003004 <__swrite+0x2a>
    80002ff8:	01259583          	lh	a1,18(a1)
    80002ffc:	4689                	li	a3,2
    80002ffe:	4601                	li	a2,0
    80003000:	348000ef          	jal	80003348 <_lseek_r>
    80003004:	01045783          	lhu	a5,16(s0)
    80003008:	777d                	lui	a4,0xfffff
    8000300a:	177d                	addi	a4,a4,-1 # ffffffffffffefff <__heap_end+0xffffffff7ffd9fff>
    8000300c:	8ff9                	and	a5,a5,a4
    8000300e:	01241583          	lh	a1,18(s0)
    80003012:	00f41823          	sh	a5,16(s0)
    80003016:	7402                	ld	s0,32(sp)
    80003018:	70a2                	ld	ra,40(sp)
    8000301a:	86ce                	mv	a3,s3
    8000301c:	864a                	mv	a2,s2
    8000301e:	69a2                	ld	s3,8(sp)
    80003020:	6942                	ld	s2,16(sp)
    80003022:	8526                	mv	a0,s1
    80003024:	64e2                	ld	s1,24(sp)
    80003026:	6145                	addi	sp,sp,48
    80003028:	a645                	j	800033c8 <_write_r>

000000008000302a <__sseek>:
    8000302a:	1141                	addi	sp,sp,-16
    8000302c:	e022                	sd	s0,0(sp)
    8000302e:	842e                	mv	s0,a1
    80003030:	01259583          	lh	a1,18(a1)
    80003034:	e406                	sd	ra,8(sp)
    80003036:	312000ef          	jal	80003348 <_lseek_r>
    8000303a:	577d                	li	a4,-1
    8000303c:	01045783          	lhu	a5,16(s0)
    80003040:	00e51b63          	bne	a0,a4,80003056 <__sseek+0x2c>
    80003044:	777d                	lui	a4,0xfffff
    80003046:	177d                	addi	a4,a4,-1 # ffffffffffffefff <__heap_end+0xffffffff7ffd9fff>
    80003048:	8ff9                	and	a5,a5,a4
    8000304a:	00f41823          	sh	a5,16(s0)
    8000304e:	60a2                	ld	ra,8(sp)
    80003050:	6402                	ld	s0,0(sp)
    80003052:	0141                	addi	sp,sp,16
    80003054:	8082                	ret
    80003056:	6705                	lui	a4,0x1
    80003058:	8fd9                	or	a5,a5,a4
    8000305a:	00f41823          	sh	a5,16(s0)
    8000305e:	ec48                	sd	a0,152(s0)
    80003060:	b7fd                	j	8000304e <__sseek+0x24>

0000000080003062 <__sclose>:
    80003062:	01259583          	lh	a1,18(a1)
    80003066:	a2ed                	j	80003250 <_close_r>

0000000080003068 <__swbuf_r>:
    80003068:	7179                	addi	sp,sp,-48
    8000306a:	f022                	sd	s0,32(sp)
    8000306c:	ec26                	sd	s1,24(sp)
    8000306e:	e84a                	sd	s2,16(sp)
    80003070:	f406                	sd	ra,40(sp)
    80003072:	e44e                	sd	s3,8(sp)
    80003074:	892a                	mv	s2,a0
    80003076:	84ae                	mv	s1,a1
    80003078:	8432                	mv	s0,a2
    8000307a:	c509                	beqz	a0,80003084 <__swbuf_r+0x1c>
    8000307c:	613c                	ld	a5,64(a0)
    8000307e:	e399                	bnez	a5,80003084 <__swbuf_r+0x1c>
    80003080:	ba1ff0ef          	jal	80002c20 <__sinit>
    80003084:	541c                	lw	a5,40(s0)
    80003086:	c45c                	sw	a5,12(s0)
    80003088:	01045783          	lhu	a5,16(s0)
    8000308c:	8ba1                	andi	a5,a5,8
    8000308e:	c399                	beqz	a5,80003094 <__swbuf_r+0x2c>
    80003090:	6c1c                	ld	a5,24(s0)
    80003092:	ef99                	bnez	a5,800030b0 <__swbuf_r+0x48>
    80003094:	85a2                	mv	a1,s0
    80003096:	854a                	mv	a0,s2
    80003098:	07a000ef          	jal	80003112 <__swsetup_r>
    8000309c:	c911                	beqz	a0,800030b0 <__swbuf_r+0x48>
    8000309e:	54fd                	li	s1,-1
    800030a0:	70a2                	ld	ra,40(sp)
    800030a2:	7402                	ld	s0,32(sp)
    800030a4:	6942                	ld	s2,16(sp)
    800030a6:	69a2                	ld	s3,8(sp)
    800030a8:	8526                	mv	a0,s1
    800030aa:	64e2                	ld	s1,24(sp)
    800030ac:	6145                	addi	sp,sp,48
    800030ae:	8082                	ret
    800030b0:	601c                	ld	a5,0(s0)
    800030b2:	6c18                	ld	a4,24(s0)
    800030b4:	0ff4f993          	zext.b	s3,s1
    800030b8:	84ce                	mv	s1,s3
    800030ba:	40e7853b          	subw	a0,a5,a4
    800030be:	501c                	lw	a5,32(s0)
    800030c0:	00f54763          	blt	a0,a5,800030ce <__swbuf_r+0x66>
    800030c4:	85a2                	mv	a1,s0
    800030c6:	854a                	mv	a0,s2
    800030c8:	6e4000ef          	jal	800037ac <_fflush_r>
    800030cc:	f969                	bnez	a0,8000309e <__swbuf_r+0x36>
    800030ce:	445c                	lw	a5,12(s0)
    800030d0:	37fd                	addiw	a5,a5,-1
    800030d2:	c45c                	sw	a5,12(s0)
    800030d4:	601c                	ld	a5,0(s0)
    800030d6:	00178713          	addi	a4,a5,1
    800030da:	e018                	sd	a4,0(s0)
    800030dc:	01378023          	sb	s3,0(a5)
    800030e0:	5018                	lw	a4,32(s0)
    800030e2:	0015079b          	addiw	a5,a0,1
    800030e6:	00f70963          	beq	a4,a5,800030f8 <__swbuf_r+0x90>
    800030ea:	01045783          	lhu	a5,16(s0)
    800030ee:	8b85                	andi	a5,a5,1
    800030f0:	dbc5                	beqz	a5,800030a0 <__swbuf_r+0x38>
    800030f2:	47a9                	li	a5,10
    800030f4:	faf496e3          	bne	s1,a5,800030a0 <__swbuf_r+0x38>
    800030f8:	85a2                	mv	a1,s0
    800030fa:	854a                	mv	a0,s2
    800030fc:	6b0000ef          	jal	800037ac <_fflush_r>
    80003100:	d145                	beqz	a0,800030a0 <__swbuf_r+0x38>
    80003102:	bf71                	j	8000309e <__swbuf_r+0x36>

0000000080003104 <__swbuf>:
    80003104:	862e                	mv	a2,a1
    80003106:	85aa                	mv	a1,a0
    80003108:	00002517          	auipc	a0,0x2
    8000310c:	85853503          	ld	a0,-1960(a0) # 80004960 <_impure_ptr>
    80003110:	bfa1                	j	80003068 <__swbuf_r>

0000000080003112 <__swsetup_r>:
    80003112:	1101                	addi	sp,sp,-32
    80003114:	e822                	sd	s0,16(sp)
    80003116:	e426                	sd	s1,8(sp)
    80003118:	ec06                	sd	ra,24(sp)
    8000311a:	84aa                	mv	s1,a0
    8000311c:	00002517          	auipc	a0,0x2
    80003120:	84453503          	ld	a0,-1980(a0) # 80004960 <_impure_ptr>
    80003124:	842e                	mv	s0,a1
    80003126:	c509                	beqz	a0,80003130 <__swsetup_r+0x1e>
    80003128:	613c                	ld	a5,64(a0)
    8000312a:	e399                	bnez	a5,80003130 <__swsetup_r+0x1e>
    8000312c:	af5ff0ef          	jal	80002c20 <__sinit>
    80003130:	01041783          	lh	a5,16(s0)
    80003134:	0087f713          	andi	a4,a5,8
    80003138:	eb29                	bnez	a4,8000318a <__swsetup_r+0x78>
    8000313a:	0107f713          	andi	a4,a5,16
    8000313e:	eb09                	bnez	a4,80003150 <__swsetup_r+0x3e>
    80003140:	4725                	li	a4,9
    80003142:	c098                	sw	a4,0(s1)
    80003144:	0407e793          	ori	a5,a5,64
    80003148:	00f41823          	sh	a5,16(s0)
    8000314c:	557d                	li	a0,-1
    8000314e:	a8ad                	j	800031c8 <__swsetup_r+0xb6>
    80003150:	8b91                	andi	a5,a5,4
    80003152:	c795                	beqz	a5,8000317e <__swsetup_r+0x6c>
    80003154:	702c                	ld	a1,96(s0)
    80003156:	c991                	beqz	a1,8000316a <__swsetup_r+0x58>
    80003158:	07c40793          	addi	a5,s0,124
    8000315c:	00f58563          	beq	a1,a5,80003166 <__swsetup_r+0x54>
    80003160:	8526                	mv	a0,s1
    80003162:	376000ef          	jal	800034d8 <_free_r>
    80003166:	06043023          	sd	zero,96(s0)
    8000316a:	01045783          	lhu	a5,16(s0)
    8000316e:	00042423          	sw	zero,8(s0)
    80003172:	fdb7f793          	andi	a5,a5,-37
    80003176:	00f41823          	sh	a5,16(s0)
    8000317a:	6c1c                	ld	a5,24(s0)
    8000317c:	e01c                	sd	a5,0(s0)
    8000317e:	01045783          	lhu	a5,16(s0)
    80003182:	0087e793          	ori	a5,a5,8
    80003186:	00f41823          	sh	a5,16(s0)
    8000318a:	6c1c                	ld	a5,24(s0)
    8000318c:	ef89                	bnez	a5,800031a6 <__swsetup_r+0x94>
    8000318e:	01045783          	lhu	a5,16(s0)
    80003192:	20000713          	li	a4,512
    80003196:	2807f793          	andi	a5,a5,640
    8000319a:	00e78663          	beq	a5,a4,800031a6 <__swsetup_r+0x94>
    8000319e:	85a2                	mv	a1,s0
    800031a0:	8526                	mv	a0,s1
    800031a2:	70e000ef          	jal	800038b0 <__smakebuf_r>
    800031a6:	01041783          	lh	a5,16(s0)
    800031aa:	0017f713          	andi	a4,a5,1
    800031ae:	c315                	beqz	a4,800031d2 <__swsetup_r+0xc0>
    800031b0:	5018                	lw	a4,32(s0)
    800031b2:	00042623          	sw	zero,12(s0)
    800031b6:	40e0073b          	negw	a4,a4
    800031ba:	d418                	sw	a4,40(s0)
    800031bc:	6c18                	ld	a4,24(s0)
    800031be:	4501                	li	a0,0
    800031c0:	e701                	bnez	a4,800031c8 <__swsetup_r+0xb6>
    800031c2:	0807f713          	andi	a4,a5,128
    800031c6:	ff3d                	bnez	a4,80003144 <__swsetup_r+0x32>
    800031c8:	60e2                	ld	ra,24(sp)
    800031ca:	6442                	ld	s0,16(sp)
    800031cc:	64a2                	ld	s1,8(sp)
    800031ce:	6105                	addi	sp,sp,32
    800031d0:	8082                	ret
    800031d2:	0027f713          	andi	a4,a5,2
    800031d6:	4681                	li	a3,0
    800031d8:	e311                	bnez	a4,800031dc <__swsetup_r+0xca>
    800031da:	5014                	lw	a3,32(s0)
    800031dc:	c454                	sw	a3,12(s0)
    800031de:	bff9                	j	800031bc <__swsetup_r+0xaa>

00000000800031e0 <_setlocale_r>:
    800031e0:	c639                	beqz	a2,8000322e <_setlocale_r+0x4e>
    800031e2:	1141                	addi	sp,sp,-16
    800031e4:	00001597          	auipc	a1,0x1
    800031e8:	0fc58593          	addi	a1,a1,252 # 800042e0 <__tbss_end+0x1ee>
    800031ec:	8532                	mv	a0,a2
    800031ee:	e022                	sd	s0,0(sp)
    800031f0:	e406                	sd	ra,8(sp)
    800031f2:	8432                	mv	s0,a2
    800031f4:	24c000ef          	jal	80003440 <strcmp>
    800031f8:	e909                	bnez	a0,8000320a <_setlocale_r+0x2a>
    800031fa:	00001517          	auipc	a0,0x1
    800031fe:	0de50513          	addi	a0,a0,222 # 800042d8 <__tbss_end+0x1e6>
    80003202:	60a2                	ld	ra,8(sp)
    80003204:	6402                	ld	s0,0(sp)
    80003206:	0141                	addi	sp,sp,16
    80003208:	8082                	ret
    8000320a:	00001597          	auipc	a1,0x1
    8000320e:	0ce58593          	addi	a1,a1,206 # 800042d8 <__tbss_end+0x1e6>
    80003212:	8522                	mv	a0,s0
    80003214:	22c000ef          	jal	80003440 <strcmp>
    80003218:	d16d                	beqz	a0,800031fa <_setlocale_r+0x1a>
    8000321a:	00001597          	auipc	a1,0x1
    8000321e:	f2658593          	addi	a1,a1,-218 # 80004140 <__tbss_end+0x4e>
    80003222:	8522                	mv	a0,s0
    80003224:	21c000ef          	jal	80003440 <strcmp>
    80003228:	d969                	beqz	a0,800031fa <_setlocale_r+0x1a>
    8000322a:	4501                	li	a0,0
    8000322c:	bfd9                	j	80003202 <_setlocale_r+0x22>
    8000322e:	00001517          	auipc	a0,0x1
    80003232:	0aa50513          	addi	a0,a0,170 # 800042d8 <__tbss_end+0x1e6>
    80003236:	8082                	ret

0000000080003238 <__locale_mb_cur_max>:
    80003238:	00001517          	auipc	a0,0x1
    8000323c:	6e054503          	lbu	a0,1760(a0) # 80004918 <__global_locale+0x160>
    80003240:	8082                	ret

0000000080003242 <setlocale>:
    80003242:	862e                	mv	a2,a1
    80003244:	85aa                	mv	a1,a0
    80003246:	00001517          	auipc	a0,0x1
    8000324a:	71a53503          	ld	a0,1818(a0) # 80004960 <_impure_ptr>
    8000324e:	bf49                	j	800031e0 <_setlocale_r>

0000000080003250 <_close_r>:
    80003250:	1141                	addi	sp,sp,-16
    80003252:	e022                	sd	s0,0(sp)
    80003254:	842a                	mv	s0,a0
    80003256:	852e                	mv	a0,a1
    80003258:	8a01a023          	sw	zero,-1888(gp) # 80004a00 <errno>
    8000325c:	e406                	sd	ra,8(sp)
    8000325e:	31b000ef          	jal	80003d78 <_close>
    80003262:	57fd                	li	a5,-1
    80003264:	00f51663          	bne	a0,a5,80003270 <_close_r+0x20>
    80003268:	8a01a783          	lw	a5,-1888(gp) # 80004a00 <errno>
    8000326c:	c391                	beqz	a5,80003270 <_close_r+0x20>
    8000326e:	c01c                	sw	a5,0(s0)
    80003270:	60a2                	ld	ra,8(sp)
    80003272:	6402                	ld	s0,0(sp)
    80003274:	0141                	addi	sp,sp,16
    80003276:	8082                	ret

0000000080003278 <_reclaim_reent>:
    80003278:	00001797          	auipc	a5,0x1
    8000327c:	6e87b783          	ld	a5,1768(a5) # 80004960 <_impure_ptr>
    80003280:	0ca78363          	beq	a5,a0,80003346 <_reclaim_reent+0xce>
    80003284:	7d1c                	ld	a5,56(a0)
    80003286:	7179                	addi	sp,sp,-48
    80003288:	f022                	sd	s0,32(sp)
    8000328a:	f406                	sd	ra,40(sp)
    8000328c:	ec26                	sd	s1,24(sp)
    8000328e:	e84a                	sd	s2,16(sp)
    80003290:	e44e                	sd	s3,8(sp)
    80003292:	842a                	mv	s0,a0
    80003294:	cb8d                	beqz	a5,800032c6 <_reclaim_reent+0x4e>
    80003296:	6f9c                	ld	a5,24(a5)
    80003298:	c38d                	beqz	a5,800032ba <_reclaim_reent+0x42>
    8000329a:	4481                	li	s1,0
    8000329c:	20000913          	li	s2,512
    800032a0:	7c1c                	ld	a5,56(s0)
    800032a2:	6f9c                	ld	a5,24(a5)
    800032a4:	97a6                	add	a5,a5,s1
    800032a6:	638c                	ld	a1,0(a5)
    800032a8:	e1c9                	bnez	a1,8000332a <_reclaim_reent+0xb2>
    800032aa:	04a1                	addi	s1,s1,8
    800032ac:	ff249ae3          	bne	s1,s2,800032a0 <_reclaim_reent+0x28>
    800032b0:	7c1c                	ld	a5,56(s0)
    800032b2:	8522                	mv	a0,s0
    800032b4:	6f8c                	ld	a1,24(a5)
    800032b6:	222000ef          	jal	800034d8 <_free_r>
    800032ba:	7c1c                	ld	a5,56(s0)
    800032bc:	638c                	ld	a1,0(a5)
    800032be:	c581                	beqz	a1,800032c6 <_reclaim_reent+0x4e>
    800032c0:	8522                	mv	a0,s0
    800032c2:	216000ef          	jal	800034d8 <_free_r>
    800032c6:	740c                	ld	a1,40(s0)
    800032c8:	c581                	beqz	a1,800032d0 <_reclaim_reent+0x58>
    800032ca:	8522                	mv	a0,s0
    800032cc:	20c000ef          	jal	800034d8 <_free_r>
    800032d0:	7c0c                	ld	a1,56(s0)
    800032d2:	c581                	beqz	a1,800032da <_reclaim_reent+0x62>
    800032d4:	8522                	mv	a0,s0
    800032d6:	202000ef          	jal	800034d8 <_free_r>
    800032da:	6c2c                	ld	a1,88(s0)
    800032dc:	c581                	beqz	a1,800032e4 <_reclaim_reent+0x6c>
    800032de:	8522                	mv	a0,s0
    800032e0:	1f8000ef          	jal	800034d8 <_free_r>
    800032e4:	702c                	ld	a1,96(s0)
    800032e6:	c581                	beqz	a1,800032ee <_reclaim_reent+0x76>
    800032e8:	8522                	mv	a0,s0
    800032ea:	1ee000ef          	jal	800034d8 <_free_r>
    800032ee:	742c                	ld	a1,104(s0)
    800032f0:	c581                	beqz	a1,800032f8 <_reclaim_reent+0x80>
    800032f2:	8522                	mv	a0,s0
    800032f4:	1e4000ef          	jal	800034d8 <_free_r>
    800032f8:	644c                	ld	a1,136(s0)
    800032fa:	c581                	beqz	a1,80003302 <_reclaim_reent+0x8a>
    800032fc:	8522                	mv	a0,s0
    800032fe:	1da000ef          	jal	800034d8 <_free_r>
    80003302:	604c                	ld	a1,128(s0)
    80003304:	c581                	beqz	a1,8000330c <_reclaim_reent+0x94>
    80003306:	8522                	mv	a0,s0
    80003308:	1d0000ef          	jal	800034d8 <_free_r>
    8000330c:	682c                	ld	a1,80(s0)
    8000330e:	c581                	beqz	a1,80003316 <_reclaim_reent+0x9e>
    80003310:	8522                	mv	a0,s0
    80003312:	1c6000ef          	jal	800034d8 <_free_r>
    80003316:	603c                	ld	a5,64(s0)
    80003318:	c385                	beqz	a5,80003338 <_reclaim_reent+0xc0>
    8000331a:	8522                	mv	a0,s0
    8000331c:	7402                	ld	s0,32(sp)
    8000331e:	70a2                	ld	ra,40(sp)
    80003320:	64e2                	ld	s1,24(sp)
    80003322:	6942                	ld	s2,16(sp)
    80003324:	69a2                	ld	s3,8(sp)
    80003326:	6145                	addi	sp,sp,48
    80003328:	8782                	jr	a5
    8000332a:	0005b983          	ld	s3,0(a1)
    8000332e:	8522                	mv	a0,s0
    80003330:	1a8000ef          	jal	800034d8 <_free_r>
    80003334:	85ce                	mv	a1,s3
    80003336:	bf8d                	j	800032a8 <_reclaim_reent+0x30>
    80003338:	70a2                	ld	ra,40(sp)
    8000333a:	7402                	ld	s0,32(sp)
    8000333c:	64e2                	ld	s1,24(sp)
    8000333e:	6942                	ld	s2,16(sp)
    80003340:	69a2                	ld	s3,8(sp)
    80003342:	6145                	addi	sp,sp,48
    80003344:	8082                	ret
    80003346:	8082                	ret

0000000080003348 <_lseek_r>:
    80003348:	1141                	addi	sp,sp,-16
    8000334a:	e022                	sd	s0,0(sp)
    8000334c:	842a                	mv	s0,a0
    8000334e:	852e                	mv	a0,a1
    80003350:	85b2                	mv	a1,a2
    80003352:	8636                	mv	a2,a3
    80003354:	8a01a023          	sw	zero,-1888(gp) # 80004a00 <errno>
    80003358:	e406                	sd	ra,8(sp)
    8000335a:	289000ef          	jal	80003de2 <_lseek>
    8000335e:	57fd                	li	a5,-1
    80003360:	00f51663          	bne	a0,a5,8000336c <_lseek_r+0x24>
    80003364:	8a01a783          	lw	a5,-1888(gp) # 80004a00 <errno>
    80003368:	c391                	beqz	a5,8000336c <_lseek_r+0x24>
    8000336a:	c01c                	sw	a5,0(s0)
    8000336c:	60a2                	ld	ra,8(sp)
    8000336e:	6402                	ld	s0,0(sp)
    80003370:	0141                	addi	sp,sp,16
    80003372:	8082                	ret

0000000080003374 <_read_r>:
    80003374:	1141                	addi	sp,sp,-16
    80003376:	e022                	sd	s0,0(sp)
    80003378:	842a                	mv	s0,a0
    8000337a:	852e                	mv	a0,a1
    8000337c:	85b2                	mv	a1,a2
    8000337e:	8636                	mv	a2,a3
    80003380:	8a01a023          	sw	zero,-1888(gp) # 80004a00 <errno>
    80003384:	e406                	sd	ra,8(sp)
    80003386:	271000ef          	jal	80003df6 <_read>
    8000338a:	57fd                	li	a5,-1
    8000338c:	00f51663          	bne	a0,a5,80003398 <_read_r+0x24>
    80003390:	8a01a783          	lw	a5,-1888(gp) # 80004a00 <errno>
    80003394:	c391                	beqz	a5,80003398 <_read_r+0x24>
    80003396:	c01c                	sw	a5,0(s0)
    80003398:	60a2                	ld	ra,8(sp)
    8000339a:	6402                	ld	s0,0(sp)
    8000339c:	0141                	addi	sp,sp,16
    8000339e:	8082                	ret

00000000800033a0 <_sbrk_r>:
    800033a0:	1141                	addi	sp,sp,-16
    800033a2:	e022                	sd	s0,0(sp)
    800033a4:	842a                	mv	s0,a0
    800033a6:	852e                	mv	a0,a1
    800033a8:	8a01a023          	sw	zero,-1888(gp) # 80004a00 <errno>
    800033ac:	e406                	sd	ra,8(sp)
    800033ae:	25f000ef          	jal	80003e0c <_sbrk>
    800033b2:	57fd                	li	a5,-1
    800033b4:	00f51663          	bne	a0,a5,800033c0 <_sbrk_r+0x20>
    800033b8:	8a01a783          	lw	a5,-1888(gp) # 80004a00 <errno>
    800033bc:	c391                	beqz	a5,800033c0 <_sbrk_r+0x20>
    800033be:	c01c                	sw	a5,0(s0)
    800033c0:	60a2                	ld	ra,8(sp)
    800033c2:	6402                	ld	s0,0(sp)
    800033c4:	0141                	addi	sp,sp,16
    800033c6:	8082                	ret

00000000800033c8 <_write_r>:
    800033c8:	1141                	addi	sp,sp,-16
    800033ca:	e022                	sd	s0,0(sp)
    800033cc:	842a                	mv	s0,a0
    800033ce:	852e                	mv	a0,a1
    800033d0:	85b2                	mv	a1,a2
    800033d2:	8636                	mv	a2,a3
    800033d4:	8a01a023          	sw	zero,-1888(gp) # 80004a00 <errno>
    800033d8:	e406                	sd	ra,8(sp)
    800033da:	26f000ef          	jal	80003e48 <_write>
    800033de:	57fd                	li	a5,-1
    800033e0:	00f51663          	bne	a0,a5,800033ec <_write_r+0x24>
    800033e4:	8a01a783          	lw	a5,-1888(gp) # 80004a00 <errno>
    800033e8:	c391                	beqz	a5,800033ec <_write_r+0x24>
    800033ea:	c01c                	sw	a5,0(s0)
    800033ec:	60a2                	ld	ra,8(sp)
    800033ee:	6402                	ld	s0,0(sp)
    800033f0:	0141                	addi	sp,sp,16
    800033f2:	8082                	ret

00000000800033f4 <memmove>:
    800033f4:	c215                	beqz	a2,80003418 <memmove+0x24>
    800033f6:	832a                	mv	t1,a0
    800033f8:	4685                	li	a3,1
    800033fa:	00b56763          	bltu	a0,a1,80003408 <memmove+0x14>
    800033fe:	56fd                	li	a3,-1
    80003400:	fff60713          	addi	a4,a2,-1
    80003404:	933a                	add	t1,t1,a4
    80003406:	95ba                	add	a1,a1,a4
    80003408:	00058383          	lb	t2,0(a1)
    8000340c:	00730023          	sb	t2,0(t1)
    80003410:	167d                	addi	a2,a2,-1
    80003412:	9336                	add	t1,t1,a3
    80003414:	95b6                	add	a1,a1,a3
    80003416:	fa6d                	bnez	a2,80003408 <memmove+0x14>
    80003418:	8082                	ret

000000008000341a <memset>:
    8000341a:	832a                	mv	t1,a0
    8000341c:	c611                	beqz	a2,80003428 <memset+0xe>
    8000341e:	00b30023          	sb	a1,0(t1)
    80003422:	167d                	addi	a2,a2,-1
    80003424:	0305                	addi	t1,t1,1
    80003426:	fe65                	bnez	a2,8000341e <memset+0x4>
    80003428:	8082                	ret

000000008000342a <memcpy>:
    8000342a:	832a                	mv	t1,a0
    8000342c:	ca09                	beqz	a2,8000343e <memcpy+0x14>
    8000342e:	00058383          	lb	t2,0(a1)
    80003432:	00730023          	sb	t2,0(t1)
    80003436:	167d                	addi	a2,a2,-1
    80003438:	0305                	addi	t1,t1,1
    8000343a:	0585                	addi	a1,a1,1
    8000343c:	fa6d                	bnez	a2,8000342e <memcpy+0x4>
    8000343e:	8082                	ret

0000000080003440 <strcmp>:
    80003440:	00054603          	lbu	a2,0(a0)
    80003444:	0005c683          	lbu	a3,0(a1)
    80003448:	0505                	addi	a0,a0,1
    8000344a:	0585                	addi	a1,a1,1
    8000344c:	00d61363          	bne	a2,a3,80003452 <strcmp+0x12>
    80003450:	fa65                	bnez	a2,80003440 <strcmp>
    80003452:	40d60533          	sub	a0,a2,a3
    80003456:	8082                	ret

0000000080003458 <__assert_func>:
    80003458:	1141                	addi	sp,sp,-16
    8000345a:	00001797          	auipc	a5,0x1
    8000345e:	5067b783          	ld	a5,1286(a5) # 80004960 <_impure_ptr>
    80003462:	8832                	mv	a6,a2
    80003464:	e406                	sd	ra,8(sp)
    80003466:	88aa                	mv	a7,a0
    80003468:	872e                	mv	a4,a1
    8000346a:	6f88                	ld	a0,24(a5)
    8000346c:	8636                	mv	a2,a3
    8000346e:	00001797          	auipc	a5,0x1
    80003472:	e8278793          	addi	a5,a5,-382 # 800042f0 <__tbss_end+0x1fe>
    80003476:	00081763          	bnez	a6,80003484 <__assert_func+0x2c>
    8000347a:	00001797          	auipc	a5,0x1
    8000347e:	cc678793          	addi	a5,a5,-826 # 80004140 <__tbss_end+0x4e>
    80003482:	883e                	mv	a6,a5
    80003484:	86c6                	mv	a3,a7
    80003486:	00001597          	auipc	a1,0x1
    8000348a:	e7a58593          	addi	a1,a1,-390 # 80004300 <__tbss_end+0x20e>
    8000348e:	39c000ef          	jal	8000382a <fiprintf>
    80003492:	50e000ef          	jal	800039a0 <abort>

0000000080003496 <__assert>:
    80003496:	1141                	addi	sp,sp,-16
    80003498:	86b2                	mv	a3,a2
    8000349a:	4601                	li	a2,0
    8000349c:	e406                	sd	ra,8(sp)
    8000349e:	fbbff0ef          	jal	80003458 <__assert_func>

00000000800034a2 <_calloc_r>:
    800034a2:	02c5b733          	mulhu	a4,a1,a2
    800034a6:	1101                	addi	sp,sp,-32
    800034a8:	ec06                	sd	ra,24(sp)
    800034aa:	e822                	sd	s0,16(sp)
    800034ac:	02c58633          	mul	a2,a1,a2
    800034b0:	cb09                	beqz	a4,800034c2 <_calloc_r+0x20>
    800034b2:	4731                	li	a4,12
    800034b4:	c118                	sw	a4,0(a0)
    800034b6:	4401                	li	s0,0
    800034b8:	60e2                	ld	ra,24(sp)
    800034ba:	8522                	mv	a0,s0
    800034bc:	6442                	ld	s0,16(sp)
    800034be:	6105                	addi	sp,sp,32
    800034c0:	8082                	ret
    800034c2:	85b2                	mv	a1,a2
    800034c4:	e432                	sd	a2,8(sp)
    800034c6:	d2efe0ef          	jal	800019f4 <_malloc_r>
    800034ca:	842a                	mv	s0,a0
    800034cc:	d575                	beqz	a0,800034b8 <_calloc_r+0x16>
    800034ce:	6622                	ld	a2,8(sp)
    800034d0:	4581                	li	a1,0
    800034d2:	f49ff0ef          	jal	8000341a <memset>
    800034d6:	b7cd                	j	800034b8 <_calloc_r+0x16>

00000000800034d8 <_free_r>:
    800034d8:	c1c5                	beqz	a1,80003578 <_free_r+0xa0>
    800034da:	ff85b783          	ld	a5,-8(a1)
    800034de:	1101                	addi	sp,sp,-32
    800034e0:	e822                	sd	s0,16(sp)
    800034e2:	ec06                	sd	ra,24(sp)
    800034e4:	ff858413          	addi	s0,a1,-8
    800034e8:	0007d363          	bgez	a5,800034ee <_free_r+0x16>
    800034ec:	943e                	add	s0,s0,a5
    800034ee:	e42a                	sd	a0,8(sp)
    800034f0:	e34fe0ef          	jal	80001b24 <__malloc_lock>
    800034f4:	88818713          	addi	a4,gp,-1912 # 800049e8 <__malloc_free_list>
    800034f8:	631c                	ld	a5,0(a4)
    800034fa:	6522                	ld	a0,8(sp)
    800034fc:	eb89                	bnez	a5,8000350e <_free_r+0x36>
    800034fe:	00043423          	sd	zero,8(s0)
    80003502:	e300                	sd	s0,0(a4)
    80003504:	6442                	ld	s0,16(sp)
    80003506:	60e2                	ld	ra,24(sp)
    80003508:	6105                	addi	sp,sp,32
    8000350a:	e1cfe06f          	j	80001b26 <__malloc_unlock>
    8000350e:	00f47d63          	bgeu	s0,a5,80003528 <_free_r+0x50>
    80003512:	6010                	ld	a2,0(s0)
    80003514:	00c406b3          	add	a3,s0,a2
    80003518:	00d79663          	bne	a5,a3,80003524 <_free_r+0x4c>
    8000351c:	6394                	ld	a3,0(a5)
    8000351e:	679c                	ld	a5,8(a5)
    80003520:	96b2                	add	a3,a3,a2
    80003522:	e014                	sd	a3,0(s0)
    80003524:	e41c                	sd	a5,8(s0)
    80003526:	bff1                	j	80003502 <_free_r+0x2a>
    80003528:	873e                	mv	a4,a5
    8000352a:	679c                	ld	a5,8(a5)
    8000352c:	c399                	beqz	a5,80003532 <_free_r+0x5a>
    8000352e:	fef47de3          	bgeu	s0,a5,80003528 <_free_r+0x50>
    80003532:	6314                	ld	a3,0(a4)
    80003534:	00d70633          	add	a2,a4,a3
    80003538:	00861f63          	bne	a2,s0,80003556 <_free_r+0x7e>
    8000353c:	6010                	ld	a2,0(s0)
    8000353e:	96b2                	add	a3,a3,a2
    80003540:	e314                	sd	a3,0(a4)
    80003542:	00d70633          	add	a2,a4,a3
    80003546:	fac79fe3          	bne	a5,a2,80003504 <_free_r+0x2c>
    8000354a:	6390                	ld	a2,0(a5)
    8000354c:	679c                	ld	a5,8(a5)
    8000354e:	96b2                	add	a3,a3,a2
    80003550:	e314                	sd	a3,0(a4)
    80003552:	e71c                	sd	a5,8(a4)
    80003554:	bf45                	j	80003504 <_free_r+0x2c>
    80003556:	00c47563          	bgeu	s0,a2,80003560 <_free_r+0x88>
    8000355a:	47b1                	li	a5,12
    8000355c:	c11c                	sw	a5,0(a0)
    8000355e:	b75d                	j	80003504 <_free_r+0x2c>
    80003560:	6010                	ld	a2,0(s0)
    80003562:	00c406b3          	add	a3,s0,a2
    80003566:	00d79663          	bne	a5,a3,80003572 <_free_r+0x9a>
    8000356a:	6394                	ld	a3,0(a5)
    8000356c:	679c                	ld	a5,8(a5)
    8000356e:	96b2                	add	a3,a3,a2
    80003570:	e014                	sd	a3,0(s0)
    80003572:	e41c                	sd	a5,8(s0)
    80003574:	e700                	sd	s0,8(a4)
    80003576:	b779                	j	80003504 <_free_r+0x2c>
    80003578:	8082                	ret

000000008000357a <_mbtowc_r>:
    8000357a:	00001797          	auipc	a5,0x1
    8000357e:	3267b783          	ld	a5,806(a5) # 800048a0 <__global_locale+0xe8>
    80003582:	8782                	jr	a5

0000000080003584 <__ascii_mbtowc>:
    80003584:	e185                	bnez	a1,800035a4 <__ascii_mbtowc+0x20>
    80003586:	1141                	addi	sp,sp,-16
    80003588:	006c                	addi	a1,sp,12
    8000358a:	4501                	li	a0,0
    8000358c:	ca11                	beqz	a2,800035a0 <__ascii_mbtowc+0x1c>
    8000358e:	5579                	li	a0,-2
    80003590:	ca81                	beqz	a3,800035a0 <__ascii_mbtowc+0x1c>
    80003592:	00064783          	lbu	a5,0(a2)
    80003596:	c19c                	sw	a5,0(a1)
    80003598:	00064503          	lbu	a0,0(a2)
    8000359c:	00a03533          	snez	a0,a0
    800035a0:	0141                	addi	sp,sp,16
    800035a2:	8082                	ret
    800035a4:	4501                	li	a0,0
    800035a6:	ca19                	beqz	a2,800035bc <__ascii_mbtowc+0x38>
    800035a8:	5579                	li	a0,-2
    800035aa:	ca89                	beqz	a3,800035bc <__ascii_mbtowc+0x38>
    800035ac:	00064783          	lbu	a5,0(a2)
    800035b0:	c19c                	sw	a5,0(a1)
    800035b2:	00064503          	lbu	a0,0(a2)
    800035b6:	00a03533          	snez	a0,a0
    800035ba:	8082                	ret
    800035bc:	8082                	ret

00000000800035be <_realloc_r>:
    800035be:	7179                	addi	sp,sp,-48
    800035c0:	f022                	sd	s0,32(sp)
    800035c2:	f406                	sd	ra,40(sp)
    800035c4:	ec26                	sd	s1,24(sp)
    800035c6:	e84a                	sd	s2,16(sp)
    800035c8:	e44e                	sd	s3,8(sp)
    800035ca:	e052                	sd	s4,0(sp)
    800035cc:	8432                	mv	s0,a2
    800035ce:	e999                	bnez	a1,800035e4 <_realloc_r+0x26>
    800035d0:	7402                	ld	s0,32(sp)
    800035d2:	70a2                	ld	ra,40(sp)
    800035d4:	64e2                	ld	s1,24(sp)
    800035d6:	6942                	ld	s2,16(sp)
    800035d8:	69a2                	ld	s3,8(sp)
    800035da:	6a02                	ld	s4,0(sp)
    800035dc:	85b2                	mv	a1,a2
    800035de:	6145                	addi	sp,sp,48
    800035e0:	c14fe06f          	j	800019f4 <_malloc_r>
    800035e4:	ee09                	bnez	a2,800035fe <_realloc_r+0x40>
    800035e6:	ef3ff0ef          	jal	800034d8 <_free_r>
    800035ea:	4481                	li	s1,0
    800035ec:	70a2                	ld	ra,40(sp)
    800035ee:	7402                	ld	s0,32(sp)
    800035f0:	6942                	ld	s2,16(sp)
    800035f2:	69a2                	ld	s3,8(sp)
    800035f4:	6a02                	ld	s4,0(sp)
    800035f6:	8526                	mv	a0,s1
    800035f8:	64e2                	ld	s1,24(sp)
    800035fa:	6145                	addi	sp,sp,48
    800035fc:	8082                	ret
    800035fe:	8a2a                	mv	s4,a0
    80003600:	84ae                	mv	s1,a1
    80003602:	3ae000ef          	jal	800039b0 <_malloc_usable_size_r>
    80003606:	892a                	mv	s2,a0
    80003608:	00856663          	bltu	a0,s0,80003614 <_realloc_r+0x56>
    8000360c:	00155793          	srli	a5,a0,0x1
    80003610:	fc87eee3          	bltu	a5,s0,800035ec <_realloc_r+0x2e>
    80003614:	85a2                	mv	a1,s0
    80003616:	8552                	mv	a0,s4
    80003618:	bdcfe0ef          	jal	800019f4 <_malloc_r>
    8000361c:	89aa                	mv	s3,a0
    8000361e:	e119                	bnez	a0,80003624 <_realloc_r+0x66>
    80003620:	84ce                	mv	s1,s3
    80003622:	b7e9                	j	800035ec <_realloc_r+0x2e>
    80003624:	8622                	mv	a2,s0
    80003626:	00897363          	bgeu	s2,s0,8000362c <_realloc_r+0x6e>
    8000362a:	864a                	mv	a2,s2
    8000362c:	85a6                	mv	a1,s1
    8000362e:	854e                	mv	a0,s3
    80003630:	dfbff0ef          	jal	8000342a <memcpy>
    80003634:	85a6                	mv	a1,s1
    80003636:	8552                	mv	a0,s4
    80003638:	ea1ff0ef          	jal	800034d8 <_free_r>
    8000363c:	b7d5                	j	80003620 <_realloc_r+0x62>

000000008000363e <_wctomb_r>:
    8000363e:	00001797          	auipc	a5,0x1
    80003642:	25a7b783          	ld	a5,602(a5) # 80004898 <__global_locale+0xe0>
    80003646:	8782                	jr	a5

0000000080003648 <__ascii_wctomb>:
    80003648:	0006071b          	sext.w	a4,a2
    8000364c:	cd91                	beqz	a1,80003668 <__ascii_wctomb+0x20>
    8000364e:	0ff00793          	li	a5,255
    80003652:	00e7f763          	bgeu	a5,a4,80003660 <__ascii_wctomb+0x18>
    80003656:	08a00793          	li	a5,138
    8000365a:	c11c                	sw	a5,0(a0)
    8000365c:	557d                	li	a0,-1
    8000365e:	8082                	ret
    80003660:	00c58023          	sb	a2,0(a1)
    80003664:	4505                	li	a0,1
    80003666:	8082                	ret
    80003668:	4501                	li	a0,0
    8000366a:	8082                	ret

000000008000366c <__sflush_r>:
    8000366c:	01059783          	lh	a5,16(a1)
    80003670:	7179                	addi	sp,sp,-48
    80003672:	f022                	sd	s0,32(sp)
    80003674:	ec26                	sd	s1,24(sp)
    80003676:	f406                	sd	ra,40(sp)
    80003678:	e84a                	sd	s2,16(sp)
    8000367a:	e44e                	sd	s3,8(sp)
    8000367c:	0087f713          	andi	a4,a5,8
    80003680:	84aa                	mv	s1,a0
    80003682:	842e                	mv	s0,a1
    80003684:	eb69                	bnez	a4,80003756 <__sflush_r+0xea>
    80003686:	4598                	lw	a4,8(a1)
    80003688:	00e04563          	bgtz	a4,80003692 <__sflush_r+0x26>
    8000368c:	5db8                	lw	a4,120(a1)
    8000368e:	0ae05b63          	blez	a4,80003744 <__sflush_r+0xd8>
    80003692:	6838                	ld	a4,80(s0)
    80003694:	cb45                	beqz	a4,80003744 <__sflush_r+0xd8>
    80003696:	0004a903          	lw	s2,0(s1)
    8000369a:	03379693          	slli	a3,a5,0x33
    8000369e:	0004a023          	sw	zero,0(s1)
    800036a2:	7c0c                	ld	a1,56(s0)
    800036a4:	0606de63          	bgez	a3,80003720 <__sflush_r+0xb4>
    800036a8:	6c50                	ld	a2,152(s0)
    800036aa:	01045783          	lhu	a5,16(s0)
    800036ae:	8b91                	andi	a5,a5,4
    800036b0:	c799                	beqz	a5,800036be <__sflush_r+0x52>
    800036b2:	441c                	lw	a5,8(s0)
    800036b4:	8e1d                	sub	a2,a2,a5
    800036b6:	703c                	ld	a5,96(s0)
    800036b8:	c399                	beqz	a5,800036be <__sflush_r+0x52>
    800036ba:	5c3c                	lw	a5,120(s0)
    800036bc:	8e1d                	sub	a2,a2,a5
    800036be:	683c                	ld	a5,80(s0)
    800036c0:	7c0c                	ld	a1,56(s0)
    800036c2:	4681                	li	a3,0
    800036c4:	8526                	mv	a0,s1
    800036c6:	9782                	jalr	a5
    800036c8:	577d                	li	a4,-1
    800036ca:	01045783          	lhu	a5,16(s0)
    800036ce:	00e51d63          	bne	a0,a4,800036e8 <__sflush_r+0x7c>
    800036d2:	4094                	lw	a3,0(s1)
    800036d4:	4775                	li	a4,29
    800036d6:	06d76963          	bltu	a4,a3,80003748 <__sflush_r+0xdc>
    800036da:	20400737          	lui	a4,0x20400
    800036de:	0705                	addi	a4,a4,1 # 20400001 <__heap_size+0x203e0001>
    800036e0:	00d75733          	srl	a4,a4,a3
    800036e4:	8b05                	andi	a4,a4,1
    800036e6:	c32d                	beqz	a4,80003748 <__sflush_r+0xdc>
    800036e8:	6c18                	ld	a4,24(s0)
    800036ea:	00042423          	sw	zero,8(s0)
    800036ee:	e018                	sd	a4,0(s0)
    800036f0:	03379713          	slli	a4,a5,0x33
    800036f4:	00075863          	bgez	a4,80003704 <__sflush_r+0x98>
    800036f8:	57fd                	li	a5,-1
    800036fa:	00f51463          	bne	a0,a5,80003702 <__sflush_r+0x96>
    800036fe:	409c                	lw	a5,0(s1)
    80003700:	e391                	bnez	a5,80003704 <__sflush_r+0x98>
    80003702:	ec48                	sd	a0,152(s0)
    80003704:	702c                	ld	a1,96(s0)
    80003706:	0124a023          	sw	s2,0(s1)
    8000370a:	cd8d                	beqz	a1,80003744 <__sflush_r+0xd8>
    8000370c:	07c40793          	addi	a5,s0,124
    80003710:	00f58563          	beq	a1,a5,8000371a <__sflush_r+0xae>
    80003714:	8526                	mv	a0,s1
    80003716:	dc3ff0ef          	jal	800034d8 <_free_r>
    8000371a:	06043023          	sd	zero,96(s0)
    8000371e:	a01d                	j	80003744 <__sflush_r+0xd8>
    80003720:	4601                	li	a2,0
    80003722:	4685                	li	a3,1
    80003724:	8526                	mv	a0,s1
    80003726:	9702                	jalr	a4
    80003728:	57fd                	li	a5,-1
    8000372a:	862a                	mv	a2,a0
    8000372c:	f6f51fe3          	bne	a0,a5,800036aa <__sflush_r+0x3e>
    80003730:	409c                	lw	a5,0(s1)
    80003732:	dfa5                	beqz	a5,800036aa <__sflush_r+0x3e>
    80003734:	4775                	li	a4,29
    80003736:	00e78563          	beq	a5,a4,80003740 <__sflush_r+0xd4>
    8000373a:	4759                	li	a4,22
    8000373c:	04e79663          	bne	a5,a4,80003788 <__sflush_r+0x11c>
    80003740:	0124a023          	sw	s2,0(s1)
    80003744:	4501                	li	a0,0
    80003746:	a881                	j	80003796 <__sflush_r+0x12a>
    80003748:	0407e793          	ori	a5,a5,64
    8000374c:	0107979b          	slliw	a5,a5,0x10
    80003750:	4107d79b          	sraiw	a5,a5,0x10
    80003754:	a835                	j	80003790 <__sflush_r+0x124>
    80003756:	0185b983          	ld	s3,24(a1)
    8000375a:	fe0985e3          	beqz	s3,80003744 <__sflush_r+0xd8>
    8000375e:	0005b903          	ld	s2,0(a1)
    80003762:	8b8d                	andi	a5,a5,3
    80003764:	0135b023          	sd	s3,0(a1)
    80003768:	4139093b          	subw	s2,s2,s3
    8000376c:	4701                	li	a4,0
    8000376e:	e391                	bnez	a5,80003772 <__sflush_r+0x106>
    80003770:	5198                	lw	a4,32(a1)
    80003772:	c458                	sw	a4,12(s0)
    80003774:	fd2058e3          	blez	s2,80003744 <__sflush_r+0xd8>
    80003778:	643c                	ld	a5,72(s0)
    8000377a:	7c0c                	ld	a1,56(s0)
    8000377c:	86ca                	mv	a3,s2
    8000377e:	864e                	mv	a2,s3
    80003780:	8526                	mv	a0,s1
    80003782:	9782                	jalr	a5
    80003784:	02a04063          	bgtz	a0,800037a4 <__sflush_r+0x138>
    80003788:	01041783          	lh	a5,16(s0)
    8000378c:	0407e793          	ori	a5,a5,64
    80003790:	00f41823          	sh	a5,16(s0)
    80003794:	557d                	li	a0,-1
    80003796:	70a2                	ld	ra,40(sp)
    80003798:	7402                	ld	s0,32(sp)
    8000379a:	64e2                	ld	s1,24(sp)
    8000379c:	6942                	ld	s2,16(sp)
    8000379e:	69a2                	ld	s3,8(sp)
    800037a0:	6145                	addi	sp,sp,48
    800037a2:	8082                	ret
    800037a4:	99aa                	add	s3,s3,a0
    800037a6:	40a9093b          	subw	s2,s2,a0
    800037aa:	b7e9                	j	80003774 <__sflush_r+0x108>

00000000800037ac <_fflush_r>:
    800037ac:	6d9c                	ld	a5,24(a1)
    800037ae:	cb8d                	beqz	a5,800037e0 <_fflush_r+0x34>
    800037b0:	1101                	addi	sp,sp,-32
    800037b2:	e822                	sd	s0,16(sp)
    800037b4:	ec06                	sd	ra,24(sp)
    800037b6:	842a                	mv	s0,a0
    800037b8:	c519                	beqz	a0,800037c6 <_fflush_r+0x1a>
    800037ba:	613c                	ld	a5,64(a0)
    800037bc:	e789                	bnez	a5,800037c6 <_fflush_r+0x1a>
    800037be:	e42e                	sd	a1,8(sp)
    800037c0:	c60ff0ef          	jal	80002c20 <__sinit>
    800037c4:	65a2                	ld	a1,8(sp)
    800037c6:	01059783          	lh	a5,16(a1)
    800037ca:	c791                	beqz	a5,800037d6 <_fflush_r+0x2a>
    800037cc:	8522                	mv	a0,s0
    800037ce:	6442                	ld	s0,16(sp)
    800037d0:	60e2                	ld	ra,24(sp)
    800037d2:	6105                	addi	sp,sp,32
    800037d4:	bd61                	j	8000366c <__sflush_r>
    800037d6:	60e2                	ld	ra,24(sp)
    800037d8:	6442                	ld	s0,16(sp)
    800037da:	4501                	li	a0,0
    800037dc:	6105                	addi	sp,sp,32
    800037de:	8082                	ret
    800037e0:	4501                	li	a0,0
    800037e2:	8082                	ret

00000000800037e4 <fflush>:
    800037e4:	85aa                	mv	a1,a0
    800037e6:	ed19                	bnez	a0,80003804 <fflush+0x20>
    800037e8:	00001617          	auipc	a2,0x1
    800037ec:	fb860613          	addi	a2,a2,-72 # 800047a0 <__sglue>
    800037f0:	00000597          	auipc	a1,0x0
    800037f4:	fbc58593          	addi	a1,a1,-68 # 800037ac <_fflush_r>
    800037f8:	00001517          	auipc	a0,0x1
    800037fc:	f1850513          	addi	a0,a0,-232 # 80004710 <_impure_data>
    80003800:	f3aff06f          	j	80002f3a <_fwalk_sglue>
    80003804:	00001517          	auipc	a0,0x1
    80003808:	15c53503          	ld	a0,348(a0) # 80004960 <_impure_ptr>
    8000380c:	b745                	j	800037ac <_fflush_r>

000000008000380e <_fiprintf_r>:
    8000380e:	715d                	addi	sp,sp,-80
    80003810:	f436                	sd	a3,40(sp)
    80003812:	1034                	addi	a3,sp,40
    80003814:	ec06                	sd	ra,24(sp)
    80003816:	f83a                	sd	a4,48(sp)
    80003818:	fc3e                	sd	a5,56(sp)
    8000381a:	e0c2                	sd	a6,64(sp)
    8000381c:	e4c6                	sd	a7,72(sp)
    8000381e:	e436                	sd	a3,8(sp)
    80003820:	fb5fe0ef          	jal	800027d4 <_vfiprintf_r>
    80003824:	60e2                	ld	ra,24(sp)
    80003826:	6161                	addi	sp,sp,80
    80003828:	8082                	ret

000000008000382a <fiprintf>:
    8000382a:	715d                	addi	sp,sp,-80
    8000382c:	f032                	sd	a2,32(sp)
    8000382e:	f436                	sd	a3,40(sp)
    80003830:	862e                	mv	a2,a1
    80003832:	1014                	addi	a3,sp,32
    80003834:	85aa                	mv	a1,a0
    80003836:	00001517          	auipc	a0,0x1
    8000383a:	12a53503          	ld	a0,298(a0) # 80004960 <_impure_ptr>
    8000383e:	ec06                	sd	ra,24(sp)
    80003840:	f83a                	sd	a4,48(sp)
    80003842:	fc3e                	sd	a5,56(sp)
    80003844:	e0c2                	sd	a6,64(sp)
    80003846:	e4c6                	sd	a7,72(sp)
    80003848:	e436                	sd	a3,8(sp)
    8000384a:	f8bfe0ef          	jal	800027d4 <_vfiprintf_r>
    8000384e:	60e2                	ld	ra,24(sp)
    80003850:	6161                	addi	sp,sp,80
    80003852:	8082                	ret

0000000080003854 <__swhatbuf_r>:
    80003854:	7175                	addi	sp,sp,-144
    80003856:	e122                	sd	s0,128(sp)
    80003858:	842e                	mv	s0,a1
    8000385a:	01259583          	lh	a1,18(a1)
    8000385e:	fca6                	sd	s1,120(sp)
    80003860:	f8ca                	sd	s2,112(sp)
    80003862:	e506                	sd	ra,136(sp)
    80003864:	84b2                	mv	s1,a2
    80003866:	8936                	mv	s2,a3
    80003868:	0205d363          	bgez	a1,8000388e <__swhatbuf_r+0x3a>
    8000386c:	01045783          	lhu	a5,16(s0)
    80003870:	0807f793          	andi	a5,a5,128
    80003874:	eb95                	bnez	a5,800038a8 <__swhatbuf_r+0x54>
    80003876:	40000713          	li	a4,1024
    8000387a:	60aa                	ld	ra,136(sp)
    8000387c:	640a                	ld	s0,128(sp)
    8000387e:	00f92023          	sw	a5,0(s2)
    80003882:	e098                	sd	a4,0(s1)
    80003884:	7946                	ld	s2,112(sp)
    80003886:	74e6                	ld	s1,120(sp)
    80003888:	4501                	li	a0,0
    8000388a:	6149                	addi	sp,sp,144
    8000388c:	8082                	ret
    8000388e:	0030                	addi	a2,sp,8
    80003890:	0be000ef          	jal	8000394e <_fstat_r>
    80003894:	fc054ce3          	bltz	a0,8000386c <__swhatbuf_r+0x18>
    80003898:	47b2                	lw	a5,12(sp)
    8000389a:	673d                	lui	a4,0xf
    8000389c:	8ff9                	and	a5,a5,a4
    8000389e:	6709                	lui	a4,0x2
    800038a0:	8f99                	sub	a5,a5,a4
    800038a2:	0017b793          	seqz	a5,a5
    800038a6:	bfc1                	j	80003876 <__swhatbuf_r+0x22>
    800038a8:	4781                	li	a5,0
    800038aa:	04000713          	li	a4,64
    800038ae:	b7f1                	j	8000387a <__swhatbuf_r+0x26>

00000000800038b0 <__smakebuf_r>:
    800038b0:	0105d783          	lhu	a5,16(a1)
    800038b4:	7139                	addi	sp,sp,-64
    800038b6:	f822                	sd	s0,48(sp)
    800038b8:	fc06                	sd	ra,56(sp)
    800038ba:	f426                	sd	s1,40(sp)
    800038bc:	f04a                	sd	s2,32(sp)
    800038be:	ec4e                	sd	s3,24(sp)
    800038c0:	8b89                	andi	a5,a5,2
    800038c2:	842e                	mv	s0,a1
    800038c4:	cf91                	beqz	a5,800038e0 <__smakebuf_r+0x30>
    800038c6:	07f40793          	addi	a5,s0,127
    800038ca:	e01c                	sd	a5,0(s0)
    800038cc:	ec1c                	sd	a5,24(s0)
    800038ce:	4785                	li	a5,1
    800038d0:	d01c                	sw	a5,32(s0)
    800038d2:	70e2                	ld	ra,56(sp)
    800038d4:	7442                	ld	s0,48(sp)
    800038d6:	74a2                	ld	s1,40(sp)
    800038d8:	7902                	ld	s2,32(sp)
    800038da:	69e2                	ld	s3,24(sp)
    800038dc:	6121                	addi	sp,sp,64
    800038de:	8082                	ret
    800038e0:	0054                	addi	a3,sp,4
    800038e2:	0030                	addi	a2,sp,8
    800038e4:	84aa                	mv	s1,a0
    800038e6:	f6fff0ef          	jal	80003854 <__swhatbuf_r>
    800038ea:	69a2                	ld	s3,8(sp)
    800038ec:	892a                	mv	s2,a0
    800038ee:	8526                	mv	a0,s1
    800038f0:	85ce                	mv	a1,s3
    800038f2:	902fe0ef          	jal	800019f4 <_malloc_r>
    800038f6:	ed01                	bnez	a0,8000390e <__smakebuf_r+0x5e>
    800038f8:	01041783          	lh	a5,16(s0)
    800038fc:	2007f713          	andi	a4,a5,512
    80003900:	fb69                	bnez	a4,800038d2 <__smakebuf_r+0x22>
    80003902:	9bf1                	andi	a5,a5,-4
    80003904:	0027e793          	ori	a5,a5,2
    80003908:	00f41823          	sh	a5,16(s0)
    8000390c:	bf6d                	j	800038c6 <__smakebuf_r+0x16>
    8000390e:	01045783          	lhu	a5,16(s0)
    80003912:	e008                	sd	a0,0(s0)
    80003914:	ec08                	sd	a0,24(s0)
    80003916:	0807e793          	ori	a5,a5,128
    8000391a:	00f41823          	sh	a5,16(s0)
    8000391e:	4792                	lw	a5,4(sp)
    80003920:	03342023          	sw	s3,32(s0)
    80003924:	cf91                	beqz	a5,80003940 <__smakebuf_r+0x90>
    80003926:	01241583          	lh	a1,18(s0)
    8000392a:	8526                	mv	a0,s1
    8000392c:	04c000ef          	jal	80003978 <_isatty_r>
    80003930:	c901                	beqz	a0,80003940 <__smakebuf_r+0x90>
    80003932:	01045783          	lhu	a5,16(s0)
    80003936:	9bf1                	andi	a5,a5,-4
    80003938:	0017e793          	ori	a5,a5,1
    8000393c:	00f41823          	sh	a5,16(s0)
    80003940:	01045783          	lhu	a5,16(s0)
    80003944:	0127e533          	or	a0,a5,s2
    80003948:	00a41823          	sh	a0,16(s0)
    8000394c:	b759                	j	800038d2 <__smakebuf_r+0x22>

000000008000394e <_fstat_r>:
    8000394e:	1141                	addi	sp,sp,-16
    80003950:	e022                	sd	s0,0(sp)
    80003952:	842a                	mv	s0,a0
    80003954:	852e                	mv	a0,a1
    80003956:	85b2                	mv	a1,a2
    80003958:	8a01a023          	sw	zero,-1888(gp) # 80004a00 <errno>
    8000395c:	e406                	sd	ra,8(sp)
    8000395e:	450000ef          	jal	80003dae <_fstat>
    80003962:	57fd                	li	a5,-1
    80003964:	00f51663          	bne	a0,a5,80003970 <_fstat_r+0x22>
    80003968:	8a01a783          	lw	a5,-1888(gp) # 80004a00 <errno>
    8000396c:	c391                	beqz	a5,80003970 <_fstat_r+0x22>
    8000396e:	c01c                	sw	a5,0(s0)
    80003970:	60a2                	ld	ra,8(sp)
    80003972:	6402                	ld	s0,0(sp)
    80003974:	0141                	addi	sp,sp,16
    80003976:	8082                	ret

0000000080003978 <_isatty_r>:
    80003978:	1141                	addi	sp,sp,-16
    8000397a:	e022                	sd	s0,0(sp)
    8000397c:	842a                	mv	s0,a0
    8000397e:	852e                	mv	a0,a1
    80003980:	8a01a023          	sw	zero,-1888(gp) # 80004a00 <errno>
    80003984:	e406                	sd	ra,8(sp)
    80003986:	440000ef          	jal	80003dc6 <_isatty>
    8000398a:	57fd                	li	a5,-1
    8000398c:	00f51663          	bne	a0,a5,80003998 <_isatty_r+0x20>
    80003990:	8a01a783          	lw	a5,-1888(gp) # 80004a00 <errno>
    80003994:	c391                	beqz	a5,80003998 <_isatty_r+0x20>
    80003996:	c01c                	sw	a5,0(s0)
    80003998:	60a2                	ld	ra,8(sp)
    8000399a:	6402                	ld	s0,0(sp)
    8000399c:	0141                	addi	sp,sp,16
    8000399e:	8082                	ret

00000000800039a0 <abort>:
    800039a0:	1141                	addi	sp,sp,-16
    800039a2:	4519                	li	a0,6
    800039a4:	e406                	sd	ra,8(sp)
    800039a6:	156000ef          	jal	80003afc <raise>
    800039aa:	4505                	li	a0,1
    800039ac:	3e0000ef          	jal	80003d8c <_exit>

00000000800039b0 <_malloc_usable_size_r>:
    800039b0:	ff85b503          	ld	a0,-8(a1)
    800039b4:	0005079b          	sext.w	a5,a0
    800039b8:	1561                	addi	a0,a0,-8
    800039ba:	0007d663          	bgez	a5,800039c6 <_malloc_usable_size_r+0x16>
    800039be:	95aa                	add	a1,a1,a0
    800039c0:	6188                	ld	a0,0(a1)
    800039c2:	17e1                	addi	a5,a5,-8
    800039c4:	953e                	add	a0,a0,a5
    800039c6:	8082                	ret

00000000800039c8 <_init_signal_r>:
    800039c8:	793c                	ld	a5,112(a0)
    800039ca:	eb95                	bnez	a5,800039fe <_init_signal_r+0x36>
    800039cc:	1141                	addi	sp,sp,-16
    800039ce:	10000593          	li	a1,256
    800039d2:	e022                	sd	s0,0(sp)
    800039d4:	e406                	sd	ra,8(sp)
    800039d6:	842a                	mv	s0,a0
    800039d8:	81cfe0ef          	jal	800019f4 <_malloc_r>
    800039dc:	87aa                	mv	a5,a0
    800039de:	f828                	sd	a0,112(s0)
    800039e0:	557d                	li	a0,-1
    800039e2:	cb91                	beqz	a5,800039f6 <_init_signal_r+0x2e>
    800039e4:	853e                	mv	a0,a5
    800039e6:	10078793          	addi	a5,a5,256
    800039ea:	00053023          	sd	zero,0(a0)
    800039ee:	0521                	addi	a0,a0,8
    800039f0:	fef51de3          	bne	a0,a5,800039ea <_init_signal_r+0x22>
    800039f4:	4501                	li	a0,0
    800039f6:	60a2                	ld	ra,8(sp)
    800039f8:	6402                	ld	s0,0(sp)
    800039fa:	0141                	addi	sp,sp,16
    800039fc:	8082                	ret
    800039fe:	4501                	li	a0,0
    80003a00:	8082                	ret

0000000080003a02 <_signal_r>:
    80003a02:	1101                	addi	sp,sp,-32
    80003a04:	e426                	sd	s1,8(sp)
    80003a06:	ec06                	sd	ra,24(sp)
    80003a08:	e822                	sd	s0,16(sp)
    80003a0a:	e04a                	sd	s2,0(sp)
    80003a0c:	47fd                	li	a5,31
    80003a0e:	84aa                	mv	s1,a0
    80003a10:	00b7f663          	bgeu	a5,a1,80003a1c <_signal_r+0x1a>
    80003a14:	47d9                	li	a5,22
    80003a16:	c11c                	sw	a5,0(a0)
    80003a18:	557d                	li	a0,-1
    80003a1a:	a819                	j	80003a30 <_signal_r+0x2e>
    80003a1c:	793c                	ld	a5,112(a0)
    80003a1e:	842e                	mv	s0,a1
    80003a20:	8932                	mv	s2,a2
    80003a22:	cf89                	beqz	a5,80003a3c <_signal_r+0x3a>
    80003a24:	78bc                	ld	a5,112(s1)
    80003a26:	040e                	slli	s0,s0,0x3
    80003a28:	97a2                	add	a5,a5,s0
    80003a2a:	6388                	ld	a0,0(a5)
    80003a2c:	0127b023          	sd	s2,0(a5)
    80003a30:	60e2                	ld	ra,24(sp)
    80003a32:	6442                	ld	s0,16(sp)
    80003a34:	64a2                	ld	s1,8(sp)
    80003a36:	6902                	ld	s2,0(sp)
    80003a38:	6105                	addi	sp,sp,32
    80003a3a:	8082                	ret
    80003a3c:	f8dff0ef          	jal	800039c8 <_init_signal_r>
    80003a40:	d175                	beqz	a0,80003a24 <_signal_r+0x22>
    80003a42:	bfd9                	j	80003a18 <_signal_r+0x16>

0000000080003a44 <_raise_r>:
    80003a44:	1101                	addi	sp,sp,-32
    80003a46:	e822                	sd	s0,16(sp)
    80003a48:	ec06                	sd	ra,24(sp)
    80003a4a:	47fd                	li	a5,31
    80003a4c:	842a                	mv	s0,a0
    80003a4e:	00b7f963          	bgeu	a5,a1,80003a60 <_raise_r+0x1c>
    80003a52:	47d9                	li	a5,22
    80003a54:	c11c                	sw	a5,0(a0)
    80003a56:	557d                	li	a0,-1
    80003a58:	60e2                	ld	ra,24(sp)
    80003a5a:	6442                	ld	s0,16(sp)
    80003a5c:	6105                	addi	sp,sp,32
    80003a5e:	8082                	ret
    80003a60:	793c                	ld	a5,112(a0)
    80003a62:	862e                	mv	a2,a1
    80003a64:	c791                	beqz	a5,80003a70 <_raise_r+0x2c>
    80003a66:	00359713          	slli	a4,a1,0x3
    80003a6a:	97ba                	add	a5,a5,a4
    80003a6c:	6398                	ld	a4,0(a5)
    80003a6e:	ef01                	bnez	a4,80003a86 <_raise_r+0x42>
    80003a70:	8522                	mv	a0,s0
    80003a72:	e432                	sd	a2,8(sp)
    80003a74:	0e2000ef          	jal	80003b56 <_getpid_r>
    80003a78:	85aa                	mv	a1,a0
    80003a7a:	8522                	mv	a0,s0
    80003a7c:	6442                	ld	s0,16(sp)
    80003a7e:	6622                	ld	a2,8(sp)
    80003a80:	60e2                	ld	ra,24(sp)
    80003a82:	6105                	addi	sp,sp,32
    80003a84:	a065                	j	80003b2c <_kill_r>
    80003a86:	4685                	li	a3,1
    80003a88:	00d70d63          	beq	a4,a3,80003aa2 <_raise_r+0x5e>
    80003a8c:	56fd                	li	a3,-1
    80003a8e:	00d71663          	bne	a4,a3,80003a9a <_raise_r+0x56>
    80003a92:	47d9                	li	a5,22
    80003a94:	c11c                	sw	a5,0(a0)
    80003a96:	4505                	li	a0,1
    80003a98:	b7c1                	j	80003a58 <_raise_r+0x14>
    80003a9a:	0007b023          	sd	zero,0(a5)
    80003a9e:	852e                	mv	a0,a1
    80003aa0:	9702                	jalr	a4
    80003aa2:	4501                	li	a0,0
    80003aa4:	bf55                	j	80003a58 <_raise_r+0x14>

0000000080003aa6 <__sigtramp_r>:
    80003aa6:	47fd                	li	a5,31
    80003aa8:	00b7f463          	bgeu	a5,a1,80003ab0 <__sigtramp_r+0xa>
    80003aac:	557d                	li	a0,-1
    80003aae:	8082                	ret
    80003ab0:	793c                	ld	a5,112(a0)
    80003ab2:	1101                	addi	sp,sp,-32
    80003ab4:	e822                	sd	s0,16(sp)
    80003ab6:	e426                	sd	s1,8(sp)
    80003ab8:	ec06                	sd	ra,24(sp)
    80003aba:	84aa                	mv	s1,a0
    80003abc:	842e                	mv	s0,a1
    80003abe:	c795                	beqz	a5,80003aea <__sigtramp_r+0x44>
    80003ac0:	78b8                	ld	a4,112(s1)
    80003ac2:	00341793          	slli	a5,s0,0x3
    80003ac6:	4505                	li	a0,1
    80003ac8:	973e                	add	a4,a4,a5
    80003aca:	631c                	ld	a5,0(a4)
    80003acc:	c39d                	beqz	a5,80003af2 <__sigtramp_r+0x4c>
    80003ace:	56fd                	li	a3,-1
    80003ad0:	4509                	li	a0,2
    80003ad2:	02d78063          	beq	a5,a3,80003af2 <__sigtramp_r+0x4c>
    80003ad6:	4685                	li	a3,1
    80003ad8:	450d                	li	a0,3
    80003ada:	00d78c63          	beq	a5,a3,80003af2 <__sigtramp_r+0x4c>
    80003ade:	8522                	mv	a0,s0
    80003ae0:	00073023          	sd	zero,0(a4) # 2000 <__stack_align+0x1ff0>
    80003ae4:	9782                	jalr	a5
    80003ae6:	4501                	li	a0,0
    80003ae8:	a029                	j	80003af2 <__sigtramp_r+0x4c>
    80003aea:	edfff0ef          	jal	800039c8 <_init_signal_r>
    80003aee:	d969                	beqz	a0,80003ac0 <__sigtramp_r+0x1a>
    80003af0:	557d                	li	a0,-1
    80003af2:	60e2                	ld	ra,24(sp)
    80003af4:	6442                	ld	s0,16(sp)
    80003af6:	64a2                	ld	s1,8(sp)
    80003af8:	6105                	addi	sp,sp,32
    80003afa:	8082                	ret

0000000080003afc <raise>:
    80003afc:	85aa                	mv	a1,a0
    80003afe:	00001517          	auipc	a0,0x1
    80003b02:	e6253503          	ld	a0,-414(a0) # 80004960 <_impure_ptr>
    80003b06:	bf3d                	j	80003a44 <_raise_r>

0000000080003b08 <signal>:
    80003b08:	862e                	mv	a2,a1
    80003b0a:	85aa                	mv	a1,a0
    80003b0c:	00001517          	auipc	a0,0x1
    80003b10:	e5453503          	ld	a0,-428(a0) # 80004960 <_impure_ptr>
    80003b14:	b5fd                	j	80003a02 <_signal_r>

0000000080003b16 <_init_signal>:
    80003b16:	00001517          	auipc	a0,0x1
    80003b1a:	e4a53503          	ld	a0,-438(a0) # 80004960 <_impure_ptr>
    80003b1e:	b56d                	j	800039c8 <_init_signal_r>

0000000080003b20 <__sigtramp>:
    80003b20:	85aa                	mv	a1,a0
    80003b22:	00001517          	auipc	a0,0x1
    80003b26:	e3e53503          	ld	a0,-450(a0) # 80004960 <_impure_ptr>
    80003b2a:	bfb5                	j	80003aa6 <__sigtramp_r>

0000000080003b2c <_kill_r>:
    80003b2c:	1141                	addi	sp,sp,-16
    80003b2e:	e022                	sd	s0,0(sp)
    80003b30:	842a                	mv	s0,a0
    80003b32:	852e                	mv	a0,a1
    80003b34:	85b2                	mv	a1,a2
    80003b36:	8a01a023          	sw	zero,-1888(gp) # 80004a00 <errno>
    80003b3a:	e406                	sd	ra,8(sp)
    80003b3c:	292000ef          	jal	80003dce <_kill>
    80003b40:	57fd                	li	a5,-1
    80003b42:	00f51663          	bne	a0,a5,80003b4e <_kill_r+0x22>
    80003b46:	8a01a783          	lw	a5,-1888(gp) # 80004a00 <errno>
    80003b4a:	c391                	beqz	a5,80003b4e <_kill_r+0x22>
    80003b4c:	c01c                	sw	a5,0(s0)
    80003b4e:	60a2                	ld	ra,8(sp)
    80003b50:	6402                	ld	s0,0(sp)
    80003b52:	0141                	addi	sp,sp,16
    80003b54:	8082                	ret

0000000080003b56 <_getpid_r>:
    80003b56:	a4b5                	j	80003dc2 <_getpid>

0000000080003b58 <__trunctfdf2>:
    80003b58:	00202673          	frrm	a2
    80003b5c:	6821                	lui	a6,0x8
    80003b5e:	0305d713          	srli	a4,a1,0x30
    80003b62:	187d                	addi	a6,a6,-1 # 7fff <__stack_size_min+0x1fff>
    80003b64:	010778b3          	and	a7,a4,a6
    80003b68:	03f5d693          	srli	a3,a1,0x3f
    80003b6c:	05c2                	slli	a1,a1,0x10
    80003b6e:	81b5                	srli	a1,a1,0xd
    80003b70:	03d55713          	srli	a4,a0,0x3d
    80003b74:	00188793          	addi	a5,a7,1
    80003b78:	8f4d                	or	a4,a4,a1
    80003b7a:	03179593          	slli	a1,a5,0x31
    80003b7e:	91c9                	srli	a1,a1,0x32
    80003b80:	2601                	sext.w	a2,a2
    80003b82:	00351313          	slli	t1,a0,0x3
    80003b86:	16058763          	beqz	a1,80003cf4 <__trunctfdf2+0x19c>
    80003b8a:	77f1                	lui	a5,0xffffc
    80003b8c:	40078793          	addi	a5,a5,1024 # ffffffffffffc400 <__heap_end+0xffffffff7ffd7400>
    80003b90:	98be                	add	a7,a7,a5
    80003b92:	7fe00793          	li	a5,2046
    80003b96:	0317d463          	bge	a5,a7,80003bbe <__trunctfdf2+0x66>
    80003b9a:	ce11                	beqz	a2,80003bb6 <__trunctfdf2+0x5e>
    80003b9c:	478d                	li	a5,3
    80003b9e:	00f61863          	bne	a2,a5,80003bae <__trunctfdf2+0x56>
    80003ba2:	ca91                	beqz	a3,80003bb6 <__trunctfdf2+0x5e>
    80003ba4:	57fd                	li	a5,-1
    80003ba6:	7fe00893          	li	a7,2046
    80003baa:	4595                	li	a1,5
    80003bac:	aabd                	j	80003d2a <__trunctfdf2+0x1d2>
    80003bae:	4789                	li	a5,2
    80003bb0:	fef61ae3          	bne	a2,a5,80003ba4 <__trunctfdf2+0x4c>
    80003bb4:	dae5                	beqz	a3,80003ba4 <__trunctfdf2+0x4c>
    80003bb6:	4781                	li	a5,0
    80003bb8:	7ff00893          	li	a7,2047
    80003bbc:	b7fd                	j	80003baa <__trunctfdf2+0x52>
    80003bbe:	11104f63          	bgtz	a7,80003cdc <__trunctfdf2+0x184>
    80003bc2:	fcc00593          	li	a1,-52
    80003bc6:	4785                	li	a5,1
    80003bc8:	02b8ce63          	blt	a7,a1,80003c04 <__trunctfdf2+0xac>
    80003bcc:	17ce                	slli	a5,a5,0x33
    80003bce:	03d00813          	li	a6,61
    80003bd2:	8f5d                	or	a4,a4,a5
    80003bd4:	41180833          	sub	a6,a6,a7
    80003bd8:	03f00793          	li	a5,63
    80003bdc:	0008851b          	sext.w	a0,a7
    80003be0:	0d07cb63          	blt	a5,a6,80003cb6 <__trunctfdf2+0x15e>
    80003be4:	03d00793          	li	a5,61
    80003be8:	0035059b          	addiw	a1,a0,3
    80003bec:	9f89                	subw	a5,a5,a0
    80003bee:	00f357b3          	srl	a5,t1,a5
    80003bf2:	00b31333          	sll	t1,t1,a1
    80003bf6:	00603333          	snez	t1,t1
    80003bfa:	0067e7b3          	or	a5,a5,t1
    80003bfe:	00b71733          	sll	a4,a4,a1
    80003c02:	8fd9                	or	a5,a5,a4
    80003c04:	00179713          	slli	a4,a5,0x1
    80003c08:	00777513          	andi	a0,a4,7
    80003c0c:	4581                	li	a1,0
    80003c0e:	cd19                	beqz	a0,80003c2c <__trunctfdf2+0xd4>
    80003c10:	4589                	li	a1,2
    80003c12:	12b60363          	beq	a2,a1,80003d38 <__trunctfdf2+0x1e0>
    80003c16:	458d                	li	a1,3
    80003c18:	10b60b63          	beq	a2,a1,80003d2e <__trunctfdf2+0x1d6>
    80003c1c:	4585                	li	a1,1
    80003c1e:	e619                	bnez	a2,80003c2c <__trunctfdf2+0xd4>
    80003c20:	00f77513          	andi	a0,a4,15
    80003c24:	4811                	li	a6,4
    80003c26:	01050363          	beq	a0,a6,80003c2c <__trunctfdf2+0xd4>
    80003c2a:	0711                	addi	a4,a4,4
    80003c2c:	9361                	srli	a4,a4,0x38
    80003c2e:	00174713          	xori	a4,a4,1
    80003c32:	8b05                	andi	a4,a4,1
    80003c34:	4881                	li	a7,0
    80003c36:	0077f513          	andi	a0,a5,7
    80003c3a:	12050963          	beqz	a0,80003d6c <__trunctfdf2+0x214>
    80003c3e:	4509                	li	a0,2
    80003c40:	0015e593          	ori	a1,a1,1
    80003c44:	10a60163          	beq	a2,a0,80003d46 <__trunctfdf2+0x1ee>
    80003c48:	450d                	li	a0,3
    80003c4a:	0ea60b63          	beq	a2,a0,80003d40 <__trunctfdf2+0x1e8>
    80003c4e:	e619                	bnez	a2,80003c5c <__trunctfdf2+0x104>
    80003c50:	00f7f813          	andi	a6,a5,15
    80003c54:	4511                	li	a0,4
    80003c56:	10a80b63          	beq	a6,a0,80003d6c <__trunctfdf2+0x214>
    80003c5a:	0791                	addi	a5,a5,4
    80003c5c:	c711                	beqz	a4,80003c68 <__trunctfdf2+0x110>
    80003c5e:	0015f813          	andi	a6,a1,1
    80003c62:	0806                	slli	a6,a6,0x1
    80003c64:	00b865b3          	or	a1,a6,a1
    80003c68:	00879713          	slli	a4,a5,0x8
    80003c6c:	00075b63          	bgez	a4,80003c82 <__trunctfdf2+0x12a>
    80003c70:	0885                	addi	a7,a7,1
    80003c72:	7ff00713          	li	a4,2047
    80003c76:	0ce88a63          	beq	a7,a4,80003d4a <__trunctfdf2+0x1f2>
    80003c7a:	567d                	li	a2,-1
    80003c7c:	165e                	slli	a2,a2,0x37
    80003c7e:	167d                	addi	a2,a2,-1
    80003c80:	8ff1                	and	a5,a5,a2
    80003c82:	7ff00713          	li	a4,2047
    80003c86:	838d                	srli	a5,a5,0x3
    80003c88:	00e89663          	bne	a7,a4,80003c94 <__trunctfdf2+0x13c>
    80003c8c:	c781                	beqz	a5,80003c94 <__trunctfdf2+0x13c>
    80003c8e:	4785                	li	a5,1
    80003c90:	17ce                	slli	a5,a5,0x33
    80003c92:	4681                	li	a3,0
    80003c94:	7ff00613          	li	a2,2047
    80003c98:	03489713          	slli	a4,a7,0x34
    80003c9c:	1652                	slli	a2,a2,0x34
    80003c9e:	07b2                	slli	a5,a5,0xc
    80003ca0:	8f71                	and	a4,a4,a2
    80003ca2:	83b1                	srli	a5,a5,0xc
    80003ca4:	8fd9                	or	a5,a5,a4
    80003ca6:	16fe                	slli	a3,a3,0x3f
    80003ca8:	8fd5                	or	a5,a5,a3
    80003caa:	c199                	beqz	a1,80003cb0 <__trunctfdf2+0x158>
    80003cac:	0015a073          	csrs	fflags,a1
    80003cb0:	f2078553          	fmv.d.x	fa0,a5
    80003cb4:	8082                	ret
    80003cb6:	57f5                	li	a5,-3
    80003cb8:	9f89                	subw	a5,a5,a0
    80003cba:	04000893          	li	a7,64
    80003cbe:	00f757b3          	srl	a5,a4,a5
    80003cc2:	4581                	li	a1,0
    80003cc4:	01180663          	beq	a6,a7,80003cd0 <__trunctfdf2+0x178>
    80003cc8:	0435051b          	addiw	a0,a0,67
    80003ccc:	00a715b3          	sll	a1,a4,a0
    80003cd0:	0065e5b3          	or	a1,a1,t1
    80003cd4:	00b035b3          	snez	a1,a1
    80003cd8:	8fcd                	or	a5,a5,a1
    80003cda:	b72d                	j	80003c04 <__trunctfdf2+0xac>
    80003cdc:	00751793          	slli	a5,a0,0x7
    80003ce0:	00f037b3          	snez	a5,a5
    80003ce4:	03c35313          	srli	t1,t1,0x3c
    80003ce8:	0067e7b3          	or	a5,a5,t1
    80003cec:	0712                	slli	a4,a4,0x4
    80003cee:	8fd9                	or	a5,a5,a4
    80003cf0:	4581                	li	a1,0
    80003cf2:	a825                	j	80003d2a <__trunctfdf2+0x1d2>
    80003cf4:	006767b3          	or	a5,a4,t1
    80003cf8:	00089663          	bnez	a7,80003d04 <__trunctfdf2+0x1ac>
    80003cfc:	4581                	li	a1,0
    80003cfe:	d3d1                	beqz	a5,80003c82 <__trunctfdf2+0x12a>
    80003d00:	4785                	li	a5,1
    80003d02:	b709                	j	80003c04 <__trunctfdf2+0xac>
    80003d04:	c7bd                	beqz	a5,80003d72 <__trunctfdf2+0x21a>
    80003d06:	4581                	li	a1,0
    80003d08:	01089763          	bne	a7,a6,80003d16 <__trunctfdf2+0x1be>
    80003d0c:	03275593          	srli	a1,a4,0x32
    80003d10:	0015c593          	xori	a1,a1,1
    80003d14:	0592                	slli	a1,a1,0x4
    80003d16:	03c35793          	srli	a5,t1,0x3c
    80003d1a:	0712                	slli	a4,a4,0x4
    80003d1c:	8f5d                	or	a4,a4,a5
    80003d1e:	4785                	li	a5,1
    80003d20:	9b61                	andi	a4,a4,-8
    80003d22:	17da                	slli	a5,a5,0x36
    80003d24:	8fd9                	or	a5,a5,a4
    80003d26:	7ff00893          	li	a7,2047
    80003d2a:	4701                	li	a4,0
    80003d2c:	b729                	j	80003c36 <__trunctfdf2+0xde>
    80003d2e:	4585                	li	a1,1
    80003d30:	ee069ee3          	bnez	a3,80003c2c <__trunctfdf2+0xd4>
    80003d34:	0721                	addi	a4,a4,8
    80003d36:	bddd                	j	80003c2c <__trunctfdf2+0xd4>
    80003d38:	4585                	li	a1,1
    80003d3a:	ee0689e3          	beqz	a3,80003c2c <__trunctfdf2+0xd4>
    80003d3e:	bfdd                	j	80003d34 <__trunctfdf2+0x1dc>
    80003d40:	fe91                	bnez	a3,80003c5c <__trunctfdf2+0x104>
    80003d42:	07a1                	addi	a5,a5,8
    80003d44:	bf21                	j	80003c5c <__trunctfdf2+0x104>
    80003d46:	da99                	beqz	a3,80003c5c <__trunctfdf2+0x104>
    80003d48:	bfed                	j	80003d42 <__trunctfdf2+0x1ea>
    80003d4a:	4781                	li	a5,0
    80003d4c:	ce09                	beqz	a2,80003d66 <__trunctfdf2+0x20e>
    80003d4e:	470d                	li	a4,3
    80003d50:	00e61763          	bne	a2,a4,80003d5e <__trunctfdf2+0x206>
    80003d54:	ca89                	beqz	a3,80003d66 <__trunctfdf2+0x20e>
    80003d56:	57fd                	li	a5,-1
    80003d58:	7fe00893          	li	a7,2046
    80003d5c:	a029                	j	80003d66 <__trunctfdf2+0x20e>
    80003d5e:	4709                	li	a4,2
    80003d60:	fee61be3          	bne	a2,a4,80003d56 <__trunctfdf2+0x1fe>
    80003d64:	daed                	beqz	a3,80003d56 <__trunctfdf2+0x1fe>
    80003d66:	0055e593          	ori	a1,a1,5
    80003d6a:	bf21                	j	80003c82 <__trunctfdf2+0x12a>
    80003d6c:	ee0719e3          	bnez	a4,80003c5e <__trunctfdf2+0x106>
    80003d70:	bf09                	j	80003c82 <__trunctfdf2+0x12a>
    80003d72:	7ff00893          	li	a7,2047
    80003d76:	bfad                	j	80003cf0 <__trunctfdf2+0x198>

0000000080003d78 <_close>:
    80003d78:	1141                	addi	sp,sp,-16
    80003d7a:	e406                	sd	ra,8(sp)
    80003d7c:	19a000ef          	jal	80003f16 <__errno>
    80003d80:	60a2                	ld	ra,8(sp)
    80003d82:	47a5                	li	a5,9
    80003d84:	c11c                	sw	a5,0(a0)
    80003d86:	557d                	li	a0,-1
    80003d88:	0141                	addi	sp,sp,16
    80003d8a:	8082                	ret

0000000080003d8c <_exit>:
    80003d8c:	0015179b          	slliw	a5,a0,0x1
    80003d90:	0017e793          	ori	a5,a5,1
    80003d94:	2781                	sext.w	a5,a5
    80003d96:	07c2                	slli	a5,a5,0x10
    80003d98:	83c1                	srli	a5,a5,0x10
    80003d9a:	00001717          	auipc	a4,0x1
    80003d9e:	96670713          	addi	a4,a4,-1690 # 80004700 <tohost>
    80003da2:	00001697          	auipc	a3,0x1
    80003da6:	9606b323          	sd	zero,-1690(a3) # 80004708 <fromhost>
    80003daa:	e31c                	sd	a5,0(a4)
    80003dac:	bfdd                	j	80003da2 <_exit+0x16>

0000000080003dae <_fstat>:
    80003dae:	1141                	addi	sp,sp,-16
    80003db0:	e406                	sd	ra,8(sp)
    80003db2:	164000ef          	jal	80003f16 <__errno>
    80003db6:	60a2                	ld	ra,8(sp)
    80003db8:	47a5                	li	a5,9
    80003dba:	c11c                	sw	a5,0(a0)
    80003dbc:	557d                	li	a0,-1
    80003dbe:	0141                	addi	sp,sp,16
    80003dc0:	8082                	ret

0000000080003dc2 <_getpid>:
    80003dc2:	4505                	li	a0,1
    80003dc4:	8082                	ret

0000000080003dc6 <_isatty>:
    80003dc6:	357d                	addiw	a0,a0,-1
    80003dc8:	00253513          	sltiu	a0,a0,2
    80003dcc:	8082                	ret

0000000080003dce <_kill>:
    80003dce:	1141                	addi	sp,sp,-16
    80003dd0:	e406                	sd	ra,8(sp)
    80003dd2:	144000ef          	jal	80003f16 <__errno>
    80003dd6:	60a2                	ld	ra,8(sp)
    80003dd8:	47d9                	li	a5,22
    80003dda:	c11c                	sw	a5,0(a0)
    80003ddc:	557d                	li	a0,-1
    80003dde:	0141                	addi	sp,sp,16
    80003de0:	8082                	ret

0000000080003de2 <_lseek>:
    80003de2:	1141                	addi	sp,sp,-16
    80003de4:	e406                	sd	ra,8(sp)
    80003de6:	130000ef          	jal	80003f16 <__errno>
    80003dea:	60a2                	ld	ra,8(sp)
    80003dec:	47a5                	li	a5,9
    80003dee:	c11c                	sw	a5,0(a0)
    80003df0:	557d                	li	a0,-1
    80003df2:	0141                	addi	sp,sp,16
    80003df4:	8082                	ret

0000000080003df6 <_read>:
    80003df6:	1141                	addi	sp,sp,-16
    80003df8:	e406                	sd	ra,8(sp)
    80003dfa:	11c000ef          	jal	80003f16 <__errno>
    80003dfe:	60a2                	ld	ra,8(sp)
    80003e00:	05800793          	li	a5,88
    80003e04:	c11c                	sw	a5,0(a0)
    80003e06:	557d                	li	a0,-1
    80003e08:	0141                	addi	sp,sp,16
    80003e0a:	8082                	ret

0000000080003e0c <_sbrk>:
    80003e0c:	00001717          	auipc	a4,0x1
    80003e10:	b5c70713          	addi	a4,a4,-1188 # 80004968 <curbrk>
    80003e14:	631c                	ld	a5,0(a4)
    80003e16:	bf018693          	addi	a3,gp,-1040 # 80004d50 <_end>
    80003e1a:	953e                	add	a0,a0,a5
    80003e1c:	00d56b63          	bltu	a0,a3,80003e32 <_sbrk+0x26>
    80003e20:	00021697          	auipc	a3,0x21
    80003e24:	1e068693          	addi	a3,a3,480 # 80025000 <__heap_end>
    80003e28:	00d57563          	bgeu	a0,a3,80003e32 <_sbrk+0x26>
    80003e2c:	e308                	sd	a0,0(a4)
    80003e2e:	853e                	mv	a0,a5
    80003e30:	8082                	ret
    80003e32:	1141                	addi	sp,sp,-16
    80003e34:	e406                	sd	ra,8(sp)
    80003e36:	0e0000ef          	jal	80003f16 <__errno>
    80003e3a:	60a2                	ld	ra,8(sp)
    80003e3c:	47b1                	li	a5,12
    80003e3e:	c11c                	sw	a5,0(a0)
    80003e40:	57fd                	li	a5,-1
    80003e42:	853e                	mv	a0,a5
    80003e44:	0141                	addi	sp,sp,16
    80003e46:	8082                	ret

0000000080003e48 <_write>:
    80003e48:	04000693          	li	a3,64
    80003e4c:	a0b9                	j	80003e9a <htif_syscall>

0000000080003e4e <handle_trap>:
    80003e4e:	1141                	addi	sp,sp,-16
    80003e50:	02159513          	slli	a0,a1,0x21
    80003e54:	e406                	sd	ra,8(sp)
    80003e56:	9105                	srli	a0,a0,0x21
    80003e58:	0005d463          	bgez	a1,80003e60 <handle_trap+0x12>
    80003e5c:	40a0053b          	negw	a0,a0
    80003e60:	f2dff0ef          	jal	80003d8c <_exit>

0000000080003e64 <__init_tls>:
    80003e64:	1141                	addi	sp,sp,-16
    80003e66:	00000613          	li	a2,0
    80003e6a:	00000597          	auipc	a1,0x0
    80003e6e:	28858593          	addi	a1,a1,648 # 800040f2 <__tbss_end>
    80003e72:	8512                	mv	a0,tp
    80003e74:	e022                	sd	s0,0(sp)
    80003e76:	e406                	sd	ra,8(sp)
    80003e78:	8412                	mv	s0,tp
    80003e7a:	db0ff0ef          	jal	8000342a <memcpy>
    80003e7e:	00000513          	li	a0,0
    80003e82:	9522                	add	a0,a0,s0
    80003e84:	6402                	ld	s0,0(sp)
    80003e86:	60a2                	ld	ra,8(sp)
    80003e88:	00000613          	li	a2,0
    80003e8c:	4581                	li	a1,0
    80003e8e:	0141                	addi	sp,sp,16
    80003e90:	d8aff06f          	j	8000341a <memset>

0000000080003e94 <__main>:
    80003e94:	10500073          	wfi
    80003e98:	bff5                	j	80003e94 <__main>

0000000080003e9a <htif_syscall>:
    80003e9a:	7139                	addi	sp,sp,-64
    80003e9c:	e036                	sd	a3,0(sp)
    80003e9e:	e42a                	sd	a0,8(sp)
    80003ea0:	fff007b7          	lui	a5,0xfff00
    80003ea4:	e82e                	sd	a1,16(sp)
    80003ea6:	83c1                	srli	a5,a5,0x10
    80003ea8:	ec32                	sd	a2,24(sp)
    80003eaa:	860a                	mv	a2,sp
    80003eac:	8e7d                	and	a2,a2,a5
    80003eae:	8a818713          	addi	a4,gp,-1880 # 80004a08 <htif_lock>
    80003eb2:	56fd                	li	a3,-1
    80003eb4:	431c                	lw	a5,0(a4)
    80003eb6:	fffd                	bnez	a5,80003eb4 <htif_syscall+0x1a>
    80003eb8:	0cd727af          	amoswap.w.aq	a5,a3,(a4)
    80003ebc:	ffe5                	bnez	a5,80003eb4 <htif_syscall+0x1a>
    80003ebe:	0110000f          	fence	w,w
    80003ec2:	00001697          	auipc	a3,0x1
    80003ec6:	83e68693          	addi	a3,a3,-1986 # 80004700 <tohost>
    80003eca:	e290                	sd	a2,0(a3)
    80003ecc:	669c                	ld	a5,8(a3)
    80003ece:	dffd                	beqz	a5,80003ecc <htif_syscall+0x32>
    80003ed0:	00001797          	auipc	a5,0x1
    80003ed4:	8207bc23          	sd	zero,-1992(a5) # 80004708 <fromhost>
    80003ed8:	0a07202f          	amoswap.w.rl	zero,zero,(a4)
    80003edc:	0220000f          	fence	r,r
    80003ee0:	6502                	ld	a0,0(sp)
    80003ee2:	6121                	addi	sp,sp,64
    80003ee4:	8082                	ret

0000000080003ee6 <atexit>:
    80003ee6:	85aa                	mv	a1,a0
    80003ee8:	4681                	li	a3,0
    80003eea:	4601                	li	a2,0
    80003eec:	4501                	li	a0,0
    80003eee:	a0d9                	j	80003fb4 <__register_exitproc>

0000000080003ef0 <exit>:
    80003ef0:	1141                	addi	sp,sp,-16
    80003ef2:	e022                	sd	s0,0(sp)
    80003ef4:	e406                	sd	ra,8(sp)
    80003ef6:	00000797          	auipc	a5,0x0
    80003efa:	13478793          	addi	a5,a5,308 # 8000402a <__call_exitprocs>
    80003efe:	842a                	mv	s0,a0
    80003f00:	c781                	beqz	a5,80003f08 <exit+0x18>
    80003f02:	4581                	li	a1,0
    80003f04:	126000ef          	jal	8000402a <__call_exitprocs>
    80003f08:	8901b783          	ld	a5,-1904(gp) # 800049f0 <__stdio_exit_handler>
    80003f0c:	c391                	beqz	a5,80003f10 <exit+0x20>
    80003f0e:	9782                	jalr	a5
    80003f10:	8522                	mv	a0,s0
    80003f12:	e7bff0ef          	jal	80003d8c <_exit>

0000000080003f16 <__errno>:
    80003f16:	00001517          	auipc	a0,0x1
    80003f1a:	a4a53503          	ld	a0,-1462(a0) # 80004960 <_impure_ptr>
    80003f1e:	8082                	ret

0000000080003f20 <__libc_init_array>:
    80003f20:	1101                	addi	sp,sp,-32
    80003f22:	e822                	sd	s0,16(sp)
    80003f24:	e426                	sd	s1,8(sp)
    80003f26:	00000417          	auipc	s0,0x0
    80003f2a:	7da40413          	addi	s0,s0,2010 # 80004700 <tohost>
    80003f2e:	00000497          	auipc	s1,0x0
    80003f32:	7d248493          	addi	s1,s1,2002 # 80004700 <tohost>
    80003f36:	8c81                	sub	s1,s1,s0
    80003f38:	e04a                	sd	s2,0(sp)
    80003f3a:	ec06                	sd	ra,24(sp)
    80003f3c:	848d                	srai	s1,s1,0x3
    80003f3e:	4901                	li	s2,0
    80003f40:	02991563          	bne	s2,s1,80003f6a <__libc_init_array+0x4a>
    80003f44:	00000417          	auipc	s0,0x0
    80003f48:	7bc40413          	addi	s0,s0,1980 # 80004700 <tohost>
    80003f4c:	00000497          	auipc	s1,0x0
    80003f50:	7b448493          	addi	s1,s1,1972 # 80004700 <tohost>
    80003f54:	8c81                	sub	s1,s1,s0
    80003f56:	848d                	srai	s1,s1,0x3
    80003f58:	4901                	li	s2,0
    80003f5a:	00991d63          	bne	s2,s1,80003f74 <__libc_init_array+0x54>
    80003f5e:	60e2                	ld	ra,24(sp)
    80003f60:	6442                	ld	s0,16(sp)
    80003f62:	64a2                	ld	s1,8(sp)
    80003f64:	6902                	ld	s2,0(sp)
    80003f66:	6105                	addi	sp,sp,32
    80003f68:	8082                	ret
    80003f6a:	601c                	ld	a5,0(s0)
    80003f6c:	0905                	addi	s2,s2,1
    80003f6e:	0421                	addi	s0,s0,8
    80003f70:	9782                	jalr	a5
    80003f72:	b7f9                	j	80003f40 <__libc_init_array+0x20>
    80003f74:	601c                	ld	a5,0(s0)
    80003f76:	0905                	addi	s2,s2,1
    80003f78:	0421                	addi	s0,s0,8
    80003f7a:	9782                	jalr	a5
    80003f7c:	bff9                	j	80003f5a <__libc_init_array+0x3a>

0000000080003f7e <__libc_fini_array>:
    80003f7e:	1101                	addi	sp,sp,-32
    80003f80:	e822                	sd	s0,16(sp)
    80003f82:	e426                	sd	s1,8(sp)
    80003f84:	00000417          	auipc	s0,0x0
    80003f88:	77c40413          	addi	s0,s0,1916 # 80004700 <tohost>
    80003f8c:	00000497          	auipc	s1,0x0
    80003f90:	77448493          	addi	s1,s1,1908 # 80004700 <tohost>
    80003f94:	8c05                	sub	s0,s0,s1
    80003f96:	ec06                	sd	ra,24(sp)
    80003f98:	840d                	srai	s0,s0,0x3
    80003f9a:	e411                	bnez	s0,80003fa6 <__libc_fini_array+0x28>
    80003f9c:	60e2                	ld	ra,24(sp)
    80003f9e:	6442                	ld	s0,16(sp)
    80003fa0:	64a2                	ld	s1,8(sp)
    80003fa2:	6105                	addi	sp,sp,32
    80003fa4:	8082                	ret
    80003fa6:	147d                	addi	s0,s0,-1
    80003fa8:	00341793          	slli	a5,s0,0x3
    80003fac:	97a6                	add	a5,a5,s1
    80003fae:	639c                	ld	a5,0(a5)
    80003fb0:	9782                	jalr	a5
    80003fb2:	b7e5                	j	80003f9a <__libc_fini_array+0x1c>

0000000080003fb4 <__register_exitproc>:
    80003fb4:	88aa                	mv	a7,a0
    80003fb6:	8b818513          	addi	a0,gp,-1864 # 80004a18 <__atexit>
    80003fba:	6118                	ld	a4,0(a0)
    80003fbc:	ef01                	bnez	a4,80003fd4 <__register_exitproc+0x20>
    80003fbe:	ad818793          	addi	a5,gp,-1320 # 80004c38 <__atexit0>
    80003fc2:	e11c                	sd	a5,0(a0)
    80003fc4:	00000713          	li	a4,0
    80003fc8:	c701                	beqz	a4,80003fd0 <__register_exitproc+0x1c>
    80003fca:	6318                	ld	a4,0(a4)
    80003fcc:	10e7b823          	sd	a4,272(a5)
    80003fd0:	ad818713          	addi	a4,gp,-1320 # 80004c38 <__atexit0>
    80003fd4:	471c                	lw	a5,8(a4)
    80003fd6:	487d                	li	a6,31
    80003fd8:	557d                	li	a0,-1
    80003fda:	04f84763          	blt	a6,a5,80004028 <__register_exitproc+0x74>
    80003fde:	02088d63          	beqz	a7,80004018 <__register_exitproc+0x64>
    80003fe2:	11073803          	ld	a6,272(a4)
    80003fe6:	04080163          	beqz	a6,80004028 <__register_exitproc+0x74>
    80003fea:	00379513          	slli	a0,a5,0x3
    80003fee:	9542                	add	a0,a0,a6
    80003ff0:	e110                	sd	a2,0(a0)
    80003ff2:	20082303          	lw	t1,512(a6)
    80003ff6:	4605                	li	a2,1
    80003ff8:	00f6163b          	sllw	a2,a2,a5
    80003ffc:	00c36333          	or	t1,t1,a2
    80004000:	20682023          	sw	t1,512(a6)
    80004004:	10d53023          	sd	a3,256(a0)
    80004008:	4689                	li	a3,2
    8000400a:	00d89763          	bne	a7,a3,80004018 <__register_exitproc+0x64>
    8000400e:	20482683          	lw	a3,516(a6)
    80004012:	8ed1                	or	a3,a3,a2
    80004014:	20d82223          	sw	a3,516(a6)
    80004018:	0017869b          	addiw	a3,a5,1
    8000401c:	0789                	addi	a5,a5,2
    8000401e:	078e                	slli	a5,a5,0x3
    80004020:	c714                	sw	a3,8(a4)
    80004022:	973e                	add	a4,a4,a5
    80004024:	e30c                	sd	a1,0(a4)
    80004026:	4501                	li	a0,0
    80004028:	8082                	ret

000000008000402a <__call_exitprocs>:
    8000402a:	711d                	addi	sp,sp,-96
    8000402c:	f852                	sd	s4,48(sp)
    8000402e:	f456                	sd	s5,40(sp)
    80004030:	f05a                	sd	s6,32(sp)
    80004032:	ec5e                	sd	s7,24(sp)
    80004034:	ec86                	sd	ra,88(sp)
    80004036:	e8a2                	sd	s0,80(sp)
    80004038:	e4a6                	sd	s1,72(sp)
    8000403a:	e0ca                	sd	s2,64(sp)
    8000403c:	fc4e                	sd	s3,56(sp)
    8000403e:	e862                	sd	s8,16(sp)
    80004040:	e466                	sd	s9,8(sp)
    80004042:	8aaa                	mv	s5,a0
    80004044:	8a2e                	mv	s4,a1
    80004046:	8b818b13          	addi	s6,gp,-1864 # 80004a18 <__atexit>
    8000404a:	4b85                	li	s7,1
    8000404c:	000b3483          	ld	s1,0(s6)
    80004050:	cc81                	beqz	s1,80004068 <__call_exitprocs+0x3e>
    80004052:	4480                	lw	s0,8(s1)
    80004054:	1104b983          	ld	s3,272(s1)
    80004058:	fff4091b          	addiw	s2,s0,-1
    8000405c:	040e                	slli	s0,s0,0x3
    8000405e:	00898cb3          	add	s9,s3,s0
    80004062:	9426                	add	s0,s0,s1
    80004064:	00095f63          	bgez	s2,80004082 <__call_exitprocs+0x58>
    80004068:	60e6                	ld	ra,88(sp)
    8000406a:	6446                	ld	s0,80(sp)
    8000406c:	64a6                	ld	s1,72(sp)
    8000406e:	6906                	ld	s2,64(sp)
    80004070:	79e2                	ld	s3,56(sp)
    80004072:	7a42                	ld	s4,48(sp)
    80004074:	7aa2                	ld	s5,40(sp)
    80004076:	7b02                	ld	s6,32(sp)
    80004078:	6be2                	ld	s7,24(sp)
    8000407a:	6c42                	ld	s8,16(sp)
    8000407c:	6ca2                	ld	s9,8(sp)
    8000407e:	6125                	addi	sp,sp,96
    80004080:	8082                	ret
    80004082:	000a0c63          	beqz	s4,8000409a <__call_exitprocs+0x70>
    80004086:	00099663          	bnez	s3,80004092 <__call_exitprocs+0x68>
    8000408a:	397d                	addiw	s2,s2,-1
    8000408c:	1ce1                	addi	s9,s9,-8
    8000408e:	1461                	addi	s0,s0,-8
    80004090:	bfd1                	j	80004064 <__call_exitprocs+0x3a>
    80004092:	0f8cb783          	ld	a5,248(s9)
    80004096:	ff479ae3          	bne	a5,s4,8000408a <__call_exitprocs+0x60>
    8000409a:	449c                	lw	a5,8(s1)
    8000409c:	6418                	ld	a4,8(s0)
    8000409e:	37fd                	addiw	a5,a5,-1
    800040a0:	03279963          	bne	a5,s2,800040d2 <__call_exitprocs+0xa8>
    800040a4:	0124a423          	sw	s2,8(s1)
    800040a8:	d36d                	beqz	a4,8000408a <__call_exitprocs+0x60>
    800040aa:	0084ac03          	lw	s8,8(s1)
    800040ae:	00098963          	beqz	s3,800040c0 <__call_exitprocs+0x96>
    800040b2:	2009a783          	lw	a5,512(s3)
    800040b6:	012b96bb          	sllw	a3,s7,s2
    800040ba:	8ff5                	and	a5,a5,a3
    800040bc:	2781                	sext.w	a5,a5
    800040be:	ef89                	bnez	a5,800040d8 <__call_exitprocs+0xae>
    800040c0:	9702                	jalr	a4
    800040c2:	4498                	lw	a4,8(s1)
    800040c4:	000b3783          	ld	a5,0(s6)
    800040c8:	f98712e3          	bne	a4,s8,8000404c <__call_exitprocs+0x22>
    800040cc:	faf48fe3          	beq	s1,a5,8000408a <__call_exitprocs+0x60>
    800040d0:	bfb5                	j	8000404c <__call_exitprocs+0x22>
    800040d2:	00043423          	sd	zero,8(s0)
    800040d6:	bfc9                	j	800040a8 <__call_exitprocs+0x7e>
    800040d8:	2049a783          	lw	a5,516(s3)
    800040dc:	ff8cb583          	ld	a1,-8(s9)
    800040e0:	8ff5                	and	a5,a5,a3
    800040e2:	2781                	sext.w	a5,a5
    800040e4:	e781                	bnez	a5,800040ec <__call_exitprocs+0xc2>
    800040e6:	8556                	mv	a0,s5
    800040e8:	9702                	jalr	a4
    800040ea:	bfe1                	j	800040c2 <__call_exitprocs+0x98>
    800040ec:	852e                	mv	a0,a1
    800040ee:	9702                	jalr	a4
    800040f0:	bfc9                	j	800040c2 <__call_exitprocs+0x98>

Disassembly of section .rodata:

00000000800040f8 <__tbss_end+0x6>:
    800040f8:	6c637943          	.insn	4, 0x6c637943
    800040fc:	7365                	lui	t1,0xffff9
    800040fe:	203a                	fld	ft0,392(sp)
    80004100:	6425                	lui	s0,0x9
    80004102:	000a                	c.slli	zero,0x2
    80004104:	0000                	unimp
    80004106:	0000                	unimp
    80004108:	4e49                	li	t3,18
    8000410a:	0046                	c.slli	zero,0x11
    8000410c:	0000                	unimp
    8000410e:	0000                	unimp
    80004110:	6e69                	lui	t3,0x1a
    80004112:	0066                	c.slli	zero,0x19
    80004114:	0000                	unimp
    80004116:	0000                	unimp
    80004118:	414e                	lw	sp,208(sp)
    8000411a:	004e                	c.slli	zero,0x13
    8000411c:	0000                	unimp
    8000411e:	0000                	unimp
    80004120:	616e                	ld	sp,216(sp)
    80004122:	006e                	c.slli	zero,0x1b
    80004124:	0000                	unimp
    80004126:	0000                	unimp
    80004128:	0030                	addi	a2,sp,8
    8000412a:	0000                	unimp
    8000412c:	0000                	unimp
    8000412e:	0000                	unimp
    80004130:	3130                	fld	fa2,96(a0)
    80004132:	3332                	fld	ft6,296(sp)
    80004134:	3534                	fld	fa3,104(a0)
    80004136:	3736                	fld	fa4,360(sp)
    80004138:	3938                	fld	fa4,112(a0)
    8000413a:	4241                	li	tp,16
    8000413c:	46454443          	.insn	4, 0x46454443
	...
    80004148:	3130                	fld	fa2,96(a0)
    8000414a:	3332                	fld	ft6,296(sp)
    8000414c:	3534                	fld	fa3,104(a0)
    8000414e:	3736                	fld	fa4,360(sp)
    80004150:	3938                	fld	fa4,112(a0)
    80004152:	6261                	lui	tp,0x18
    80004154:	66656463          	bltu	a0,t1,800047bc <__global_locale+0x4>
	...
    80004160:	6e49                	lui	t3,0x12
    80004162:	6966                	ld	s2,88(sp)
    80004164:	696e                	ld	s2,216(sp)
    80004166:	7974                	ld	a3,240(a0)
	...
    80004170:	614e                	ld	sp,208(sp)
    80004172:	004e                	c.slli	zero,0x13
    80004174:	0000                	unimp
    80004176:	0000                	unimp
    80004178:	4552                	lw	a0,20(sp)
    8000417a:	4e45                	li	t3,17
    8000417c:	2054                	fld	fa3,128(s0)
    8000417e:	616d                	addi	sp,sp,240
    80004180:	6c6c                	ld	a1,216(s0)
    80004182:	7320636f          	jal	t1,8000a8b4 <__global_pointer$+0x5754>
    80004186:	6375                	lui	t1,0x1d
    80004188:	64656563          	bltu	a0,t1,800047d2 <__global_locale+0x1a>
    8000418c:	6465                	lui	s0,0x19
    8000418e:	0000                	unimp
    80004190:	6d6f682f          	.insn	4, 0x6d6f682f
    80004194:	2f65                	addiw	t5,t5,25
    80004196:	646e6f63          	bltu	t3,t1,800047f4 <__global_locale+0x3c>
    8000419a:	2f61                	addiw	t5,t5,24
    8000419c:	6566                	ld	a0,88(sp)
    8000419e:	6465                	lui	s0,0x19
    800041a0:	636f7473          	csrrci	s0,0x636,30
    800041a4:	6f725f6b          	.insn	4, 0x6f725f6b
    800041a8:	622f746f          	jal	s0,800fb7ca <__heap_end+0xd67ca>
    800041ac:	6975                	lui	s2,0x1d
    800041ae:	646c                	ld	a1,200(s0)
    800041b0:	615f 7472 6669      	.insn	6, 0x66697472615f
    800041b6:	6361                	lui	t1,0x18
    800041b8:	7374                	ld	a3,224(a4)
    800041ba:	7369722f          	.insn	4, 0x7369722f
    800041be:	742d7663          	bgeu	s10,sp,8000490a <__global_locale+0x152>
    800041c2:	736c6f6f          	jal	t5,800ca8f8 <__heap_end+0xa58f8>
    800041c6:	315f 3137 3130      	.insn	6, 0x31303137315f
    800041cc:	3439                	addiw	s0,s0,-18 # 18fee <__stack_size+0x10fee>
    800041ce:	3236                	fld	ft4,360(sp)
    800041d0:	3738                	fld	fa4,104(a4)
    800041d2:	3636                	fld	fa2,360(sp)
    800041d4:	726f772f          	.insn	4, 0x726f772f
    800041d8:	69722f6b          	.insn	4, 0x69722f6b
    800041dc:	2d766373          	csrrsi	t1,0x2d7,12
    800041e0:	2d756e67          	.insn	4, 0x2d756e67
    800041e4:	6f74                	ld	a3,216(a4)
    800041e6:	68636c6f          	jal	s8,8003a86c <__heap_end+0x1586c>
    800041ea:	6961                	lui	s2,0x18
    800041ec:	2f6e                	fld	ft10,216(sp)
    800041ee:	7562                	ld	a0,56(sp)
    800041f0:	6c69                	lui	s8,0x1a
    800041f2:	2f64                	fld	fs1,216(a4)
    800041f4:	2e2e                	fld	ft8,200(sp)
    800041f6:	77656e2f          	.insn	4, 0x77656e2f
    800041fa:	696c                	ld	a1,208(a0)
    800041fc:	2f62                	fld	ft10,24(sp)
    800041fe:	656e                	ld	a0,216(sp)
    80004200:	62696c77          	.insn	4, 0x62696c77
    80004204:	62696c2f          	.insn	4, 0x62696c2f
    80004208:	74732f63          	.insn	4, 0x74732f63
    8000420c:	6c64                	ld	s1,216(s0)
    8000420e:	6269                	lui	tp,0x1a
    80004210:	6f74642f          	.insn	4, 0x6f74642f
    80004214:	2e61                	addiw	t3,t3,24 # 12018 <__stack_size+0xa018>
    80004216:	61420063          	beq	tp,s4,80004816 <__global_locale+0x5e>
    8000421a:	6c6c                	ld	a1,216(s0)
    8000421c:	7320636f          	jal	t1,8000a94e <__global_pointer$+0x57ee>
    80004220:	6375                	lui	t1,0x1d
    80004222:	64656563          	bltu	a0,t1,8000486c <__global_locale+0xb4>
    80004226:	6465                	lui	s0,0x19
	...
    80004230:	6d6f682f          	.insn	4, 0x6d6f682f
    80004234:	2f65                	addiw	t5,t5,25
    80004236:	646e6f63          	bltu	t3,t1,80004894 <__global_locale+0xdc>
    8000423a:	2f61                	addiw	t5,t5,24
    8000423c:	6566                	ld	a0,88(sp)
    8000423e:	6465                	lui	s0,0x19
    80004240:	636f7473          	csrrci	s0,0x636,30
    80004244:	6f725f6b          	.insn	4, 0x6f725f6b
    80004248:	622f746f          	jal	s0,800fb86a <__heap_end+0xd686a>
    8000424c:	6975                	lui	s2,0x1d
    8000424e:	646c                	ld	a1,200(s0)
    80004250:	615f 7472 6669      	.insn	6, 0x66697472615f
    80004256:	6361                	lui	t1,0x18
    80004258:	7374                	ld	a3,224(a4)
    8000425a:	7369722f          	.insn	4, 0x7369722f
    8000425e:	742d7663          	bgeu	s10,sp,800049aa <__atexit_dummy+0x32>
    80004262:	736c6f6f          	jal	t5,800ca998 <__heap_end+0xa5998>
    80004266:	315f 3137 3130      	.insn	6, 0x31303137315f
    8000426c:	3439                	addiw	s0,s0,-18 # 18fee <__stack_size+0x10fee>
    8000426e:	3236                	fld	ft4,360(sp)
    80004270:	3738                	fld	fa4,104(a4)
    80004272:	3636                	fld	fa2,360(sp)
    80004274:	726f772f          	.insn	4, 0x726f772f
    80004278:	69722f6b          	.insn	4, 0x69722f6b
    8000427c:	2d766373          	csrrsi	t1,0x2d7,12
    80004280:	2d756e67          	.insn	4, 0x2d756e67
    80004284:	6f74                	ld	a3,216(a4)
    80004286:	68636c6f          	jal	s8,8003a90c <__heap_end+0x1590c>
    8000428a:	6961                	lui	s2,0x18
    8000428c:	2f6e                	fld	ft10,216(sp)
    8000428e:	7562                	ld	a0,56(sp)
    80004290:	6c69                	lui	s8,0x1a
    80004292:	2f64                	fld	fs1,216(a4)
    80004294:	2e2e                	fld	ft8,200(sp)
    80004296:	77656e2f          	.insn	4, 0x77656e2f
    8000429a:	696c                	ld	a1,208(a0)
    8000429c:	2f62                	fld	ft10,24(sp)
    8000429e:	656e                	ld	a0,216(sp)
    800042a0:	62696c77          	.insn	4, 0x62696c77
    800042a4:	62696c2f          	.insn	4, 0x62696c2f
    800042a8:	74732f63          	.insn	4, 0x74732f63
    800042ac:	6c64                	ld	s1,216(s0)
    800042ae:	6269                	lui	tp,0x1a
    800042b0:	72706d2f          	.insn	4, 0x72706d2f
    800042b4:	6365                	lui	t1,0x19
    800042b6:	632e                	ld	t1,200(sp)
	...
    800042c0:	2b302d23          	sw	s3,698(zero) # 2ba <__stack_align+0x2aa>
    800042c4:	0020                	addi	s0,sp,8
    800042c6:	0000                	unimp
    800042c8:	6c68                	ld	a0,216(s0)
    800042ca:	004c                	addi	a1,sp,4
    800042cc:	0000                	unimp
    800042ce:	0000                	unimp
    800042d0:	6665                	lui	a2,0x19
    800042d2:	47464567          	.insn	4, 0x47464567
    800042d6:	0000                	unimp
    800042d8:	00000043          	fmadd.s	ft0,ft0,ft0,ft0,rne
    800042dc:	0000                	unimp
    800042de:	0000                	unimp
    800042e0:	4f50                	lw	a2,28(a4)
    800042e2:	00584953          	fadd.s	fs2,fa6,ft5,rmm
    800042e6:	0000                	unimp
    800042e8:	002e                	c.slli	zero,0xb
    800042ea:	0000                	unimp
    800042ec:	0000                	unimp
    800042ee:	0000                	unimp
    800042f0:	202c                	fld	fa1,64(s0)
    800042f2:	7566                	ld	a0,120(sp)
    800042f4:	636e                	ld	t1,216(sp)
    800042f6:	6974                	ld	a3,208(a0)
    800042f8:	203a6e6f          	jal	t3,800aacfa <__heap_end+0x85cfa>
    800042fc:	0000                	unimp
    800042fe:	0000                	unimp
    80004300:	7361                	lui	t1,0xffff8
    80004302:	74726573          	csrrsi	a0,0x747,4
    80004306:	6f69                	lui	t5,0x1a
    80004308:	206e                	fld	ft0,216(sp)
    8000430a:	2522                	fld	fa0,8(sp)
    8000430c:	66202273          	csrr	tp,0x662
    80004310:	6961                	lui	s2,0x18
    80004312:	656c                	ld	a1,200(a0)
    80004314:	3a64                	fld	fs1,240(a2)
    80004316:	6620                	ld	s0,72(a2)
    80004318:	6c69                	lui	s8,0x1a
    8000431a:	2065                	.insn	2, 0x2065
    8000431c:	2522                	fld	fa0,8(sp)
    8000431e:	202c2273          	csrrs	tp,0x202,s8
    80004322:	696c                	ld	a1,208(a0)
    80004324:	656e                	ld	a0,216(sp)
    80004326:	2520                	fld	fs0,72(a0)
    80004328:	2564                	fld	fs1,200(a0)
    8000432a:	0a732573          	csrrs	a0,0xa7,t1
    8000432e:	0000                	unimp
    80004330:	0000                	unimp
    80004332:	3f80                	fld	fs0,56(a5)
    80004334:	0000                	unimp
    80004336:	4000                	lw	s0,0(s0)
    80004338:	0000                	unimp
    8000433a:	4040                	lw	s0,4(s0)
    8000433c:	0000                	unimp
    8000433e:	4080                	lw	s0,0(s1)
    80004340:	0000                	unimp
    80004342:	40a0                	lw	s0,64(s1)
    80004344:	0000                	unimp
    80004346:	40c0                	lw	s0,4(s1)
    80004348:	0000                	unimp
    8000434a:	40e0                	lw	s0,68(s1)
    8000434c:	0000                	unimp
    8000434e:	4100                	lw	s0,0(a0)
    80004350:	0000                	unimp
    80004352:	4130                	lw	a2,64(a0)
    80004354:	0000                	unimp
    80004356:	4140                	lw	s0,4(a0)
    80004358:	0000                	unimp
    8000435a:	4150                	lw	a2,4(a0)
    8000435c:	0000                	unimp
    8000435e:	4160                	lw	s0,68(a0)
    80004360:	0000                	unimp
    80004362:	4170                	lw	a2,68(a0)
    80004364:	0000                	unimp
    80004366:	4180                	lw	s0,0(a1)
    80004368:	0000                	unimp
    8000436a:	4188                	lw	a0,0(a1)
    8000436c:	0000                	unimp
    8000436e:	4190                	lw	a2,0(a1)
    80004370:	0000                	unimp
    80004372:	41a8                	lw	a0,64(a1)
    80004374:	0000                	unimp
    80004376:	41b0                	lw	a2,64(a1)
    80004378:	0000                	unimp
    8000437a:	41b8                	lw	a4,64(a1)
    8000437c:	0000                	unimp
    8000437e:	41c0                	lw	s0,4(a1)
    80004380:	0000                	unimp
    80004382:	41c8                	lw	a0,4(a1)
    80004384:	0000                	unimp
    80004386:	41d0                	lw	a2,4(a1)
    80004388:	0000                	unimp
    8000438a:	41d8                	lw	a4,4(a1)
    8000438c:	0000                	unimp
    8000438e:	41e0                	lw	s0,68(a1)
    80004390:	0000                	unimp
    80004392:	41f8                	lw	a4,68(a1)
    80004394:	0000                	unimp
    80004396:	4200                	lw	s0,0(a2)
    80004398:	0000                	unimp
    8000439a:	4204                	lw	s1,0(a2)
    8000439c:	0000                	unimp
    8000439e:	4208                	lw	a0,0(a2)
    800043a0:	0000                	unimp
    800043a2:	420c                	lw	a1,0(a2)
    800043a4:	0000                	unimp
    800043a6:	4210                	lw	a2,0(a2)
    800043a8:	0000                	unimp
    800043aa:	4214                	lw	a3,0(a2)
    800043ac:	0000                	unimp
    800043ae:	4218                	lw	a4,0(a2)
    800043b0:	0000                	unimp
    800043b2:	4224                	lw	s1,64(a2)
    800043b4:	0000                	unimp
    800043b6:	4228                	lw	a0,64(a2)
    800043b8:	0000                	unimp
    800043ba:	422c                	lw	a1,64(a2)
    800043bc:	0000                	unimp
    800043be:	4230                	lw	a2,64(a2)
    800043c0:	0000                	unimp
    800043c2:	4234                	lw	a3,64(a2)
    800043c4:	0000                	unimp
    800043c6:	4238                	lw	a4,64(a2)
    800043c8:	0000                	unimp
    800043ca:	423c                	lw	a5,64(a2)
    800043cc:	0000                	unimp
    800043ce:	4240                	lw	s0,4(a2)
    800043d0:	0000                	unimp
    800043d2:	424c                	lw	a1,4(a2)
    800043d4:	0000                	unimp
    800043d6:	4250                	lw	a2,4(a2)
    800043d8:	0000                	unimp
    800043da:	4254                	lw	a3,4(a2)
    800043dc:	0000                	unimp
    800043de:	4258                	lw	a4,4(a2)
    800043e0:	0000                	unimp
    800043e2:	425c                	lw	a5,4(a2)
    800043e4:	0000                	unimp
    800043e6:	4260                	lw	s0,68(a2)
    800043e8:	0000                	unimp
    800043ea:	4264                	lw	s1,68(a2)
    800043ec:	0000                	unimp
    800043ee:	4268                	lw	a0,68(a2)
    800043f0:	0000                	unimp
    800043f2:	4274                	lw	a3,68(a2)
    800043f4:	0000                	unimp
    800043f6:	4278                	lw	a4,68(a2)
    800043f8:	0000                	unimp
    800043fa:	427c                	lw	a5,68(a2)
    800043fc:	0000                	unimp
    800043fe:	4280                	lw	s0,0(a3)
    80004400:	0000                	unimp
    80004402:	4282                	lw	t0,0(sp)
    80004404:	0000                	unimp
    80004406:	4284                	lw	s1,0(a3)
    80004408:	0000                	unimp
    8000440a:	4286                	lw	t0,64(sp)
    8000440c:	0000                	unimp
    8000440e:	4288                	lw	a0,0(a3)
    80004410:	0000                	unimp
    80004412:	428e                	lw	t0,192(sp)
    80004414:	0000                	unimp
    80004416:	4290                	lw	a2,0(a3)
    80004418:	0000                	unimp
    8000441a:	4292                	lw	t0,4(sp)
    8000441c:	0000                	unimp
    8000441e:	4294                	lw	a3,0(a3)
    80004420:	0000                	unimp
    80004422:	4296                	lw	t0,68(sp)
    80004424:	0000                	unimp
    80004426:	4298                	lw	a4,0(a3)
    80004428:	0000                	unimp
    8000442a:	429a                	lw	t0,132(sp)
    8000442c:	0000                	unimp
    8000442e:	429c                	lw	a5,0(a3)
    80004430:	c68a                	sw	sp,76(sp)
    80004432:	ffff                	.insn	2, 0xffff
    80004434:	c6a0                	sw	s0,72(a3)
    80004436:	ffff                	.insn	2, 0xffff
    80004438:	c660                	sw	s0,76(a2)
    8000443a:	ffff                	.insn	2, 0xffff
    8000443c:	c660                	sw	s0,76(a2)
    8000443e:	ffff                	.insn	2, 0xffff
    80004440:	c660                	sw	s0,76(a2)
    80004442:	ffff                	.insn	2, 0xffff
    80004444:	c660                	sw	s0,76(a2)
    80004446:	ffff                	.insn	2, 0xffff
    80004448:	c6a0                	sw	s0,72(a3)
    8000444a:	ffff                	.insn	2, 0xffff
    8000444c:	c660                	sw	s0,76(a2)
    8000444e:	ffff                	.insn	2, 0xffff
    80004450:	c660                	sw	s0,76(a2)
    80004452:	ffff                	.insn	2, 0xffff
    80004454:	c660                	sw	s0,76(a2)
    80004456:	ffff                	.insn	2, 0xffff
    80004458:	c660                	sw	s0,76(a2)
    8000445a:	ffff                	.insn	2, 0xffff
    8000445c:	c800                	sw	s0,16(s0)
    8000445e:	ffff                	.insn	2, 0xffff
    80004460:	c6e2                	sw	s8,76(sp)
    80004462:	ffff                	.insn	2, 0xffff
    80004464:	c79c                	sw	a5,8(a5)
    80004466:	ffff                	.insn	2, 0xffff
    80004468:	c660                	sw	s0,76(a2)
    8000446a:	ffff                	.insn	2, 0xffff
    8000446c:	c660                	sw	s0,76(a2)
    8000446e:	ffff                	.insn	2, 0xffff
    80004470:	c834                	sw	a3,80(s0)
    80004472:	ffff                	.insn	2, 0xffff
    80004474:	c660                	sw	s0,76(a2)
    80004476:	ffff                	.insn	2, 0xffff
    80004478:	c6e2                	sw	s8,76(sp)
    8000447a:	ffff                	.insn	2, 0xffff
    8000447c:	c660                	sw	s0,76(a2)
    8000447e:	ffff                	.insn	2, 0xffff
    80004480:	c660                	sw	s0,76(a2)
    80004482:	ffff                	.insn	2, 0xffff
    80004484:	c7a4                	sw	s1,72(a5)
    80004486:	ffff                	.insn	2, 0xffff

0000000080004488 <p05.0>:
    80004488:	0005                	c.nop	1
    8000448a:	0000                	unimp
    8000448c:	0019                	c.nop	6
    8000448e:	0000                	unimp
    80004490:	007d                	c.nop	31
    80004492:	0000                	unimp
    80004494:	0000                	unimp
	...

0000000080004498 <__mprec_tinytens>:
    80004498:	89bc                	.insn	2, 0x89bc
    8000449a:	97d8                	.insn	2, 0x97d8
    8000449c:	d2b2                	sw	a2,100(sp)
    8000449e:	3c9c                	fld	fa5,56(s1)
    800044a0:	d5a8a733          	.insn	4, 0xd5a8a733
    800044a4:	3949f623          	.insn	4, 0x3949f623
    800044a8:	a73d                	j	80004bd6 <__sf+0x1b6>
    800044aa:	44f4                	lw	a3,76(s1)
    800044ac:	0ffd                	addi	t6,t6,31
    800044ae:	32a5                	addiw	t0,t0,-23
    800044b0:	979d                	srai	a5,a5,0x27
    800044b2:	cf8c                	sw	a1,24(a5)
    800044b4:	ba08                	fsd	fa0,48(a2)
    800044b6:	6f43255b          	.insn	4, 0x6f43255b
    800044ba:	64ac                	ld	a1,72(s1)
    800044bc:	0628                	addi	a0,sp,776
    800044be:	0ac8                	addi	a0,sp,340

00000000800044c0 <__mprec_bigtens>:
    800044c0:	8000                	.insn	2, 0x8000
    800044c2:	37e0                	fld	fs0,232(a5)
    800044c4:	c379                	beqz	a4,8000458a <__mprec_tens+0xa2>
    800044c6:	4341                	li	t1,16
    800044c8:	b5056e17          	auipc	t3,0xb5056
    800044cc:	b8b5                	j	80003d48 <__trunctfdf2+0x1f0>
    800044ce:	f9f54693          	xori	a3,a0,-97
    800044d2:	4f03e93f 1d324d38 	.insn	8, 0x1d324d384f03e93f
    800044da:	f930                	sd	a2,112(a0)
    800044dc:	7748                	ld	a0,168(a4)
    800044de:	5a82                	lw	s5,32(sp)
    800044e0:	bf3c                	fsd	fa5,120(a4)
    800044e2:	4fdd7f73          	csrrci	t5,0x4fd,26
    800044e6:	7515                	lui	a0,0xfffe5

00000000800044e8 <__mprec_tens>:
    800044e8:	0000                	unimp
    800044ea:	0000                	unimp
    800044ec:	0000                	unimp
    800044ee:	3ff0                	fld	fa2,248(a5)
    800044f0:	0000                	unimp
    800044f2:	0000                	unimp
    800044f4:	0000                	unimp
    800044f6:	4024                	lw	s1,64(s0)
    800044f8:	0000                	unimp
    800044fa:	0000                	unimp
    800044fc:	0000                	unimp
    800044fe:	4059                	c.li	zero,22
    80004500:	0000                	unimp
    80004502:	0000                	unimp
    80004504:	4000                	lw	s0,0(s0)
    80004506:	0000408f          	.insn	4, 0x408f
    8000450a:	0000                	unimp
    8000450c:	8800                	.insn	2, 0x8800
    8000450e:	000040c3          	fmadd.s	ft1,ft0,ft0,ft0,rmm
    80004512:	0000                	unimp
    80004514:	6a00                	ld	s0,16(a2)
    80004516:	40f8                	lw	a4,68(s1)
    80004518:	0000                	unimp
    8000451a:	0000                	unimp
    8000451c:	8480                	.insn	2, 0x8480
    8000451e:	412e                	lw	sp,200(sp)
    80004520:	0000                	unimp
    80004522:	0000                	unimp
    80004524:	12d0                	addi	a2,sp,356
    80004526:	00004163          	bltz	zero,80004528 <__mprec_tens+0x40>
    8000452a:	0000                	unimp
    8000452c:	d784                	sw	s1,40(a5)
    8000452e:	00004197          	auipc	gp,0x4
    80004532:	0000                	unimp
    80004534:	cd65                	beqz	a0,8000462c <_ctype_+0x7c>
    80004536:	41cd                	li	gp,19
    80004538:	0000                	unimp
    8000453a:	2000                	fld	fs0,0(s0)
    8000453c:	a05f 4202 0000      	.insn	6, 0x4202a05f
    80004542:	e800                	sd	s0,16(s0)
    80004544:	4876                	lw	a6,92(sp)
    80004546:	00004237          	lui	tp,0x4
    8000454a:	a200                	fsd	fs0,0(a2)
    8000454c:	1a94                	addi	a3,sp,368
    8000454e:	426d                	li	tp,27
    80004550:	0000                	unimp
    80004552:	e540                	sd	s0,136(a0)
    80004554:	309c                	fld	fa5,32(s1)
    80004556:	42a2                	lw	t0,8(sp)
    80004558:	0000                	unimp
    8000455a:	1e90                	addi	a2,sp,880
    8000455c:	bcc4                	fsd	fs1,184(s1)
    8000455e:	42d6                	lw	t0,84(sp)
    80004560:	0000                	unimp
    80004562:	2634                	fld	fa3,72(a2)
    80004564:	6bf5                	lui	s7,0x1d
    80004566:	430c                	lw	a1,0(a4)
    80004568:	8000                	.insn	2, 0x8000
    8000456a:	37e0                	fld	fs0,232(a5)
    8000456c:	c379                	beqz	a4,80004632 <_ctype_+0x82>
    8000456e:	4341                	li	t1,16
    80004570:	a000                	fsd	fs0,0(s0)
    80004572:	85d8                	.insn	2, 0x85d8
    80004574:	43763457          	.insn	4, 0x43763457
    80004578:	c800                	sw	s0,16(s0)
    8000457a:	674e                	ld	a4,208(sp)
    8000457c:	c16d                	beqz	a0,8000465e <_ctype_+0xae>
    8000457e:	3d0043ab          	.insn	4, 0x3d0043ab
    80004582:	6091                	lui	ra,0x4
    80004584:	58e4                	lw	s1,116(s1)
    80004586:	43e1                	li	t2,24
    80004588:	8c40                	.insn	2, 0x8c40
    8000458a:	78b5                	lui	a7,0xfffed
    8000458c:	af1d                	j	80004cc2 <__atexit0+0x8a>
    8000458e:	4415                	li	s0,5
    80004590:	ef50                	sd	a2,152(a4)
    80004592:	d6e2                	sw	s8,108(sp)
    80004594:	1ae4                	addi	s1,sp,380
    80004596:	d592444b          	.insn	4, 0xd592444b
    8000459a:	064d                	addi	a2,a2,19 # 19013 <__stack_size+0x11013>
    8000459c:	4480f0cf          	.insn	4, 0x4480f0cf
    800045a0:	4af6                	lw	s5,92(sp)
    800045a2:	c7e1                	beqz	a5,8000466a <_ctype_+0xba>
    800045a4:	2d02                	fld	fs10,0(sp)
    800045a6:	44b5                	li	s1,13
    800045a8:	9db4                	.insn	2, 0x9db4
    800045aa:	79d9                	lui	s3,0xffff6
    800045ac:	44ea7843          	.insn	4, 0x44ea7843

00000000800045b0 <_ctype_>:
    800045b0:	2000                	fld	fs0,0(s0)
    800045b2:	2020                	fld	fs0,64(s0)
    800045b4:	2020                	fld	fs0,64(s0)
    800045b6:	2020                	fld	fs0,64(s0)
    800045b8:	2020                	fld	fs0,64(s0)
    800045ba:	2828                	fld	fa0,80(s0)
    800045bc:	2828                	fld	fa0,80(s0)
    800045be:	2028                	fld	fa0,64(s0)
    800045c0:	2020                	fld	fs0,64(s0)
    800045c2:	2020                	fld	fs0,64(s0)
    800045c4:	2020                	fld	fs0,64(s0)
    800045c6:	2020                	fld	fs0,64(s0)
    800045c8:	2020                	fld	fs0,64(s0)
    800045ca:	2020                	fld	fs0,64(s0)
    800045cc:	2020                	fld	fs0,64(s0)
    800045ce:	2020                	fld	fs0,64(s0)
    800045d0:	8820                	.insn	2, 0x8820
    800045d2:	1010                	addi	a2,sp,32
    800045d4:	1010                	addi	a2,sp,32
    800045d6:	1010                	addi	a2,sp,32
    800045d8:	1010                	addi	a2,sp,32
    800045da:	1010                	addi	a2,sp,32
    800045dc:	1010                	addi	a2,sp,32
    800045de:	1010                	addi	a2,sp,32
    800045e0:	0410                	addi	a2,sp,512
    800045e2:	0404                	addi	s1,sp,512
    800045e4:	0404                	addi	s1,sp,512
    800045e6:	0404                	addi	s1,sp,512
    800045e8:	0404                	addi	s1,sp,512
    800045ea:	1004                	addi	s1,sp,32
    800045ec:	1010                	addi	a2,sp,32
    800045ee:	1010                	addi	a2,sp,32
    800045f0:	1010                	addi	a2,sp,32
    800045f2:	4141                	li	sp,16
    800045f4:	4141                	li	sp,16
    800045f6:	4141                	li	sp,16
    800045f8:	0101                	addi	sp,sp,0
    800045fa:	0101                	addi	sp,sp,0
    800045fc:	0101                	addi	sp,sp,0
    800045fe:	0101                	addi	sp,sp,0
    80004600:	0101                	addi	sp,sp,0
    80004602:	0101                	addi	sp,sp,0
    80004604:	0101                	addi	sp,sp,0
    80004606:	0101                	addi	sp,sp,0
    80004608:	0101                	addi	sp,sp,0
    8000460a:	0101                	addi	sp,sp,0
    8000460c:	1010                	addi	a2,sp,32
    8000460e:	1010                	addi	a2,sp,32
    80004610:	1010                	addi	a2,sp,32
    80004612:	4242                	lw	tp,16(sp)
    80004614:	4242                	lw	tp,16(sp)
    80004616:	4242                	lw	tp,16(sp)
    80004618:	0202                	c.slli64	tp
    8000461a:	0202                	c.slli64	tp
    8000461c:	0202                	c.slli64	tp
    8000461e:	0202                	c.slli64	tp
    80004620:	0202                	c.slli64	tp
    80004622:	0202                	c.slli64	tp
    80004624:	0202                	c.slli64	tp
    80004626:	0202                	c.slli64	tp
    80004628:	0202                	c.slli64	tp
    8000462a:	0202                	c.slli64	tp
    8000462c:	1010                	addi	a2,sp,32
    8000462e:	1010                	addi	a2,sp,32
    80004630:	0020                	addi	s0,sp,8
	...

00000000800046b8 <argv>:
    800046b8:	46c8                	lw	a0,12(a3)
    800046ba:	8000                	.insn	2, 0x8000
	...

00000000800046c8 <name>:
    800046c8:	70696863          	bltu	s2,t1,80004dd8 <_end+0x88>
    800046cc:	6179                	addi	sp,sp,464
    800046ce:	6472                	ld	s0,280(sp)
	...

Disassembly of section .eh_frame:

00000000800046d8 <.eh_frame>:
    800046d8:	0010                	.insn	2, 0x0010
    800046da:	0000                	unimp
    800046dc:	0000                	unimp
    800046de:	0000                	unimp
    800046e0:	00527a03          	.insn	4, 0x00527a03
    800046e4:	7c01                	lui	s8,0xfffe0
    800046e6:	0101                	addi	sp,sp,0
    800046e8:	00020d1b          	sext.w	s10,tp
    800046ec:	0010                	.insn	2, 0x0010
    800046ee:	0000                	unimp
    800046f0:	0018                	.insn	2, 0x0018
    800046f2:	0000                	unimp
    800046f4:	b90c                	fsd	fa1,48(a0)
    800046f6:	ffff                	.insn	2, 0xffff
    800046f8:	0144                	addi	s1,sp,132
    800046fa:	0000                	unimp
    800046fc:	0000                	unimp
	...

Disassembly of section .htif:

0000000080004700 <tohost>:
	...

0000000080004708 <fromhost>:
	...

Disassembly of section .data._impure_data:

0000000080004710 <_impure_data>:
	...
    80004718:	4a20                	lw	s0,80(a2)
    8000471a:	8000                	.insn	2, 0x8000
    8000471c:	0000                	unimp
    8000471e:	0000                	unimp
    80004720:	4ad0                	lw	a2,20(a3)
    80004722:	8000                	.insn	2, 0x8000
    80004724:	0000                	unimp
    80004726:	0000                	unimp
    80004728:	4b80                	lw	s0,16(a5)
    8000472a:	8000                	.insn	2, 0x8000
	...

Disassembly of section .data.__sglue:

00000000800047a0 <__sglue>:
	...
    800047a8:	00000003          	lb	zero,0(zero) # 0 <__boot_hart>
    800047ac:	0000                	unimp
    800047ae:	0000                	unimp
    800047b0:	4a20                	lw	s0,80(a2)
    800047b2:	8000                	.insn	2, 0x8000
    800047b4:	0000                	unimp
	...

Disassembly of section .data.__global_locale:

00000000800047b8 <__global_locale>:
    800047b8:	00000043          	fmadd.s	ft0,ft0,ft0,ft0,rne
	...
    800047d8:	00000043          	fmadd.s	ft0,ft0,ft0,ft0,rne
	...
    800047f8:	00000043          	fmadd.s	ft0,ft0,ft0,ft0,rne
	...
    80004818:	00000043          	fmadd.s	ft0,ft0,ft0,ft0,rne
	...
    80004838:	00000043          	fmadd.s	ft0,ft0,ft0,ft0,rne
	...
    80004858:	00000043          	fmadd.s	ft0,ft0,ft0,ft0,rne
	...
    80004878:	00000043          	fmadd.s	ft0,ft0,ft0,ft0,rne
	...
    80004898:	3648                	fld	fa0,168(a2)
    8000489a:	8000                	.insn	2, 0x8000
    8000489c:	0000                	unimp
    8000489e:	0000                	unimp
    800048a0:	3584                	fld	fs1,40(a1)
    800048a2:	8000                	.insn	2, 0x8000
	...
    800048b0:	45b0                	lw	a2,72(a1)
    800048b2:	8000                	.insn	2, 0x8000
    800048b4:	0000                	unimp
    800048b6:	0000                	unimp
    800048b8:	42e8                	lw	a0,68(a3)
    800048ba:	8000                	.insn	2, 0x8000
    800048bc:	0000                	unimp
    800048be:	0000                	unimp
    800048c0:	4140                	lw	s0,4(a0)
    800048c2:	8000                	.insn	2, 0x8000
    800048c4:	0000                	unimp
    800048c6:	0000                	unimp
    800048c8:	4140                	lw	s0,4(a0)
    800048ca:	8000                	.insn	2, 0x8000
    800048cc:	0000                	unimp
    800048ce:	0000                	unimp
    800048d0:	4140                	lw	s0,4(a0)
    800048d2:	8000                	.insn	2, 0x8000
    800048d4:	0000                	unimp
    800048d6:	0000                	unimp
    800048d8:	4140                	lw	s0,4(a0)
    800048da:	8000                	.insn	2, 0x8000
    800048dc:	0000                	unimp
    800048de:	0000                	unimp
    800048e0:	4140                	lw	s0,4(a0)
    800048e2:	8000                	.insn	2, 0x8000
    800048e4:	0000                	unimp
    800048e6:	0000                	unimp
    800048e8:	4140                	lw	s0,4(a0)
    800048ea:	8000                	.insn	2, 0x8000
    800048ec:	0000                	unimp
    800048ee:	0000                	unimp
    800048f0:	4140                	lw	s0,4(a0)
    800048f2:	8000                	.insn	2, 0x8000
    800048f4:	0000                	unimp
    800048f6:	0000                	unimp
    800048f8:	4140                	lw	s0,4(a0)
    800048fa:	8000                	.insn	2, 0x8000
    800048fc:	0000                	unimp
    800048fe:	0000                	unimp
    80004900:	4140                	lw	s0,4(a0)
    80004902:	8000                	.insn	2, 0x8000
    80004904:	0000                	unimp
    80004906:	0000                	unimp
    80004908:	ffff                	.insn	2, 0xffff
    8000490a:	ffff                	.insn	2, 0xffff
    8000490c:	ffff                	.insn	2, 0xffff
    8000490e:	ffff                	.insn	2, 0xffff
    80004910:	ffff                	.insn	2, 0xffff
    80004912:	ffff                	.insn	2, 0xffff
    80004914:	ffff                	.insn	2, 0xffff
    80004916:	0000                	unimp
    80004918:	0001                	nop
    8000491a:	5341                	li	t1,-16
    8000491c:	00494943          	fmadd.s	fs2,fs2,ft4,ft0,rmm
	...
    80004938:	0000                	unimp
    8000493a:	5341                	li	t1,-16
    8000493c:	00494943          	fmadd.s	fs2,fs2,ft4,ft0,rmm
	...

Disassembly of section .sdata:

0000000080004960 <_impure_ptr>:
    80004960:	4710                	lw	a2,8(a4)
    80004962:	8000                	.insn	2, 0x8000
    80004964:	0000                	unimp
	...

0000000080004968 <curbrk>:
    80004968:	4d50                	lw	a2,28(a0)
    8000496a:	8000                	.insn	2, 0x8000
    8000496c:	0000                	unimp
	...

0000000080004970 <environ>:
    80004970:	4a10                	lw	a2,16(a2)
    80004972:	8000                	.insn	2, 0x8000
    80004974:	0000                	unimp
	...

0000000080004978 <__atexit_dummy>:
    80004978:	402a                	.insn	2, 0x402a
    8000497a:	8000                	.insn	2, 0x8000
    8000497c:	0000                	unimp
    8000497e:	0000                	unimp
    80004980:	ffff                	.insn	2, 0xffff
    80004982:	ffff                	.insn	2, 0xffff
    80004984:	ffff                	.insn	2, 0xffff
    80004986:	00007fef          	jal	t6,8000b986 <__global_pointer$+0x6826>
    8000498a:	0000                	unimp
    8000498c:	0000                	unimp
    8000498e:	3ff8                	fld	fa4,248(a5)
    80004990:	4361                	li	t1,24
    80004992:	87a7636f          	jal	t1,7ff7aa0c <__heap_size+0x7ff5aa0c>
    80004996:	3fd2                	fld	ft11,304(sp)
    80004998:	8b60c8b3          	.insn	4, 0x8b60c8b3
    8000499c:	8a28                	.insn	2, 0x8a28
    8000499e:	3fc6                	fld	ft11,112(sp)
    800049a0:	509f79fb          	.insn	4, 0x509f79fb
    800049a4:	3fd34413          	xori	s0,t1,1021
    800049a8:	0000                	unimp
    800049aa:	0000                	unimp
    800049ac:	0000                	unimp
    800049ae:	3ff0                	fld	fa2,248(a5)
    800049b0:	0000                	unimp
    800049b2:	0000                	unimp
    800049b4:	0000                	unimp
    800049b6:	4024                	lw	s1,64(s0)
    800049b8:	0000                	unimp
    800049ba:	0000                	unimp
    800049bc:	0000                	unimp
    800049be:	401c                	lw	a5,0(s0)
    800049c0:	0000                	unimp
    800049c2:	0000                	unimp
    800049c4:	0000                	unimp
    800049c6:	4014                	lw	a3,0(s0)
    800049c8:	0000                	unimp
    800049ca:	0000                	unimp
    800049cc:	0000                	unimp
    800049ce:	3fe0                	fld	fs0,248(a5)
    800049d0:	cccd                	beqz	s1,80004a8a <__sf+0x6a>
    800049d2:	3dcc                	fld	fa1,184(a1)

Disassembly of section .debug_info:

0000000000000000 <.debug_info>:
       0:	00000213          	li	tp,0
       4:	0005                	c.nop	1
       6:	0801                	addi	a6,a6,0
       8:	0000                	unimp
       a:	0000                	unimp
       c:	0006                	c.slli	zero,0x1
       e:	0000                	unimp
      10:	0c00                	addi	s0,sp,528
      12:	0000003b          	addw	zero,zero,zero
      16:	0000                	unimp
      18:	0000                	unimp
      1a:	001c                	.insn	2, 0x001c
	...
      28:	0000                	unimp
      2a:	0101                	addi	sp,sp,0
      2c:	f206                	sd	ra,288(sp)
      2e:	0000                	unimp
      30:	0100                	addi	s0,sp,128
      32:	0801                	addi	a6,a6,0
      34:	00f0                	addi	a2,sp,76
      36:	0000                	unimp
      38:	0201                	addi	tp,tp,0 # 4000 <__stack_align+0x3ff0>
      3a:	6605                	lui	a2,0x1
      3c:	0001                	nop
      3e:	0100                	addi	s0,sp,128
      40:	0702                	c.slli64	a4
      42:	00fe                	slli	ra,ra,0x1f
      44:	0000                	unimp
      46:	69050407          	.insn	4, 0x69050407
      4a:	746e                	ld	s0,248(sp)
      4c:	0100                	addi	s0,sp,128
      4e:	0704                	addi	s1,sp,896
      50:	0000013b          	addw	sp,zero,zero
      54:	0801                	addi	a6,a6,0
      56:	5305                	li	t1,-31
      58:	0001                	nop
      5a:	0100                	addi	s0,sp,128
      5c:	0708                	addi	a0,sp,896
      5e:	0136                	slli	sp,sp,0xd
      60:	0000                	unimp
      62:	0801                	addi	a6,a6,0
      64:	4e05                	li	t3,1
      66:	0001                	nop
      68:	0100                	addi	s0,sp,128
      6a:	0801                	addi	a6,a6,0
      6c:	00f9                	addi	ra,ra,30 # 401e <__stack_align+0x400e>
      6e:	0000                	unimp
      70:	6908                	ld	a0,16(a0)
      72:	0000                	unimp
      74:	0900                	addi	s0,sp,144
      76:	7008                	ld	a0,32(s0)
      78:	0000                	unimp
      7a:	0a00                	addi	s0,sp,272
      7c:	0075                	c.nop	29
      7e:	0000                	unimp
      80:	0801                	addi	a6,a6,0
      82:	00013107          	fld	ft2,0(sp)
      86:	0b00                	addi	s0,sp,400
      88:	0120                	addi	s0,sp,136
      8a:	0902                	c.slli64	s2
      8c:	00e6                	slli	ra,ra,0x19
      8e:	0000                	unimp
      90:	2802                	fld	fa6,0(sp)
      92:	0001                	nop
      94:	0300                	addi	s0,sp,384
      96:	00e6                	slli	ra,ra,0x19
      98:	0000                	unimp
      9a:	0200                	addi	s0,sp,256
      9c:	015c                	addi	a5,sp,132
      9e:	0000                	unimp
      a0:	e604                	sd	s1,8(a2)
      a2:	0000                	unimp
      a4:	0400                	addi	s0,sp,512
      a6:	4b04                	lw	s1,16(a4)
      a8:	0070                	addi	a2,sp,12
      aa:	0000e60b          	.insn	4, 0xe60b
      ae:	0800                	addi	s0,sp,16
      b0:	4b04                	lw	s1,16(a4)
      b2:	0069                	c.nop	26
      b4:	0000e60f          	.insn	4, 0xe60f
      b8:	0c00                	addi	s0,sp,528
      ba:	4b04                	lw	s1,16(a4)
      bc:	0064                	addi	s1,sp,12
      be:	0000e613          	ori	a2,ra,0
      c2:	1000                	addi	s0,sp,32
      c4:	1a02                	slli	s4,s4,0x20
      c6:	0001                	nop
      c8:	0600                	addi	s0,sp,768
      ca:	00e6                	slli	ra,ra,0x19
      cc:	0000                	unimp
      ce:	0214                	addi	a3,sp,256
      d0:	017e                	slli	sp,sp,0x1f
      d2:	0000                	unimp
      d4:	0000e607          	.insn	4, 0xe607
      d8:	1800                	addi	s0,sp,48
      da:	7002                	.insn	2, 0x7002
      dc:	0001                	nop
      de:	0800                	addi	s0,sp,16
      e0:	00e6                	slli	ra,ra,0x19
      e2:	0000                	unimp
      e4:	001c                	.insn	2, 0x001c
      e6:	0401                	addi	s0,s0,0
      e8:	ea04                	sd	s1,16(a2)
      ea:	0000                	unimp
      ec:	0c00                	addi	s0,sp,528
      ee:	0111                	addi	sp,sp,4
      f0:	0000                	unimp
      f2:	0901                	addi	s2,s2,0 # 18000 <__stack_size+0x10000>
      f4:	00008703          	lb	a4,0(ra)
      f8:	0500                	addi	s0,sp,640
      fa:	00ed                	addi	ra,ra,27
      fc:	0000                	unimp
      fe:	7f0d                	lui	t5,0xfffe3
     100:	0006                	c.slli	zero,0x1
     102:	0100                	addi	s0,sp,128
     104:	050a                	slli	a0,a0,0x2
     106:	0046                	c.slli	zero,0x11
     108:	0000                	unimp
     10a:	0309                	addi	t1,t1,2 # ffffffffffff8002 <__heap_end+0xffffffff7ffd3002>
     10c:	49dc                	lw	a5,20(a1)
     10e:	8000                	.insn	2, 0x8000
     110:	0000                	unimp
     112:	0000                	unimp
     114:	650e                	ld	a0,192(sp)
     116:	646e                	ld	s0,216(sp)
     118:	0100                	addi	s0,sp,128
     11a:	0c0a                	slli	s8,s8,0x2
     11c:	0046                	c.slli	zero,0x11
     11e:	0000                	unimp
     120:	0309                	addi	t1,t1,2
     122:	49d8                	lw	a4,20(a1)
     124:	8000                	.insn	2, 0x8000
     126:	0000                	unimp
     128:	0000                	unimp
     12a:	0000d90f          	.insn	4, 0xd90f
     12e:	0200                	addi	s0,sp,256
     130:	05ce                	slli	a1,a1,0x13
     132:	0046                	c.slli	zero,0x11
     134:	0000                	unimp
     136:	0141                	addi	sp,sp,16
     138:	0000                	unimp
     13a:	7b10                	ld	a2,48(a4)
     13c:	0000                	unimp
     13e:	1100                	addi	s0,sp,160
     140:	1200                	addi	s0,sp,288
     142:	068e                	slli	a3,a3,0x3
     144:	0000                	unimp
     146:	0b01                	addi	s6,s6,0
     148:	4605                	li	a2,1
     14a:	0000                	unimp
     14c:	3000                	fld	fs0,32(s0)
     14e:	0002                	c.slli64	zero
     150:	0080                	addi	s0,sp,64
     152:	0000                	unimp
     154:	e800                	sd	s0,16(s0)
     156:	0000                	unimp
     158:	0000                	unimp
     15a:	0000                	unimp
     15c:	0100                	addi	s0,sp,128
     15e:	019c                	addi	a5,sp,192
     160:	0002                	c.slli64	zero
     162:	1300                	addi	s0,sp,416
     164:	00e0                	addi	s0,sp,76
     166:	0000                	unimp
     168:	0c01                	addi	s8,s8,0 # fffffffffffe0000 <__heap_end+0xffffffff7ffbb000>
     16a:	00021117          	auipc	sp,0x21
     16e:	0300                	addi	s0,sp,384
     170:	f091                	bnez	s1,74 <__stack_align+0x64>
     172:	147d                	addi	s0,s0,-1
     174:	7464                	ld	s1,232(s0)
     176:	0100                	addi	s0,sp,128
     178:	0b18                	addi	a4,sp,400
     17a:	00e6                	slli	ra,ra,0x19
     17c:	0000                	unimp
     17e:	cd04                	sw	s1,24(a0)
     180:	cccc                	sw	a1,28(s1)
     182:	153d                	addi	a0,a0,-17 # fffffffffffe4fef <__heap_end+0xffffffff7ffbffef>
     184:	0284                	addi	s1,sp,320
     186:	8000                	.insn	2, 0x8000
     188:	0000                	unimp
     18a:	0000                	unimp
     18c:	0068                	addi	a0,sp,12
     18e:	0000                	unimp
     190:	0000                	unimp
     192:	0000                	unimp
     194:	01e5                	addi	gp,gp,25 # 80008547 <__global_pointer$+0x33e7>
     196:	0000                	unimp
     198:	6916                	ld	s2,320(sp)
     19a:	0100                	addi	s0,sp,128
     19c:	0e1c                	addi	a5,sp,784
     19e:	0046                	c.slli	zero,0x11
     1a0:	0000                	unimp
     1a2:	000c                	.insn	2, 0x000c
     1a4:	0000                	unimp
     1a6:	00000c17          	auipc	s8,0x0
     1aa:	0300                	addi	s0,sp,384
     1ac:	0148                	addi	a0,sp,132
     1ae:	0000                	unimp
     1b0:	e61d                	bnez	a2,1de <__stack_align+0x1ce>
     1b2:	0000                	unimp
     1b4:	2100                	fld	fs0,0(a0)
     1b6:	0000                	unimp
     1b8:	0300                	addi	s0,sp,384
     1ba:	00000177          	.insn	4, 0x0177
     1be:	e61e                	sd	t2,264(sp)
     1c0:	0000                	unimp
     1c2:	3800                	fld	fs0,48(s0)
     1c4:	0000                	unimp
     1c6:	0300                	addi	s0,sp,384
     1c8:	0121                	addi	sp,sp,8 # 21172 <__heap_size+0x1172>
     1ca:	0000                	unimp
     1cc:	e61f 0000 4600      	.insn	6, 0x46000000e61f
     1d2:	0000                	unimp
     1d4:	0300                	addi	s0,sp,384
     1d6:	0170                	addi	a2,sp,140
     1d8:	0000                	unimp
     1da:	e620                	sd	s0,72(a2)
     1dc:	0000                	unimp
     1de:	5400                	lw	s0,40(s0)
     1e0:	0000                	unimp
     1e2:	0000                	unimp
     1e4:	1800                	addi	s0,sp,48
     1e6:	0308                	addi	a0,sp,384
     1e8:	8000                	.insn	2, 0x8000
     1ea:	0000                	unimp
     1ec:	0000                	unimp
     1ee:	012a                	slli	sp,sp,0xa
     1f0:	0000                	unimp
     1f2:	0119                	addi	sp,sp,6
     1f4:	095a                	slli	s2,s2,0x16
     1f6:	0040f803          	.insn	4, 0x0040f803
     1fa:	0080                	addi	s0,sp,64
     1fc:	0000                	unimp
     1fe:	0000                	unimp
     200:	1a00                	addi	s0,sp,304
     202:	00f9                	addi	ra,ra,30
     204:	0000                	unimp
     206:	0211                	addi	tp,tp,4 # 4 <__boot_hart+0x4>
     208:	0000                	unimp
     20a:	00005b1b          	srliw	s6,zero,0x0
     20e:	0700                	addi	s0,sp,896
     210:	0500                	addi	s0,sp,640
     212:	0201                	addi	tp,tp,0 # 0 <__boot_hart>
     214:	0000                	unimp
     216:	cc00                	sw	s0,24(s0)
     218:	0002                	c.slli64	zero
     21a:	0500                	addi	s0,sp,640
     21c:	0100                	addi	s0,sp,128
     21e:	6c08                	ld	a0,24(s0)
     220:	0001                	nop
     222:	0f00                	addi	s0,sp,912
     224:	0000019b          	sext.w	gp,zero
     228:	131d                	addi	t1,t1,-25
     22a:	0001                	nop
     22c:	3f00                	fld	fs0,56(a4)
     22e:	0001                	nop
     230:	5800                	lw	s0,48(s0)
     232:	0080003b          	addw	zero,zero,s0
     236:	0000                	unimp
     238:	2000                	fld	fs0,0(s0)
     23a:	0002                	c.slli64	zero
     23c:	0000                	unimp
     23e:	0000                	unimp
     240:	c400                	sw	s0,8(s0)
     242:	0001                	nop
     244:	0100                	addi	s0,sp,128
     246:	0410                	addi	a2,sp,512
     248:	0356                	slli	t1,t1,0x15
     24a:	0000                	unimp
     24c:	1001                	c.nop	-32
     24e:	c105                	beqz	a0,26e <__stack_align+0x25e>
     250:	0002                	c.slli64	zero
     252:	0100                	addi	s0,sp,128
     254:	0710                	addi	a2,sp,896
     256:	0189                	addi	gp,gp,2 # 80005162 <__global_pointer$+0x2>
     258:	0000                	unimp
     25a:	0801                	addi	a6,a6,0
     25c:	5305                	li	t1,-31
     25e:	0001                	nop
     260:	0100                	addi	s0,sp,128
     262:	0601                	addi	a2,a2,0 # 1000 <__stack_align+0xff0>
     264:	00f2                	slli	ra,ra,0x1c
     266:	0000                	unimp
     268:	0410                	addi	a2,sp,512
     26a:	6905                	lui	s2,0x1
     26c:	746e                	ld	s0,248(sp)
     26e:	0100                	addi	s0,sp,128
     270:	0801                	addi	a6,a6,0
     272:	00f0                	addi	a2,sp,76
     274:	0000                	unimp
     276:	0401                	addi	s0,s0,0
     278:	00013b07          	fld	fs6,0(sp)
     27c:	0100                	addi	s0,sp,128
     27e:	0708                	addi	a0,sp,896
     280:	0136                	slli	sp,sp,0xd
     282:	0000                	unimp
     284:	7f08                	ld	a0,56(a4)
     286:	0002                	c.slli64	zero
     288:	0200                	addi	s0,sp,256
     28a:	7844                	ld	s1,176(s0)
     28c:	0000                	unimp
     28e:	0100                	addi	s0,sp,128
     290:	0408                	addi	a0,sp,512
     292:	0000035b          	.insn	4, 0x035b
     296:	0805                	addi	a6,a6,1
     298:	c602                	sw	zero,12(sp)
     29a:	00b1                	addi	ra,ra,12
     29c:	0000                	unimp
     29e:	0e04                	addi	s1,sp,784
     2a0:	02000003          	lb	zero,32(zero) # 20 <__stack_align+0x10>
     2a4:	10cd                	addi	ra,ra,-13
     2a6:	00b1                	addi	ra,ra,12
     2a8:	0000                	unimp
     2aa:	0034                	addi	a3,sp,8
     2ac:	6509                	lui	a0,0x2
     2ae:	7078                	ld	a4,224(s0)
     2b0:	0200                	addi	s0,sp,256
     2b2:	5fce                	lw	t6,240(sp)
     2b4:	0000                	unimp
     2b6:	0b00                	addi	s0,sp,400
     2b8:	0434                	addi	a3,sp,520
     2ba:	0351                	addi	t1,t1,20
     2bc:	0000                	unimp
     2be:	cf02                	sw	zero,156(sp)
     2c0:	5f0e                	lw	t5,224(sp)
     2c2:	0000                	unimp
     2c4:	0100                	addi	s0,sp,128
     2c6:	0801003f 00013107 	.insn	8, 0x000131070801003f
     2ce:	0a00                	addi	s0,sp,272
     2d0:	032c                	addi	a1,sp,392
     2d2:	0000                	unimp
     2d4:	0208                	addi	a0,sp,256
     2d6:	0000dbc3          	fmadd.s	fs7,ft1,ft0,ft0,unknown
     2da:	0b00                	addi	s0,sp,400
     2dc:	6c66                	ld	s8,88(sp)
     2de:	0074                	addi	a3,sp,12
     2e0:	c502                	sw	zero,136(sp)
     2e2:	006d                	c.nop	27
     2e4:	0000                	unimp
     2e6:	6206                	ld	tp,64(sp)
     2e8:	02000003          	lb	zero,32(zero) # 20 <__stack_align+0x10>
     2ec:	7fd1                	lui	t6,0xffff4
     2ee:	0000                	unimp
     2f0:	0000                	unimp
     2f2:	9b08                	.insn	2, 0x9b08
     2f4:	0002                	c.slli64	zero
     2f6:	0300                	addi	s0,sp,384
     2f8:	2e45                	addiw	t3,t3,17 # 3505a4d9 <__heap_size+0x3503a4d9>
     2fa:	0000                	unimp
     2fc:	0500                	addi	s0,sp,640
     2fe:	0310                	addi	a2,sp,384
     300:	03cc                	addi	a1,sp,452
     302:	0001                	nop
     304:	0c00                	addi	s0,sp,528
     306:	0061                	c.nop	24
     308:	10ce                	slli	ra,ra,0x33
     30a:	00b1                	addi	ra,ra,12
     30c:	0000                	unimp
     30e:	0c00                	addi	s0,sp,528
     310:	0062                	c.slli	zero,0x18
     312:	13ce                	slli	t2,t2,0x33
     314:	00b1                	addi	ra,ra,12
     316:	0000                	unimp
     318:	0008                	.insn	2, 0x0008
     31a:	1005                	c.nop	-31
     31c:	0143d003          	lhu	zero,20(t2)
     320:	0000                	unimp
     322:	7304                	ld	s1,32(a4)
     324:	0002                	c.slli64	zero
     326:	0300                	addi	s0,sp,384
     328:	10d8                	addi	a4,sp,100
     32a:	00b1                	addi	ra,ra,12
     32c:	0000                	unimp
     32e:	0040                	addi	s0,sp,4
     330:	7904                	ld	s1,48(a0)
     332:	0002                	c.slli64	zero
     334:	0300                	addi	s0,sp,384
     336:	10d9                	addi	ra,ra,-10
     338:	00b1                	addi	ra,ra,12
     33a:	0000                	unimp
     33c:	4030                	lw	a2,64(s0)
     33e:	6509                	lui	a0,0x2
     340:	7078                	ld	a4,224(s0)
     342:	0300                	addi	s0,sp,384
     344:	5fda                	lw	t6,180(sp)
     346:	0000                	unimp
     348:	0f00                	addi	s0,sp,912
     34a:	0470                	addi	a2,sp,524
     34c:	0351                	addi	t1,t1,20
     34e:	0000                	unimp
     350:	5f0edb03          	lhu	s6,1520(t4)
     354:	0000                	unimp
     356:	0100                	addi	s0,sp,128
     358:	007f 450a 0003 1000 	.insn	10, 0xc90310000003450a007f
     360:	c903 
     362:	0171                	addi	sp,sp,28
     364:	0000                	unimp
     366:	746c660b          	.insn	4, 0x746c660b
     36a:	0300                	addi	s0,sp,384
     36c:	0000dbcb          	fnmsub.s	fs7,ft1,ft0,ft0,unknown
     370:	0600                	addi	s0,sp,768
     372:	026d                	addi	tp,tp,27 # 1b <__stack_align+0xb>
     374:	0000                	unimp
     376:	00e6cf03          	lbu	t5,14(a3)
     37a:	0000                	unimp
     37c:	6206                	ld	tp,64(sp)
     37e:	03000003          	lb	zero,48(zero) # 30 <__stack_align+0x20>
     382:	03dd                	addi	t2,t2,23
     384:	0001                	nop
     386:	0000                	unimp
     388:	3811                	addiw	a6,a6,-28
     38a:	01000003          	lb	zero,16(zero) # 10 <__stack_align>
     38e:	0122                	slli	sp,sp,0x8
     390:	006d                	c.nop	27
     392:	0000                	unimp
     394:	3b58                	fld	fa4,176(a4)
     396:	8000                	.insn	2, 0x8000
     398:	0000                	unimp
     39a:	0000                	unimp
     39c:	0220                	addi	s0,sp,264
     39e:	0000                	unimp
     3a0:	0000                	unimp
     3a2:	0000                	unimp
     3a4:	9c01                	subw	s0,s0,s0
     3a6:	02c8                	addi	a0,sp,324
     3a8:	0000                	unimp
     3aa:	6112                	ld	sp,256(sp)
     3ac:	0100                	addi	s0,sp,128
     3ae:	1622                	slli	a2,a2,0x28
     3b0:	000000db          	.insn	4, 0x00db
     3b4:	006e                	c.slli	zero,0x1b
     3b6:	0000                	unimp
     3b8:	ca02                	sw	zero,20(sp)
     3ba:	0002                	c.slli64	zero
     3bc:	2400                	fld	fs0,8(s0)
     3be:	0051                	c.nop	20
     3c0:	0000                	unimp
     3c2:	00aa                	slli	ra,ra,0xa
     3c4:	0000                	unimp
     3c6:	6702                	ld	a4,0(sp)
     3c8:	24000003          	lb	zero,576(zero) # 240 <__stack_align+0x230>
     3cc:	0051                	c.nop	20
     3ce:	0000                	unimp
     3d0:	00f9                	addi	ra,ra,30
     3d2:	0000                	unimp
     3d4:	410d                	li	sp,3
     3d6:	635f 2500 02c8      	.insn	6, 0x02c82500635f
     3dc:	0000                	unimp
     3de:	735f4103          	lbu	sp,1845(t5) # fffffffffffe3735 <__heap_end+0xffffffff7ffbe735>
     3e2:	2500                	fld	fs0,8(a0)
     3e4:	0002c803          	lbu	a6,0(t0)
     3e8:	0700                	addi	s0,sp,896
     3ea:	0001                	nop
     3ec:	0300                	addi	s0,sp,384
     3ee:	5f41                	li	t5,-16
     3f0:	0065                	c.nop	25
     3f2:	0325                	addi	t1,t1,9
     3f4:	02c8                	addi	a0,sp,324
     3f6:	0000                	unimp
     3f8:	0115                	addi	sp,sp,5
     3fa:	0000                	unimp
     3fc:	b702                	fsd	ft0,424(sp)
     3fe:	0002                	c.slli64	zero
     400:	2500                	fld	fs0,8(a0)
     402:	00b1                	addi	ra,ra,12
     404:	0000                	unimp
     406:	0000015b          	.insn	4, 0x015b
     40a:	bc02                	fsd	ft0,56(sp)
     40c:	0002                	c.slli64	zero
     40e:	2500                	fld	fs0,8(a0)
     410:	00b1                	addi	ra,ra,12
     412:	0000                	unimp
     414:	01b1                	addi	gp,gp,12 # 8000516c <__global_pointer$+0xc>
     416:	0000                	unimp
     418:	520d                	li	tp,-29
     41a:	635f 2600 02c8      	.insn	6, 0x02c82600635f
     420:	0000                	unimp
     422:	735f5203          	lhu	tp,1845(t5)
     426:	2600                	fld	fs0,8(a2)
     428:	0002c803          	lbu	a6,0(t0)
     42c:	eb00                	sd	s0,16(a4)
     42e:	0001                	nop
     430:	0300                	addi	s0,sp,384
     432:	5f52                	lw	t5,52(sp)
     434:	0065                	c.nop	25
     436:	0326                	slli	t1,t1,0x9
     438:	02c8                	addi	a0,sp,324
     43a:	0000                	unimp
     43c:	01f9                	addi	gp,gp,30 # 8000517e <__global_pointer$+0x1e>
     43e:	0000                	unimp
     440:	665f5203          	lhu	tp,1637(t5)
     444:	2600                	fld	fs0,8(a2)
     446:	0000b103          	ld	sp,0(ra)
     44a:	5900                	lw	s0,48(a0)
     44c:	0002                	c.slli64	zero
     44e:	0300                	addi	s0,sp,384
     450:	0072                	c.slli	zero,0x1c
     452:	006d0a27          	.insn	4, 0x006d0a27
     456:	0000                	unimp
     458:	02d9                	addi	t0,t0,22
     45a:	0000                	unimp
     45c:	340e                	fld	fs0,224(sp)
     45e:	0000                	unimp
     460:	5900                	lw	s0,48(a0)
     462:	0002                	c.slli64	zero
     464:	0700                	addi	s0,sp,896
     466:	02f9                	addi	t0,t0,30
     468:	0000                	unimp
     46a:	432a                	lw	t1,136(sp)
     46c:	0001                	nop
     46e:	0000                	unimp
     470:	3b0e                	fld	fs6,224(sp)
     472:	0000                	unimp
     474:	ab00                	fsd	fs0,16(a4)
     476:	0002                	c.slli64	zero
     478:	0200                	addi	s0,sp,256
     47a:	00000313          	li	t1,0
     47e:	5130                	lw	a2,96(a0)
     480:	0000                	unimp
     482:	e100                	sd	s0,0(a0)
     484:	0002                	c.slli64	zero
     486:	1300                	addi	s0,sp,416
     488:	0050                	addi	a2,sp,4
     48a:	0000                	unimp
     48c:	0002e407          	.insn	4, 0x0002e407
     490:	3000                	fld	fs0,32(s0)
     492:	02c8                	addi	a0,sp,324
     494:	0000                	unimp
     496:	a202                	fsd	ft0,256(sp)
     498:	0002                	c.slli64	zero
     49a:	3000                	fld	fs0,32(s0)
     49c:	02c8                	addi	a0,sp,324
     49e:	0000                	unimp
     4a0:	00000307          	.insn	4, 0x0307
     4a4:	cf02                	sw	zero,156(sp)
     4a6:	0002                	c.slli64	zero
     4a8:	3000                	fld	fs0,32(s0)
     4aa:	02c8                	addi	a0,sp,324
     4ac:	0000                	unimp
     4ae:	0316                	slli	t1,t1,0x5
     4b0:	0000                	unimp
     4b2:	8602                	jr	a2
     4b4:	0002                	c.slli64	zero
     4b6:	3000                	fld	fs0,32(s0)
     4b8:	00b1                	addi	ra,ra,12
     4ba:	0000                	unimp
     4bc:	00000327          	.insn	4, 0x0327
     4c0:	0000                	unimp
     4c2:	9414                	.insn	2, 0x9414
     4c4:	003c                	addi	a5,sp,8
     4c6:	0080                	addi	s0,sp,64
     4c8:	0000                	unimp
     4ca:	1600                	addi	s0,sp,800
     4cc:	0000                	unimp
     4ce:	0000                	unimp
     4d0:	0000                	unimp
     4d2:	0700                	addi	s0,sp,896
     4d4:	025a                	slli	tp,tp,0x16
     4d6:	0000                	unimp
     4d8:	b830                	fsd	fa2,112(s0)
     4da:	0000                	unimp
     4dc:	0000                	unimp
     4de:	0100                	addi	s0,sp,128
     4e0:	0508                	addi	a0,sp,640
     4e2:	014e                	slli	sp,sp,0x13
     4e4:	0000                	unimp
     4e6:	cd00                	sw	s0,24(a0)
     4e8:	0000                	unimp
     4ea:	0500                	addi	s0,sp,640
     4ec:	0100                	addi	s0,sp,128
     4ee:	af08                	fsd	fa0,24(a4)
     4f0:	0002                	c.slli64	zero
     4f2:	0200                	addi	s0,sp,256
     4f4:	0378                	addi	a4,sp,396
     4f6:	0000                	unimp
     4f8:	351d                	addiw	a0,a0,-25 # 1fe7 <__stack_align+0x1fd7>
     4fa:	0002                	c.slli64	zero
     4fc:	0500                	addi	s0,sp,640
     4fe:	0002                	c.slli64	zero
     500:	7800                	ld	s0,48(s0)
     502:	003d                	c.nop	15
     504:	0080                	addi	s0,sp,64
     506:	0000                	unimp
     508:	1400                	addi	s0,sp,544
     50a:	0000                	unimp
     50c:	0000                	unimp
     50e:	0000                	unimp
     510:	6900                	ld	s0,16(a0)
     512:	0009                	c.nop	2
     514:	0300                	addi	s0,sp,384
     516:	0504                	addi	s1,sp,640
     518:	6e69                	lui	t3,0x1a
     51a:	0074                	addi	a3,sp,12
     51c:	0801                	addi	a6,a6,0
     51e:	5305                	li	t1,-31
     520:	0001                	nop
     522:	0100                	addi	s0,sp,128
     524:	0708                	addi	a0,sp,896
     526:	0136                	slli	sp,sp,0xd
     528:	0000                	unimp
     52a:	0801                	addi	a6,a6,0
     52c:	4e05                	li	t3,1
     52e:	0001                	nop
     530:	0100                	addi	s0,sp,128
     532:	0410                	addi	a2,sp,512
     534:	0356                	slli	t1,t1,0x15
     536:	0000                	unimp
     538:	0401                	addi	s0,s0,0
     53a:	00013b07          	fld	fs6,0(sp)
     53e:	0100                	addi	s0,sp,128
     540:	0601                	addi	a2,a2,0
     542:	00f2                	slli	ra,ra,0x1c
     544:	0000                	unimp
     546:	0101                	addi	sp,sp,0
     548:	f008                	sd	a0,32(s0)
     54a:	0000                	unimp
     54c:	0100                	addi	s0,sp,128
     54e:	0502                	c.slli64	a0
     550:	0166                	slli	sp,sp,0x19
     552:	0000                	unimp
     554:	0201                	addi	tp,tp,0 # 0 <__boot_hart>
     556:	0000fe07          	.insn	4, 0xfe07
     55a:	0100                	addi	s0,sp,128
     55c:	0801                	addi	a6,a6,0
     55e:	00f9                	addi	ra,ra,30
     560:	0000                	unimp
     562:	0801                	addi	a6,a6,0
     564:	00013107          	fld	ft2,0(sp)
     568:	0400                	addi	s0,sp,512
     56a:	0406                	slli	s0,s0,0x1
     56c:	0000                	unimp
     56e:	1302                	slli	t1,t1,0x20
     570:	8e0d                	sub	a2,a2,a1
     572:	0000                	unimp
     574:	0500                	addi	s0,sp,640
     576:	2e08                	fld	fa0,24(a2)
     578:	0000                	unimp
     57a:	0600                	addi	s0,sp,768
     57c:	036c                	addi	a1,sp,396
     57e:	0000                	unimp
     580:	0401                	addi	s0,s0,0
     582:	2e05                	addiw	t3,t3,1 # 1a001 <__stack_size+0x12001>
     584:	0000                	unimp
     586:	7800                	ld	s0,48(s0)
     588:	003d                	c.nop	15
     58a:	0080                	addi	s0,sp,64
     58c:	0000                	unimp
     58e:	1400                	addi	s0,sp,544
     590:	0000                	unimp
     592:	0000                	unimp
     594:	0000                	unimp
     596:	0100                	addi	s0,sp,128
     598:	079c                	addi	a5,sp,960
     59a:	00000373          	.insn	4, 0x0373
     59e:	0401                	addi	s0,s0,0
     5a0:	2e10                	fld	fa2,24(a2)
     5a2:	0000                	unimp
     5a4:	4900                	lw	s0,16(a0)
     5a6:	08000003          	lb	zero,128(zero) # 80 <__stack_align+0x70>
     5aa:	3d80                	fld	fs0,56(a1)
     5ac:	8000                	.insn	2, 0x8000
     5ae:	0000                	unimp
     5b0:	0000                	unimp
     5b2:	0082                	c.slli64	ra
     5b4:	0000                	unimp
     5b6:	0000                	unimp
     5b8:	00e0                	addi	s0,sp,76
     5ba:	0000                	unimp
     5bc:	0005                	c.nop	1
     5be:	0801                	addi	a6,a6,0
     5c0:	032c                	addi	a1,sp,392
     5c2:	0000                	unimp
     5c4:	7804                	ld	s1,48(s0)
     5c6:	1d000003          	lb	zero,464(zero) # 1d0 <__stack_align+0x1c0>
     5ca:	02a0                	addi	s0,sp,328
     5cc:	0000                	unimp
     5ce:	0205                	addi	tp,tp,1 # 1 <__boot_hart+0x1>
     5d0:	0000                	unimp
     5d2:	3d8c                	fld	fa1,56(a1)
     5d4:	8000                	.insn	2, 0x8000
     5d6:	0000                	unimp
     5d8:	0000                	unimp
     5da:	0022                	c.slli	zero,0x8
     5dc:	0000                	unimp
     5de:	0000                	unimp
     5e0:	0000                	unimp
     5e2:	09ff 0000 0801 5305 	.insn	10, 0x000153050801000009ff
     5ea:	0001 
     5ec:	0100                	addi	s0,sp,128
     5ee:	0708                	addi	a0,sp,896
     5f0:	0136                	slli	sp,sp,0xd
     5f2:	0000                	unimp
     5f4:	0405                	addi	s0,s0,1
     5f6:	6905                	lui	s2,0x1
     5f8:	746e                	ld	s0,248(sp)
     5fa:	0100                	addi	s0,sp,128
     5fc:	0508                	addi	a0,sp,640
     5fe:	014e                	slli	sp,sp,0x13
     600:	0000                	unimp
     602:	1001                	c.nop	-32
     604:	5604                	lw	s1,40(a2)
     606:	01000003          	lb	zero,16(zero) # 10 <__stack_align>
     60a:	0601                	addi	a2,a2,0
     60c:	00f2                	slli	ra,ra,0x1c
     60e:	0000                	unimp
     610:	0101                	addi	sp,sp,0
     612:	f008                	sd	a0,32(s0)
     614:	0000                	unimp
     616:	0100                	addi	s0,sp,128
     618:	0502                	c.slli64	a0
     61a:	0166                	slli	sp,sp,0x19
     61c:	0000                	unimp
     61e:	0201                	addi	tp,tp,0 # 0 <__boot_hart>
     620:	0000fe07          	.insn	4, 0xfe07
     624:	0100                	addi	s0,sp,128
     626:	0704                	addi	s1,sp,896
     628:	0000013b          	addw	sp,zero,zero
     62c:	2902                	fld	fs2,0(sp)
     62e:	0004                	.insn	2, 0x0004
     630:	0200                	addi	s0,sp,256
     632:	1969                	addi	s2,s2,-6 # ffa <__stack_align+0xfea>
     634:	0035                	c.nop	13
     636:	0000                	unimp
     638:	2b02                	fld	fs6,0(sp)
     63a:	0004                	.insn	2, 0x0004
     63c:	0300                	addi	s0,sp,384
     63e:	143c                	addi	a5,sp,552
     640:	0074                	addi	a3,sp,12
     642:	0000                	unimp
     644:	8006                	c.mv	zero,ra
     646:	0000                	unimp
     648:	0100                	addi	s0,sp,128
     64a:	0801                	addi	a6,a6,0
     64c:	00f9                	addi	ra,ra,30
     64e:	0000                	unimp
     650:	00040e03          	lb	t3,0(s0)
     654:	0600                	addi	s0,sp,768
     656:	008c                	addi	a1,sp,64
     658:	0000                	unimp
     65a:	00041b03          	lh	s6,0(s0)
     65e:	0700                	addi	s0,sp,896
     660:	008c                	addi	a1,sp,64
     662:	0000                	unimp
     664:	00041507          	.insn	4, 0x00041507
     668:	0100                	addi	s0,sp,128
     66a:	2104                	fld	fs1,0(a0)
     66c:	3d8c                	fld	fa1,56(a1)
     66e:	8000                	.insn	2, 0x8000
     670:	0000                	unimp
     672:	0000                	unimp
     674:	0022                	c.slli	zero,0x8
     676:	0000                	unimp
     678:	0000                	unimp
     67a:	0000                	unimp
     67c:	9c01                	subw	s0,s0,s0
     67e:	2408                	fld	fa0,8(s0)
     680:	0004                	.insn	2, 0x0004
     682:	0100                	addi	s0,sp,128
     684:	2b04                	fld	fs1,16(a4)
     686:	003c                	addi	a5,sp,8
     688:	0000                	unimp
     68a:	5a01                	li	s4,-32
     68c:	6309                	lui	t1,0x2
     68e:	646d                	lui	s0,0x1b
     690:	0100                	addi	s0,sp,128
     692:	0e06                	slli	t3,t3,0x1
     694:	0080                	addi	s0,sp,64
     696:	0000                	unimp
     698:	5f01                	li	t5,-32
     69a:	0000                	unimp
     69c:	02da                	slli	t0,t0,0x16
     69e:	0000                	unimp
     6a0:	0005                	c.nop	1
     6a2:	0801                	addi	a6,a6,0
     6a4:	000003bf 00037806 	.insn	8, 0x00037806000003bf
     6ac:	1d00                	addi	s0,sp,688
     6ae:	032c                	addi	a1,sp,392
     6b0:	0000                	unimp
     6b2:	0205                	addi	tp,tp,1 # 1 <__boot_hart+0x1>
     6b4:	0000                	unimp
     6b6:	3dae                	fld	fs11,232(sp)
     6b8:	8000                	.insn	2, 0x8000
     6ba:	0000                	unimp
     6bc:	0000                	unimp
     6be:	0014                	.insn	2, 0x0014
     6c0:	0000                	unimp
     6c2:	0000                	unimp
     6c4:	0000                	unimp
     6c6:	0abe                	slli	s5,s5,0xf
     6c8:	0000                	unimp
     6ca:	69050407          	.insn	4, 0x69050407
     6ce:	746e                	ld	s0,248(sp)
     6d0:	0300                	addi	s0,sp,384
     6d2:	0508                	addi	a0,sp,640
     6d4:	00000153          	fadd.s	ft2,ft0,ft0,rne
     6d8:	36070803          	lb	a6,864(a4)
     6dc:	0001                	nop
     6de:	0300                	addi	s0,sp,384
     6e0:	0508                	addi	a0,sp,640
     6e2:	014e                	slli	sp,sp,0x13
     6e4:	0000                	unimp
     6e6:	56041003          	lh	zero,1376(s0) # 1b560 <__stack_size+0x13560>
     6ea:	03000003          	lb	zero,48(zero) # 30 <__stack_align+0x20>
     6ee:	0704                	addi	s1,sp,896
     6f0:	0000013b          	addw	sp,zero,zero
     6f4:	f2060103          	lb	sp,-224(a2)
     6f8:	0000                	unimp
     6fa:	0300                	addi	s0,sp,384
     6fc:	0801                	addi	a6,a6,0
     6fe:	00f0                	addi	a2,sp,76
     700:	0000                	unimp
     702:	66050203          	lb	tp,1632(a0)
     706:	0001                	nop
     708:	0300                	addi	s0,sp,384
     70a:	0702                	c.slli64	a4
     70c:	00fe                	slli	ra,ra,0x1f
     70e:	0000                	unimp
     710:	ac01                	j	920 <__stack_align+0x910>
     712:	0004                	.insn	2, 0x0004
     714:	0200                	addi	s0,sp,256
     716:	0051194f          	fnmadd.s	fs2,ft2,ft5,ft0,rtz
     71a:	0000                	unimp
     71c:	cb01                	beqz	a4,72c <__stack_align+0x71c>
     71e:	0004                	.insn	2, 0x0004
     720:	0300                	addi	s0,sp,384
     722:	0e1e                	slli	t3,t3,0x7
     724:	0035                	c.nop	13
     726:	0000                	unimp
     728:	bf01                	j	638 <__stack_align+0x628>
     72a:	0004                	.insn	2, 0x0004
     72c:	0300                	addi	s0,sp,384
     72e:	0e22                	slli	t3,t3,0x8
     730:	0035                	c.nop	13
     732:	0000                	unimp
     734:	ee01                	bnez	a2,74c <__stack_align+0x73c>
     736:	0004                	.insn	2, 0x0004
     738:	0300                	addi	s0,sp,384
     73a:	0e2e                	slli	t3,t3,0xb
     73c:	0035                	c.nop	13
     73e:	0000                	unimp
     740:	7901                	lui	s2,0xfffe0
     742:	0004                	.insn	2, 0x0004
     744:	0300                	addi	s0,sp,384
     746:	0f38                	addi	a4,sp,920
     748:	0066                	c.slli	zero,0x19
     74a:	0000                	unimp
     74c:	3401                	addiw	s0,s0,-32
     74e:	0004                	.insn	2, 0x0004
     750:	0300                	addi	s0,sp,384
     752:	183c                	addi	a5,sp,56
     754:	006d                	c.nop	27
     756:	0000                	unimp
     758:	e501                	bnez	a0,760 <__stack_align+0x750>
     75a:	0004                	.insn	2, 0x0004
     75c:	0300                	addi	s0,sp,384
     75e:	006d183f 15010000 	.insn	8, 0x15010000006d183f
     766:	0005                	c.nop	1
     768:	0300                	addi	s0,sp,384
     76a:	006d184b          	fnmsub.s	fa6,fs10,ft6,ft0,rtz
     76e:	0000                	unimp
     770:	0c01                	addi	s8,s8,0 # 1a6 <__stack_align+0x196>
     772:	0005                	c.nop	1
     774:	0300                	addi	s0,sp,384
     776:	145a                	slli	s0,s0,0x36
     778:	0074                	addi	a3,sp,12
     77a:	0000                	unimp
     77c:	ed01                	bnez	a0,794 <__stack_align+0x784>
     77e:	0004                	.insn	2, 0x0004
     780:	0300                	addi	s0,sp,384
     782:	1066                	c.slli	zero,0x39
     784:	0098                	addi	a4,sp,64
     786:	0000                	unimp
     788:	a201                	j	888 <__stack_align+0x878>
     78a:	0004                	.insn	2, 0x0004
     78c:	0300                	addi	s0,sp,384
     78e:	18d5                	addi	a7,a7,-11 # fffffffffffecff5 <__heap_end+0xffffffff7ffc7ff5>
     790:	006d                	c.nop	27
     792:	0000                	unimp
     794:	f9080103          	lb	sp,-112(a6)
     798:	0000                	unimp
     79a:	0300                	addi	s0,sp,384
     79c:	0708                	addi	a0,sp,896
     79e:	0131                	addi	sp,sp,12
     7a0:	0000                	unimp
     7a2:	cd01                	beqz	a0,7ba <__stack_align+0x7aa>
     7a4:	0004                	.insn	2, 0x0004
     7a6:	0400                	addi	s0,sp,512
     7a8:	1461                	addi	s0,s0,-8
     7aa:	0080                	addi	s0,sp,64
     7ac:	0000                	unimp
     7ae:	c101                	beqz	a0,7ae <__stack_align+0x79e>
     7b0:	0004                	.insn	2, 0x0004
     7b2:	0400                	addi	s0,sp,512
     7b4:	1566                	slli	a0,a0,0x39
     7b6:	008c                	addi	a1,sp,64
     7b8:	0000                	unimp
     7ba:	9b01                	andi	a4,a4,-32
     7bc:	0004                	.insn	2, 0x0004
     7be:	0400                	addi	s0,sp,512
     7c0:	1271                	addi	tp,tp,-4 # fffffffffffffffc <__heap_end+0xffffffff7ffdaffc>
     7c2:	0035                	c.nop	13
     7c4:	0000                	unimp
     7c6:	1701                	addi	a4,a4,-32
     7c8:	0005                	c.nop	1
     7ca:	0400                	addi	s0,sp,512
     7cc:	1289                	addi	t0,t0,-30
     7ce:	00c8                	addi	a0,sp,68
     7d0:	0000                	unimp
     7d2:	ef01                	bnez	a4,7ea <__stack_align+0x7da>
     7d4:	0004                	.insn	2, 0x0004
     7d6:	0400                	addi	s0,sp,512
     7d8:	00e0129b          	slliw	t0,zero,0xe
     7dc:	0000                	unimp
     7de:	7b01                	lui	s6,0xfffe0
     7e0:	0004                	.insn	2, 0x0004
     7e2:	0400                	addi	s0,sp,512
     7e4:	129f 00a4 0000      	.insn	6, 0x00a4129f
     7ea:	3601                	addiw	a2,a2,-32
     7ec:	0004                	.insn	2, 0x0004
     7ee:	0400                	addi	s0,sp,512
     7f0:	00b012a3          	sh	a1,5(zero) # 5 <__boot_hart+0x5>
     7f4:	0000                	unimp
     7f6:	e701                	bnez	a4,7fe <__stack_align+0x7ee>
     7f8:	0004                	.insn	2, 0x0004
     7fa:	0400                	addi	s0,sp,512
     7fc:	00bc12a7          	.insn	4, 0x00bc12a7
     800:	0000                	unimp
     802:	0e01                	addi	t3,t3,0
     804:	0005                	c.nop	1
     806:	0400                	addi	s0,sp,512
     808:	00d412bb          	sllw	t0,s0,a3
     80c:	0000                	unimp
     80e:	a401                	j	a0e <__stack_align+0x9fe>
     810:	0004                	.insn	2, 0x0004
     812:	0400                	addi	s0,sp,512
     814:	13c0                	addi	s0,sp,484
     816:	00ec                	addi	a1,sp,76
     818:	0000                	unimp
     81a:	fc04                	sd	s1,56(s0)
     81c:	0004                	.insn	2, 0x0004
     81e:	1000                	addi	s0,sp,32
     820:	2f05                	addiw	t5,t5,1
     822:	01a5                	addi	gp,gp,9 # 80005169 <__global_pointer$+0x9>
     824:	0000                	unimp
     826:	f502                	sd	zero,168(sp)
     828:	0004                	.insn	2, 0x0004
     82a:	0500                	addi	s0,sp,640
     82c:	0930                	addi	a2,sp,152
     82e:	011e                	slli	sp,sp,0x7
     830:	0000                	unimp
     832:	0200                	addi	s0,sp,256
     834:	0445                	addi	s0,s0,17
     836:	0000                	unimp
     838:	3105                	addiw	sp,sp,-31
     83a:	00003507          	fld	fa0,0(zero) # 0 <__boot_hart>
     83e:	0800                	addi	s0,sp,16
     840:	0400                	addi	s0,sp,512
     842:	00000507          	.insn	4, 0x0507
     846:	0668                	addi	a0,sp,780
     848:	0002681b          	.insn	4, 0x0002681b
     84c:	0200                	addi	s0,sp,256
     84e:	051d                	addi	a0,a0,7
     850:	0000                	unimp
     852:	1d06                	slli	s10,s10,0x21
     854:	420a                	lw	tp,128(sp)
     856:	0001                	nop
     858:	0000                	unimp
     85a:	5d02                	lw	s10,32(sp)
     85c:	0004                	.insn	2, 0x0004
     85e:	0600                	addi	s0,sp,768
     860:	0a1e                	slli	s4,s4,0x7
     862:	012a                	slli	sp,sp,0xa
     864:	0000                	unimp
     866:	0202                	c.slli64	tp
     868:	0000048b          	.insn	4, 0x048b
     86c:	1f06                	slli	t5,t5,0x21
     86e:	660a                	ld	a2,128(sp)
     870:	0001                	nop
     872:	0400                	addi	s0,sp,512
     874:	3c02                	fld	fs8,32(sp)
     876:	0004                	.insn	2, 0x0004
     878:	0600                	addi	s0,sp,768
     87a:	0b20                	addi	s0,sp,408
     87c:	0172                	slli	sp,sp,0x1c
     87e:	0000                	unimp
     880:	0208                	addi	a0,sp,256
     882:	04de                	slli	s1,s1,0x17
     884:	0000                	unimp
     886:	2106                	fld	ft2,64(sp)
     888:	4e0a                	lw	t3,128(sp)
     88a:	0001                	nop
     88c:	0a00                	addi	s0,sp,272
     88e:	2402                	fld	fs0,0(sp)
     890:	0005                	c.nop	1
     892:	0600                	addi	s0,sp,768
     894:	0a22                	slli	s4,s4,0x8
     896:	015a                	slli	sp,sp,0x16
     898:	0000                	unimp
     89a:	020c                	addi	a1,sp,256
     89c:	000004b7          	lui	s1,0x0
     8a0:	2306                	fld	ft6,64(sp)
     8a2:	420a                	lw	tp,128(sp)
     8a4:	0001                	nop
     8a6:	0e00                	addi	s0,sp,784
     8a8:	4d02                	lw	s10,0(sp)
     8aa:	0004                	.insn	2, 0x0004
     8ac:	0600                	addi	s0,sp,768
     8ae:	0a24                	addi	s1,sp,280
     8b0:	0136                	slli	sp,sp,0xd
     8b2:	0000                	unimp
     8b4:	0210                	addi	a2,sp,256
     8b6:	00000493          	li	s1,0
     8ba:	2a06                	fld	fs4,64(sp)
     8bc:	00017e13          	andi	t3,sp,0
     8c0:	1800                	addi	s0,sp,48
     8c2:	5502                	lw	a0,32(sp)
     8c4:	0004                	.insn	2, 0x0004
     8c6:	0600                	addi	s0,sp,768
     8c8:	017e132b          	.insn	4, 0x017e132b
     8cc:	0000                	unimp
     8ce:	0228                	addi	a0,sp,264
     8d0:	04d6                	slli	s1,s1,0x15
     8d2:	0000                	unimp
     8d4:	2c06                	fld	fs8,64(sp)
     8d6:	00017e13          	andi	t3,sp,0
     8da:	3800                	fld	fs0,48(s0)
     8dc:	6402                	ld	s0,0(sp)
     8de:	0004                	.insn	2, 0x0004
     8e0:	0600                	addi	s0,sp,768
     8e2:	112d                	addi	sp,sp,-21
     8e4:	0112                	slli	sp,sp,0x4
     8e6:	0000                	unimp
     8e8:	0248                	addi	a0,sp,260
     8ea:	0481                	addi	s1,s1,0 # 0 <__boot_hart>
     8ec:	0000                	unimp
     8ee:	2e06                	fld	ft8,64(sp)
     8f0:	060c                	addi	a1,sp,768
     8f2:	0001                	nop
     8f4:	5000                	lw	s0,32(s0)
     8f6:	6f02                	ld	t5,0(sp)
     8f8:	0004                	.insn	2, 0x0004
     8fa:	0600                	addi	s0,sp,768
     8fc:	0930                	addi	a2,sp,152
     8fe:	0268                	addi	a0,sp,268
     900:	0000                	unimp
     902:	0058                	addi	a4,sp,4
     904:	3508                	fld	fa0,40(a0)
     906:	0000                	unimp
     908:	7800                	ld	s0,48(s0)
     90a:	0002                	c.slli64	zero
     90c:	0900                	addi	s0,sp,144
     90e:	003c                	addi	a5,sp,8
     910:	0000                	unimp
     912:	0001                	nop
     914:	060a                	slli	a2,a2,0x2
     916:	0004                	.insn	2, 0x0004
     918:	0700                	addi	s0,sp,896
     91a:	02840d13          	addi	s10,s0,40
     91e:	0000                	unimp
     920:	2e05                	addiw	t3,t3,1
     922:	0000                	unimp
     924:	0b00                	addi	s0,sp,400
     926:	0505                	addi	a0,a0,1
     928:	0000                	unimp
     92a:	0501                	addi	a0,a0,0
     92c:	2e05                	addiw	t3,t3,1
     92e:	0000                	unimp
     930:	ae00                	fsd	fs0,24(a2)
     932:	003d                	c.nop	15
     934:	0080                	addi	s0,sp,64
     936:	0000                	unimp
     938:	1400                	addi	s0,sp,544
     93a:	0000                	unimp
     93c:	0000                	unimp
     93e:	0000                	unimp
     940:	0100                	addi	s0,sp,128
     942:	d89c                	sw	a5,48(s1)
     944:	0002                	c.slli64	zero
     946:	0c00                	addi	s0,sp,528
     948:	00000373          	.insn	4, 0x0373
     94c:	0501                	addi	a0,a0,0
     94e:	2e10                	fld	fa2,24(a2)
     950:	0000                	unimp
     952:	6300                	ld	s0,0(a4)
     954:	0d000003          	lb	zero,208(zero) # d0 <__stack_align+0xc0>
     958:	01007473          	csrrci	s0,0x10,0
     95c:	2305                	addiw	t1,t1,1 # 2001 <__stack_align+0x1ff1>
     95e:	02d8                	addi	a4,sp,324
     960:	0000                	unimp
     962:	0371                	addi	t1,t1,28
     964:	0000                	unimp
     966:	b60e                	fsd	ft3,296(sp)
     968:	003d                	c.nop	15
     96a:	0080                	addi	s0,sp,64
     96c:	0000                	unimp
     96e:	7800                	ld	s0,48(s0)
     970:	0002                	c.slli64	zero
     972:	0000                	unimp
     974:	a505                	j	f94 <__stack_align+0xf84>
     976:	0001                	nop
     978:	0000                	unimp
     97a:	009d                	addi	ra,ra,7
     97c:	0000                	unimp
     97e:	0005                	c.nop	1
     980:	0801                	addi	a6,a6,0
     982:	0494                	addi	a3,sp,576
     984:	0000                	unimp
     986:	7802                	ld	a6,32(sp)
     988:	1d000003          	lb	zero,464(zero) # 1d0 <__stack_align+0x1c0>
     98c:	034e                	slli	t1,t1,0x13
     98e:	0000                	unimp
     990:	0205                	addi	tp,tp,1 # 1 <__boot_hart+0x1>
     992:	0000                	unimp
     994:	3dc2                	fld	fs11,48(sp)
     996:	8000                	.insn	2, 0x8000
     998:	0000                	unimp
     99a:	0000                	unimp
     99c:	0004                	.insn	2, 0x0004
     99e:	0000                	unimp
     9a0:	0000                	unimp
     9a2:	0000                	unimp
     9a4:	0b71                	addi	s6,s6,28 # fffffffffffe001c <__heap_end+0xffffffff7ffbb01c>
     9a6:	0000                	unimp
     9a8:	69050403          	lb	s0,1680(a0)
     9ac:	746e                	ld	s0,248(sp)
     9ae:	0100                	addi	s0,sp,128
     9b0:	0508                	addi	a0,sp,640
     9b2:	00000153          	fadd.s	ft2,ft0,ft0,rne
     9b6:	0801                	addi	a6,a6,0
     9b8:	00013607          	fld	fa2,0(sp)
     9bc:	0100                	addi	s0,sp,128
     9be:	0508                	addi	a0,sp,640
     9c0:	014e                	slli	sp,sp,0x13
     9c2:	0000                	unimp
     9c4:	1001                	c.nop	-32
     9c6:	5604                	lw	s1,40(a2)
     9c8:	01000003          	lb	zero,16(zero) # 10 <__stack_align>
     9cc:	0704                	addi	s1,sp,896
     9ce:	0000013b          	addw	sp,zero,zero
     9d2:	0101                	addi	sp,sp,0
     9d4:	f206                	sd	ra,288(sp)
     9d6:	0000                	unimp
     9d8:	0100                	addi	s0,sp,128
     9da:	0801                	addi	a6,a6,0
     9dc:	00f0                	addi	a2,sp,76
     9de:	0000                	unimp
     9e0:	0201                	addi	tp,tp,0 # 0 <__boot_hart>
     9e2:	6605                	lui	a2,0x1
     9e4:	0001                	nop
     9e6:	0100                	addi	s0,sp,128
     9e8:	0702                	c.slli64	a4
     9ea:	00fe                	slli	ra,ra,0x1f
     9ec:	0000                	unimp
     9ee:	0101                	addi	sp,sp,0
     9f0:	f908                	sd	a0,48(a0)
     9f2:	0000                	unimp
     9f4:	0100                	addi	s0,sp,128
     9f6:	0708                	addi	a0,sp,896
     9f8:	0131                	addi	sp,sp,12
     9fa:	0000                	unimp
     9fc:	2b04                	fld	fs1,16(a4)
     9fe:	0005                	c.nop	1
     a00:	0100                	addi	s0,sp,128
     a02:	0504                	addi	s1,sp,640
     a04:	002e                	c.slli	zero,0xb
     a06:	0000                	unimp
     a08:	3dc2                	fld	fs11,48(sp)
     a0a:	8000                	.insn	2, 0x8000
     a0c:	0000                	unimp
     a0e:	0000                	unimp
     a10:	0004                	.insn	2, 0x0004
     a12:	0000                	unimp
     a14:	0000                	unimp
     a16:	0000                	unimp
     a18:	9c01                	subw	s0,s0,s0
     a1a:	a700                	fsd	fs0,8(a4)
     a1c:	0000                	unimp
     a1e:	0500                	addi	s0,sp,640
     a20:	0100                	addi	s0,sp,128
     a22:	d908                	sw	a0,48(a0)
     a24:	0004                	.insn	2, 0x0004
     a26:	0200                	addi	s0,sp,256
     a28:	0378                	addi	a4,sp,396
     a2a:	0000                	unimp
     a2c:	5e1d                	li	t3,-25
     a2e:	05000003          	lb	zero,80(zero) # 50 <__stack_align+0x40>
     a32:	0002                	c.slli64	zero
     a34:	c600                	sw	s0,8(a2)
     a36:	003d                	c.nop	15
     a38:	0080                	addi	s0,sp,64
     a3a:	0000                	unimp
     a3c:	0800                	addi	s0,sp,16
     a3e:	0000                	unimp
     a40:	0000                	unimp
     a42:	0000                	unimp
     a44:	d000                	sw	s0,32(s0)
     a46:	0100000b          	.insn	4, 0x0100000b
     a4a:	0601                	addi	a2,a2,0 # 1000 <__stack_align+0xff0>
     a4c:	00f2                	slli	ra,ra,0x1c
     a4e:	0000                	unimp
     a50:	0101                	addi	sp,sp,0
     a52:	f008                	sd	a0,32(s0)
     a54:	0000                	unimp
     a56:	0100                	addi	s0,sp,128
     a58:	0502                	c.slli64	a0
     a5a:	0166                	slli	sp,sp,0x19
     a5c:	0000                	unimp
     a5e:	0201                	addi	tp,tp,0 # 0 <__boot_hart>
     a60:	0000fe07          	.insn	4, 0xfe07
     a64:	0300                	addi	s0,sp,384
     a66:	0504                	addi	s1,sp,640
     a68:	6e69                	lui	t3,0x1a
     a6a:	0074                	addi	a3,sp,12
     a6c:	0401                	addi	s0,s0,0
     a6e:	00013b07          	fld	fs6,0(sp)
     a72:	0100                	addi	s0,sp,128
     a74:	0508                	addi	a0,sp,640
     a76:	00000153          	fadd.s	ft2,ft0,ft0,rne
     a7a:	0801                	addi	a6,a6,0
     a7c:	00013607          	fld	fa2,0(sp)
     a80:	0100                	addi	s0,sp,128
     a82:	0508                	addi	a0,sp,640
     a84:	014e                	slli	sp,sp,0x13
     a86:	0000                	unimp
     a88:	0101                	addi	sp,sp,0
     a8a:	f908                	sd	a0,48(a0)
     a8c:	0000                	unimp
     a8e:	0100                	addi	s0,sp,128
     a90:	0410                	addi	a2,sp,512
     a92:	0356                	slli	t1,t1,0x15
     a94:	0000                	unimp
     a96:	3304                	fld	fs1,32(a4)
     a98:	0005                	c.nop	1
     a9a:	0100                	addi	s0,sp,128
     a9c:	0504                	addi	s1,sp,640
     a9e:	004a                	c.slli	zero,0x12
     aa0:	0000                	unimp
     aa2:	3dc6                	fld	fs11,112(sp)
     aa4:	8000                	.insn	2, 0x8000
     aa6:	0000                	unimp
     aa8:	0000                	unimp
     aaa:	0008                	.insn	2, 0x0008
     aac:	0000                	unimp
     aae:	0000                	unimp
     ab0:	0000                	unimp
     ab2:	9c01                	subw	s0,s0,s0
     ab4:	7305                	lui	t1,0xfffe1
     ab6:	01000003          	lb	zero,16(zero) # 10 <__stack_align>
     aba:	1104                	addi	s1,sp,160
     abc:	004a                	c.slli	zero,0x12
     abe:	0000                	unimp
     ac0:	0000038b          	.insn	4, 0x038b
     ac4:	0000                	unimp
     ac6:	00d9                	addi	ra,ra,22
     ac8:	0000                	unimp
     aca:	0005                	c.nop	1
     acc:	0801                	addi	a6,a6,0
     ace:	0000052f          	.insn	4, 0x052f
     ad2:	00037803          	.insn	4, 0x00037803
     ad6:	1d00                	addi	s0,sp,688
     ad8:	036e                	slli	t1,t1,0x1b
     ada:	0000                	unimp
     adc:	0205                	addi	tp,tp,1 # 1 <__boot_hart+0x1>
     ade:	0000                	unimp
     ae0:	3dce                	fld	fs11,240(sp)
     ae2:	8000                	.insn	2, 0x8000
     ae4:	0000                	unimp
     ae6:	0000                	unimp
     ae8:	0014                	.insn	2, 0x0014
     aea:	0000                	unimp
     aec:	0000                	unimp
     aee:	0000                	unimp
     af0:	00000c37          	lui	s8,0x0
     af4:	0404                	addi	s1,sp,512
     af6:	6905                	lui	s2,0x1
     af8:	746e                	ld	s0,248(sp)
     afa:	0100                	addi	s0,sp,128
     afc:	0508                	addi	a0,sp,640
     afe:	00000153          	fadd.s	ft2,ft0,ft0,rne
     b02:	0801                	addi	a6,a6,0
     b04:	00013607          	fld	fa2,0(sp)
     b08:	0100                	addi	s0,sp,128
     b0a:	0508                	addi	a0,sp,640
     b0c:	014e                	slli	sp,sp,0x13
     b0e:	0000                	unimp
     b10:	1001                	c.nop	-32
     b12:	5604                	lw	s1,40(a2)
     b14:	01000003          	lb	zero,16(zero) # 10 <__stack_align>
     b18:	0704                	addi	s1,sp,896
     b1a:	0000013b          	addw	sp,zero,zero
     b1e:	0101                	addi	sp,sp,0
     b20:	f206                	sd	ra,288(sp)
     b22:	0000                	unimp
     b24:	0100                	addi	s0,sp,128
     b26:	0801                	addi	a6,a6,0
     b28:	00f0                	addi	a2,sp,76
     b2a:	0000                	unimp
     b2c:	0201                	addi	tp,tp,0 # 0 <__boot_hart>
     b2e:	6605                	lui	a2,0x1
     b30:	0001                	nop
     b32:	0100                	addi	s0,sp,128
     b34:	0702                	c.slli64	a4
     b36:	00fe                	slli	ra,ra,0x1f
     b38:	0000                	unimp
     b3a:	0101                	addi	sp,sp,0
     b3c:	f908                	sd	a0,48(a0)
     b3e:	0000                	unimp
     b40:	0100                	addi	s0,sp,128
     b42:	0708                	addi	a0,sp,896
     b44:	0131                	addi	sp,sp,12
     b46:	0000                	unimp
     b48:	0605                	addi	a2,a2,1 # 1001 <__stack_align+0xff1>
     b4a:	0004                	.insn	2, 0x0004
     b4c:	0200                	addi	s0,sp,256
     b4e:	008e0d13          	addi	s10,t3,8 # 1a008 <__stack_size+0x12008>
     b52:	0000                	unimp
     b54:	0806                	slli	a6,a6,0x1
     b56:	002e                	c.slli	zero,0xb
     b58:	0000                	unimp
     b5a:	00053b07          	fld	fs6,0(a0)
     b5e:	0100                	addi	s0,sp,128
     b60:	0504                	addi	s1,sp,640
     b62:	002e                	c.slli	zero,0xb
     b64:	0000                	unimp
     b66:	3dce                	fld	fs11,240(sp)
     b68:	8000                	.insn	2, 0x8000
     b6a:	0000                	unimp
     b6c:	0000                	unimp
     b6e:	0014                	.insn	2, 0x0014
     b70:	0000                	unimp
     b72:	0000                	unimp
     b74:	0000                	unimp
     b76:	9c01                	subw	s0,s0,s0
     b78:	7002                	.insn	2, 0x7002
     b7a:	6469                	lui	s0,0x1a
     b7c:	0f00                	addi	s0,sp,912
     b7e:	002e                	c.slli	zero,0xb
     b80:	0000                	unimp
     b82:	03a5                	addi	t2,t2,9
     b84:	0000                	unimp
     b86:	7302                	ld	t1,32(sp)
     b88:	6769                	lui	a4,0x1a
     b8a:	1800                	addi	s0,sp,48
     b8c:	002e                	c.slli	zero,0xb
     b8e:	0000                	unimp
     b90:	000003b3          	add	t2,zero,zero
     b94:	d608                	sw	a0,40(a2)
     b96:	003d                	c.nop	15
     b98:	0080                	addi	s0,sp,64
     b9a:	0000                	unimp
     b9c:	8200                	.insn	2, 0x8200
     b9e:	0000                	unimp
     ba0:	0000                	unimp
     ba2:	0d00                	addi	s0,sp,656
     ba4:	0001                	nop
     ba6:	0500                	addi	s0,sp,640
     ba8:	0100                	addi	s0,sp,128
     baa:	ae08                	fsd	fa0,24(a2)
     bac:	0005                	c.nop	1
     bae:	0400                	addi	s0,sp,512
     bb0:	0378                	addi	a4,sp,396
     bb2:	0000                	unimp
     bb4:	7c1d                	lui	s8,0xfffe7
     bb6:	05000003          	lb	zero,80(zero) # 50 <__stack_align+0x40>
     bba:	0002                	c.slli64	zero
     bbc:	e200                	sd	s0,0(a2)
     bbe:	003d                	c.nop	15
     bc0:	0080                	addi	s0,sp,64
     bc2:	0000                	unimp
     bc4:	1400                	addi	s0,sp,544
     bc6:	0000                	unimp
     bc8:	0000                	unimp
     bca:	0000                	unimp
     bcc:	cd00                	sw	s0,24(a0)
     bce:	000c                	.insn	2, 0x000c
     bd0:	0500                	addi	s0,sp,640
     bd2:	0504                	addi	s1,sp,640
     bd4:	6e69                	lui	t3,0x1a
     bd6:	0074                	addi	a3,sp,12
     bd8:	0801                	addi	a6,a6,0
     bda:	5305                	li	t1,-31
     bdc:	0001                	nop
     bde:	0100                	addi	s0,sp,128
     be0:	0708                	addi	a0,sp,896
     be2:	0136                	slli	sp,sp,0xd
     be4:	0000                	unimp
     be6:	0801                	addi	a6,a6,0
     be8:	4e05                	li	t3,1
     bea:	0001                	nop
     bec:	0100                	addi	s0,sp,128
     bee:	0410                	addi	a2,sp,512
     bf0:	0356                	slli	t1,t1,0x15
     bf2:	0000                	unimp
     bf4:	0401                	addi	s0,s0,0 # 1a000 <__stack_size+0x12000>
     bf6:	00013b07          	fld	fs6,0(sp)
     bfa:	0100                	addi	s0,sp,128
     bfc:	0601                	addi	a2,a2,0
     bfe:	00f2                	slli	ra,ra,0x1c
     c00:	0000                	unimp
     c02:	0101                	addi	sp,sp,0
     c04:	f008                	sd	a0,32(s0)
     c06:	0000                	unimp
     c08:	0100                	addi	s0,sp,128
     c0a:	0502                	c.slli64	a0
     c0c:	0166                	slli	sp,sp,0x19
     c0e:	0000                	unimp
     c10:	0201                	addi	tp,tp,0 # 0 <__boot_hart>
     c12:	0000fe07          	.insn	4, 0xfe07
     c16:	0200                	addi	s0,sp,256
     c18:	04ee                	slli	s1,s1,0x1b
     c1a:	0000                	unimp
     c1c:	2e02                	fld	ft8,0(sp)
     c1e:	350e                	fld	fa0,224(sp)
     c20:	0000                	unimp
     c22:	0200                	addi	s0,sp,256
     c24:	04ed                	addi	s1,s1,27
     c26:	0000                	unimp
     c28:	6602                	ld	a2,0(sp)
     c2a:	7410                	ld	a2,40(s0)
     c2c:	0000                	unimp
     c2e:	0100                	addi	s0,sp,128
     c30:	0801                	addi	a6,a6,0
     c32:	00f9                	addi	ra,ra,30
     c34:	0000                	unimp
     c36:	0801                	addi	a6,a6,0
     c38:	00013107          	fld	ft2,0(sp)
     c3c:	0200                	addi	s0,sp,256
     c3e:	000004ef          	jal	s1,c3e <__stack_align+0xc2e>
     c42:	80129b03          	lh	s6,-2047(t0)
     c46:	0000                	unimp
     c48:	0600                	addi	s0,sp,768
     c4a:	0406                	slli	s0,s0,0x1
     c4c:	0000                	unimp
     c4e:	1304                	addi	s1,sp,416
     c50:	b20d                	j	572 <__stack_align+0x562>
     c52:	0000                	unimp
     c54:	0700                	addi	s0,sp,896
     c56:	2e08                	fld	fa0,24(a2)
     c58:	0000                	unimp
     c5a:	0800                	addi	s0,sp,16
     c5c:	0541                	addi	a0,a0,16
     c5e:	0000                	unimp
     c60:	0501                	addi	a0,a0,0
     c62:	00009a07          	.insn	4, 0x9a07
     c66:	e200                	sd	s0,0(a2)
     c68:	003d                	c.nop	15
     c6a:	0080                	addi	s0,sp,64
     c6c:	0000                	unimp
     c6e:	1400                	addi	s0,sp,544
     c70:	0000                	unimp
     c72:	0000                	unimp
     c74:	0000                	unimp
     c76:	0100                	addi	s0,sp,128
     c78:	099c                	addi	a5,sp,208
     c7a:	00000373          	.insn	4, 0x0373
     c7e:	0501                	addi	a0,a0,0
     c80:	2e12                	fld	ft8,256(sp)
     c82:	0000                	unimp
     c84:	cd00                	sw	s0,24(a0)
     c86:	03000003          	lb	zero,48(zero) # 30 <__stack_align+0x20>
     c8a:	7470                	ld	a2,232(s0)
     c8c:	0072                	c.slli	zero,0x1c
     c8e:	9a1e                	add	s4,s4,t2
     c90:	0000                	unimp
     c92:	db00                	sw	s0,48(a4)
     c94:	03000003          	lb	zero,48(zero) # 30 <__stack_align+0x20>
     c98:	6964                	ld	s1,208(a0)
     c9a:	0072                	c.slli	zero,0x1c
     c9c:	00002e27          	fsw	ft0,28(zero) # 1c <__stack_align+0xc>
     ca0:	e900                	sd	s0,16(a0)
     ca2:	0a000003          	lb	zero,160(zero) # a0 <__stack_align+0x90>
     ca6:	3dea                	fld	fs11,184(sp)
     ca8:	8000                	.insn	2, 0x8000
     caa:	0000                	unimp
     cac:	0000                	unimp
     cae:	00a6                	slli	ra,ra,0x9
     cb0:	0000                	unimp
     cb2:	0000                	unimp
     cb4:	0000010f          	.insn	4, 0x010f
     cb8:	0005                	c.nop	1
     cba:	0801                	addi	a6,a6,0
     cbc:	064d                	addi	a2,a2,19
     cbe:	0000                	unimp
     cc0:	7804                	ld	s1,48(s0)
     cc2:	1d000003          	lb	zero,464(zero) # 1d0 <__stack_align+0x1c0>
     cc6:	0000038b          	.insn	4, 0x038b
     cca:	0205                	addi	tp,tp,1 # 1 <__boot_hart+0x1>
     ccc:	0000                	unimp
     cce:	3df6                	fld	fs11,376(sp)
     cd0:	8000                	.insn	2, 0x8000
     cd2:	0000                	unimp
     cd4:	0000                	unimp
     cd6:	0016                	c.slli	zero,0x5
     cd8:	0000                	unimp
     cda:	0000                	unimp
     cdc:	0000                	unimp
     cde:	0d6d                	addi	s10,s10,27
     ce0:	0000                	unimp
     ce2:	0405                	addi	s0,s0,1
     ce4:	6905                	lui	s2,0x1
     ce6:	746e                	ld	s0,248(sp)
     ce8:	0100                	addi	s0,sp,128
     cea:	0508                	addi	a0,sp,640
     cec:	00000153          	fadd.s	ft2,ft0,ft0,rne
     cf0:	c402                	sw	zero,8(sp)
     cf2:	0004                	.insn	2, 0x0004
     cf4:	0200                	addi	s0,sp,256
     cf6:	17d6                	slli	a5,a5,0x35
     cf8:	0048                	addi	a0,sp,4
     cfa:	0000                	unimp
     cfc:	0801                	addi	a6,a6,0
     cfe:	00013607          	fld	fa2,0(sp)
     d02:	0100                	addi	s0,sp,128
     d04:	0508                	addi	a0,sp,640
     d06:	014e                	slli	sp,sp,0x13
     d08:	0000                	unimp
     d0a:	1001                	c.nop	-32
     d0c:	5604                	lw	s1,40(a2)
     d0e:	01000003          	lb	zero,16(zero) # 10 <__stack_align>
     d12:	0704                	addi	s1,sp,896
     d14:	0000013b          	addw	sp,zero,zero
     d18:	0101                	addi	sp,sp,0
     d1a:	f206                	sd	ra,288(sp)
     d1c:	0000                	unimp
     d1e:	0100                	addi	s0,sp,128
     d20:	0801                	addi	a6,a6,0
     d22:	00f0                	addi	a2,sp,76
     d24:	0000                	unimp
     d26:	0201                	addi	tp,tp,0 # 0 <__boot_hart>
     d28:	6605                	lui	a2,0x1
     d2a:	0001                	nop
     d2c:	0100                	addi	s0,sp,128
     d2e:	0702                	c.slli64	a4
     d30:	00fe                	slli	ra,ra,0x1f
     d32:	0000                	unimp
     d34:	4e02                	lw	t3,0(sp)
     d36:	0005                	c.nop	1
     d38:	0300                	addi	s0,sp,384
     d3a:	00351793          	slli	a5,a0,0x3
     d3e:	0000                	unimp
     d40:	0806                	slli	a6,a6,0x1
     d42:	0101                	addi	sp,sp,0
     d44:	f908                	sd	a0,48(a0)
     d46:	0000                	unimp
     d48:	0100                	addi	s0,sp,128
     d4a:	0708                	addi	a0,sp,896
     d4c:	0131                	addi	sp,sp,12
     d4e:	0000                	unimp
     d50:	4f02                	lw	t5,0(sp)
     d52:	0005                	c.nop	1
     d54:	0400                	addi	s0,sp,512
     d56:	12b6                	slli	t0,t0,0x2d
     d58:	0080                	addi	s0,sp,64
     d5a:	0000                	unimp
     d5c:	00040607          	.insn	4, 0x00040607
     d60:	0500                	addi	s0,sp,640
     d62:	00b40d13          	addi	s10,s0,11
     d66:	0000                	unimp
     d68:	0808                	addi	a0,sp,16
     d6a:	002e                	c.slli	zero,0xb
     d6c:	0000                	unimp
     d6e:	4809                	li	a6,2
     d70:	0005                	c.nop	1
     d72:	0100                	addi	s0,sp,128
     d74:	0905                	addi	s2,s2,1 # 1001 <__stack_align+0xff1>
     d76:	009c                	addi	a5,sp,64
     d78:	0000                	unimp
     d7a:	3df6                	fld	fs11,376(sp)
     d7c:	8000                	.insn	2, 0x8000
     d7e:	0000                	unimp
     d80:	0000                	unimp
     d82:	0016                	c.slli	zero,0x5
     d84:	0000                	unimp
     d86:	0000                	unimp
     d88:	0000                	unimp
     d8a:	9c01                	subw	s0,s0,s0
     d8c:	730a                	ld	t1,160(sp)
     d8e:	01000003          	lb	zero,16(zero) # 10 <__stack_align>
     d92:	1305                	addi	t1,t1,-31 # fffffffffffe0fe1 <__heap_end+0xffffffff7ffbbfe1>
     d94:	002e                	c.slli	zero,0xb
     d96:	0000                	unimp
     d98:	00000403          	lb	s0,0(zero) # 0 <__boot_hart>
     d9c:	72747003          	.insn	4, 0x72747003
     da0:	1f00                	addi	s0,sp,944
     da2:	008c                	addi	a1,sp,64
     da4:	0000                	unimp
     da6:	0411                	addi	s0,s0,4
     da8:	0000                	unimp
     daa:	6e656c03          	lwu	s8,1766(a0)
     dae:	2b00                	fld	fs0,16(a4)
     db0:	003c                	addi	a5,sp,8
     db2:	0000                	unimp
     db4:	041f 0000 fe0b      	.insn	6, 0xfe0b0000041f
     dba:	003d                	c.nop	15
     dbc:	0080                	addi	s0,sp,64
     dbe:	0000                	unimp
     dc0:	a800                	fsd	fs0,16(s0)
     dc2:	0000                	unimp
     dc4:	0000                	unimp
     dc6:	3200                	fld	fs0,32(a2)
     dc8:	0001                	nop
     dca:	0500                	addi	s0,sp,640
     dcc:	0100                	addi	s0,sp,128
     dce:	f308                	sd	a0,32(a4)
     dd0:	0006                	c.slli	zero,0x1
     dd2:	0500                	addi	s0,sp,640
     dd4:	0378                	addi	a4,sp,396
     dd6:	0000                	unimp
     dd8:	fa1d                	bnez	a2,d0e <__stack_align+0xcfe>
     dda:	05000003          	lb	zero,80(zero) # 50 <__stack_align+0x40>
     dde:	0002                	c.slli64	zero
     de0:	0c00                	addi	s0,sp,528
     de2:	003e                	c.slli	zero,0xf
     de4:	0080                	addi	s0,sp,64
     de6:	0000                	unimp
     de8:	3c00                	fld	fs0,56(s0)
     dea:	0000                	unimp
     dec:	0000                	unimp
     dee:	0000                	unimp
     df0:	1600                	addi	s0,sp,800
     df2:	000e                	c.slli	zero,0x3
     df4:	0600                	addi	s0,sp,768
     df6:	00000557          	.insn	4, 0x0557
     dfa:	9102                	jalr	sp
     dfc:	3a1a                	fld	fs4,416(sp)
     dfe:	0000                	unimp
     e00:	0100                	addi	s0,sp,128
     e02:	0508                	addi	a0,sp,640
     e04:	00000153          	fadd.s	ft2,ft0,ft0,rne
     e08:	0801                	addi	a6,a6,0
     e0a:	00013607          	fld	fa2,0(sp)
     e0e:	0700                	addi	s0,sp,896
     e10:	0504                	addi	s1,sp,640
     e12:	6e69                	lui	t3,0x1a
     e14:	0074                	addi	a3,sp,12
     e16:	0801                	addi	a6,a6,0
     e18:	4e05                	li	t3,1
     e1a:	0001                	nop
     e1c:	0100                	addi	s0,sp,128
     e1e:	0410                	addi	a2,sp,512
     e20:	0356                	slli	t1,t1,0x15
     e22:	0000                	unimp
     e24:	0401                	addi	s0,s0,0
     e26:	00013b07          	fld	fs6,0(sp)
     e2a:	0100                	addi	s0,sp,128
     e2c:	0601                	addi	a2,a2,0 # 1000 <__stack_align+0xff0>
     e2e:	00f2                	slli	ra,ra,0x1c
     e30:	0000                	unimp
     e32:	0101                	addi	sp,sp,0
     e34:	f008                	sd	a0,32(s0)
     e36:	0000                	unimp
     e38:	0100                	addi	s0,sp,128
     e3a:	0502                	c.slli64	a0
     e3c:	0166                	slli	sp,sp,0x19
     e3e:	0000                	unimp
     e40:	0201                	addi	tp,tp,0 # 0 <__boot_hart>
     e42:	0000fe07          	.insn	4, 0xfe07
     e46:	0800                	addi	s0,sp,16
     e48:	0208                	addi	a0,sp,256
     e4a:	00000087          	.insn	4, 0x0087
     e4e:	0101                	addi	sp,sp,0
     e50:	f908                	sd	a0,48(a0)
     e52:	0000                	unimp
     e54:	0100                	addi	s0,sp,128
     e56:	0708                	addi	a0,sp,896
     e58:	0131                	addi	sp,sp,12
     e5a:	0000                	unimp
     e5c:	8709                	srai	a4,a4,0x2
     e5e:	0000                	unimp
     e60:	a000                	fsd	fs0,0(s0)
     e62:	0000                	unimp
     e64:	0a00                	addi	s0,sp,272
     e66:	0300                	addi	s0,sp,384
     e68:	00000567          	jalr	a0,zero # 0 <__boot_hart>
     e6c:	0d06                	slli	s10,s10,0x1
     e6e:	0095                	addi	ra,ra,5
     e70:	0000                	unimp
     e72:	00056c0b          	.insn	4, 0x00056c0b
     e76:	0100                	addi	s0,sp,128
     e78:	00820e07          	.insn	4, 0x00820e07
     e7c:	0000                	unimp
     e7e:	0309                	addi	t1,t1,2
     e80:	4968                	lw	a0,84(a0)
     e82:	8000                	.insn	2, 0x8000
     e84:	0000                	unimp
     e86:	0000                	unimp
     e88:	060c                	addi	a1,sp,768
     e8a:	0004                	.insn	2, 0x0004
     e8c:	0300                	addi	s0,sp,384
     e8e:	00cd0d13          	addi	s10,s10,12
     e92:	0000                	unimp
     e94:	4802                	lw	a6,0(sp)
     e96:	0000                	unimp
     e98:	0d00                	addi	s0,sp,656
     e9a:	00000573          	.insn	4, 0x0573
     e9e:	0901                	addi	s2,s2,0
     ea0:	00008007          	.insn	4, 0x8007
     ea4:	0c00                	addi	s0,sp,528
     ea6:	003e                	c.slli	zero,0xf
     ea8:	0080                	addi	s0,sp,64
     eaa:	0000                	unimp
     eac:	3c00                	fld	fs0,56(s0)
     eae:	0000                	unimp
     eb0:	0000                	unimp
     eb2:	0000                	unimp
     eb4:	0100                	addi	s0,sp,128
     eb6:	0e9c                	addi	a5,sp,848
     eb8:	0579                	addi	a0,a0,30
     eba:	0000                	unimp
     ebc:	0901                	addi	s2,s2,0
     ebe:	00002e17          	auipc	t3,0x2
     ec2:	3900                	fld	fs0,48(a0)
     ec4:	0004                	.insn	2, 0x0004
     ec6:	0300                	addi	s0,sp,384
     ec8:	0561                	addi	a0,a0,24
     eca:	0000                	unimp
     ecc:	0095110b          	.insn	4, 0x0095110b
     ed0:	0000                	unimp
     ed2:	8504                	.insn	2, 0x8504
     ed4:	0005                	c.nop	1
     ed6:	0c00                	addi	s0,sp,528
     ed8:	0082                	c.slli64	ra
     eda:	0000                	unimp
     edc:	00000447          	fmsub.s	fs0,ft0,ft0,ft0,rne
     ee0:	7e04                	ld	s1,56(a2)
     ee2:	0005                	c.nop	1
     ee4:	0d00                	addi	s0,sp,656
     ee6:	0082                	c.slli64	ra
     ee8:	0000                	unimp
     eea:	045f 0000 3a0f      	.insn	6, 0x3a0f0000045f
     ef0:	003e                	c.slli	zero,0xf
     ef2:	0080                	addi	s0,sp,64
     ef4:	0000                	unimp
     ef6:	c100                	sw	s0,0(a0)
     ef8:	0000                	unimp
     efa:	0000                	unimp
     efc:	7400                	ld	s0,40(s0)
     efe:	0001                	nop
     f00:	0500                	addi	s0,sp,640
     f02:	0100                	addi	s0,sp,128
     f04:	cd08                	sw	a0,24(a0)
     f06:	06000007          	.insn	4, 0x06000007
     f0a:	0378                	addi	a4,sp,396
     f0c:	0000                	unimp
     f0e:	081d                	addi	a6,a6,7
     f10:	0004                	.insn	2, 0x0004
     f12:	0500                	addi	s0,sp,640
     f14:	0002                	c.slli64	zero
     f16:	4800                	lw	s0,16(s0)
     f18:	003e                	c.slli	zero,0xf
     f1a:	0080                	addi	s0,sp,64
     f1c:	0000                	unimp
     f1e:	0600                	addi	s0,sp,768
     f20:	0000                	unimp
     f22:	0000                	unimp
     f24:	0000                	unimp
     f26:	3b00                	fld	fs0,48(a4)
     f28:	0700000f          	fence	orw,unknown
     f2c:	0504                	addi	s1,sp,640
     f2e:	6e69                	lui	t3,0x1a
     f30:	0074                	addi	a3,sp,12
     f32:	0801                	addi	a6,a6,0
     f34:	5305                	li	t1,-31
     f36:	0001                	nop
     f38:	0200                	addi	s0,sp,256
     f3a:	04c4                	addi	s1,sp,580
     f3c:	0000                	unimp
     f3e:	d602                	sw	zero,44(sp)
     f40:	00004817          	auipc	a6,0x4
     f44:	0100                	addi	s0,sp,128
     f46:	0708                	addi	a0,sp,896
     f48:	0136                	slli	sp,sp,0xd
     f4a:	0000                	unimp
     f4c:	0801                	addi	a6,a6,0 # 4f40 <__stack_align+0x4f30>
     f4e:	4e05                	li	t3,1
     f50:	0001                	nop
     f52:	0100                	addi	s0,sp,128
     f54:	0410                	addi	a2,sp,512
     f56:	0356                	slli	t1,t1,0x15
     f58:	0000                	unimp
     f5a:	0401                	addi	s0,s0,0
     f5c:	00013b07          	fld	fs6,0(sp)
     f60:	0100                	addi	s0,sp,128
     f62:	0601                	addi	a2,a2,0
     f64:	00f2                	slli	ra,ra,0x1c
     f66:	0000                	unimp
     f68:	0101                	addi	sp,sp,0
     f6a:	f008                	sd	a0,32(s0)
     f6c:	0000                	unimp
     f6e:	0100                	addi	s0,sp,128
     f70:	0502                	c.slli64	a0
     f72:	0166                	slli	sp,sp,0x19
     f74:	0000                	unimp
     f76:	0201                	addi	tp,tp,0 # 0 <__boot_hart>
     f78:	0000fe07          	.insn	4, 0xfe07
     f7c:	0200                	addi	s0,sp,256
     f7e:	0429                	addi	s0,s0,10
     f80:	0000                	unimp
     f82:	48196903          	lwu	s2,1153(s2)
     f86:	0000                	unimp
     f88:	0200                	addi	s0,sp,256
     f8a:	0599                	addi	a1,a1,6
     f8c:	0000                	unimp
     f8e:	481ae803          	lwu	a6,1153(s5)
     f92:	0000                	unimp
     f94:	0200                	addi	s0,sp,256
     f96:	054e                	slli	a0,a0,0x13
     f98:	0000                	unimp
     f9a:	9304                	.insn	2, 0x9304
     f9c:	00003517          	auipc	a0,0x3
     fa0:	0100                	addi	s0,sp,128
     fa2:	0801                	addi	a6,a6,0
     fa4:	00f9                	addi	ra,ra,30
     fa6:	0000                	unimp
     fa8:	0801                	addi	a6,a6,0
     faa:	00013107          	fld	ft2,0(sp)
     fae:	0200                	addi	s0,sp,256
     fb0:	0000042b          	.insn	4, 0x042b
     fb4:	3c05                	addiw	s8,s8,-31 # fffffffffffe6fe1 <__heap_end+0xffffffff7ffc1fe1>
     fb6:	8014                	.insn	2, 0x8014
     fb8:	0000                	unimp
     fba:	0200                	addi	s0,sp,256
     fbc:	0000059b          	sext.w	a1,zero
     fc0:	5205                	li	tp,-31
     fc2:	8c15                	sub	s0,s0,a3
     fc4:	0000                	unimp
     fc6:	0200                	addi	s0,sp,256
     fc8:	0000054f          	fnmadd.s	fa0,ft0,ft0,ft0,rne
     fcc:	b606                	fsd	ft1,296(sp)
     fce:	9812                	add	a6,a6,tp
     fd0:	0000                	unimp
     fd2:	0800                	addi	s0,sp,16
     fd4:	058c                	addi	a1,sp,704
     fd6:	0000                	unimp
     fd8:	350d1a07          	.insn	4, 0x350d1a07
     fdc:	0000                	unimp
     fde:	fb00                	sd	s0,48(a4)
     fe0:	0000                	unimp
     fe2:	0300                	addi	s0,sp,384
     fe4:	00b2                	slli	ra,ra,0xc
     fe6:	0000                	unimp
     fe8:	0000b203          	ld	tp,0(ra)
     fec:	0300                	addi	s0,sp,384
     fee:	00b2                	slli	ra,ra,0xc
     ff0:	0000                	unimp
     ff2:	00004803          	lbu	a6,0(zero) # 0 <__boot_hart>
     ff6:	0000                	unimp
     ff8:	a509                	j	15fa <__stack_align+0x15ea>
     ffa:	0005                	c.nop	1
     ffc:	0100                	addi	s0,sp,128
     ffe:	0906                	slli	s2,s2,0x1
    1000:	00ca                	slli	ra,ra,0x12
    1002:	0000                	unimp
    1004:	3e48                	fld	fa0,184(a2)
    1006:	8000                	.insn	2, 0x8000
    1008:	0000                	unimp
    100a:	0000                	unimp
    100c:	0006                	c.slli	zero,0x1
    100e:	0000                	unimp
    1010:	0000                	unimp
    1012:	0000                	unimp
    1014:	9c01                	subw	s0,s0,s0
    1016:	0170                	addi	a2,sp,140
    1018:	0000                	unimp
    101a:	6605                	lui	a2,0x1
    101c:	0064                	addi	s1,sp,12
    101e:	2e14                	fld	fa3,24(a2)
    1020:	0000                	unimp
    1022:	7100                	ld	s0,32(a0)
    1024:	0004                	.insn	2, 0x0004
    1026:	0500                	addi	s0,sp,640
    1028:	7470                	ld	a2,232(s0)
    102a:	0072                	c.slli	zero,0x1c
    102c:	7024                	ld	s1,96(s0)
    102e:	0001                	nop
    1030:	7f00                	ld	s0,56(a4)
    1032:	0004                	.insn	2, 0x0004
    1034:	0500                	addi	s0,sp,640
    1036:	656c                	ld	a1,200(a0)
    1038:	006e                	c.slli	zero,0x1b
    103a:	3c30                	fld	fa2,120(s0)
    103c:	0000                	unimp
    103e:	8d00                	.insn	2, 0x8d00
    1040:	0004                	.insn	2, 0x0004
    1042:	0a00                	addi	s0,sp,272
    1044:	3e4e                	fld	ft8,240(sp)
    1046:	8000                	.insn	2, 0x8000
    1048:	0000                	unimp
    104a:	0000                	unimp
    104c:	00d6                	slli	ra,ra,0x15
    104e:	0000                	unimp
    1050:	0104                	addi	s1,sp,128
    1052:	035a                	slli	t1,t1,0x16
    1054:	045a01a3          	sb	t0,67(s4)
    1058:	5b01                	li	s6,-32
    105a:	5b01a303          	lw	t1,1456(gp) # 80005710 <__global_pointer$+0x5b0>
    105e:	0104                	addi	s1,sp,128
    1060:	035c                	addi	a5,sp,388
    1062:	045c01a3          	sb	t0,67(s8)
    1066:	5d01                	li	s10,-32
    1068:	0802                	c.slli64	a6
    106a:	0040                	addi	s0,sp,4
    106c:	0b00                	addi	s0,sp,400
    106e:	7608                	ld	a0,40(a2)
    1070:	0001                	nop
    1072:	0c00                	addi	s0,sp,528
    1074:	2500                	fld	fs0,8(a0)
    1076:	0000                	unimp
    1078:	0500                	addi	s0,sp,640
    107a:	0100                	addi	s0,sp,128
    107c:	7708                	ld	a0,40(a4)
    107e:	0008                	.insn	2, 0x0008
    1080:	0100                	addi	s0,sp,128
    1082:	0fc8                	addi	a0,sp,980
    1084:	0000                	unimp
    1086:	0000                	unimp
    1088:	8000                	.insn	2, 0x8000
    108a:	0000                	unimp
    108c:	0000                	unimp
    108e:	0498                	addi	a4,sp,576
    1090:	05ac                	addi	a1,sp,712
    1092:	0000                	unimp
    1094:	000005bb          	addw	a1,zero,zero
    1098:	000005eb          	.insn	4, 0x05eb
    109c:	8001                	c.srli64	s0
    109e:	0024                	addi	s1,sp,8
    10a0:	0000                	unimp
    10a2:	0005                	c.nop	1
    10a4:	0801                	addi	a6,a6,0
    10a6:	0000088b          	.insn	4, 0x088b
    10aa:	fa01                	bnez	a2,fba <__stack_align+0xfaa>
    10ac:	ee000013          	li	zero,-288
    10b0:	0001                	nop
    10b2:	0080                	addi	s0,sp,64
    10b4:	0000                	unimp
    10b6:	6200                	ld	s0,0(a2)
    10b8:	000005f7          	.insn	4, 0x05f7
    10bc:	000005bb          	addw	a1,zero,zero
    10c0:	000005eb          	.insn	4, 0x05eb
    10c4:	8001                	c.srli64	s0
    10c6:	0136                	slli	sp,sp,0xd
    10c8:	0000                	unimp
    10ca:	0005                	c.nop	1
    10cc:	0801                	addi	a6,a6,0
    10ce:	089f 0000 7804      	.insn	6, 0x78040000089f
    10d4:	1d000003          	lb	zero,464(zero) # 1d0 <__stack_align+0x1c0>
    10d8:	0430                	addi	a2,sp,520
    10da:	0000                	unimp
    10dc:	0205                	addi	tp,tp,1 # 1 <__boot_hart+0x1>
    10de:	0000                	unimp
    10e0:	3e4e                	fld	ft8,240(sp)
    10e2:	8000                	.insn	2, 0x8000
    10e4:	0000                	unimp
    10e6:	0000                	unimp
    10e8:	0016                	c.slli	zero,0x5
    10ea:	0000                	unimp
    10ec:	0000                	unimp
    10ee:	0000                	unimp
    10f0:	145a                	slli	s0,s0,0x36
    10f2:	0000                	unimp
    10f4:	0101                	addi	sp,sp,0
    10f6:	f206                	sd	ra,288(sp)
    10f8:	0000                	unimp
    10fa:	0100                	addi	s0,sp,128
    10fc:	0801                	addi	a6,a6,0
    10fe:	00f0                	addi	a2,sp,76
    1100:	0000                	unimp
    1102:	0201                	addi	tp,tp,0 # 0 <__boot_hart>
    1104:	6605                	lui	a2,0x1
    1106:	0001                	nop
    1108:	0100                	addi	s0,sp,128
    110a:	0702                	c.slli64	a4
    110c:	00fe                	slli	ra,ra,0x1f
    110e:	0000                	unimp
    1110:	0405                	addi	s0,s0,1
    1112:	6905                	lui	s2,0x1
    1114:	746e                	ld	s0,248(sp)
    1116:	0100                	addi	s0,sp,128
    1118:	0704                	addi	s1,sp,896
    111a:	0000013b          	addw	sp,zero,zero
    111e:	0801                	addi	a6,a6,0
    1120:	5305                	li	t1,-31
    1122:	0001                	nop
    1124:	0100                	addi	s0,sp,128
    1126:	0708                	addi	a0,sp,896
    1128:	0136                	slli	sp,sp,0xd
    112a:	0000                	unimp
    112c:	1b02                	slli	s6,s6,0x20
    112e:	0006                	c.slli	zero,0x1
    1130:	0200                	addi	s0,sp,256
    1132:	19e6                	slli	s3,s3,0x39
    1134:	0058                	addi	a4,sp,4
    1136:	0000                	unimp
    1138:	9902                	jalr	s2
    113a:	0005                	c.nop	1
    113c:	0200                	addi	s0,sp,256
    113e:	1ae8                	addi	a0,sp,380
    1140:	005f 0000 1d02      	.insn	6, 0x1d020000005f
    1146:	0006                	c.slli	zero,0x1
    1148:	0300                	addi	s0,sp,384
    114a:	144d                	addi	s0,s0,-13
    114c:	0066                	c.slli	zero,0x19
    114e:	0000                	unimp
    1150:	9b02                	jalr	s6
    1152:	0005                	c.nop	1
    1154:	0300                	addi	s0,sp,384
    1156:	1552                	slli	a0,a0,0x34
    1158:	0072                	c.slli	zero,0x1c
    115a:	0000                	unimp
    115c:	0801                	addi	a6,a6,0
    115e:	4e05                	li	t3,1
    1160:	0001                	nop
    1162:	0100                	addi	s0,sp,128
    1164:	0410                	addi	a2,sp,512
    1166:	0356                	slli	t1,t1,0x15
    1168:	0000                	unimp
    116a:	0101                	addi	sp,sp,0
    116c:	f908                	sd	a0,48(a0)
    116e:	0000                	unimp
    1170:	0600                	addi	s0,sp,768
    1172:	0415                	addi	s0,s0,5
    1174:	0000                	unimp
    1176:	4104                	lw	s1,0(a0)
    1178:	bd0d                	j	faa <__stack_align+0xf9a>
    117a:	0000                	unimp
    117c:	0700                	addi	s0,sp,896
    117e:	004a                	c.slli	zero,0x12
    1180:	0000                	unimp
    1182:	0800                	addi	s0,sp,16
    1184:	0609                	addi	a2,a2,2 # 1002 <__stack_align+0xff2>
    1186:	0000                	unimp
    1188:	0401                	addi	s0,s0,0
    118a:	4e1c                	lw	a5,24(a2)
    118c:	003e                	c.slli	zero,0xf
    118e:	0080                	addi	s0,sp,64
    1190:	0000                	unimp
    1192:	1600                	addi	s0,sp,800
    1194:	0000                	unimp
    1196:	0000                	unimp
    1198:	0000                	unimp
    119a:	0100                	addi	s0,sp,128
    119c:	339c                	fld	fa5,32(a5)
    119e:	0001                	nop
    11a0:	0900                	addi	s0,sp,144
    11a2:	7065                	c.lui	zero,0xffff9
    11a4:	04010063          	beqz	sp,11e4 <__stack_align+0x11d4>
    11a8:	8a32                	mv	s4,a2
    11aa:	0000                	unimp
    11ac:	a700                	fsd	fs0,8(a4)
    11ae:	0004                	.insn	2, 0x0004
    11b0:	0300                	addi	s0,sp,384
    11b2:	0615                	addi	a2,a2,5
    11b4:	0000                	unimp
    11b6:	8a41                	andi	a2,a2,16
    11b8:	0000                	unimp
    11ba:	b500                	fsd	fs0,40(a0)
    11bc:	0004                	.insn	2, 0x0004
    11be:	0300                	addi	s0,sp,384
    11c0:	0000062b          	.insn	4, 0x062b
    11c4:	8a52                	mv	s4,s4
    11c6:	0000                	unimp
    11c8:	c300                	sw	s0,0(a4)
    11ca:	0004                	.insn	2, 0x0004
    11cc:	0300                	addi	s0,sp,384
    11ce:	0626                	slli	a2,a2,0x9
    11d0:	0000                	unimp
    11d2:	3362                	fld	ft6,56(sp)
    11d4:	0001                	nop
    11d6:	d100                	sw	s0,32(a0)
    11d8:	0004                	.insn	2, 0x0004
    11da:	0a00                	addi	s0,sp,272
    11dc:	0424                	addi	s1,sp,520
    11de:	0000                	unimp
    11e0:	0701                	addi	a4,a4,0 # 1a000 <__stack_size+0x12000>
    11e2:	4a09                	li	s4,2
    11e4:	0000                	unimp
    11e6:	df00                	sw	s0,56(a4)
    11e8:	0004                	.insn	2, 0x0004
    11ea:	0b00                	addi	s0,sp,400
    11ec:	3e64                	fld	fs1,248(a2)
    11ee:	8000                	.insn	2, 0x8000
    11f0:	0000                	unimp
    11f2:	0000                	unimp
    11f4:	000000ab          	.insn	4, 0x00ab
    11f8:	0c00                	addi	s0,sp,528
    11fa:	8a08                	.insn	2, 0x8a08
    11fc:	0000                	unimp
    11fe:	0000                	unimp
    1200:	0165                	addi	sp,sp,25
    1202:	0000                	unimp
    1204:	0005                	c.nop	1
    1206:	0801                	addi	a6,a6,0
    1208:	0959                	addi	s2,s2,22 # 1016 <__stack_align+0x1006>
    120a:	0000                	unimp
    120c:	7808                	ld	a0,48(s0)
    120e:	1d000003          	lb	zero,464(zero) # 1d0 <__stack_align+0x1c0>
    1212:	044a                	slli	s0,s0,0x12
    1214:	0000                	unimp
    1216:	0205                	addi	tp,tp,1 # 1 <__boot_hart+0x1>
    1218:	0000                	unimp
    121a:	3e64                	fld	fs1,248(a2)
    121c:	8000                	.insn	2, 0x8000
    121e:	0000                	unimp
    1220:	0000                	unimp
    1222:	0030                	addi	a2,sp,8
    1224:	0000                	unimp
    1226:	0000                	unimp
    1228:	0000                	unimp
    122a:	1511                	addi	a0,a0,-28 # 3f80 <__stack_align+0x3f70>
    122c:	0000                	unimp
    122e:	0801                	addi	a6,a6,0
    1230:	5305                	li	t1,-31
    1232:	0001                	nop
    1234:	0900                	addi	s0,sp,144
    1236:	04c4                	addi	s1,sp,580
    1238:	0000                	unimp
    123a:	4117d603          	lhu	a2,1041(a5)
    123e:	0000                	unimp
    1240:	0100                	addi	s0,sp,128
    1242:	0708                	addi	a0,sp,896
    1244:	0136                	slli	sp,sp,0xd
    1246:	0000                	unimp
    1248:	040a                	slli	s0,s0,0x2
    124a:	6905                	lui	s2,0x1
    124c:	746e                	ld	s0,248(sp)
    124e:	0100                	addi	s0,sp,128
    1250:	0508                	addi	a0,sp,640
    1252:	014e                	slli	sp,sp,0x13
    1254:	0000                	unimp
    1256:	1001                	c.nop	-32
    1258:	5604                	lw	s1,40(a2)
    125a:	01000003          	lb	zero,16(zero) # 10 <__stack_align>
    125e:	0704                	addi	s1,sp,896
    1260:	0000013b          	addw	sp,zero,zero
    1264:	0101                	addi	sp,sp,0
    1266:	f206                	sd	ra,288(sp)
    1268:	0000                	unimp
    126a:	0100                	addi	s0,sp,128
    126c:	0801                	addi	a6,a6,0
    126e:	00f0                	addi	a2,sp,76
    1270:	0000                	unimp
    1272:	0201                	addi	tp,tp,0 # 0 <__boot_hart>
    1274:	6605                	lui	a2,0x1
    1276:	0001                	nop
    1278:	0100                	addi	s0,sp,128
    127a:	0702                	c.slli64	a4
    127c:	00fe                	slli	ra,ra,0x1f
    127e:	0000                	unimp
    1280:	8004080b          	.insn	4, 0x8004080b
    1284:	0000                	unimp
    1286:	0500                	addi	s0,sp,640
    1288:	008c                	addi	a1,sp,64
    128a:	0000                	unimp
    128c:	0101                	addi	sp,sp,0
    128e:	f908                	sd	a0,48(a0)
    1290:	0000                	unimp
    1292:	0100                	addi	s0,sp,128
    1294:	0708                	addi	a0,sp,896
    1296:	0131                	addi	sp,sp,12
    1298:	0000                	unimp
    129a:	8506                	mv	a0,ra
    129c:	0006                	c.slli	zero,0x1
    129e:	2100                	fld	fs0,0(a0)
    12a0:	0080                	addi	s0,sp,64
    12a2:	0000                	unimp
    12a4:	00b8                	addi	a4,sp,72
    12a6:	0000                	unimp
    12a8:	8002                	.insn	2, 0x8002
    12aa:	0000                	unimp
    12ac:	0200                	addi	s0,sp,256
    12ae:	0048                	addi	a0,sp,4
    12b0:	0000                	unimp
    12b2:	3502                	fld	fa0,32(sp)
    12b4:	0000                	unimp
    12b6:	0000                	unimp
    12b8:	7006                	.insn	2, 0x7006
    12ba:	0006                	c.slli	zero,0x1
    12bc:	1f00                	addi	s0,sp,944
    12be:	0080                	addi	s0,sp,64
    12c0:	0000                	unimp
    12c2:	00d6                	slli	ra,ra,0x15
    12c4:	0000                	unimp
    12c6:	8202                	jr	tp
    12c8:	0000                	unimp
    12ca:	0200                	addi	s0,sp,256
    12cc:	000000db          	.insn	4, 0x00db
    12d0:	3502                	fld	fa0,32(sp)
    12d2:	0000                	unimp
    12d4:	0000                	unimp
    12d6:	e005                	bnez	s0,12f6 <__stack_align+0x12e6>
    12d8:	0000                	unimp
    12da:	0400                	addi	s0,sp,512
    12dc:	00d6                	slli	ra,ra,0x15
    12de:	0000                	unimp
    12e0:	0d0c                	addi	a1,sp,656
    12e2:	0630                	addi	a2,sp,776
    12e4:	0000                	unimp
    12e6:	0301                	addi	t1,t1,0
    12e8:	6406                	ld	s0,64(sp)
    12ea:	003e                	c.slli	zero,0xf
    12ec:	0080                	addi	s0,sp,64
    12ee:	0000                	unimp
    12f0:	3000                	fld	fs0,32(s0)
    12f2:	0000                	unimp
    12f4:	0000                	unimp
    12f6:	0000                	unimp
    12f8:	0100                	addi	s0,sp,128
    12fa:	619c                	ld	a5,0(a1)
    12fc:	0001                	nop
    12fe:	0e00                	addi	s0,sp,784
    1300:	0656                	slli	a2,a2,0x15
    1302:	0000                	unimp
    1304:	0501                	addi	a0,a0,0
    1306:	8714                	.insn	2, 0x8714
    1308:	0000                	unimp
    130a:	0100                	addi	s0,sp,128
    130c:	0354                	addi	a3,sp,388
    130e:	00000677          	.insn	4, 0x0677
    1312:	6106                	ld	sp,64(sp)
    1314:	0001                	nop
    1316:	0300                	addi	s0,sp,384
    1318:	0648                	addi	a0,sp,772
    131a:	0000                	unimp
    131c:	00016107          	.insn	4, 0x00016107
    1320:	0300                	addi	s0,sp,384
    1322:	0000063b          	addw	a2,zero,zero
    1326:	6108                	ld	a0,0(a0)
    1328:	0001                	nop
    132a:	0300                	addi	s0,sp,384
    132c:	0664                	addi	s1,sp,780
    132e:	0000                	unimp
    1330:	6109                	addi	sp,sp,128
    1332:	0001                	nop
    1334:	0f00                	addi	s0,sp,912
    1336:	3e7e                	fld	ft8,504(sp)
    1338:	8000                	.insn	2, 0x8000
    133a:	0000                	unimp
    133c:	0000                	unimp
    133e:	00b8                	addi	a4,sp,72
    1340:	0000                	unimp
    1342:	014d                	addi	sp,sp,19
    1344:	0000                	unimp
    1346:	025a0107          	.insn	4, 0x025a0107
    134a:	0078                	addi	a4,sp,12
    134c:	1000                	addi	s0,sp,32
    134e:	3e94                	fld	fa3,56(a3)
    1350:	8000                	.insn	2, 0x8000
    1352:	0000                	unimp
    1354:	0000                	unimp
    1356:	009a                	slli	ra,ra,0x6
    1358:	0000                	unimp
    135a:	015b0107          	.insn	4, 0x015b0107
    135e:	0030                	addi	a2,sp,8
    1360:	1100                	addi	s0,sp,160
    1362:	008c                	addi	a1,sp,64
    1364:	0000                	unimp
    1366:	0012                	c.slli	zero,0x4
    1368:	4500                	lw	s0,8(a0)
    136a:	0000                	unimp
    136c:	0500                	addi	s0,sp,640
    136e:	0100                	addi	s0,sp,128
    1370:	3c08                	fld	fa0,56(s0)
    1372:	000a                	c.slli	zero,0x2
    1374:	0100                	addi	s0,sp,128
    1376:	0378                	addi	a4,sp,396
    1378:	0000                	unimp
    137a:	611d                	addi	sp,sp,416
    137c:	0004                	.insn	2, 0x0004
    137e:	0500                	addi	s0,sp,640
    1380:	0002                	c.slli64	zero
    1382:	9400                	.insn	2, 0x9400
    1384:	003e                	c.slli	zero,0xf
    1386:	0080                	addi	s0,sp,64
    1388:	0000                	unimp
    138a:	0600                	addi	s0,sp,768
    138c:	0000                	unimp
    138e:	0000                	unimp
    1390:	0000                	unimp
    1392:	f000                	sd	s0,32(s0)
    1394:	0015                	c.nop	5
    1396:	0200                	addi	s0,sp,256
    1398:	068c                	addi	a1,sp,832
    139a:	0000                	unimp
    139c:	0701                	addi	a4,a4,0
    139e:	003e9427          	.insn	4, 0x003e9427
    13a2:	0080                	addi	s0,sp,64
    13a4:	0000                	unimp
    13a6:	0600                	addi	s0,sp,768
    13a8:	0000                	unimp
    13aa:	0000                	unimp
    13ac:	0000                	unimp
    13ae:	0100                	addi	s0,sp,128
    13b0:	009c                	addi	a5,sp,64
    13b2:	033c                	addi	a5,sp,392
    13b4:	0000                	unimp
    13b6:	0005                	c.nop	1
    13b8:	0801                	addi	a6,a6,0
    13ba:	0a6c                	addi	a1,sp,284
    13bc:	0000                	unimp
    13be:	7812                	ld	a6,288(sp)
    13c0:	1d000003          	lb	zero,464(zero) # 1d0 <__stack_align+0x1c0>
    13c4:	0470                	addi	a2,sp,524
    13c6:	0000                	unimp
    13c8:	0205                	addi	tp,tp,1 # 1 <__boot_hart+0x1>
    13ca:	0000                	unimp
    13cc:	3e9a                	fld	ft9,416(sp)
    13ce:	8000                	.insn	2, 0x8000
    13d0:	0000                	unimp
    13d2:	0000                	unimp
    13d4:	004c                	addi	a1,sp,4
    13d6:	0000                	unimp
    13d8:	0000                	unimp
    13da:	0000                	unimp
    13dc:	165a                	slli	a2,a2,0x36
    13de:	0000                	unimp
    13e0:	0102                	c.slli64	sp
    13e2:	f206                	sd	ra,288(sp)
    13e4:	0000                	unimp
    13e6:	0200                	addi	s0,sp,256
    13e8:	0801                	addi	a6,a6,0
    13ea:	00f0                	addi	a2,sp,76
    13ec:	0000                	unimp
    13ee:	0202                	c.slli64	tp
    13f0:	6605                	lui	a2,0x1
    13f2:	0001                	nop
    13f4:	0200                	addi	s0,sp,256
    13f6:	0702                	c.slli64	a4
    13f8:	00fe                	slli	ra,ra,0x1f
    13fa:	0000                	unimp
    13fc:	9e01                	subw	a2,a2,s0
    13fe:	0006                	c.slli	zero,0x1
    1400:	0400                	addi	s0,sp,512
    1402:	184d                	addi	a6,a6,-13
    1404:	0056                	c.slli	zero,0x15
    1406:	0000                	unimp
    1408:	69050413          	addi	s0,a0,1680
    140c:	746e                	ld	s0,248(sp)
    140e:	0200                	addi	s0,sp,256
    1410:	0704                	addi	s1,sp,896
    1412:	0000013b          	addw	sp,zero,zero
    1416:	0802                	c.slli64	a6
    1418:	5305                	li	t1,-31
    141a:	0001                	nop
    141c:	0100                	addi	s0,sp,128
    141e:	0429                	addi	s0,s0,10
    1420:	0000                	unimp
    1422:	6904                	ld	s1,16(a0)
    1424:	7719                	lui	a4,0xfffe6
    1426:	0000                	unimp
    1428:	0200                	addi	s0,sp,256
    142a:	0708                	addi	a0,sp,896
    142c:	0136                	slli	sp,sp,0xd
    142e:	0000                	unimp
    1430:	9901                	andi	a0,a0,-32
    1432:	0005                	c.nop	1
    1434:	0400                	addi	s0,sp,512
    1436:	1ae8                	addi	a0,sp,380
    1438:	00000077          	.insn	4, 0x0077
    143c:	a001                	j	143c <__stack_align+0x142c>
    143e:	0006                	c.slli	zero,0x1
    1440:	0500                	addi	s0,sp,640
    1442:	132c                	addi	a1,sp,424
    1444:	004a                	c.slli	zero,0x12
    1446:	0000                	unimp
    1448:	2b01                	sext.w	s6,s6
    144a:	0004                	.insn	2, 0x0004
    144c:	0500                	addi	s0,sp,640
    144e:	143c                	addi	a5,sp,552
    1450:	0000006b          	.insn	4, 0x006b
    1454:	9608                	.insn	2, 0x9608
    1456:	0000                	unimp
    1458:	0100                	addi	s0,sp,128
    145a:	0000059b          	sext.w	a1,zero
    145e:	5205                	li	tp,-31
    1460:	7e15                	lui	t3,0xfffe5
    1462:	0000                	unimp
    1464:	0100                	addi	s0,sp,128
    1466:	06c6                	slli	a3,a3,0x11
    1468:	0000                	unimp
    146a:	1b02                	slli	s6,s6,0x20
    146c:	8a11                	andi	a2,a2,4
    146e:	0000                	unimp
    1470:	1400                	addi	s0,sp,544
    1472:	000000b3          	add	ra,zero,zero
    1476:	0415                	addi	s0,s0,5
    1478:	db090603          	lb	a2,-592(s2) # db0 <__stack_align+0xda0>
    147c:	0000                	unimp
    147e:	1600                	addi	s0,sp,800
    1480:	06ad                	addi	a3,a3,11
    1482:	0000                	unimp
    1484:	b30e0703          	lb	a4,-1232(t3) # fffffffffffe4b30 <__heap_end+0xffffffff7ffbfb30>
    1488:	0000                	unimp
    148a:	0000                	unimp
    148c:	0100                	addi	s0,sp,128
    148e:	00000693          	li	a3,0
    1492:	c4030803          	lb	a6,-960(t1)
    1496:	0000                	unimp
    1498:	0900                	addi	s0,sp,144
    149a:	040e                	slli	s0,s0,0x3
    149c:	0000                	unimp
    149e:	a206                	fsd	ft1,256(sp)
    14a0:	0000                	unimp
    14a2:	0900                	addi	s0,sp,144
    14a4:	0000041b          	sext.w	s0,zero
    14a8:	0000a207          	flw	ft4,0(ra)
    14ac:	0a00                	addi	s0,sp,272
    14ae:	000000e7          	jalr	zero # 0 <__boot_hart>
    14b2:	00030907          	.insn	4, 0x00030907
    14b6:	00800047          	fmsub.s	ft0,ft0,fs0,ft0,rne
    14ba:	0000                	unimp
    14bc:	0a00                	addi	s0,sp,272
    14be:	00f1                	addi	ra,ra,28
    14c0:	0000                	unimp
    14c2:	0908                	addi	a0,sp,144
    14c4:	00470803          	lb	a6,4(a4) # fffffffffffe6004 <__heap_end+0xffffffff7ffc1004>
    14c8:	0080                	addi	s0,sp,64
    14ca:	0000                	unimp
    14cc:	1700                	addi	s0,sp,928
    14ce:	06a8                	addi	a0,sp,840
    14d0:	0000                	unimp
    14d2:	0a01                	addi	s4,s4,0
    14d4:	0000db13          	srli	s6,ra,0x0
    14d8:	0900                	addi	s0,sp,144
    14da:	004a0803          	lb	a6,4(s4)
    14de:	0080                	addi	s0,sp,64
    14e0:	0000                	unimp
    14e2:	1800                	addi	s0,sp,48
    14e4:	058c                	addi	a1,sp,704
    14e6:	0000                	unimp
    14e8:	0c01                	addi	s8,s8,0
    14ea:	6406                	ld	s0,64(sp)
    14ec:	0000                	unimp
    14ee:	9a00                	.insn	2, 0x9a00
    14f0:	003e                	c.slli	zero,0xf
    14f2:	0080                	addi	s0,sp,64
    14f4:	0000                	unimp
    14f6:	4c00                	lw	s0,24(s0)
    14f8:	0000                	unimp
    14fa:	0000                	unimp
    14fc:	0000                	unimp
    14fe:	0100                	addi	s0,sp,128
    1500:	899c                	.insn	2, 0x899c
    1502:	0002                	c.slli64	zero
    1504:	0500                	addi	s0,sp,640
    1506:	3061                	.insn	2, 0x3061
    1508:	1c00                	addi	s0,sp,560
    150a:	0096                	slli	ra,ra,0x5
    150c:	0000                	unimp
    150e:	04f1                	addi	s1,s1,28
    1510:	0000                	unimp
    1512:	6119                	addi	sp,sp,384
    1514:	0031                	c.nop	12
    1516:	0c01                	addi	s8,s8,0
    1518:	9629                	srai	a2,a2,0x2a
    151a:	0000                	unimp
    151c:	0100                	addi	s0,sp,128
    151e:	3261055b          	.insn	4, 0x3261055b
    1522:	3600                	fld	fs0,40(a2)
    1524:	0096                	slli	ra,ra,0x5
    1526:	0000                	unimp
    1528:	04ff 0000 6e05 4800 	.insn	10, 0x007748006e05000004ff
    1530:	0077 
    1532:	0000                	unimp
    1534:	00000513          	li	a0,0
    1538:	6675620b          	.insn	4, 0x6675620b
    153c:	0e00                	addi	s0,sp,784
    153e:	00029917          	auipc	s2,0x29
    1542:	0200                	addi	s0,sp,256
    1544:	4091                	li	ra,4
    1546:	0063730b          	.insn	4, 0x0063730b
    154a:	00960e0f          	.insn	4, 0x00960e0f
    154e:	0000                	unimp
    1550:	5c01                	li	s8,-32
    1552:	ba0c                	fsd	fa1,48(a2)
    1554:	0002                	c.slli64	zero
    1556:	b200                	fsd	fs0,32(a2)
    1558:	003e                	c.slli	zero,0xf
    155a:	0080                	addi	s0,sp,64
    155c:	0000                	unimp
    155e:	0c00                	addi	s0,sp,528
    1560:	0000                	unimp
    1562:	0000                	unimp
    1564:	0000                	unimp
    1566:	1700                	addi	s0,sp,928
    1568:	00000217          	auipc	tp,0x0
    156c:	0002c503          	lbu	a0,0(t0)
    1570:	2100                	fld	fs0,0(a0)
    1572:	0005                	c.nop	1
    1574:	1a00                	addi	s0,sp,304
    1576:	000002eb          	.insn	4, 0x02eb
    157a:	3eb2                	fld	ft9,296(sp)
    157c:	8000                	.insn	2, 0x8000
    157e:	0000                	unimp
    1580:	0000                	unimp
    1582:	00000067          	jr	zero # 0 <__boot_hart>
    1586:	f90e1203          	lh	tp,-112(t3)
    158a:	0001                	nop
    158c:	0300                	addi	s0,sp,384
    158e:	0302                	c.slli64	t1
    1590:	0000                	unimp
    1592:	0530                	addi	a2,sp,648
    1594:	0000                	unimp
    1596:	0002f903          	.insn	4, 0x0002f903
    159a:	3800                	fld	fs0,48(s0)
    159c:	0005                	c.nop	1
    159e:	1b00                	addi	s0,sp,432
    15a0:	00000067          	jr	zero # 0 <__boot_hart>
    15a4:	0b1c                	addi	a5,sp,400
    15a6:	00000003          	lb	zero,0(zero) # 0 <__boot_hart>
    15aa:	0d00                	addi	s0,sp,656
    15ac:	0316                	slli	t1,t1,0x5
    15ae:	0000                	unimp
    15b0:	3eb4                	fld	fa3,120(a3)
    15b2:	8000                	.insn	2, 0x8000
    15b4:	0000                	unimp
    15b6:	0000                	unimp
    15b8:	0002                	c.slli64	zero
    15ba:	0000                	unimp
    15bc:	0000                	unimp
    15be:	0000                	unimp
    15c0:	1010                	addi	a2,sp,32
    15c2:	241d                	addiw	s0,s0,7
    15c4:	00000003          	lb	zero,0(zero) # 0 <__boot_hart>
    15c8:	0e00                	addi	s0,sp,784
    15ca:	00000333          	add	t1,zero,zero
    15ce:	3ebe                	fld	ft9,488(sp)
    15d0:	8000                	.insn	2, 0x8000
    15d2:	0000                	unimp
    15d4:	0000                	unimp
    15d6:	0004                	.insn	2, 0x0004
    15d8:	0000                	unimp
    15da:	0000                	unimp
    15dc:	0000                	unimp
    15de:	0c18                	addi	a4,sp,528
    15e0:	029e                	slli	t0,t0,0x7
    15e2:	0000                	unimp
    15e4:	3ed8                	fld	fa4,184(a3)
    15e6:	8000                	.insn	2, 0x8000
    15e8:	0000                	unimp
    15ea:	0000                	unimp
    15ec:	0004                	.insn	2, 0x0004
    15ee:	0000                	unimp
    15f0:	0000                	unimp
    15f2:	0000                	unimp
    15f4:	721c                	ld	a5,32(a2)
    15f6:	0002                	c.slli64	zero
    15f8:	0300                	addi	s0,sp,384
    15fa:	02a9                	addi	t0,t0,10
    15fc:	0000                	unimp
    15fe:	00000547          	fmsub.s	fa0,ft0,ft0,ft0,rne
    1602:	d10d                	beqz	a0,1524 <__stack_align+0x1514>
    1604:	0002                	c.slli64	zero
    1606:	d800                	sw	s0,48(s0)
    1608:	003e                	c.slli	zero,0xf
    160a:	0080                	addi	s0,sp,64
    160c:	0000                	unimp
    160e:	0400                	addi	s0,sp,512
    1610:	0000                	unimp
    1612:	0000                	unimp
    1614:	0000                	unimp
    1616:	1700                	addi	s0,sp,928
    1618:	0305                	addi	t1,t1,1
    161a:	02dc                	addi	a5,sp,324
    161c:	0000                	unimp
    161e:	00000547          	fmsub.s	fa0,ft0,ft0,ft0,rne
    1622:	0000                	unimp
    1624:	390e                	fld	fs2,224(sp)
    1626:	dc000003          	lb	zero,-576(zero) # fffffffffffffdc0 <__heap_end+0xffffffff7ffdadc0>
    162a:	003e                	c.slli	zero,0xf
    162c:	0080                	addi	s0,sp,64
    162e:	0000                	unimp
    1630:	0400                	addi	s0,sp,512
    1632:	0000                	unimp
    1634:	0000                	unimp
    1636:	0000                	unimp
    1638:	1e00                	addi	s0,sp,816
    163a:	1e00                	addi	s0,sp,816
    163c:	00a2                	slli	ra,ra,0x8
    163e:	0000                	unimp
    1640:	0299                	addi	t0,t0,6
    1642:	0000                	unimp
    1644:	771f 0000 0700      	.insn	6, 0x07000000771f
    164a:	0800                	addi	s0,sp,16
    164c:	0289                	addi	t0,t0,2
    164e:	0000                	unimp
    1650:	e506                	sd	ra,136(sp)
    1652:	0006                	c.slli	zero,0x1
    1654:	0300                	addi	s0,sp,384
    1656:	b515                	j	147a <__stack_align+0x146a>
    1658:	0002                	c.slli64	zero
    165a:	0f00                	addi	s0,sp,912
    165c:	06ad                	addi	a3,a3,11
    165e:	0000                	unimp
    1660:	2c15                	addiw	s8,s8,5
    1662:	02b5                	addi	t0,t0,13
    1664:	0000                	unimp
    1666:	0700                	addi	s0,sp,896
    1668:	000000db          	.insn	4, 0x00db
    166c:	db06                	sw	ra,180(sp)
    166e:	0006                	c.slli	zero,0x1
    1670:	0300                	addi	s0,sp,384
    1672:	d10c                	sw	a1,32(a0)
    1674:	0002                	c.slli64	zero
    1676:	0f00                	addi	s0,sp,912
    1678:	06ad                	addi	a3,a3,11
    167a:	0000                	unimp
    167c:	2a0c                	fld	fa1,16(a2)
    167e:	02b5                	addi	t0,t0,13
    1680:	0000                	unimp
    1682:	0600                	addi	s0,sp,768
    1684:	06f1                	addi	a3,a3,28
    1686:	0000                	unimp
    1688:	3c02                	fld	fs8,32(sp)
    168a:	02e6                	slli	t0,t0,0x19
    168c:	0000                	unimp
    168e:	7004                	ld	s1,32(s0)
    1690:	3c00                	fld	fs0,56(s0)
    1692:	0002e633          	or	a2,t0,zero
    1696:	0000                	unimp
    1698:	0000b307          	fld	ft6,0(ra)
    169c:	1000                	addi	s0,sp,32
    169e:	06b2                	slli	a3,a3,0xc
    16a0:	0000                	unimp
    16a2:	6428                	ld	a0,72(s0)
    16a4:	0000                	unimp
    16a6:	1600                	addi	s0,sp,800
    16a8:	04000003          	lb	zero,64(zero) # 40 <__stack_align+0x30>
    16ac:	0070                	addi	a2,sp,12
    16ae:	3228                	fld	fa0,96(a2)
    16b0:	02e6                	slli	t0,t0,0x19
    16b2:	0000                	unimp
    16b4:	7604                	ld	s1,40(a2)
    16b6:	2800                	fld	fs0,16(s0)
    16b8:	b33e                	fsd	fa5,416(sp)
    16ba:	0000                	unimp
    16bc:	2000                	fld	fs0,0(s0)
    16be:	006e                	c.slli	zero,0x1b
    16c0:	2a02                	fld	fs4,0(sp)
    16c2:	640a                	ld	s0,128(sp)
    16c4:	0000                	unimp
    16c6:	0000                	unimp
    16c8:	cf10                	sw	a2,24(a4)
    16ca:	0006                	c.slli	zero,0x1
    16cc:	1d00                	addi	s0,sp,688
    16ce:	0064                	addi	s1,sp,12
    16d0:	0000                	unimp
    16d2:	032e                	slli	t1,t1,0xb
    16d4:	0000                	unimp
    16d6:	7004                	ld	s1,32(s0)
    16d8:	1d00                	addi	s0,sp,688
    16da:	2e30                	fld	fa2,88(a2)
    16dc:	00000003          	lb	zero,0(zero) # 0 <__boot_hart>
    16e0:	0000bf07          	fld	ft10,0(ra)
    16e4:	1100                	addi	s0,sp,160
    16e6:	00626d77          	.insn	4, 0x00626d77
    16ea:	1116                	slli	sp,sp,0x25
    16ec:	6d72                	ld	s10,280(sp)
    16ee:	0062                	c.slli	zero,0x18
    16f0:	0015                	c.nop	5

Disassembly of section .debug_abbrev:

0000000000000000 <.debug_abbrev>:
   0:	2401                	sext.w	s0,s0
   2:	0b00                	addi	s0,sp,400
   4:	030b3e0b          	.insn	4, 0x030b3e0b
   8:	000e                	c.slli	zero,0x3
   a:	0200                	addi	s0,sp,256
   c:	000d                	c.nop	3
   e:	213a0e03          	lb	t3,531(s4)
  12:	3b01                	addiw	s6,s6,-32
  14:	0b21390b          	.insn	4, 0x0b21390b
  18:	1349                	addi	t1,t1,-14
  1a:	0b38                	addi	a4,sp,408
  1c:	0000                	unimp
  1e:	03003403          	ld	s0,48(zero) # 30 <__stack_align+0x20>
  22:	3a0e                	fld	fs4,224(sp)
  24:	0121                	addi	sp,sp,8
  26:	21390b3b          	.insn	4, 0x21390b3b
  2a:	0213490f          	.insn	4, 0x0213490f
  2e:	04000017          	auipc	zero,0x4000
  32:	000d                	c.nop	3
  34:	213a0803          	lb	a6,531(s4)
  38:	3b01                	addiw	s6,s6,-32
  3a:	0521                	addi	a0,a0,8
  3c:	0b39                	addi	s6,s6,14
  3e:	1349                	addi	t1,t1,-14
  40:	0b38                	addi	a4,sp,408
  42:	0000                	unimp
  44:	3505                	addiw	a0,a0,-31
  46:	4900                	lw	s0,16(a0)
  48:	06000013          	li	zero,96
  4c:	0111                	addi	sp,sp,4
  4e:	0e25                	addi	t3,t3,9
  50:	1f030b13          	addi	s6,t1,496
  54:	17551f1b          	.insn	4, 0x17551f1b
  58:	0111                	addi	sp,sp,4
  5a:	1710                	addi	a2,sp,928
  5c:	0000                	unimp
  5e:	0b002407          	flw	fs0,176(zero) # b0 <__stack_align+0xa0>
  62:	030b3e0b          	.insn	4, 0x030b3e0b
  66:	0008                	.insn	2, 0x0008
  68:	0800                	addi	s0,sp,16
  6a:	0026                	c.slli	zero,0x9
  6c:	1349                	addi	t1,t1,-14
  6e:	0000                	unimp
  70:	0f09                	addi	t5,t5,2
  72:	0b00                	addi	s0,sp,400
  74:	0013490b          	.insn	4, 0x0013490b
  78:	0a00                	addi	s0,sp,272
  7a:	13490037          	lui	zero,0x13490
  7e:	0000                	unimp
  80:	0b01130b          	.insn	4, 0x0b01130b
  84:	3b0b3a0b          	.insn	4, 0x3b0b3a0b
  88:	010b390b          	.insn	4, 0x010b390b
  8c:	0c000013          	li	zero,192
  90:	0016                	c.slli	zero,0x5
  92:	0b3a0e03          	lb	t3,179(s4)
  96:	0b390b3b          	.insn	4, 0x0b390b3b
  9a:	1349                	addi	t1,t1,-14
  9c:	0000                	unimp
  9e:	340d                	addiw	s0,s0,-29
  a0:	0300                	addi	s0,sp,384
  a2:	3a0e                	fld	fs4,224(sp)
  a4:	390b3b0b          	.insn	4, 0x390b3b0b
  a8:	3f13490b          	.insn	4, 0x3f13490b
  ac:	0219                	addi	tp,tp,6 # 156e <__stack_align+0x155e>
  ae:	0018                	.insn	2, 0x0018
  b0:	0e00                	addi	s0,sp,784
  b2:	0034                	addi	a3,sp,8
  b4:	0b3a0803          	lb	a6,179(s4)
  b8:	0b390b3b          	.insn	4, 0x0b390b3b
  bc:	1349                	addi	t1,t1,-14
  be:	1802193f 2e0f0000 	.insn	8, 0x2e0f00001802193f
  c6:	3f01                	addiw	t5,t5,-32
  c8:	0319                	addi	t1,t1,6
  ca:	3a0e                	fld	fs4,224(sp)
  cc:	390b3b0b          	.insn	4, 0x390b3b0b
  d0:	4919270b          	.insn	4, 0x4919270b
  d4:	01193c13          	sltiu	s8,s2,17
  d8:	10000013          	li	zero,256
  dc:	0005                	c.nop	1
  de:	1349                	addi	t1,t1,-14
  e0:	0000                	unimp
  e2:	1811                	addi	a6,a6,-28
  e4:	0000                	unimp
  e6:	1200                	addi	s0,sp,288
  e8:	012e                	slli	sp,sp,0xb
  ea:	0e03193f 0b3b0b3a 	.insn	8, 0x0b3b0b3a0e03193f
  f2:	0b39                	addi	s6,s6,14
  f4:	1349                	addi	t1,t1,-14
  f6:	0111                	addi	sp,sp,4
  f8:	0712                	slli	a4,a4,0x4
  fa:	1840                	addi	s0,sp,52
  fc:	197a                	slli	s2,s2,0x3e
  fe:	1301                	addi	t1,t1,-32
 100:	0000                	unimp
 102:	03003413          	sltiu	s0,zero,48
 106:	3a0e                	fld	fs4,224(sp)
 108:	390b3b0b          	.insn	4, 0x390b3b0b
 10c:	0213490b          	.insn	4, 0x0213490b
 110:	0018                	.insn	2, 0x0018
 112:	1400                	addi	s0,sp,544
 114:	0034                	addi	a3,sp,8
 116:	0b3a0803          	lb	a6,179(s4)
 11a:	0b390b3b          	.insn	4, 0x0b390b3b
 11e:	1349                	addi	t1,t1,-14
 120:	0a1c                	addi	a5,sp,272
 122:	0000                	unimp
 124:	0b15                	addi	s6,s6,5
 126:	1101                	addi	sp,sp,-32
 128:	1201                	addi	tp,tp,-32 # ffffffffffffffe0 <__heap_end+0xffffffff7ffdafe0>
 12a:	00130107          	.insn	4, 0x00130107
 12e:	1600                	addi	s0,sp,800
 130:	0034                	addi	a3,sp,8
 132:	0b3a0803          	lb	a6,179(s4)
 136:	0b390b3b          	.insn	4, 0x0b390b3b
 13a:	1349                	addi	t1,t1,-14
 13c:	1702                	slli	a4,a4,0x20
 13e:	0000                	unimp
 140:	55010b17          	auipc	s6,0x55010
 144:	18000017          	auipc	zero,0x18000
 148:	0148                	addi	a0,sp,132
 14a:	017d                	addi	sp,sp,31
 14c:	0000137f 02004919 	.insn	12, 0x00187e18020049190000137f
 154:	00187e18 
 158:	1a00                	addi	s0,sp,304
 15a:	0101                	addi	sp,sp,0
 15c:	1349                	addi	t1,t1,-14
 15e:	1301                	addi	t1,t1,-32
 160:	0000                	unimp
 162:	4900211b          	.insn	4, 0x4900211b
 166:	000b2f13          	slti	t5,s6,0
 16a:	0000                	unimp
 16c:	2401                	sext.w	s0,s0
 16e:	0b00                	addi	s0,sp,400
 170:	030b3e0b          	.insn	4, 0x030b3e0b
 174:	000e                	c.slli	zero,0x3
 176:	0200                	addi	s0,sp,256
 178:	0034                	addi	a3,sp,8
 17a:	213a0e03          	lb	t3,531(s4)
 17e:	3b01                	addiw	s6,s6,-32 # 55010120 <__heap_size+0x54ff0120>
 180:	0321390b          	.insn	4, 0x0321390b
 184:	1349                	addi	t1,t1,-14
 186:	1702                	slli	a4,a4,0x20
 188:	0000                	unimp
 18a:	03003403          	ld	s0,48(zero) # 30 <__stack_align+0x20>
 18e:	3a08                	fld	fa0,48(a2)
 190:	0121                	addi	sp,sp,8
 192:	0b390b3b          	.insn	4, 0x0b390b3b
 196:	1349                	addi	t1,t1,-14
 198:	1702                	slli	a4,a4,0x20
 19a:	0000                	unimp
 19c:	0d04                	addi	s1,sp,656
 19e:	0300                	addi	s0,sp,384
 1a0:	3a0e                	fld	fs4,224(sp)
 1a2:	390b3b0b          	.insn	4, 0x390b3b0b
 1a6:	0d13490b          	.insn	4, 0x0d13490b
 1aa:	000b6b0b          	.insn	4, 0x000b6b0b
 1ae:	0500                	addi	s0,sp,640
 1b0:	0b0b0113          	addi	sp,s6,176
 1b4:	0b3a                	slli	s6,s6,0xe
 1b6:	21390b3b          	.insn	4, 0x21390b3b
 1ba:	00130103          	lb	sp,1(t1)
 1be:	0600                	addi	s0,sp,768
 1c0:	000d                	c.nop	3
 1c2:	0b3a0e03          	lb	t3,179(s4)
 1c6:	21390b3b          	.insn	4, 0x21390b3b
 1ca:	4905                	li	s2,1
 1cc:	07000013          	li	zero,112
 1d0:	0034                	addi	a3,sp,8
 1d2:	213a0e03          	lb	t3,531(s4)
 1d6:	3b01                	addiw	s6,s6,-32
 1d8:	0321390b          	.insn	4, 0x0321390b
 1dc:	1349                	addi	t1,t1,-14
 1de:	0000                	unimp
 1e0:	1608                	addi	a0,sp,800
 1e2:	0300                	addi	s0,sp,384
 1e4:	3a0e                	fld	fs4,224(sp)
 1e6:	390b3b0b          	.insn	4, 0x390b3b0b
 1ea:	0f21                	addi	t5,t5,8
 1ec:	1349                	addi	t1,t1,-14
 1ee:	0000                	unimp
 1f0:	0d09                	addi	s10,s10,2
 1f2:	0300                	addi	s0,sp,384
 1f4:	3a08                	fld	fa0,48(a2)
 1f6:	390b3b0b          	.insn	4, 0x390b3b0b
 1fa:	0e21                	addi	t3,t3,8
 1fc:	1349                	addi	t1,t1,-14
 1fe:	0b0d                	addi	s6,s6,3
 200:	00000b6b          	.insn	4, 0x0b6b
 204:	170a                	slli	a4,a4,0x22
 206:	0301                	addi	t1,t1,0
 208:	0b0e                	slli	s6,s6,0x3
 20a:	3b0b3a0b          	.insn	4, 0x3b0b3a0b
 20e:	0721390b          	.insn	4, 0x0721390b
 212:	1301                	addi	t1,t1,-32
 214:	0000                	unimp
 216:	03000d0b          	.insn	4, 0x03000d0b
 21a:	3a08                	fld	fa0,48(a2)
 21c:	390b3b0b          	.insn	4, 0x390b3b0b
 220:	0a21                	addi	s4,s4,8
 222:	1349                	addi	t1,t1,-14
 224:	0000                	unimp
 226:	0d0c                	addi	a1,sp,656
 228:	0300                	addi	s0,sp,384
 22a:	3a08                	fld	fa0,48(a2)
 22c:	0321                	addi	t1,t1,8
 22e:	0b390b3b          	.insn	4, 0x0b390b3b
 232:	1349                	addi	t1,t1,-14
 234:	0b38                	addi	a4,sp,408
 236:	0000                	unimp
 238:	340d                	addiw	s0,s0,-29
 23a:	0300                	addi	s0,sp,384
 23c:	3a08                	fld	fa0,48(a2)
 23e:	0121                	addi	sp,sp,8
 240:	21390b3b          	.insn	4, 0x21390b3b
 244:	00134903          	lbu	s2,1(t1)
 248:	0e00                	addi	s0,sp,784
 24a:	1755010b          	.insn	4, 0x1755010b
 24e:	1301                	addi	t1,t1,-32
 250:	0000                	unimp
 252:	2501110f          	.insn	4, 0x2501110f
 256:	130e                	slli	t1,t1,0x23
 258:	1b1f030b          	.insn	4, 0x1b1f030b
 25c:	111f 1201 1007      	.insn	6, 0x10071201111f
 262:	10000017          	auipc	zero,0x10000
 266:	0024                	addi	s1,sp,8
 268:	0b3e0b0b          	.insn	4, 0x0b3e0b0b
 26c:	00000803          	lb	a6,0(zero) # 0 <__boot_hart>
 270:	2e11                	addiw	t3,t3,4
 272:	3f01                	addiw	t5,t5,-32
 274:	0319                	addi	t1,t1,6
 276:	3a0e                	fld	fs4,224(sp)
 278:	390b3b0b          	.insn	4, 0x390b3b0b
 27c:	4919270b          	.insn	4, 0x4919270b
 280:	12011113          	.insn	4, 0x12011113
 284:	7a184007          	.insn	4, 0x7a184007
 288:	0119                	addi	sp,sp,6
 28a:	12000013          	li	zero,288
 28e:	0005                	c.nop	1
 290:	0b3a0803          	lb	a6,179(s4)
 294:	0b390b3b          	.insn	4, 0x0b390b3b
 298:	1349                	addi	t1,t1,-14
 29a:	1702                	slli	a4,a4,0x20
 29c:	0000                	unimp
 29e:	55010b13          	addi	s6,sp,1360
 2a2:	14000017          	auipc	zero,0x14000
 2a6:	0111010b          	.insn	4, 0x0111010b
 2aa:	0712                	slli	a4,a4,0x4
 2ac:	0000                	unimp
 2ae:	0100                	addi	s0,sp,128
 2b0:	0024                	addi	s1,sp,8
 2b2:	0b3e0b0b          	.insn	4, 0x0b3e0b0b
 2b6:	00000e03          	lb	t3,0(zero) # 0 <__boot_hart>
 2ba:	1102                	slli	sp,sp,0x20
 2bc:	2501                	sext.w	a0,a0
 2be:	130e                	slli	t1,t1,0x23
 2c0:	1b1f030b          	.insn	4, 0x1b1f030b
 2c4:	111f 1201 1007      	.insn	6, 0x10071201111f
 2ca:	03000017          	auipc	zero,0x3000
 2ce:	0024                	addi	s1,sp,8
 2d0:	0b3e0b0b          	.insn	4, 0x0b3e0b0b
 2d4:	00000803          	lb	a6,0(zero) # 0 <__boot_hart>
 2d8:	2e04                	fld	fs1,24(a2)
 2da:	3f00                	fld	fs0,56(a4)
 2dc:	0319                	addi	t1,t1,6
 2de:	3a0e                	fld	fs4,224(sp)
 2e0:	390b3b0b          	.insn	4, 0x390b3b0b
 2e4:	4919270b          	.insn	4, 0x4919270b
 2e8:	00193c13          	seqz	s8,s2
 2ec:	0500                	addi	s0,sp,640
 2ee:	0b0b000f          	.insn	4, 0x0b0b000f
 2f2:	1349                	addi	t1,t1,-14
 2f4:	0000                	unimp
 2f6:	2e06                	fld	ft8,64(sp)
 2f8:	3f01                	addiw	t5,t5,-32
 2fa:	0319                	addi	t1,t1,6
 2fc:	3a0e                	fld	fs4,224(sp)
 2fe:	390b3b0b          	.insn	4, 0x390b3b0b
 302:	4919270b          	.insn	4, 0x4919270b
 306:	12011113          	.insn	4, 0x12011113
 30a:	7a184007          	.insn	4, 0x7a184007
 30e:	0019                	c.nop	6
 310:	0700                	addi	s0,sp,896
 312:	0005                	c.nop	1
 314:	0b3a0e03          	lb	t3,179(s4)
 318:	0b390b3b          	.insn	4, 0x0b390b3b
 31c:	1349                	addi	t1,t1,-14
 31e:	1702                	slli	a4,a4,0x20
 320:	0000                	unimp
 322:	4808                	lw	a0,16(s0)
 324:	7d00                	ld	s0,56(a0)
 326:	7f01                	lui	t5,0xfffe0
 328:	00000013          	nop
 32c:	2401                	sext.w	s0,s0
 32e:	0b00                	addi	s0,sp,400
 330:	030b3e0b          	.insn	4, 0x030b3e0b
 334:	000e                	c.slli	zero,0x3
 336:	0200                	addi	s0,sp,256
 338:	0016                	c.slli	zero,0x5
 33a:	0b3a0e03          	lb	t3,179(s4)
 33e:	0b390b3b          	.insn	4, 0x0b390b3b
 342:	1349                	addi	t1,t1,-14
 344:	0000                	unimp
 346:	03003403          	ld	s0,48(zero) # 30 <__stack_align+0x20>
 34a:	3a0e                	fld	fs4,224(sp)
 34c:	0421                	addi	s0,s0,8
 34e:	21390b3b          	.insn	4, 0x21390b3b
 352:	491a                	lw	s2,132(sp)
 354:	3c193f13          	sltiu	t5,s2,961
 358:	0019                	c.nop	6
 35a:	0400                	addi	s0,sp,512
 35c:	0111                	addi	sp,sp,4
 35e:	0e25                	addi	t3,t3,9
 360:	1f030b13          	addi	s6,t1,496
 364:	01111f1b          	slliw	t5,sp,0x11
 368:	0712                	slli	a4,a4,0x4
 36a:	1710                	addi	a2,sp,928
 36c:	0000                	unimp
 36e:	2405                	addiw	s0,s0,1
 370:	0b00                	addi	s0,sp,400
 372:	030b3e0b          	.insn	4, 0x030b3e0b
 376:	0008                	.insn	2, 0x0008
 378:	0600                	addi	s0,sp,768
 37a:	0035                	c.nop	13
 37c:	1349                	addi	t1,t1,-14
 37e:	0000                	unimp
 380:	3f012e07          	flw	ft8,1008(sp)
 384:	0319                	addi	t1,t1,6
 386:	3a0e                	fld	fs4,224(sp)
 388:	390b3b0b          	.insn	4, 0x390b3b0b
 38c:	8719270b          	.insn	4, 0x8719270b
 390:	1901                	addi	s2,s2,-32 # 2a51e <__heap_size+0xa51e>
 392:	0111                	addi	sp,sp,4
 394:	0712                	slli	a4,a4,0x4
 396:	1840                	addi	s0,sp,52
 398:	197a                	slli	s2,s2,0x3e
 39a:	0000                	unimp
 39c:	0508                	addi	a0,sp,640
 39e:	0300                	addi	s0,sp,384
 3a0:	3a0e                	fld	fs4,224(sp)
 3a2:	390b3b0b          	.insn	4, 0x390b3b0b
 3a6:	0213490b          	.insn	4, 0x0213490b
 3aa:	0018                	.insn	2, 0x0018
 3ac:	0900                	addi	s0,sp,144
 3ae:	0034                	addi	a3,sp,8
 3b0:	0b3a0803          	lb	a6,179(s4)
 3b4:	0b390b3b          	.insn	4, 0x0b390b3b
 3b8:	1349                	addi	t1,t1,-14
 3ba:	1802                	slli	a6,a6,0x20
 3bc:	0000                	unimp
 3be:	0100                	addi	s0,sp,128
 3c0:	0016                	c.slli	zero,0x5
 3c2:	0b3a0e03          	lb	t3,179(s4)
 3c6:	0b390b3b          	.insn	4, 0x0b390b3b
 3ca:	1349                	addi	t1,t1,-14
 3cc:	0000                	unimp
 3ce:	0d02                	c.slli64	s10
 3d0:	0300                	addi	s0,sp,384
 3d2:	3a0e                	fld	fs4,224(sp)
 3d4:	390b3b0b          	.insn	4, 0x390b3b0b
 3d8:	3813490b          	.insn	4, 0x3813490b
 3dc:	0300000b          	.insn	4, 0x0300000b
 3e0:	0024                	addi	s1,sp,8
 3e2:	0b3e0b0b          	.insn	4, 0x0b3e0b0b
 3e6:	00000e03          	lb	t3,0(zero) # 0 <__boot_hart>
 3ea:	1304                	addi	s1,sp,416
 3ec:	0301                	addi	t1,t1,0
 3ee:	0b0e                	slli	s6,s6,0x3
 3f0:	3b0b3a0b          	.insn	4, 0x3b0b3a0b
 3f4:	0821390b          	.insn	4, 0x0821390b
 3f8:	1301                	addi	t1,t1,-32
 3fa:	0000                	unimp
 3fc:	0f05                	addi	t5,t5,1 # fffffffffffe0001 <__heap_end+0xffffffff7ffbb001>
 3fe:	0b00                	addi	s0,sp,400
 400:	0821                	addi	a6,a6,8
 402:	1349                	addi	t1,t1,-14
 404:	0000                	unimp
 406:	1106                	slli	sp,sp,0x21
 408:	2501                	sext.w	a0,a0
 40a:	130e                	slli	t1,t1,0x23
 40c:	1b1f030b          	.insn	4, 0x1b1f030b
 410:	111f 1201 1007      	.insn	6, 0x10071201111f
 416:	07000017          	auipc	zero,0x7000
 41a:	0024                	addi	s1,sp,8
 41c:	0b3e0b0b          	.insn	4, 0x0b3e0b0b
 420:	00000803          	lb	a6,0(zero) # 0 <__boot_hart>
 424:	0108                	addi	a0,sp,128
 426:	4901                	li	s2,0
 428:	00130113          	addi	sp,t1,1
 42c:	0900                	addi	s0,sp,144
 42e:	0021                	c.nop	8
 430:	1349                	addi	t1,t1,-14
 432:	00000b2f          	.insn	4, 0x0b2f
 436:	2e0a                	fld	ft8,128(sp)
 438:	3f00                	fld	fs0,56(a4)
 43a:	0319                	addi	t1,t1,6
 43c:	3a0e                	fld	fs4,224(sp)
 43e:	390b3b0b          	.insn	4, 0x390b3b0b
 442:	4919270b          	.insn	4, 0x4919270b
 446:	00193c13          	seqz	s8,s2
 44a:	0b00                	addi	s0,sp,400
 44c:	012e                	slli	sp,sp,0xb
 44e:	0e03193f 0b3b0b3a 	.insn	8, 0x0b3b0b3a0e03193f
 456:	0b39                	addi	s6,s6,14
 458:	13491927          	.insn	4, 0x13491927
 45c:	0111                	addi	sp,sp,4
 45e:	0712                	slli	a4,a4,0x4
 460:	1840                	addi	s0,sp,52
 462:	197a                	slli	s2,s2,0x3e
 464:	1301                	addi	t1,t1,-32
 466:	0000                	unimp
 468:	050c                	addi	a1,sp,640
 46a:	0300                	addi	s0,sp,384
 46c:	3a0e                	fld	fs4,224(sp)
 46e:	390b3b0b          	.insn	4, 0x390b3b0b
 472:	0213490b          	.insn	4, 0x0213490b
 476:	0d000017          	auipc	zero,0xd000
 47a:	0005                	c.nop	1
 47c:	0b3a0803          	lb	a6,179(s4)
 480:	0b390b3b          	.insn	4, 0x0b390b3b
 484:	1349                	addi	t1,t1,-14
 486:	1702                	slli	a4,a4,0x20
 488:	0000                	unimp
 48a:	480e                	lw	a6,192(sp)
 48c:	7d00                	ld	s0,56(a0)
 48e:	7f01                	lui	t5,0xfffe0
 490:	00000013          	nop
 494:	2401                	sext.w	s0,s0
 496:	0b00                	addi	s0,sp,400
 498:	030b3e0b          	.insn	4, 0x030b3e0b
 49c:	000e                	c.slli	zero,0x3
 49e:	0200                	addi	s0,sp,256
 4a0:	0111                	addi	sp,sp,4
 4a2:	0e25                	addi	t3,t3,9
 4a4:	1f030b13          	addi	s6,t1,496
 4a8:	01111f1b          	slliw	t5,sp,0x11
 4ac:	0712                	slli	a4,a4,0x4
 4ae:	1710                	addi	a2,sp,928
 4b0:	0000                	unimp
 4b2:	0b002403          	lw	s0,176(zero) # b0 <__stack_align+0xa0>
 4b6:	030b3e0b          	.insn	4, 0x030b3e0b
 4ba:	0008                	.insn	2, 0x0008
 4bc:	0400                	addi	s0,sp,512
 4be:	002e                	c.slli	zero,0xb
 4c0:	0e03193f 0b3b0b3a 	.insn	8, 0x0b3b0b3a0e03193f
 4c8:	0b39                	addi	s6,s6,14
 4ca:	13491927          	.insn	4, 0x13491927
 4ce:	0111                	addi	sp,sp,4
 4d0:	0712                	slli	a4,a4,0x4
 4d2:	1840                	addi	s0,sp,52
 4d4:	197a                	slli	s2,s2,0x3e
 4d6:	0000                	unimp
 4d8:	0100                	addi	s0,sp,128
 4da:	0024                	addi	s1,sp,8
 4dc:	0b3e0b0b          	.insn	4, 0x0b3e0b0b
 4e0:	00000e03          	lb	t3,0(zero) # 0 <__boot_hart>
 4e4:	1102                	slli	sp,sp,0x20
 4e6:	2501                	sext.w	a0,a0
 4e8:	130e                	slli	t1,t1,0x23
 4ea:	1b1f030b          	.insn	4, 0x1b1f030b
 4ee:	111f 1201 1007      	.insn	6, 0x10071201111f
 4f4:	03000017          	auipc	zero,0x3000
 4f8:	0024                	addi	s1,sp,8
 4fa:	0b3e0b0b          	.insn	4, 0x0b3e0b0b
 4fe:	00000803          	lb	a6,0(zero) # 0 <__boot_hart>
 502:	2e04                	fld	fs1,24(a2)
 504:	3f01                	addiw	t5,t5,-32 # fffffffffffdffe0 <__heap_end+0xffffffff7ffbafe0>
 506:	0319                	addi	t1,t1,6
 508:	3a0e                	fld	fs4,224(sp)
 50a:	390b3b0b          	.insn	4, 0x390b3b0b
 50e:	4919270b          	.insn	4, 0x4919270b
 512:	12011113          	.insn	4, 0x12011113
 516:	7a184007          	.insn	4, 0x7a184007
 51a:	0019                	c.nop	6
 51c:	0500                	addi	s0,sp,640
 51e:	0005                	c.nop	1
 520:	0b3a0e03          	lb	t3,179(s4)
 524:	0b390b3b          	.insn	4, 0x0b390b3b
 528:	1349                	addi	t1,t1,-14
 52a:	1702                	slli	a4,a4,0x20
 52c:	0000                	unimp
 52e:	0100                	addi	s0,sp,128
 530:	0024                	addi	s1,sp,8
 532:	0b3e0b0b          	.insn	4, 0x0b3e0b0b
 536:	00000e03          	lb	t3,0(zero) # 0 <__boot_hart>
 53a:	0502                	c.slli64	a0
 53c:	0300                	addi	s0,sp,384
 53e:	3a08                	fld	fa0,48(a2)
 540:	0121                	addi	sp,sp,8
 542:	3904213b          	.insn	4, 0x3904213b
 546:	0213490b          	.insn	4, 0x0213490b
 54a:	03000017          	auipc	zero,0x3000
 54e:	0111                	addi	sp,sp,4
 550:	0e25                	addi	t3,t3,9
 552:	1f030b13          	addi	s6,t1,496
 556:	01111f1b          	slliw	t5,sp,0x11
 55a:	0712                	slli	a4,a4,0x4
 55c:	1710                	addi	a2,sp,928
 55e:	0000                	unimp
 560:	2404                	fld	fs1,8(s0)
 562:	0b00                	addi	s0,sp,400
 564:	030b3e0b          	.insn	4, 0x030b3e0b
 568:	0008                	.insn	2, 0x0008
 56a:	0500                	addi	s0,sp,640
 56c:	002e                	c.slli	zero,0xb
 56e:	0e03193f 0b3b0b3a 	.insn	8, 0x0b3b0b3a0e03193f
 576:	0b39                	addi	s6,s6,14
 578:	13491927          	.insn	4, 0x13491927
 57c:	193c                	addi	a5,sp,184
 57e:	0000                	unimp
 580:	0f06                	slli	t5,t5,0x1
 582:	0b00                	addi	s0,sp,400
 584:	0013490b          	.insn	4, 0x0013490b
 588:	0700                	addi	s0,sp,896
 58a:	012e                	slli	sp,sp,0xb
 58c:	0e03193f 0b3b0b3a 	.insn	8, 0x0b3b0b3a0e03193f
 594:	0b39                	addi	s6,s6,14
 596:	13491927          	.insn	4, 0x13491927
 59a:	0111                	addi	sp,sp,4
 59c:	0712                	slli	a4,a4,0x4
 59e:	1840                	addi	s0,sp,52
 5a0:	197a                	slli	s2,s2,0x3e
 5a2:	0000                	unimp
 5a4:	4808                	lw	a0,16(s0)
 5a6:	7d00                	ld	s0,56(a0)
 5a8:	7f01                	lui	t5,0xfffe0
 5aa:	00000013          	nop
 5ae:	2401                	sext.w	s0,s0
 5b0:	0b00                	addi	s0,sp,400
 5b2:	030b3e0b          	.insn	4, 0x030b3e0b
 5b6:	000e                	c.slli	zero,0x3
 5b8:	0200                	addi	s0,sp,256
 5ba:	0016                	c.slli	zero,0x5
 5bc:	0b3a0e03          	lb	t3,179(s4)
 5c0:	0b390b3b          	.insn	4, 0x0b390b3b
 5c4:	1349                	addi	t1,t1,-14
 5c6:	0000                	unimp
 5c8:	03000503          	lb	a0,48(zero) # 30 <__stack_align+0x20>
 5cc:	3a08                	fld	fa0,48(a2)
 5ce:	0121                	addi	sp,sp,8
 5d0:	3905213b          	.insn	4, 0x3905213b
 5d4:	0213490b          	.insn	4, 0x0213490b
 5d8:	04000017          	auipc	zero,0x4000
 5dc:	0111                	addi	sp,sp,4
 5de:	0e25                	addi	t3,t3,9
 5e0:	1f030b13          	addi	s6,t1,496
 5e4:	01111f1b          	slliw	t5,sp,0x11
 5e8:	0712                	slli	a4,a4,0x4
 5ea:	1710                	addi	a2,sp,928
 5ec:	0000                	unimp
 5ee:	2405                	addiw	s0,s0,1
 5f0:	0b00                	addi	s0,sp,400
 5f2:	030b3e0b          	.insn	4, 0x030b3e0b
 5f6:	0008                	.insn	2, 0x0008
 5f8:	0600                	addi	s0,sp,768
 5fa:	002e                	c.slli	zero,0xb
 5fc:	0e03193f 0b3b0b3a 	.insn	8, 0x0b3b0b3a0e03193f
 604:	0b39                	addi	s6,s6,14
 606:	13491927          	.insn	4, 0x13491927
 60a:	193c                	addi	a5,sp,184
 60c:	0000                	unimp
 60e:	0b000f07          	.insn	4, 0x0b000f07
 612:	0013490b          	.insn	4, 0x0013490b
 616:	0800                	addi	s0,sp,16
 618:	012e                	slli	sp,sp,0xb
 61a:	0e03193f 0b3b0b3a 	.insn	8, 0x0b3b0b3a0e03193f
 622:	0b39                	addi	s6,s6,14
 624:	13491927          	.insn	4, 0x13491927
 628:	0111                	addi	sp,sp,4
 62a:	0712                	slli	a4,a4,0x4
 62c:	1840                	addi	s0,sp,52
 62e:	197a                	slli	s2,s2,0x3e
 630:	0000                	unimp
 632:	0509                	addi	a0,a0,2
 634:	0300                	addi	s0,sp,384
 636:	3a0e                	fld	fs4,224(sp)
 638:	390b3b0b          	.insn	4, 0x390b3b0b
 63c:	0213490b          	.insn	4, 0x0213490b
 640:	0a000017          	auipc	zero,0xa000
 644:	0048                	addi	a0,sp,4
 646:	017d                	addi	sp,sp,31
 648:	0000137f 00240100 	.insn	12, 0x0b3e0b0b002401000000137f
 650:	0b3e0b0b 
 654:	00000e03          	lb	t3,0(zero) # 0 <__boot_hart>
 658:	1602                	slli	a2,a2,0x20
 65a:	0300                	addi	s0,sp,384
 65c:	3a0e                	fld	fs4,224(sp)
 65e:	390b3b0b          	.insn	4, 0x390b3b0b
 662:	0013490b          	.insn	4, 0x0013490b
 666:	0300                	addi	s0,sp,384
 668:	0005                	c.nop	1
 66a:	213a0803          	lb	a6,531(s4)
 66e:	3b01                	addiw	s6,s6,-32
 670:	0521                	addi	a0,a0,8
 672:	0b39                	addi	s6,s6,14
 674:	1349                	addi	t1,t1,-14
 676:	1702                	slli	a4,a4,0x20
 678:	0000                	unimp
 67a:	1104                	addi	s1,sp,160
 67c:	2501                	sext.w	a0,a0
 67e:	130e                	slli	t1,t1,0x23
 680:	1b1f030b          	.insn	4, 0x1b1f030b
 684:	111f 1201 1007      	.insn	6, 0x10071201111f
 68a:	05000017          	auipc	zero,0x5000
 68e:	0024                	addi	s1,sp,8
 690:	0b3e0b0b          	.insn	4, 0x0b3e0b0b
 694:	00000803          	lb	a6,0(zero) # 0 <__boot_hart>
 698:	0f06                	slli	t5,t5,0x1
 69a:	0b00                	addi	s0,sp,400
 69c:	0700000b          	.insn	4, 0x0700000b
 6a0:	002e                	c.slli	zero,0xb
 6a2:	0e03193f 0b3b0b3a 	.insn	8, 0x0b3b0b3a0e03193f
 6aa:	0b39                	addi	s6,s6,14
 6ac:	13491927          	.insn	4, 0x13491927
 6b0:	193c                	addi	a5,sp,184
 6b2:	0000                	unimp
 6b4:	0f08                	addi	a0,sp,912
 6b6:	0b00                	addi	s0,sp,400
 6b8:	0013490b          	.insn	4, 0x0013490b
 6bc:	0900                	addi	s0,sp,144
 6be:	012e                	slli	sp,sp,0xb
 6c0:	0e03193f 0b3b0b3a 	.insn	8, 0x0b3b0b3a0e03193f
 6c8:	0b39                	addi	s6,s6,14
 6ca:	13491927          	.insn	4, 0x13491927
 6ce:	0111                	addi	sp,sp,4
 6d0:	0712                	slli	a4,a4,0x4
 6d2:	1840                	addi	s0,sp,52
 6d4:	197a                	slli	s2,s2,0x3e
 6d6:	0000                	unimp
 6d8:	050a                	slli	a0,a0,0x2
 6da:	0300                	addi	s0,sp,384
 6dc:	3a0e                	fld	fs4,224(sp)
 6de:	390b3b0b          	.insn	4, 0x390b3b0b
 6e2:	0213490b          	.insn	4, 0x0213490b
 6e6:	0b000017          	auipc	zero,0xb000
 6ea:	0048                	addi	a0,sp,4
 6ec:	017d                	addi	sp,sp,31
 6ee:	0000137f 00240100 	.insn	12, 0x0b3e0b0b002401000000137f
 6f6:	0b3e0b0b 
 6fa:	00000e03          	lb	t3,0(zero) # 0 <__boot_hart>
 6fe:	0f02                	c.slli64	t5
 700:	0b00                	addi	s0,sp,400
 702:	0821                	addi	a6,a6,8
 704:	1349                	addi	t1,t1,-14
 706:	0000                	unimp
 708:	03003403          	ld	s0,48(zero) # 30 <__stack_align+0x20>
 70c:	3a0e                	fld	fs4,224(sp)
 70e:	0121                	addi	sp,sp,8
 710:	0b390b3b          	.insn	4, 0x0b390b3b
 714:	1349                	addi	t1,t1,-14
 716:	193c193f 34040000 	.insn	8, 0x34040000193c193f
 71e:	0300                	addi	s0,sp,384
 720:	3a0e                	fld	fs4,224(sp)
 722:	0121                	addi	sp,sp,8
 724:	21390b3b          	.insn	4, 0x21390b3b
 728:	0213490b          	.insn	4, 0x0213490b
 72c:	05000017          	auipc	zero,0x5000
 730:	0111                	addi	sp,sp,4
 732:	0e25                	addi	t3,t3,9
 734:	1f030b13          	addi	s6,t1,496
 738:	01111f1b          	slliw	t5,sp,0x11
 73c:	0712                	slli	a4,a4,0x4
 73e:	1710                	addi	a2,sp,928
 740:	0000                	unimp
 742:	1606                	slli	a2,a2,0x21
 744:	0300                	addi	s0,sp,384
 746:	3a0e                	fld	fs4,224(sp)
 748:	390b3b0b          	.insn	4, 0x390b3b0b
 74c:	0013490b          	.insn	4, 0x0013490b
 750:	0700                	addi	s0,sp,896
 752:	0024                	addi	s1,sp,8
 754:	0b3e0b0b          	.insn	4, 0x0b3e0b0b
 758:	00000803          	lb	a6,0(zero) # 0 <__boot_hart>
 75c:	0f08                	addi	a0,sp,912
 75e:	0b00                	addi	s0,sp,400
 760:	0900000b          	.insn	4, 0x0900000b
 764:	0101                	addi	sp,sp,0
 766:	1349                	addi	t1,t1,-14
 768:	1301                	addi	t1,t1,-32
 76a:	0000                	unimp
 76c:	210a                	fld	ft2,128(sp)
 76e:	0000                	unimp
 770:	0b00                	addi	s0,sp,400
 772:	0034                	addi	a3,sp,8
 774:	0b3a0e03          	lb	t3,179(s4)
 778:	0b390b3b          	.insn	4, 0x0b390b3b
 77c:	1349                	addi	t1,t1,-14
 77e:	1802                	slli	a6,a6,0x20
 780:	0000                	unimp
 782:	2e0c                	fld	fa1,24(a2)
 784:	3f00                	fld	fs0,56(a4)
 786:	0319                	addi	t1,t1,6
 788:	3a0e                	fld	fs4,224(sp)
 78a:	390b3b0b          	.insn	4, 0x390b3b0b
 78e:	4919270b          	.insn	4, 0x4919270b
 792:	00193c13          	seqz	s8,s2
 796:	0d00                	addi	s0,sp,656
 798:	012e                	slli	sp,sp,0xb
 79a:	0e03193f 0b3b0b3a 	.insn	8, 0x0b3b0b3a0e03193f
 7a2:	0b39                	addi	s6,s6,14
 7a4:	13491927          	.insn	4, 0x13491927
 7a8:	0111                	addi	sp,sp,4
 7aa:	0712                	slli	a4,a4,0x4
 7ac:	1840                	addi	s0,sp,52
 7ae:	197a                	slli	s2,s2,0x3e
 7b0:	0000                	unimp
 7b2:	050e                	slli	a0,a0,0x3
 7b4:	0300                	addi	s0,sp,384
 7b6:	3a0e                	fld	fs4,224(sp)
 7b8:	390b3b0b          	.insn	4, 0x390b3b0b
 7bc:	0213490b          	.insn	4, 0x0213490b
 7c0:	0f000017          	auipc	zero,0xf000
 7c4:	0048                	addi	a0,sp,4
 7c6:	017d                	addi	sp,sp,31
 7c8:	0000137f 00240100 	.insn	12, 0x0b3e0b0b002401000000137f
 7d0:	0b3e0b0b 
 7d4:	00000e03          	lb	t3,0(zero) # 0 <__boot_hart>
 7d8:	1602                	slli	a2,a2,0x20
 7da:	0300                	addi	s0,sp,384
 7dc:	3a0e                	fld	fs4,224(sp)
 7de:	390b3b0b          	.insn	4, 0x390b3b0b
 7e2:	0013490b          	.insn	4, 0x0013490b
 7e6:	0300                	addi	s0,sp,384
 7e8:	0005                	c.nop	1
 7ea:	1349                	addi	t1,t1,-14
 7ec:	0000                	unimp
 7ee:	4904                	lw	s1,16(a0)
 7f0:	0200                	addi	s0,sp,256
 7f2:	7e18                	ld	a4,56(a2)
 7f4:	0018                	.insn	2, 0x0018
 7f6:	0500                	addi	s0,sp,640
 7f8:	0005                	c.nop	1
 7fa:	213a0803          	lb	a6,531(s4)
 7fe:	3b01                	addiw	s6,s6,-32
 800:	0621                	addi	a2,a2,8 # 1008 <__stack_align+0xff8>
 802:	0b39                	addi	s6,s6,14
 804:	1349                	addi	t1,t1,-14
 806:	1702                	slli	a4,a4,0x20
 808:	0000                	unimp
 80a:	1106                	slli	sp,sp,0x21
 80c:	2501                	sext.w	a0,a0
 80e:	130e                	slli	t1,t1,0x23
 810:	1b1f030b          	.insn	4, 0x1b1f030b
 814:	111f 1201 1007      	.insn	6, 0x10071201111f
 81a:	07000017          	auipc	zero,0x7000
 81e:	0024                	addi	s1,sp,8
 820:	0b3e0b0b          	.insn	4, 0x0b3e0b0b
 824:	00000803          	lb	a6,0(zero) # 0 <__boot_hart>
 828:	2e08                	fld	fa0,24(a2)
 82a:	3f01                	addiw	t5,t5,-32 # fffffffffffdffe0 <__heap_end+0xffffffff7ffbafe0>
 82c:	0319                	addi	t1,t1,6
 82e:	3a0e                	fld	fs4,224(sp)
 830:	390b3b0b          	.insn	4, 0x390b3b0b
 834:	4919270b          	.insn	4, 0x4919270b
 838:	01193c13          	sltiu	s8,s2,17
 83c:	09000013          	li	zero,144
 840:	012e                	slli	sp,sp,0xb
 842:	0e03193f 0b3b0b3a 	.insn	8, 0x0b3b0b3a0e03193f
 84a:	0b39                	addi	s6,s6,14
 84c:	13491927          	.insn	4, 0x13491927
 850:	0111                	addi	sp,sp,4
 852:	0712                	slli	a4,a4,0x4
 854:	1840                	addi	s0,sp,52
 856:	197a                	slli	s2,s2,0x3e
 858:	1301                	addi	t1,t1,-32
 85a:	0000                	unimp
 85c:	480a                	lw	a6,128(sp)
 85e:	7d01                	lui	s10,0xfffe0
 860:	8201                	c.srli64	a2
 862:	1901                	addi	s2,s2,-32
 864:	0000137f 0b000f0b 	.insn	12, 0x0013490b0b000f0b0000137f
 86c:	0013490b 
 870:	0c00                	addi	s0,sp,528
 872:	0026                	c.slli	zero,0x9
 874:	0000                	unimp
 876:	0100                	addi	s0,sp,128
 878:	0011                	c.nop	4
 87a:	1710                	addi	a2,sp,928
 87c:	0111                	addi	sp,sp,4
 87e:	0f12                	slli	t5,t5,0x4
 880:	0e1b0e03          	lb	t3,225(s6)
 884:	0e25                	addi	t3,t3,9
 886:	00000513          	li	a0,0
 88a:	0100                	addi	s0,sp,128
 88c:	0011                	c.nop	4
 88e:	1710                	addi	a2,sp,928
 890:	0111                	addi	sp,sp,4
 892:	0f12                	slli	t5,t5,0x4
 894:	0e1b0e03          	lb	t3,225(s6)
 898:	0e25                	addi	t3,t3,9
 89a:	00000513          	li	a0,0
 89e:	0100                	addi	s0,sp,128
 8a0:	0024                	addi	s1,sp,8
 8a2:	0b3e0b0b          	.insn	4, 0x0b3e0b0b
 8a6:	00000e03          	lb	t3,0(zero) # 0 <__boot_hart>
 8aa:	1602                	slli	a2,a2,0x20
 8ac:	0300                	addi	s0,sp,384
 8ae:	3a0e                	fld	fs4,224(sp)
 8b0:	390b3b0b          	.insn	4, 0x390b3b0b
 8b4:	0013490b          	.insn	4, 0x0013490b
 8b8:	0300                	addi	s0,sp,384
 8ba:	0005                	c.nop	1
 8bc:	213a0e03          	lb	t3,531(s4)
 8c0:	3b01                	addiw	s6,s6,-32
 8c2:	0421                	addi	s0,s0,8
 8c4:	0b39                	addi	s6,s6,14
 8c6:	1349                	addi	t1,t1,-14
 8c8:	1702                	slli	a4,a4,0x20
 8ca:	0000                	unimp
 8cc:	1104                	addi	s1,sp,160
 8ce:	2501                	sext.w	a0,a0
 8d0:	130e                	slli	t1,t1,0x23
 8d2:	1b1f030b          	.insn	4, 0x1b1f030b
 8d6:	111f 1201 1007      	.insn	6, 0x10071201111f
 8dc:	05000017          	auipc	zero,0x5000
 8e0:	0024                	addi	s1,sp,8
 8e2:	0b3e0b0b          	.insn	4, 0x0b3e0b0b
 8e6:	00000803          	lb	a6,0(zero) # 0 <__boot_hart>
 8ea:	2e06                	fld	ft8,64(sp)
 8ec:	3f01                	addiw	t5,t5,-32
 8ee:	0319                	addi	t1,t1,6
 8f0:	3a0e                	fld	fs4,224(sp)
 8f2:	390b3b0b          	.insn	4, 0x390b3b0b
 8f6:	8719270b          	.insn	4, 0x8719270b
 8fa:	1901                	addi	s2,s2,-32
 8fc:	193c                	addi	a5,sp,184
 8fe:	1301                	addi	t1,t1,-32
 900:	0000                	unimp
 902:	49000507          	.insn	4, 0x49000507
 906:	08000013          	li	zero,128
 90a:	012e                	slli	sp,sp,0xb
 90c:	0e03193f 0b3b0b3a 	.insn	8, 0x0b3b0b3a0e03193f
 914:	0b39                	addi	s6,s6,14
 916:	01111927          	.insn	4, 0x01111927
 91a:	0712                	slli	a4,a4,0x4
 91c:	1840                	addi	s0,sp,52
 91e:	197a                	slli	s2,s2,0x3e
 920:	1301                	addi	t1,t1,-32
 922:	0000                	unimp
 924:	0509                	addi	a0,a0,2
 926:	0300                	addi	s0,sp,384
 928:	3a08                	fld	fa0,48(a2)
 92a:	390b3b0b          	.insn	4, 0x390b3b0b
 92e:	0213490b          	.insn	4, 0x0213490b
 932:	0a000017          	auipc	zero,0xa000
 936:	0034                	addi	a3,sp,8
 938:	0b3a0e03          	lb	t3,179(s4)
 93c:	0b390b3b          	.insn	4, 0x0b390b3b
 940:	1349                	addi	t1,t1,-14
 942:	1702                	slli	a4,a4,0x20
 944:	0000                	unimp
 946:	7d00480b          	.insn	4, 0x7d00480b
 94a:	7f01                	lui	t5,0xfffe0
 94c:	0c000013          	li	zero,192
 950:	0b0b000f          	.insn	4, 0x0b0b000f
 954:	1349                	addi	t1,t1,-14
 956:	0000                	unimp
 958:	0100                	addi	s0,sp,128
 95a:	0024                	addi	s1,sp,8
 95c:	0b3e0b0b          	.insn	4, 0x0b3e0b0b
 960:	00000e03          	lb	t3,0(zero) # 0 <__boot_hart>
 964:	0502                	c.slli64	a0
 966:	4900                	lw	s0,16(a0)
 968:	03000013          	li	zero,48
 96c:	0034                	addi	a3,sp,8
 96e:	213a0e03          	lb	t3,531(s4)
 972:	3b01                	addiw	s6,s6,-32
 974:	1121390b          	.insn	4, 0x1121390b
 978:	1349                	addi	t1,t1,-14
 97a:	193c193f 37040000 	.insn	8, 0x37040000193c193f
 982:	4900                	lw	s0,16(a0)
 984:	05000013          	li	zero,80
 988:	210b000f          	.insn	4, 0x210b000f
 98c:	4908                	lw	a0,16(a0)
 98e:	06000013          	li	zero,96
 992:	012e                	slli	sp,sp,0xb
 994:	0e03193f 3b02213a 	.insn	8, 0x3b02213a0e03193f
 99c:	0921390b          	.insn	4, 0x0921390b
 9a0:	13491927          	.insn	4, 0x13491927
 9a4:	193c                	addi	a5,sp,184
 9a6:	1301                	addi	t1,t1,-32
 9a8:	0000                	unimp
 9aa:	02004907          	.insn	4, 0x02004907
 9ae:	7e18                	ld	a4,56(a2)
 9b0:	0018                	.insn	2, 0x0018
 9b2:	0800                	addi	s0,sp,16
 9b4:	0111                	addi	sp,sp,4
 9b6:	0e25                	addi	t3,t3,9
 9b8:	1f030b13          	addi	s6,t1,496
 9bc:	01111f1b          	slliw	t5,sp,0x11
 9c0:	0712                	slli	a4,a4,0x4
 9c2:	1710                	addi	a2,sp,928
 9c4:	0000                	unimp
 9c6:	1609                	addi	a2,a2,-30
 9c8:	0300                	addi	s0,sp,384
 9ca:	3a0e                	fld	fs4,224(sp)
 9cc:	390b3b0b          	.insn	4, 0x390b3b0b
 9d0:	0013490b          	.insn	4, 0x0013490b
 9d4:	0a00                	addi	s0,sp,272
 9d6:	0024                	addi	s1,sp,8
 9d8:	0b3e0b0b          	.insn	4, 0x0b3e0b0b
 9dc:	00000803          	lb	a6,0(zero) # 0 <__boot_hart>
 9e0:	0b000f0b          	.insn	4, 0x0b000f0b
 9e4:	0c00000b          	.insn	4, 0x0c00000b
 9e8:	0026                	c.slli	zero,0x9
 9ea:	0000                	unimp
 9ec:	2e0d                	addiw	t3,t3,3
 9ee:	3f01                	addiw	t5,t5,-32 # fffffffffffdffe0 <__heap_end+0xffffffff7ffbafe0>
 9f0:	0319                	addi	t1,t1,6
 9f2:	3a0e                	fld	fs4,224(sp)
 9f4:	390b3b0b          	.insn	4, 0x390b3b0b
 9f8:	1119270b          	.insn	4, 0x1119270b
 9fc:	1201                	addi	tp,tp,-32 # ffffffffffffffe0 <__heap_end+0xffffffff7ffdafe0>
 9fe:	7a184007          	.insn	4, 0x7a184007
 a02:	0119                	addi	sp,sp,6
 a04:	0e000013          	li	zero,224
 a08:	0034                	addi	a3,sp,8
 a0a:	0b3a0e03          	lb	t3,179(s4)
 a0e:	0b390b3b          	.insn	4, 0x0b390b3b
 a12:	1349                	addi	t1,t1,-14
 a14:	1802                	slli	a6,a6,0x20
 a16:	0000                	unimp
 a18:	7d01480f          	.insn	4, 0x7d01480f
 a1c:	7f01                	lui	t5,0xfffe0
 a1e:	00130113          	addi	sp,t1,1
 a22:	1000                	addi	s0,sp,32
 a24:	0148                	addi	a0,sp,132
 a26:	017d                	addi	sp,sp,31
 a28:	0182                	c.slli64	gp
 a2a:	7f19                	lui	t5,0xfffe6
 a2c:	11000013          	li	zero,272
 a30:	0101                	addi	sp,sp,0
 a32:	1349                	addi	t1,t1,-14
 a34:	0000                	unimp
 a36:	2112                	fld	ft2,256(sp)
 a38:	0000                	unimp
 a3a:	0000                	unimp
 a3c:	1101                	addi	sp,sp,-32
 a3e:	2501                	sext.w	a0,a0
 a40:	130e                	slli	t1,t1,0x23
 a42:	1b1f030b          	.insn	4, 0x1b1f030b
 a46:	111f 1201 1007      	.insn	6, 0x10071201111f
 a4c:	02000017          	auipc	zero,0x2000
 a50:	002e                	c.slli	zero,0xb
 a52:	0e03193f 0b3b0b3a 	.insn	8, 0x0b3b0b3a0e03193f
 a5a:	0b39                	addi	s6,s6,14
 a5c:	01871927          	.insn	4, 0x01871927
 a60:	1119                	addi	sp,sp,-26
 a62:	1201                	addi	tp,tp,-32 # ffffffffffffffe0 <__heap_end+0xffffffff7ffdafe0>
 a64:	7a184007          	.insn	4, 0x7a184007
 a68:	0019                	c.nop	6
 a6a:	0000                	unimp
 a6c:	1601                	addi	a2,a2,-32
 a6e:	0300                	addi	s0,sp,384
 a70:	3a0e                	fld	fs4,224(sp)
 a72:	390b3b0b          	.insn	4, 0x390b3b0b
 a76:	0013490b          	.insn	4, 0x0013490b
 a7a:	0200                	addi	s0,sp,256
 a7c:	0024                	addi	s1,sp,8
 a7e:	0b3e0b0b          	.insn	4, 0x0b3e0b0b
 a82:	00000e03          	lb	t3,0(zero) # 0 <__boot_hart>
 a86:	31000503          	lb	a0,784(zero) # 310 <__stack_align+0x300>
 a8a:	00170213          	addi	tp,a4,1
 a8e:	0400                	addi	s0,sp,512
 a90:	0005                	c.nop	1
 a92:	213a0803          	lb	a6,531(s4)
 a96:	3b02                	fld	fs6,32(sp)
 a98:	490b390b          	.insn	4, 0x490b390b
 a9c:	05000013          	li	zero,80
 aa0:	0005                	c.nop	1
 aa2:	213a0803          	lb	a6,531(s4)
 aa6:	3b01                	addiw	s6,s6,-32
 aa8:	0c21                	addi	s8,s8,8
 aaa:	0b39                	addi	s6,s6,14
 aac:	1349                	addi	t1,t1,-14
 aae:	1702                	slli	a4,a4,0x20
 ab0:	0000                	unimp
 ab2:	2e06                	fld	ft8,64(sp)
 ab4:	0301                	addi	t1,t1,0
 ab6:	3a0e                	fld	fs4,224(sp)
 ab8:	390b3b0b          	.insn	4, 0x390b3b0b
 abc:	1421                	addi	s0,s0,-24
 abe:	21201927          	.insn	4, 0x21201927
 ac2:	00130103          	lb	sp,1(t1)
 ac6:	0700                	addi	s0,sp,896
 ac8:	210b000f          	.insn	4, 0x210b000f
 acc:	4908                	lw	a0,16(a0)
 ace:	08000013          	li	zero,128
 ad2:	0035                	c.nop	13
 ad4:	1349                	addi	t1,t1,-14
 ad6:	0000                	unimp
 ad8:	3409                	addiw	s0,s0,-30
 ada:	0300                	addi	s0,sp,384
 adc:	3a0e                	fld	fs4,224(sp)
 ade:	0621                	addi	a2,a2,8
 ae0:	21390b3b          	.insn	4, 0x21390b3b
 ae4:	491a                	lw	s2,132(sp)
 ae6:	3c193f13          	sltiu	t5,s2,961
 aea:	0019                	c.nop	6
 aec:	0a00                	addi	s0,sp,272
 aee:	0034                	addi	a3,sp,8
 af0:	213a1347          	fmsub.s	ft6,fs4,fs3,ft4,rtz
 af4:	3b01                	addiw	s6,s6,-32
 af6:	1321390b          	.insn	4, 0x1321390b
 afa:	1802                	slli	a6,a6,0x20
 afc:	0000                	unimp
 afe:	0300340b          	.insn	4, 0x0300340b
 b02:	3a08                	fld	fa0,48(a2)
 b04:	0121                	addi	sp,sp,8
 b06:	0b390b3b          	.insn	4, 0x0b390b3b
 b0a:	1349                	addi	t1,t1,-14
 b0c:	1802                	slli	a6,a6,0x20
 b0e:	0000                	unimp
 b10:	1d0c                	addi	a1,sp,688
 b12:	3101                	addiw	sp,sp,-32
 b14:	12011113          	.insn	4, 0x12011113
 b18:	01215807          	.insn	4, 0x01215807
 b1c:	0b59                	addi	s6,s6,22
 b1e:	01052157          	.insn	4, 0x01052157
 b22:	0d000013          	li	zero,208
 b26:	011d                	addi	sp,sp,7
 b28:	1331                	addi	t1,t1,-20
 b2a:	0111                	addi	sp,sp,4
 b2c:	0712                	slli	a4,a4,0x4
 b2e:	2158                	fld	fa4,128(a0)
 b30:	570b5903          	lhu	s2,1392(s6)
 b34:	0e00000b          	.insn	4, 0x0e00000b
 b38:	001d                	c.nop	7
 b3a:	1331                	addi	t1,t1,-20
 b3c:	0111                	addi	sp,sp,4
 b3e:	0712                	slli	a4,a4,0x4
 b40:	2158                	fld	fa4,128(a0)
 b42:	5901                	li	s2,-32
 b44:	0521570b          	.insn	4, 0x0521570b
 b48:	0000                	unimp
 b4a:	0300050f          	.insn	4, 0x0300050f
 b4e:	3a0e                	fld	fs4,224(sp)
 b50:	0321                	addi	t1,t1,8
 b52:	0b390b3b          	.insn	4, 0x0b390b3b
 b56:	1349                	addi	t1,t1,-14
 b58:	0000                	unimp
 b5a:	2e10                	fld	fa2,24(a2)
 b5c:	0301                	addi	t1,t1,0
 b5e:	3a0e                	fld	fs4,224(sp)
 b60:	0221                	addi	tp,tp,8 # 8 <__boot_hart+0x8>
 b62:	21390b3b          	.insn	4, 0x21390b3b
 b66:	2714                	fld	fa3,8(a4)
 b68:	4919                	li	s2,6
 b6a:	03212013          	slti	zero,sp,50
 b6e:	1301                	addi	t1,t1,-32
 b70:	0000                	unimp
 b72:	2e11                	addiw	t3,t3,4
 b74:	0300                	addi	s0,sp,384
 b76:	3a08                	fld	fa0,48(a2)
 b78:	0221                	addi	tp,tp,8 # 8 <__boot_hart+0x8>
 b7a:	21390b3b          	.insn	4, 0x21390b3b
 b7e:	2714                	fld	fa3,8(a4)
 b80:	2019                	.insn	2, 0x2019
 b82:	0321                	addi	t1,t1,8
 b84:	0000                	unimp
 b86:	1112                	slli	sp,sp,0x24
 b88:	2501                	sext.w	a0,a0
 b8a:	130e                	slli	t1,t1,0x23
 b8c:	1b1f030b          	.insn	4, 0x1b1f030b
 b90:	111f 1201 1007      	.insn	6, 0x10071201111f
 b96:	13000017          	auipc	zero,0x13000
 b9a:	0024                	addi	s1,sp,8
 b9c:	0b3e0b0b          	.insn	4, 0x0b3e0b0b
 ba0:	00000803          	lb	a6,0(zero) # 0 <__boot_hart>
 ba4:	2614                	fld	fa3,8(a2)
 ba6:	4900                	lw	s0,16(a0)
 ba8:	15000013          	li	zero,336
 bac:	0b0b0113          	addi	sp,s6,176
 bb0:	0b3a                	slli	s6,s6,0xe
 bb2:	0b390b3b          	.insn	4, 0x0b390b3b
 bb6:	1301                	addi	t1,t1,-32
 bb8:	0000                	unimp
 bba:	0d16                	slli	s10,s10,0x5
 bbc:	0300                	addi	s0,sp,384
 bbe:	3a0e                	fld	fs4,224(sp)
 bc0:	390b3b0b          	.insn	4, 0x390b3b0b
 bc4:	3813490b          	.insn	4, 0x3813490b
 bc8:	1700000b          	.insn	4, 0x1700000b
 bcc:	0034                	addi	a3,sp,8
 bce:	0b3a0e03          	lb	t3,179(s4)
 bd2:	0b390b3b          	.insn	4, 0x0b390b3b
 bd6:	1349                	addi	t1,t1,-14
 bd8:	1802                	slli	a6,a6,0x20
 bda:	0000                	unimp
 bdc:	2e18                	fld	fa4,24(a2)
 bde:	3f01                	addiw	t5,t5,-32 # fffffffffffe5fe0 <__heap_end+0xffffffff7ffc0fe0>
 be0:	0319                	addi	t1,t1,6
 be2:	3a0e                	fld	fs4,224(sp)
 be4:	390b3b0b          	.insn	4, 0x390b3b0b
 be8:	4919270b          	.insn	4, 0x4919270b
 bec:	12011113          	.insn	4, 0x12011113
 bf0:	7a184007          	.insn	4, 0x7a184007
 bf4:	0119                	addi	sp,sp,6
 bf6:	19000013          	li	zero,400
 bfa:	0005                	c.nop	1
 bfc:	0b3a0803          	lb	a6,179(s4)
 c00:	0b390b3b          	.insn	4, 0x0b390b3b
 c04:	1349                	addi	t1,t1,-14
 c06:	1802                	slli	a6,a6,0x20
 c08:	0000                	unimp
 c0a:	1d1a                	slli	s10,s10,0x26
 c0c:	3101                	addiw	sp,sp,-32
 c0e:	55015213          	.insn	4, 0x55015213
 c12:	590b5817          	auipc	a6,0x590b5
 c16:	010b570b          	.insn	4, 0x010b570b
 c1a:	1b000013          	li	zero,432
 c1e:	1755010b          	.insn	4, 0x1755010b
 c22:	0000                	unimp
 c24:	341c                	fld	fa5,40(s0)
 c26:	3100                	fld	fs0,32(a0)
 c28:	1d000013          	li	zero,464
 c2c:	0005                	c.nop	1
 c2e:	1331                	addi	t1,t1,-20
 c30:	0000                	unimp
 c32:	011e                	slli	sp,sp,0x7
 c34:	4901                	li	s2,0
 c36:	00130113          	addi	sp,t1,1
 c3a:	1f00                	addi	s0,sp,944
 c3c:	0021                	c.nop	8
 c3e:	1349                	addi	t1,t1,-14
 c40:	00000b2f          	.insn	4, 0x0b2f
 c44:	3420                	fld	fs0,104(s0)
 c46:	0300                	addi	s0,sp,384
 c48:	3a08                	fld	fa0,48(a2)
 c4a:	390b3b0b          	.insn	4, 0x390b3b0b
 c4e:	0013490b          	.insn	4, 0x0013490b
	...

Disassembly of section .debug_loclists:

0000000000000000 <.debug_loclists>:
   0:	005e                	c.slli	zero,0x17
   2:	0000                	unimp
   4:	0005                	c.nop	1
   6:	0008                	.insn	2, 0x0008
   8:	0000                	unimp
   a:	0000                	unimp
   c:	8406                	mv	s0,ra
   e:	0002                	c.slli64	zero
  10:	0080                	addi	s0,sp,64
  12:	0000                	unimp
  14:	0400                	addi	s0,sp,512
  16:	1000                	addi	s0,sp,32
  18:	3002                	fld	ft0,32(sp)
  1a:	049f 4010 5e01      	.insn	6, 0x5e014010049f
  20:	0600                	addi	s0,sp,768
  22:	02b4                	addi	a3,sp,328
  24:	8000                	.insn	2, 0x8000
  26:	0000                	unimp
  28:	0000                	unimp
  2a:	0004                	.insn	2, 0x0004
  2c:	022c                	addi	a1,sp,264
  2e:	2f90                	fld	fa2,24(a5)
  30:	2c04                	fld	fs1,24(s0)
  32:	0334                	addi	a3,sp,392
  34:	007e987f 0002cc08 	.insn	12, 0x00800002cc08007e987f
  3c:	00000080 
  40:	3b00                	fld	fs0,48(a4)
  42:	9002                	ebreak
  44:	002d                	c.nop	11
  46:	d008                	sw	a0,32(s0)
  48:	0002                	c.slli64	zero
  4a:	0080                	addi	s0,sp,64
  4c:	0000                	unimp
  4e:	3700                	fld	fs0,40(a4)
  50:	9002                	ebreak
  52:	002e                	c.slli	zero,0xb
  54:	e408                	sd	a0,8(s0)
  56:	0002                	c.slli64	zero
  58:	0080                	addi	s0,sp,64
  5a:	0000                	unimp
  5c:	2300                	fld	fs0,0(a4)
  5e:	9002                	ebreak
  60:	02d7002f          	.insn	4, 0x02d7002f
  64:	0000                	unimp
  66:	0005                	c.nop	1
  68:	0008                	.insn	2, 0x0008
  6a:	0000                	unimp
  6c:	0000                	unimp
  6e:	0004                	.insn	2, 0x0004
  70:	0188                	addi	a0,sp,192
  72:	5a06                	lw	s4,96(sp)
  74:	935b0893          	addi	a7,s6,-1739
  78:	0408                	addi	a0,sp,512
  7a:	0188                	addi	a0,sp,192
  7c:	0384                	addi	s1,sp,448
  7e:	a306                	fsd	ft1,384(sp)
  80:	2e0aa503          	lw	a0,736(s5)
  84:	049f 0384 03d6      	.insn	6, 0x03d60384049f
  8a:	5a06                	lw	s4,96(sp)
  8c:	935b0893          	addi	a7,s6,-1739
  90:	0408                	addi	a0,sp,512
  92:	03d6                	slli	t2,t2,0x15
  94:	049a                	slli	s1,s1,0x6
  96:	a306                	fsd	ft1,384(sp)
  98:	2e0aa503          	lw	a0,736(s5)
  9c:	049f 049a 04a0      	.insn	6, 0x04a0049a049f
  a2:	5a06                	lw	s4,96(sp)
  a4:	935b0893          	addi	a7,s6,-1739
  a8:	0008                	.insn	2, 0x0008
  aa:	0004                	.insn	2, 0x0004
  ac:	01b8                	addi	a4,sp,200
  ae:	3002                	fld	ft0,32(sp)
  b0:	049f 01b8 01d4      	.insn	6, 0x01d401b8049f
  b6:	3102                	fld	ft2,32(sp)
  b8:	049f 01d4 02de      	.insn	6, 0x02de01d4049f
  be:	5b01                	li	s6,-32
  c0:	de04                	sw	s1,56(a2)
  c2:	be02                	fsd	ft0,312(sp)
  c4:	9f300203          	lb	tp,-1549(zero) # fffffffffffff9f3 <__heap_end+0xffffffff7ffda9f3>
  c8:	be04                	fsd	fs1,56(a2)
  ca:	0103d603          	lhu	a2,16(t2)
  ce:	03d6045b          	.insn	4, 0x03d6045b
  d2:	03e8                	addi	a0,sp,460
  d4:	3102                	fld	ft2,32(sp)
  d6:	049f 03e8 048e      	.insn	6, 0x048e03e8049f
  dc:	5b01                	li	s6,-32
  de:	8e04                	.insn	2, 0x8e04
  e0:	9204                	.insn	2, 0x9204
  e2:	0504                	addi	s1,sp,640
  e4:	2131007b          	.insn	4, 0x2131007b
  e8:	049f 0492 049a      	.insn	6, 0x049a0492049f
  ee:	5b01                	li	s6,-32
  f0:	9a04                	.insn	2, 0x9a04
  f2:	a004                	fsd	fs1,0(s0)
  f4:	0204                	addi	s1,sp,256
  f6:	9f30                	.insn	2, 0x9f30
  f8:	0400                	addi	s0,sp,512
  fa:	a42a                	fsd	fa0,8(sp)
  fc:	0102                	c.slli64	sp
  fe:	045c                	addi	a5,sp,516
 100:	02de                	slli	t0,t0,0x17
 102:	04a0                	addi	s0,sp,584
 104:	5c01                	li	s8,-32
 106:	0400                	addi	s0,sp,512
 108:	bc2a                	fsd	fa0,56(sp)
 10a:	0102                	c.slli64	sp
 10c:	045d                	addi	s0,s0,23
 10e:	02de                	slli	t0,t0,0x17
 110:	04a0                	addi	s0,sp,584
 112:	5d01                	li	s10,-32
 114:	0400                	addi	s0,sp,512
 116:	3a2a                	fld	fs4,168(sp)
 118:	6101                	addi	sp,sp,0
 11a:	3a04                	fld	fs1,48(a2)
 11c:	0552                	slli	a0,a0,0x14
 11e:	8081                	c.srli64	s1
 120:	00f8                	addi	a4,sp,76
 122:	049f 6456 8105      	.insn	6, 0x81056456049f
 128:	f880                	sd	s0,48(s1)
 12a:	9f00                	.insn	2, 0x9f00
 12c:	6604                	ld	s1,8(a2)
 12e:	01ac                	addi	a1,sp,200
 130:	8105                	srli	a0,a0,0x1
 132:	f880                	sd	s0,48(s1)
 134:	9f00                	.insn	2, 0x9f00
 136:	de04                	sw	s1,56(a2)
 138:	e602                	sd	zero,264(sp)
 13a:	0502                	c.slli64	a0
 13c:	8081                	c.srli64	s1
 13e:	00f8                	addi	a4,sp,76
 140:	049f 0384 0398      	.insn	6, 0x03980384049f
 146:	8105                	srli	a0,a0,0x1
 148:	f880                	sd	s0,48(s1)
 14a:	9f00                	.insn	2, 0x9f00
 14c:	9c04                	.insn	2, 0x9c04
 14e:	0103d203          	lhu	tp,16(t2)
 152:	0461                	addi	s0,s0,24
 154:	049a                	slli	s1,s1,0x6
 156:	049e                	slli	s1,s1,0x7
 158:	6101                	addi	sp,sp,0
 15a:	0400                	addi	s0,sp,512
 15c:	2e2a                	fld	ft8,136(sp)
 15e:	5a01                	li	s4,-32
 160:	2e04                	fld	fs1,24(a2)
 162:	019e                	slli	gp,gp,0x7
 164:	5601                	li	a2,-32
 166:	de04                	sw	s1,56(a2)
 168:	8202                	jr	tp
 16a:	04560103          	lb	sp,69(a2)
 16e:	0382                	c.slli64	t2
 170:	0384                	addi	s1,sp,448
 172:	5f01                	li	t5,-32
 174:	8404                	.insn	2, 0x8404
 176:	01039003          	lh	zero,16(t2)
 17a:	0456                	slli	s0,s0,0x15
 17c:	0390                	addi	a2,sp,448
 17e:	0398                	addi	a4,sp,448
 180:	7a05                	lui	s4,0xfffe1
 182:	3300                	fld	fs0,32(a4)
 184:	9f24                	.insn	2, 0x9f24
 186:	9c04                	.insn	2, 0x9c04
 188:	0103a403          	lw	s0,16(t2)
 18c:	0456                	slli	s0,s0,0x15
 18e:	03ac                	addi	a1,sp,456
 190:	03c2                	slli	t2,t2,0x10
 192:	5601                	li	a2,-32
 194:	c204                	sw	s1,0(a2)
 196:	0803c403          	lbu	s0,128(t2)
 19a:	007e                	c.slli	zero,0x1f
 19c:	2434                	fld	fa3,72(s0)
 19e:	007f 9f21 c604 ca03 	.insn	10, 0x0103ca03c6049f21007f
 1a6:	0103 
 1a8:	045e                	slli	s0,s0,0x17
 1aa:	049a                	slli	s1,s1,0x6
 1ac:	04a0                	addi	s0,sp,584
 1ae:	5601                	li	a2,-32
 1b0:	0400                	addi	s0,sp,512
 1b2:	aa2a                	fsd	fa0,272(sp)
 1b4:	0101                	addi	sp,sp,0
 1b6:	045e                	slli	s0,s0,0x17
 1b8:	02de                	slli	t0,t0,0x17
 1ba:	0382                	c.slli64	t2
 1bc:	5e01                	li	t3,-32
 1be:	8204                	.insn	2, 0x8204
 1c0:	02038403          	lb	s0,32(t2)
 1c4:	9f30                	.insn	2, 0x9f30
 1c6:	8404                	.insn	2, 0x8404
 1c8:	01039603          	lh	a2,16(t2)
 1cc:	045e                	slli	s0,s0,0x17
 1ce:	039c                	addi	a5,sp,448
 1d0:	03a4                	addi	s1,sp,456
 1d2:	5e01                	li	t3,-32
 1d4:	ac04                	fsd	fs1,24(s0)
 1d6:	0103c203          	lbu	tp,16(t2)
 1da:	045e                	slli	s0,s0,0x17
 1dc:	03c2                	slli	t2,t2,0x10
 1de:	03d2                	slli	t2,t2,0x14
 1e0:	3002                	fld	ft0,32(sp)
 1e2:	049f 049a 04a0      	.insn	6, 0x04a0049a049f
 1e8:	5e01                	li	t3,-32
 1ea:	0400                	addi	s0,sp,512
 1ec:	d02e                	sw	a1,32(sp)
 1ee:	0102                	c.slli64	sp
 1f0:	045d                	addi	s0,s0,23
 1f2:	02de                	slli	t0,t0,0x17
 1f4:	04a0                	addi	s0,sp,584
 1f6:	5d01                	li	s10,-32
 1f8:	0400                	addi	s0,sp,512
 1fa:	523a                	lw	tp,172(sp)
 1fc:	6101                	addi	sp,sp,0
 1fe:	5604                	lw	s1,40(a2)
 200:	0164                	addi	s1,sp,140
 202:	0461                	addi	s0,s0,24
 204:	ac66                	fsd	fs9,24(sp)
 206:	0101                	addi	sp,sp,0
 208:	0461                	addi	s0,s0,24
 20a:	01ac                	addi	a1,sp,200
 20c:	01de                	slli	gp,gp,0x17
 20e:	3002                	fld	ft0,32(sp)
 210:	049f 029a 02e6      	.insn	6, 0x02e6029a049f
 216:	6101                	addi	sp,sp,0
 218:	8404                	.insn	2, 0x8404
 21a:	01039803          	lh	a6,16(t2)
 21e:	0461                	addi	s0,s0,24
 220:	03a4                	addi	s1,sp,456
 222:	03ac                	addi	a1,sp,456
 224:	3002                	fld	ft0,32(sp)
 226:	049f 03ac 03d2      	.insn	6, 0x03d203ac049f
 22c:	0a04                	addi	s1,sp,272
 22e:	07ff 049f 03d2 03d6 	.insn	10, 0x610103d603d2049f07ff
 236:	6101 
 238:	d604                	sw	s1,40(a2)
 23a:	0203e803          	lwu	a6,32(t2)
 23e:	9f30                	.insn	2, 0x9f30
 240:	f204                	sd	s1,32(a2)
 242:	01048403          	lb	s0,16(s1)
 246:	0461                	addi	s0,s0,24
 248:	0486                	slli	s1,s1,0x1
 24a:	0494                	addi	a3,sp,576
 24c:	6101                	addi	sp,sp,0
 24e:	9a04                	.insn	2, 0x9a04
 250:	a004                	fsd	fs1,0(s0)
 252:	0404                	addi	s1,sp,512
 254:	ff0a                	sd	sp,440(sp)
 256:	04009f07          	.insn	4, 0x04009f07
 25a:	01ac                	addi	a1,sp,200
 25c:	0298                	addi	a4,sp,320
 25e:	5f01                	li	t5,-32
 260:	9804                	.insn	2, 0x9804
 262:	aa02                	fsd	ft0,272(sp)
 264:	0e02                	c.slli64	t3
 266:	007f ff11 ffff ffff 	.insn	10, 0xffffffffffffff11007f
 26e:	ffff 
 270:	9f1a7fbf b802aa04 	.insn	8, 0xb802aa049f1a7fbf
 278:	0102                	c.slli64	sp
 27a:	045f 02bc 02c8      	.insn	6, 0x02c802bc045f
 280:	5f01                	li	t5,-32
 282:	a404                	fsd	fs1,8(s0)
 284:	0803aa03          	lw	s4,128(t2)
 288:	007f 2e30 ff08 9f1a 	.insn	10, 0xaa049f1aff082e30007f
 290:	aa04 
 292:	0b03ac03          	lw	s8,176(t2)
 296:	007e                	c.slli	zero,0x1f
 298:	0076                	c.slli	zero,0x1d
 29a:	3021                	.insn	2, 0x3021
 29c:	082e                	slli	a6,a6,0xb
 29e:	049f1aff 03c403c2 	.insn	12, 0x34007e0803c403c2049f1aff
 2a6:	34007e08 
 2aa:	7f24                	ld	s1,120(a4)
 2ac:	2100                	fld	fs0,0(a0)
 2ae:	049f 03c6 03ce      	.insn	6, 0x03ce03c6049f
 2b4:	5e01                	li	t3,-32
 2b6:	ce04                	sw	s1,24(a2)
 2b8:	0103f203          	.insn	4, 0x0103f203
 2bc:	045f 03f2 03f4      	.insn	6, 0x03f403f2045f
 2c2:	7f0e                	ld	t5,224(sp)
 2c4:	1100                	addi	s0,sp,160
 2c6:	ffff                	.insn	2, 0xffff
 2c8:	ffff                	.insn	2, 0xffff
 2ca:	ffff                	.insn	2, 0xffff
 2cc:	1a7fbfff 048e049f 	.insn	16, 0x02d204005f01049a048e049f1a7fbfff
 2d4:	5f01049a 02d20400 
 2dc:	02de                	slli	t0,t0,0x17
 2de:	5f01                	li	t5,-32
 2e0:	0400                	addi	s0,sp,512
 2e2:	01ac                	addi	a1,sp,200
 2e4:	01de                	slli	gp,gp,0x17
 2e6:	3102                	fld	ft2,32(sp)
 2e8:	049f 01de 0294      	.insn	6, 0x029401de049f
 2ee:	5e01                	li	t3,-32
 2f0:	d604                	sw	s1,40(a2)
 2f2:	0203e803          	lwu	a6,32(t2)
 2f6:	9f31                	addw	a4,a4,a2
 2f8:	e804                	sd	s1,16(s0)
 2fa:	0103f203          	.insn	4, 0x0103f203
 2fe:	045e                	slli	s0,s0,0x17
 300:	0494                	addi	a3,sp,576
 302:	049a                	slli	s1,s1,0x6
 304:	5e01                	li	t3,-32
 306:	0400                	addi	s0,sp,512
 308:	01ac                	addi	a1,sp,200
 30a:	01de                	slli	gp,gp,0x17
 30c:	5d01                	li	s10,-32
 30e:	d604                	sw	s1,40(a2)
 310:	0103e803          	lwu	a6,16(t2)
 314:	005d                	c.nop	23
 316:	ac04                	fsd	fs1,24(s0)
 318:	de01                	beqz	a2,230 <__stack_align+0x220>
 31a:	0201                	addi	tp,tp,0 # 0 <__boot_hart>
 31c:	9f30                	.insn	2, 0x9f30
 31e:	d604                	sw	s1,40(a2)
 320:	0203e803          	lwu	a6,32(t2)
 324:	9f30                	.insn	2, 0x9f30
 326:	0400                	addi	s0,sp,512
 328:	01ac                	addi	a1,sp,200
 32a:	01b0                	addi	a2,sp,200
 32c:	5f01                	li	t5,-32
 32e:	b004                	fsd	fs1,32(s0)
 330:	d601                	beqz	a2,238 <__stack_align+0x228>
 332:	0101                	addi	sp,sp,0
 334:	045e                	slli	s0,s0,0x17
 336:	03d6                	slli	t2,t2,0x15
 338:	03e8                	addi	a0,sp,460
 33a:	5e01                	li	t3,-32
 33c:	1600                	addi	s0,sp,800
 33e:	0000                	unimp
 340:	0500                	addi	s0,sp,640
 342:	0800                	addi	s0,sp,16
 344:	0000                	unimp
 346:	0000                	unimp
 348:	0400                	addi	s0,sp,512
 34a:	0700                	addi	s0,sp,896
 34c:	5a01                	li	s4,-32
 34e:	0704                	addi	s1,sp,896
 350:	0414                	addi	a3,sp,512
 352:	9f5a01a3          	sb	s5,-1565(s4) # fffffffffffe09e3 <__heap_end+0xffffffff7ffbb9e3>
 356:	2400                	fld	fs0,8(s0)
 358:	0000                	unimp
 35a:	0500                	addi	s0,sp,640
 35c:	0800                	addi	s0,sp,16
 35e:	0000                	unimp
 360:	0000                	unimp
 362:	0400                	addi	s0,sp,512
 364:	0700                	addi	s0,sp,896
 366:	5a01                	li	s4,-32
 368:	0704                	addi	s1,sp,896
 36a:	0414                	addi	a3,sp,512
 36c:	9f5a01a3          	sb	s5,-1565(s4)
 370:	0400                	addi	s0,sp,512
 372:	0700                	addi	s0,sp,896
 374:	5b01                	li	s6,-32
 376:	0704                	addi	s1,sp,896
 378:	0414                	addi	a3,sp,512
 37a:	9f5b01a3          	sb	s5,-1565(s6)
 37e:	1600                	addi	s0,sp,800
 380:	0000                	unimp
 382:	0500                	addi	s0,sp,640
 384:	0800                	addi	s0,sp,16
 386:	0000                	unimp
 388:	0000                	unimp
 38a:	0400                	addi	s0,sp,512
 38c:	0200                	addi	s0,sp,256
 38e:	5a01                	li	s4,-32
 390:	0204                	addi	s1,sp,256
 392:	0408                	addi	a0,sp,512
 394:	9f5a01a3          	sb	s5,-1565(s4)
 398:	2400                	fld	fs0,8(s0)
 39a:	0000                	unimp
 39c:	0500                	addi	s0,sp,640
 39e:	0800                	addi	s0,sp,16
 3a0:	0000                	unimp
 3a2:	0000                	unimp
 3a4:	0400                	addi	s0,sp,512
 3a6:	0700                	addi	s0,sp,896
 3a8:	5a01                	li	s4,-32
 3aa:	0704                	addi	s1,sp,896
 3ac:	0414                	addi	a3,sp,512
 3ae:	9f5a01a3          	sb	s5,-1565(s4)
 3b2:	0400                	addi	s0,sp,512
 3b4:	0700                	addi	s0,sp,896
 3b6:	5b01                	li	s6,-32
 3b8:	0704                	addi	s1,sp,896
 3ba:	0414                	addi	a3,sp,512
 3bc:	9f5b01a3          	sb	s5,-1565(s6)
 3c0:	3200                	fld	fs0,32(a2)
 3c2:	0000                	unimp
 3c4:	0500                	addi	s0,sp,640
 3c6:	0800                	addi	s0,sp,16
 3c8:	0000                	unimp
 3ca:	0000                	unimp
 3cc:	0400                	addi	s0,sp,512
 3ce:	0700                	addi	s0,sp,896
 3d0:	5a01                	li	s4,-32
 3d2:	0704                	addi	s1,sp,896
 3d4:	0414                	addi	a3,sp,512
 3d6:	9f5a01a3          	sb	s5,-1565(s4)
 3da:	0400                	addi	s0,sp,512
 3dc:	0700                	addi	s0,sp,896
 3de:	5b01                	li	s6,-32
 3e0:	0704                	addi	s1,sp,896
 3e2:	0414                	addi	a3,sp,512
 3e4:	9f5b01a3          	sb	s5,-1565(s6)
 3e8:	0400                	addi	s0,sp,512
 3ea:	0700                	addi	s0,sp,896
 3ec:	5c01                	li	s8,-32
 3ee:	0704                	addi	s1,sp,896
 3f0:	0414                	addi	a3,sp,512
 3f2:	9f5c01a3          	sb	s5,-1565(s8)
 3f6:	3200                	fld	fs0,32(a2)
 3f8:	0000                	unimp
 3fa:	0500                	addi	s0,sp,640
 3fc:	0800                	addi	s0,sp,16
 3fe:	0000                	unimp
 400:	0000                	unimp
 402:	0400                	addi	s0,sp,512
 404:	0700                	addi	s0,sp,896
 406:	5a01                	li	s4,-32
 408:	0704                	addi	s1,sp,896
 40a:	0416                	slli	s0,s0,0x5
 40c:	9f5a01a3          	sb	s5,-1565(s4)
 410:	0400                	addi	s0,sp,512
 412:	0700                	addi	s0,sp,896
 414:	5b01                	li	s6,-32
 416:	0704                	addi	s1,sp,896
 418:	0416                	slli	s0,s0,0x5
 41a:	9f5b01a3          	sb	s5,-1565(s6)
 41e:	0400                	addi	s0,sp,512
 420:	0700                	addi	s0,sp,896
 422:	5c01                	li	s8,-32
 424:	0704                	addi	s1,sp,896
 426:	0416                	slli	s0,s0,0x5
 428:	9f5c01a3          	sb	s5,-1565(s8)
 42c:	3400                	fld	fs0,40(s0)
 42e:	0000                	unimp
 430:	0500                	addi	s0,sp,640
 432:	0800                	addi	s0,sp,16
 434:	0000                	unimp
 436:	0000                	unimp
 438:	0400                	addi	s0,sp,512
 43a:	1000                	addi	s0,sp,32
 43c:	5a01                	li	s4,-32
 43e:	1004                	addi	s1,sp,32
 440:	043c                	addi	a5,sp,520
 442:	9f5a01a3          	sb	s5,-1565(s4)
 446:	0400                	addi	s0,sp,512
 448:	2410                	fld	fa2,8(s0)
 44a:	5a01                	li	s4,-32
 44c:	2404                	fld	fs1,8(s0)
 44e:	0926                	slli	s2,s2,0x9
 450:	00496803          	lwu	a6,4(s2)
 454:	0080                	addi	s0,sp,64
 456:	0000                	unimp
 458:	0400                	addi	s0,sp,512
 45a:	2d26                	fld	fs10,72(sp)
 45c:	5a01                	li	s4,-32
 45e:	0400                	addi	s0,sp,512
 460:	2d0a                	fld	fs10,128(sp)
 462:	5f01                	li	t5,-32
 464:	3200                	fld	fs0,32(a2)
 466:	0000                	unimp
 468:	0500                	addi	s0,sp,640
 46a:	0800                	addi	s0,sp,16
 46c:	0000                	unimp
 46e:	0000                	unimp
 470:	0400                	addi	s0,sp,512
 472:	0500                	addi	s0,sp,640
 474:	5a01                	li	s4,-32
 476:	0504                	addi	s1,sp,640
 478:	0406                	slli	s0,s0,0x1
 47a:	9f5a01a3          	sb	s5,-1565(s4)
 47e:	0400                	addi	s0,sp,512
 480:	0500                	addi	s0,sp,640
 482:	5b01                	li	s6,-32
 484:	0504                	addi	s1,sp,640
 486:	0406                	slli	s0,s0,0x1
 488:	9f5b01a3          	sb	s5,-1565(s6)
 48c:	0400                	addi	s0,sp,512
 48e:	0500                	addi	s0,sp,640
 490:	5c01                	li	s8,-32
 492:	0504                	addi	s1,sp,640
 494:	0406                	slli	s0,s0,0x1
 496:	9f5c01a3          	sb	s5,-1565(s8)
 49a:	4600                	lw	s0,8(a2)
 49c:	0000                	unimp
 49e:	0500                	addi	s0,sp,640
 4a0:	0800                	addi	s0,sp,16
 4a2:	0000                	unimp
 4a4:	0000                	unimp
 4a6:	0400                	addi	s0,sp,512
 4a8:	0600                	addi	s0,sp,768
 4aa:	5a01                	li	s4,-32
 4ac:	0604                	addi	s1,sp,768
 4ae:	0416                	slli	s0,s0,0x5
 4b0:	9f5a01a3          	sb	s5,-1565(s4)
 4b4:	0400                	addi	s0,sp,512
 4b6:	1500                	addi	s0,sp,672
 4b8:	5b01                	li	s6,-32
 4ba:	1504                	addi	s1,sp,672
 4bc:	0416                	slli	s0,s0,0x5
 4be:	9f5b01a3          	sb	s5,-1565(s6)
 4c2:	0400                	addi	s0,sp,512
 4c4:	1500                	addi	s0,sp,672
 4c6:	5c01                	li	s8,-32
 4c8:	1504                	addi	s1,sp,672
 4ca:	0416                	slli	s0,s0,0x5
 4cc:	9f5c01a3          	sb	s5,-1565(s8)
 4d0:	0400                	addi	s0,sp,512
 4d2:	1500                	addi	s0,sp,672
 4d4:	5d01                	li	s10,-32
 4d6:	1504                	addi	s1,sp,672
 4d8:	0416                	slli	s0,s0,0x5
 4da:	9f5d01a3          	sb	s5,-1565(s10) # fffffffffffdf9e3 <__heap_end+0xffffffff7ffba9e3>
 4de:	0400                	addi	s0,sp,512
 4e0:	150a                	slli	a0,a0,0x22
 4e2:	5a01                	li	s4,-32
 4e4:	6d00                	ld	s0,24(a0)
 4e6:	0000                	unimp
 4e8:	0500                	addi	s0,sp,640
 4ea:	0800                	addi	s0,sp,16
 4ec:	0000                	unimp
 4ee:	0000                	unimp
 4f0:	0400                	addi	s0,sp,512
 4f2:	4800                	lw	s0,16(s0)
 4f4:	5a01                	li	s4,-32
 4f6:	4804                	lw	s1,16(s0)
 4f8:	044c                	addi	a1,sp,516
 4fa:	9f5a01a3          	sb	s5,-1565(s4)
 4fe:	0400                	addi	s0,sp,512
 500:	1200                	addi	s0,sp,288
 502:	5c01                	li	s8,-32
 504:	1204                	addi	s1,sp,288
 506:	0232                	slli	tp,tp,0xc
 508:	5891                	li	a7,-28
 50a:	3204                	fld	fs1,32(a2)
 50c:	044c                	addi	a1,sp,516
 50e:	9f5c01a3          	sb	s5,-1565(s8)
 512:	0400                	addi	s0,sp,512
 514:	1a00                	addi	s0,sp,304
 516:	5d01                	li	s10,-32
 518:	1a04                	addi	s1,sp,304
 51a:	044c                	addi	a1,sp,516
 51c:	9f5d01a3          	sb	s5,-1565(s10)
 520:	0400                	addi	s0,sp,512
 522:	2414                	fld	fa3,8(s0)
 524:	030a                	slli	t1,t1,0x2
 526:	4a08                	lw	a0,16(a2)
 528:	8000                	.insn	2, 0x8000
 52a:	0000                	unimp
 52c:	0000                	unimp
 52e:	009f 1e04 0322      	.insn	6, 0x03221e04009f
 534:	ff09                	bnez	a4,44e <__stack_align+0x43e>
 536:	009f 1e04 0a22      	.insn	6, 0x0a221e04009f
 53c:	004a0803          	lb	a6,4(s4)
 540:	0080                	addi	s0,sp,64
 542:	0000                	unimp
 544:	9f00                	.insn	2, 0x9f00
 546:	0400                	addi	s0,sp,512
 548:	423e                	lw	tp,204(sp)
 54a:	030a                	slli	t1,t1,0x2
 54c:	4a08                	lw	a0,16(a2)
 54e:	8000                	.insn	2, 0x8000
 550:	0000                	unimp
 552:	0000                	unimp
 554:	Address 0x554 is out of bounds.


Disassembly of section .debug_aranges:

0000000000000000 <.debug_aranges>:
   0:	002c                	addi	a1,sp,8
   2:	0000                	unimp
   4:	0002                	c.slli64	zero
   6:	0000                	unimp
   8:	0000                	unimp
   a:	0008                	.insn	2, 0x0008
   c:	0000                	unimp
   e:	0000                	unimp
  10:	0230                	addi	a2,sp,264
  12:	8000                	.insn	2, 0x8000
  14:	0000                	unimp
  16:	0000                	unimp
  18:	00e8                	addi	a0,sp,76
	...
  2e:	0000                	unimp
  30:	002c                	addi	a1,sp,8
  32:	0000                	unimp
  34:	0002                	c.slli64	zero
  36:	00000217          	auipc	tp,0x0
  3a:	0008                	.insn	2, 0x0008
  3c:	0000                	unimp
  3e:	0000                	unimp
  40:	3b58                	fld	fa4,176(a4)
  42:	8000                	.insn	2, 0x8000
  44:	0000                	unimp
  46:	0000                	unimp
  48:	0220                	addi	s0,sp,264
	...
  5e:	0000                	unimp
  60:	002c                	addi	a1,sp,8
  62:	0000                	unimp
  64:	0002                	c.slli64	zero
  66:	000004e7          	jalr	s1,zero # 0 <__boot_hart>
  6a:	0008                	.insn	2, 0x0008
  6c:	0000                	unimp
  6e:	0000                	unimp
  70:	3d78                	fld	fa4,248(a0)
  72:	8000                	.insn	2, 0x8000
  74:	0000                	unimp
  76:	0000                	unimp
  78:	0014                	.insn	2, 0x0014
	...
  8e:	0000                	unimp
  90:	002c                	addi	a1,sp,8
  92:	0000                	unimp
  94:	0002                	c.slli64	zero
  96:	05b8                	addi	a4,sp,712
  98:	0000                	unimp
  9a:	0008                	.insn	2, 0x0008
  9c:	0000                	unimp
  9e:	0000                	unimp
  a0:	3d8c                	fld	fa1,56(a1)
  a2:	8000                	.insn	2, 0x8000
  a4:	0000                	unimp
  a6:	0000                	unimp
  a8:	0022                	c.slli	zero,0x8
	...
  be:	0000                	unimp
  c0:	002c                	addi	a1,sp,8
  c2:	0000                	unimp
  c4:	0002                	c.slli64	zero
  c6:	069c                	addi	a5,sp,832
  c8:	0000                	unimp
  ca:	0008                	.insn	2, 0x0008
  cc:	0000                	unimp
  ce:	0000                	unimp
  d0:	3dae                	fld	fs11,232(sp)
  d2:	8000                	.insn	2, 0x8000
  d4:	0000                	unimp
  d6:	0000                	unimp
  d8:	0014                	.insn	2, 0x0014
	...
  ee:	0000                	unimp
  f0:	002c                	addi	a1,sp,8
  f2:	0000                	unimp
  f4:	0002                	c.slli64	zero
  f6:	097a                	slli	s2,s2,0x1e
  f8:	0000                	unimp
  fa:	0008                	.insn	2, 0x0008
  fc:	0000                	unimp
  fe:	0000                	unimp
 100:	3dc2                	fld	fs11,48(sp)
 102:	8000                	.insn	2, 0x8000
 104:	0000                	unimp
 106:	0000                	unimp
 108:	0004                	.insn	2, 0x0004
	...
 11e:	0000                	unimp
 120:	002c                	addi	a1,sp,8
 122:	0000                	unimp
 124:	0002                	c.slli64	zero
 126:	00000a1b          	sext.w	s4,zero
 12a:	0008                	.insn	2, 0x0008
 12c:	0000                	unimp
 12e:	0000                	unimp
 130:	3dc6                	fld	fs11,112(sp)
 132:	8000                	.insn	2, 0x8000
 134:	0000                	unimp
 136:	0000                	unimp
 138:	0008                	.insn	2, 0x0008
	...
 14e:	0000                	unimp
 150:	002c                	addi	a1,sp,8
 152:	0000                	unimp
 154:	0002                	c.slli64	zero
 156:	0ac6                	slli	s5,s5,0x11
 158:	0000                	unimp
 15a:	0008                	.insn	2, 0x0008
 15c:	0000                	unimp
 15e:	0000                	unimp
 160:	3dce                	fld	fs11,240(sp)
 162:	8000                	.insn	2, 0x8000
 164:	0000                	unimp
 166:	0000                	unimp
 168:	0014                	.insn	2, 0x0014
	...
 17e:	0000                	unimp
 180:	002c                	addi	a1,sp,8
 182:	0000                	unimp
 184:	0002                	c.slli64	zero
 186:	00000ba3          	sb	zero,23(zero) # 17 <__stack_align+0x7>
 18a:	0008                	.insn	2, 0x0008
 18c:	0000                	unimp
 18e:	0000                	unimp
 190:	3de2                	fld	fs11,56(sp)
 192:	8000                	.insn	2, 0x8000
 194:	0000                	unimp
 196:	0000                	unimp
 198:	0014                	.insn	2, 0x0014
	...
 1ae:	0000                	unimp
 1b0:	002c                	addi	a1,sp,8
 1b2:	0000                	unimp
 1b4:	0002                	c.slli64	zero
 1b6:	0cb4                	addi	a3,sp,600
 1b8:	0000                	unimp
 1ba:	0008                	.insn	2, 0x0008
 1bc:	0000                	unimp
 1be:	0000                	unimp
 1c0:	3df6                	fld	fs11,376(sp)
 1c2:	8000                	.insn	2, 0x8000
 1c4:	0000                	unimp
 1c6:	0000                	unimp
 1c8:	0016                	c.slli	zero,0x5
	...
 1de:	0000                	unimp
 1e0:	002c                	addi	a1,sp,8
 1e2:	0000                	unimp
 1e4:	0002                	c.slli64	zero
 1e6:	00000dc7          	fmsub.s	fs11,ft0,ft0,ft0,rne
 1ea:	0008                	.insn	2, 0x0008
 1ec:	0000                	unimp
 1ee:	0000                	unimp
 1f0:	3e0c                	fld	fa1,56(a2)
 1f2:	8000                	.insn	2, 0x8000
 1f4:	0000                	unimp
 1f6:	0000                	unimp
 1f8:	003c                	addi	a5,sp,8
	...
 20e:	0000                	unimp
 210:	002c                	addi	a1,sp,8
 212:	0000                	unimp
 214:	0002                	c.slli64	zero
 216:	0efd                	addi	t4,t4,31
 218:	0000                	unimp
 21a:	0008                	.insn	2, 0x0008
 21c:	0000                	unimp
 21e:	0000                	unimp
 220:	3e48                	fld	fa0,184(a2)
 222:	8000                	.insn	2, 0x8000
 224:	0000                	unimp
 226:	0000                	unimp
 228:	0006                	c.slli	zero,0x1
	...
 23e:	0000                	unimp
 240:	002c                	addi	a1,sp,8
 242:	0000                	unimp
 244:	0002                	c.slli64	zero
 246:	1075                	c.nop	-3
 248:	0000                	unimp
 24a:	0008                	.insn	2, 0x0008
 24c:	0000                	unimp
 24e:	0000                	unimp
 250:	0000                	unimp
 252:	8000                	.insn	2, 0x8000
 254:	0000                	unimp
 256:	0000                	unimp
 258:	01ee                	slli	gp,gp,0x1b
	...
 26e:	0000                	unimp
 270:	002c                	addi	a1,sp,8
 272:	0000                	unimp
 274:	0002                	c.slli64	zero
 276:	109e                	slli	ra,ra,0x27
 278:	0000                	unimp
 27a:	0008                	.insn	2, 0x0008
 27c:	0000                	unimp
 27e:	0000                	unimp
 280:	01ee                	slli	gp,gp,0x1b
 282:	8000                	.insn	2, 0x8000
 284:	0000                	unimp
 286:	0000                	unimp
 288:	0042                	c.slli	zero,0x10
	...
 29e:	0000                	unimp
 2a0:	002c                	addi	a1,sp,8
 2a2:	0000                	unimp
 2a4:	0002                	c.slli64	zero
 2a6:	10c6                	slli	ra,ra,0x31
 2a8:	0000                	unimp
 2aa:	0008                	.insn	2, 0x0008
 2ac:	0000                	unimp
 2ae:	0000                	unimp
 2b0:	3e4e                	fld	ft8,240(sp)
 2b2:	8000                	.insn	2, 0x8000
 2b4:	0000                	unimp
 2b6:	0000                	unimp
 2b8:	0016                	c.slli	zero,0x5
	...
 2ce:	0000                	unimp
 2d0:	002c                	addi	a1,sp,8
 2d2:	0000                	unimp
 2d4:	0002                	c.slli64	zero
 2d6:	1200                	addi	s0,sp,288
 2d8:	0000                	unimp
 2da:	0008                	.insn	2, 0x0008
 2dc:	0000                	unimp
 2de:	0000                	unimp
 2e0:	3e64                	fld	fs1,248(a2)
 2e2:	8000                	.insn	2, 0x8000
 2e4:	0000                	unimp
 2e6:	0000                	unimp
 2e8:	0030                	addi	a2,sp,8
	...
 2fe:	0000                	unimp
 300:	002c                	addi	a1,sp,8
 302:	0000                	unimp
 304:	0002                	c.slli64	zero
 306:	1369                	addi	t1,t1,-6
 308:	0000                	unimp
 30a:	0008                	.insn	2, 0x0008
 30c:	0000                	unimp
 30e:	0000                	unimp
 310:	3e94                	fld	fa3,56(a3)
 312:	8000                	.insn	2, 0x8000
 314:	0000                	unimp
 316:	0000                	unimp
 318:	0006                	c.slli	zero,0x1
	...
 32e:	0000                	unimp
 330:	002c                	addi	a1,sp,8
 332:	0000                	unimp
 334:	0002                	c.slli64	zero
 336:	13b2                	slli	t2,t2,0x2c
 338:	0000                	unimp
 33a:	0008                	.insn	2, 0x0008
 33c:	0000                	unimp
 33e:	0000                	unimp
 340:	3e9a                	fld	ft9,416(sp)
 342:	8000                	.insn	2, 0x8000
 344:	0000                	unimp
 346:	0000                	unimp
 348:	004c                	addi	a1,sp,4
	...

Disassembly of section .debug_rnglists:

0000000000000000 <.debug_rnglists>:
   0:	0024                	addi	s1,sp,8
   2:	0000                	unimp
   4:	0005                	c.nop	1
   6:	0008                	.insn	2, 0x0008
   8:	0000                	unimp
   a:	0000                	unimp
   c:	9405                	srai	s0,s0,0x21
   e:	0002                	c.slli64	zero
  10:	0080                	addi	s0,sp,64
  12:	0000                	unimp
  14:	0400                	addi	s0,sp,512
  16:	2c00                	fld	fs0,24(s0)
  18:	3004                	fld	fs1,32(s0)
  1a:	0054                	addi	a3,sp,4
  1c:	00023007          	fld	ft0,0(tp) # 36 <__stack_align+0x26>
  20:	0080                	addi	s0,sp,64
  22:	0000                	unimp
  24:	e800                	sd	s0,16(s0)
  26:	0001                	nop
  28:	0000002f          	.insn	4, 0x002f
  2c:	0005                	c.nop	1
  2e:	0008                	.insn	2, 0x0008
  30:	0000                	unimp
  32:	0000                	unimp
  34:	0404                	addi	s1,sp,512
  36:	0416                	slli	s0,s0,0x5
  38:	2a2a                	fld	fs4,136(sp)
  3a:	0400                	addi	s0,sp,512
  3c:	01ac                	addi	a1,sp,200
  3e:	02bc                	addi	a5,sp,328
  40:	a404                	fsd	fs1,8(s0)
  42:	0403a403          	lw	s0,64(t2)
  46:	03a6                	slli	t2,t2,0x9
  48:	03a8                	addi	a0,sp,456
  4a:	d204                	sw	s1,32(a2)
  4c:	00049a03          	lh	s4,0(s1)
  50:	ac04                	fsd	fs1,24(s0)
  52:	de01                	beqz	a2,ffffffffffffff6a <__heap_end+0xffffffff7ffdaf6a>
  54:	0401                	addi	s0,s0,0
  56:	03d6                	slli	t2,t2,0x15
  58:	03e8                	addi	a0,sp,460
  5a:	0f00                	addi	s0,sp,912
  5c:	0000                	unimp
  5e:	0500                	addi	s0,sp,640
  60:	0800                	addi	s0,sp,16
  62:	0000                	unimp
  64:	0000                	unimp
  66:	0400                	addi	s0,sp,512
  68:	1a18                	addi	a4,sp,304
  6a:	1e04                	addi	s1,sp,816
  6c:	0022                	c.slli	zero,0x8

Disassembly of section .debug_line:

0000000000000000 <.debug_line>:
       0:	01c0                	addi	s0,sp,196
       2:	0000                	unimp
       4:	0005                	c.nop	1
       6:	0008                	.insn	2, 0x0008
       8:	00000037          	lui	zero,0x0
       c:	0101                	addi	sp,sp,0
       e:	fb01                	bnez	a4,ffffffffffffff1e <__heap_end+0xffffffff7ffdaf1e>
      10:	0d0e                	slli	s10,s10,0x3
      12:	0100                	addi	s0,sp,128
      14:	0101                	addi	sp,sp,0
      16:	0001                	nop
      18:	0000                	unimp
      1a:	0001                	nop
      1c:	0100                	addi	s0,sp,128
      1e:	0101                	addi	sp,sp,0
      20:	031f 0000 0000      	.insn	6, 0x031f
      26:	008d                	addi	ra,ra,3
      28:	0000                	unimp
      2a:	00c2                	slli	ra,ra,0x10
      2c:	0000                	unimp
      2e:	0102                	c.slli64	sp
      30:	021f 030f 0070      	.insn	6, 0x0070030f021f
      36:	0000                	unimp
      38:	7001                	c.lui	zero,0xfffe0
      3a:	0000                	unimp
      3c:	0100                	addi	s0,sp,128
      3e:	0000010b          	.insn	4, 0x010b
      42:	0502                	c.slli64	a0
      44:	000c                	.insn	2, 0x000c
      46:	0209                	addi	tp,tp,2 # 2 <__boot_hart+0x2>
      48:	0230                	addi	a2,sp,264
      4a:	8000                	.insn	2, 0x8000
      4c:	0000                	unimp
      4e:	0000                	unimp
      50:	05010a03          	lb	s4,80(sp)
      54:	0305                	addi	t1,t1,1
      56:	0901                	addi	s2,s2,0
      58:	0000                	unimp
      5a:	0501                	addi	a0,a0,0
      5c:	060c                	addi	a1,sp,768
      5e:	00097f03          	.insn	4, 0x00097f03
      62:	0100                	addi	s0,sp,128
      64:	1705                	addi	a4,a4,-31
      66:	08090103          	lb	sp,128(s2)
      6a:	0100                	addi	s0,sp,128
      6c:	0505                	addi	a0,a0,1
      6e:	0306                	slli	t1,t1,0x1
      70:	090c                	addi	a1,sp,144
      72:	0040                	addi	s0,sp,4
      74:	0301                	addi	t1,t1,0
      76:	0901                	addi	s2,s2,0
      78:	0000                	unimp
      7a:	0301                	addi	t1,t1,0
      7c:	000c0903          	lb	s2,0(s8)
      80:	0501                	addi	a0,a0,0
      82:	030a                	slli	t1,t1,0x2
      84:	0900                	addi	s0,sp,144
      86:	0000                	unimp
      88:	0501                	addi	a0,a0,0
      8a:	04020017          	auipc	zero,0x4020
      8e:	0301                	addi	t1,t1,0
      90:	0900                	addi	s0,sp,144
      92:	0000                	unimp
      94:	0501                	addi	a0,a0,0
      96:	060e                	slli	a2,a2,0x3
      98:	00090003          	lb	zero,0(s2)
      9c:	0100                	addi	s0,sp,128
      9e:	1705                	addi	a4,a4,-31
      a0:	0200                	addi	s0,sp,256
      a2:	0104                	addi	s1,sp,128
      a4:	0c090003          	lb	zero,192(s2)
      a8:	0100                	addi	s0,sp,128
      aa:	0905                	addi	s2,s2,1
      ac:	0306                	slli	t1,t1,0x1
      ae:	0901                	addi	s2,s2,0
      b0:	0004                	.insn	2, 0x0004
      b2:	0501                	addi	a0,a0,0
      b4:	00030623          	sb	zero,12(t1)
      b8:	0009                	c.nop	2
      ba:	0100                	addi	s0,sp,128
      bc:	3b05                	addiw	s6,s6,-31
      be:	10090003          	lb	zero,256(s2)
      c2:	0100                	addi	s0,sp,128
      c4:	2405                	addiw	s0,s0,1
      c6:	04090103          	lb	sp,64(s2)
      ca:	0100                	addi	s0,sp,128
      cc:	2d05                	addiw	s10,s10,1
      ce:	04090103          	lb	sp,64(s2)
      d2:	0100                	addi	s0,sp,128
      d4:	0f05                	addi	t5,t5,1
      d6:	04097e03          	.insn	4, 0x04097e03
      da:	0100                	addi	s0,sp,128
      dc:	0905                	addi	s2,s2,1
      de:	0306                	slli	t1,t1,0x1
      e0:	0901                	addi	s2,s2,0
      e2:	0004                	.insn	2, 0x0004
      e4:	0501                	addi	a0,a0,0
      e6:	0624                	addi	s1,sp,776
      e8:	00090203          	lb	tp,0(s2)
      ec:	0100                	addi	s0,sp,128
      ee:	3e05                	addiw	t3,t3,-31
      f0:	04090003          	lb	zero,64(s2)
      f4:	0100                	addi	s0,sp,128
      f6:	5905                	li	s2,-31
      f8:	04090003          	lb	zero,64(s2)
      fc:	0100                	addi	s0,sp,128
      fe:	1d05                	addi	s10,s10,-31
     100:	0200                	addi	s0,sp,256
     102:	0304                	addi	s1,sp,384
     104:	04097c03          	.insn	4, 0x04097c03
     108:	0100                	addi	s0,sp,128
     10a:	1f05                	addi	t5,t5,-31
     10c:	04090303          	lb	t1,64(s2)
     110:	0100                	addi	s0,sp,128
     112:	0f05                	addi	t5,t5,1
     114:	04097f03          	.insn	4, 0x04097f03
     118:	0100                	addi	s0,sp,128
     11a:	0905                	addi	s2,s2,1
     11c:	0306                	slli	t1,t1,0x1
     11e:	0901                	addi	s2,s2,0
     120:	0004                	.insn	2, 0x0004
     122:	0501                	addi	a0,a0,0
     124:	0003060f          	.insn	4, 0x0003060f
     128:	0009                	c.nop	2
     12a:	0100                	addi	s0,sp,128
     12c:	0905                	addi	s2,s2,1
     12e:	0306                	slli	t1,t1,0x1
     130:	0901                	addi	s2,s2,0
     132:	0004                	.insn	2, 0x0004
     134:	0501                	addi	a0,a0,0
     136:	0642                	slli	a2,a2,0x10
     138:	00090003          	lb	zero,0(s2)
     13c:	0100                	addi	s0,sp,128
     13e:	1d05                	addi	s10,s10,-31
     140:	04090103          	lb	sp,64(s2)
     144:	0100                	addi	s0,sp,128
     146:	2105                	addiw	sp,sp,1
     148:	04090103          	lb	sp,64(s2)
     14c:	0100                	addi	s0,sp,128
     14e:	3005                	.insn	2, 0x3005
     150:	04097e03          	.insn	4, 0x04097e03
     154:	0100                	addi	s0,sp,128
     156:	0f05                	addi	t5,t5,1
     158:	04090003          	lb	zero,64(s2)
     15c:	0100                	addi	s0,sp,128
     15e:	0905                	addi	s2,s2,1
     160:	0306                	slli	t1,t1,0x1
     162:	0901                	addi	s2,s2,0
     164:	0004                	.insn	2, 0x0004
     166:	0301                	addi	t1,t1,0
     168:	0901                	addi	s2,s2,0
     16a:	0000                	unimp
     16c:	0301                	addi	t1,t1,0
     16e:	0901                	addi	s2,s2,0
     170:	0000                	unimp
     172:	0501                	addi	a0,a0,0
     174:	061d                	addi	a2,a2,7
     176:	00090003          	lb	zero,0(s2)
     17a:	0100                	addi	s0,sp,128
     17c:	0200                	addi	s0,sp,256
     17e:	0304                	addi	s1,sp,384
     180:	0306                	slli	t1,t1,0x1
     182:	0979                	addi	s2,s2,30
     184:	0004                	.insn	2, 0x0004
     186:	0501                	addi	a0,a0,0
     188:	04020017          	auipc	zero,0x4020
     18c:	0301                	addi	t1,t1,0
     18e:	0900                	addi	s0,sp,144
     190:	0000                	unimp
     192:	0501                	addi	a0,a0,0
     194:	0305                	addi	t1,t1,1
     196:	0931                	addi	s2,s2,12
     198:	0004                	.insn	2, 0x0004
     19a:	0601                	addi	a2,a2,0
     19c:	04090103          	lb	sp,64(s2)
     1a0:	0100                	addi	s0,sp,128
     1a2:	0c097f03          	.insn	4, 0x0c097f03
     1a6:	0100                	addi	s0,sp,128
     1a8:	0306                	slli	t1,t1,0x1
     1aa:	0901                	addi	s2,s2,0
     1ac:	0004                	.insn	2, 0x0004
     1ae:	0301                	addi	t1,t1,0
     1b0:	00080903          	lb	s2,0(a6) # 590b5c12 <__heap_size+0x59095c12>
     1b4:	0501                	addi	a0,a0,0
     1b6:	0601                	addi	a2,a2,0
     1b8:	00090103          	lb	sp,0(s2)
     1bc:	0100                	addi	s0,sp,128
     1be:	1009                	c.nop	-30
     1c0:	0000                	unimp
     1c2:	0101                	addi	sp,sp,0
     1c4:	07a1                	addi	a5,a5,8
     1c6:	0000                	unimp
     1c8:	0005                	c.nop	1
     1ca:	0008                	.insn	2, 0x0008
     1cc:	0038                	addi	a4,sp,8
     1ce:	0000                	unimp
     1d0:	0101                	addi	sp,sp,0
     1d2:	fb01                	bnez	a4,e2 <__stack_align+0xd2>
     1d4:	0d0e                	slli	s10,s10,0x3
     1d6:	0100                	addi	s0,sp,128
     1d8:	0101                	addi	sp,sp,0
     1da:	0001                	nop
     1dc:	0000                	unimp
     1de:	0001                	nop
     1e0:	0100                	addi	s0,sp,128
     1e2:	0101                	addi	sp,sp,0
     1e4:	021f 013f 0000      	.insn	6, 0x013f021f
     1ea:	01d6                	slli	gp,gp,0x15
     1ec:	0000                	unimp
     1ee:	0102                	c.slli64	sp
     1f0:	021f 040f 0132      	.insn	6, 0x0132040f021f
     1f6:	0000                	unimp
     1f8:	3201                	addiw	tp,tp,-32 # ffffffffffffffe0 <__heap_end+0xffffffff7ffdafe0>
     1fa:	0001                	nop
     1fc:	0100                	addi	s0,sp,128
     1fe:	01f5                	addi	gp,gp,29 # 8000517d <__global_pointer$+0x1d>
     200:	0000                	unimp
     202:	fe01                	bnez	a2,11a <__stack_align+0x10a>
     204:	0001                	nop
     206:	0100                	addi	s0,sp,128
     208:	0105                	addi	sp,sp,1
     20a:	0900                	addi	s0,sp,144
     20c:	5802                	lw	a6,32(sp)
     20e:	0080003b          	addw	zero,zero,s0
     212:	0000                	unimp
     214:	0300                	addi	s0,sp,384
     216:	0122                	slli	sp,sp,0x8
     218:	0305                	addi	t1,t1,1
     21a:	00090103          	lb	sp,0(s2)
     21e:	0100                	addi	s0,sp,128
     220:	00090003          	lb	zero,0(s2)
     224:	0100                	addi	s0,sp,128
     226:	0d05                	addi	s10,s10,1
     228:	00090003          	lb	zero,0(s2)
     22c:	0100                	addi	s0,sp,128
     22e:	0305                	addi	t1,t1,1
     230:	00090103          	lb	sp,0(s2)
     234:	0100                	addi	s0,sp,128
     236:	00090003          	lb	zero,0(s2)
     23a:	0100                	addi	s0,sp,128
     23c:	00090003          	lb	zero,0(s2)
     240:	0100                	addi	s0,sp,128
     242:	00090003          	lb	zero,0(s2)
     246:	0100                	addi	s0,sp,128
     248:	00090103          	lb	sp,0(s2)
     24c:	0100                	addi	s0,sp,128
     24e:	00090003          	lb	zero,0(s2)
     252:	0100                	addi	s0,sp,128
     254:	00090003          	lb	zero,0(s2)
     258:	0100                	addi	s0,sp,128
     25a:	00090003          	lb	zero,0(s2)
     25e:	0100                	addi	s0,sp,128
     260:	00090103          	lb	sp,0(s2)
     264:	0100                	addi	s0,sp,128
     266:	00090203          	lb	tp,0(s2)
     26a:	0100                	addi	s0,sp,128
     26c:	00090003          	lb	zero,0(s2)
     270:	0100                	addi	s0,sp,128
     272:	0306                	slli	t1,t1,0x1
     274:	0901                	addi	s2,s2,0
     276:	0004                	.insn	2, 0x0004
     278:	0001                	nop
     27a:	0402                	c.slli64	s0
     27c:	0302                	c.slli64	t1
     27e:	0900                	addi	s0,sp,144
     280:	0012                	c.slli	zero,0x4
     282:	0301                	addi	t1,t1,0
     284:	0904                	addi	s1,sp,144
     286:	0006                	c.slli	zero,0x1
     288:	0001                	nop
     28a:	0402                	c.slli64	s0
     28c:	0302                	c.slli64	t1
     28e:	097c                	addi	a5,sp,156
     290:	0004                	.insn	2, 0x0004
     292:	0301                	addi	t1,t1,0
     294:	0904                	addi	s1,sp,144
     296:	0002                	c.slli64	zero
     298:	0301                	addi	t1,t1,0
     29a:	0006097b          	.insn	4, 0x0006097b
     29e:	0601                	addi	a2,a2,0
     2a0:	02090003          	lb	zero,32(s2)
     2a4:	0100                	addi	s0,sp,128
     2a6:	00090103          	lb	sp,0(s2)
     2aa:	0100                	addi	s0,sp,128
     2ac:	00090003          	lb	zero,0(s2)
     2b0:	0100                	addi	s0,sp,128
     2b2:	00090003          	lb	zero,0(s2)
     2b6:	0100                	addi	s0,sp,128
     2b8:	00090003          	lb	zero,0(s2)
     2bc:	0100                	addi	s0,sp,128
     2be:	00090003          	lb	zero,0(s2)
     2c2:	0100                	addi	s0,sp,128
     2c4:	00090003          	lb	zero,0(s2)
     2c8:	0100                	addi	s0,sp,128
     2ca:	00090003          	lb	zero,0(s2)
     2ce:	0100                	addi	s0,sp,128
     2d0:	00090003          	lb	zero,0(s2)
     2d4:	0100                	addi	s0,sp,128
     2d6:	00090003          	lb	zero,0(s2)
     2da:	0100                	addi	s0,sp,128
     2dc:	00090003          	lb	zero,0(s2)
     2e0:	0100                	addi	s0,sp,128
     2e2:	00090003          	lb	zero,0(s2)
     2e6:	0100                	addi	s0,sp,128
     2e8:	0200                	addi	s0,sp,256
     2ea:	0204                	addi	s1,sp,256
     2ec:	00090003          	lb	zero,0(s2)
     2f0:	0100                	addi	s0,sp,128
     2f2:	0200                	addi	s0,sp,256
     2f4:	0204                	addi	s1,sp,256
     2f6:	00090003          	lb	zero,0(s2)
     2fa:	0100                	addi	s0,sp,128
     2fc:	0200                	addi	s0,sp,256
     2fe:	0404                	addi	s1,sp,512
     300:	04090003          	lb	zero,64(s2)
     304:	0100                	addi	s0,sp,128
     306:	0200                	addi	s0,sp,256
     308:	0404                	addi	s1,sp,512
     30a:	00090003          	lb	zero,0(s2)
     30e:	0100                	addi	s0,sp,128
     310:	00090403          	lb	s0,0(s2)
     314:	0100                	addi	s0,sp,128
     316:	00090003          	lb	zero,0(s2)
     31a:	0100                	addi	s0,sp,128
     31c:	00090003          	lb	zero,0(s2)
     320:	0100                	addi	s0,sp,128
     322:	00090003          	lb	zero,0(s2)
     326:	0100                	addi	s0,sp,128
     328:	00090003          	lb	zero,0(s2)
     32c:	0100                	addi	s0,sp,128
     32e:	0200                	addi	s0,sp,256
     330:	0104                	addi	s1,sp,128
     332:	04090003          	lb	zero,64(s2)
     336:	0100                	addi	s0,sp,128
     338:	0200                	addi	s0,sp,256
     33a:	0104                	addi	s1,sp,128
     33c:	08090003          	lb	zero,128(s2)
     340:	0100                	addi	s0,sp,128
     342:	0200                	addi	s0,sp,256
     344:	0304                	addi	s1,sp,384
     346:	08090003          	lb	zero,128(s2)
     34a:	0100                	addi	s0,sp,128
     34c:	0200                	addi	s0,sp,256
     34e:	0304                	addi	s1,sp,384
     350:	00090003          	lb	zero,0(s2)
     354:	0100                	addi	s0,sp,128
     356:	0200                	addi	s0,sp,256
     358:	0604                	addi	s1,sp,768
     35a:	0306                	slli	t1,t1,0x1
     35c:	0900                	addi	s0,sp,144
     35e:	0002                	c.slli64	zero
     360:	0001                	nop
     362:	0402                	c.slli64	s0
     364:	09000307          	.insn	4, 0x09000307
     368:	0006                	c.slli	zero,0x1
     36a:	0001                	nop
     36c:	0402                	c.slli64	s0
     36e:	030e                	slli	t1,t1,0x3
     370:	0900                	addi	s0,sp,144
     372:	0002                	c.slli64	zero
     374:	0001                	nop
     376:	0402                	c.slli64	s0
     378:	0310                	addi	a2,sp,384
     37a:	0900                	addi	s0,sp,144
     37c:	0006                	c.slli	zero,0x1
     37e:	0001                	nop
     380:	0402                	c.slli64	s0
     382:	030a                	slli	t1,t1,0x2
     384:	0900                	addi	s0,sp,144
     386:	0004                	.insn	2, 0x0004
     388:	0001                	nop
     38a:	0402                	c.slli64	s0
     38c:	0900030b          	.insn	4, 0x0900030b
     390:	0006                	c.slli	zero,0x1
     392:	0001                	nop
     394:	0402                	c.slli64	s0
     396:	030d                	addi	t1,t1,3
     398:	0900                	addi	s0,sp,144
     39a:	0002                	c.slli64	zero
     39c:	0001                	nop
     39e:	0402                	c.slli64	s0
     3a0:	0604                	addi	s1,sp,768
     3a2:	08090003          	lb	zero,128(s2)
     3a6:	0100                	addi	s0,sp,128
     3a8:	0200                	addi	s0,sp,256
     3aa:	1104                	addi	s1,sp,160
     3ac:	04090003          	lb	zero,64(s2)
     3b0:	0100                	addi	s0,sp,128
     3b2:	0200                	addi	s0,sp,256
     3b4:	1304                	addi	s1,sp,416
     3b6:	0306                	slli	t1,t1,0x1
     3b8:	0900                	addi	s0,sp,144
     3ba:	0004                	.insn	2, 0x0004
     3bc:	0001                	nop
     3be:	0402                	c.slli64	s0
     3c0:	0311                	addi	t1,t1,4
     3c2:	0900                	addi	s0,sp,144
     3c4:	0002                	c.slli64	zero
     3c6:	0001                	nop
     3c8:	0402                	c.slli64	s0
     3ca:	0614                	addi	a3,sp,768
     3cc:	04090003          	lb	zero,64(s2)
     3d0:	0100                	addi	s0,sp,128
     3d2:	0200                	addi	s0,sp,256
     3d4:	1404                	addi	s1,sp,544
     3d6:	08090003          	lb	zero,128(s2)
     3da:	0100                	addi	s0,sp,128
     3dc:	0200                	addi	s0,sp,256
     3de:	1604                	addi	s1,sp,800
     3e0:	0306                	slli	t1,t1,0x1
     3e2:	0900                	addi	s0,sp,144
     3e4:	0008                	.insn	2, 0x0008
     3e6:	0001                	nop
     3e8:	0402                	c.slli64	s0
     3ea:	0314                	addi	a3,sp,384
     3ec:	0900                	addi	s0,sp,144
     3ee:	0004                	.insn	2, 0x0004
     3f0:	0001                	nop
     3f2:	0402                	c.slli64	s0
     3f4:	0616                	slli	a2,a2,0x5
     3f6:	04090003          	lb	zero,64(s2)
     3fa:	0100                	addi	s0,sp,128
     3fc:	0200                	addi	s0,sp,256
     3fe:	1b04                	addi	s1,sp,432
     400:	0306                	slli	t1,t1,0x1
     402:	0900                	addi	s0,sp,144
     404:	000e                	c.slli	zero,0x3
     406:	0001                	nop
     408:	0402                	c.slli64	s0
     40a:	0316                	slli	t1,t1,0x5
     40c:	0900                	addi	s0,sp,144
     40e:	000c                	.insn	2, 0x000c
     410:	0001                	nop
     412:	0402                	c.slli64	s0
     414:	031d                	addi	t1,t1,7
     416:	0900                	addi	s0,sp,144
     418:	0004                	.insn	2, 0x0004
     41a:	0001                	nop
     41c:	0402                	c.slli64	s0
     41e:	061d                	addi	a2,a2,7
     420:	02090003          	lb	zero,32(s2)
     424:	0100                	addi	s0,sp,128
     426:	0200                	addi	s0,sp,256
     428:	0604                	addi	s1,sp,768
     42a:	00090203          	lb	tp,0(s2)
     42e:	0100                	addi	s0,sp,128
     430:	0200                	addi	s0,sp,256
     432:	0704                	addi	s1,sp,896
     434:	00090003          	lb	zero,0(s2)
     438:	0100                	addi	s0,sp,128
     43a:	0200                	addi	s0,sp,256
     43c:	0704                	addi	s1,sp,896
     43e:	00090003          	lb	zero,0(s2)
     442:	0100                	addi	s0,sp,128
     444:	0200                	addi	s0,sp,256
     446:	0704                	addi	s1,sp,896
     448:	00090003          	lb	zero,0(s2)
     44c:	0100                	addi	s0,sp,128
     44e:	0200                	addi	s0,sp,256
     450:	0704                	addi	s1,sp,896
     452:	00090003          	lb	zero,0(s2)
     456:	0100                	addi	s0,sp,128
     458:	0200                	addi	s0,sp,256
     45a:	0704                	addi	s1,sp,896
     45c:	00090003          	lb	zero,0(s2)
     460:	0100                	addi	s0,sp,128
     462:	0200                	addi	s0,sp,256
     464:	0704                	addi	s1,sp,896
     466:	00090003          	lb	zero,0(s2)
     46a:	0100                	addi	s0,sp,128
     46c:	0200                	addi	s0,sp,256
     46e:	0704                	addi	s1,sp,896
     470:	00090003          	lb	zero,0(s2)
     474:	0100                	addi	s0,sp,128
     476:	0200                	addi	s0,sp,256
     478:	0704                	addi	s1,sp,896
     47a:	00090003          	lb	zero,0(s2)
     47e:	0100                	addi	s0,sp,128
     480:	0200                	addi	s0,sp,256
     482:	0704                	addi	s1,sp,896
     484:	00090003          	lb	zero,0(s2)
     488:	0100                	addi	s0,sp,128
     48a:	0200                	addi	s0,sp,256
     48c:	0904                	addi	s1,sp,144
     48e:	00090003          	lb	zero,0(s2)
     492:	0100                	addi	s0,sp,128
     494:	0200                	addi	s0,sp,256
     496:	0c04                	addi	s1,sp,528
     498:	04090003          	lb	zero,64(s2)
     49c:	0100                	addi	s0,sp,128
     49e:	0200                	addi	s0,sp,256
     4a0:	0c04                	addi	s1,sp,528
     4a2:	00090003          	lb	zero,0(s2)
     4a6:	0100                	addi	s0,sp,128
     4a8:	0200                	addi	s0,sp,256
     4aa:	0c04                	addi	s1,sp,528
     4ac:	00090003          	lb	zero,0(s2)
     4b0:	0100                	addi	s0,sp,128
     4b2:	0200                	addi	s0,sp,256
     4b4:	0d04                	addi	s1,sp,656
     4b6:	08090003          	lb	zero,128(s2)
     4ba:	0100                	addi	s0,sp,128
     4bc:	0200                	addi	s0,sp,256
     4be:	0d04                	addi	s1,sp,656
     4c0:	00090003          	lb	zero,0(s2)
     4c4:	0100                	addi	s0,sp,128
     4c6:	0200                	addi	s0,sp,256
     4c8:	1004                	addi	s1,sp,32
     4ca:	10090003          	lb	zero,256(s2)
     4ce:	0100                	addi	s0,sp,128
     4d0:	0200                	addi	s0,sp,256
     4d2:	1004                	addi	s1,sp,32
     4d4:	00090003          	lb	zero,0(s2)
     4d8:	0100                	addi	s0,sp,128
     4da:	0200                	addi	s0,sp,256
     4dc:	1404                	addi	s1,sp,544
     4de:	0a090003          	lb	zero,160(s2)
     4e2:	0100                	addi	s0,sp,128
     4e4:	0200                	addi	s0,sp,256
     4e6:	1704                	addi	s1,sp,928
     4e8:	02090003          	lb	zero,32(s2)
     4ec:	0100                	addi	s0,sp,128
     4ee:	0200                	addi	s0,sp,256
     4f0:	1704                	addi	s1,sp,928
     4f2:	00090003          	lb	zero,0(s2)
     4f6:	0100                	addi	s0,sp,128
     4f8:	0200                	addi	s0,sp,256
     4fa:	2404                	fld	fs1,8(s0)
     4fc:	0a090003          	lb	zero,160(s2)
     500:	0100                	addi	s0,sp,128
     502:	0200                	addi	s0,sp,256
     504:	2404                	fld	fs1,8(s0)
     506:	00090003          	lb	zero,0(s2)
     50a:	0100                	addi	s0,sp,128
     50c:	0200                	addi	s0,sp,256
     50e:	2504                	fld	fs1,8(a0)
     510:	08090003          	lb	zero,128(s2)
     514:	0100                	addi	s0,sp,128
     516:	0200                	addi	s0,sp,256
     518:	2504                	fld	fs1,8(a0)
     51a:	06090003          	lb	zero,96(s2)
     51e:	0100                	addi	s0,sp,128
     520:	0200                	addi	s0,sp,256
     522:	2804                	fld	fs1,16(s0)
     524:	0c090003          	lb	zero,192(s2)
     528:	0100                	addi	s0,sp,128
     52a:	0200                	addi	s0,sp,256
     52c:	2804                	fld	fs1,16(s0)
     52e:	00090003          	lb	zero,0(s2)
     532:	0100                	addi	s0,sp,128
     534:	0200                	addi	s0,sp,256
     536:	2c04                	fld	fs1,24(s0)
     538:	0a090003          	lb	zero,160(s2)
     53c:	0100                	addi	s0,sp,128
     53e:	0200                	addi	s0,sp,256
     540:	2f04                	fld	fs1,24(a4)
     542:	02090003          	lb	zero,32(s2)
     546:	0100                	addi	s0,sp,128
     548:	0200                	addi	s0,sp,256
     54a:	2f04                	fld	fs1,24(a4)
     54c:	00090003          	lb	zero,0(s2)
     550:	0100                	addi	s0,sp,128
     552:	0200                	addi	s0,sp,256
     554:	3a04                	fld	fs1,48(a2)
     556:	02090003          	lb	zero,32(s2)
     55a:	0100                	addi	s0,sp,128
     55c:	0200                	addi	s0,sp,256
     55e:	3e04                	fld	fs1,56(a2)
     560:	0a090003          	lb	zero,160(s2)
     564:	0100                	addi	s0,sp,128
     566:	0200                	addi	s0,sp,256
     568:	3f04                	fld	fs1,56(a4)
     56a:	08090003          	lb	zero,128(s2)
     56e:	0100                	addi	s0,sp,128
     570:	0200                	addi	s0,sp,256
     572:	3f04                	fld	fs1,56(a4)
     574:	00090003          	lb	zero,0(s2)
     578:	0100                	addi	s0,sp,128
     57a:	0200                	addi	s0,sp,256
     57c:	3f04                	fld	fs1,56(a4)
     57e:	02090003          	lb	zero,32(s2)
     582:	0100                	addi	s0,sp,128
     584:	0200                	addi	s0,sp,256
     586:	4f04                	lw	s1,24(a4)
     588:	10090003          	lb	zero,256(s2)
     58c:	0100                	addi	s0,sp,128
     58e:	0200                	addi	s0,sp,256
     590:	4f04                	lw	s1,24(a4)
     592:	00090003          	lb	zero,0(s2)
     596:	0100                	addi	s0,sp,128
     598:	0200                	addi	s0,sp,256
     59a:	4f04                	lw	s1,24(a4)
     59c:	06090003          	lb	zero,96(s2)
     5a0:	0100                	addi	s0,sp,128
     5a2:	0200                	addi	s0,sp,256
     5a4:	5004                	lw	s1,32(s0)
     5a6:	0306                	slli	t1,t1,0x1
     5a8:	0900                	addi	s0,sp,144
     5aa:	0004                	.insn	2, 0x0004
     5ac:	0001                	nop
     5ae:	0402                	c.slli64	s0
     5b0:	0354                	addi	a3,sp,388
     5b2:	0900                	addi	s0,sp,144
     5b4:	0002                	c.slli64	zero
     5b6:	0001                	nop
     5b8:	0402                	c.slli64	s0
     5ba:	065a                	slli	a2,a2,0x16
     5bc:	06090003          	lb	zero,96(s2)
     5c0:	0100                	addi	s0,sp,128
     5c2:	0200                	addi	s0,sp,256
     5c4:	5a04                	lw	s1,48(a2)
     5c6:	00090003          	lb	zero,0(s2)
     5ca:	0100                	addi	s0,sp,128
     5cc:	0200                	addi	s0,sp,256
     5ce:	5a04                	lw	s1,48(a2)
     5d0:	00090003          	lb	zero,0(s2)
     5d4:	0100                	addi	s0,sp,128
     5d6:	0200                	addi	s0,sp,256
     5d8:	5a04                	lw	s1,48(a2)
     5da:	00090003          	lb	zero,0(s2)
     5de:	0100                	addi	s0,sp,128
     5e0:	0200                	addi	s0,sp,256
     5e2:	5a04                	lw	s1,48(a2)
     5e4:	00090003          	lb	zero,0(s2)
     5e8:	0100                	addi	s0,sp,128
     5ea:	0200                	addi	s0,sp,256
     5ec:	5a04                	lw	s1,48(a2)
     5ee:	00090003          	lb	zero,0(s2)
     5f2:	0100                	addi	s0,sp,128
     5f4:	0200                	addi	s0,sp,256
     5f6:	5a04                	lw	s1,48(a2)
     5f8:	00090003          	lb	zero,0(s2)
     5fc:	0100                	addi	s0,sp,128
     5fe:	0200                	addi	s0,sp,256
     600:	5a04                	lw	s1,48(a2)
     602:	16090003          	lb	zero,352(s2)
     606:	0100                	addi	s0,sp,128
     608:	0200                	addi	s0,sp,256
     60a:	5a04                	lw	s1,48(a2)
     60c:	00090003          	lb	zero,0(s2)
     610:	0100                	addi	s0,sp,128
     612:	0200                	addi	s0,sp,256
     614:	5a04                	lw	s1,48(a2)
     616:	00090003          	lb	zero,0(s2)
     61a:	0100                	addi	s0,sp,128
     61c:	00090103          	lb	sp,0(s2)
     620:	0100                	addi	s0,sp,128
     622:	00090003          	lb	zero,0(s2)
     626:	0100                	addi	s0,sp,128
     628:	0200                	addi	s0,sp,256
     62a:	0104                	addi	s1,sp,128
     62c:	0306                	slli	t1,t1,0x1
     62e:	0900                	addi	s0,sp,144
     630:	0000                	unimp
     632:	0001                	nop
     634:	0402                	c.slli64	s0
     636:	0601                	addi	a2,a2,0
     638:	02090003          	lb	zero,32(s2)
     63c:	0100                	addi	s0,sp,128
     63e:	0200                	addi	s0,sp,256
     640:	0304                	addi	s1,sp,384
     642:	04090003          	lb	zero,64(s2)
     646:	0100                	addi	s0,sp,128
     648:	00090203          	lb	tp,0(s2)
     64c:	0100                	addi	s0,sp,128
     64e:	0105                	addi	sp,sp,1
     650:	0306                	slli	t1,t1,0x1
     652:	0901                	addi	s2,s2,0
     654:	0000                	unimp
     656:	0501                	addi	a0,a0,0
     658:	04020003          	lb	zero,64(tp) # 40 <__stack_align+0x30>
     65c:	7a030617          	auipc	a2,0x7a030
     660:	0609                	addi	a2,a2,2 # 7a03065e <__heap_size+0x7a01065e>
     662:	0100                	addi	s0,sp,128
     664:	0200                	addi	s0,sp,256
     666:	2004                	fld	fs1,0(s0)
     668:	0306                	slli	t1,t1,0x1
     66a:	0900                	addi	s0,sp,144
     66c:	000c                	.insn	2, 0x000c
     66e:	0001                	nop
     670:	0402                	c.slli64	s0
     672:	09000317          	auipc	t1,0x9000
     676:	0002                	c.slli64	zero
     678:	0001                	nop
     67a:	0402                	c.slli64	s0
     67c:	031f 0900 0004      	.insn	6, 0x00040900031f
     682:	0001                	nop
     684:	0402                	c.slli64	s0
     686:	0322                	slli	t1,t1,0x8
     688:	0900                	addi	s0,sp,144
     68a:	0008                	.insn	2, 0x0008
     68c:	0001                	nop
     68e:	0402                	c.slli64	s0
     690:	0622                	slli	a2,a2,0x8
     692:	0a090003          	lb	zero,160(s2)
     696:	0100                	addi	s0,sp,128
     698:	0200                	addi	s0,sp,256
     69a:	1204                	addi	s1,sp,288
     69c:	02090003          	lb	zero,32(s2)
     6a0:	0100                	addi	s0,sp,128
     6a2:	0200                	addi	s0,sp,256
     6a4:	1204                	addi	s1,sp,288
     6a6:	00090003          	lb	zero,0(s2)
     6aa:	0100                	addi	s0,sp,128
     6ac:	0200                	addi	s0,sp,256
     6ae:	1204                	addi	s1,sp,288
     6b0:	14090003          	lb	zero,320(s2)
     6b4:	0100                	addi	s0,sp,128
     6b6:	0306                	slli	t1,t1,0x1
     6b8:	0976                	slli	s2,s2,0x1d
     6ba:	0000                	unimp
     6bc:	0001                	nop
     6be:	0402                	c.slli64	s0
     6c0:	0602                	c.slli64	a2
     6c2:	04090a03          	lb	s4,64(s2)
     6c6:	0100                	addi	s0,sp,128
     6c8:	0200                	addi	s0,sp,256
     6ca:	2a04                	fld	fs1,16(a2)
     6cc:	0306                	slli	t1,t1,0x1
     6ce:	0900                	addi	s0,sp,144
     6d0:	0000                	unimp
     6d2:	0001                	nop
     6d4:	0402                	c.slli64	s0
     6d6:	0302                	c.slli64	t1
     6d8:	0900                	addi	s0,sp,144
     6da:	0004                	.insn	2, 0x0004
     6dc:	0001                	nop
     6de:	0402                	c.slli64	s0
     6e0:	0626                	slli	a2,a2,0x9
     6e2:	04090003          	lb	zero,64(s2)
     6e6:	0100                	addi	s0,sp,128
     6e8:	0200                	addi	s0,sp,256
     6ea:	2604                	fld	fs1,8(a2)
     6ec:	00090003          	lb	zero,0(s2)
     6f0:	0100                	addi	s0,sp,128
     6f2:	0200                	addi	s0,sp,256
     6f4:	2a04                	fld	fs1,16(a2)
     6f6:	00090003          	lb	zero,0(s2)
     6fa:	0100                	addi	s0,sp,128
     6fc:	0200                	addi	s0,sp,256
     6fe:	2a04                	fld	fs1,16(a2)
     700:	00090003          	lb	zero,0(s2)
     704:	0100                	addi	s0,sp,128
     706:	0200                	addi	s0,sp,256
     708:	2a04                	fld	fs1,16(a2)
     70a:	00090003          	lb	zero,0(s2)
     70e:	0100                	addi	s0,sp,128
     710:	0200                	addi	s0,sp,256
     712:	4104                	lw	s1,0(a0)
     714:	00090003          	lb	zero,0(s2)
     718:	0100                	addi	s0,sp,128
     71a:	0200                	addi	s0,sp,256
     71c:	4104                	lw	s1,0(a0)
     71e:	00090003          	lb	zero,0(s2)
     722:	0100                	addi	s0,sp,128
     724:	00090203          	lb	tp,0(s2)
     728:	0100                	addi	s0,sp,128
     72a:	00090003          	lb	zero,0(s2)
     72e:	0100                	addi	s0,sp,128
     730:	00090003          	lb	zero,0(s2)
     734:	0100                	addi	s0,sp,128
     736:	0306                	slli	t1,t1,0x1
     738:	0974                	addi	a3,sp,156
     73a:	0000                	unimp
     73c:	0001                	nop
     73e:	0402                	c.slli64	s0
     740:	0301                	addi	t1,t1,0 # 9000672 <__heap_size+0x8fe0672>
     742:	090c                	addi	a1,sp,144
     744:	0002                	c.slli64	zero
     746:	0001                	nop
     748:	0402                	c.slli64	s0
     74a:	097e032b          	.insn	4, 0x097e032b
     74e:	0002                	c.slli64	zero
     750:	0001                	nop
     752:	0402                	c.slli64	s0
     754:	00030627          	.insn	4, 0x00030627
     758:	0409                	addi	s0,s0,2
     75a:	0100                	addi	s0,sp,128
     75c:	0200                	addi	s0,sp,256
     75e:	2704                	fld	fs1,8(a4)
     760:	00090003          	lb	zero,0(s2)
     764:	0100                	addi	s0,sp,128
     766:	0200                	addi	s0,sp,256
     768:	3004                	fld	fs1,32(s0)
     76a:	02090003          	lb	zero,32(s2)
     76e:	0100                	addi	s0,sp,128
     770:	0200                	addi	s0,sp,256
     772:	3004                	fld	fs1,32(s0)
     774:	00090003          	lb	zero,0(s2)
     778:	0100                	addi	s0,sp,128
     77a:	0306                	slli	t1,t1,0x1
     77c:	0976                	slli	s2,s2,0x1d
     77e:	0000                	unimp
     780:	0001                	nop
     782:	0402                	c.slli64	s0
     784:	0330                	addi	a2,sp,392
     786:	090a                	slli	s2,s2,0x2
     788:	0002                	c.slli64	zero
     78a:	0001                	nop
     78c:	0402                	c.slli64	s0
     78e:	0334                	addi	a3,sp,392
     790:	0900                	addi	s0,sp,144
     792:	0004                	.insn	2, 0x0004
     794:	0001                	nop
     796:	0402                	c.slli64	s0
     798:	0638                	addi	a4,sp,776
     79a:	0a090003          	lb	zero,160(s2)
     79e:	0100                	addi	s0,sp,128
     7a0:	0200                	addi	s0,sp,256
     7a2:	3804                	fld	fs1,48(s0)
     7a4:	00090003          	lb	zero,0(s2)
     7a8:	0100                	addi	s0,sp,128
     7aa:	0200                	addi	s0,sp,256
     7ac:	3804                	fld	fs1,48(s0)
     7ae:	00090003          	lb	zero,0(s2)
     7b2:	0100                	addi	s0,sp,128
     7b4:	0200                	addi	s0,sp,256
     7b6:	3804                	fld	fs1,48(s0)
     7b8:	04090003          	lb	zero,64(s2)
     7bc:	0100                	addi	s0,sp,128
     7be:	0200                	addi	s0,sp,256
     7c0:	3804                	fld	fs1,48(s0)
     7c2:	00090003          	lb	zero,0(s2)
     7c6:	0100                	addi	s0,sp,128
     7c8:	0200                	addi	s0,sp,256
     7ca:	3804                	fld	fs1,48(s0)
     7cc:	00090003          	lb	zero,0(s2)
     7d0:	0100                	addi	s0,sp,128
     7d2:	0200                	addi	s0,sp,256
     7d4:	3a04                	fld	fs1,48(a2)
     7d6:	0306                	slli	t1,t1,0x1
     7d8:	0900                	addi	s0,sp,144
     7da:	0004                	.insn	2, 0x0004
     7dc:	0001                	nop
     7de:	0402                	c.slli64	s0
     7e0:	0338                	addi	a4,sp,392
     7e2:	0900                	addi	s0,sp,144
     7e4:	0002                	c.slli64	zero
     7e6:	0001                	nop
     7e8:	0402                	c.slli64	s0
     7ea:	0638                	addi	a4,sp,776
     7ec:	02090003          	lb	zero,32(s2)
     7f0:	0100                	addi	s0,sp,128
     7f2:	0200                	addi	s0,sp,256
     7f4:	3804                	fld	fs1,48(s0)
     7f6:	00090003          	lb	zero,0(s2)
     7fa:	0100                	addi	s0,sp,128
     7fc:	0200                	addi	s0,sp,256
     7fe:	3a04                	fld	fs1,48(a2)
     800:	00090003          	lb	zero,0(s2)
     804:	0100                	addi	s0,sp,128
     806:	0200                	addi	s0,sp,256
     808:	2704                	fld	fs1,8(a4)
     80a:	0306                	slli	t1,t1,0x1
     80c:	0900                	addi	s0,sp,144
     80e:	0004                	.insn	2, 0x0004
     810:	0001                	nop
     812:	0402                	c.slli64	s0
     814:	0641                	addi	a2,a2,16
     816:	04090003          	lb	zero,64(s2)
     81a:	0100                	addi	s0,sp,128
     81c:	0200                	addi	s0,sp,256
     81e:	4104                	lw	s1,0(a0)
     820:	00090003          	lb	zero,0(s2)
     824:	0100                	addi	s0,sp,128
     826:	00090203          	lb	tp,0(s2)
     82a:	0100                	addi	s0,sp,128
     82c:	00090003          	lb	zero,0(s2)
     830:	0100                	addi	s0,sp,128
     832:	00090003          	lb	zero,0(s2)
     836:	0100                	addi	s0,sp,128
     838:	0200                	addi	s0,sp,256
     83a:	0604                	addi	s1,sp,768
     83c:	0306                	slli	t1,t1,0x1
     83e:	0900                	addi	s0,sp,144
     840:	0000                	unimp
     842:	0001                	nop
     844:	0402                	c.slli64	s0
     846:	00030613          	mv	a2,t1
     84a:	0409                	addi	s0,s0,2
     84c:	0100                	addi	s0,sp,128
     84e:	0200                	addi	s0,sp,256
     850:	1304                	addi	s1,sp,416
     852:	00090003          	lb	zero,0(s2)
     856:	0100                	addi	s0,sp,128
     858:	0200                	addi	s0,sp,256
     85a:	0d04                	addi	s1,sp,656
     85c:	0306                	slli	t1,t1,0x1
     85e:	0900                	addi	s0,sp,144
     860:	0000                	unimp
     862:	0001                	nop
     864:	0402                	c.slli64	s0
     866:	09000313          	li	t1,144
     86a:	0002                	c.slli64	zero
     86c:	0001                	nop
     86e:	0402                	c.slli64	s0
     870:	061f 0003 0409      	.insn	6, 0x04090003061f
     876:	0100                	addi	s0,sp,128
     878:	0200                	addi	s0,sp,256
     87a:	1204                	addi	s1,sp,288
     87c:	04090003          	lb	zero,64(s2)
     880:	0100                	addi	s0,sp,128
     882:	0200                	addi	s0,sp,256
     884:	1204                	addi	s1,sp,288
     886:	00090003          	lb	zero,0(s2)
     88a:	0100                	addi	s0,sp,128
     88c:	0200                	addi	s0,sp,256
     88e:	0d04                	addi	s1,sp,656
     890:	0306                	slli	t1,t1,0x1
     892:	0900                	addi	s0,sp,144
     894:	0000                	unimp
     896:	0001                	nop
     898:	0402                	c.slli64	s0
     89a:	0312                	slli	t1,t1,0x4
     89c:	0900                	addi	s0,sp,144
     89e:	0002                	c.slli64	zero
     8a0:	0001                	nop
     8a2:	0402                	c.slli64	s0
     8a4:	0003062b          	.insn	4, 0x0003062b
     8a8:	0609                	addi	a2,a2,2
     8aa:	0100                	addi	s0,sp,128
     8ac:	0200                	addi	s0,sp,256
     8ae:	2b04                	fld	fs1,16(a4)
     8b0:	00090003          	lb	zero,0(s2)
     8b4:	0100                	addi	s0,sp,128
     8b6:	0200                	addi	s0,sp,256
     8b8:	3704                	fld	fs1,40(a4)
     8ba:	02090003          	lb	zero,32(s2)
     8be:	0100                	addi	s0,sp,128
     8c0:	0200                	addi	s0,sp,256
     8c2:	2a04                	fld	fs1,16(a2)
     8c4:	04090003          	lb	zero,64(s2)
     8c8:	0100                	addi	s0,sp,128
     8ca:	0200                	addi	s0,sp,256
     8cc:	2a04                	fld	fs1,16(a2)
     8ce:	00090003          	lb	zero,0(s2)
     8d2:	0100                	addi	s0,sp,128
     8d4:	0200                	addi	s0,sp,256
     8d6:	4104                	lw	s1,0(a0)
     8d8:	04090003          	lb	zero,64(s2)
     8dc:	0100                	addi	s0,sp,128
     8de:	0200                	addi	s0,sp,256
     8e0:	4104                	lw	s1,0(a0)
     8e2:	00090003          	lb	zero,0(s2)
     8e6:	0100                	addi	s0,sp,128
     8e8:	0200                	addi	s0,sp,256
     8ea:	4b04                	lw	s1,16(a4)
     8ec:	0306                	slli	t1,t1,0x1
     8ee:	0900                	addi	s0,sp,144
     8f0:	0000                	unimp
     8f2:	0001                	nop
     8f4:	0402                	c.slli64	s0
     8f6:	0341                	addi	t1,t1,16
     8f8:	0900                	addi	s0,sp,144
     8fa:	0002                	c.slli64	zero
     8fc:	0001                	nop
     8fe:	0402                	c.slli64	s0
     900:	0344                	addi	s1,sp,388
     902:	0900                	addi	s0,sp,144
     904:	0002                	c.slli64	zero
     906:	0001                	nop
     908:	0402                	c.slli64	s0
     90a:	0345                	addi	t1,t1,17
     90c:	0900                	addi	s0,sp,144
     90e:	0006                	c.slli	zero,0x1
     910:	0001                	nop
     912:	0402                	c.slli64	s0
     914:	034c                	addi	a1,sp,388
     916:	0900                	addi	s0,sp,144
     918:	0002                	c.slli64	zero
     91a:	0001                	nop
     91c:	0402                	c.slli64	s0
     91e:	0348                	addi	a0,sp,388
     920:	0900                	addi	s0,sp,144
     922:	0008                	.insn	2, 0x0008
     924:	0001                	nop
     926:	0402                	c.slli64	s0
     928:	0349                	addi	t1,t1,18
     92a:	0900                	addi	s0,sp,144
     92c:	0006                	c.slli	zero,0x1
     92e:	0001                	nop
     930:	0402                	c.slli64	s0
     932:	064e                	slli	a2,a2,0x13
     934:	02090003          	lb	zero,32(s2)
     938:	0100                	addi	s0,sp,128
     93a:	0200                	addi	s0,sp,256
     93c:	4e04                	lw	s1,24(a2)
     93e:	00090003          	lb	zero,0(s2)
     942:	0100                	addi	s0,sp,128
     944:	0200                	addi	s0,sp,256
     946:	2f04                	fld	fs1,24(a4)
     948:	06090003          	lb	zero,96(s2)
     94c:	0100                	addi	s0,sp,128
     94e:	0200                	addi	s0,sp,256
     950:	2f04                	fld	fs1,24(a4)
     952:	00090003          	lb	zero,0(s2)
     956:	0100                	addi	s0,sp,128
     958:	0200                	addi	s0,sp,256
     95a:	2704                	fld	fs1,8(a4)
     95c:	0306                	slli	t1,t1,0x1
     95e:	097e                	slli	s2,s2,0x1f
     960:	0006                	c.slli	zero,0x1
     962:	0901                	addi	s2,s2,0
     964:	0006                	c.slli	zero,0x1
     966:	0100                	addi	s0,sp,128
     968:	9201                	srli	a2,a2,0x20
     96a:	0000                	unimp
     96c:	0500                	addi	s0,sp,640
     96e:	0800                	addi	s0,sp,16
     970:	3700                	fld	fs0,40(a4)
     972:	0000                	unimp
     974:	0100                	addi	s0,sp,128
     976:	0101                	addi	sp,sp,0
     978:	000d0efb          	.insn	4, 0x000d0efb
     97c:	0101                	addi	sp,sp,0
     97e:	0101                	addi	sp,sp,0
     980:	0000                	unimp
     982:	0100                	addi	s0,sp,128
     984:	0000                	unimp
     986:	0101                	addi	sp,sp,0
     988:	1f01                	addi	t5,t5,-32
     98a:	00020503          	lb	a0,0(tp) # 0 <__boot_hart>
     98e:	4400                	lw	s0,8(s0)
     990:	0002                	c.slli64	zero
     992:	4b00                	lw	s0,16(a4)
     994:	0002                	c.slli64	zero
     996:	0200                	addi	s0,sp,256
     998:	1f01                	addi	t5,t5,-32
     99a:	0f02                	c.slli64	t5
     99c:	00023c03          	ld	s8,0(tp) # 0 <__boot_hart>
     9a0:	0100                	addi	s0,sp,128
     9a2:	023c                	addi	a5,sp,264
     9a4:	0000                	unimp
     9a6:	9801                	andi	s0,s0,-32
     9a8:	0002                	c.slli64	zero
     9aa:	0200                	addi	s0,sp,256
     9ac:	0105                	addi	sp,sp,1
     9ae:	0900                	addi	s0,sp,144
     9b0:	7802                	ld	a6,32(sp)
     9b2:	003d                	c.nop	15
     9b4:	0080                	addi	s0,sp,64
     9b6:	0000                	unimp
     9b8:	1600                	addi	s0,sp,800
     9ba:	0505                	addi	a0,a0,1
     9bc:	00090103          	lb	sp,0(s2)
     9c0:	0100                	addi	s0,sp,128
     9c2:	0105                	addi	sp,sp,1
     9c4:	0306                	slli	t1,t1,0x1
     9c6:	097f 0000 0501 0305 	.insn	10, 0x0901030505010000097f
     9ce:	0901 
     9d0:	0004                	.insn	2, 0x0004
     9d2:	0501                	addi	a0,a0,0
     9d4:	0301                	addi	t1,t1,0
     9d6:	0902                	c.slli64	s2
     9d8:	0004                	.insn	2, 0x0004
     9da:	0501                	addi	a0,a0,0
     9dc:	0402000b          	.insn	4, 0x0402000b
     9e0:	0301                	addi	t1,t1,0
     9e2:	097e                	slli	s2,s2,0x1f
     9e4:	0002                	c.slli64	zero
     9e6:	0501                	addi	a0,a0,0
     9e8:	0605                	addi	a2,a2,1
     9ea:	04090103          	lb	sp,64(s2)
     9ee:	0100                	addi	s0,sp,128
     9f0:	0105                	addi	sp,sp,1
     9f2:	0306                	slli	t1,t1,0x1
     9f4:	0901                	addi	s2,s2,0
     9f6:	0000                	unimp
     9f8:	0901                	addi	s2,s2,0
     9fa:	0006                	c.slli	zero,0x1
     9fc:	0100                	addi	s0,sp,128
     9fe:	bb01                	j	70e <__stack_align+0x6fe>
     a00:	0000                	unimp
     a02:	0500                	addi	s0,sp,640
     a04:	0800                	addi	s0,sp,16
     a06:	4900                	lw	s0,16(a0)
     a08:	0000                	unimp
     a0a:	0100                	addi	s0,sp,128
     a0c:	0101                	addi	sp,sp,0
     a0e:	000d0efb          	.insn	4, 0x000d0efb
     a12:	0101                	addi	sp,sp,0
     a14:	0101                	addi	sp,sp,0
     a16:	0000                	unimp
     a18:	0100                	addi	s0,sp,128
     a1a:	0000                	unimp
     a1c:	0101                	addi	sp,sp,0
     a1e:	1f01                	addi	t5,t5,-32
     a20:	0505                	addi	a0,a0,1
     a22:	0002                	c.slli64	zero
     a24:	4400                	lw	s0,8(s0)
     a26:	0002                	c.slli64	zero
     a28:	ae00                	fsd	fs0,24(a2)
     a2a:	0002                	c.slli64	zero
     a2c:	4b00                	lw	s0,16(a4)
     a2e:	0002                	c.slli64	zero
     a30:	ff00                	sd	s0,56(a4)
     a32:	0002                	c.slli64	zero
     a34:	0200                	addi	s0,sp,256
     a36:	1f01                	addi	t5,t5,-32
     a38:	0f02                	c.slli64	t5
     a3a:	a705                	j	115a <__stack_align+0x114a>
     a3c:	0002                	c.slli64	zero
     a3e:	0100                	addi	s0,sp,128
     a40:	000002a7          	.insn	4, 0x02a7
     a44:	0a01                	addi	s4,s4,0
     a46:	02000003          	lb	zero,32(zero) # 20 <__stack_align+0x10>
     a4a:	0000031b          	sext.w	t1,zero
     a4e:	00032503          	lw	a0,0(t1)
     a52:	0400                	addi	s0,sp,512
     a54:	0105                	addi	sp,sp,1
     a56:	0900                	addi	s0,sp,144
     a58:	8c02                	jr	s8
     a5a:	003d                	c.nop	15
     a5c:	0080                	addi	s0,sp,64
     a5e:	0000                	unimp
     a60:	1600                	addi	s0,sp,800
     a62:	0505                	addi	a0,a0,1
     a64:	00090103          	lb	sp,0(s2)
     a68:	0100                	addi	s0,sp,128
     a6a:	1405                	addi	s0,s0,-31
     a6c:	0306                	slli	t1,t1,0x1
     a6e:	0900                	addi	s0,sp,144
     a70:	0000                	unimp
     a72:	0501                	addi	a0,a0,0
     a74:	030e                	slli	t1,t1,0x3
     a76:	0900                	addi	s0,sp,144
     a78:	000a                	c.slli	zero,0x2
     a7a:	0501                	addi	a0,a0,0
     a7c:	0605                	addi	a2,a2,1
     a7e:	0c090103          	lb	sp,192(s2)
     a82:	0100                	addi	s0,sp,128
     a84:	0905                	addi	s2,s2,1
     a86:	00090103          	lb	sp,0(s2)
     a8a:	0100                	addi	s0,sp,128
     a8c:	1205                	addi	tp,tp,-31 # ffffffffffffffe1 <__heap_end+0xffffffff7ffdafe1>
     a8e:	0306                	slli	t1,t1,0x1
     a90:	0900                	addi	s0,sp,144
     a92:	0000                	unimp
     a94:	0501                	addi	a0,a0,0
     a96:	0009                	c.nop	2
     a98:	0402                	c.slli64	s0
     a9a:	0601                	addi	a2,a2,0
     a9c:	08090103          	lb	sp,128(s2)
     aa0:	0100                	addi	s0,sp,128
     aa2:	1005                	c.nop	-31
     aa4:	0200                	addi	s0,sp,256
     aa6:	0104                	addi	s1,sp,128
     aa8:	0306                	slli	t1,t1,0x1
     aaa:	0900                	addi	s0,sp,144
     aac:	0000                	unimp
     aae:	0501                	addi	a0,a0,0
     ab0:	0605                	addi	a2,a2,1
     ab2:	02097e03          	.insn	4, 0x02097e03
     ab6:	0100                	addi	s0,sp,128
     ab8:	0209                	addi	tp,tp,2 # 2 <__boot_hart+0x2>
     aba:	0000                	unimp
     abc:	0101                	addi	sp,sp,0
     abe:	000000af          	.insn	4, 0x00af
     ac2:	0005                	c.nop	1
     ac4:	0008                	.insn	2, 0x0008
     ac6:	0054                	addi	a3,sp,4
     ac8:	0000                	unimp
     aca:	0101                	addi	sp,sp,0
     acc:	fb01                	bnez	a4,9dc <__stack_align+0x9cc>
     ace:	0d0e                	slli	s10,s10,0x3
     ad0:	0100                	addi	s0,sp,128
     ad2:	0101                	addi	sp,sp,0
     ad4:	0001                	nop
     ad6:	0000                	unimp
     ad8:	0001                	nop
     ada:	0100                	addi	s0,sp,128
     adc:	0101                	addi	sp,sp,0
     ade:	041f 0205 0000      	.insn	6, 0x0205041f
     ae4:	0244                	addi	s1,sp,260
     ae6:	0000                	unimp
     ae8:	02ae                	slli	t0,t0,0xb
     aea:	0000                	unimp
     aec:	0000024b          	fnmsub.s	ft4,ft0,ft0,ft0,rne
     af0:	0102                	c.slli64	sp
     af2:	021f 080f 0333      	.insn	6, 0x0333080f021f
     af8:	0000                	unimp
     afa:	3301                	addiw	t1,t1,-32
     afc:	01000003          	lb	zero,16(zero) # 10 <__stack_align>
     b00:	030a                	slli	t1,t1,0x2
     b02:	0000                	unimp
     b04:	1202                	slli	tp,tp,0x20
     b06:	03000003          	lb	zero,48(zero) # 30 <__stack_align+0x20>
     b0a:	00000313          	li	t1,0
     b0e:	00033b03          	ld	s6,0(t1)
     b12:	0300                	addi	s0,sp,384
     b14:	00000347          	fmsub.s	ft6,ft0,ft0,ft0,rne
     b18:	00029803          	lh	a6,0(t0)
     b1c:	0300                	addi	s0,sp,384
     b1e:	0105                	addi	sp,sp,1
     b20:	0900                	addi	s0,sp,144
     b22:	ae02                	fsd	ft0,280(sp)
     b24:	003d                	c.nop	15
     b26:	0080                	addi	s0,sp,64
     b28:	0000                	unimp
     b2a:	1700                	addi	s0,sp,928
     b2c:	0505                	addi	a0,a0,1
     b2e:	00090103          	lb	sp,0(s2)
     b32:	0100                	addi	s0,sp,128
     b34:	0105                	addi	sp,sp,1
     b36:	0306                	slli	t1,t1,0x1
     b38:	097f 0000 0501 0305 	.insn	10, 0x0901030505010000097f
     b40:	0901 
     b42:	0004                	.insn	2, 0x0004
     b44:	0501                	addi	a0,a0,0
     b46:	0301                	addi	t1,t1,0
     b48:	0902                	c.slli64	s2
     b4a:	0004                	.insn	2, 0x0004
     b4c:	0501                	addi	a0,a0,0
     b4e:	0402000b          	.insn	4, 0x0402000b
     b52:	0301                	addi	t1,t1,0
     b54:	097e                	slli	s2,s2,0x1f
     b56:	0002                	c.slli64	zero
     b58:	0501                	addi	a0,a0,0
     b5a:	0605                	addi	a2,a2,1
     b5c:	04090103          	lb	sp,64(s2)
     b60:	0100                	addi	s0,sp,128
     b62:	0105                	addi	sp,sp,1
     b64:	0306                	slli	t1,t1,0x1
     b66:	0901                	addi	s2,s2,0
     b68:	0000                	unimp
     b6a:	0901                	addi	s2,s2,0
     b6c:	0006                	c.slli	zero,0x1
     b6e:	0100                	addi	s0,sp,128
     b70:	5b01                	li	s6,-32
     b72:	0000                	unimp
     b74:	0500                	addi	s0,sp,640
     b76:	0800                	addi	s0,sp,16
     b78:	2e00                	fld	fs0,24(a2)
     b7a:	0000                	unimp
     b7c:	0100                	addi	s0,sp,128
     b7e:	0101                	addi	sp,sp,0
     b80:	000d0efb          	.insn	4, 0x000d0efb
     b84:	0101                	addi	sp,sp,0
     b86:	0101                	addi	sp,sp,0
     b88:	0000                	unimp
     b8a:	0100                	addi	s0,sp,128
     b8c:	0000                	unimp
     b8e:	0101                	addi	sp,sp,0
     b90:	1f01                	addi	t5,t5,-32
     b92:	0502                	c.slli64	a0
     b94:	0002                	c.slli64	zero
     b96:	4400                	lw	s0,8(s0)
     b98:	0002                	c.slli64	zero
     b9a:	0200                	addi	s0,sp,256
     b9c:	1f01                	addi	t5,t5,-32
     b9e:	0f02                	c.slli64	t5
     ba0:	5502                	lw	a0,32(sp)
     ba2:	01000003          	lb	zero,16(zero) # 10 <__stack_align>
     ba6:	0355                	addi	t1,t1,21
     ba8:	0000                	unimp
     baa:	0501                	addi	a0,a0,0
     bac:	0001                	nop
     bae:	0209                	addi	tp,tp,2 # 2 <__boot_hart+0x2>
     bb0:	3dc2                	fld	fs11,48(sp)
     bb2:	8000                	.insn	2, 0x8000
     bb4:	0000                	unimp
     bb6:	0000                	unimp
     bb8:	0516                	slli	a0,a0,0x5
     bba:	0305                	addi	t1,t1,1
     bbc:	0901                	addi	s2,s2,0
     bbe:	0000                	unimp
     bc0:	0501                	addi	a0,a0,0
     bc2:	0601                	addi	a2,a2,0
     bc4:	00090103          	lb	sp,0(s2)
     bc8:	0100                	addi	s0,sp,128
     bca:	0409                	addi	s0,s0,2
     bcc:	0000                	unimp
     bce:	0101                	addi	sp,sp,0
     bd0:	00000063          	beqz	zero,bd0 <__stack_align+0xbc0>
     bd4:	0005                	c.nop	1
     bd6:	0008                	.insn	2, 0x0008
     bd8:	002e                	c.slli	zero,0xb
     bda:	0000                	unimp
     bdc:	0101                	addi	sp,sp,0
     bde:	fb01                	bnez	a4,aee <__stack_align+0xade>
     be0:	0d0e                	slli	s10,s10,0x3
     be2:	0100                	addi	s0,sp,128
     be4:	0101                	addi	sp,sp,0
     be6:	0001                	nop
     be8:	0000                	unimp
     bea:	0001                	nop
     bec:	0100                	addi	s0,sp,128
     bee:	0101                	addi	sp,sp,0
     bf0:	021f 0205 0000      	.insn	6, 0x0205021f
     bf6:	0244                	addi	s1,sp,260
     bf8:	0000                	unimp
     bfa:	0102                	c.slli64	sp
     bfc:	021f 020f 0365      	.insn	6, 0x0365020f021f
     c02:	0000                	unimp
     c04:	6501                	.insn	2, 0x6501
     c06:	01000003          	lb	zero,16(zero) # 10 <__stack_align>
     c0a:	0105                	addi	sp,sp,1
     c0c:	0900                	addi	s0,sp,144
     c0e:	c602                	sw	zero,12(sp)
     c10:	003d                	c.nop	15
     c12:	0080                	addi	s0,sp,64
     c14:	0000                	unimp
     c16:	1600                	addi	s0,sp,800
     c18:	0505                	addi	a0,a0,1
     c1a:	00090103          	lb	sp,0(s2)
     c1e:	0100                	addi	s0,sp,128
     c20:	2305                	addiw	t1,t1,1
     c22:	0306                	slli	t1,t1,0x1
     c24:	0900                	addi	s0,sp,144
     c26:	0000                	unimp
     c28:	0501                	addi	a0,a0,0
     c2a:	0301                	addi	t1,t1,0
     c2c:	0901                	addi	s2,s2,0
     c2e:	0002                	c.slli64	zero
     c30:	0901                	addi	s2,s2,0
     c32:	0006                	c.slli	zero,0x1
     c34:	0100                	addi	s0,sp,128
     c36:	9201                	srli	a2,a2,0x20
     c38:	0000                	unimp
     c3a:	0500                	addi	s0,sp,640
     c3c:	0800                	addi	s0,sp,16
     c3e:	3700                	fld	fs0,40(a4)
     c40:	0000                	unimp
     c42:	0100                	addi	s0,sp,128
     c44:	0101                	addi	sp,sp,0
     c46:	000d0efb          	.insn	4, 0x000d0efb
     c4a:	0101                	addi	sp,sp,0
     c4c:	0101                	addi	sp,sp,0
     c4e:	0000                	unimp
     c50:	0100                	addi	s0,sp,128
     c52:	0000                	unimp
     c54:	0101                	addi	sp,sp,0
     c56:	1f01                	addi	t5,t5,-32
     c58:	00020503          	lb	a0,0(tp) # 0 <__boot_hart>
     c5c:	4400                	lw	s0,8(s0)
     c5e:	0002                	c.slli64	zero
     c60:	4b00                	lw	s0,16(a4)
     c62:	0002                	c.slli64	zero
     c64:	0200                	addi	s0,sp,256
     c66:	1f01                	addi	t5,t5,-32
     c68:	0f02                	c.slli64	t5
     c6a:	00037503          	.insn	4, 0x00037503
     c6e:	0100                	addi	s0,sp,128
     c70:	0375                	addi	t1,t1,29
     c72:	0000                	unimp
     c74:	9801                	andi	s0,s0,-32
     c76:	0002                	c.slli64	zero
     c78:	0200                	addi	s0,sp,256
     c7a:	0105                	addi	sp,sp,1
     c7c:	0900                	addi	s0,sp,144
     c7e:	ce02                	sw	zero,28(sp)
     c80:	003d                	c.nop	15
     c82:	0080                	addi	s0,sp,64
     c84:	0000                	unimp
     c86:	1600                	addi	s0,sp,800
     c88:	0505                	addi	a0,a0,1
     c8a:	00090103          	lb	sp,0(s2)
     c8e:	0100                	addi	s0,sp,128
     c90:	0105                	addi	sp,sp,1
     c92:	0306                	slli	t1,t1,0x1
     c94:	097f 0000 0501 0305 	.insn	10, 0x0901030505010000097f
     c9c:	0901 
     c9e:	0004                	.insn	2, 0x0004
     ca0:	0501                	addi	a0,a0,0
     ca2:	0301                	addi	t1,t1,0
     ca4:	0902                	c.slli64	s2
     ca6:	0004                	.insn	2, 0x0004
     ca8:	0501                	addi	a0,a0,0
     caa:	0402000b          	.insn	4, 0x0402000b
     cae:	0301                	addi	t1,t1,0
     cb0:	097e                	slli	s2,s2,0x1f
     cb2:	0002                	c.slli64	zero
     cb4:	0501                	addi	a0,a0,0
     cb6:	0605                	addi	a2,a2,1
     cb8:	04090103          	lb	sp,64(s2)
     cbc:	0100                	addi	s0,sp,128
     cbe:	0105                	addi	sp,sp,1
     cc0:	0306                	slli	t1,t1,0x1
     cc2:	0901                	addi	s2,s2,0
     cc4:	0000                	unimp
     cc6:	0901                	addi	s2,s2,0
     cc8:	0006                	c.slli	zero,0x1
     cca:	0100                	addi	s0,sp,128
     ccc:	9c01                	subw	s0,s0,s0
     cce:	0000                	unimp
     cd0:	0500                	addi	s0,sp,640
     cd2:	0800                	addi	s0,sp,16
     cd4:	4100                	lw	s0,0(a0)
     cd6:	0000                	unimp
     cd8:	0100                	addi	s0,sp,128
     cda:	0101                	addi	sp,sp,0
     cdc:	000d0efb          	.insn	4, 0x000d0efb
     ce0:	0101                	addi	sp,sp,0
     ce2:	0101                	addi	sp,sp,0
     ce4:	0000                	unimp
     ce6:	0100                	addi	s0,sp,128
     ce8:	0000                	unimp
     cea:	0101                	addi	sp,sp,0
     cec:	1f01                	addi	t5,t5,-32
     cee:	00020503          	lb	a0,0(tp) # 0 <__boot_hart>
     cf2:	4400                	lw	s0,8(s0)
     cf4:	0002                	c.slli64	zero
     cf6:	4b00                	lw	s0,16(a4)
     cf8:	0002                	c.slli64	zero
     cfa:	0200                	addi	s0,sp,256
     cfc:	1f01                	addi	t5,t5,-32
     cfe:	0f02                	c.slli64	t5
     d00:	8305                	srli	a4,a4,0x1
     d02:	01000003          	lb	zero,16(zero) # 10 <__stack_align>
     d06:	00000383          	lb	t2,0(zero) # 0 <__boot_hart>
     d0a:	1201                	addi	tp,tp,-32 # ffffffffffffffe0 <__heap_end+0xffffffff7ffdafe0>
     d0c:	02000003          	lb	zero,32(zero) # 20 <__stack_align+0x10>
     d10:	00000313          	li	t1,0
     d14:	9802                	jalr	a6
     d16:	0002                	c.slli64	zero
     d18:	0200                	addi	s0,sp,256
     d1a:	0105                	addi	sp,sp,1
     d1c:	0900                	addi	s0,sp,144
     d1e:	e202                	sd	zero,256(sp)
     d20:	003d                	c.nop	15
     d22:	0080                	addi	s0,sp,64
     d24:	0000                	unimp
     d26:	1700                	addi	s0,sp,928
     d28:	0505                	addi	a0,a0,1
     d2a:	00090103          	lb	sp,0(s2)
     d2e:	0100                	addi	s0,sp,128
     d30:	0105                	addi	sp,sp,1
     d32:	0306                	slli	t1,t1,0x1
     d34:	097f 0000 0501 0305 	.insn	10, 0x0901030505010000097f
     d3c:	0901 
     d3e:	0004                	.insn	2, 0x0004
     d40:	0501                	addi	a0,a0,0
     d42:	0301                	addi	t1,t1,0
     d44:	0902                	c.slli64	s2
     d46:	0004                	.insn	2, 0x0004
     d48:	0501                	addi	a0,a0,0
     d4a:	0402000b          	.insn	4, 0x0402000b
     d4e:	0301                	addi	t1,t1,0
     d50:	097e                	slli	s2,s2,0x1f
     d52:	0002                	c.slli64	zero
     d54:	0501                	addi	a0,a0,0
     d56:	0605                	addi	a2,a2,1
     d58:	04090103          	lb	sp,64(s2)
     d5c:	0100                	addi	s0,sp,128
     d5e:	0105                	addi	sp,sp,1
     d60:	0306                	slli	t1,t1,0x1
     d62:	0901                	addi	s2,s2,0
     d64:	0000                	unimp
     d66:	0901                	addi	s2,s2,0
     d68:	0006                	c.slli	zero,0x1
     d6a:	0100                	addi	s0,sp,128
     d6c:	a501                	j	136c <__stack_align+0x135c>
     d6e:	0000                	unimp
     d70:	0500                	addi	s0,sp,640
     d72:	0800                	addi	s0,sp,16
     d74:	4a00                	lw	s0,16(a2)
     d76:	0000                	unimp
     d78:	0100                	addi	s0,sp,128
     d7a:	0101                	addi	sp,sp,0
     d7c:	000d0efb          	.insn	4, 0x000d0efb
     d80:	0101                	addi	sp,sp,0
     d82:	0101                	addi	sp,sp,0
     d84:	0000                	unimp
     d86:	0100                	addi	s0,sp,128
     d88:	0000                	unimp
     d8a:	0101                	addi	sp,sp,0
     d8c:	1f01                	addi	t5,t5,-32
     d8e:	0504                	addi	s1,sp,640
     d90:	0002                	c.slli64	zero
     d92:	4400                	lw	s0,8(s0)
     d94:	0002                	c.slli64	zero
     d96:	9900                	.insn	2, 0x9900
     d98:	4b000003          	lb	zero,1200(zero) # 4b0 <__stack_align+0x4a0>
     d9c:	0002                	c.slli64	zero
     d9e:	0200                	addi	s0,sp,256
     da0:	1f01                	addi	t5,t5,-32
     da2:	0f02                	c.slli64	t5
     da4:	9206                	add	tp,tp,ra
     da6:	01000003          	lb	zero,16(zero) # 10 <__stack_align>
     daa:	0392                	slli	t2,t2,0x4
     dac:	0000                	unimp
     dae:	f101                	bnez	a0,cae <__stack_align+0xc9e>
     db0:	02000003          	lb	zero,32(zero) # 20 <__stack_align+0x10>
     db4:	0312                	slli	t1,t1,0x4
     db6:	0000                	unimp
     db8:	00031303          	lh	t1,0(t1)
     dbc:	0300                	addi	s0,sp,384
     dbe:	0298                	addi	a4,sp,320
     dc0:	0000                	unimp
     dc2:	00010503          	lb	a0,0(sp)
     dc6:	0209                	addi	tp,tp,2 # 2 <__boot_hart+0x2>
     dc8:	3df6                	fld	fs11,376(sp)
     dca:	8000                	.insn	2, 0x8000
     dcc:	0000                	unimp
     dce:	0000                	unimp
     dd0:	03050517          	auipc	a0,0x3050
     dd4:	0901                	addi	s2,s2,0
     dd6:	0000                	unimp
     dd8:	0501                	addi	a0,a0,0 # 3050dd0 <__heap_size+0x3030dd0>
     dda:	0601                	addi	a2,a2,0
     ddc:	00097f03          	.insn	4, 0x00097f03
     de0:	0100                	addi	s0,sp,128
     de2:	0505                	addi	a0,a0,1
     de4:	04090103          	lb	sp,64(s2)
     de8:	0100                	addi	s0,sp,128
     dea:	0105                	addi	sp,sp,1
     dec:	04090203          	lb	tp,64(s2)
     df0:	0100                	addi	s0,sp,128
     df2:	0b05                	addi	s6,s6,1
     df4:	0200                	addi	s0,sp,256
     df6:	0104                	addi	s1,sp,128
     df8:	02097e03          	.insn	4, 0x02097e03
     dfc:	0100                	addi	s0,sp,128
     dfe:	0505                	addi	a0,a0,1
     e00:	0306                	slli	t1,t1,0x1
     e02:	0901                	addi	s2,s2,0
     e04:	0006                	c.slli	zero,0x1
     e06:	0501                	addi	a0,a0,0
     e08:	0601                	addi	a2,a2,0
     e0a:	00090103          	lb	sp,0(s2)
     e0e:	0100                	addi	s0,sp,128
     e10:	0609                	addi	a2,a2,2
     e12:	0000                	unimp
     e14:	0101                	addi	sp,sp,0
     e16:	0121                	addi	sp,sp,8
     e18:	0000                	unimp
     e1a:	0005                	c.nop	1
     e1c:	0008                	.insn	2, 0x0008
     e1e:	0040                	addi	s0,sp,4
     e20:	0000                	unimp
     e22:	0101                	addi	sp,sp,0
     e24:	fb01                	bnez	a4,d34 <__stack_align+0xd24>
     e26:	0d0e                	slli	s10,s10,0x3
     e28:	0100                	addi	s0,sp,128
     e2a:	0101                	addi	sp,sp,0
     e2c:	0001                	nop
     e2e:	0000                	unimp
     e30:	0001                	nop
     e32:	0100                	addi	s0,sp,128
     e34:	0101                	addi	sp,sp,0
     e36:	041f 0205 0000      	.insn	6, 0x0205041f
     e3c:	0244                	addi	s1,sp,260
     e3e:	0000                	unimp
     e40:	0399                	addi	t2,t2,6
     e42:	0000                	unimp
     e44:	0000024b          	fnmsub.s	ft4,ft0,ft0,ft0,rne
     e48:	0102                	c.slli64	sp
     e4a:	021f 040f 0401      	.insn	6, 0x0401040f021f
     e50:	0000                	unimp
     e52:	0101                	addi	sp,sp,0
     e54:	0004                	.insn	2, 0x0004
     e56:	0100                	addi	s0,sp,128
     e58:	03f1                	addi	t2,t2,28
     e5a:	0000                	unimp
     e5c:	9802                	jalr	a6
     e5e:	0002                	c.slli64	zero
     e60:	0300                	addi	s0,sp,384
     e62:	0105                	addi	sp,sp,1
     e64:	0900                	addi	s0,sp,144
     e66:	0c02                	c.slli64	s8
     e68:	003e                	c.slli	zero,0xf
     e6a:	0080                	addi	s0,sp,64
     e6c:	0000                	unimp
     e6e:	0300                	addi	s0,sp,384
     e70:	0109                	addi	sp,sp,2
     e72:	0505                	addi	a0,a0,1
     e74:	00090103          	lb	sp,0(s2)
     e78:	0100                	addi	s0,sp,128
     e7a:	00090103          	lb	sp,0(s2)
     e7e:	0100                	addi	s0,sp,128
     e80:	00090103          	lb	sp,0(s2)
     e84:	0100                	addi	s0,sp,128
     e86:	00090203          	lb	tp,0(s2)
     e8a:	0100                	addi	s0,sp,128
     e8c:	0c05                	addi	s8,s8,1
     e8e:	0306                	slli	t1,t1,0x1
     e90:	0900                	addi	s0,sp,144
     e92:	0000                	unimp
     e94:	0501                	addi	a0,a0,0
     e96:	0605                	addi	a2,a2,1
     e98:	0a090103          	lb	sp,160(s2)
     e9c:	0100                	addi	s0,sp,128
     e9e:	0805                	addi	a6,a6,1
     ea0:	0200                	addi	s0,sp,256
     ea2:	0104                	addi	s1,sp,128
     ea4:	0306                	slli	t1,t1,0x1
     ea6:	0901                	addi	s2,s2,0
     ea8:	0000                	unimp
     eaa:	0501                	addi	a0,a0,0
     eac:	030c                	addi	a1,sp,384
     eae:	097f 0004 0501 0605 	.insn	10, 0x0103060505010004097f
     eb6:	0103 
     eb8:	0209                	addi	tp,tp,2 # 2 <__boot_hart+0x2>
     eba:	0100                	addi	s0,sp,128
     ebc:	0805                	addi	a6,a6,1
     ebe:	0200                	addi	s0,sp,256
     ec0:	0104                	addi	s1,sp,128
     ec2:	0306                	slli	t1,t1,0x1
     ec4:	0900                	addi	s0,sp,144
     ec6:	0000                	unimp
     ec8:	0501                	addi	a0,a0,0
     eca:	0605                	addi	a2,a2,1
     ecc:	10090503          	lb	a0,256(s2)
     ed0:	0100                	addi	s0,sp,128
     ed2:	0c05                	addi	s8,s8,1
     ed4:	0306                	slli	t1,t1,0x1
     ed6:	0900                	addi	s0,sp,144
     ed8:	0000                	unimp
     eda:	0501                	addi	a0,a0,0
     edc:	0605                	addi	a2,a2,1
     ede:	02090103          	lb	sp,32(s2)
     ee2:	0100                	addi	s0,sp,128
     ee4:	0105                	addi	sp,sp,1
     ee6:	0306                	slli	t1,t1,0x1
     ee8:	0901                	addi	s2,s2,0
     eea:	0000                	unimp
     eec:	0501                	addi	a0,a0,0
     eee:	0609                	addi	a2,a2,2
     ef0:	04097a03          	.insn	4, 0x04097a03
     ef4:	0100                	addi	s0,sp,128
     ef6:	0105                	addi	sp,sp,1
     ef8:	0306                	slli	t1,t1,0x1
     efa:	0978                	addi	a4,sp,156
     efc:	0000                	unimp
     efe:	0501                	addi	a0,a0,0
     f00:	0309                	addi	t1,t1,2
     f02:	0908                	addi	a0,sp,144
     f04:	0004                	.insn	2, 0x0004
     f06:	0501                	addi	a0,a0,0
     f08:	0301                	addi	t1,t1,0
     f0a:	0906                	slli	s2,s2,0x1
     f0c:	0004                	.insn	2, 0x0004
     f0e:	0501                	addi	a0,a0,0
     f10:	0402000f          	.insn	4, 0x0402000f
     f14:	0301                	addi	t1,t1,0
     f16:	097a                	slli	s2,s2,0x1e
     f18:	0002                	c.slli64	zero
     f1a:	0501                	addi	a0,a0,0
     f1c:	0609                	addi	a2,a2,2
     f1e:	04090103          	lb	sp,64(s2)
     f22:	0100                	addi	s0,sp,128
     f24:	1005                	c.nop	-31
     f26:	0306                	slli	t1,t1,0x1
     f28:	0900                	addi	s0,sp,144
     f2a:	0000                	unimp
     f2c:	0501                	addi	a0,a0,0
     f2e:	0301                	addi	t1,t1,0
     f30:	0905                	addi	s2,s2,1
     f32:	0002                	c.slli64	zero
     f34:	0901                	addi	s2,s2,0
     f36:	0006                	c.slli	zero,0x1
     f38:	0100                	addi	s0,sp,128
     f3a:	8901                	andi	a0,a0,0
     f3c:	0000                	unimp
     f3e:	0500                	addi	s0,sp,640
     f40:	0800                	addi	s0,sp,16
     f42:	5c00                	lw	s0,56(s0)
     f44:	0000                	unimp
     f46:	0100                	addi	s0,sp,128
     f48:	0101                	addi	sp,sp,0
     f4a:	000d0efb          	.insn	4, 0x000d0efb
     f4e:	0101                	addi	sp,sp,0
     f50:	0101                	addi	sp,sp,0
     f52:	0000                	unimp
     f54:	0100                	addi	s0,sp,128
     f56:	0000                	unimp
     f58:	0101                	addi	sp,sp,0
     f5a:	1f01                	addi	t5,t5,-32
     f5c:	0506                	slli	a0,a0,0x1
     f5e:	0002                	c.slli64	zero
     f60:	4400                	lw	s0,8(s0)
     f62:	0002                	c.slli64	zero
     f64:	9900                	.insn	2, 0x9900
     f66:	ae000003          	lb	zero,-1312(zero) # fffffffffffffae0 <__heap_end+0xffffffff7ffdaae0>
     f6a:	0002                	c.slli64	zero
     f6c:	4b00                	lw	s0,16(a4)
     f6e:	0002                	c.slli64	zero
     f70:	ff00                	sd	s0,56(a4)
     f72:	0002                	c.slli64	zero
     f74:	0200                	addi	s0,sp,256
     f76:	1f01                	addi	t5,t5,-32
     f78:	0f02                	c.slli64	t5
     f7a:	0f08                	addi	a0,sp,912
     f7c:	0004                	.insn	2, 0x0004
     f7e:	0100                	addi	s0,sp,128
     f80:	0000040f          	.insn	4, 0x040f
     f84:	f101                	bnez	a0,e84 <__stack_align+0xe74>
     f86:	02000003          	lb	zero,32(zero) # 20 <__stack_align+0x10>
     f8a:	030a                	slli	t1,t1,0x2
     f8c:	0000                	unimp
     f8e:	00031203          	lh	tp,0(t1)
     f92:	0400                	addi	s0,sp,512
     f94:	0000031b          	sext.w	t1,zero
     f98:	1304                	addi	s1,sp,416
     f9a:	04000003          	lb	zero,64(zero) # 40 <__stack_align+0x30>
     f9e:	0325                	addi	t1,t1,9
     fa0:	0000                	unimp
     fa2:	0505                	addi	a0,a0,1
     fa4:	0001                	nop
     fa6:	0209                	addi	tp,tp,2 # 2 <__boot_hart+0x2>
     fa8:	3e48                	fld	fa0,184(a2)
     faa:	8000                	.insn	2, 0x8000
     fac:	0000                	unimp
     fae:	0000                	unimp
     fb0:	0518                	addi	a4,sp,640
     fb2:	0305                	addi	t1,t1,1
     fb4:	0901                	addi	s2,s2,0
     fb6:	0000                	unimp
     fb8:	0501                	addi	a0,a0,0
     fba:	060c                	addi	a1,sp,768
     fbc:	00090003          	lb	zero,0(s2)
     fc0:	0100                	addi	s0,sp,128
     fc2:	0609                	addi	a2,a2,2
     fc4:	0000                	unimp
     fc6:	0101                	addi	sp,sp,0
     fc8:	042e                	slli	s0,s0,0xb
     fca:	0000                	unimp
     fcc:	0005                	c.nop	1
     fce:	0008                	.insn	2, 0x0008
     fd0:	002e                	c.slli	zero,0xb
     fd2:	0000                	unimp
     fd4:	0101                	addi	sp,sp,0
     fd6:	fb01                	bnez	a4,ee6 <__stack_align+0xed6>
     fd8:	0d0e                	slli	s10,s10,0x3
     fda:	0100                	addi	s0,sp,128
     fdc:	0101                	addi	sp,sp,0
     fde:	0001                	nop
     fe0:	0000                	unimp
     fe2:	0001                	nop
     fe4:	0100                	addi	s0,sp,128
     fe6:	0101                	addi	sp,sp,0
     fe8:	021f 0205 0000      	.insn	6, 0x0205021f
     fee:	00000417          	auipc	s0,0x0
     ff2:	0102                	c.slli64	sp
     ff4:	021f 020f 041f      	.insn	6, 0x041f020f021f
     ffa:	0000                	unimp
     ffc:	1f01                	addi	t5,t5,-32
     ffe:	0004                	.insn	2, 0x0004
    1000:	0100                	addi	s0,sp,128
    1002:	0900                	addi	s0,sp,144
    1004:	0002                	c.slli64	zero
    1006:	0000                	unimp
    1008:	0080                	addi	s0,sp,64
    100a:	0000                	unimp
    100c:	0300                	addi	s0,sp,384
    100e:	0109                	addi	sp,sp,2
    1010:	02090103          	lb	sp,32(s2)
    1014:	0100                	addi	s0,sp,128
    1016:	02090103          	lb	sp,32(s2)
    101a:	0100                	addi	s0,sp,128
    101c:	02090103          	lb	sp,32(s2)
    1020:	0100                	addi	s0,sp,128
    1022:	02090103          	lb	sp,32(s2)
    1026:	0100                	addi	s0,sp,128
    1028:	02090103          	lb	sp,32(s2)
    102c:	0100                	addi	s0,sp,128
    102e:	02090103          	lb	sp,32(s2)
    1032:	0100                	addi	s0,sp,128
    1034:	02090103          	lb	sp,32(s2)
    1038:	0100                	addi	s0,sp,128
    103a:	02090103          	lb	sp,32(s2)
    103e:	0100                	addi	s0,sp,128
    1040:	02090103          	lb	sp,32(s2)
    1044:	0100                	addi	s0,sp,128
    1046:	02090103          	lb	sp,32(s2)
    104a:	0100                	addi	s0,sp,128
    104c:	02090103          	lb	sp,32(s2)
    1050:	0100                	addi	s0,sp,128
    1052:	02090103          	lb	sp,32(s2)
    1056:	0100                	addi	s0,sp,128
    1058:	02090103          	lb	sp,32(s2)
    105c:	0100                	addi	s0,sp,128
    105e:	02090103          	lb	sp,32(s2)
    1062:	0100                	addi	s0,sp,128
    1064:	02090103          	lb	sp,32(s2)
    1068:	0100                	addi	s0,sp,128
    106a:	02090103          	lb	sp,32(s2)
    106e:	0100                	addi	s0,sp,128
    1070:	02090103          	lb	sp,32(s2)
    1074:	0100                	addi	s0,sp,128
    1076:	02090103          	lb	sp,32(s2)
    107a:	0100                	addi	s0,sp,128
    107c:	02090103          	lb	sp,32(s2)
    1080:	0100                	addi	s0,sp,128
    1082:	02090103          	lb	sp,32(s2)
    1086:	0100                	addi	s0,sp,128
    1088:	02090103          	lb	sp,32(s2)
    108c:	0100                	addi	s0,sp,128
    108e:	02090103          	lb	sp,32(s2)
    1092:	0100                	addi	s0,sp,128
    1094:	02090103          	lb	sp,32(s2)
    1098:	0100                	addi	s0,sp,128
    109a:	02090103          	lb	sp,32(s2)
    109e:	0100                	addi	s0,sp,128
    10a0:	02090103          	lb	sp,32(s2)
    10a4:	0100                	addi	s0,sp,128
    10a6:	02090103          	lb	sp,32(s2)
    10aa:	0100                	addi	s0,sp,128
    10ac:	02090103          	lb	sp,32(s2)
    10b0:	0100                	addi	s0,sp,128
    10b2:	02090103          	lb	sp,32(s2)
    10b6:	0100                	addi	s0,sp,128
    10b8:	02090103          	lb	sp,32(s2)
    10bc:	0100                	addi	s0,sp,128
    10be:	02090103          	lb	sp,32(s2)
    10c2:	0100                	addi	s0,sp,128
    10c4:	02090203          	lb	tp,32(s2)
    10c8:	0100                	addi	s0,sp,128
    10ca:	06090103          	lb	sp,96(s2)
    10ce:	0100                	addi	s0,sp,128
    10d0:	04090403          	lb	s0,64(s2)
    10d4:	0100                	addi	s0,sp,128
    10d6:	08090103          	lb	sp,128(s2)
    10da:	0100                	addi	s0,sp,128
    10dc:	04090203          	lb	tp,64(s2)
    10e0:	0100                	addi	s0,sp,128
    10e2:	04090103          	lb	sp,64(s2)
    10e6:	0100                	addi	s0,sp,128
    10e8:	04090103          	lb	sp,64(s2)
    10ec:	0100                	addi	s0,sp,128
    10ee:	04090103          	lb	sp,64(s2)
    10f2:	0100                	addi	s0,sp,128
    10f4:	04090103          	lb	sp,64(s2)
    10f8:	0100                	addi	s0,sp,128
    10fa:	04090103          	lb	sp,64(s2)
    10fe:	0100                	addi	s0,sp,128
    1100:	04090103          	lb	sp,64(s2)
    1104:	0100                	addi	s0,sp,128
    1106:	04090103          	lb	sp,64(s2)
    110a:	0100                	addi	s0,sp,128
    110c:	04090103          	lb	sp,64(s2)
    1110:	0100                	addi	s0,sp,128
    1112:	04090103          	lb	sp,64(s2)
    1116:	0100                	addi	s0,sp,128
    1118:	04090103          	lb	sp,64(s2)
    111c:	0100                	addi	s0,sp,128
    111e:	04090103          	lb	sp,64(s2)
    1122:	0100                	addi	s0,sp,128
    1124:	04090103          	lb	sp,64(s2)
    1128:	0100                	addi	s0,sp,128
    112a:	04090103          	lb	sp,64(s2)
    112e:	0100                	addi	s0,sp,128
    1130:	04090103          	lb	sp,64(s2)
    1134:	0100                	addi	s0,sp,128
    1136:	04090103          	lb	sp,64(s2)
    113a:	0100                	addi	s0,sp,128
    113c:	04090103          	lb	sp,64(s2)
    1140:	0100                	addi	s0,sp,128
    1142:	04090103          	lb	sp,64(s2)
    1146:	0100                	addi	s0,sp,128
    1148:	04090103          	lb	sp,64(s2)
    114c:	0100                	addi	s0,sp,128
    114e:	04090103          	lb	sp,64(s2)
    1152:	0100                	addi	s0,sp,128
    1154:	04090103          	lb	sp,64(s2)
    1158:	0100                	addi	s0,sp,128
    115a:	04090103          	lb	sp,64(s2)
    115e:	0100                	addi	s0,sp,128
    1160:	04090103          	lb	sp,64(s2)
    1164:	0100                	addi	s0,sp,128
    1166:	04090103          	lb	sp,64(s2)
    116a:	0100                	addi	s0,sp,128
    116c:	04090103          	lb	sp,64(s2)
    1170:	0100                	addi	s0,sp,128
    1172:	04090103          	lb	sp,64(s2)
    1176:	0100                	addi	s0,sp,128
    1178:	04090103          	lb	sp,64(s2)
    117c:	0100                	addi	s0,sp,128
    117e:	04090103          	lb	sp,64(s2)
    1182:	0100                	addi	s0,sp,128
    1184:	04090103          	lb	sp,64(s2)
    1188:	0100                	addi	s0,sp,128
    118a:	04090103          	lb	sp,64(s2)
    118e:	0100                	addi	s0,sp,128
    1190:	04090103          	lb	sp,64(s2)
    1194:	0100                	addi	s0,sp,128
    1196:	04090103          	lb	sp,64(s2)
    119a:	0100                	addi	s0,sp,128
    119c:	04090103          	lb	sp,64(s2)
    11a0:	0100                	addi	s0,sp,128
    11a2:	04090803          	lb	a6,64(s2)
    11a6:	0100                	addi	s0,sp,128
    11a8:	08090403          	lb	s0,128(s2)
    11ac:	0100                	addi	s0,sp,128
    11ae:	04090103          	lb	sp,64(s2)
    11b2:	0100                	addi	s0,sp,128
    11b4:	00090103          	lb	sp,0(s2)
    11b8:	0100                	addi	s0,sp,128
    11ba:	04090103          	lb	sp,64(s2)
    11be:	0100                	addi	s0,sp,128
    11c0:	08090103          	lb	sp,128(s2)
    11c4:	0100                	addi	s0,sp,128
    11c6:	04090103          	lb	sp,64(s2)
    11ca:	0100                	addi	s0,sp,128
    11cc:	02090303          	lb	t1,32(s2)
    11d0:	0100                	addi	s0,sp,128
    11d2:	02090103          	lb	sp,32(s2)
    11d6:	0100                	addi	s0,sp,128
    11d8:	04090103          	lb	sp,64(s2)
    11dc:	0100                	addi	s0,sp,128
    11de:	04090303          	lb	t1,64(s2)
    11e2:	0100                	addi	s0,sp,128
    11e4:	08090103          	lb	sp,128(s2)
    11e8:	0100                	addi	s0,sp,128
    11ea:	04090303          	lb	t1,64(s2)
    11ee:	0100                	addi	s0,sp,128
    11f0:	04090303          	lb	t1,64(s2)
    11f4:	0100                	addi	s0,sp,128
    11f6:	04090103          	lb	sp,64(s2)
    11fa:	0100                	addi	s0,sp,128
    11fc:	08090303          	lb	t1,128(s2)
    1200:	0100                	addi	s0,sp,128
    1202:	04090103          	lb	sp,64(s2)
    1206:	0100                	addi	s0,sp,128
    1208:	04090103          	lb	sp,64(s2)
    120c:	0100                	addi	s0,sp,128
    120e:	04090203          	lb	tp,64(s2)
    1212:	0100                	addi	s0,sp,128
    1214:	04090103          	lb	sp,64(s2)
    1218:	0100                	addi	s0,sp,128
    121a:	02090103          	lb	sp,32(s2)
    121e:	0100                	addi	s0,sp,128
    1220:	04090403          	lb	s0,64(s2)
    1224:	0100                	addi	s0,sp,128
    1226:	08090103          	lb	sp,128(s2)
    122a:	0100                	addi	s0,sp,128
    122c:	04090103          	lb	sp,64(s2)
    1230:	0100                	addi	s0,sp,128
    1232:	04090303          	lb	t1,64(s2)
    1236:	0100                	addi	s0,sp,128
    1238:	02090703          	lb	a4,32(s2)
    123c:	0100                	addi	s0,sp,128
    123e:	04090103          	lb	sp,64(s2)
    1242:	0100                	addi	s0,sp,128
    1244:	02090303          	lb	t1,32(s2)
    1248:	0100                	addi	s0,sp,128
    124a:	02090103          	lb	sp,32(s2)
    124e:	0100                	addi	s0,sp,128
    1250:	04090103          	lb	sp,64(s2)
    1254:	0100                	addi	s0,sp,128
    1256:	02090103          	lb	sp,32(s2)
    125a:	0100                	addi	s0,sp,128
    125c:	02090103          	lb	sp,32(s2)
    1260:	0100                	addi	s0,sp,128
    1262:	02090103          	lb	sp,32(s2)
    1266:	0100                	addi	s0,sp,128
    1268:	02090103          	lb	sp,32(s2)
    126c:	0100                	addi	s0,sp,128
    126e:	02090103          	lb	sp,32(s2)
    1272:	0100                	addi	s0,sp,128
    1274:	02090103          	lb	sp,32(s2)
    1278:	0100                	addi	s0,sp,128
    127a:	02090103          	lb	sp,32(s2)
    127e:	0100                	addi	s0,sp,128
    1280:	02090103          	lb	sp,32(s2)
    1284:	0100                	addi	s0,sp,128
    1286:	02090103          	lb	sp,32(s2)
    128a:	0100                	addi	s0,sp,128
    128c:	02090103          	lb	sp,32(s2)
    1290:	0100                	addi	s0,sp,128
    1292:	02090103          	lb	sp,32(s2)
    1296:	0100                	addi	s0,sp,128
    1298:	02090103          	lb	sp,32(s2)
    129c:	0100                	addi	s0,sp,128
    129e:	02090103          	lb	sp,32(s2)
    12a2:	0100                	addi	s0,sp,128
    12a4:	02090103          	lb	sp,32(s2)
    12a8:	0100                	addi	s0,sp,128
    12aa:	02090103          	lb	sp,32(s2)
    12ae:	0100                	addi	s0,sp,128
    12b0:	02090103          	lb	sp,32(s2)
    12b4:	0100                	addi	s0,sp,128
    12b6:	02090103          	lb	sp,32(s2)
    12ba:	0100                	addi	s0,sp,128
    12bc:	02090103          	lb	sp,32(s2)
    12c0:	0100                	addi	s0,sp,128
    12c2:	02090103          	lb	sp,32(s2)
    12c6:	0100                	addi	s0,sp,128
    12c8:	02090103          	lb	sp,32(s2)
    12cc:	0100                	addi	s0,sp,128
    12ce:	02090103          	lb	sp,32(s2)
    12d2:	0100                	addi	s0,sp,128
    12d4:	02090103          	lb	sp,32(s2)
    12d8:	0100                	addi	s0,sp,128
    12da:	02090103          	lb	sp,32(s2)
    12de:	0100                	addi	s0,sp,128
    12e0:	02090103          	lb	sp,32(s2)
    12e4:	0100                	addi	s0,sp,128
    12e6:	02090103          	lb	sp,32(s2)
    12ea:	0100                	addi	s0,sp,128
    12ec:	02090103          	lb	sp,32(s2)
    12f0:	0100                	addi	s0,sp,128
    12f2:	02090103          	lb	sp,32(s2)
    12f6:	0100                	addi	s0,sp,128
    12f8:	02090103          	lb	sp,32(s2)
    12fc:	0100                	addi	s0,sp,128
    12fe:	02090103          	lb	sp,32(s2)
    1302:	0100                	addi	s0,sp,128
    1304:	02090303          	lb	t1,32(s2)
    1308:	0100                	addi	s0,sp,128
    130a:	04090103          	lb	sp,64(s2)
    130e:	0100                	addi	s0,sp,128
    1310:	04090103          	lb	sp,64(s2)
    1314:	0100                	addi	s0,sp,128
    1316:	04090103          	lb	sp,64(s2)
    131a:	0100                	addi	s0,sp,128
    131c:	02090103          	lb	sp,32(s2)
    1320:	0100                	addi	s0,sp,128
    1322:	04090103          	lb	sp,64(s2)
    1326:	0100                	addi	s0,sp,128
    1328:	04090303          	lb	t1,64(s2)
    132c:	0100                	addi	s0,sp,128
    132e:	06090103          	lb	sp,96(s2)
    1332:	0100                	addi	s0,sp,128
    1334:	04090203          	lb	tp,64(s2)
    1338:	0100                	addi	s0,sp,128
    133a:	02090103          	lb	sp,32(s2)
    133e:	0100                	addi	s0,sp,128
    1340:	02090103          	lb	sp,32(s2)
    1344:	0100                	addi	s0,sp,128
    1346:	02090103          	lb	sp,32(s2)
    134a:	0100                	addi	s0,sp,128
    134c:	02090103          	lb	sp,32(s2)
    1350:	0100                	addi	s0,sp,128
    1352:	02090103          	lb	sp,32(s2)
    1356:	0100                	addi	s0,sp,128
    1358:	02090103          	lb	sp,32(s2)
    135c:	0100                	addi	s0,sp,128
    135e:	02090103          	lb	sp,32(s2)
    1362:	0100                	addi	s0,sp,128
    1364:	02090103          	lb	sp,32(s2)
    1368:	0100                	addi	s0,sp,128
    136a:	02090103          	lb	sp,32(s2)
    136e:	0100                	addi	s0,sp,128
    1370:	02090103          	lb	sp,32(s2)
    1374:	0100                	addi	s0,sp,128
    1376:	02090103          	lb	sp,32(s2)
    137a:	0100                	addi	s0,sp,128
    137c:	02090103          	lb	sp,32(s2)
    1380:	0100                	addi	s0,sp,128
    1382:	02090103          	lb	sp,32(s2)
    1386:	0100                	addi	s0,sp,128
    1388:	02090103          	lb	sp,32(s2)
    138c:	0100                	addi	s0,sp,128
    138e:	02090103          	lb	sp,32(s2)
    1392:	0100                	addi	s0,sp,128
    1394:	02090103          	lb	sp,32(s2)
    1398:	0100                	addi	s0,sp,128
    139a:	02090103          	lb	sp,32(s2)
    139e:	0100                	addi	s0,sp,128
    13a0:	02090103          	lb	sp,32(s2)
    13a4:	0100                	addi	s0,sp,128
    13a6:	02090103          	lb	sp,32(s2)
    13aa:	0100                	addi	s0,sp,128
    13ac:	02090103          	lb	sp,32(s2)
    13b0:	0100                	addi	s0,sp,128
    13b2:	02090103          	lb	sp,32(s2)
    13b6:	0100                	addi	s0,sp,128
    13b8:	02090103          	lb	sp,32(s2)
    13bc:	0100                	addi	s0,sp,128
    13be:	02090103          	lb	sp,32(s2)
    13c2:	0100                	addi	s0,sp,128
    13c4:	02090103          	lb	sp,32(s2)
    13c8:	0100                	addi	s0,sp,128
    13ca:	02090103          	lb	sp,32(s2)
    13ce:	0100                	addi	s0,sp,128
    13d0:	02090103          	lb	sp,32(s2)
    13d4:	0100                	addi	s0,sp,128
    13d6:	02090103          	lb	sp,32(s2)
    13da:	0100                	addi	s0,sp,128
    13dc:	02090103          	lb	sp,32(s2)
    13e0:	0100                	addi	s0,sp,128
    13e2:	02090103          	lb	sp,32(s2)
    13e6:	0100                	addi	s0,sp,128
    13e8:	02090203          	lb	tp,32(s2)
    13ec:	0100                	addi	s0,sp,128
    13ee:	02090203          	lb	tp,32(s2)
    13f2:	0100                	addi	s0,sp,128
    13f4:	0409                	addi	s0,s0,2 # ff0 <__stack_align+0xfe0>
    13f6:	0000                	unimp
    13f8:	0101                	addi	sp,sp,0
    13fa:	005c                	addi	a5,sp,4
    13fc:	0000                	unimp
    13fe:	0005                	c.nop	1
    1400:	0008                	.insn	2, 0x0008
    1402:	002e                	c.slli	zero,0xb
    1404:	0000                	unimp
    1406:	0101                	addi	sp,sp,0
    1408:	fb01                	bnez	a4,1318 <__stack_align+0x1308>
    140a:	0d0e                	slli	s10,s10,0x3
    140c:	0100                	addi	s0,sp,128
    140e:	0101                	addi	sp,sp,0
    1410:	0001                	nop
    1412:	0000                	unimp
    1414:	0001                	nop
    1416:	0100                	addi	s0,sp,128
    1418:	0101                	addi	sp,sp,0
    141a:	021f 0205 0000      	.insn	6, 0x0205021f
    1420:	00000417          	auipc	s0,0x0
    1424:	0102                	c.slli64	sp
    1426:	021f 020f 0426      	.insn	6, 0x0426020f021f
    142c:	0000                	unimp
    142e:	2601                	sext.w	a2,a2
    1430:	0004                	.insn	2, 0x0004
    1432:	0100                	addi	s0,sp,128
    1434:	0900                	addi	s0,sp,144
    1436:	ee02                	sd	zero,280(sp)
    1438:	0001                	nop
    143a:	0080                	addi	s0,sp,64
    143c:	0000                	unimp
    143e:	0300                	addi	s0,sp,384
    1440:	0110                	addi	a2,sp,128
    1442:	0a090103          	lb	sp,160(s2)
    1446:	0100                	addi	s0,sp,128
    1448:	16090603          	lb	a2,352(s2)
    144c:	0100                	addi	s0,sp,128
    144e:	0c090103          	lb	sp,192(s2)
    1452:	0100                	addi	s0,sp,128
    1454:	1609                	addi	a2,a2,-30
    1456:	0000                	unimp
    1458:	0101                	addi	sp,sp,0
    145a:	000000b3          	add	ra,zero,zero
    145e:	0005                	c.nop	1
    1460:	0008                	.insn	2, 0x0008
    1462:	0049                	c.nop	18
    1464:	0000                	unimp
    1466:	0101                	addi	sp,sp,0
    1468:	fb01                	bnez	a4,1378 <__stack_align+0x1368>
    146a:	0d0e                	slli	s10,s10,0x3
    146c:	0100                	addi	s0,sp,128
    146e:	0101                	addi	sp,sp,0
    1470:	0001                	nop
    1472:	0000                	unimp
    1474:	0001                	nop
    1476:	0100                	addi	s0,sp,128
    1478:	0101                	addi	sp,sp,0
    147a:	051f 0205 0000      	.insn	6, 0x0205051f
    1480:	00000417          	auipc	s0,0x0
    1484:	02ae                	slli	t0,t0,0xb
    1486:	0000                	unimp
    1488:	0000024b          	fnmsub.s	ft4,ft0,ft0,ft0,rne
    148c:	02ff 0000 0102 021f 	.insn	10, 0x050f021f0102000002ff
    1494:	050f 
    1496:	0438                	addi	a4,sp,520
    1498:	0000                	unimp
    149a:	3801                	addiw	a6,a6,-32
    149c:	0004                	.insn	2, 0x0004
    149e:	0100                	addi	s0,sp,128
    14a0:	030a                	slli	t1,t1,0x2
    14a2:	0000                	unimp
    14a4:	1b02                	slli	s6,s6,0x20
    14a6:	03000003          	lb	zero,48(zero) # 30 <__stack_align+0x20>
    14aa:	0440                	addi	s0,sp,516
    14ac:	0000                	unimp
    14ae:	0504                	addi	s1,sp,640
    14b0:	0001                	nop
    14b2:	0209                	addi	tp,tp,2 # 2 <__boot_hart+0x2>
    14b4:	3e4e                	fld	ft8,240(sp)
    14b6:	8000                	.insn	2, 0x8000
    14b8:	0000                	unimp
    14ba:	0000                	unimp
    14bc:	0516                	slli	a0,a0,0x5
    14be:	0305                	addi	t1,t1,1
    14c0:	0902                	c.slli64	s2
    14c2:	0000                	unimp
    14c4:	0501                	addi	a0,a0,0
    14c6:	0601                	addi	a2,a2,0
    14c8:	00097e03          	.insn	4, 0x00097e03
    14cc:	0100                	addi	s0,sp,128
    14ce:	0905                	addi	s2,s2,1
    14d0:	02090203          	lb	tp,32(s2)
    14d4:	0100                	addi	s0,sp,128
    14d6:	0105                	addi	sp,sp,1
    14d8:	04097e03          	.insn	4, 0x04097e03
    14dc:	0100                	addi	s0,sp,128
    14de:	0905                	addi	s2,s2,1
    14e0:	02090203          	lb	tp,32(s2)
    14e4:	0100                	addi	s0,sp,128
    14e6:	0505                	addi	a0,a0,1
    14e8:	0306                	slli	t1,t1,0x1
    14ea:	0902                	c.slli64	s2
    14ec:	0002                	c.slli64	zero
    14ee:	0501                	addi	a0,a0,0
    14f0:	062a                	slli	a2,a2,0xa
    14f2:	00090003          	lb	zero,0(s2)
    14f6:	0100                	addi	s0,sp,128
    14f8:	0200                	addi	s0,sp,256
    14fa:	0104                	addi	s1,sp,128
    14fc:	04090003          	lb	zero,64(s2)
    1500:	0100                	addi	s0,sp,128
    1502:	0505                	addi	a0,a0,1
    1504:	0306                	slli	t1,t1,0x1
    1506:	0901                	addi	s2,s2,0
    1508:	0004                	.insn	2, 0x0004
    150a:	0901                	addi	s2,s2,0
    150c:	0004                	.insn	2, 0x0004
    150e:	0100                	addi	s0,sp,128
    1510:	db01                	beqz	a4,1420 <__stack_align+0x1410>
    1512:	0000                	unimp
    1514:	0500                	addi	s0,sp,640
    1516:	0800                	addi	s0,sp,16
    1518:	4000                	lw	s0,0(s0)
    151a:	0000                	unimp
    151c:	0100                	addi	s0,sp,128
    151e:	0101                	addi	sp,sp,0
    1520:	000d0efb          	.insn	4, 0x000d0efb
    1524:	0101                	addi	sp,sp,0
    1526:	0101                	addi	sp,sp,0
    1528:	0000                	unimp
    152a:	0100                	addi	s0,sp,128
    152c:	0000                	unimp
    152e:	0101                	addi	sp,sp,0
    1530:	1f01                	addi	t5,t5,-32
    1532:	0504                	addi	s1,sp,640
    1534:	0002                	c.slli64	zero
    1536:	1700                	addi	s0,sp,928
    1538:	0004                	.insn	2, 0x0004
    153a:	c200                	sw	s0,0(a2)
    153c:	0000                	unimp
    153e:	9900                	.insn	2, 0x9900
    1540:	02000003          	lb	zero,32(zero) # 20 <__stack_align+0x10>
    1544:	1f01                	addi	t5,t5,-32
    1546:	0f02                	c.slli64	t5
    1548:	5204                	lw	s1,32(a2)
    154a:	0004                	.insn	2, 0x0004
    154c:	0100                	addi	s0,sp,128
    154e:	0452                	slli	s0,s0,0x14
    1550:	0000                	unimp
    1552:	5801                	li	a6,-32
    1554:	0004                	.insn	2, 0x0004
    1556:	0200                	addi	s0,sp,256
    1558:	03f1                	addi	t2,t2,28
    155a:	0000                	unimp
    155c:	00010503          	lb	a0,0(sp)
    1560:	0209                	addi	tp,tp,2 # 2 <__boot_hart+0x2>
    1562:	3e64                	fld	fs1,248(a2)
    1564:	8000                	.insn	2, 0x8000
    1566:	0000                	unimp
    1568:	0000                	unimp
    156a:	0515                	addi	a0,a0,5
    156c:	0305                	addi	t1,t1,1
    156e:	0901                	addi	s2,s2,0
    1570:	0000                	unimp
    1572:	0301                	addi	t1,t1,0
    1574:	0901                	addi	s2,s2,0
    1576:	0000                	unimp
    1578:	0301                	addi	t1,t1,0
    157a:	0901                	addi	s2,s2,0
    157c:	0000                	unimp
    157e:	0301                	addi	t1,t1,0
    1580:	0901                	addi	s2,s2,0
    1582:	0000                	unimp
    1584:	0301                	addi	t1,t1,0
    1586:	0901                	addi	s2,s2,0
    1588:	0000                	unimp
    158a:	0301                	addi	t1,t1,0
    158c:	0902                	c.slli64	s2
    158e:	0000                	unimp
    1590:	0501                	addi	a0,a0,0
    1592:	0601                	addi	a2,a2,0
    1594:	00097903          	.insn	4, 0x00097903
    1598:	0100                	addi	s0,sp,128
    159a:	0505                	addi	a0,a0,1
    159c:	02090703          	lb	a4,32(s2)
    15a0:	0100                	addi	s0,sp,128
    15a2:	0105                	addi	sp,sp,1
    15a4:	0e097903          	.insn	4, 0x0e097903
    15a8:	0100                	addi	s0,sp,128
    15aa:	0505                	addi	a0,a0,1
    15ac:	04090703          	lb	a4,64(s2)
    15b0:	0100                	addi	s0,sp,128
    15b2:	0306                	slli	t1,t1,0x1
    15b4:	0901                	addi	s2,s2,0
    15b6:	0006                	c.slli	zero,0x1
    15b8:	0501                	addi	a0,a0,0
    15ba:	0601                	addi	a2,a2,0
    15bc:	06090103          	lb	sp,96(s2)
    15c0:	0100                	addi	s0,sp,128
    15c2:	0505                	addi	a0,a0,1
    15c4:	04097f03          	.insn	4, 0x04097f03
    15c8:	0100                	addi	s0,sp,128
    15ca:	0105                	addi	sp,sp,1
    15cc:	04090103          	lb	sp,64(s2)
    15d0:	0100                	addi	s0,sp,128
    15d2:	0505                	addi	a0,a0,1
    15d4:	00097f03          	.insn	4, 0x00097f03
    15d8:	0100                	addi	s0,sp,128
    15da:	0105                	addi	sp,sp,1
    15dc:	02090103          	lb	sp,32(s2)
    15e0:	0100                	addi	s0,sp,128
    15e2:	0505                	addi	a0,a0,1
    15e4:	02097f03          	.insn	4, 0x02097f03
    15e8:	0100                	addi	s0,sp,128
    15ea:	0409                	addi	s0,s0,2 # 1482 <__stack_align+0x1472>
    15ec:	0000                	unimp
    15ee:	0101                	addi	sp,sp,0
    15f0:	0066                	c.slli	zero,0x19
    15f2:	0000                	unimp
    15f4:	0005                	c.nop	1
    15f6:	0008                	.insn	2, 0x0008
    15f8:	002e                	c.slli	zero,0xb
    15fa:	0000                	unimp
    15fc:	0101                	addi	sp,sp,0
    15fe:	fb01                	bnez	a4,150e <__stack_align+0x14fe>
    1600:	0d0e                	slli	s10,s10,0x3
    1602:	0100                	addi	s0,sp,128
    1604:	0101                	addi	sp,sp,0
    1606:	0001                	nop
    1608:	0000                	unimp
    160a:	0001                	nop
    160c:	0100                	addi	s0,sp,128
    160e:	0101                	addi	sp,sp,0
    1610:	021f 0205 0000      	.insn	6, 0x0205021f
    1616:	00000417          	auipc	s0,0x0
    161a:	0102                	c.slli64	sp
    161c:	021f 020f 0469      	.insn	6, 0x0469020f021f
    1622:	0000                	unimp
    1624:	6901                	.insn	2, 0x6901
    1626:	0004                	.insn	2, 0x0004
    1628:	0100                	addi	s0,sp,128
    162a:	0105                	addi	sp,sp,1
    162c:	0900                	addi	s0,sp,144
    162e:	9402                	jalr	s0
    1630:	003e                	c.slli	zero,0xf
    1632:	0080                	addi	s0,sp,64
    1634:	0000                	unimp
    1636:	1900                	addi	s0,sp,176
    1638:	0505                	addi	a0,a0,1
    163a:	00090103          	lb	sp,0(s2)
    163e:	0100                	addi	s0,sp,128
    1640:	0905                	addi	s2,s2,1
    1642:	0200                	addi	s0,sp,256
    1644:	0104                	addi	s1,sp,128
    1646:	00090103          	lb	sp,0(s2)
    164a:	0100                	addi	s0,sp,128
    164c:	0505                	addi	a0,a0,1
    164e:	04097f03          	.insn	4, 0x04097f03
    1652:	0100                	addi	s0,sp,128
    1654:	0209                	addi	tp,tp,2 # 2 <__boot_hart+0x2>
    1656:	0000                	unimp
    1658:	0101                	addi	sp,sp,0
    165a:	01f2                	slli	gp,gp,0x1c
    165c:	0000                	unimp
    165e:	0005                	c.nop	1
    1660:	0008                	.insn	2, 0x0008
    1662:	00000053          	fadd.s	ft0,ft0,ft0,rne
    1666:	0101                	addi	sp,sp,0
    1668:	fb01                	bnez	a4,1578 <__stack_align+0x1568>
    166a:	0d0e                	slli	s10,s10,0x3
    166c:	0100                	addi	s0,sp,128
    166e:	0101                	addi	sp,sp,0
    1670:	0001                	nop
    1672:	0000                	unimp
    1674:	0001                	nop
    1676:	0100                	addi	s0,sp,128
    1678:	0101                	addi	sp,sp,0
    167a:	051f 0205 0000      	.insn	6, 0x0205051f
    1680:	00000417          	auipc	s0,0x0
    1684:	02ff 0000 02ae 0000 	.insn	10, 0x024b000002ae000002ff
    168c:	024b 
    168e:	0000                	unimp
    1690:	0102                	c.slli64	sp
    1692:	021f 070f 0478      	.insn	6, 0x0478070f021f
    1698:	0000                	unimp
    169a:	7801                	lui	a6,0xfffe0
    169c:	0004                	.insn	2, 0x0004
    169e:	0100                	addi	s0,sp,128
    16a0:	047f 0000 8802 0004 	.insn	10, 0x0200000488020000047f
    16a8:	0200 
    16aa:	030a                	slli	t1,t1,0x2
    16ac:	0000                	unimp
    16ae:	00031b03          	lh	s6,0(t1)
    16b2:	0400                	addi	s0,sp,512
    16b4:	0325                	addi	t1,t1,9
    16b6:	0000                	unimp
    16b8:	0502                	c.slli64	a0
    16ba:	0001                	nop
    16bc:	0209                	addi	tp,tp,2 # 2 <__boot_hart+0x2>
    16be:	3e9a                	fld	ft9,416(sp)
    16c0:	8000                	.insn	2, 0x8000
    16c2:	0000                	unimp
    16c4:	0000                	unimp
    16c6:	05010c03          	lb	s8,80(sp)
    16ca:	0305                	addi	t1,t1,1
    16cc:	0901                	addi	s2,s2,0
    16ce:	0000                	unimp
    16d0:	0301                	addi	t1,t1,0
    16d2:	0901                	addi	s2,s2,0
    16d4:	0000                	unimp
    16d6:	0301                	addi	t1,t1,0
    16d8:	0902                	c.slli64	s2
    16da:	0000                	unimp
    16dc:	0501                	addi	a0,a0,0
    16de:	0601                	addi	a2,a2,0
    16e0:	00097c03          	.insn	4, 0x00097c03
    16e4:	0100                	addi	s0,sp,128
    16e6:	0c05                	addi	s8,s8,1
    16e8:	02090403          	lb	s0,32(s2)
    16ec:	0100                	addi	s0,sp,128
    16ee:	0505                	addi	a0,a0,1
    16f0:	0306                	slli	t1,t1,0x1
    16f2:	0901                	addi	s2,s2,0
    16f4:	0002                	c.slli64	zero
    16f6:	0501                	addi	a0,a0,0
    16f8:	060c                	addi	a1,sp,768
    16fa:	00090003          	lb	zero,0(s2)
    16fe:	0100                	addi	s0,sp,128
    1700:	0505                	addi	a0,a0,1
    1702:	0306                	slli	t1,t1,0x1
    1704:	0901                	addi	s2,s2,0
    1706:	0002                	c.slli64	zero
    1708:	0501                	addi	a0,a0,0
    170a:	0608                	addi	a0,sp,768
    170c:	00090303          	lb	t1,0(s2)
    1710:	0100                	addi	s0,sp,128
    1712:	0c05                	addi	s8,s8,1
    1714:	04097d03          	.insn	4, 0x04097d03
    1718:	0100                	addi	s0,sp,128
    171a:	0505                	addi	a0,a0,1
    171c:	0306                	slli	t1,t1,0x1
    171e:	0901                	addi	s2,s2,0
    1720:	0002                	c.slli64	zero
    1722:	0501                	addi	a0,a0,0
    1724:	0608                	addi	a0,sp,768
    1726:	00090203          	lb	tp,0(s2)
    172a:	0100                	addi	s0,sp,128
    172c:	0c05                	addi	s8,s8,1
    172e:	02097e03          	.insn	4, 0x02097e03
    1732:	0100                	addi	s0,sp,128
    1734:	0505                	addi	a0,a0,1
    1736:	0306                	slli	t1,t1,0x1
    1738:	0902                	c.slli64	s2
    173a:	0002                	c.slli64	zero
    173c:	0501                	addi	a0,a0,0
    173e:	0608                	addi	a0,sp,768
    1740:	00090003          	lb	zero,0(s2)
    1744:	0100                	addi	s0,sp,128
    1746:	0505                	addi	a0,a0,1
    1748:	0306                	slli	t1,t1,0x1
    174a:	0901                	addi	s2,s2,0
    174c:	0004                	.insn	2, 0x0004
    174e:	0401                	addi	s0,s0,0 # 1680 <__stack_align+0x1670>
    1750:	0602                	c.slli64	a2
    1752:	04091503          	lh	a0,64(s2)
    1756:	0100                	addi	s0,sp,128
    1758:	0304                	addi	s1,sp,384
    175a:	1005                	c.nop	-31
    175c:	0200                	addi	s0,sp,256
    175e:	0104                	addi	s1,sp,128
    1760:	0306                	slli	t1,t1,0x1
    1762:	0964                	addi	s1,sp,156
    1764:	0002                	c.slli64	zero
    1766:	0401                	addi	s0,s0,0
    1768:	0502                	c.slli64	a0
    176a:	0305                	addi	t1,t1,1
    176c:	0910                	addi	a2,sp,144
    176e:	0000                	unimp
    1770:	0501                	addi	a0,a0,0
    1772:	060c                	addi	a1,sp,768
    1774:	00090003          	lb	zero,0(s2)
    1778:	0100                	addi	s0,sp,128
    177a:	0304                	addi	s1,sp,384
    177c:	1005                	c.nop	-31
    177e:	0200                	addi	s0,sp,256
    1780:	0104                	addi	s1,sp,128
    1782:	02097003          	.insn	4, 0x02097003
    1786:	0100                	addi	s0,sp,128
    1788:	0e05                	addi	t3,t3,1
    178a:	0306                	slli	t1,t1,0x1
    178c:	0902                	c.slli64	s2
    178e:	0002                	c.slli64	zero
    1790:	0401                	addi	s0,s0,0
    1792:	0502                	c.slli64	a0
    1794:	0305                	addi	t1,t1,1
    1796:	0918                	addi	a4,sp,144
    1798:	0000                	unimp
    179a:	0301                	addi	t1,t1,0
    179c:	0902                	c.slli64	s2
    179e:	0000                	unimp
    17a0:	0301                	addi	t1,t1,0
    17a2:	090d                	addi	s2,s2,3
    17a4:	0004                	.insn	2, 0x0004
    17a6:	0401                	addi	s0,s0,0
    17a8:	000e0503          	lb	a0,0(t3)
    17ac:	0402                	c.slli64	s0
    17ae:	0601                	addi	a2,a2,0
    17b0:	00095903          	lhu	s2,0(s2)
    17b4:	0100                	addi	s0,sp,128
    17b6:	0104                	addi	s1,sp,128
    17b8:	0505                	addi	a0,a0,1
    17ba:	0306                	slli	t1,t1,0x1
    17bc:	0906                	slli	s2,s2,0x1
    17be:	0002                	c.slli64	zero
    17c0:	0401                	addi	s0,s0,0
    17c2:	0502                	c.slli64	a0
    17c4:	0320                	addi	s0,sp,392
    17c6:	097e                	slli	s2,s2,0x1f
    17c8:	0000                	unimp
    17ca:	0401                	addi	s0,s0,0
    17cc:	0501                	addi	a0,a0,0
    17ce:	0305                	addi	t1,t1,1
    17d0:	00040903          	lb	s2,0(s0)
    17d4:	0501                	addi	a0,a0,0
    17d6:	060c                	addi	a1,sp,768
    17d8:	00090003          	lb	zero,0(s2)
    17dc:	0100                	addi	s0,sp,128
    17de:	0505                	addi	a0,a0,1
    17e0:	0306                	slli	t1,t1,0x1
    17e2:	0901                	addi	s2,s2,0
    17e4:	000a                	c.slli	zero,0x2
    17e6:	0501                	addi	a0,a0,0
    17e8:	0015                	c.nop	5
    17ea:	0402                	c.slli64	s0
    17ec:	0301                	addi	t1,t1,0
    17ee:	0900                	addi	s0,sp,144
    17f0:	0000                	unimp
    17f2:	0501                	addi	a0,a0,0
    17f4:	0305                	addi	t1,t1,1
    17f6:	0901                	addi	s2,s2,0
    17f8:	0004                	.insn	2, 0x0004
    17fa:	0501                	addi	a0,a0,0
    17fc:	060e                	slli	a2,a2,0x3
    17fe:	00090003          	lb	zero,0(s2)
    1802:	0100                	addi	s0,sp,128
    1804:	0505                	addi	a0,a0,1
    1806:	0306                	slli	t1,t1,0x1
    1808:	0901                	addi	s2,s2,0
    180a:	0008                	.insn	2, 0x0008
    180c:	0401                	addi	s0,s0,0
    180e:	097b0303          	lb	t1,151(s6)
    1812:	0000                	unimp
    1814:	0401                	addi	s0,s0,0
    1816:	0302                	c.slli64	t1
    1818:	0928                	addi	a0,sp,152
    181a:	0000                	unimp
    181c:	0401                	addi	s0,s0,0
    181e:	0301                	addi	t1,t1,0
    1820:	095f 0004 0401      	.insn	6, 0x04010004095f
    1826:	0502                	c.slli64	a0
    1828:	0320                	addi	s0,sp,392
    182a:	00000977          	.insn	4, 0x0977
    182e:	0401                	addi	s0,s0,0
    1830:	0501                	addi	a0,a0,0
    1832:	0305                	addi	t1,t1,1
    1834:	090a                	slli	s2,s2,0x2
    1836:	0004                	.insn	2, 0x0004
    1838:	0501                	addi	a0,a0,0
    183a:	0003060f          	.insn	4, 0x0003060f
    183e:	0009                	c.nop	2
    1840:	0100                	addi	s0,sp,128
    1842:	0105                	addi	sp,sp,1
    1844:	02090103          	lb	sp,32(s2)
    1848:	0100                	addi	s0,sp,128
    184a:	0409                	addi	s0,s0,2
    184c:	0000                	unimp
    184e:	0101                	addi	sp,sp,0

Disassembly of section .debug_str:

0000000000000000 <.debug_str>:
   0:	20554e47          	fmsub.s	ft8,fa0,ft5,ft4,rmm
   4:	20393943          	fmadd.s	fs2,fs2,ft3,ft4,rup
   8:	3331                	addiw	t1,t1,-20
   a:	322e                	fld	ft4,232(sp)
   c:	302e                	fld	ft0,232(sp)
   e:	2d20                	fld	fs0,88(a0)
  10:	636d                	lui	t1,0x1b
  12:	6f6d                	lui	t5,0x1b
  14:	6564                	ld	s1,200(a0)
  16:	3d6c                	fld	fa1,248(a0)
  18:	656d                	lui	a0,0x1b
  1a:	6164                	ld	s1,192(a0)
  1c:	796e                	ld	s2,248(sp)
  1e:	2d20                	fld	fs0,88(a0)
  20:	616d                	addi	sp,sp,240
  22:	6962                	ld	s2,24(sp)
  24:	6c3d                	lui	s8,0xf
  26:	3670                	fld	fa2,232(a2)
  28:	6434                	ld	a3,72(s0)
  2a:	2d20                	fld	fs0,88(a0)
  2c:	636d                	lui	t1,0x1b
  2e:	6f6d                	lui	t5,0x1b
  30:	6564                	ld	s1,200(a0)
  32:	3d6c                	fld	fa1,248(a0)
  34:	656d                	lui	a0,0x1b
  36:	6164                	ld	s1,192(a0)
  38:	796e                	ld	s2,248(sp)
  3a:	2d20                	fld	fs0,88(a0)
  3c:	746d                	lui	s0,0xffffb
  3e:	6e75                	lui	t3,0x1d
  40:	3d65                	addiw	s10,s10,-7
  42:	6f72                	ld	t5,280(sp)
  44:	74656b63          	bltu	a0,t1,79a <__stack_align+0x78a>
  48:	2d20                	fld	fs0,88(a0)
  4a:	696d                	lui	s2,0x1b
  4c:	732d6173          	csrrsi	sp,mhpmevent18h,26
  50:	6570                	ld	a2,200(a0)
  52:	30323d63          	.insn	4, 0x30323d63
  56:	3931                	addiw	s2,s2,-20 # 1afec <__stack_size+0x12fec>
  58:	3231                	addiw	tp,tp,-20 # ffffffffffffffec <__heap_end+0xffffffff7ffdafec>
  5a:	3331                	addiw	t1,t1,-20 # 1afec <__stack_size+0x12fec>
  5c:	2d20                	fld	fs0,88(a0)
  5e:	616d                	addi	sp,sp,240
  60:	6372                	ld	t1,280(sp)
  62:	3d68                	fld	fa0,248(a0)
  64:	7672                	ld	a2,312(sp)
  66:	3436                	fld	fs0,360(sp)
  68:	6d69                	lui	s10,0x1a
  6a:	6661                	lui	a2,0x18
  6c:	7664                	ld	s1,232(a2)
  6e:	7a5f 6369 7273      	.insn	6, 0x727363697a5f
  74:	7a5f 6576 3233      	.insn	6, 0x323365767a5f
  7a:	5f66                	lw	t5,120(sp)
  7c:	767a                	ld	a2,440(sp)
  7e:	3365                	addiw	t1,t1,-7
  80:	7832                	ld	a6,296(sp)
  82:	7a5f 6576 3436      	.insn	6, 0x343665767a5f
  88:	5f64                	lw	s1,124(a4)
  8a:	767a                	ld	a2,440(sp)
  8c:	3665                	addiw	a2,a2,-7 # 17ff9 <__stack_size+0xfff9>
  8e:	6634                	ld	a3,72(a2)
  90:	7a5f 6576 3436      	.insn	6, 0x343665767a5f
  96:	5f78                	lw	a4,124(a4)
  98:	767a                	ld	a2,440(sp)
  9a:	316c                	fld	fa1,224(a0)
  9c:	3832                	fld	fa6,296(sp)
  9e:	5f62                	lw	t5,56(sp)
  a0:	767a                	ld	a2,440(sp)
  a2:	336c                	fld	fa1,224(a4)
  a4:	6232                	ld	tp,264(sp)
  a6:	7a5f 6c76 3436      	.insn	6, 0x34366c767a5f
  ac:	2062                	fld	ft0,24(sp)
  ae:	672d                	lui	a4,0xb
  b0:	2d20                	fld	fs0,88(a0)
  b2:	2d20324f          	.insn	4, 0x2d20324f
  b6:	3d647473          	csrrci	s0,0x3d6,8
  ba:	39756e67          	.insn	4, 0x39756e67
  be:	2039                	.insn	2, 0x2039
  c0:	662d                	lui	a2,0xb
  c2:	6f6e                	ld	t5,216(sp)
  c4:	632d                	lui	t1,0xb
  c6:	6f6d6d6f          	jal	s10,d67bc <__heap_size+0xb67bc>
  ca:	206e                	fld	ft0,216(sp)
  cc:	662d                	lui	a2,0xb
  ce:	6f6e                	ld	t5,216(sp)
  d0:	622d                	lui	tp,0xb
  d2:	6975                	lui	s2,0x1d
  d4:	746c                	ld	a1,232(s0)
  d6:	6e69                	lui	t3,0x1a
  d8:	702d                	c.lui	zero,0xfffeb
  da:	6972                	ld	s2,280(sp)
  dc:	746e                	ld	s0,248(sp)
  de:	0066                	c.slli	zero,0x19
  e0:	6361                	lui	t1,0x18
  e2:	7574                	ld	a3,232(a0)
  e4:	7461                	lui	s0,0xffff8
  e6:	0034726f          	jal	tp,478e8 <__heap_size+0x278e8>
  ea:	6c66                	ld	s8,88(sp)
  ec:	0074616f          	jal	sp,468f2 <__heap_size+0x268f2>
  f0:	6e75                	lui	t3,0x1d
  f2:	6e676973          	csrrsi	s2,0x6e6,14
  f6:	6465                	lui	s0,0x19
  f8:	6320                	ld	s0,64(a4)
  fa:	6168                	ld	a0,192(a0)
  fc:	0072                	c.slli	zero,0x1c
  fe:	726f6873          	csrrsi	a6,mhpmevent6h,30
 102:	2074                	fld	fa3,192(s0)
 104:	6e75                	lui	t3,0x1d
 106:	6e676973          	csrrsi	s2,0x6e6,14
 10a:	6465                	lui	s0,0x19
 10c:	6920                	ld	s0,80(a0)
 10e:	746e                	ld	s0,248(sp)
 110:	4100                	lw	s0,0(a0)
 112:	61757463          	bgeu	a0,s7,71a <__stack_align+0x70a>
 116:	6f74                	ld	a3,216(a4)
 118:	0072                	c.slli	zero,0x1c
 11a:	5f49                	li	t5,-14
 11c:	7270                	ld	a2,224(a2)
 11e:	7665                	lui	a2,0xffff9
 120:	4400                	lw	s0,8(s0)
 122:	635f 7275 0072      	.insn	6, 0x00727275635f
 128:	70746573          	csrrsi	a0,0x707,8
 12c:	746e696f          	jal	s2,e6872 <__heap_size+0xc6872>
 130:	6c00                	ld	s0,24(s0)
 132:	20676e6f          	jal	t3,76338 <__heap_size+0x56338>
 136:	6f6c                	ld	a1,216(a4)
 138:	676e                	ld	a4,216(sp)
 13a:	7520                	ld	s0,104(a0)
 13c:	736e                	ld	t1,248(sp)
 13e:	6769                	lui	a4,0x1a
 140:	656e                	ld	a0,216(sp)
 142:	2064                	fld	fs1,192(s0)
 144:	6e69                	lui	t3,0x1a
 146:	0074                	addi	a3,sp,12
 148:	7265                	lui	tp,0xffff9
 14a:	6f72                	ld	t5,280(sp)
 14c:	0072                	c.slli	zero,0x1c
 14e:	6f6c                	ld	a1,216(a4)
 150:	676e                	ld	a4,216(sp)
 152:	6c20                	ld	s0,88(s0)
 154:	20676e6f          	jal	t3,7635a <__heap_size+0x5635a>
 158:	6e69                	lui	t3,0x1a
 15a:	0074                	addi	a3,sp,12
 15c:	72727563          	bgeu	tp,t2,886 <__stack_align+0x876>
 160:	6f70                	ld	a2,216(a4)
 162:	6e69                	lui	t3,0x1a
 164:	0074                	addi	a3,sp,12
 166:	726f6873          	csrrsi	a6,mhpmevent6h,30
 16a:	2074                	fld	fa3,192(s0)
 16c:	6e69                	lui	t3,0x1a
 16e:	0074                	addi	a3,sp,12
 170:	7074756f          	jal	a0,48076 <__heap_size+0x28076>
 174:	7475                	lui	s0,0xffffd
 176:	4900                	lw	s0,16(a0)
 178:	635f 7275 0072      	.insn	6, 0x00727275635f
 17e:	7265                	lui	tp,0xffff9
 180:	6f72                	ld	t5,280(sp)
 182:	5f72                	lw	t5,60(sp)
 184:	7270                	ld	a2,224(a2)
 186:	7665                	lui	a2,0xffff9
 188:	5f00                	lw	s0,56(a4)
 18a:	695f 746e 3231      	.insn	6, 0x3231746e695f
 190:	2038                	fld	fa4,64(s0)
 192:	6e75                	lui	t3,0x1d
 194:	6e676973          	csrrsi	s2,0x6e6,14
 198:	6465                	lui	s0,0x19
 19a:	4700                	lw	s0,8(a4)
 19c:	554e                	lw	a0,240(sp)
 19e:	4320                	lw	s0,64(a4)
 1a0:	3731                	addiw	a4,a4,-20 # 19fec <__stack_size+0x11fec>
 1a2:	3120                	fld	fs0,96(a0)
 1a4:	2e322e33          	.insn	4, 0x2e322e33
 1a8:	2030                	fld	fa2,64(s0)
 1aa:	6d2d                	lui	s10,0xb
 1ac:	646f6d63          	bltu	t5,t1,806 <__stack_align+0x7f6>
 1b0:	6c65                	lui	s8,0x19
 1b2:	6d3d                	lui	s10,0xf
 1b4:	6465                	lui	s0,0x19
 1b6:	6e61                	lui	t3,0x18
 1b8:	2079                	.insn	2, 0x2079
 1ba:	6d2d                	lui	s10,0xb
 1bc:	646f6d63          	bltu	t5,t1,816 <__stack_align+0x806>
 1c0:	6c65                	lui	s8,0x19
 1c2:	6d3d                	lui	s10,0xf
 1c4:	6465                	lui	s0,0x19
 1c6:	6e61                	lui	t3,0x18
 1c8:	2079                	.insn	2, 0x2079
 1ca:	6d2d                	lui	s10,0xb
 1cc:	7574                	ld	a3,232(a0)
 1ce:	656e                	ld	a0,216(sp)
 1d0:	723d                	lui	tp,0xfffef
 1d2:	656b636f          	jal	t1,b6828 <__heap_size+0x96828>
 1d6:	2074                	fld	fa3,192(s0)
 1d8:	6d2d                	lui	s10,0xb
 1da:	6261                	lui	tp,0x18
 1dc:	3d69                	addiw	s10,s10,-6 # affa <__stack_size+0x2ffa>
 1de:	706c                	ld	a1,224(s0)
 1e0:	3436                	fld	fs0,360(sp)
 1e2:	2064                	fld	fs1,192(s0)
 1e4:	6d2d                	lui	s10,0xb
 1e6:	7369                	lui	t1,0xffffa
 1e8:	2d61                	addiw	s10,s10,24 # b018 <__stack_size+0x3018>
 1ea:	63657073          	csrci	0x636,10
 1ee:	323d                	addiw	tp,tp,-17 # 17fef <__stack_size+0xffef>
 1f0:	3130                	fld	fa2,96(a0)
 1f2:	3139                	addiw	sp,sp,-18
 1f4:	3132                	fld	ft2,296(sp)
 1f6:	6d2d2033          	.insn	4, 0x6d2d2033
 1fa:	7261                	lui	tp,0xffff8
 1fc:	723d6863          	bltu	s10,gp,92c <__stack_align+0x91c>
 200:	3676                	fld	fa2,376(sp)
 202:	6934                	ld	a3,80(a0)
 204:	616d                	addi	sp,sp,240
 206:	6466                	ld	s0,88(sp)
 208:	697a5f63          	bge	s4,s7,8a6 <__stack_align+0x896>
 20c:	20727363          	bgeu	tp,t2,412 <__stack_align+0x402>
 210:	672d                	lui	a4,0xb
 212:	2d20                	fld	fs0,88(a0)
 214:	2d20734f          	.insn	4, 0x2d20734f
 218:	2d20324f          	.insn	4, 0x2d20324f
 21c:	2d20734f          	.insn	4, 0x2d20734f
 220:	6266                	ld	tp,88(sp)
 222:	6975                	lui	s2,0x1d
 224:	646c                	ld	a1,200(s0)
 226:	6e69                	lui	t3,0x1a
 228:	696c2d67          	.insn	4, 0x696c2d67
 22c:	6762                	ld	a4,24(sp)
 22e:	2d206363          	bltu	zero,s2,4f4 <__stack_align+0x4e4>
 232:	6e66                	ld	t3,88(sp)
 234:	74732d6f          	jal	s10,3317a <__heap_size+0x1317a>
 238:	6361                	lui	t1,0x18
 23a:	72702d6b          	.insn	4, 0x72702d6b
 23e:	6365746f          	jal	s0,57874 <__heap_size+0x37874>
 242:	6f74                	ld	a3,216(a4)
 244:	2072                	fld	ft0,280(sp)
 246:	662d                	lui	a2,0xb
 248:	6976                	ld	s2,344(sp)
 24a:	69626973          	csrrsi	s2,0x696,4
 24e:	696c                	ld	a1,208(a0)
 250:	7974                	ld	a3,240(a0)
 252:	683d                	lui	a6,0xf
 254:	6469                	lui	s0,0x1a
 256:	6564                	ld	s1,200(a0)
 258:	006e                	c.slli	zero,0x1b
 25a:	465f 5f50 4150      	.insn	6, 0x41505f50465f
 260:	525f4b43          	fmadd.d	fs6,ft10,ft5,fa0,rmm
 264:	5741                	li	a4,-16
 266:	315f 665f 6f6c      	.insn	6, 0x6f6c665f315f
 26c:	6c00                	ld	s0,24(s0)
 26e:	73676e6f          	jal	t3,769a4 <__heap_size+0x569a4>
 272:	6600                	ld	s0,8(a2)
 274:	6172                	ld	sp,280(sp)
 276:	66003063          	.insn	4, 0x66003063
 27a:	6172                	ld	sp,280(sp)
 27c:	44003163          	.insn	4, 0x44003163
 280:	7446                	ld	s0,112(sp)
 282:	7079                	c.lui	zero,0xffffe
 284:	0065                	c.nop	25
 286:	465f 5f50 4150      	.insn	6, 0x41505f50465f
 28c:	535f4b43          	fmadd.d	fs6,ft10,fs5,fa0,rmm
 290:	4d45                	li	s10,17
 292:	5249                	li	tp,-14
 294:	5741                	li	a4,-16
 296:	545f 665f 5400      	.insn	6, 0x5400665f545f
 29c:	7446                	ld	s0,112(sp)
 29e:	7079                	c.lui	zero,0xffffe
 2a0:	0065                	c.nop	25
 2a2:	465f 5f50 4150      	.insn	6, 0x41505f50465f
 2a8:	535f4b43          	fmadd.d	fs6,ft10,fs5,fa0,rmm
 2ac:	4d45                	li	s10,17
 2ae:	5249                	li	tp,-14
 2b0:	5741                	li	a4,-16
 2b2:	545f 735f 4100      	.insn	6, 0x4100735f545f
 2b8:	665f 0030 5f41      	.insn	6, 0x5f410030665f
 2be:	3166                	fld	ft2,120(sp)
 2c0:	5f00                	lw	s0,56(a4)
 2c2:	695f 746e 3231      	.insn	6, 0x3231746e695f
 2c8:	0038                	addi	a4,sp,8
 2ca:	665f 7865 5f00      	.insn	6, 0x5f007865665f
 2d0:	5046                	.insn	2, 0x5046
 2d2:	505f 4341 5f4b      	.insn	6, 0x5f4b4341505f
 2d8:	494d4553          	.insn	4, 0x494d4553
 2dc:	4152                	lw	sp,20(sp)
 2de:	5f545f57          	.insn	4, 0x5f545f57
 2e2:	0065                	c.nop	25
 2e4:	465f 5f50 4150      	.insn	6, 0x41505f50465f
 2ea:	535f4b43          	fmadd.d	fs6,ft10,fs5,fa0,rmm
 2ee:	4d45                	li	s10,17
 2f0:	5249                	li	tp,-14
 2f2:	5741                	li	a4,-16
 2f4:	545f 635f 5f00      	.insn	6, 0x5f00635f545f
 2fa:	5046                	.insn	2, 0x5046
 2fc:	555f 504e 4341      	.insn	6, 0x4341504e555f
 302:	41525f4b          	fnmsub.s	ft10,ft4,fs5,fs0,unknown
 306:	5f325f57          	.insn	4, 0x5f325f57
 30a:	6c66                	ld	s8,88(sp)
 30c:	7266006f          	j	60a32 <__heap_size+0x40a32>
 310:	6361                	lui	t1,0x18
 312:	5f00                	lw	s0,56(a4)
 314:	5046                	.insn	2, 0x5046
 316:	505f 4341 5f4b      	.insn	6, 0x5f4b4341505f
 31c:	494d4553          	.insn	4, 0x494d4553
 320:	4152                	lw	sp,20(sp)
 322:	73695f57          	.insn	4, 0x73695f57
 326:	745f 6e69 0079      	.insn	6, 0x00796e69745f
 32c:	465f 5f50 4e55      	.insn	6, 0x4e555f50465f
 332:	4f49                	li	t5,18
 334:	5f4e                	lw	t5,240(sp)
 336:	0044                	addi	s1,sp,4
 338:	5f5f 7274 6e75      	.insn	6, 0x6e7572745f5f
 33e:	64667463          	bgeu	a2,t1,986 <__stack_align+0x976>
 342:	3266                	fld	ft4,120(sp)
 344:	5f00                	lw	s0,56(a4)
 346:	5046                	.insn	2, 0x5046
 348:	555f 494e 4e4f      	.insn	6, 0x4e4f494e555f
 34e:	515f 7300 6769      	.insn	6, 0x67697300515f
 354:	006e                	c.slli	zero,0x1b
 356:	6f6c                	ld	a1,216(a4)
 358:	676e                	ld	a4,216(sp)
 35a:	6420                	ld	s0,72(s0)
 35c:	6c62756f          	jal	a0,27a22 <__heap_size+0x7a22>
 360:	0065                	c.nop	25
 362:	6962                	ld	s2,24(sp)
 364:	7374                	ld	a3,224(a4)
 366:	5f00                	lw	s0,56(a4)
 368:	7266                	ld	tp,120(sp)
 36a:	006d                	c.nop	27
 36c:	635f 6f6c 6573      	.insn	6, 0x65736f6c635f
 372:	6600                	ld	s0,8(a2)
 374:	6c69                	lui	s8,0x1a
 376:	0065                	c.nop	25
 378:	20554e47          	fmsub.s	ft8,fa0,ft5,ft4,rmm
 37c:	20313143          	fmadd.s	ft2,ft2,ft3,ft4,rup
 380:	3331                	addiw	t1,t1,-20 # 17fec <__stack_size+0xffec>
 382:	322e                	fld	ft4,232(sp)
 384:	302e                	fld	ft0,232(sp)
 386:	2d20                	fld	fs0,88(a0)
 388:	636d                	lui	t1,0x1b
 38a:	6f6d                	lui	t5,0x1b
 38c:	6564                	ld	s1,200(a0)
 38e:	3d6c                	fld	fa1,248(a0)
 390:	656d                	lui	a0,0x1b
 392:	6164                	ld	s1,192(a0)
 394:	796e                	ld	s2,248(sp)
 396:	2d20                	fld	fs0,88(a0)
 398:	746d                	lui	s0,0xffffb
 39a:	6e75                	lui	t3,0x1d
 39c:	3d65                	addiw	s10,s10,-7
 39e:	6f72                	ld	t5,280(sp)
 3a0:	74656b63          	bltu	a0,t1,af6 <__stack_align+0xae6>
 3a4:	2d20                	fld	fs0,88(a0)
 3a6:	616d                	addi	sp,sp,240
 3a8:	6962                	ld	s2,24(sp)
 3aa:	6c3d                	lui	s8,0xf
 3ac:	3670                	fld	fa2,232(a2)
 3ae:	6434                	ld	a3,72(s0)
 3b0:	2d20                	fld	fs0,88(a0)
 3b2:	696d                	lui	s2,0x1b
 3b4:	732d6173          	csrrsi	sp,mhpmevent18h,26
 3b8:	6570                	ld	a2,200(a0)
 3ba:	30323d63          	.insn	4, 0x30323d63
 3be:	3931                	addiw	s2,s2,-20 # 1afec <__stack_size+0x12fec>
 3c0:	3231                	addiw	tp,tp,-20 # ffffffffffff7fec <__heap_end+0xffffffff7ffd2fec>
 3c2:	3331                	addiw	t1,t1,-20 # 1afec <__stack_size+0x12fec>
 3c4:	2d20                	fld	fs0,88(a0)
 3c6:	616d                	addi	sp,sp,240
 3c8:	6372                	ld	t1,280(sp)
 3ca:	3d68                	fld	fa0,248(a0)
 3cc:	7672                	ld	a2,312(sp)
 3ce:	3436                	fld	fs0,360(sp)
 3d0:	6d69                	lui	s10,0x1a
 3d2:	6661                	lui	a2,0x18
 3d4:	6364                	ld	s1,192(a4)
 3d6:	7a5f 6369 7273      	.insn	6, 0x727363697a5f
 3dc:	2d20                	fld	fs0,88(a0)
 3de:	4f2d2067          	.insn	4, 0x4f2d2067
 3e2:	2032                	fld	ft0,264(sp)
 3e4:	732d                	lui	t1,0xfffeb
 3e6:	6474                	ld	a3,200(s0)
 3e8:	633d                	lui	t1,0xf
 3ea:	3131                	addiw	sp,sp,-20
 3ec:	2d20                	fld	fs0,88(a0)
 3ee:	6e66                	ld	t3,88(sp)
 3f0:	6f632d6f          	jal	s10,32ae6 <__heap_size+0x12ae6>
 3f4:	6d6d                	lui	s10,0x1b
 3f6:	2d206e6f          	jal	t3,66c8 <__stack_size_min+0x6c8>
 3fa:	6e66                	ld	t3,88(sp)
 3fc:	75622d6f          	jal	s10,22b52 <__heap_size+0x2b52>
 400:	6c69                	lui	s8,0x1a
 402:	6974                	ld	a3,208(a0)
 404:	006e                	c.slli	zero,0x1b
 406:	5f5f 7265 6e72      	.insn	6, 0x6e7272655f5f
 40c:	6f74006f          	j	41302 <__heap_size+0x21302>
 410:	6f68                	ld	a0,216(a4)
 412:	5f007473          	csrrci	s0,0x5f0,0
 416:	7865                	lui	a6,0xffff9
 418:	7469                	lui	s0,0xffffa
 41a:	6600                	ld	s0,8(a2)
 41c:	6f72                	ld	t5,280(sp)
 41e:	686d                	lui	a6,0x1b
 420:	0074736f          	jal	t1,47c26 <__heap_size+0x27c26>
 424:	65646f63          	bltu	s0,s6,a82 <__stack_align+0xa72>
 428:	5f00                	lw	s0,56(a4)
 42a:	755f 6e69 3674      	.insn	6, 0x36746e69755f
 430:	5f34                	lw	a3,120(a4)
 432:	0074                	addi	a3,sp,12
 434:	5f5f 6975 5f64      	.insn	6, 0x5f6469755f5f
 43a:	0074                	addi	a3,sp,12
 43c:	6e5f7473          	csrrci	s0,0x6e5,30
 440:	696c                	ld	a1,208(a0)
 442:	6b6e                	ld	s6,216(sp)
 444:	7400                	ld	s0,40(s0)
 446:	5f76                	lw	t5,124(sp)
 448:	736e                	ld	t1,248(sp)
 44a:	6365                	lui	t1,0x19
 44c:	7300                	ld	s0,32(a4)
 44e:	5f74                	lw	a3,124(a4)
 450:	657a6973          	csrrsi	s2,hviprio2h,20
 454:	7300                	ld	s0,32(a4)
 456:	5f74                	lw	a3,124(a4)
 458:	746d                	lui	s0,0xffffb
 45a:	6d69                	lui	s10,0x1a
 45c:	7300                	ld	s0,32(a4)
 45e:	5f74                	lw	a3,124(a4)
 460:	6e69                	lui	t3,0x1a
 462:	7473006f          	j	313a8 <__heap_size+0x113a8>
 466:	625f 6b6c 6973      	.insn	6, 0x69736b6c625f
 46c:	657a                	ld	a0,408(sp)
 46e:	7300                	ld	s0,32(a4)
 470:	5f74                	lw	a3,124(a4)
 472:	72617073          	csrci	mhpmevent6h,2
 476:	3465                	addiw	s0,s0,-7 # ffffffffffffaff9 <__heap_end+0xffffffff7ffd5ff9>
 478:	5f00                	lw	s0,56(a4)
 47a:	645f 7665 745f      	.insn	6, 0x745f7665645f
 480:	7300                	ld	s0,32(a4)
 482:	5f74                	lw	a3,124(a4)
 484:	6c62                	ld	s8,24(sp)
 486:	736b636f          	jal	t1,b6bbc <__heap_size+0x96bbc>
 48a:	7300                	ld	s0,32(a4)
 48c:	5f74                	lw	a3,124(a4)
 48e:	6f6d                	lui	t5,0x1b
 490:	6564                	ld	s1,200(a0)
 492:	7300                	ld	s0,32(a4)
 494:	5f74                	lw	a3,124(a4)
 496:	7461                	lui	s0,0xffff8
 498:	6d69                	lui	s10,0x1a
 49a:	7400                	ld	s0,40(s0)
 49c:	6d69                	lui	s10,0x1a
 49e:	5f65                	li	t5,-7
 4a0:	0074                	addi	a3,sp,12
 4a2:	5f5f 6c6e 6e69      	.insn	6, 0x6e696c6e5f5f
 4a8:	00745f6b          	.insn	4, 0x00745f6b
 4ac:	5f5f 6975 746e      	.insn	6, 0x746e69755f5f
 4b2:	745f3233          	.insn	4, 0x745f3233
 4b6:	7300                	ld	s0,32(a4)
 4b8:	5f74                	lw	a3,124(a4)
 4ba:	6472                	ld	s0,280(sp)
 4bc:	7665                	lui	a2,0xffff9
 4be:	5f00                	lw	s0,56(a4)
 4c0:	625f 6b6c 6973      	.insn	6, 0x69736b6c625f
 4c6:	657a                	ld	a0,408(sp)
 4c8:	745f 5f00 625f      	.insn	6, 0x625f5f00745f
 4ce:	6b6c                	ld	a1,208(a4)
 4d0:	5f746e63          	bltu	s0,s7,acc <__stack_align+0xabc>
 4d4:	0074                	addi	a3,sp,12
 4d6:	635f7473          	csrrci	s0,0x635,30
 4da:	6974                	ld	a3,208(a0)
 4dc:	006d                	c.nop	27
 4de:	755f7473          	csrrci	s0,0x755,30
 4e2:	6469                	lui	s0,0x1a
 4e4:	5f00                	lw	s0,56(a4)
 4e6:	675f 6469 745f      	.insn	6, 0x745f6469675f
 4ec:	5f00                	lw	s0,56(a4)
 4ee:	6f5f 6666 745f      	.insn	6, 0x745f66666f5f
 4f4:	7400                	ld	s0,40(s0)
 4f6:	5f76                	lw	t5,124(sp)
 4f8:	00636573          	csrrsi	a0,0x6,6
 4fc:	6974                	ld	a3,208(a0)
 4fe:	656d                	lui	a0,0x1b
 500:	63657073          	csrci	0x636,10
 504:	5f00                	lw	s0,56(a4)
 506:	7366                	ld	t1,120(sp)
 508:	6174                	ld	a3,192(a0)
 50a:	0074                	addi	a3,sp,12
 50c:	5f5f 6f6d 6564      	.insn	6, 0x65646f6d5f5f
 512:	745f 5f00 695f      	.insn	6, 0x695f5f00745f
 518:	6f6e                	ld	t5,216(sp)
 51a:	745f 7300 5f74      	.insn	6, 0x5f747300745f
 520:	6564                	ld	s1,200(a0)
 522:	0076                	c.slli	zero,0x1d
 524:	675f7473          	csrrci	s0,0x675,30
 528:	6469                	lui	s0,0x1a
 52a:	5f00                	lw	s0,56(a4)
 52c:	70746567          	.insn	4, 0x70746567
 530:	6469                	lui	s0,0x1a
 532:	5f00                	lw	s0,56(a4)
 534:	7369                	lui	t1,0xffffa
 536:	7461                	lui	s0,0xffff8
 538:	7974                	ld	a3,240(a0)
 53a:	5f00                	lw	s0,56(a4)
 53c:	6c6c696b          	.insn	4, 0x6c6c696b
 540:	5f00                	lw	s0,56(a4)
 542:	736c                	ld	a1,224(a4)
 544:	6565                	lui	a0,0x19
 546:	725f006b          	.insn	4, 0x725f006b
 54a:	6165                	addi	sp,sp,112
 54c:	0064                	addi	s1,sp,12
 54e:	735f 6973 657a      	.insn	6, 0x657a6973735f
 554:	745f 7000 7274      	.insn	6, 0x72747000745f
 55a:	6964                	ld	s1,208(a0)
 55c:	6666                	ld	a2,88(sp)
 55e:	745f 5f00 685f      	.insn	6, 0x685f5f00745f
 564:	6165                	addi	sp,sp,112
 566:	5f70                	lw	a2,124(a4)
 568:	6e65                	lui	t3,0x19
 56a:	0064                	addi	s1,sp,12
 56c:	62727563          	bgeu	tp,t2,b96 <__stack_align+0xb86>
 570:	6b72                	ld	s6,280(sp)
 572:	5f00                	lw	s0,56(a4)
 574:	6b726273          	csrrsi	tp,0x6b7,4
 578:	6900                	ld	s0,16(a0)
 57a:	636e                	ld	t1,216(sp)
 57c:	0072                	c.slli	zero,0x1c
 57e:	62646c6f          	jal	s8,46ba4 <__heap_size+0x26ba4>
 582:	6b72                	ld	s6,280(sp)
 584:	6e00                	ld	s0,24(a2)
 586:	7765                	lui	a4,0xffff9
 588:	7262                	ld	tp,56(sp)
 58a:	7468006b          	.insn	4, 0x7468006b
 58e:	6669                	lui	a2,0x1a
 590:	735f 7379 6163      	.insn	6, 0x61637379735f
 596:	6c6c                	ld	a1,216(s0)
 598:	5f00                	lw	s0,56(a4)
 59a:	755f 6e69 7074      	.insn	6, 0x70746e69755f
 5a0:	7274                	ld	a3,224(a2)
 5a2:	745f 5f00 7277      	.insn	6, 0x72775f00745f
 5a8:	7469                	lui	s0,0xffffa
 5aa:	0065                	c.nop	25
 5ac:	2e2e                	fld	ft8,200(sp)
 5ae:	73696d2f          	.insn	4, 0x73696d2f
 5b2:	72632f63          	.insn	4, 0x72632f63
 5b6:	3074                	fld	fa3,224(s0)
 5b8:	532e                	lw	t1,232(sp)
 5ba:	2f00                	fld	fs0,24(a4)
 5bc:	6f68                	ld	a0,216(a4)
 5be:	656d                	lui	a0,0x1b
 5c0:	6b6a682f          	.insn	4, 0x6b6a682f
 5c4:	2f6e6f77          	.insn	4, 0x2f6e6f77
 5c8:	70696863          	bltu	s2,t1,cd8 <__stack_align+0xcc8>
 5cc:	6179                	addi	sp,sp,464
 5ce:	6472                	ld	s0,280(sp)
 5d0:	6f6f742f          	.insn	4, 0x6f6f742f
 5d4:	636c                	ld	a1,192(a4)
 5d6:	6168                	ld	a0,192(a0)
 5d8:	6e69                	lui	t3,0x1a
 5da:	696c2f73          	csrrs	t5,0x696,s8
 5de:	6762                	ld	a4,24(sp)
 5e0:	6f6c                	ld	a1,216(a4)
 5e2:	622f7373          	csrrci	t1,0x622,30
 5e6:	6975                	lui	s2,0x1d
 5e8:	646c                	ld	a1,200(s0)
 5ea:	4700                	lw	s0,8(a4)
 5ec:	554e                	lw	a0,240(sp)
 5ee:	4120                	lw	s0,64(a0)
 5f0:	2e322053          	.insn	4, 0x2e322053
 5f4:	3234                	fld	fa3,96(a2)
 5f6:	2e00                	fld	fs0,24(a2)
 5f8:	2f2e                	fld	ft10,200(sp)
 5fa:	696d                	lui	s2,0x1b
 5fc:	632f6373          	csrrsi	t1,0x632,30
 600:	7472                	ld	s0,312(sp)
 602:	616d                	addi	sp,sp,240
 604:	6e69                	lui	t3,0x1a
 606:	532e                	lw	t1,232(sp)
 608:	6800                	ld	s0,16(s0)
 60a:	6e61                	lui	t3,0x18
 60c:	6c64                	ld	s1,216(s0)
 60e:	5f65                	li	t5,-7
 610:	7274                	ld	a3,224(a2)
 612:	7061                	c.lui	zero,0xffff8
 614:	6300                	ld	s0,0(a4)
 616:	7561                	lui	a0,0xffff8
 618:	5f006573          	csrrsi	a0,0x5f0,0
 61c:	695f 746e 7470      	.insn	6, 0x7470746e695f
 622:	5f72                	lw	t5,60(sp)
 624:	0074                	addi	a3,sp,12
 626:	6572                	ld	a0,280(sp)
 628:	74007367          	.insn	4, 0x74007367
 62c:	6176                	ld	sp,344(sp)
 62e:	006c                	addi	a1,sp,12
 630:	5f5f 6e69 7469      	.insn	6, 0x74696e695f5f
 636:	745f 736c 5f00      	.insn	6, 0x5f00736c745f
 63c:	745f 6164 6174      	.insn	6, 0x61746164745f
 642:	735f 7a69 0065      	.insn	6, 0x00657a69735f
 648:	5f5f 6274 7373      	.insn	6, 0x737362745f5f
 64e:	6f5f 6666 6573      	.insn	6, 0x657366666f5f
 654:	0074                	addi	a3,sp,12
 656:	5f5f 6874 6572      	.insn	6, 0x657268745f5f
 65c:	6461                	lui	s0,0x18
 65e:	735f 6c65 0066      	.insn	6, 0x00666c65735f
 664:	5f5f 6274 7373      	.insn	6, 0x737362745f5f
 66a:	735f 7a69 0065      	.insn	6, 0x00657a69735f
 670:	656d                	lui	a0,0x1b
 672:	636d                	lui	t1,0x1b
 674:	7970                	ld	a2,240(a0)
 676:	5f00                	lw	s0,56(a4)
 678:	745f 6164 6174      	.insn	6, 0x61746164745f
 67e:	735f 6174 7472      	.insn	6, 0x74726174735f
 684:	6d00                	ld	s0,24(a0)
 686:	6d65                	lui	s10,0x19
 688:	00746573          	csrrsi	a0,0x7,8
 68c:	5f5f 616d 6e69      	.insn	6, 0x6e69616d5f5f
 692:	7300                	ld	s0,32(a4)
 694:	6970                	ld	a2,208(a0)
 696:	6c6e                	ld	s8,216(sp)
 698:	5f6b636f          	jal	t1,b6c8e <__heap_size+0x96c8e>
 69c:	0074                	addi	a3,sp,12
 69e:	5f5f 6e69 3374      	.insn	6, 0x33746e695f5f
 6a4:	5f32                	lw	t5,44(sp)
 6a6:	0074                	addi	a3,sp,12
 6a8:	7468                	ld	a0,232(s0)
 6aa:	6669                	lui	a2,0x1a
 6ac:	6c5f 636f 006b      	.insn	6, 0x006b636f6c5f
 6b2:	7461                	lui	s0,0xffff8
 6b4:	63696d6f          	jal	s10,96cea <__heap_size+0x76cea>
 6b8:	735f 6177 5f70      	.insn	6, 0x5f706177735f
 6be:	6361                	lui	t1,0x18
 6c0:	7571                	lui	a0,0xffffc
 6c2:	7269                	lui	tp,0xffffa
 6c4:	0065                	c.nop	25
 6c6:	7461                	lui	s0,0xffff8
 6c8:	63696d6f          	jal	s10,96cfe <__heap_size+0x76cfe>
 6cc:	745f 6100 6f74      	.insn	6, 0x6f746100745f
 6d2:	696d                	lui	s2,0x1b
 6d4:	6f6c5f63          	bge	s8,s6,dd2 <__stack_align+0xdc2>
 6d8:	6461                	lui	s0,0x18
 6da:	7300                	ld	s0,32(a4)
 6dc:	6970                	ld	a2,208(a0)
 6de:	5f6e                	lw	t5,248(sp)
 6e0:	6f6c                	ld	a1,216(a4)
 6e2:	73006b63          	bltu	zero,a6,e18 <__stack_align+0xe08>
 6e6:	6970                	ld	a2,208(a0)
 6e8:	5f6e                	lw	t5,248(sp)
 6ea:	6e75                	lui	t3,0x1d
 6ec:	6f6c                	ld	a1,216(a4)
 6ee:	61006b63          	bltu	zero,a6,d04 <__stack_align+0xcf4>
 6f2:	6f74                	ld	a3,216(a4)
 6f4:	696d                	lui	s2,0x1b
 6f6:	6c635f63          	bge	t1,t1,dd4 <__stack_align+0xdc4>
 6fa:	6165                	addi	sp,sp,112
 6fc:	5f72                	lw	t5,60(sp)
 6fe:	6572                	ld	a0,280(sp)
 700:	656c                	ld	a1,200(a0)
 702:	7361                	lui	t1,0xffff8
 704:	0065                	c.nop	25

Disassembly of section .debug_line_str:

0000000000000000 <.debug_line_str>:
   0:	6d6f682f          	.insn	4, 0x6d6f682f
   4:	2f65                	addiw	t5,t5,25 # 1b019 <__stack_size+0x13019>
   6:	6a68                	ld	a0,208(a2)
   8:	6e6f776b          	.insn	4, 0x6e6f776b
   c:	6968632f          	.insn	4, 0x6968632f
  10:	7970                	ld	a2,240(a0)
  12:	7261                	lui	tp,0xffff8
  14:	2f64                	fld	fs1,216(a4)
  16:	656e6567          	.insn	4, 0x656e6567
  1a:	6172                	ld	sp,280(sp)
  1c:	6f74                	ld	a3,216(a4)
  1e:	7372                	ld	t1,312(sp)
  20:	6c65762f          	.insn	4, 0x6c65762f
  24:	7361                	lui	t1,0xffff8
  26:	7461                	lui	s0,0xffff8
  28:	7275                	lui	tp,0xffffd
  2a:	2f6e                	fld	ft10,216(sp)
  2c:	74666f73          	csrrsi	t5,0x746,12
  30:	65726177          	.insn	4, 0x65726177
  34:	6975622f          	.insn	4, 0x6975622f
  38:	646c                	ld	a1,200(s0)
  3a:	2f00                	fld	fs0,24(a4)
  3c:	6f68                	ld	a0,216(a4)
  3e:	656d                	lui	a0,0x1b
  40:	6b6a682f          	.insn	4, 0x6b6a682f
  44:	2f6e6f77          	.insn	4, 0x2f6e6f77
  48:	70696863          	bltu	s2,t1,758 <__stack_align+0x748>
  4c:	6179                	addi	sp,sp,464
  4e:	6472                	ld	s0,280(sp)
  50:	6e65672f          	.insn	4, 0x6e65672f
  54:	7265                	lui	tp,0xffff9
  56:	7461                	lui	s0,0xffff8
  58:	2f73726f          	jal	tp,37b4e <__heap_size+0x17b4e>
  5c:	6576                	ld	a0,344(sp)
  5e:	616c                	ld	a1,192(a0)
  60:	75746173          	csrrsi	sp,0x757,8
  64:	6e72                	ld	t3,280(sp)
  66:	666f732f          	.insn	4, 0x666f732f
  6a:	7774                	ld	a3,232(a4)
  6c:	7261                	lui	tp,0xffff8
  6e:	2f65                	addiw	t5,t5,25
  70:	6970                	ld	a2,208(a0)
  72:	5f64                	lw	s1,124(a4)
  74:	6c616373          	csrrsi	t1,0x6c6,2
  78:	7261                	lui	tp,0xffff8
  7a:	665f 6f6c 7461      	.insn	6, 0x74616f6c665f
  80:	6f5f 7470 6d69      	.insn	6, 0x6d6974706f5f
  86:	7a69                	lui	s4,0xffffa
  88:	6465                	lui	s0,0x19
  8a:	632e                	ld	t1,200(sp)
  8c:	2f00                	fld	fs0,24(a4)
  8e:	6f68                	ld	a0,216(a4)
  90:	656d                	lui	a0,0x1b
  92:	6b6a682f          	.insn	4, 0x6b6a682f
  96:	2f6e6f77          	.insn	4, 0x2f6e6f77
  9a:	70696863          	bltu	s2,t1,7aa <__stack_align+0x79a>
  9e:	6179                	addi	sp,sp,464
  a0:	6472                	ld	s0,280(sp)
  a2:	6e65672f          	.insn	4, 0x6e65672f
  a6:	7265                	lui	tp,0xffff9
  a8:	7461                	lui	s0,0xffff8
  aa:	2f73726f          	jal	tp,37ba0 <__heap_size+0x17ba0>
  ae:	6576                	ld	a0,344(sp)
  b0:	616c                	ld	a1,192(a0)
  b2:	75746173          	csrrsi	sp,0x757,8
  b6:	6e72                	ld	t3,280(sp)
  b8:	666f732f          	.insn	4, 0x666f732f
  bc:	7774                	ld	a3,232(a4)
  be:	7261                	lui	tp,0xffff8
  c0:	0065                	c.nop	25
  c2:	6d6f682f          	.insn	4, 0x6d6f682f
  c6:	2f65                	addiw	t5,t5,25
  c8:	6a68                	ld	a0,208(a2)
  ca:	6e6f776b          	.insn	4, 0x6e6f776b
  ce:	6968632f          	.insn	4, 0x6968632f
  d2:	7970                	ld	a2,240(a0)
  d4:	7261                	lui	tp,0xffff8
  d6:	2f64                	fld	fs1,216(a4)
  d8:	632e                	ld	t1,200(sp)
  da:	61646e6f          	jal	t3,466f0 <__heap_size+0x266f0>
  de:	652d                	lui	a0,0xb
  e0:	766e                	ld	a2,248(sp)
  e2:	7369722f          	.insn	4, 0x7369722f
  e6:	742d7663          	bgeu	s10,sp,832 <__stack_align+0x822>
  ea:	736c6f6f          	jal	t5,c6820 <__heap_size+0xa6820>
  ee:	7369722f          	.insn	4, 0x7369722f
  f2:	34367663          	bgeu	a2,gp,43e <__stack_align+0x42e>
  f6:	752d                	lui	a0,0xfffeb
  f8:	6b6e                	ld	s6,216(sp)
  fa:	6f6e                	ld	t5,216(sp)
  fc:	652d6e77          	.insn	4, 0x652d6e77
 100:	666c                	ld	a1,200(a2)
 102:	636e692f          	.insn	4, 0x636e692f
 106:	756c                	ld	a1,232(a0)
 108:	6564                	ld	s1,200(a0)
 10a:	7300                	ld	s0,32(a4)
 10c:	6474                	ld	a3,200(s0)
 10e:	6f69                	lui	t5,0x1a
 110:	682e                	ld	a6,200(sp)
 112:	2e00                	fld	fs0,24(a2)
 114:	2f2e                	fld	ft10,200(sp)
 116:	2e2e                	fld	ft8,200(sp)
 118:	2f2e2e2f          	.insn	4, 0x2f2e2e2f
 11c:	2e2e                	fld	ft8,200(sp)
 11e:	6363672f          	.insn	4, 0x6363672f
 122:	62696c2f          	.insn	4, 0x62696c2f
 126:	2f636367          	.insn	4, 0x2f636367
 12a:	74666f73          	csrrsi	t5,0x746,12
 12e:	662d                	lui	a2,0xb
 130:	2f70                	fld	fa2,216(a4)
 132:	7274                	ld	a3,224(a2)
 134:	6e75                	lui	t3,0x1d
 136:	64667463          	bgeu	a2,t1,77e <__stack_align+0x76e>
 13a:	3266                	fld	ft4,120(sp)
 13c:	632e                	ld	t1,200(sp)
 13e:	2f00                	fld	fs0,24(a4)
 140:	6f68                	ld	a0,216(a4)
 142:	656d                	lui	a0,0x1b
 144:	6e6f632f          	.insn	4, 0x6e6f632f
 148:	6164                	ld	s1,192(a0)
 14a:	6565662f          	.insn	4, 0x6565662f
 14e:	7364                	ld	s1,224(a4)
 150:	6f74                	ld	a3,216(a4)
 152:	725f6b63          	bltu	t5,t0,888 <__stack_align+0x878>
 156:	2f746f6f          	jal	t5,46c4c <__heap_size+0x26c4c>
 15a:	7562                	ld	a0,56(sp)
 15c:	6c69                	lui	s8,0x1a
 15e:	5f64                	lw	s1,124(a4)
 160:	7261                	lui	tp,0xffff8
 162:	6974                	ld	a3,208(a0)
 164:	6166                	ld	sp,88(sp)
 166:	2f737463          	bgeu	t1,s7,44e <__stack_align+0x43e>
 16a:	6972                	ld	s2,280(sp)
 16c:	2d766373          	csrrsi	t1,0x2d7,12
 170:	6f74                	ld	a3,216(a4)
 172:	5f736c6f          	jal	s8,36f68 <__heap_size+0x16f68>
 176:	3731                	addiw	a4,a4,-20 # ffffffffffff8fec <__heap_end+0xffffffff7ffd3fec>
 178:	3031                	.insn	2, 0x3031
 17a:	3931                	addiw	s2,s2,-20 # 1afec <__stack_size+0x12fec>
 17c:	3634                	fld	fa3,104(a2)
 17e:	3832                	fld	fa6,296(sp)
 180:	2f363637          	lui	a2,0x2f363
 184:	6b726f77          	.insn	4, 0x6b726f77
 188:	7369722f          	.insn	4, 0x7369722f
 18c:	672d7663          	bgeu	s10,s2,7f8 <__stack_align+0x7e8>
 190:	756e                	ld	a0,248(sp)
 192:	742d                	lui	s0,0xfffeb
 194:	636c6f6f          	jal	t5,c67ca <__heap_size+0xa67ca>
 198:	6168                	ld	a0,192(a0)
 19a:	6e69                	lui	t3,0x1a
 19c:	6975622f          	.insn	4, 0x6975622f
 1a0:	646c                	ld	a1,200(s0)
 1a2:	6975622f          	.insn	4, 0x6975622f
 1a6:	646c                	ld	a1,200(s0)
 1a8:	672d                	lui	a4,0xb
 1aa:	6e2d6363          	bltu	s10,sp,890 <__stack_align+0x880>
 1ae:	7765                	lui	a4,0xffff9
 1b0:	696c                	ld	a1,208(a0)
 1b2:	2d62                	fld	fs10,24(sp)
 1b4:	67617473          	csrrci	s0,0x676,2
 1b8:	3265                	addiw	tp,tp,-7 # ffffffffffff7ff9 <__heap_end+0xffffffff7ffd2ff9>
 1ba:	7369722f          	.insn	4, 0x7369722f
 1be:	34367663          	bgeu	a2,gp,50a <__stack_align+0x4fa>
 1c2:	752d                	lui	a0,0xfffeb
 1c4:	6b6e                	ld	s6,216(sp)
 1c6:	6f6e                	ld	t5,216(sp)
 1c8:	652d6e77          	.insn	4, 0x652d6e77
 1cc:	666c                	ld	a1,200(a2)
 1ce:	62696c2f          	.insn	4, 0x62696c2f
 1d2:	00636367          	.insn	4, 0x00636367
 1d6:	2e2e                	fld	ft8,200(sp)
 1d8:	2f2e2e2f          	.insn	4, 0x2f2e2e2f
 1dc:	2e2e                	fld	ft8,200(sp)
 1de:	2f2e2e2f          	.insn	4, 0x2f2e2e2f
 1e2:	2f636367          	.insn	4, 0x2f636367
 1e6:	696c                	ld	a1,208(a0)
 1e8:	6762                	ld	a4,24(sp)
 1ea:	732f6363          	bltu	t5,s2,910 <__stack_align+0x900>
 1ee:	2d74666f          	jal	a2,46cc4 <__heap_size+0x26cc4>
 1f2:	7066                	.insn	2, 0x7066
 1f4:	6400                	ld	s0,8(s0)
 1f6:	6c62756f          	jal	a0,278bc <__heap_size+0x78bc>
 1fa:	2e65                	addiw	t3,t3,25 # 1a019 <__stack_size+0x12019>
 1fc:	0068                	addi	a0,sp,12
 1fe:	7571                	lui	a0,0xffffc
 200:	6461                	lui	s0,0x18
 202:	682e                	ld	a6,200(sp)
 204:	2f00                	fld	fs0,24(a4)
 206:	6f68                	ld	a0,216(a4)
 208:	656d                	lui	a0,0x1b
 20a:	6b6a682f          	.insn	4, 0x6b6a682f
 20e:	2f6e6f77          	.insn	4, 0x2f6e6f77
 212:	70696863          	bltu	s2,t1,922 <__stack_align+0x912>
 216:	6179                	addi	sp,sp,464
 218:	6472                	ld	s0,280(sp)
 21a:	6f6f742f          	.insn	4, 0x6f6f742f
 21e:	636c                	ld	a1,192(a4)
 220:	6168                	ld	a0,192(a0)
 222:	6e69                	lui	t3,0x1a
 224:	696c2f73          	csrrs	t5,0x696,s8
 228:	6762                	ld	a4,24(sp)
 22a:	6f6c                	ld	a1,216(a4)
 22c:	622f7373          	csrrci	t1,0x622,30
 230:	6975                	lui	s2,0x1d
 232:	646c                	ld	a1,200(s0)
 234:	2e00                	fld	fs0,24(a2)
 236:	2f2e                	fld	ft10,200(sp)
 238:	2f737973          	csrrci	s2,0x2f7,6
 23c:	736f6c63          	bltu	t5,s6,974 <__stack_align+0x964>
 240:	2e65                	addiw	t3,t3,25 # 1a019 <__stack_size+0x12019>
 242:	2e2e0063          	beq	t3,sp,522 <__stack_align+0x512>
 246:	7379732f          	.insn	4, 0x7379732f
 24a:	2f00                	fld	fs0,24(a4)
 24c:	6f68                	ld	a0,216(a4)
 24e:	656d                	lui	a0,0x1b
 250:	6b6a682f          	.insn	4, 0x6b6a682f
 254:	2f6e6f77          	.insn	4, 0x2f6e6f77
 258:	70696863          	bltu	s2,t1,968 <__stack_align+0x958>
 25c:	6179                	addi	sp,sp,464
 25e:	6472                	ld	s0,280(sp)
 260:	6f632e2f          	.insn	4, 0x6f632e2f
 264:	646e                	ld	s0,216(sp)
 266:	2d61                	addiw	s10,s10,24 # 19018 <__stack_size+0x11018>
 268:	6e65                	lui	t3,0x19
 26a:	2f76                	fld	ft10,344(sp)
 26c:	6972                	ld	s2,280(sp)
 26e:	2d766373          	csrrsi	t1,0x2d7,12
 272:	6f74                	ld	a3,216(a4)
 274:	2f736c6f          	jal	s8,36d6a <__heap_size+0x16d6a>
 278:	6972                	ld	s2,280(sp)
 27a:	36766373          	csrrsi	t1,0x367,12
 27e:	2d34                	fld	fa3,88(a0)
 280:	6e75                	lui	t3,0x1d
 282:	776f6e6b          	.insn	4, 0x776f6e6b
 286:	2d6e                	fld	fs10,216(sp)
 288:	6c65                	lui	s8,0x19
 28a:	2f66                	fld	ft10,88(sp)
 28c:	6e69                	lui	t3,0x1a
 28e:	64756c63          	bltu	a0,t2,8e6 <__stack_align+0x8d6>
 292:	2f65                	addiw	t5,t5,25 # 1a019 <__stack_size+0x12019>
 294:	00737973          	csrrci	s2,0x7,6
 298:	7265                	lui	tp,0xffff9
 29a:	6e72                	ld	t3,280(sp)
 29c:	00682e6f          	jal	t3,822a2 <__heap_size+0x622a2>
 2a0:	2e2e                	fld	ft8,200(sp)
 2a2:	7379732f          	.insn	4, 0x7379732f
 2a6:	6978652f          	.insn	4, 0x6978652f
 2aa:	2e74                	fld	fa3,216(a2)
 2ac:	682f0063          	beq	t5,sp,92c <__stack_align+0x91c>
 2b0:	2f656d6f          	jal	s10,565a6 <__heap_size+0x365a6>
 2b4:	6a68                	ld	a0,208(a2)
 2b6:	6e6f776b          	.insn	4, 0x6e6f776b
 2ba:	6968632f          	.insn	4, 0x6968632f
 2be:	7970                	ld	a2,240(a0)
 2c0:	7261                	lui	tp,0xffff8
 2c2:	2f64                	fld	fs1,216(a4)
 2c4:	632e                	ld	t1,200(sp)
 2c6:	61646e6f          	jal	t3,468dc <__heap_size+0x268dc>
 2ca:	652d                	lui	a0,0xb
 2cc:	766e                	ld	a2,248(sp)
 2ce:	7369722f          	.insn	4, 0x7369722f
 2d2:	742d7663          	bgeu	s10,sp,a1e <__stack_align+0xa0e>
 2d6:	736c6f6f          	jal	t5,c6a0c <__heap_size+0xa6a0c>
 2da:	7369722f          	.insn	4, 0x7369722f
 2de:	34367663          	bgeu	a2,gp,62a <__stack_align+0x61a>
 2e2:	752d                	lui	a0,0xfffeb
 2e4:	6b6e                	ld	s6,216(sp)
 2e6:	6f6e                	ld	t5,216(sp)
 2e8:	652d6e77          	.insn	4, 0x652d6e77
 2ec:	666c                	ld	a1,200(a2)
 2ee:	636e692f          	.insn	4, 0x636e692f
 2f2:	756c                	ld	a1,232(a0)
 2f4:	6564                	ld	s1,200(a0)
 2f6:	63616d2f          	.insn	4, 0x63616d2f
 2fa:	6968                	ld	a0,208(a0)
 2fc:	656e                	ld	a0,216(sp)
 2fe:	2e00                	fld	fs0,24(a2)
 300:	2f2e                	fld	ft10,200(sp)
 302:	6e69                	lui	t3,0x1a
 304:	64756c63          	bltu	a0,t2,95c <__stack_align+0x94c>
 308:	0065                	c.nop	25
 30a:	645f 6665 7561      	.insn	6, 0x75616665645f
 310:	746c                	ld	a1,232(s0)
 312:	745f 7079 7365      	.insn	6, 0x73657079745f
 318:	682e                	ld	a6,200(sp)
 31a:	5f00                	lw	s0,56(a4)
 31c:	69647473          	csrrci	s0,0x696,8
 320:	746e                	ld	s0,248(sp)
 322:	682e                	ld	a6,200(sp)
 324:	6800                	ld	s0,16(s0)
 326:	6974                	ld	a3,208(a0)
 328:	2e66                	fld	ft8,88(sp)
 32a:	0068                	addi	a0,sp,12
 32c:	2e2e                	fld	ft8,200(sp)
 32e:	7379732f          	.insn	4, 0x7379732f
 332:	7473662f          	.insn	4, 0x7473662f
 336:	7461                	lui	s0,0xffff8
 338:	632e                	ld	t1,200(sp)
 33a:	5f00                	lw	s0,56(a4)
 33c:	6974                	ld	a3,208(a0)
 33e:	656d                	lui	a0,0x1b
 340:	63657073          	csrci	0x636,10
 344:	682e                	ld	a6,200(sp)
 346:	7300                	ld	s0,32(a4)
 348:	6174                	ld	a3,192(a0)
 34a:	2e74                	fld	fa3,216(a2)
 34c:	0068                	addi	a0,sp,12
 34e:	2e2e                	fld	ft8,200(sp)
 350:	7379732f          	.insn	4, 0x7379732f
 354:	7465672f          	.insn	4, 0x7465672f
 358:	6970                	ld	a2,208(a0)
 35a:	2e64                	fld	fs1,216(a2)
 35c:	2e2e0063          	beq	t3,sp,63c <__stack_align+0x62c>
 360:	7379732f          	.insn	4, 0x7379732f
 364:	6173692f          	.insn	4, 0x6173692f
 368:	7474                	ld	a3,232(s0)
 36a:	2e79                	addiw	t3,t3,30 # 1a01e <__stack_size+0x1201e>
 36c:	2e2e0063          	beq	t3,sp,64c <__stack_align+0x63c>
 370:	7379732f          	.insn	4, 0x7379732f
 374:	6c696b2f          	.insn	4, 0x6c696b2f
 378:	2e6c                	fld	fa1,216(a2)
 37a:	2e2e0063          	beq	t3,sp,65a <__stack_align+0x64a>
 37e:	7379732f          	.insn	4, 0x7379732f
 382:	65736c2f          	.insn	4, 0x65736c2f
 386:	6b65                	lui	s6,0x19
 388:	632e                	ld	t1,200(sp)
 38a:	2e00                	fld	fs0,24(a2)
 38c:	2f2e                	fld	ft10,200(sp)
 38e:	2f737973          	csrrci	s2,0x2f7,6
 392:	6572                	ld	a0,280(sp)
 394:	6461                	lui	s0,0x18
 396:	632e                	ld	t1,200(sp)
 398:	2f00                	fld	fs0,24(a4)
 39a:	6f68                	ld	a0,216(a4)
 39c:	656d                	lui	a0,0x1b
 39e:	6b6a682f          	.insn	4, 0x6b6a682f
 3a2:	2f6e6f77          	.insn	4, 0x2f6e6f77
 3a6:	70696863          	bltu	s2,t1,ab6 <__stack_align+0xaa6>
 3aa:	6179                	addi	sp,sp,464
 3ac:	6472                	ld	s0,280(sp)
 3ae:	6f632e2f          	.insn	4, 0x6f632e2f
 3b2:	646e                	ld	s0,216(sp)
 3b4:	2d61                	addiw	s10,s10,24
 3b6:	6e65                	lui	t3,0x19
 3b8:	2f76                	fld	ft10,344(sp)
 3ba:	6972                	ld	s2,280(sp)
 3bc:	2d766373          	csrrsi	t1,0x2d7,12
 3c0:	6f74                	ld	a3,216(a4)
 3c2:	2f736c6f          	jal	s8,36eb8 <__heap_size+0x16eb8>
 3c6:	696c                	ld	a1,208(a0)
 3c8:	2f62                	fld	ft10,24(sp)
 3ca:	2f636367          	.insn	4, 0x2f636367
 3ce:	6972                	ld	s2,280(sp)
 3d0:	36766373          	csrrsi	t1,0x367,12
 3d4:	2d34                	fld	fa3,88(a0)
 3d6:	6e75                	lui	t3,0x1d
 3d8:	776f6e6b          	.insn	4, 0x776f6e6b
 3dc:	2d6e                	fld	fs10,216(sp)
 3de:	6c65                	lui	s8,0x19
 3e0:	2f66                	fld	ft10,88(sp)
 3e2:	3331                	addiw	t1,t1,-20 # ffffffffffff7fec <__heap_end+0xffffffff7ffd2fec>
 3e4:	322e                	fld	ft4,232(sp)
 3e6:	302e                	fld	ft0,232(sp)
 3e8:	636e692f          	.insn	4, 0x636e692f
 3ec:	756c                	ld	a1,232(a0)
 3ee:	6564                	ld	s1,200(a0)
 3f0:	7300                	ld	s0,32(a4)
 3f2:	6474                	ld	a3,200(s0)
 3f4:	6564                	ld	s1,200(a0)
 3f6:	2e66                	fld	ft8,88(sp)
 3f8:	0068                	addi	a0,sp,12
 3fa:	2e2e                	fld	ft8,200(sp)
 3fc:	7379732f          	.insn	4, 0x7379732f
 400:	7262732f          	.insn	4, 0x7262732f
 404:	00632e6b          	.insn	4, 0x00632e6b
 408:	2e2e                	fld	ft8,200(sp)
 40a:	7379732f          	.insn	4, 0x7379732f
 40e:	6972772f          	.insn	4, 0x6972772f
 412:	6574                	ld	a3,200(a0)
 414:	632e                	ld	t1,200(sp)
 416:	2e00                	fld	fs0,24(a2)
 418:	2f2e                	fld	ft10,200(sp)
 41a:	696d                	lui	s2,0x1b
 41c:	63006373          	csrrsi	t1,0x630,0
 420:	7472                	ld	s0,312(sp)
 422:	2e30                	fld	fa2,88(a2)
 424:	72630053          	.insn	4, 0x72630053
 428:	6d74                	ld	a3,216(a0)
 42a:	6961                	lui	s2,0x18
 42c:	2e6e                	fld	ft8,216(sp)
 42e:	2e2e0053          	.insn	4, 0x2e2e0053
 432:	73696d2f          	.insn	4, 0x73696d2f
 436:	72742f63          	.insn	4, 0x72742f63
 43a:	7061                	c.lui	zero,0xffff8
 43c:	00632e73          	csrrs	t3,0x6,t1
 440:	63737973          	csrrci	s2,0x637,6
 444:	6c61                	lui	s8,0x18
 446:	2e6c                	fld	fa1,216(a2)
 448:	0068                	addi	a0,sp,12
 44a:	2e2e                	fld	ft8,200(sp)
 44c:	73696d2f          	.insn	4, 0x73696d2f
 450:	6c742f63          	.insn	4, 0x6c742f63
 454:	00632e73          	csrrs	t3,0x6,t1
 458:	69727473          	csrrci	s0,0x697,4
 45c:	676e                	ld	a4,216(sp)
 45e:	682e                	ld	a6,200(sp)
 460:	2e00                	fld	fs0,24(a2)
 462:	2f2e                	fld	ft10,200(sp)
 464:	696d                	lui	s2,0x1b
 466:	6d2f6373          	csrrsi	t1,0x6d2,30
 46a:	6961                	lui	s2,0x18
 46c:	2e6e                	fld	ft8,216(sp)
 46e:	2e2e0063          	beq	t3,sp,74e <__stack_align+0x73e>
 472:	73696d2f          	.insn	4, 0x73696d2f
 476:	74682f63          	.insn	4, 0x74682f63
 47a:	6669                	lui	a2,0x1a
 47c:	632e                	ld	t1,200(sp)
 47e:	6100                	ld	s0,0(a0)
 480:	6f74                	ld	a3,216(a4)
 482:	696d                	lui	s2,0x1b
 484:	00682e63          	.insn	4, 0x00682e63
 488:	6e697073          	csrci	0x6e6,18
 48c:	6f6c                	ld	a1,216(a4)
 48e:	682e6b63          	bltu	t3,sp,b24 <__stack_align+0xb14>
	...

Disassembly of section .comment:

0000000000000000 <.comment>:
   0:	3a434347          	fmsub.d	ft6,ft6,ft4,ft7,rmm
   4:	2820                	fld	fs0,80(s0)
   6:	39386367          	.insn	4, 0x39386367
   a:	6431                	lui	s0,0xc
   c:	6438                	ld	a4,72(s0)
   e:	65333263          	.insn	4, 0x65333263
  12:	2029                	.insn	2, 0x2029
  14:	3331                	addiw	t1,t1,-20
  16:	322e                	fld	ft4,232(sp)
  18:	302e                	fld	ft0,232(sp)
  1a:	4700                	lw	s0,8(a4)
  1c:	203a4343          	fmadd.s	ft6,fs4,ft3,ft4,rmm
  20:	4728                	lw	a0,72(a4)
  22:	554e                	lw	a0,240(sp)
  24:	2029                	.insn	2, 0x2029
  26:	3331                	addiw	t1,t1,-20
  28:	322e                	fld	ft4,232(sp)
  2a:	302e                	fld	ft0,232(sp)
	...

Disassembly of section .riscv.attributes:

0000000000000000 <.riscv.attributes>:
   0:	a041                	j	80 <__stack_align+0x70>
   2:	0000                	unimp
   4:	7200                	ld	s0,32(a2)
   6:	7369                	lui	t1,0xffffa
   8:	01007663          	bgeu	zero,a6,14 <__stack_align+0x4>
   c:	0096                	slli	ra,ra,0x5
   e:	0000                	unimp
  10:	1004                	addi	s1,sp,32
  12:	7205                	lui	tp,0xfffe1
  14:	3676                	fld	fa2,376(sp)
  16:	6934                	ld	a3,80(a0)
  18:	7032                	.insn	2, 0x7032
  1a:	5f31                	li	t5,-20
  1c:	326d                	addiw	tp,tp,-5 # fffffffffffe0ffb <__heap_end+0xffffffff7ffbbffb>
  1e:	3070                	fld	fa2,224(s0)
  20:	615f 7032 5f31      	.insn	6, 0x5f317032615f
  26:	3266                	fld	ft4,120(sp)
  28:	3270                	fld	fa2,224(a2)
  2a:	645f 7032 5f32      	.insn	6, 0x5f327032645f
  30:	30703263          	.insn	4, 0x30703263
  34:	765f 7031 5f30      	.insn	6, 0x5f307031765f
  3a:	697a                	ld	s2,408(sp)
  3c:	32727363          	bgeu	tp,t2,362 <__stack_align+0x352>
  40:	3070                	fld	fa2,224(s0)
  42:	7a5f 6d6d 6c75      	.insn	6, 0x6c756d6d7a5f
  48:	7031                	c.lui	zero,0xfffec
  4a:	5f30                	lw	a2,120(a4)
  4c:	767a                	ld	a2,440(sp)
  4e:	3365                	addiw	t1,t1,-7 # ffffffffffff9ff9 <__heap_end+0xffffffff7ffd4ff9>
  50:	6632                	ld	a2,264(sp)
  52:	7031                	c.lui	zero,0xfffec
  54:	5f30                	lw	a2,120(a4)
  56:	767a                	ld	a2,440(sp)
  58:	3365                	addiw	t1,t1,-7
  5a:	7832                	ld	a6,296(sp)
  5c:	7031                	c.lui	zero,0xfffec
  5e:	5f30                	lw	a2,120(a4)
  60:	767a                	ld	a2,440(sp)
  62:	3665                	addiw	a2,a2,-7 # 19ff9 <__stack_size+0x11ff9>
  64:	6434                	ld	a3,72(s0)
  66:	7031                	c.lui	zero,0xfffec
  68:	5f30                	lw	a2,120(a4)
  6a:	767a                	ld	a2,440(sp)
  6c:	3665                	addiw	a2,a2,-7
  6e:	6634                	ld	a3,72(a2)
  70:	7031                	c.lui	zero,0xfffec
  72:	5f30                	lw	a2,120(a4)
  74:	767a                	ld	a2,440(sp)
  76:	3665                	addiw	a2,a2,-7
  78:	7834                	ld	a3,112(s0)
  7a:	7031                	c.lui	zero,0xfffec
  7c:	5f30                	lw	a2,120(a4)
  7e:	767a                	ld	a2,440(sp)
  80:	316c                	fld	fa1,224(a0)
  82:	3832                	fld	fa6,296(sp)
  84:	3162                	fld	ft2,56(sp)
  86:	3070                	fld	fa2,224(s0)
  88:	7a5f 6c76 3233      	.insn	6, 0x32336c767a5f
  8e:	3162                	fld	ft2,56(sp)
  90:	3070                	fld	fa2,224(s0)
  92:	7a5f 6c76 3436      	.insn	6, 0x34366c767a5f
  98:	3162                	fld	ft2,56(sp)
  9a:	3070                	fld	fa2,224(s0)
  9c:	0800                	addi	s0,sp,16
  9e:	0a01                	addi	s4,s4,0 # ffffffffffffa000 <__heap_end+0xffffffff7ffd5000>
  a0:	Address 0xa0 is out of bounds.


Disassembly of section .debug_frame:

0000000000000000 <.debug_frame>:
   0:	000c                	.insn	2, 0x000c
   2:	0000                	unimp
   4:	ffff                	.insn	2, 0xffff
   6:	ffff                	.insn	2, 0xffff
   8:	7c010003          	lb	zero,1984(sp)
   c:	0d01                	addi	s10,s10,0
   e:	0002                	c.slli64	zero
  10:	0024                	addi	s1,sp,8
  12:	0000                	unimp
  14:	0000                	unimp
  16:	0000                	unimp
  18:	0230                	addi	a2,sp,264
  1a:	8000                	.insn	2, 0x8000
  1c:	0000                	unimp
  1e:	0000                	unimp
  20:	00e8                	addi	a0,sp,76
  22:	0000                	unimp
  24:	0000                	unimp
  26:	0000                	unimp
  28:	0e44                	addi	s1,sp,788
  2a:	0290                	addi	a2,sp,320
  2c:	8144                	.insn	2, 0x8144
  2e:	0202                	c.slli64	tp
  30:	c1d4                	sw	a3,4(a1)
  32:	0e48                	addi	a0,sp,788
  34:	0000                	unimp
  36:	0000                	unimp
  38:	000c                	.insn	2, 0x000c
  3a:	0000                	unimp
  3c:	ffff                	.insn	2, 0xffff
  3e:	ffff                	.insn	2, 0xffff
  40:	7c010003          	lb	zero,1984(sp)
  44:	0d01                	addi	s10,s10,0
  46:	0002                	c.slli64	zero
  48:	0014                	.insn	2, 0x0014
  4a:	0000                	unimp
  4c:	0038                	addi	a4,sp,8
  4e:	0000                	unimp
  50:	3b58                	fld	fa4,176(a4)
  52:	8000                	.insn	2, 0x8000
  54:	0000                	unimp
  56:	0000                	unimp
  58:	0220                	addi	s0,sp,264
  5a:	0000                	unimp
  5c:	0000                	unimp
  5e:	0000                	unimp
  60:	000c                	.insn	2, 0x000c
  62:	0000                	unimp
  64:	ffff                	.insn	2, 0xffff
  66:	ffff                	.insn	2, 0xffff
  68:	7c010003          	lb	zero,1984(sp)
  6c:	0d01                	addi	s10,s10,0
  6e:	0002                	c.slli64	zero
  70:	0024                	addi	s1,sp,8
  72:	0000                	unimp
  74:	0060                	addi	s0,sp,12
  76:	0000                	unimp
  78:	3d78                	fld	fa4,248(a0)
  7a:	8000                	.insn	2, 0x8000
  7c:	0000                	unimp
  7e:	0000                	unimp
  80:	0014                	.insn	2, 0x0014
  82:	0000                	unimp
  84:	0000                	unimp
  86:	0000                	unimp
  88:	0e42                	slli	t3,t3,0x10
  8a:	4210                	lw	a2,0(a2)
  8c:	0281                	addi	t0,t0,0
  8e:	c146                	sw	a7,128(sp)
  90:	0e48                	addi	a0,sp,788
  92:	0000                	unimp
  94:	0000                	unimp
  96:	0000                	unimp
  98:	000c                	.insn	2, 0x000c
  9a:	0000                	unimp
  9c:	ffff                	.insn	2, 0xffff
  9e:	ffff                	.insn	2, 0xffff
  a0:	7c010003          	lb	zero,1984(sp)
  a4:	0d01                	addi	s10,s10,0
  a6:	0002                	c.slli64	zero
  a8:	0014                	.insn	2, 0x0014
  aa:	0000                	unimp
  ac:	0098                	addi	a4,sp,64
  ae:	0000                	unimp
  b0:	3d8c                	fld	fa1,56(a1)
  b2:	8000                	.insn	2, 0x8000
  b4:	0000                	unimp
  b6:	0000                	unimp
  b8:	0022                	c.slli	zero,0x8
  ba:	0000                	unimp
  bc:	0000                	unimp
  be:	0000                	unimp
  c0:	000c                	.insn	2, 0x000c
  c2:	0000                	unimp
  c4:	ffff                	.insn	2, 0xffff
  c6:	ffff                	.insn	2, 0xffff
  c8:	7c010003          	lb	zero,1984(sp)
  cc:	0d01                	addi	s10,s10,0
  ce:	0002                	c.slli64	zero
  d0:	0024                	addi	s1,sp,8
  d2:	0000                	unimp
  d4:	00c0                	addi	s0,sp,68
  d6:	0000                	unimp
  d8:	3dae                	fld	fs11,232(sp)
  da:	8000                	.insn	2, 0x8000
  dc:	0000                	unimp
  de:	0000                	unimp
  e0:	0014                	.insn	2, 0x0014
  e2:	0000                	unimp
  e4:	0000                	unimp
  e6:	0000                	unimp
  e8:	0e42                	slli	t3,t3,0x10
  ea:	4210                	lw	a2,0(a2)
  ec:	0281                	addi	t0,t0,0
  ee:	c146                	sw	a7,128(sp)
  f0:	0e48                	addi	a0,sp,788
  f2:	0000                	unimp
  f4:	0000                	unimp
  f6:	0000                	unimp
  f8:	000c                	.insn	2, 0x000c
  fa:	0000                	unimp
  fc:	ffff                	.insn	2, 0xffff
  fe:	ffff                	.insn	2, 0xffff
 100:	7c010003          	lb	zero,1984(sp)
 104:	0d01                	addi	s10,s10,0
 106:	0002                	c.slli64	zero
 108:	0014                	.insn	2, 0x0014
 10a:	0000                	unimp
 10c:	00f8                	addi	a4,sp,76
 10e:	0000                	unimp
 110:	3dc2                	fld	fs11,48(sp)
 112:	8000                	.insn	2, 0x8000
 114:	0000                	unimp
 116:	0000                	unimp
 118:	0004                	.insn	2, 0x0004
 11a:	0000                	unimp
 11c:	0000                	unimp
 11e:	0000                	unimp
 120:	000c                	.insn	2, 0x000c
 122:	0000                	unimp
 124:	ffff                	.insn	2, 0xffff
 126:	ffff                	.insn	2, 0xffff
 128:	7c010003          	lb	zero,1984(sp)
 12c:	0d01                	addi	s10,s10,0
 12e:	0002                	c.slli64	zero
 130:	0014                	.insn	2, 0x0014
 132:	0000                	unimp
 134:	0120                	addi	s0,sp,136
 136:	0000                	unimp
 138:	3dc6                	fld	fs11,112(sp)
 13a:	8000                	.insn	2, 0x8000
 13c:	0000                	unimp
 13e:	0000                	unimp
 140:	0008                	.insn	2, 0x0008
 142:	0000                	unimp
 144:	0000                	unimp
 146:	0000                	unimp
 148:	000c                	.insn	2, 0x000c
 14a:	0000                	unimp
 14c:	ffff                	.insn	2, 0xffff
 14e:	ffff                	.insn	2, 0xffff
 150:	7c010003          	lb	zero,1984(sp)
 154:	0d01                	addi	s10,s10,0
 156:	0002                	c.slli64	zero
 158:	0024                	addi	s1,sp,8
 15a:	0000                	unimp
 15c:	0148                	addi	a0,sp,132
 15e:	0000                	unimp
 160:	3dce                	fld	fs11,240(sp)
 162:	8000                	.insn	2, 0x8000
 164:	0000                	unimp
 166:	0000                	unimp
 168:	0014                	.insn	2, 0x0014
 16a:	0000                	unimp
 16c:	0000                	unimp
 16e:	0000                	unimp
 170:	0e42                	slli	t3,t3,0x10
 172:	4210                	lw	a2,0(a2)
 174:	0281                	addi	t0,t0,0
 176:	c146                	sw	a7,128(sp)
 178:	0e48                	addi	a0,sp,788
 17a:	0000                	unimp
 17c:	0000                	unimp
 17e:	0000                	unimp
 180:	000c                	.insn	2, 0x000c
 182:	0000                	unimp
 184:	ffff                	.insn	2, 0xffff
 186:	ffff                	.insn	2, 0xffff
 188:	7c010003          	lb	zero,1984(sp)
 18c:	0d01                	addi	s10,s10,0
 18e:	0002                	c.slli64	zero
 190:	0024                	addi	s1,sp,8
 192:	0000                	unimp
 194:	0180                	addi	s0,sp,192
 196:	0000                	unimp
 198:	3de2                	fld	fs11,56(sp)
 19a:	8000                	.insn	2, 0x8000
 19c:	0000                	unimp
 19e:	0000                	unimp
 1a0:	0014                	.insn	2, 0x0014
 1a2:	0000                	unimp
 1a4:	0000                	unimp
 1a6:	0000                	unimp
 1a8:	0e42                	slli	t3,t3,0x10
 1aa:	4210                	lw	a2,0(a2)
 1ac:	0281                	addi	t0,t0,0
 1ae:	c146                	sw	a7,128(sp)
 1b0:	0e48                	addi	a0,sp,788
 1b2:	0000                	unimp
 1b4:	0000                	unimp
 1b6:	0000                	unimp
 1b8:	000c                	.insn	2, 0x000c
 1ba:	0000                	unimp
 1bc:	ffff                	.insn	2, 0xffff
 1be:	ffff                	.insn	2, 0xffff
 1c0:	7c010003          	lb	zero,1984(sp)
 1c4:	0d01                	addi	s10,s10,0
 1c6:	0002                	c.slli64	zero
 1c8:	0024                	addi	s1,sp,8
 1ca:	0000                	unimp
 1cc:	01b8                	addi	a4,sp,200
 1ce:	0000                	unimp
 1d0:	3df6                	fld	fs11,376(sp)
 1d2:	8000                	.insn	2, 0x8000
 1d4:	0000                	unimp
 1d6:	0000                	unimp
 1d8:	0016                	c.slli	zero,0x5
 1da:	0000                	unimp
 1dc:	0000                	unimp
 1de:	0000                	unimp
 1e0:	0e42                	slli	t3,t3,0x10
 1e2:	4210                	lw	a2,0(a2)
 1e4:	0281                	addi	t0,t0,0
 1e6:	c146                	sw	a7,128(sp)
 1e8:	0e4a                	slli	t3,t3,0x12
 1ea:	0000                	unimp
 1ec:	0000                	unimp
 1ee:	0000                	unimp
 1f0:	000c                	.insn	2, 0x000c
 1f2:	0000                	unimp
 1f4:	ffff                	.insn	2, 0xffff
 1f6:	ffff                	.insn	2, 0xffff
 1f8:	7c010003          	lb	zero,1984(sp)
 1fc:	0d01                	addi	s10,s10,0
 1fe:	0002                	c.slli64	zero
 200:	0024                	addi	s1,sp,8
 202:	0000                	unimp
 204:	01f0                	addi	a2,sp,204
 206:	0000                	unimp
 208:	3e0c                	fld	fa1,56(a2)
 20a:	8000                	.insn	2, 0x8000
 20c:	0000                	unimp
 20e:	0000                	unimp
 210:	003c                	addi	a5,sp,8
 212:	0000                	unimp
 214:	0000                	unimp
 216:	0000                	unimp
 218:	0e68                	addi	a0,sp,796
 21a:	4210                	lw	a2,0(a2)
 21c:	0281                	addi	t0,t0,0
 21e:	c146                	sw	a7,128(sp)
 220:	0e4a                	slli	t3,t3,0x12
 222:	0000                	unimp
 224:	0000                	unimp
 226:	0000                	unimp
 228:	000c                	.insn	2, 0x000c
 22a:	0000                	unimp
 22c:	ffff                	.insn	2, 0xffff
 22e:	ffff                	.insn	2, 0xffff
 230:	7c010003          	lb	zero,1984(sp)
 234:	0d01                	addi	s10,s10,0
 236:	0002                	c.slli64	zero
 238:	0014                	.insn	2, 0x0014
 23a:	0000                	unimp
 23c:	0228                	addi	a0,sp,264
 23e:	0000                	unimp
 240:	3e48                	fld	fa0,184(a2)
 242:	8000                	.insn	2, 0x8000
 244:	0000                	unimp
 246:	0000                	unimp
 248:	0006                	c.slli	zero,0x1
 24a:	0000                	unimp
 24c:	0000                	unimp
 24e:	0000                	unimp
 250:	000c                	.insn	2, 0x000c
 252:	0000                	unimp
 254:	ffff                	.insn	2, 0xffff
 256:	ffff                	.insn	2, 0xffff
 258:	7c010003          	lb	zero,1984(sp)
 25c:	0d01                	addi	s10,s10,0
 25e:	0002                	c.slli64	zero
 260:	001c                	.insn	2, 0x001c
 262:	0000                	unimp
 264:	0250                	addi	a2,sp,260
 266:	0000                	unimp
 268:	3e4e                	fld	ft8,240(sp)
 26a:	8000                	.insn	2, 0x8000
 26c:	0000                	unimp
 26e:	0000                	unimp
 270:	0016                	c.slli	zero,0x5
 272:	0000                	unimp
 274:	0000                	unimp
 276:	0000                	unimp
 278:	0e42                	slli	t3,t3,0x10
 27a:	4610                	lw	a2,8(a2)
 27c:	0281                	addi	t0,t0,0
 27e:	0000                	unimp
 280:	000c                	.insn	2, 0x000c
 282:	0000                	unimp
 284:	ffff                	.insn	2, 0xffff
 286:	ffff                	.insn	2, 0xffff
 288:	7c010003          	lb	zero,1984(sp)
 28c:	0d01                	addi	s10,s10,0
 28e:	0002                	c.slli64	zero
 290:	0024                	addi	s1,sp,8
 292:	0000                	unimp
 294:	0280                	addi	s0,sp,320
 296:	0000                	unimp
 298:	3e64                	fld	fs1,248(a2)
 29a:	8000                	.insn	2, 0x8000
 29c:	0000                	unimp
 29e:	0000                	unimp
 2a0:	0030                	addi	a2,sp,8
 2a2:	0000                	unimp
 2a4:	0000                	unimp
 2a6:	0000                	unimp
 2a8:	0e42                	slli	t3,t3,0x10
 2aa:	5210                	lw	a2,32(a2)
 2ac:	0488                	addi	a0,sp,576
 2ae:	0281                	addi	t0,t0,0
 2b0:	c84e                	sw	s3,16(sp)
 2b2:	c142                	sw	a6,128(sp)
 2b4:	0e48                	addi	a0,sp,788
 2b6:	0000                	unimp
 2b8:	000c                	.insn	2, 0x000c
 2ba:	0000                	unimp
 2bc:	ffff                	.insn	2, 0xffff
 2be:	ffff                	.insn	2, 0xffff
 2c0:	7c010003          	lb	zero,1984(sp)
 2c4:	0d01                	addi	s10,s10,0
 2c6:	0002                	c.slli64	zero
 2c8:	0014                	.insn	2, 0x0014
 2ca:	0000                	unimp
 2cc:	02b8                	addi	a4,sp,328
 2ce:	0000                	unimp
 2d0:	3e94                	fld	fa3,56(a3)
 2d2:	8000                	.insn	2, 0x8000
 2d4:	0000                	unimp
 2d6:	0000                	unimp
 2d8:	0006                	c.slli	zero,0x1
 2da:	0000                	unimp
 2dc:	0000                	unimp
 2de:	0000                	unimp
 2e0:	000c                	.insn	2, 0x000c
 2e2:	0000                	unimp
 2e4:	ffff                	.insn	2, 0xffff
 2e6:	ffff                	.insn	2, 0xffff
 2e8:	7c010003          	lb	zero,1984(sp)
 2ec:	0d01                	addi	s10,s10,0
 2ee:	0002                	c.slli64	zero
 2f0:	001c                	.insn	2, 0x001c
 2f2:	0000                	unimp
 2f4:	02e0                	addi	s0,sp,332
 2f6:	0000                	unimp
 2f8:	3e9a                	fld	ft9,416(sp)
 2fa:	8000                	.insn	2, 0x8000
 2fc:	0000                	unimp
 2fe:	0000                	unimp
 300:	004c                	addi	a1,sp,4
 302:	0000                	unimp
 304:	0000                	unimp
 306:	0000                	unimp
 308:	0e42                	slli	t3,t3,0x10
 30a:	0240                	addi	s0,sp,260
 30c:	0e48                	addi	a0,sp,788
	...
