
/home/hjkwon/chipyard/generators/velasaturn/software/build/vfpid_4f.riscv:     file format elf64-littleriscv


Disassembly of section .text:

0000000080000000 <_start>:
    80000000:	4081                	li	ra,0
    80000002:	4101                	li	sp,0
    80000004:	4181                	li	gp,0
    80000006:	4201                	li	tp,0
    80000008:	4281                	li	t0,0
    8000000a:	4301                	li	t1,0
    8000000c:	4381                	li	t2,0
    8000000e:	4401                	li	s0,0
    80000010:	4481                	li	s1,0
    80000012:	4501                	li	a0,0
    80000014:	4581                	li	a1,0
    80000016:	4601                	li	a2,0
    80000018:	4681                	li	a3,0
    8000001a:	4701                	li	a4,0
    8000001c:	4781                	li	a5,0
    8000001e:	4801                	li	a6,0
    80000020:	4881                	li	a7,0
    80000022:	4901                	li	s2,0
    80000024:	4981                	li	s3,0
    80000026:	4a01                	li	s4,0
    80000028:	4a81                	li	s5,0
    8000002a:	4b01                	li	s6,0
    8000002c:	4b81                	li	s7,0
    8000002e:	4c01                	li	s8,0
    80000030:	4c81                	li	s9,0
    80000032:	4d01                	li	s10,0
    80000034:	4d81                	li	s11,0
    80000036:	4e01                	li	t3,0
    80000038:	4e81                	li	t4,0
    8000003a:	4f01                	li	t5,0
    8000003c:	4f81                	li	t6,0
    8000003e:	62f9                	lui	t0,0x1e
    80000040:	6002829b          	addiw	t0,t0,1536 # 1e600 <__stack_size+0x16600>
    80000044:	3002a073          	csrs	mstatus,t0
    80000048:	00000297          	auipc	t0,0x0
    8000004c:	09028293          	addi	t0,t0,144 # 800000d8 <_start+0xd8>
    80000050:	30529073          	csrw	mtvec,t0
    80000054:	00301073          	fscsr	zero
    80000058:	f0000053          	fmv.w.x	ft0,zero
    8000005c:	f00000d3          	fmv.w.x	ft1,zero
    80000060:	f0000153          	fmv.w.x	ft2,zero
    80000064:	f00001d3          	fmv.w.x	ft3,zero
    80000068:	f0000253          	fmv.w.x	ft4,zero
    8000006c:	f00002d3          	fmv.w.x	ft5,zero
    80000070:	f0000353          	fmv.w.x	ft6,zero
    80000074:	f00003d3          	fmv.w.x	ft7,zero
    80000078:	f0000453          	fmv.w.x	fs0,zero
    8000007c:	f00004d3          	fmv.w.x	fs1,zero
    80000080:	f0000553          	fmv.w.x	fa0,zero
    80000084:	f00005d3          	fmv.w.x	fa1,zero
    80000088:	f0000653          	fmv.w.x	fa2,zero
    8000008c:	f00006d3          	fmv.w.x	fa3,zero
    80000090:	f0000753          	fmv.w.x	fa4,zero
    80000094:	f00007d3          	fmv.w.x	fa5,zero
    80000098:	f0000853          	fmv.w.x	fa6,zero
    8000009c:	f00008d3          	fmv.w.x	fa7,zero
    800000a0:	f0000953          	fmv.w.x	fs2,zero
    800000a4:	f00009d3          	fmv.w.x	fs3,zero
    800000a8:	f0000a53          	fmv.w.x	fs4,zero
    800000ac:	f0000ad3          	fmv.w.x	fs5,zero
    800000b0:	f0000b53          	fmv.w.x	fs6,zero
    800000b4:	f0000bd3          	fmv.w.x	fs7,zero
    800000b8:	f0000c53          	fmv.w.x	fs8,zero
    800000bc:	f0000cd3          	fmv.w.x	fs9,zero
    800000c0:	f0000d53          	fmv.w.x	fs10,zero
    800000c4:	f0000dd3          	fmv.w.x	fs11,zero
    800000c8:	f0000e53          	fmv.w.x	ft8,zero
    800000cc:	f0000ed3          	fmv.w.x	ft9,zero
    800000d0:	f0000f53          	fmv.w.x	ft10,zero
    800000d4:	f0000fd3          	fmv.w.x	ft11,zero
    800000d8:	00005197          	auipc	gp,0x5
    800000dc:	0c818193          	addi	gp,gp,200 # 800051a0 <__global_pointer$>
    800000e0:	f1402473          	csrr	s0,mhartid
    800000e4:	00f00293          	li	t0,15
    800000e8:	00025217          	auipc	tp,0x25
    800000ec:	f1820213          	addi	tp,tp,-232 # 80025000 <__heap_end>
    800000f0:	005412b3          	sll	t0,s0,t0
    800000f4:	9216                	add	tp,tp,t0
    800000f6:	62a1                	lui	t0,0x8
    800000f8:	00028293          	mv	t0,t0
    800000fc:	00520133          	add	sp,tp,t0
    80000100:	00000297          	auipc	t0,0x0
    80000104:	04428293          	addi	t0,t0,68 # 80000144 <trap_entry>
    80000108:	30529073          	csrw	mtvec,t0
    8000010c:	5dd030ef          	jal	80003ee8 <__init_tls>
    80000110:	00000293          	li	t0,0
    80000114:	00540463          	beq	s0,t0,8000011c <_start+0x11c>
    80000118:	0f60006f          	j	8000020e <_start_secondary>
    8000011c:	87818293          	addi	t0,gp,-1928 # 80004a18 <__malloc_sbrk_start>
    80000120:	be818313          	addi	t1,gp,-1048 # 80004d88 <_end>
    80000124:	0062f763          	bgeu	t0,t1,80000132 <_start+0x132>
    80000128:	0002b023          	sd	zero,0(t0)
    8000012c:	02a1                	addi	t0,t0,8
    8000012e:	fe62ede3          	bltu	t0,t1,80000128 <_start+0x128>
    80000132:	00004517          	auipc	a0,0x4
    80000136:	ed050513          	addi	a0,a0,-304 # 80004002 <__libc_fini_array>
    8000013a:	631030ef          	jal	80003f6a <atexit>
    8000013e:	667030ef          	jal	80003fa4 <__libc_init_array>
    80000142:	a075                	j	800001ee <_start_main>

0000000080000144 <trap_entry>:
    80000144:	34011073          	csrw	mscratch,sp
    80000148:	7111                	addi	sp,sp,-256
    8000014a:	e406                	sd	ra,8(sp)
    8000014c:	340020f3          	csrr	ra,mscratch
    80000150:	e806                	sd	ra,16(sp)
    80000152:	ec0e                	sd	gp,24(sp)
    80000154:	f012                	sd	tp,32(sp)
    80000156:	f416                	sd	t0,40(sp)
    80000158:	f81a                	sd	t1,48(sp)
    8000015a:	fc1e                	sd	t2,56(sp)
    8000015c:	e0a2                	sd	s0,64(sp)
    8000015e:	e4a6                	sd	s1,72(sp)
    80000160:	e8aa                	sd	a0,80(sp)
    80000162:	ecae                	sd	a1,88(sp)
    80000164:	f0b2                	sd	a2,96(sp)
    80000166:	f4b6                	sd	a3,104(sp)
    80000168:	f8ba                	sd	a4,112(sp)
    8000016a:	fcbe                	sd	a5,120(sp)
    8000016c:	e142                	sd	a6,128(sp)
    8000016e:	e546                	sd	a7,136(sp)
    80000170:	e94a                	sd	s2,144(sp)
    80000172:	ed4e                	sd	s3,152(sp)
    80000174:	f152                	sd	s4,160(sp)
    80000176:	f556                	sd	s5,168(sp)
    80000178:	f95a                	sd	s6,176(sp)
    8000017a:	fd5e                	sd	s7,184(sp)
    8000017c:	e1e2                	sd	s8,192(sp)
    8000017e:	e5e6                	sd	s9,200(sp)
    80000180:	e9ea                	sd	s10,208(sp)
    80000182:	edee                	sd	s11,216(sp)
    80000184:	f1f2                	sd	t3,224(sp)
    80000186:	f5f6                	sd	t4,232(sp)
    80000188:	f9fa                	sd	t5,240(sp)
    8000018a:	fdfe                	sd	t6,248(sp)
    8000018c:	34102573          	csrr	a0,mepc
    80000190:	342025f3          	csrr	a1,mcause
    80000194:	34302673          	csrr	a2,mtval
    80000198:	868a                	mv	a3,sp
    8000019a:	539030ef          	jal	80003ed2 <handle_trap>
    8000019e:	34151073          	csrw	mepc,a0
    800001a2:	6289                	lui	t0,0x2
    800001a4:	8002829b          	addiw	t0,t0,-2048 # 1800 <__stack_align+0x17f0>
    800001a8:	3002a073          	csrs	mstatus,t0
    800001ac:	60a2                	ld	ra,8(sp)
    800001ae:	61e2                	ld	gp,24(sp)
    800001b0:	7202                	ld	tp,32(sp)
    800001b2:	72a2                	ld	t0,40(sp)
    800001b4:	7342                	ld	t1,48(sp)
    800001b6:	73e2                	ld	t2,56(sp)
    800001b8:	6406                	ld	s0,64(sp)
    800001ba:	64a6                	ld	s1,72(sp)
    800001bc:	6546                	ld	a0,80(sp)
    800001be:	65e6                	ld	a1,88(sp)
    800001c0:	7606                	ld	a2,96(sp)
    800001c2:	76a6                	ld	a3,104(sp)
    800001c4:	7746                	ld	a4,112(sp)
    800001c6:	77e6                	ld	a5,120(sp)
    800001c8:	680a                	ld	a6,128(sp)
    800001ca:	68aa                	ld	a7,136(sp)
    800001cc:	694a                	ld	s2,144(sp)
    800001ce:	69ea                	ld	s3,152(sp)
    800001d0:	7a0a                	ld	s4,160(sp)
    800001d2:	7aaa                	ld	s5,168(sp)
    800001d4:	7b4a                	ld	s6,176(sp)
    800001d6:	7bea                	ld	s7,184(sp)
    800001d8:	6c0e                	ld	s8,192(sp)
    800001da:	6cae                	ld	s9,200(sp)
    800001dc:	6d4e                	ld	s10,208(sp)
    800001de:	6dee                	ld	s11,216(sp)
    800001e0:	7e0e                	ld	t3,224(sp)
    800001e2:	7eae                	ld	t4,232(sp)
    800001e4:	7f4e                	ld	t5,240(sp)
    800001e6:	7fee                	ld	t6,248(sp)
    800001e8:	6142                	ld	sp,16(sp)
    800001ea:	30200073          	mret

00000000800001ee <_start_main>:
    800001ee:	52fd                	li	t0,-1
    800001f0:	0110000f          	fence	w,w
    800001f4:	ac51a423          	sw	t0,-1336(gp) # 80004c68 <__boot_sync>
    800001f8:	4505                	li	a0,1
    800001fa:	00004597          	auipc	a1,0x4
    800001fe:	4de58593          	addi	a1,a1,1246 # 800046d8 <argv>
    80000202:	8101b603          	ld	a2,-2032(gp) # 800049b0 <environ>
    80000206:	02a000ef          	jal	80000230 <main>
    8000020a:	56b0306f          	j	80003f74 <exit>

000000008000020e <_start_secondary>:
    8000020e:	ac81a283          	lw	t0,-1336(gp) # 80004c68 <__boot_sync>
    80000212:	fe028ee3          	beqz	t0,8000020e <_start_secondary>
    80000216:	0220000f          	fence	r,r
    8000021a:	4505                	li	a0,1
    8000021c:	00004597          	auipc	a1,0x4
    80000220:	4bc58593          	addi	a1,a1,1212 # 800046d8 <argv>
    80000224:	8101b603          	ld	a2,-2032(gp) # 800049b0 <environ>
    80000228:	4f1030ef          	jal	80003f18 <__main>
    8000022c:	5490306f          	j	80003f74 <exit>

0000000080000230 <main>:
    80000230:	f3010113          	addi	sp,sp,-208
    80000234:	01010893          	addi	a7,sp,16
    80000238:	0c113423          	sd	ra,200(sp)
    8000023c:	0c813023          	sd	s0,192(sp)
    80000240:	0a913c23          	sd	s1,184(sp)
    80000244:	0b213823          	sd	s2,176(sp)
    80000248:	0b313423          	sd	s3,168(sp)
    8000024c:	0b413023          	sd	s4,160(sp)
    80000250:	09513c23          	sd	s5,152(sp)
    80000254:	09613823          	sd	s6,144(sp)
    80000258:	00004797          	auipc	a5,0x4
    8000025c:	17878793          	addi	a5,a5,376 # 800043d0 <__tbss_end+0x25a>
    80000260:	00088713          	mv	a4,a7
    80000264:	00004817          	auipc	a6,0x4
    80000268:	1ec80813          	addi	a6,a6,492 # 80004450 <__tbss_end+0x2da>
    8000026c:	0007b503          	ld	a0,0(a5)
    80000270:	0087b583          	ld	a1,8(a5)
    80000274:	0107b603          	ld	a2,16(a5)
    80000278:	0187b683          	ld	a3,24(a5)
    8000027c:	00a73023          	sd	a0,0(a4)
    80000280:	00b73423          	sd	a1,8(a4)
    80000284:	00c73823          	sd	a2,16(a4)
    80000288:	00d73c23          	sd	a3,24(a4)
    8000028c:	02078793          	addi	a5,a5,32
    80000290:	02070713          	addi	a4,a4,32
    80000294:	fd079ce3          	bne	a5,a6,8000026c <main+0x3c>
    80000298:	00004797          	auipc	a5,0x4
    8000029c:	7787a787          	flw	fa5,1912(a5) # 80004a10 <__atexit_dummy+0x58>
    800002a0:	00f12627          	fsw	fa5,12(sp)
    800002a4:	c00027f3          	rdcycle	a5
    800002a8:	00c10713          	addi	a4,sp,12
    800002ac:	cd0472d7          	vsetivli	t0,8,e32,m1,ta,ma
    800002b0:	00072507          	flw	fa0,0(a4)
    800002b4:	00088293          	mv	t0,a7
    800002b8:	0208e087          	vle32.v	v1,(a7)
    800002bc:	02028293          	addi	t0,t0,32
    800002c0:	0202e107          	vle32.v	v2,(t0)
    800002c4:	02028293          	addi	t0,t0,32
    800002c8:	0202e187          	vle32.v	v3,(t0)
    800002cc:	02028293          	addi	t0,t0,32
    800002d0:	0202e207          	vle32.v	v4,(t0)
    800002d4:	06155257          	.insn	4, 0x06155257
    800002d8:	0208e0a7          	vse32.v	v1,(a7)
    800002dc:	00088313          	mv	t1,a7
    800002e0:	02030313          	addi	t1,t1,32
    800002e4:	02036127          	vse32.v	v2,(t1)
    800002e8:	02030313          	addi	t1,t1,32
    800002ec:	020361a7          	vse32.v	v3,(t1)
    800002f0:	02030313          	addi	t1,t1,32
    800002f4:	02036227          	vse32.v	v4,(t1)
    800002f8:	c00025f3          	rdcycle	a1
    800002fc:	00004517          	auipc	a0,0x4
    80000300:	e7c50513          	addi	a0,a0,-388 # 80004178 <__tbss_end+0x2>
    80000304:	40f585bb          	subw	a1,a1,a5
    80000308:	273000ef          	jal	80000d7a <iprintf>
    8000030c:	03010493          	addi	s1,sp,48
    80000310:	00000993          	li	s3,0
    80000314:	00004b17          	auipc	s6,0x4
    80000318:	e7cb0b13          	addi	s6,s6,-388 # 80004190 <__tbss_end+0x1a>
    8000031c:	00004917          	auipc	s2,0x4
    80000320:	e7c90913          	addi	s2,s2,-388 # 80004198 <__tbss_end+0x22>
    80000324:	00004a97          	auipc	s5,0x4
    80000328:	e7ca8a93          	addi	s5,s5,-388 # 800041a0 <__tbss_end+0x2a>
    8000032c:	00400a13          	li	s4,4
    80000330:	0019899b          	addiw	s3,s3,1
    80000334:	00098593          	mv	a1,s3
    80000338:	000b0513          	mv	a0,s6
    8000033c:	23f000ef          	jal	80000d7a <iprintf>
    80000340:	fe048413          	addi	s0,s1,-32
    80000344:	00042787          	flw	fa5,0(s0)
    80000348:	00090513          	mv	a0,s2
    8000034c:	00440413          	addi	s0,s0,4
    80000350:	420787d3          	fcvt.d.s	fa5,fa5
    80000354:	e20785d3          	fmv.x.d	a1,fa5
    80000358:	223000ef          	jal	80000d7a <iprintf>
    8000035c:	fe9414e3          	bne	s0,s1,80000344 <main+0x114>
    80000360:	000a8513          	mv	a0,s5
    80000364:	217000ef          	jal	80000d7a <iprintf>
    80000368:	02040493          	addi	s1,s0,32
    8000036c:	fd4992e3          	bne	s3,s4,80000330 <main+0x100>
    80000370:	0c813083          	ld	ra,200(sp)
    80000374:	0c013403          	ld	s0,192(sp)
    80000378:	0b813483          	ld	s1,184(sp)
    8000037c:	0b013903          	ld	s2,176(sp)
    80000380:	0a813983          	ld	s3,168(sp)
    80000384:	0a013a03          	ld	s4,160(sp)
    80000388:	09813a83          	ld	s5,152(sp)
    8000038c:	09013b03          	ld	s6,144(sp)
    80000390:	00000513          	li	a0,0
    80000394:	0d010113          	addi	sp,sp,208
    80000398:	00008067          	ret

000000008000039c <__cvt>:
    8000039c:	715d                	addi	sp,sp,-80
    8000039e:	e0a2                	sd	s0,64(sp)
    800003a0:	e2050453          	fmv.x.d	s0,fa0
    800003a4:	fc26                	sd	s1,56(sp)
    800003a6:	f44e                	sd	s3,40(sp)
    800003a8:	f052                	sd	s4,32(sp)
    800003aa:	ec56                	sd	s5,24(sp)
    800003ac:	e486                	sd	ra,72(sp)
    800003ae:	f84a                	sd	s2,48(sp)
    800003b0:	89ba                	mv	s3,a4
    800003b2:	84ae                	mv	s1,a1
    800003b4:	8a32                	mv	s4,a2
    800003b6:	8ac2                	mv	s5,a6
    800003b8:	4701                	li	a4,0
    800003ba:	00045863          	bgez	s0,800003ca <__cvt+0x2e>
    800003be:	22a517d3          	fneg.d	fa5,fa0
    800003c2:	02d00713          	li	a4,45
    800003c6:	e2078453          	fmv.x.d	s0,fa5
    800003ca:	fdf7f913          	andi	s2,a5,-33
    800003ce:	00e68023          	sb	a4,0(a3)
    800003d2:	04600793          	li	a5,70
    800003d6:	458d                	li	a1,3
    800003d8:	00f90863          	beq	s2,a5,800003e8 <__cvt+0x4c>
    800003dc:	04500793          	li	a5,69
    800003e0:	4589                	li	a1,2
    800003e2:	00f91363          	bne	s2,a5,800003e8 <__cvt+0x4c>
    800003e6:	2485                	addiw	s1,s1,1
    800003e8:	f2040553          	fmv.d.x	fa0,s0
    800003ec:	003c                	addi	a5,sp,8
    800003ee:	0058                	addi	a4,sp,4
    800003f0:	86ce                	mv	a3,s3
    800003f2:	8626                	mv	a2,s1
    800003f4:	347000ef          	jal	80000f3a <_dtoa_r>
    800003f8:	04700793          	li	a5,71
    800003fc:	02f91563          	bne	s2,a5,80000426 <__cvt+0x8a>
    80000400:	001a7a13          	andi	s4,s4,1
    80000404:	009507b3          	add	a5,a0,s1
    80000408:	040a1963          	bnez	s4,8000045a <__cvt+0xbe>
    8000040c:	67a2                	ld	a5,8(sp)
    8000040e:	60a6                	ld	ra,72(sp)
    80000410:	6406                	ld	s0,64(sp)
    80000412:	8f89                	sub	a5,a5,a0
    80000414:	00faa023          	sw	a5,0(s5)
    80000418:	74e2                	ld	s1,56(sp)
    8000041a:	7942                	ld	s2,48(sp)
    8000041c:	79a2                	ld	s3,40(sp)
    8000041e:	7a02                	ld	s4,32(sp)
    80000420:	6ae2                	ld	s5,24(sp)
    80000422:	6161                	addi	sp,sp,80
    80000424:	8082                	ret
    80000426:	04600713          	li	a4,70
    8000042a:	009507b3          	add	a5,a0,s1
    8000042e:	02e91663          	bne	s2,a4,8000045a <__cvt+0xbe>
    80000432:	00054683          	lbu	a3,0(a0)
    80000436:	03000713          	li	a4,48
    8000043a:	00e69d63          	bne	a3,a4,80000454 <__cvt+0xb8>
    8000043e:	f20007d3          	fmv.d.x	fa5,zero
    80000442:	f2040753          	fmv.d.x	fa4,s0
    80000446:	a2f72753          	feq.d	a4,fa4,fa5
    8000044a:	e709                	bnez	a4,80000454 <__cvt+0xb8>
    8000044c:	4705                	li	a4,1
    8000044e:	9f05                	subw	a4,a4,s1
    80000450:	00e9a023          	sw	a4,0(s3)
    80000454:	0009a703          	lw	a4,0(s3)
    80000458:	97ba                	add	a5,a5,a4
    8000045a:	f20007d3          	fmv.d.x	fa5,zero
    8000045e:	f2040753          	fmv.d.x	fa4,s0
    80000462:	a2f72753          	feq.d	a4,fa4,fa5
    80000466:	c311                	beqz	a4,8000046a <__cvt+0xce>
    80000468:	e43e                	sd	a5,8(sp)
    8000046a:	03000693          	li	a3,48
    8000046e:	6722                	ld	a4,8(sp)
    80000470:	f8f77ee3          	bgeu	a4,a5,8000040c <__cvt+0x70>
    80000474:	00170613          	addi	a2,a4,1
    80000478:	e432                	sd	a2,8(sp)
    8000047a:	00d70023          	sb	a3,0(a4)
    8000047e:	bfc5                	j	8000046e <__cvt+0xd2>

0000000080000480 <__exponent>:
    80000480:	00c50023          	sb	a2,0(a0)
    80000484:	02b00793          	li	a5,43
    80000488:	0005d663          	bgez	a1,80000494 <__exponent+0x14>
    8000048c:	40b005bb          	negw	a1,a1
    80000490:	02d00793          	li	a5,45
    80000494:	00f500a3          	sb	a5,1(a0)
    80000498:	47a5                	li	a5,9
    8000049a:	06b7d563          	bge	a5,a1,80000504 <__exponent+0x84>
    8000049e:	1141                	addi	sp,sp,-16
    800004a0:	00f10713          	addi	a4,sp,15
    800004a4:	883a                	mv	a6,a4
    800004a6:	48a9                	li	a7,10
    800004a8:	06300313          	li	t1,99
    800004ac:	0315e7bb          	remw	a5,a1,a7
    800004b0:	86ba                	mv	a3,a4
    800004b2:	177d                	addi	a4,a4,-1
    800004b4:	0307879b          	addiw	a5,a5,48
    800004b8:	fef68fa3          	sb	a5,-1(a3)
    800004bc:	87ae                	mv	a5,a1
    800004be:	0315c5bb          	divw	a1,a1,a7
    800004c2:	862e                	mv	a2,a1
    800004c4:	fef344e3          	blt	t1,a5,800004ac <__exponent+0x2c>
    800004c8:	0306061b          	addiw	a2,a2,48
    800004cc:	00250793          	addi	a5,a0,2
    800004d0:	ffe68593          	addi	a1,a3,-2
    800004d4:	fec70fa3          	sb	a2,-1(a4)
    800004d8:	872e                	mv	a4,a1
    800004da:	863e                	mv	a2,a5
    800004dc:	01076d63          	bltu	a4,a6,800004f6 <__exponent+0x76>
    800004e0:	4701                	li	a4,0
    800004e2:	00b86563          	bltu	a6,a1,800004ec <__exponent+0x6c>
    800004e6:	01110713          	addi	a4,sp,17
    800004ea:	8f15                	sub	a4,a4,a3
    800004ec:	97ba                	add	a5,a5,a4
    800004ee:	40a7853b          	subw	a0,a5,a0
    800004f2:	0141                	addi	sp,sp,16
    800004f4:	8082                	ret
    800004f6:	00074883          	lbu	a7,0(a4)
    800004fa:	0705                	addi	a4,a4,1
    800004fc:	0605                	addi	a2,a2,1
    800004fe:	ff160fa3          	sb	a7,-1(a2)
    80000502:	bfe9                	j	800004dc <__exponent+0x5c>
    80000504:	03000793          	li	a5,48
    80000508:	00f50123          	sb	a5,2(a0)
    8000050c:	0305859b          	addiw	a1,a1,48
    80000510:	00450793          	addi	a5,a0,4
    80000514:	00b501a3          	sb	a1,3(a0)
    80000518:	40a7853b          	subw	a0,a5,a0
    8000051c:	8082                	ret

000000008000051e <_printf_float>:
    8000051e:	7175                	addi	sp,sp,-144
    80000520:	e506                	sd	ra,136(sp)
    80000522:	e122                	sd	s0,128(sp)
    80000524:	f4ce                	sd	s3,104(sp)
    80000526:	842e                	mv	s0,a1
    80000528:	f0d2                	sd	s4,96(sp)
    8000052a:	ecd6                	sd	s5,88(sp)
    8000052c:	8a3a                	mv	s4,a4
    8000052e:	e8da                	sd	s6,80(sp)
    80000530:	e4de                	sd	s7,72(sp)
    80000532:	e0e2                	sd	s8,64(sp)
    80000534:	e432                	sd	a2,8(sp)
    80000536:	89b6                	mv	s3,a3
    80000538:	fca6                	sd	s1,120(sp)
    8000053a:	f8ca                	sd	s2,112(sp)
    8000053c:	fc66                	sd	s9,56(sp)
    8000053e:	f86a                	sd	s10,48(sp)
    80000540:	f46e                	sd	s11,40(sp)
    80000542:	e02a                	sd	a0,0(sp)
    80000544:	085000ef          	jal	80000dc8 <_localeconv_r>
    80000548:	00053c03          	ld	s8,0(a0)
    8000054c:	8562                	mv	a0,s8
    8000054e:	08f000ef          	jal	80000ddc <strlen>
    80000552:	00042b03          	lw	s6,0(s0)
    80000556:	cc02                	sw	zero,24(sp)
    80000558:	01844a83          	lbu	s5,24(s0)
    8000055c:	100b7713          	andi	a4,s6,256
    80000560:	000a3783          	ld	a5,0(s4)
    80000564:	8baa                	mv	s7,a0
    80000566:	c755                	beqz	a4,80000612 <_printf_float+0xf4>
    80000568:	07bd                	addi	a5,a5,15
    8000056a:	9bc1                	andi	a5,a5,-16
    8000056c:	6388                	ld	a0,0(a5)
    8000056e:	678c                	ld	a1,8(a5)
    80000570:	01078713          	addi	a4,a5,16
    80000574:	00ea3023          	sd	a4,0(s4)
    80000578:	664030ef          	jal	80003bdc <__trunctfdf2>
    8000057c:	e2050353          	fmv.x.d	t1,fa0
    80000580:	00004797          	auipc	a5,0x4
    80000584:	4407b707          	fld	fa4,1088(a5) # 800049c0 <__atexit_dummy+0x8>
    80000588:	04643423          	sd	t1,72(s0)
    8000058c:	00102773          	frflags	a4
    80000590:	f20307d3          	fmv.d.x	fa5,t1
    80000594:	22f7a7d3          	fabs.d	fa5,fa5
    80000598:	a2f717d3          	flt.d	a5,fa4,fa5
    8000059c:	00171073          	fsflags	a4
    800005a0:	c3c1                	beqz	a5,80000620 <_printf_float+0x102>
    800005a2:	f20007d3          	fmv.d.x	fa5,zero
    800005a6:	f2030753          	fmv.d.x	fa4,t1
    800005aa:	a2f717d3          	flt.d	a5,fa4,fa5
    800005ae:	c789                	beqz	a5,800005b8 <_printf_float+0x9a>
    800005b0:	02d00793          	li	a5,45
    800005b4:	04f401a3          	sb	a5,67(s0)
    800005b8:	04700793          	li	a5,71
    800005bc:	00004a17          	auipc	s4,0x4
    800005c0:	bf4a0a13          	addi	s4,s4,-1036 # 800041b0 <__tbss_end+0x3a>
    800005c4:	0157e663          	bltu	a5,s5,800005d0 <_printf_float+0xb2>
    800005c8:	00004a17          	auipc	s4,0x4
    800005cc:	be0a0a13          	addi	s4,s4,-1056 # 800041a8 <__tbss_end+0x32>
    800005d0:	ffbb7b13          	andi	s6,s6,-5
    800005d4:	478d                	li	a5,3
    800005d6:	01642023          	sw	s6,0(s0)
    800005da:	c81c                	sw	a5,16(s0)
    800005dc:	4b01                	li	s6,0
    800005de:	66a2                	ld	a3,8(sp)
    800005e0:	6502                	ld	a0,0(sp)
    800005e2:	874e                	mv	a4,s3
    800005e4:	0870                	addi	a2,sp,28
    800005e6:	85a2                	mv	a1,s0
    800005e8:	3c8000ef          	jal	800009b0 <_printf_common>
    800005ec:	5cfd                	li	s9,-1
    800005ee:	15951b63          	bne	a0,s9,80000744 <_printf_float+0x226>
    800005f2:	557d                	li	a0,-1
    800005f4:	60aa                	ld	ra,136(sp)
    800005f6:	640a                	ld	s0,128(sp)
    800005f8:	74e6                	ld	s1,120(sp)
    800005fa:	7946                	ld	s2,112(sp)
    800005fc:	79a6                	ld	s3,104(sp)
    800005fe:	7a06                	ld	s4,96(sp)
    80000600:	6ae6                	ld	s5,88(sp)
    80000602:	6b46                	ld	s6,80(sp)
    80000604:	6ba6                	ld	s7,72(sp)
    80000606:	6c06                	ld	s8,64(sp)
    80000608:	7ce2                	ld	s9,56(sp)
    8000060a:	7d42                	ld	s10,48(sp)
    8000060c:	7da2                	ld	s11,40(sp)
    8000060e:	6149                	addi	sp,sp,144
    80000610:	8082                	ret
    80000612:	00878713          	addi	a4,a5,8
    80000616:	0007b303          	ld	t1,0(a5)
    8000061a:	00ea3023          	sd	a4,0(s4)
    8000061e:	b78d                	j	80000580 <_printf_float+0x62>
    80000620:	f20307d3          	fmv.d.x	fa5,t1
    80000624:	a2f7a7d3          	feq.d	a5,fa5,fa5
    80000628:	e785                	bnez	a5,80000650 <_printf_float+0x132>
    8000062a:	00035663          	bgez	t1,80000636 <_printf_float+0x118>
    8000062e:	02d00793          	li	a5,45
    80000632:	04f401a3          	sb	a5,67(s0)
    80000636:	04700793          	li	a5,71
    8000063a:	00004a17          	auipc	s4,0x4
    8000063e:	b86a0a13          	addi	s4,s4,-1146 # 800041c0 <__tbss_end+0x4a>
    80000642:	f957e7e3          	bltu	a5,s5,800005d0 <_printf_float+0xb2>
    80000646:	00004a17          	auipc	s4,0x4
    8000064a:	b72a0a13          	addi	s4,s4,-1166 # 800041b8 <__tbss_end+0x42>
    8000064e:	b749                	j	800005d0 <_printf_float+0xb2>
    80000650:	405c                	lw	a5,4(s0)
    80000652:	577d                	li	a4,-1
    80000654:	0dfafc93          	andi	s9,s5,223
    80000658:	06e79f63          	bne	a5,a4,800006d6 <_printf_float+0x1b8>
    8000065c:	4799                	li	a5,6
    8000065e:	c05c                	sw	a5,4(s0)
    80000660:	404c                	lw	a1,4(s0)
    80000662:	f2030553          	fmv.d.x	fa0,t1
    80000666:	6502                	ld	a0,0(sp)
    80000668:	400b6613          	ori	a2,s6,1024
    8000066c:	87d6                	mv	a5,s5
    8000066e:	c010                	sw	a2,0(s0)
    80000670:	4881                	li	a7,0
    80000672:	01810813          	addi	a6,sp,24
    80000676:	0858                	addi	a4,sp,20
    80000678:	01310693          	addi	a3,sp,19
    8000067c:	d21ff0ef          	jal	8000039c <__cvt>
    80000680:	04700793          	li	a5,71
    80000684:	45d2                	lw	a1,20(sp)
    80000686:	8a2a                	mv	s4,a0
    80000688:	04fc9e63          	bne	s9,a5,800006e4 <_printf_float+0x1c6>
    8000068c:	57f5                	li	a5,-3
    8000068e:	00f5c563          	blt	a1,a5,80000698 <_printf_float+0x17a>
    80000692:	405c                	lw	a5,4(s0)
    80000694:	08b7d563          	bge	a5,a1,8000071e <_printf_float+0x200>
    80000698:	3af9                	addiw	s5,s5,-2
    8000069a:	0ffafa93          	zext.b	s5,s5
    8000069e:	35fd                	addiw	a1,a1,-1
    800006a0:	8656                	mv	a2,s5
    800006a2:	05040513          	addi	a0,s0,80
    800006a6:	ca2e                	sw	a1,20(sp)
    800006a8:	dd9ff0ef          	jal	80000480 <__exponent>
    800006ac:	4762                	lw	a4,24(sp)
    800006ae:	4685                	li	a3,1
    800006b0:	8b2a                	mv	s6,a0
    800006b2:	00a707bb          	addw	a5,a4,a0
    800006b6:	c81c                	sw	a5,16(s0)
    800006b8:	00e6c563          	blt	a3,a4,800006c2 <_printf_float+0x1a4>
    800006bc:	4018                	lw	a4,0(s0)
    800006be:	8b05                	andi	a4,a4,1
    800006c0:	c319                	beqz	a4,800006c6 <_printf_float+0x1a8>
    800006c2:	2785                	addiw	a5,a5,1
    800006c4:	c81c                	sw	a5,16(s0)
    800006c6:	01314783          	lbu	a5,19(sp)
    800006ca:	db91                	beqz	a5,800005de <_printf_float+0xc0>
    800006cc:	02d00793          	li	a5,45
    800006d0:	04f401a3          	sb	a5,67(s0)
    800006d4:	b729                	j	800005de <_printf_float+0xc0>
    800006d6:	04700713          	li	a4,71
    800006da:	f8ec93e3          	bne	s9,a4,80000660 <_printf_float+0x142>
    800006de:	f3c9                	bnez	a5,80000660 <_printf_float+0x142>
    800006e0:	4785                	li	a5,1
    800006e2:	bfb5                	j	8000065e <_printf_float+0x140>
    800006e4:	06500793          	li	a5,101
    800006e8:	fb57fbe3          	bgeu	a5,s5,8000069e <_printf_float+0x180>
    800006ec:	06600793          	li	a5,102
    800006f0:	02fa9963          	bne	s5,a5,80000722 <_printf_float+0x204>
    800006f4:	6018                	ld	a4,0(s0)
    800006f6:	57fd                	li	a5,-1
    800006f8:	1782                	slli	a5,a5,0x20
    800006fa:	0785                	addi	a5,a5,1
    800006fc:	8f7d                	and	a4,a4,a5
    800006fe:	00b05b63          	blez	a1,80000714 <_printf_float+0x1f6>
    80000702:	c80c                	sw	a1,16(s0)
    80000704:	c709                	beqz	a4,8000070e <_printf_float+0x1f0>
    80000706:	405c                	lw	a5,4(s0)
    80000708:	2785                	addiw	a5,a5,1
    8000070a:	9fad                	addw	a5,a5,a1
    8000070c:	c81c                	sw	a5,16(s0)
    8000070e:	cc2c                	sw	a1,88(s0)
    80000710:	4b01                	li	s6,0
    80000712:	bf55                	j	800006c6 <_printf_float+0x1a8>
    80000714:	4785                	li	a5,1
    80000716:	db7d                	beqz	a4,8000070c <_printf_float+0x1ee>
    80000718:	405c                	lw	a5,4(s0)
    8000071a:	2789                	addiw	a5,a5,2
    8000071c:	bfc5                	j	8000070c <_printf_float+0x1ee>
    8000071e:	06700a93          	li	s5,103
    80000722:	47e2                	lw	a5,24(sp)
    80000724:	00f5c963          	blt	a1,a5,80000736 <_printf_float+0x218>
    80000728:	401c                	lw	a5,0(s0)
    8000072a:	c80c                	sw	a1,16(s0)
    8000072c:	8b85                	andi	a5,a5,1
    8000072e:	d3e5                	beqz	a5,8000070e <_printf_float+0x1f0>
    80000730:	0015879b          	addiw	a5,a1,1
    80000734:	bfe1                	j	8000070c <_printf_float+0x1ee>
    80000736:	4705                	li	a4,1
    80000738:	00b04463          	bgtz	a1,80000740 <_printf_float+0x222>
    8000073c:	4709                	li	a4,2
    8000073e:	9f0d                	subw	a4,a4,a1
    80000740:	9fb9                	addw	a5,a5,a4
    80000742:	b7e9                	j	8000070c <_printf_float+0x1ee>
    80000744:	401c                	lw	a5,0(s0)
    80000746:	4007f713          	andi	a4,a5,1024
    8000074a:	e70d                	bnez	a4,80000774 <_printf_float+0x256>
    8000074c:	4814                	lw	a3,16(s0)
    8000074e:	65a2                	ld	a1,8(sp)
    80000750:	6502                	ld	a0,0(sp)
    80000752:	8652                	mv	a2,s4
    80000754:	9982                	jalr	s3
    80000756:	e9950ee3          	beq	a0,s9,800005f2 <_printf_float+0xd4>
    8000075a:	401c                	lw	a5,0(s0)
    8000075c:	8b89                	andi	a5,a5,2
    8000075e:	24079463          	bnez	a5,800009a6 <_printf_float+0x488>
    80000762:	4458                	lw	a4,12(s0)
    80000764:	47f2                	lw	a5,28(sp)
    80000766:	0007051b          	sext.w	a0,a4
    8000076a:	e8f755e3          	bge	a4,a5,800005f4 <_printf_float+0xd6>
    8000076e:	0007851b          	sext.w	a0,a5
    80000772:	b549                	j	800005f4 <_printf_float+0xd6>
    80000774:	06500713          	li	a4,101
    80000778:	1b577163          	bgeu	a4,s5,8000091a <_printf_float+0x3fc>
    8000077c:	2438                	fld	fa4,72(s0)
    8000077e:	f20007d3          	fmv.d.x	fa5,zero
    80000782:	a2f727d3          	feq.d	a5,fa4,fa5
    80000786:	cbb1                	beqz	a5,800007da <_printf_float+0x2bc>
    80000788:	65a2                	ld	a1,8(sp)
    8000078a:	6502                	ld	a0,0(sp)
    8000078c:	4685                	li	a3,1
    8000078e:	00004617          	auipc	a2,0x4
    80000792:	a3a60613          	addi	a2,a2,-1478 # 800041c8 <__tbss_end+0x52>
    80000796:	9982                	jalr	s3
    80000798:	e5950de3          	beq	a0,s9,800005f2 <_printf_float+0xd4>
    8000079c:	4a62                	lw	s4,24(sp)
    8000079e:	47d2                	lw	a5,20(sp)
    800007a0:	0147c563          	blt	a5,s4,800007aa <_printf_float+0x28c>
    800007a4:	401c                	lw	a5,0(s0)
    800007a6:	8b85                	andi	a5,a5,1
    800007a8:	dbcd                	beqz	a5,8000075a <_printf_float+0x23c>
    800007aa:	65a2                	ld	a1,8(sp)
    800007ac:	6502                	ld	a0,0(sp)
    800007ae:	86de                	mv	a3,s7
    800007b0:	8662                	mv	a2,s8
    800007b2:	9982                	jalr	s3
    800007b4:	57fd                	li	a5,-1
    800007b6:	e2f50ee3          	beq	a0,a5,800005f2 <_printf_float+0xd4>
    800007ba:	4a81                	li	s5,0
    800007bc:	3a7d                	addiw	s4,s4,-1
    800007be:	01a40b13          	addi	s6,s0,26
    800007c2:	5bfd                	li	s7,-1
    800007c4:	f94adbe3          	bge	s5,s4,8000075a <_printf_float+0x23c>
    800007c8:	65a2                	ld	a1,8(sp)
    800007ca:	6502                	ld	a0,0(sp)
    800007cc:	4685                	li	a3,1
    800007ce:	865a                	mv	a2,s6
    800007d0:	9982                	jalr	s3
    800007d2:	e37500e3          	beq	a0,s7,800005f2 <_printf_float+0xd4>
    800007d6:	2a85                	addiw	s5,s5,1
    800007d8:	b7f5                	j	800007c4 <_printf_float+0x2a6>
    800007da:	47d2                	lw	a5,20(sp)
    800007dc:	06f04763          	bgtz	a5,8000084a <_printf_float+0x32c>
    800007e0:	65a2                	ld	a1,8(sp)
    800007e2:	6502                	ld	a0,0(sp)
    800007e4:	4685                	li	a3,1
    800007e6:	00004617          	auipc	a2,0x4
    800007ea:	9e260613          	addi	a2,a2,-1566 # 800041c8 <__tbss_end+0x52>
    800007ee:	9982                	jalr	s3
    800007f0:	e19501e3          	beq	a0,s9,800005f2 <_printf_float+0xd4>
    800007f4:	4b62                	lw	s6,24(sp)
    800007f6:	47d2                	lw	a5,20(sp)
    800007f8:	00fb67b3          	or	a5,s6,a5
    800007fc:	e781                	bnez	a5,80000804 <_printf_float+0x2e6>
    800007fe:	401c                	lw	a5,0(s0)
    80000800:	8b85                	andi	a5,a5,1
    80000802:	dfa1                	beqz	a5,8000075a <_printf_float+0x23c>
    80000804:	65a2                	ld	a1,8(sp)
    80000806:	6502                	ld	a0,0(sp)
    80000808:	86de                	mv	a3,s7
    8000080a:	8662                	mv	a2,s8
    8000080c:	9982                	jalr	s3
    8000080e:	57fd                	li	a5,-1
    80000810:	def501e3          	beq	a0,a5,800005f2 <_printf_float+0xd4>
    80000814:	4a81                	li	s5,0
    80000816:	01a40b93          	addi	s7,s0,26
    8000081a:	5c7d                	li	s8,-1
    8000081c:	47d2                	lw	a5,20(sp)
    8000081e:	40f007bb          	negw	a5,a5
    80000822:	00facb63          	blt	s5,a5,80000838 <_printf_float+0x31a>
    80000826:	86da                	mv	a3,s6
    80000828:	8652                	mv	a2,s4
    8000082a:	65a2                	ld	a1,8(sp)
    8000082c:	6502                	ld	a0,0(sp)
    8000082e:	9982                	jalr	s3
    80000830:	57fd                	li	a5,-1
    80000832:	f2f514e3          	bne	a0,a5,8000075a <_printf_float+0x23c>
    80000836:	bb75                	j	800005f2 <_printf_float+0xd4>
    80000838:	65a2                	ld	a1,8(sp)
    8000083a:	6502                	ld	a0,0(sp)
    8000083c:	4685                	li	a3,1
    8000083e:	865e                	mv	a2,s7
    80000840:	9982                	jalr	s3
    80000842:	db8508e3          	beq	a0,s8,800005f2 <_printf_float+0xd4>
    80000846:	2a85                	addiw	s5,s5,1
    80000848:	bfd1                	j	8000081c <_printf_float+0x2fe>
    8000084a:	4c3c                	lw	a5,88(s0)
    8000084c:	4b62                	lw	s6,24(sp)
    8000084e:	00078a9b          	sext.w	s5,a5
    80000852:	00fb5463          	bge	s6,a5,8000085a <_printf_float+0x33c>
    80000856:	000b0a9b          	sext.w	s5,s6
    8000085a:	07504b63          	bgtz	s5,800008d0 <_printf_float+0x3b2>
    8000085e:	4c81                	li	s9,0
    80000860:	84d6                	mv	s1,s5
    80000862:	01a40d13          	addi	s10,s0,26
    80000866:	597d                	li	s2,-1
    80000868:	05842d83          	lw	s11,88(s0)
    8000086c:	87a6                	mv	a5,s1
    8000086e:	000ad363          	bgez	s5,80000874 <_printf_float+0x356>
    80000872:	4781                	li	a5,0
    80000874:	40fd87bb          	subw	a5,s11,a5
    80000878:	06fcc563          	blt	s9,a5,800008e2 <_printf_float+0x3c4>
    8000087c:	47d2                	lw	a5,20(sp)
    8000087e:	0767cb63          	blt	a5,s6,800008f4 <_printf_float+0x3d6>
    80000882:	401c                	lw	a5,0(s0)
    80000884:	8b85                	andi	a5,a5,1
    80000886:	e7bd                	bnez	a5,800008f4 <_printf_float+0x3d6>
    80000888:	4ad2                	lw	s5,20(sp)
    8000088a:	41bb073b          	subw	a4,s6,s11
    8000088e:	415b06bb          	subw	a3,s6,s5
    80000892:	8ab6                	mv	s5,a3
    80000894:	00d75463          	bge	a4,a3,8000089c <_printf_float+0x37e>
    80000898:	00070a9b          	sext.w	s5,a4
    8000089c:	07504563          	bgtz	s5,80000906 <_printf_float+0x3e8>
    800008a0:	4a01                	li	s4,0
    800008a2:	8bd6                	mv	s7,s5
    800008a4:	01a40c13          	addi	s8,s0,26
    800008a8:	5cfd                	li	s9,-1
    800008aa:	47d2                	lw	a5,20(sp)
    800008ac:	875e                	mv	a4,s7
    800008ae:	40fb07bb          	subw	a5,s6,a5
    800008b2:	000ad363          	bgez	s5,800008b8 <_printf_float+0x39a>
    800008b6:	4701                	li	a4,0
    800008b8:	9f99                	subw	a5,a5,a4
    800008ba:	eafa50e3          	bge	s4,a5,8000075a <_printf_float+0x23c>
    800008be:	65a2                	ld	a1,8(sp)
    800008c0:	6502                	ld	a0,0(sp)
    800008c2:	4685                	li	a3,1
    800008c4:	8662                	mv	a2,s8
    800008c6:	9982                	jalr	s3
    800008c8:	d39505e3          	beq	a0,s9,800005f2 <_printf_float+0xd4>
    800008cc:	2a05                	addiw	s4,s4,1
    800008ce:	bff1                	j	800008aa <_printf_float+0x38c>
    800008d0:	65a2                	ld	a1,8(sp)
    800008d2:	6502                	ld	a0,0(sp)
    800008d4:	86d6                	mv	a3,s5
    800008d6:	8652                	mv	a2,s4
    800008d8:	9982                	jalr	s3
    800008da:	57fd                	li	a5,-1
    800008dc:	f8f511e3          	bne	a0,a5,8000085e <_printf_float+0x340>
    800008e0:	bb09                	j	800005f2 <_printf_float+0xd4>
    800008e2:	65a2                	ld	a1,8(sp)
    800008e4:	6502                	ld	a0,0(sp)
    800008e6:	4685                	li	a3,1
    800008e8:	866a                	mv	a2,s10
    800008ea:	9982                	jalr	s3
    800008ec:	d12503e3          	beq	a0,s2,800005f2 <_printf_float+0xd4>
    800008f0:	2c85                	addiw	s9,s9,1
    800008f2:	bf9d                	j	80000868 <_printf_float+0x34a>
    800008f4:	65a2                	ld	a1,8(sp)
    800008f6:	6502                	ld	a0,0(sp)
    800008f8:	86de                	mv	a3,s7
    800008fa:	8662                	mv	a2,s8
    800008fc:	9982                	jalr	s3
    800008fe:	57fd                	li	a5,-1
    80000900:	f8f514e3          	bne	a0,a5,80000888 <_printf_float+0x36a>
    80000904:	b1fd                	j	800005f2 <_printf_float+0xd4>
    80000906:	65a2                	ld	a1,8(sp)
    80000908:	6502                	ld	a0,0(sp)
    8000090a:	86d6                	mv	a3,s5
    8000090c:	01ba0633          	add	a2,s4,s11
    80000910:	9982                	jalr	s3
    80000912:	57fd                	li	a5,-1
    80000914:	f8f516e3          	bne	a0,a5,800008a0 <_printf_float+0x382>
    80000918:	b9e9                	j	800005f2 <_printf_float+0xd4>
    8000091a:	4ae2                	lw	s5,24(sp)
    8000091c:	4705                	li	a4,1
    8000091e:	4685                	li	a3,1
    80000920:	8652                	mv	a2,s4
    80000922:	01574463          	blt	a4,s5,8000092a <_printf_float+0x40c>
    80000926:	8b85                	andi	a5,a5,1
    80000928:	cb85                	beqz	a5,80000958 <_printf_float+0x43a>
    8000092a:	65a2                	ld	a1,8(sp)
    8000092c:	6502                	ld	a0,0(sp)
    8000092e:	5cfd                	li	s9,-1
    80000930:	9982                	jalr	s3
    80000932:	cd9500e3          	beq	a0,s9,800005f2 <_printf_float+0xd4>
    80000936:	65a2                	ld	a1,8(sp)
    80000938:	6502                	ld	a0,0(sp)
    8000093a:	86de                	mv	a3,s7
    8000093c:	8662                	mv	a2,s8
    8000093e:	9982                	jalr	s3
    80000940:	cb9509e3          	beq	a0,s9,800005f2 <_printf_float+0xd4>
    80000944:	2438                	fld	fa4,72(s0)
    80000946:	f20007d3          	fmv.d.x	fa5,zero
    8000094a:	3afd                	addiw	s5,s5,-1
    8000094c:	a2f727d3          	feq.d	a5,fa4,fa5
    80000950:	eb85                	bnez	a5,80000980 <_printf_float+0x462>
    80000952:	86d6                	mv	a3,s5
    80000954:	001a0613          	addi	a2,s4,1
    80000958:	65a2                	ld	a1,8(sp)
    8000095a:	6502                	ld	a0,0(sp)
    8000095c:	9982                	jalr	s3
    8000095e:	01951d63          	bne	a0,s9,80000978 <_printf_float+0x45a>
    80000962:	b941                	j	800005f2 <_printf_float+0xd4>
    80000964:	65a2                	ld	a1,8(sp)
    80000966:	6502                	ld	a0,0(sp)
    80000968:	4685                	li	a3,1
    8000096a:	865e                	mv	a2,s7
    8000096c:	9982                	jalr	s3
    8000096e:	c98502e3          	beq	a0,s8,800005f2 <_printf_float+0xd4>
    80000972:	2a05                	addiw	s4,s4,1
    80000974:	ff5a48e3          	blt	s4,s5,80000964 <_printf_float+0x446>
    80000978:	86da                	mv	a3,s6
    8000097a:	05040613          	addi	a2,s0,80
    8000097e:	b575                	j	8000082a <_printf_float+0x30c>
    80000980:	4a01                	li	s4,0
    80000982:	01a40b93          	addi	s7,s0,26
    80000986:	5c7d                	li	s8,-1
    80000988:	b7f5                	j	80000974 <_printf_float+0x456>
    8000098a:	65a2                	ld	a1,8(sp)
    8000098c:	6502                	ld	a0,0(sp)
    8000098e:	4685                	li	a3,1
    80000990:	8656                	mv	a2,s5
    80000992:	9982                	jalr	s3
    80000994:	c5650fe3          	beq	a0,s6,800005f2 <_printf_float+0xd4>
    80000998:	2a05                	addiw	s4,s4,1
    8000099a:	445c                	lw	a5,12(s0)
    8000099c:	4772                	lw	a4,28(sp)
    8000099e:	9f99                	subw	a5,a5,a4
    800009a0:	fefa45e3          	blt	s4,a5,8000098a <_printf_float+0x46c>
    800009a4:	bb7d                	j	80000762 <_printf_float+0x244>
    800009a6:	4a01                	li	s4,0
    800009a8:	01940a93          	addi	s5,s0,25
    800009ac:	5b7d                	li	s6,-1
    800009ae:	b7f5                	j	8000099a <_printf_float+0x47c>

00000000800009b0 <_printf_common>:
    800009b0:	715d                	addi	sp,sp,-80
    800009b2:	f052                	sd	s4,32(sp)
    800009b4:	ec56                	sd	s5,24(sp)
    800009b6:	8a36                	mv	s4,a3
    800009b8:	8aba                	mv	s5,a4
    800009ba:	4994                	lw	a3,16(a1)
    800009bc:	4598                	lw	a4,8(a1)
    800009be:	e0a2                	sd	s0,64(sp)
    800009c0:	f84a                	sd	s2,48(sp)
    800009c2:	f44e                	sd	s3,40(sp)
    800009c4:	e486                	sd	ra,72(sp)
    800009c6:	fc26                	sd	s1,56(sp)
    800009c8:	e85a                	sd	s6,16(sp)
    800009ca:	e45e                	sd	s7,8(sp)
    800009cc:	89aa                	mv	s3,a0
    800009ce:	842e                	mv	s0,a1
    800009d0:	8932                	mv	s2,a2
    800009d2:	87ba                	mv	a5,a4
    800009d4:	00e6c363          	blt	a3,a4,800009da <_printf_common+0x2a>
    800009d8:	87b6                	mv	a5,a3
    800009da:	00f92023          	sw	a5,0(s2)
    800009de:	04344703          	lbu	a4,67(s0)
    800009e2:	c701                	beqz	a4,800009ea <_printf_common+0x3a>
    800009e4:	2785                	addiw	a5,a5,1
    800009e6:	00f92023          	sw	a5,0(s2)
    800009ea:	401c                	lw	a5,0(s0)
    800009ec:	0207f793          	andi	a5,a5,32
    800009f0:	c791                	beqz	a5,800009fc <_printf_common+0x4c>
    800009f2:	00092783          	lw	a5,0(s2)
    800009f6:	2789                	addiw	a5,a5,2
    800009f8:	00f92023          	sw	a5,0(s2)
    800009fc:	4004                	lw	s1,0(s0)
    800009fe:	8899                	andi	s1,s1,6
    80000a00:	e891                	bnez	s1,80000a14 <_printf_common+0x64>
    80000a02:	01940b13          	addi	s6,s0,25
    80000a06:	5bfd                	li	s7,-1
    80000a08:	445c                	lw	a5,12(s0)
    80000a0a:	00092703          	lw	a4,0(s2)
    80000a0e:	9f99                	subw	a5,a5,a4
    80000a10:	06f4c063          	blt	s1,a5,80000a70 <_printf_common+0xc0>
    80000a14:	04344783          	lbu	a5,67(s0)
    80000a18:	00f03633          	snez	a2,a5
    80000a1c:	00f036b3          	snez	a3,a5
    80000a20:	401c                	lw	a5,0(s0)
    80000a22:	0207f793          	andi	a5,a5,32
    80000a26:	ebb5                	bnez	a5,80000a9a <_printf_common+0xea>
    80000a28:	04340613          	addi	a2,s0,67
    80000a2c:	85d2                	mv	a1,s4
    80000a2e:	854e                	mv	a0,s3
    80000a30:	9a82                	jalr	s5
    80000a32:	57fd                	li	a5,-1
    80000a34:	04f50563          	beq	a0,a5,80000a7e <_printf_common+0xce>
    80000a38:	401c                	lw	a5,0(s0)
    80000a3a:	4711                	li	a4,4
    80000a3c:	4481                	li	s1,0
    80000a3e:	8b99                	andi	a5,a5,6
    80000a40:	00e79b63          	bne	a5,a4,80000a56 <_printf_common+0xa6>
    80000a44:	00092783          	lw	a5,0(s2)
    80000a48:	4444                	lw	s1,12(s0)
    80000a4a:	9c9d                	subw	s1,s1,a5
    80000a4c:	02049793          	slli	a5,s1,0x20
    80000a50:	0007d363          	bgez	a5,80000a56 <_printf_common+0xa6>
    80000a54:	4481                	li	s1,0
    80000a56:	441c                	lw	a5,8(s0)
    80000a58:	4818                	lw	a4,16(s0)
    80000a5a:	00f75463          	bge	a4,a5,80000a62 <_printf_common+0xb2>
    80000a5e:	9f99                	subw	a5,a5,a4
    80000a60:	9cbd                	addw	s1,s1,a5
    80000a62:	4901                	li	s2,0
    80000a64:	0469                	addi	s0,s0,26
    80000a66:	5b7d                	li	s6,-1
    80000a68:	05249a63          	bne	s1,s2,80000abc <_printf_common+0x10c>
    80000a6c:	4501                	li	a0,0
    80000a6e:	a809                	j	80000a80 <_printf_common+0xd0>
    80000a70:	4685                	li	a3,1
    80000a72:	865a                	mv	a2,s6
    80000a74:	85d2                	mv	a1,s4
    80000a76:	854e                	mv	a0,s3
    80000a78:	9a82                	jalr	s5
    80000a7a:	01751e63          	bne	a0,s7,80000a96 <_printf_common+0xe6>
    80000a7e:	557d                	li	a0,-1
    80000a80:	60a6                	ld	ra,72(sp)
    80000a82:	6406                	ld	s0,64(sp)
    80000a84:	74e2                	ld	s1,56(sp)
    80000a86:	7942                	ld	s2,48(sp)
    80000a88:	79a2                	ld	s3,40(sp)
    80000a8a:	7a02                	ld	s4,32(sp)
    80000a8c:	6ae2                	ld	s5,24(sp)
    80000a8e:	6b42                	ld	s6,16(sp)
    80000a90:	6ba2                	ld	s7,8(sp)
    80000a92:	6161                	addi	sp,sp,80
    80000a94:	8082                	ret
    80000a96:	2485                	addiw	s1,s1,1
    80000a98:	bf85                	j	80000a08 <_printf_common+0x58>
    80000a9a:	00d407b3          	add	a5,s0,a3
    80000a9e:	03000693          	li	a3,48
    80000aa2:	04d781a3          	sb	a3,67(a5)
    80000aa6:	0016071b          	addiw	a4,a2,1
    80000aaa:	0026069b          	addiw	a3,a2,2
    80000aae:	04544603          	lbu	a2,69(s0)
    80000ab2:	00e407b3          	add	a5,s0,a4
    80000ab6:	04c781a3          	sb	a2,67(a5)
    80000aba:	b7bd                	j	80000a28 <_printf_common+0x78>
    80000abc:	4685                	li	a3,1
    80000abe:	8622                	mv	a2,s0
    80000ac0:	85d2                	mv	a1,s4
    80000ac2:	854e                	mv	a0,s3
    80000ac4:	9a82                	jalr	s5
    80000ac6:	fb650ce3          	beq	a0,s6,80000a7e <_printf_common+0xce>
    80000aca:	2905                	addiw	s2,s2,1
    80000acc:	bf71                	j	80000a68 <_printf_common+0xb8>

0000000080000ace <_printf_i>:
    80000ace:	715d                	addi	sp,sp,-80
    80000ad0:	e0a2                	sd	s0,64(sp)
    80000ad2:	f84a                	sd	s2,48(sp)
    80000ad4:	f44e                	sd	s3,40(sp)
    80000ad6:	f052                	sd	s4,32(sp)
    80000ad8:	e486                	sd	ra,72(sp)
    80000ada:	fc26                	sd	s1,56(sp)
    80000adc:	ec56                	sd	s5,24(sp)
    80000ade:	e85a                	sd	s6,16(sp)
    80000ae0:	0185c803          	lbu	a6,24(a1)
    80000ae4:	07800793          	li	a5,120
    80000ae8:	892a                	mv	s2,a0
    80000aea:	842e                	mv	s0,a1
    80000aec:	89b2                	mv	s3,a2
    80000aee:	8a36                	mv	s4,a3
    80000af0:	0307e263          	bltu	a5,a6,80000b14 <_printf_i+0x46>
    80000af4:	06200793          	li	a5,98
    80000af8:	04358693          	addi	a3,a1,67
    80000afc:	0307e163          	bltu	a5,a6,80000b1e <_printf_i+0x50>
    80000b00:	1c080663          	beqz	a6,80000ccc <_printf_i+0x1fe>
    80000b04:	05800793          	li	a5,88
    80000b08:	00003617          	auipc	a2,0x3
    80000b0c:	6c860613          	addi	a2,a2,1736 # 800041d0 <__tbss_end+0x5a>
    80000b10:	14f80a63          	beq	a6,a5,80000c64 <_printf_i+0x196>
    80000b14:	04240493          	addi	s1,s0,66
    80000b18:	05040123          	sb	a6,66(s0)
    80000b1c:	a815                	j	80000b50 <_printf_i+0x82>
    80000b1e:	f9d8079b          	addiw	a5,a6,-99
    80000b22:	0ff7f793          	zext.b	a5,a5
    80000b26:	4655                	li	a2,21
    80000b28:	fef666e3          	bltu	a2,a5,80000b14 <_printf_i+0x46>
    80000b2c:	00004617          	auipc	a2,0x4
    80000b30:	92460613          	addi	a2,a2,-1756 # 80004450 <__tbss_end+0x2da>
    80000b34:	078a                	slli	a5,a5,0x2
    80000b36:	97b2                	add	a5,a5,a2
    80000b38:	439c                	lw	a5,0(a5)
    80000b3a:	97b2                	add	a5,a5,a2
    80000b3c:	8782                	jr	a5
    80000b3e:	631c                	ld	a5,0(a4)
    80000b40:	04258493          	addi	s1,a1,66
    80000b44:	00878693          	addi	a3,a5,8
    80000b48:	439c                	lw	a5,0(a5)
    80000b4a:	e314                	sd	a3,0(a4)
    80000b4c:	04f58123          	sb	a5,66(a1)
    80000b50:	4785                	li	a5,1
    80000b52:	aa4d                	j	80000d04 <_printf_i+0x236>
    80000b54:	419c                	lw	a5,0(a1)
    80000b56:	6308                	ld	a0,0(a4)
    80000b58:	0807f613          	andi	a2,a5,128
    80000b5c:	00850593          	addi	a1,a0,8
    80000b60:	c20d                	beqz	a2,80000b82 <_printf_i+0xb4>
    80000b62:	611c                	ld	a5,0(a0)
    80000b64:	e30c                	sd	a1,0(a4)
    80000b66:	0007d863          	bgez	a5,80000b76 <_printf_i+0xa8>
    80000b6a:	02d00713          	li	a4,45
    80000b6e:	40f007b3          	neg	a5,a5
    80000b72:	04e401a3          	sb	a4,67(s0)
    80000b76:	00003617          	auipc	a2,0x3
    80000b7a:	65a60613          	addi	a2,a2,1626 # 800041d0 <__tbss_end+0x5a>
    80000b7e:	4829                	li	a6,10
    80000b80:	a83d                	j	80000bbe <_printf_i+0xf0>
    80000b82:	0407f613          	andi	a2,a5,64
    80000b86:	411c                	lw	a5,0(a0)
    80000b88:	e30c                	sd	a1,0(a4)
    80000b8a:	de71                	beqz	a2,80000b66 <_printf_i+0x98>
    80000b8c:	0107979b          	slliw	a5,a5,0x10
    80000b90:	4107d79b          	sraiw	a5,a5,0x10
    80000b94:	bfc9                	j	80000b66 <_printf_i+0x98>
    80000b96:	4190                	lw	a2,0(a1)
    80000b98:	631c                	ld	a5,0(a4)
    80000b9a:	08067513          	andi	a0,a2,128
    80000b9e:	00878593          	addi	a1,a5,8
    80000ba2:	cd41                	beqz	a0,80000c3a <_printf_i+0x16c>
    80000ba4:	639c                	ld	a5,0(a5)
    80000ba6:	e30c                	sd	a1,0(a4)
    80000ba8:	06f00713          	li	a4,111
    80000bac:	00003617          	auipc	a2,0x3
    80000bb0:	62460613          	addi	a2,a2,1572 # 800041d0 <__tbss_end+0x5a>
    80000bb4:	0ee81e63          	bne	a6,a4,80000cb0 <_printf_i+0x1e2>
    80000bb8:	4821                	li	a6,8
    80000bba:	040401a3          	sb	zero,67(s0)
    80000bbe:	4058                	lw	a4,4(s0)
    80000bc0:	c418                	sw	a4,8(s0)
    80000bc2:	00074563          	bltz	a4,80000bcc <_printf_i+0xfe>
    80000bc6:	400c                	lw	a1,0(s0)
    80000bc8:	99ed                	andi	a1,a1,-5
    80000bca:	c00c                	sw	a1,0(s0)
    80000bcc:	e399                	bnez	a5,80000bd2 <_printf_i+0x104>
    80000bce:	84b6                	mv	s1,a3
    80000bd0:	cf19                	beqz	a4,80000bee <_printf_i+0x120>
    80000bd2:	84b6                	mv	s1,a3
    80000bd4:	0307f733          	remu	a4,a5,a6
    80000bd8:	14fd                	addi	s1,s1,-1
    80000bda:	9732                	add	a4,a4,a2
    80000bdc:	00074703          	lbu	a4,0(a4)
    80000be0:	00e48023          	sb	a4,0(s1)
    80000be4:	873e                	mv	a4,a5
    80000be6:	0307d7b3          	divu	a5,a5,a6
    80000bea:	ff0775e3          	bgeu	a4,a6,80000bd4 <_printf_i+0x106>
    80000bee:	47a1                	li	a5,8
    80000bf0:	00f81e63          	bne	a6,a5,80000c0c <_printf_i+0x13e>
    80000bf4:	401c                	lw	a5,0(s0)
    80000bf6:	8b85                	andi	a5,a5,1
    80000bf8:	cb91                	beqz	a5,80000c0c <_printf_i+0x13e>
    80000bfa:	4058                	lw	a4,4(s0)
    80000bfc:	481c                	lw	a5,16(s0)
    80000bfe:	00e7c763          	blt	a5,a4,80000c0c <_printf_i+0x13e>
    80000c02:	03000793          	li	a5,48
    80000c06:	fef48fa3          	sb	a5,-1(s1)
    80000c0a:	14fd                	addi	s1,s1,-1
    80000c0c:	8e85                	sub	a3,a3,s1
    80000c0e:	c814                	sw	a3,16(s0)
    80000c10:	8752                	mv	a4,s4
    80000c12:	86ce                	mv	a3,s3
    80000c14:	0070                	addi	a2,sp,12
    80000c16:	85a2                	mv	a1,s0
    80000c18:	854a                	mv	a0,s2
    80000c1a:	d97ff0ef          	jal	800009b0 <_printf_common>
    80000c1e:	5afd                	li	s5,-1
    80000c20:	0f551663          	bne	a0,s5,80000d0c <_printf_i+0x23e>
    80000c24:	557d                	li	a0,-1
    80000c26:	60a6                	ld	ra,72(sp)
    80000c28:	6406                	ld	s0,64(sp)
    80000c2a:	74e2                	ld	s1,56(sp)
    80000c2c:	7942                	ld	s2,48(sp)
    80000c2e:	79a2                	ld	s3,40(sp)
    80000c30:	7a02                	ld	s4,32(sp)
    80000c32:	6ae2                	ld	s5,24(sp)
    80000c34:	6b42                	ld	s6,16(sp)
    80000c36:	6161                	addi	sp,sp,80
    80000c38:	8082                	ret
    80000c3a:	439c                	lw	a5,0(a5)
    80000c3c:	04067613          	andi	a2,a2,64
    80000c40:	e30c                	sd	a1,0(a4)
    80000c42:	c601                	beqz	a2,80000c4a <_printf_i+0x17c>
    80000c44:	17c2                	slli	a5,a5,0x30
    80000c46:	93c1                	srli	a5,a5,0x30
    80000c48:	b785                	j	80000ba8 <_printf_i+0xda>
    80000c4a:	1782                	slli	a5,a5,0x20
    80000c4c:	9381                	srli	a5,a5,0x20
    80000c4e:	bfa9                	j	80000ba8 <_printf_i+0xda>
    80000c50:	419c                	lw	a5,0(a1)
    80000c52:	0a07e793          	ori	a5,a5,160
    80000c56:	c19c                	sw	a5,0(a1)
    80000c58:	07800813          	li	a6,120
    80000c5c:	00003617          	auipc	a2,0x3
    80000c60:	58c60613          	addi	a2,a2,1420 # 800041e8 <__tbss_end+0x72>
    80000c64:	050402a3          	sb	a6,69(s0)
    80000c68:	400c                	lw	a1,0(s0)
    80000c6a:	631c                	ld	a5,0(a4)
    80000c6c:	0805f813          	andi	a6,a1,128
    80000c70:	00878513          	addi	a0,a5,8
    80000c74:	00080d63          	beqz	a6,80000c8e <_printf_i+0x1c0>
    80000c78:	639c                	ld	a5,0(a5)
    80000c7a:	e308                	sd	a0,0(a4)
    80000c7c:	0015f713          	andi	a4,a1,1
    80000c80:	c701                	beqz	a4,80000c88 <_printf_i+0x1ba>
    80000c82:	0205e593          	ori	a1,a1,32
    80000c86:	c00c                	sw	a1,0(s0)
    80000c88:	cf99                	beqz	a5,80000ca6 <_printf_i+0x1d8>
    80000c8a:	4841                	li	a6,16
    80000c8c:	b73d                	j	80000bba <_printf_i+0xec>
    80000c8e:	439c                	lw	a5,0(a5)
    80000c90:	0405f813          	andi	a6,a1,64
    80000c94:	e308                	sd	a0,0(a4)
    80000c96:	00080563          	beqz	a6,80000ca0 <_printf_i+0x1d2>
    80000c9a:	17c2                	slli	a5,a5,0x30
    80000c9c:	93c1                	srli	a5,a5,0x30
    80000c9e:	bff9                	j	80000c7c <_printf_i+0x1ae>
    80000ca0:	1782                	slli	a5,a5,0x20
    80000ca2:	9381                	srli	a5,a5,0x20
    80000ca4:	bfe1                	j	80000c7c <_printf_i+0x1ae>
    80000ca6:	4018                	lw	a4,0(s0)
    80000ca8:	fdf77713          	andi	a4,a4,-33
    80000cac:	c018                	sw	a4,0(s0)
    80000cae:	bff1                	j	80000c8a <_printf_i+0x1bc>
    80000cb0:	4829                	li	a6,10
    80000cb2:	b721                	j	80000bba <_printf_i+0xec>
    80000cb4:	4190                	lw	a2,0(a1)
    80000cb6:	631c                	ld	a5,0(a4)
    80000cb8:	49cc                	lw	a1,20(a1)
    80000cba:	08067813          	andi	a6,a2,128
    80000cbe:	00878513          	addi	a0,a5,8
    80000cc2:	00080963          	beqz	a6,80000cd4 <_printf_i+0x206>
    80000cc6:	e308                	sd	a0,0(a4)
    80000cc8:	639c                	ld	a5,0(a5)
    80000cca:	e38c                	sd	a1,0(a5)
    80000ccc:	00042823          	sw	zero,16(s0)
    80000cd0:	84b6                	mv	s1,a3
    80000cd2:	bf3d                	j	80000c10 <_printf_i+0x142>
    80000cd4:	e308                	sd	a0,0(a4)
    80000cd6:	04067613          	andi	a2,a2,64
    80000cda:	639c                	ld	a5,0(a5)
    80000cdc:	c601                	beqz	a2,80000ce4 <_printf_i+0x216>
    80000cde:	00b79023          	sh	a1,0(a5)
    80000ce2:	b7ed                	j	80000ccc <_printf_i+0x1fe>
    80000ce4:	c38c                	sw	a1,0(a5)
    80000ce6:	b7dd                	j	80000ccc <_printf_i+0x1fe>
    80000ce8:	631c                	ld	a5,0(a4)
    80000cea:	41d0                	lw	a2,4(a1)
    80000cec:	4581                	li	a1,0
    80000cee:	00878693          	addi	a3,a5,8
    80000cf2:	e314                	sd	a3,0(a4)
    80000cf4:	6384                	ld	s1,0(a5)
    80000cf6:	8526                	mv	a0,s1
    80000cf8:	0b0000ef          	jal	80000da8 <memchr>
    80000cfc:	c119                	beqz	a0,80000d02 <_printf_i+0x234>
    80000cfe:	8d05                	sub	a0,a0,s1
    80000d00:	c048                	sw	a0,4(s0)
    80000d02:	405c                	lw	a5,4(s0)
    80000d04:	c81c                	sw	a5,16(s0)
    80000d06:	040401a3          	sb	zero,67(s0)
    80000d0a:	b719                	j	80000c10 <_printf_i+0x142>
    80000d0c:	4814                	lw	a3,16(s0)
    80000d0e:	8626                	mv	a2,s1
    80000d10:	85ce                	mv	a1,s3
    80000d12:	854a                	mv	a0,s2
    80000d14:	9a02                	jalr	s4
    80000d16:	f15507e3          	beq	a0,s5,80000c24 <_printf_i+0x156>
    80000d1a:	401c                	lw	a5,0(s0)
    80000d1c:	8b89                	andi	a5,a5,2
    80000d1e:	eb85                	bnez	a5,80000d4e <_printf_i+0x280>
    80000d20:	4458                	lw	a4,12(s0)
    80000d22:	47b2                	lw	a5,12(sp)
    80000d24:	0007051b          	sext.w	a0,a4
    80000d28:	eef75fe3          	bge	a4,a5,80000c26 <_printf_i+0x158>
    80000d2c:	0007851b          	sext.w	a0,a5
    80000d30:	bddd                	j	80000c26 <_printf_i+0x158>
    80000d32:	4685                	li	a3,1
    80000d34:	8656                	mv	a2,s5
    80000d36:	85ce                	mv	a1,s3
    80000d38:	854a                	mv	a0,s2
    80000d3a:	9a02                	jalr	s4
    80000d3c:	ef6504e3          	beq	a0,s6,80000c24 <_printf_i+0x156>
    80000d40:	2485                	addiw	s1,s1,1
    80000d42:	445c                	lw	a5,12(s0)
    80000d44:	4732                	lw	a4,12(sp)
    80000d46:	9f99                	subw	a5,a5,a4
    80000d48:	fef4c5e3          	blt	s1,a5,80000d32 <_printf_i+0x264>
    80000d4c:	bfd1                	j	80000d20 <_printf_i+0x252>
    80000d4e:	4481                	li	s1,0
    80000d50:	01940a93          	addi	s5,s0,25
    80000d54:	5b7d                	li	s6,-1
    80000d56:	b7f5                	j	80000d42 <_printf_i+0x274>

0000000080000d58 <_iprintf_r>:
    80000d58:	715d                	addi	sp,sp,-80
    80000d5a:	f032                	sd	a2,32(sp)
    80000d5c:	f436                	sd	a3,40(sp)
    80000d5e:	f83a                	sd	a4,48(sp)
    80000d60:	fc3e                	sd	a5,56(sp)
    80000d62:	e0c2                	sd	a6,64(sp)
    80000d64:	e4c6                	sd	a7,72(sp)
    80000d66:	862e                	mv	a2,a1
    80000d68:	690c                	ld	a1,16(a0)
    80000d6a:	1014                	addi	a3,sp,32
    80000d6c:	ec06                	sd	ra,24(sp)
    80000d6e:	e436                	sd	a3,8(sp)
    80000d70:	2e9010ef          	jal	80002858 <_vfiprintf_r>
    80000d74:	60e2                	ld	ra,24(sp)
    80000d76:	6161                	addi	sp,sp,80
    80000d78:	8082                	ret

0000000080000d7a <iprintf>:
    80000d7a:	711d                	addi	sp,sp,-96
    80000d7c:	f832                	sd	a2,48(sp)
    80000d7e:	fc36                	sd	a3,56(sp)
    80000d80:	e4be                	sd	a5,72(sp)
    80000d82:	f42e                	sd	a1,40(sp)
    80000d84:	e0ba                	sd	a4,64(sp)
    80000d86:	e8c2                	sd	a6,80(sp)
    80000d88:	ecc6                	sd	a7,88(sp)
    80000d8a:	00004797          	auipc	a5,0x4
    80000d8e:	c167b783          	ld	a5,-1002(a5) # 800049a0 <_impure_ptr>
    80000d92:	6b8c                	ld	a1,16(a5)
    80000d94:	1034                	addi	a3,sp,40
    80000d96:	862a                	mv	a2,a0
    80000d98:	853e                	mv	a0,a5
    80000d9a:	ec06                	sd	ra,24(sp)
    80000d9c:	e436                	sd	a3,8(sp)
    80000d9e:	2bb010ef          	jal	80002858 <_vfiprintf_r>
    80000da2:	60e2                	ld	ra,24(sp)
    80000da4:	6125                	addi	sp,sp,96
    80000da6:	8082                	ret

0000000080000da8 <memchr>:
    80000da8:	0ff5f593          	zext.b	a1,a1
    80000dac:	962a                	add	a2,a2,a0
    80000dae:	00c51463          	bne	a0,a2,80000db6 <memchr+0xe>
    80000db2:	4501                	li	a0,0
    80000db4:	8082                	ret
    80000db6:	00054783          	lbu	a5,0(a0)
    80000dba:	feb78de3          	beq	a5,a1,80000db4 <memchr+0xc>
    80000dbe:	0505                	addi	a0,a0,1
    80000dc0:	b7fd                	j	80000dae <memchr+0x6>

0000000080000dc2 <__localeconv_l>:
    80000dc2:	10050513          	addi	a0,a0,256
    80000dc6:	8082                	ret

0000000080000dc8 <_localeconv_r>:
    80000dc8:	00004517          	auipc	a0,0x4
    80000dcc:	b3050513          	addi	a0,a0,-1232 # 800048f8 <__global_locale+0x100>
    80000dd0:	8082                	ret

0000000080000dd2 <localeconv>:
    80000dd2:	00004517          	auipc	a0,0x4
    80000dd6:	b2650513          	addi	a0,a0,-1242 # 800048f8 <__global_locale+0x100>
    80000dda:	8082                	ret

0000000080000ddc <strlen>:
    80000ddc:	87aa                	mv	a5,a0
    80000dde:	0007c703          	lbu	a4,0(a5)
    80000de2:	0785                	addi	a5,a5,1
    80000de4:	ff6d                	bnez	a4,80000dde <strlen+0x2>
    80000de6:	40a78533          	sub	a0,a5,a0
    80000dea:	157d                	addi	a0,a0,-1
    80000dec:	8082                	ret

0000000080000dee <quorem>:
    80000dee:	7139                	addi	sp,sp,-64
    80000df0:	f822                	sd	s0,48(sp)
    80000df2:	495c                	lw	a5,20(a0)
    80000df4:	49c0                	lw	s0,20(a1)
    80000df6:	fc06                	sd	ra,56(sp)
    80000df8:	f426                	sd	s1,40(sp)
    80000dfa:	f04a                	sd	s2,32(sp)
    80000dfc:	ec4e                	sd	s3,24(sp)
    80000dfe:	e852                	sd	s4,16(sp)
    80000e00:	e456                	sd	s5,8(sp)
    80000e02:	e05a                	sd	s6,0(sp)
    80000e04:	1287c963          	blt	a5,s0,80000f36 <quorem+0x148>
    80000e08:	347d                	addiw	s0,s0,-1
    80000e0a:	00241613          	slli	a2,s0,0x2
    80000e0e:	01858a93          	addi	s5,a1,24
    80000e12:	00ca8a33          	add	s4,s5,a2
    80000e16:	01850993          	addi	s3,a0,24
    80000e1a:	000a2483          	lw	s1,0(s4)
    80000e1e:	964e                	add	a2,a2,s3
    80000e20:	421c                	lw	a5,0(a2)
    80000e22:	0014871b          	addiw	a4,s1,1
    80000e26:	892a                	mv	s2,a0
    80000e28:	02e7db3b          	divuw	s6,a5,a4
    80000e2c:	84da                	mv	s1,s6
    80000e2e:	06e7e863          	bltu	a5,a4,80000e9e <quorem+0xb0>
    80000e32:	6541                	lui	a0,0x10
    80000e34:	834e                	mv	t1,s3
    80000e36:	88d6                	mv	a7,s5
    80000e38:	4e01                	li	t3,0
    80000e3a:	4e81                	li	t4,0
    80000e3c:	157d                	addi	a0,a0,-1 # ffff <__stack_size+0x7fff>
    80000e3e:	0008a703          	lw	a4,0(a7)
    80000e42:	0891                	addi	a7,a7,4
    80000e44:	0311                	addi	t1,t1,4
    80000e46:	00a77833          	and	a6,a4,a0
    80000e4a:	0368083b          	mulw	a6,a6,s6
    80000e4e:	0107571b          	srliw	a4,a4,0x10
    80000e52:	0367073b          	mulw	a4,a4,s6
    80000e56:	01c8083b          	addw	a6,a6,t3
    80000e5a:	0108579b          	srliw	a5,a6,0x10
    80000e5e:	01057833          	and	a6,a0,a6
    80000e62:	9f3d                	addw	a4,a4,a5
    80000e64:	ffc32783          	lw	a5,-4(t1)
    80000e68:	01075e1b          	srliw	t3,a4,0x10
    80000e6c:	8f69                	and	a4,a4,a0
    80000e6e:	00a7f6b3          	and	a3,a5,a0
    80000e72:	410686bb          	subw	a3,a3,a6
    80000e76:	01d686bb          	addw	a3,a3,t4
    80000e7a:	0107d79b          	srliw	a5,a5,0x10
    80000e7e:	9f99                	subw	a5,a5,a4
    80000e80:	4106d71b          	sraiw	a4,a3,0x10
    80000e84:	9fb9                	addw	a5,a5,a4
    80000e86:	4107de9b          	sraiw	t4,a5,0x10
    80000e8a:	8ee9                	and	a3,a3,a0
    80000e8c:	0107979b          	slliw	a5,a5,0x10
    80000e90:	8edd                	or	a3,a3,a5
    80000e92:	fed32e23          	sw	a3,-4(t1)
    80000e96:	fb1a74e3          	bgeu	s4,a7,80000e3e <quorem+0x50>
    80000e9a:	421c                	lw	a5,0(a2)
    80000e9c:	cfb5                	beqz	a5,80000f18 <quorem+0x12a>
    80000e9e:	854a                	mv	a0,s2
    80000ea0:	416010ef          	jal	800022b6 <__mcmp>
    80000ea4:	04054b63          	bltz	a0,80000efa <quorem+0x10c>
    80000ea8:	6641                	lui	a2,0x10
    80000eaa:	85ce                	mv	a1,s3
    80000eac:	86d6                	mv	a3,s5
    80000eae:	4801                	li	a6,0
    80000eb0:	167d                	addi	a2,a2,-1 # ffff <__stack_size+0x7fff>
    80000eb2:	4288                	lw	a0,0(a3)
    80000eb4:	419c                	lw	a5,0(a1)
    80000eb6:	0691                	addi	a3,a3,4
    80000eb8:	00c578b3          	and	a7,a0,a2
    80000ebc:	00c7f733          	and	a4,a5,a2
    80000ec0:	4117073b          	subw	a4,a4,a7
    80000ec4:	0107073b          	addw	a4,a4,a6
    80000ec8:	0105551b          	srliw	a0,a0,0x10
    80000ecc:	0107d79b          	srliw	a5,a5,0x10
    80000ed0:	9f89                	subw	a5,a5,a0
    80000ed2:	4107551b          	sraiw	a0,a4,0x10
    80000ed6:	9fa9                	addw	a5,a5,a0
    80000ed8:	4107d81b          	sraiw	a6,a5,0x10
    80000edc:	8f71                	and	a4,a4,a2
    80000ede:	0107979b          	slliw	a5,a5,0x10
    80000ee2:	8f5d                	or	a4,a4,a5
    80000ee4:	c198                	sw	a4,0(a1)
    80000ee6:	0591                	addi	a1,a1,4
    80000ee8:	fcda75e3          	bgeu	s4,a3,80000eb2 <quorem+0xc4>
    80000eec:	00241793          	slli	a5,s0,0x2
    80000ef0:	97ce                	add	a5,a5,s3
    80000ef2:	4398                	lw	a4,0(a5)
    80000ef4:	cb1d                	beqz	a4,80000f2a <quorem+0x13c>
    80000ef6:	00148b1b          	addiw	s6,s1,1
    80000efa:	000b051b          	sext.w	a0,s6
    80000efe:	70e2                	ld	ra,56(sp)
    80000f00:	7442                	ld	s0,48(sp)
    80000f02:	74a2                	ld	s1,40(sp)
    80000f04:	7902                	ld	s2,32(sp)
    80000f06:	69e2                	ld	s3,24(sp)
    80000f08:	6a42                	ld	s4,16(sp)
    80000f0a:	6aa2                	ld	s5,8(sp)
    80000f0c:	6b02                	ld	s6,0(sp)
    80000f0e:	6121                	addi	sp,sp,64
    80000f10:	8082                	ret
    80000f12:	421c                	lw	a5,0(a2)
    80000f14:	e789                	bnez	a5,80000f1e <quorem+0x130>
    80000f16:	347d                	addiw	s0,s0,-1
    80000f18:	1671                	addi	a2,a2,-4
    80000f1a:	fec9ece3          	bltu	s3,a2,80000f12 <quorem+0x124>
    80000f1e:	00892a23          	sw	s0,20(s2)
    80000f22:	bfb5                	j	80000e9e <quorem+0xb0>
    80000f24:	4398                	lw	a4,0(a5)
    80000f26:	e709                	bnez	a4,80000f30 <quorem+0x142>
    80000f28:	347d                	addiw	s0,s0,-1
    80000f2a:	17f1                	addi	a5,a5,-4
    80000f2c:	fef9ece3          	bltu	s3,a5,80000f24 <quorem+0x136>
    80000f30:	00892a23          	sw	s0,20(s2)
    80000f34:	b7c9                	j	80000ef6 <quorem+0x108>
    80000f36:	4501                	li	a0,0
    80000f38:	b7d9                	j	80000efe <quorem+0x110>

0000000080000f3a <_dtoa_r>:
    80000f3a:	7155                	addi	sp,sp,-208
    80000f3c:	f54e                	sd	s3,168(sp)
    80000f3e:	e20509d3          	fmv.x.d	s3,fa0
    80000f42:	f43e                	sd	a5,40(sp)
    80000f44:	7d1c                	ld	a5,56(a0)
    80000f46:	e1a2                	sd	s0,192(sp)
    80000f48:	e55e                	sd	s7,136(sp)
    80000f4a:	e586                	sd	ra,200(sp)
    80000f4c:	fd26                	sd	s1,184(sp)
    80000f4e:	f94a                	sd	s2,176(sp)
    80000f50:	f152                	sd	s4,160(sp)
    80000f52:	ed56                	sd	s5,152(sp)
    80000f54:	e95a                	sd	s6,144(sp)
    80000f56:	e162                	sd	s8,128(sp)
    80000f58:	fce6                	sd	s9,120(sp)
    80000f5a:	f8ea                	sd	s10,112(sp)
    80000f5c:	f4ee                	sd	s11,104(sp)
    80000f5e:	e42a                	sd	a0,8(sp)
    80000f60:	f032                	sd	a2,32(sp)
    80000f62:	e4b6                	sd	a3,72(sp)
    80000f64:	ec4e                	sd	s3,24(sp)
    80000f66:	8bae                	mv	s7,a1
    80000f68:	843a                	mv	s0,a4
    80000f6a:	ef8d                	bnez	a5,80000fa4 <_dtoa_r+0x6a>
    80000f6c:	02000513          	li	a0,32
    80000f70:	295000ef          	jal	80001a04 <malloc>
    80000f74:	67a2                	ld	a5,8(sp)
    80000f76:	ff88                	sd	a0,56(a5)
    80000f78:	ed11                	bnez	a0,80000f94 <_dtoa_r+0x5a>
    80000f7a:	00003697          	auipc	a3,0x3
    80000f7e:	29e68693          	addi	a3,a3,670 # 80004218 <__tbss_end+0xa2>
    80000f82:	4601                	li	a2,0
    80000f84:	0ef00593          	li	a1,239
    80000f88:	00003517          	auipc	a0,0x3
    80000f8c:	2a850513          	addi	a0,a0,680 # 80004230 <__tbss_end+0xba>
    80000f90:	54c020ef          	jal	800034dc <__assert_func>
    80000f94:	00052423          	sw	zero,8(a0)
    80000f98:	00053823          	sd	zero,16(a0)
    80000f9c:	00053023          	sd	zero,0(a0)
    80000fa0:	00053c23          	sd	zero,24(a0)
    80000fa4:	67a2                	ld	a5,8(sp)
    80000fa6:	7f9c                	ld	a5,56(a5)
    80000fa8:	638c                	ld	a1,0(a5)
    80000faa:	cd91                	beqz	a1,80000fc6 <_dtoa_r+0x8c>
    80000fac:	4798                	lw	a4,8(a5)
    80000fae:	6522                	ld	a0,8(sp)
    80000fb0:	4785                	li	a5,1
    80000fb2:	00e797bb          	sllw	a5,a5,a4
    80000fb6:	c5dc                	sw	a5,12(a1)
    80000fb8:	c598                	sw	a4,8(a1)
    80000fba:	49f000ef          	jal	80001c58 <_Bfree>
    80000fbe:	67a2                	ld	a5,8(sp)
    80000fc0:	7f9c                	ld	a5,56(a5)
    80000fc2:	0007b023          	sd	zero,0(a5)
    80000fc6:	4209d793          	srai	a5,s3,0x20
    80000fca:	0409dd63          	bgez	s3,80001024 <_dtoa_r+0xea>
    80000fce:	4705                	li	a4,1
    80000fd0:	c018                	sw	a4,0(s0)
    80000fd2:	577d                	li	a4,-1
    80000fd4:	1786                	slli	a5,a5,0x21
    80000fd6:	9301                	srli	a4,a4,0x20
    80000fd8:	8385                	srli	a5,a5,0x1
    80000fda:	01377733          	and	a4,a4,s3
    80000fde:	8fd9                	or	a5,a5,a4
    80000fe0:	ec3e                	sd	a5,24(sp)
    80000fe2:	67e2                	ld	a5,24(sp)
    80000fe4:	7ff00737          	lui	a4,0x7ff00
    80000fe8:	4207da13          	srai	s4,a5,0x20
    80000fec:	7ff007b7          	lui	a5,0x7ff00
    80000ff0:	00fa77b3          	and	a5,s4,a5
    80000ff4:	02e79b63          	bne	a5,a4,8000102a <_dtoa_r+0xf0>
    80000ff8:	6726                	ld	a4,72(sp)
    80000ffa:	6789                	lui	a5,0x2
    80000ffc:	70f78793          	addi	a5,a5,1807 # 270f <__stack_align+0x26ff>
    80001000:	c31c                	sw	a5,0(a4)
    80001002:	67e2                	ld	a5,24(sp)
    80001004:	07b2                	slli	a5,a5,0xc
    80001006:	180783e3          	beqz	a5,8000198c <_dtoa_r+0xa52>
    8000100a:	77a2                	ld	a5,40(sp)
    8000100c:	00003997          	auipc	s3,0x3
    80001010:	20498993          	addi	s3,s3,516 # 80004210 <__tbss_end+0x9a>
    80001014:	180788e3          	beqz	a5,800019a4 <_dtoa_r+0xa6a>
    80001018:	00003797          	auipc	a5,0x3
    8000101c:	1fb78793          	addi	a5,a5,507 # 80004213 <__tbss_end+0x9d>
    80001020:	1810006f          	j	800019a0 <_dtoa_r+0xa66>
    80001024:	00042023          	sw	zero,0(s0)
    80001028:	bf6d                	j	80000fe2 <_dtoa_r+0xa8>
    8000102a:	6962                	ld	s2,24(sp)
    8000102c:	f20007d3          	fmv.d.x	fa5,zero
    80001030:	f2090753          	fmv.d.x	fa4,s2
    80001034:	a2f727d3          	feq.d	a5,fa4,fa5
    80001038:	c395                	beqz	a5,8000105c <_dtoa_r+0x122>
    8000103a:	6726                	ld	a4,72(sp)
    8000103c:	4785                	li	a5,1
    8000103e:	c31c                	sw	a5,0(a4)
    80001040:	77a2                	ld	a5,40(sp)
    80001042:	c799                	beqz	a5,80001050 <_dtoa_r+0x116>
    80001044:	7722                	ld	a4,40(sp)
    80001046:	00003797          	auipc	a5,0x3
    8000104a:	18378793          	addi	a5,a5,387 # 800041c9 <__tbss_end+0x53>
    8000104e:	e31c                	sd	a5,0(a4)
    80001050:	00003997          	auipc	s3,0x3
    80001054:	17898993          	addi	s3,s3,376 # 800041c8 <__tbss_end+0x52>
    80001058:	14d0006f          	j	800019a4 <_dtoa_r+0xa6a>
    8000105c:	2562                	fld	fa0,24(sp)
    8000105e:	6522                	ld	a0,8(sp)
    80001060:	08b0                	addi	a2,sp,88
    80001062:	08ec                	addi	a1,sp,92
    80001064:	526010ef          	jal	8000258a <__d2b>
    80001068:	014a579b          	srliw	a5,s4,0x14
    8000106c:	e82a                	sd	a0,16(sp)
    8000106e:	7ff7f793          	andi	a5,a5,2047
    80001072:	4666                	lw	a2,88(sp)
    80001074:	cfed                	beqz	a5,8000116e <_dtoa_r+0x234>
    80001076:	00c91713          	slli	a4,s2,0xc
    8000107a:	65e2                	ld	a1,24(sp)
    8000107c:	9331                	srli	a4,a4,0x2c
    8000107e:	3ff006b7          	lui	a3,0x3ff00
    80001082:	8f55                	or	a4,a4,a3
    80001084:	c017879b          	addiw	a5,a5,-1023
    80001088:	4a01                	li	s4,0
    8000108a:	02071693          	slli	a3,a4,0x20
    8000108e:	577d                	li	a4,-1
    80001090:	9301                	srli	a4,a4,0x20
    80001092:	8f6d                	and	a4,a4,a1
    80001094:	8f55                	or	a4,a4,a3
    80001096:	f2070753          	fmv.d.x	fa4,a4
    8000109a:	00004697          	auipc	a3,0x4
    8000109e:	92e6b787          	fld	fa5,-1746(a3) # 800049c8 <__atexit_dummy+0x10>
    800010a2:	00004717          	auipc	a4,0x4
    800010a6:	92e73687          	fld	fa3,-1746(a4) # 800049d0 <__atexit_dummy+0x18>
    800010aa:	0af777d3          	fsub.d	fa5,fa4,fa5
    800010ae:	00004717          	auipc	a4,0x4
    800010b2:	92a73707          	fld	fa4,-1750(a4) # 800049d8 <__atexit_dummy+0x20>
    800010b6:	72d7f7c3          	fmadd.d	fa5,fa5,fa3,fa4
    800010ba:	d2078753          	fcvt.d.w	fa4,a5
    800010be:	00004717          	auipc	a4,0x4
    800010c2:	92273687          	fld	fa3,-1758(a4) # 800049e0 <__atexit_dummy+0x28>
    800010c6:	7ad777c3          	fmadd.d	fa5,fa4,fa3,fa5
    800010ca:	f2000753          	fmv.d.x	fa4,zero
    800010ce:	c20796d3          	fcvt.w.d	a3,fa5,rtz
    800010d2:	a2e795d3          	flt.d	a1,fa5,fa4
    800010d6:	0006849b          	sext.w	s1,a3
    800010da:	c981                	beqz	a1,800010ea <_dtoa_r+0x1b0>
    800010dc:	d2068753          	fcvt.d.w	fa4,a3
    800010e0:	a2f725d3          	feq.d	a1,fa4,fa5
    800010e4:	e199                	bnez	a1,800010ea <_dtoa_r+0x1b0>
    800010e6:	fff6849b          	addiw	s1,a3,-1
    800010ea:	4705                	li	a4,1
    800010ec:	0004869b          	sext.w	a3,s1
    800010f0:	45d9                	li	a1,22
    800010f2:	fc3a                	sd	a4,56(sp)
    800010f4:	02d5e163          	bltu	a1,a3,80001116 <_dtoa_r+0x1dc>
    800010f8:	00349593          	slli	a1,s1,0x3
    800010fc:	00003697          	auipc	a3,0x3
    80001100:	40c68693          	addi	a3,a3,1036 # 80004508 <__mprec_tens>
    80001104:	96ae                	add	a3,a3,a1
    80001106:	229c                	fld	fa5,0(a3)
    80001108:	f2090753          	fmv.d.x	fa4,s2
    8000110c:	a2f716d3          	flt.d	a3,fa4,fa5
    80001110:	c291                	beqz	a3,80001114 <_dtoa_r+0x1da>
    80001112:	34fd                	addiw	s1,s1,-1
    80001114:	fc02                	sd	zero,56(sp)
    80001116:	9e1d                	subw	a2,a2,a5
    80001118:	fff60d1b          	addiw	s10,a2,-1
    8000111c:	4401                	li	s0,0
    8000111e:	000d5663          	bgez	s10,8000112a <_dtoa_r+0x1f0>
    80001122:	4685                	li	a3,1
    80001124:	40c6843b          	subw	s0,a3,a2
    80001128:	4d01                	li	s10,0
    8000112a:	0804ca63          	bltz	s1,800011be <_dtoa_r+0x284>
    8000112e:	01a48d3b          	addw	s10,s1,s10
    80001132:	f826                	sd	s1,48(sp)
    80001134:	4881                	li	a7,0
    80001136:	47a5                	li	a5,9
    80001138:	0f77e363          	bltu	a5,s7,8000121e <_dtoa_r+0x2e4>
    8000113c:	4795                	li	a5,5
    8000113e:	4a85                	li	s5,1
    80001140:	0177d463          	bge	a5,s7,80001148 <_dtoa_r+0x20e>
    80001144:	3bf1                	addiw	s7,s7,-4
    80001146:	4a81                	li	s5,0
    80001148:	4791                	li	a5,4
    8000114a:	06fb8f63          	beq	s7,a5,800011c8 <_dtoa_r+0x28e>
    8000114e:	4795                	li	a5,5
    80001150:	0afb8c63          	beq	s7,a5,80001208 <_dtoa_r+0x2ce>
    80001154:	4789                	li	a5,2
    80001156:	0afb8763          	beq	s7,a5,80001204 <_dtoa_r+0x2ca>
    8000115a:	478d                	li	a5,3
    8000115c:	4d81                	li	s11,0
    8000115e:	0afb8663          	beq	s7,a5,8000120a <_dtoa_r+0x2d0>
    80001162:	4d85                	li	s11,1
    80001164:	5cfd                	li	s9,-1
    80001166:	5b7d                	li	s6,-1
    80001168:	47c9                	li	a5,18
    8000116a:	f002                	sd	zero,32(sp)
    8000116c:	a0a5                	j	800011d4 <_dtoa_r+0x29a>
    8000116e:	47f6                	lw	a5,92(sp)
    80001170:	02000713          	li	a4,32
    80001174:	2981                	sext.w	s3,s3
    80001176:	9fb1                	addw	a5,a5,a2
    80001178:	4327859b          	addiw	a1,a5,1074
    8000117c:	02b75b63          	bge	a4,a1,800011b2 <_dtoa_r+0x278>
    80001180:	04000713          	li	a4,64
    80001184:	9f0d                	subw	a4,a4,a1
    80001186:	00ea1a3b          	sllw	s4,s4,a4
    8000118a:	4127871b          	addiw	a4,a5,1042
    8000118e:	00e9d9bb          	srlw	s3,s3,a4
    80001192:	013a6a33          	or	s4,s4,s3
    80001196:	000a099b          	sext.w	s3,s4
    8000119a:	d21987d3          	fcvt.d.wu	fa5,s3
    8000119e:	fe100737          	lui	a4,0xfe100
    800011a2:	37fd                	addiw	a5,a5,-1
    800011a4:	e20785d3          	fmv.x.d	a1,fa5
    800011a8:	4a05                	li	s4,1
    800011aa:	0205d693          	srli	a3,a1,0x20
    800011ae:	9f35                	addw	a4,a4,a3
    800011b0:	bde9                	j	8000108a <_dtoa_r+0x150>
    800011b2:	02000713          	li	a4,32
    800011b6:	9f0d                	subw	a4,a4,a1
    800011b8:	00e999bb          	sllw	s3,s3,a4
    800011bc:	bff9                	j	8000119a <_dtoa_r+0x260>
    800011be:	9c05                	subw	s0,s0,s1
    800011c0:	409008bb          	negw	a7,s1
    800011c4:	f802                	sd	zero,48(sp)
    800011c6:	bf85                	j	80001136 <_dtoa_r+0x1fc>
    800011c8:	4d85                	li	s11,1
    800011ca:	7782                	ld	a5,32(sp)
    800011cc:	04f05c63          	blez	a5,80001224 <_dtoa_r+0x2ea>
    800011d0:	8cbe                	mv	s9,a5
    800011d2:	8b3e                	mv	s6,a5
    800011d4:	6722                	ld	a4,8(sp)
    800011d6:	4581                	li	a1,0
    800011d8:	4611                	li	a2,4
    800011da:	7f08                	ld	a0,56(a4)
    800011dc:	01c60313          	addi	t1,a2,28
    800011e0:	0467f863          	bgeu	a5,t1,80001230 <_dtoa_r+0x2f6>
    800011e4:	c50c                	sw	a1,8(a0)
    800011e6:	6522                	ld	a0,8(sp)
    800011e8:	e0c6                	sd	a7,64(sp)
    800011ea:	1c3000ef          	jal	80001bac <_Balloc>
    800011ee:	6886                	ld	a7,64(sp)
    800011f0:	89aa                	mv	s3,a0
    800011f2:	e139                	bnez	a0,80001238 <_dtoa_r+0x2fe>
    800011f4:	00003697          	auipc	a3,0x3
    800011f8:	0c468693          	addi	a3,a3,196 # 800042b8 <__tbss_end+0x142>
    800011fc:	4601                	li	a2,0
    800011fe:	1af00593          	li	a1,431
    80001202:	b359                	j	80000f88 <_dtoa_r+0x4e>
    80001204:	4d81                	li	s11,0
    80001206:	b7d1                	j	800011ca <_dtoa_r+0x290>
    80001208:	4d85                	li	s11,1
    8000120a:	7782                	ld	a5,32(sp)
    8000120c:	00f48cbb          	addw	s9,s1,a5
    80001210:	001c8b1b          	addiw	s6,s9,1
    80001214:	87da                	mv	a5,s6
    80001216:	fb604fe3          	bgtz	s6,800011d4 <_dtoa_r+0x29a>
    8000121a:	4785                	li	a5,1
    8000121c:	bf65                	j	800011d4 <_dtoa_r+0x29a>
    8000121e:	4a85                	li	s5,1
    80001220:	4b81                	li	s7,0
    80001222:	b781                	j	80001162 <_dtoa_r+0x228>
    80001224:	4705                	li	a4,1
    80001226:	4c85                	li	s9,1
    80001228:	4b05                	li	s6,1
    8000122a:	4785                	li	a5,1
    8000122c:	f03a                	sd	a4,32(sp)
    8000122e:	b75d                	j	800011d4 <_dtoa_r+0x29a>
    80001230:	2585                	addiw	a1,a1,1
    80001232:	0016161b          	slliw	a2,a2,0x1
    80001236:	b75d                	j	800011dc <_dtoa_r+0x2a2>
    80001238:	67a2                	ld	a5,8(sp)
    8000123a:	4639                	li	a2,14
    8000123c:	7f9c                	ld	a5,56(a5)
    8000123e:	e388                	sd	a0,0(a5)
    80001240:	000b079b          	sext.w	a5,s6
    80001244:	0cf66e63          	bltu	a2,a5,80001320 <_dtoa_r+0x3e6>
    80001248:	0c0a8c63          	beqz	s5,80001320 <_dtoa_r+0x3e6>
    8000124c:	14905e63          	blez	s1,800013a8 <_dtoa_r+0x46e>
    80001250:	00f4f613          	andi	a2,s1,15
    80001254:	060e                	slli	a2,a2,0x3
    80001256:	00003797          	auipc	a5,0x3
    8000125a:	2b278793          	addi	a5,a5,690 # 80004508 <__mprec_tens>
    8000125e:	97b2                	add	a5,a5,a2
    80001260:	239c                	fld	fa5,0(a5)
    80001262:	4044d79b          	sraiw	a5,s1,0x4
    80001266:	0107f613          	andi	a2,a5,16
    8000126a:	4509                	li	a0,2
    8000126c:	ce01                	beqz	a2,80001284 <_dtoa_r+0x34a>
    8000126e:	f20906d3          	fmv.d.x	fa3,s2
    80001272:	00003717          	auipc	a4,0x3
    80001276:	28e73707          	fld	fa4,654(a4) # 80004500 <__mprec_bigtens+0x20>
    8000127a:	8bbd                	andi	a5,a5,15
    8000127c:	1ae6f753          	fdiv.d	fa4,fa3,fa4
    80001280:	450d                	li	a0,3
    80001282:	ac3a                	fsd	fa4,24(sp)
    80001284:	00003617          	auipc	a2,0x3
    80001288:	25c60613          	addi	a2,a2,604 # 800044e0 <__mprec_bigtens>
    8000128c:	10079463          	bnez	a5,80001394 <_dtoa_r+0x45a>
    80001290:	2762                	fld	fa4,24(sp)
    80001292:	1af777d3          	fdiv.d	fa5,fa4,fa5
    80001296:	ac3e                	fsd	fa5,24(sp)
    80001298:	77e2                	ld	a5,56(sp)
    8000129a:	2762                	fld	fa4,24(sp)
    8000129c:	16078763          	beqz	a5,8000140a <_dtoa_r+0x4d0>
    800012a0:	00003797          	auipc	a5,0x3
    800012a4:	7487b787          	fld	fa5,1864(a5) # 800049e8 <__atexit_dummy+0x30>
    800012a8:	a2f717d3          	flt.d	a5,fa4,fa5
    800012ac:	14078f63          	beqz	a5,8000140a <_dtoa_r+0x4d0>
    800012b0:	160b0063          	beqz	s6,80001410 <_dtoa_r+0x4d6>
    800012b4:	07905563          	blez	s9,8000131e <_dtoa_r+0x3e4>
    800012b8:	00003797          	auipc	a5,0x3
    800012bc:	7387b787          	fld	fa5,1848(a5) # 800049f0 <__atexit_dummy+0x38>
    800012c0:	12f777d3          	fmul.d	fa5,fa4,fa5
    800012c4:	fff48a9b          	addiw	s5,s1,-1
    800012c8:	2505                	addiw	a0,a0,1
    800012ca:	85e6                	mv	a1,s9
    800012cc:	ac3e                	fsd	fa5,24(sp)
    800012ce:	d2050753          	fcvt.d.w	fa4,a0
    800012d2:	27e2                	fld	fa5,24(sp)
    800012d4:	00003797          	auipc	a5,0x3
    800012d8:	7247b687          	fld	fa3,1828(a5) # 800049f8 <__atexit_dummy+0x40>
    800012dc:	fcc00637          	lui	a2,0xfcc00
    800012e0:	6af77743          	fmadd.d	fa4,fa4,fa5,fa3
    800012e4:	e2070553          	fmv.x.d	a0,fa4
    800012e8:	02055793          	srli	a5,a0,0x20
    800012ec:	9e3d                	addw	a2,a2,a5
    800012ee:	57fd                	li	a5,-1
    800012f0:	9381                	srli	a5,a5,0x20
    800012f2:	1602                	slli	a2,a2,0x20
    800012f4:	8fe9                	and	a5,a5,a0
    800012f6:	8fd1                	or	a5,a5,a2
    800012f8:	10059f63          	bnez	a1,80001416 <_dtoa_r+0x4dc>
    800012fc:	00003717          	auipc	a4,0x3
    80001300:	70473707          	fld	fa4,1796(a4) # 80004a00 <__atexit_dummy+0x48>
    80001304:	0ae7f753          	fsub.d	fa4,fa5,fa4
    80001308:	f20787d3          	fmv.d.x	fa5,a5
    8000130c:	a2e79653          	flt.d	a2,fa5,fa4
    80001310:	48061a63          	bnez	a2,800017a4 <_dtoa_r+0x86a>
    80001314:	22f797d3          	fneg.d	fa5,fa5
    80001318:	a2f717d3          	flt.d	a5,fa4,fa5
    8000131c:	e3b1                	bnez	a5,80001360 <_dtoa_r+0x426>
    8000131e:	ec4a                	sd	s2,24(sp)
    80001320:	47f6                	lw	a5,92(sp)
    80001322:	2807c263          	bltz	a5,800015a6 <_dtoa_r+0x66c>
    80001326:	4639                	li	a2,14
    80001328:	26964f63          	blt	a2,s1,800015a6 <_dtoa_r+0x66c>
    8000132c:	00349693          	slli	a3,s1,0x3
    80001330:	00003797          	auipc	a5,0x3
    80001334:	1d878793          	addi	a5,a5,472 # 80004508 <__mprec_tens>
    80001338:	97b6                	add	a5,a5,a3
    8000133a:	2398                	fld	fa4,0(a5)
    8000133c:	7782                	ld	a5,32(sp)
    8000133e:	1c07d163          	bgez	a5,80001500 <_dtoa_r+0x5c6>
    80001342:	1b604f63          	bgtz	s6,80001500 <_dtoa_r+0x5c6>
    80001346:	000b1d63          	bnez	s6,80001360 <_dtoa_r+0x426>
    8000134a:	00003797          	auipc	a5,0x3
    8000134e:	6b67b787          	fld	fa5,1718(a5) # 80004a00 <__atexit_dummy+0x48>
    80001352:	12f77753          	fmul.d	fa4,fa4,fa5
    80001356:	27e2                	fld	fa5,24(sp)
    80001358:	a2e787d3          	fle.d	a5,fa5,fa4
    8000135c:	44078363          	beqz	a5,800017a2 <_dtoa_r+0x868>
    80001360:	4a01                	li	s4,0
    80001362:	4901                	li	s2,0
    80001364:	7782                	ld	a5,32(sp)
    80001366:	8c4e                	mv	s8,s3
    80001368:	fff7ca93          	not	s5,a5
    8000136c:	4b01                	li	s6,0
    8000136e:	6522                	ld	a0,8(sp)
    80001370:	85d2                	mv	a1,s4
    80001372:	0e7000ef          	jal	80001c58 <_Bfree>
    80001376:	18090063          	beqz	s2,800014f6 <_dtoa_r+0x5bc>
    8000137a:	000b0863          	beqz	s6,8000138a <_dtoa_r+0x450>
    8000137e:	012b0663          	beq	s6,s2,8000138a <_dtoa_r+0x450>
    80001382:	6522                	ld	a0,8(sp)
    80001384:	85da                	mv	a1,s6
    80001386:	0d3000ef          	jal	80001c58 <_Bfree>
    8000138a:	6522                	ld	a0,8(sp)
    8000138c:	85ca                	mv	a1,s2
    8000138e:	0cb000ef          	jal	80001c58 <_Bfree>
    80001392:	a295                	j	800014f6 <_dtoa_r+0x5bc>
    80001394:	0017f593          	andi	a1,a5,1
    80001398:	c589                	beqz	a1,800013a2 <_dtoa_r+0x468>
    8000139a:	2218                	fld	fa4,0(a2)
    8000139c:	2505                	addiw	a0,a0,1
    8000139e:	12e7f7d3          	fmul.d	fa5,fa5,fa4
    800013a2:	8785                	srai	a5,a5,0x1
    800013a4:	0621                	addi	a2,a2,8 # fffffffffcc00008 <__heap_end+0xffffffff7cbdb008>
    800013a6:	b5dd                	j	8000128c <_dtoa_r+0x352>
    800013a8:	4509                	li	a0,2
    800013aa:	ee0487e3          	beqz	s1,80001298 <_dtoa_r+0x35e>
    800013ae:	409007bb          	negw	a5,s1
    800013b2:	00f7f593          	andi	a1,a5,15
    800013b6:	058e                	slli	a1,a1,0x3
    800013b8:	00003617          	auipc	a2,0x3
    800013bc:	15060613          	addi	a2,a2,336 # 80004508 <__mprec_tens>
    800013c0:	962e                	add	a2,a2,a1
    800013c2:	221c                	fld	fa5,0(a2)
    800013c4:	f2090753          	fmv.d.x	fa4,s2
    800013c8:	4047d79b          	sraiw	a5,a5,0x4
    800013cc:	00003597          	auipc	a1,0x3
    800013d0:	11458593          	addi	a1,a1,276 # 800044e0 <__mprec_bigtens>
    800013d4:	12f777d3          	fmul.d	fa5,fa4,fa5
    800013d8:	4301                	li	t1,0
    800013da:	e2078653          	fmv.x.d	a2,fa5
    800013de:	ec32                	sd	a2,24(sp)
    800013e0:	e789                	bnez	a5,800013ea <_dtoa_r+0x4b0>
    800013e2:	ea030be3          	beqz	t1,80001298 <_dtoa_r+0x35e>
    800013e6:	ec32                	sd	a2,24(sp)
    800013e8:	bd45                	j	80001298 <_dtoa_r+0x35e>
    800013ea:	0017fe13          	andi	t3,a5,1
    800013ee:	000e0b63          	beqz	t3,80001404 <_dtoa_r+0x4ca>
    800013f2:	f2060753          	fmv.d.x	fa4,a2
    800013f6:	219c                	fld	fa5,0(a1)
    800013f8:	2505                	addiw	a0,a0,1
    800013fa:	4305                	li	t1,1
    800013fc:	12f777d3          	fmul.d	fa5,fa4,fa5
    80001400:	e2078653          	fmv.x.d	a2,fa5
    80001404:	8785                	srai	a5,a5,0x1
    80001406:	05a1                	addi	a1,a1,8
    80001408:	bfe1                	j	800013e0 <_dtoa_r+0x4a6>
    8000140a:	8aa6                	mv	s5,s1
    8000140c:	85da                	mv	a1,s6
    8000140e:	b5c1                	j	800012ce <_dtoa_r+0x394>
    80001410:	8aa6                	mv	s5,s1
    80001412:	4581                	li	a1,0
    80001414:	bd6d                	j	800012ce <_dtoa_r+0x394>
    80001416:	fff5851b          	addiw	a0,a1,-1
    8000141a:	050e                	slli	a0,a0,0x3
    8000141c:	00003617          	auipc	a2,0x3
    80001420:	0ec60613          	addi	a2,a2,236 # 80004508 <__mprec_tens>
    80001424:	962a                	add	a2,a2,a0
    80001426:	2214                	fld	fa3,0(a2)
    80001428:	060d8163          	beqz	s11,8000148a <_dtoa_r+0x550>
    8000142c:	00003717          	auipc	a4,0x3
    80001430:	5dc73707          	fld	fa4,1500(a4) # 80004a08 <__atexit_dummy+0x50>
    80001434:	1ad77753          	fdiv.d	fa4,fa4,fa3
    80001438:	f20786d3          	fmv.d.x	fa3,a5
    8000143c:	8c4e                	mv	s8,s3
    8000143e:	00003797          	auipc	a5,0x3
    80001442:	5aa7b607          	fld	fa2,1450(a5) # 800049e8 <__atexit_dummy+0x30>
    80001446:	0ad77753          	fsub.d	fa4,fa4,fa3
    8000144a:	00003797          	auipc	a5,0x3
    8000144e:	5a67b687          	fld	fa3,1446(a5) # 800049f0 <__atexit_dummy+0x38>
    80001452:	c2079653          	fcvt.w.d	a2,fa5,rtz
    80001456:	0c05                	addi	s8,s8,1
    80001458:	d20605d3          	fcvt.d.w	fa1,a2
    8000145c:	0306061b          	addiw	a2,a2,48
    80001460:	fecc0fa3          	sb	a2,-1(s8)
    80001464:	0ab7f7d3          	fsub.d	fa5,fa5,fa1
    80001468:	a2e79653          	flt.d	a2,fa5,fa4
    8000146c:	e649                	bnez	a2,800014f6 <_dtoa_r+0x5bc>
    8000146e:	0af675d3          	fsub.d	fa1,fa2,fa5
    80001472:	a2e59653          	flt.d	a2,fa1,fa4
    80001476:	ee65                	bnez	a2,8000156e <_dtoa_r+0x634>
    80001478:	413c063b          	subw	a2,s8,s3
    8000147c:	eab651e3          	bge	a2,a1,8000131e <_dtoa_r+0x3e4>
    80001480:	12d77753          	fmul.d	fa4,fa4,fa3
    80001484:	12d7f7d3          	fmul.d	fa5,fa5,fa3
    80001488:	b7e9                	j	80001452 <_dtoa_r+0x518>
    8000148a:	f2078753          	fmv.d.x	fa4,a5
    8000148e:	4781                	li	a5,0
    80001490:	12e6f753          	fmul.d	fa4,fa3,fa4
    80001494:	00003717          	auipc	a4,0x3
    80001498:	55c73687          	fld	fa3,1372(a4) # 800049f0 <__atexit_dummy+0x38>
    8000149c:	c2079653          	fcvt.w.d	a2,fa5,rtz
    800014a0:	00f98533          	add	a0,s3,a5
    800014a4:	0785                	addi	a5,a5,1
    800014a6:	d2060653          	fcvt.d.w	fa2,a2
    800014aa:	0306061b          	addiw	a2,a2,48
    800014ae:	00c50023          	sb	a2,0(a0)
    800014b2:	0007861b          	sext.w	a2,a5
    800014b6:	0ac7f7d3          	fsub.d	fa5,fa5,fa2
    800014ba:	04c59063          	bne	a1,a2,800014fa <_dtoa_r+0x5c0>
    800014be:	00003797          	auipc	a5,0x3
    800014c2:	54a7b687          	fld	fa3,1354(a5) # 80004a08 <__atexit_dummy+0x50>
    800014c6:	02d77653          	fadd.d	fa2,fa4,fa3
    800014ca:	1582                	slli	a1,a1,0x20
    800014cc:	9181                	srli	a1,a1,0x20
    800014ce:	00b98c33          	add	s8,s3,a1
    800014d2:	a2f61653          	flt.d	a2,fa2,fa5
    800014d6:	ee41                	bnez	a2,8000156e <_dtoa_r+0x634>
    800014d8:	0ae6f6d3          	fsub.d	fa3,fa3,fa4
    800014dc:	a2d79653          	flt.d	a2,fa5,fa3
    800014e0:	e2060fe3          	beqz	a2,8000131e <_dtoa_r+0x3e4>
    800014e4:	03000693          	li	a3,48
    800014e8:	8762                	mv	a4,s8
    800014ea:	fffc4603          	lbu	a2,-1(s8)
    800014ee:	1c7d                	addi	s8,s8,-1
    800014f0:	fed60ce3          	beq	a2,a3,800014e8 <_dtoa_r+0x5ae>
    800014f4:	8c3a                	mv	s8,a4
    800014f6:	84d6                	mv	s1,s5
    800014f8:	a891                	j	8000154c <_dtoa_r+0x612>
    800014fa:	12d7f7d3          	fmul.d	fa5,fa5,fa3
    800014fe:	bf79                	j	8000149c <_dtoa_r+0x562>
    80001500:	27e2                	fld	fa5,24(sp)
    80001502:	f20006d3          	fmv.d.x	fa3,zero
    80001506:	8c4e                	mv	s8,s3
    80001508:	00003797          	auipc	a5,0x3
    8000150c:	4e87b607          	fld	fa2,1256(a5) # 800049f0 <__atexit_dummy+0x38>
    80001510:	1ae7f5d3          	fdiv.d	fa1,fa5,fa4
    80001514:	0c05                	addi	s8,s8,1
    80001516:	c20596d3          	fcvt.w.d	a3,fa1,rtz
    8000151a:	d20685d3          	fcvt.d.w	fa1,a3
    8000151e:	0006861b          	sext.w	a2,a3
    80001522:	0306869b          	addiw	a3,a3,48
    80001526:	fedc0fa3          	sb	a3,-1(s8)
    8000152a:	413c06bb          	subw	a3,s8,s3
    8000152e:	7ae5f7cb          	fnmsub.d	fa5,fa1,fa4,fa5
    80001532:	07669463          	bne	a3,s6,8000159a <_dtoa_r+0x660>
    80001536:	02f7f7d3          	fadd.d	fa5,fa5,fa5
    8000153a:	a2f716d3          	flt.d	a3,fa4,fa5
    8000153e:	e69d                	bnez	a3,8000156c <_dtoa_r+0x632>
    80001540:	a2e7a6d3          	feq.d	a3,fa5,fa4
    80001544:	c681                	beqz	a3,8000154c <_dtoa_r+0x612>
    80001546:	00167693          	andi	a3,a2,1
    8000154a:	e28d                	bnez	a3,8000156c <_dtoa_r+0x632>
    8000154c:	65c2                	ld	a1,16(sp)
    8000154e:	6522                	ld	a0,8(sp)
    80001550:	708000ef          	jal	80001c58 <_Bfree>
    80001554:	67a6                	ld	a5,72(sp)
    80001556:	000c0023          	sb	zero,0(s8)
    8000155a:	0014871b          	addiw	a4,s1,1
    8000155e:	c398                	sw	a4,0(a5)
    80001560:	77a2                	ld	a5,40(sp)
    80001562:	44078163          	beqz	a5,800019a4 <_dtoa_r+0xa6a>
    80001566:	0187b023          	sd	s8,0(a5)
    8000156a:	a92d                	j	800019a4 <_dtoa_r+0xa6a>
    8000156c:	8aa6                	mv	s5,s1
    8000156e:	8762                	mv	a4,s8
    80001570:	03900693          	li	a3,57
    80001574:	8c3a                	mv	s8,a4
    80001576:	fff74603          	lbu	a2,-1(a4)
    8000157a:	177d                	addi	a4,a4,-1
    8000157c:	00d61963          	bne	a2,a3,8000158e <_dtoa_r+0x654>
    80001580:	fee99ae3          	bne	s3,a4,80001574 <_dtoa_r+0x63a>
    80001584:	03000693          	li	a3,48
    80001588:	2a85                	addiw	s5,s5,1
    8000158a:	00d98023          	sb	a3,0(s3)
    8000158e:	00074683          	lbu	a3,0(a4)
    80001592:	2685                	addiw	a3,a3,1
    80001594:	00d70023          	sb	a3,0(a4)
    80001598:	bfb9                	j	800014f6 <_dtoa_r+0x5bc>
    8000159a:	12c7f7d3          	fmul.d	fa5,fa5,fa2
    8000159e:	a2d7a6d3          	feq.d	a3,fa5,fa3
    800015a2:	d6bd                	beqz	a3,80001510 <_dtoa_r+0x5d6>
    800015a4:	b765                	j	8000154c <_dtoa_r+0x612>
    800015a6:	1a0d8463          	beqz	s11,8000174e <_dtoa_r+0x814>
    800015aa:	4605                	li	a2,1
    800015ac:	17764763          	blt	a2,s7,8000171a <_dtoa_r+0x7e0>
    800015b0:	160a0063          	beqz	s4,80001710 <_dtoa_r+0x7d6>
    800015b4:	4337879b          	addiw	a5,a5,1075
    800015b8:	8a46                	mv	s4,a7
    800015ba:	8c22                	mv	s8,s0
    800015bc:	6522                	ld	a0,8(sp)
    800015be:	4585                	li	a1,1
    800015c0:	e0c6                	sd	a7,64(sp)
    800015c2:	9c3d                	addw	s0,s0,a5
    800015c4:	01a78d3b          	addw	s10,a5,s10
    800015c8:	13d000ef          	jal	80001f04 <__i2b>
    800015cc:	6886                	ld	a7,64(sp)
    800015ce:	892a                	mv	s2,a0
    800015d0:	000c0d63          	beqz	s8,800015ea <_dtoa_r+0x6b0>
    800015d4:	01a05b63          	blez	s10,800015ea <_dtoa_r+0x6b0>
    800015d8:	87e2                	mv	a5,s8
    800015da:	018d5363          	bge	s10,s8,800015e0 <_dtoa_r+0x6a6>
    800015de:	87ea                	mv	a5,s10
    800015e0:	9c1d                	subw	s0,s0,a5
    800015e2:	40fc0c3b          	subw	s8,s8,a5
    800015e6:	40fd0d3b          	subw	s10,s10,a5
    800015ea:	04088163          	beqz	a7,8000162c <_dtoa_r+0x6f2>
    800015ee:	160d8463          	beqz	s11,80001756 <_dtoa_r+0x81c>
    800015f2:	020a0563          	beqz	s4,8000161c <_dtoa_r+0x6e2>
    800015f6:	6522                	ld	a0,8(sp)
    800015f8:	85ca                	mv	a1,s2
    800015fa:	8652                	mv	a2,s4
    800015fc:	e0c6                	sd	a7,64(sp)
    800015fe:	2d5000ef          	jal	800020d2 <__pow5mult>
    80001602:	85aa                	mv	a1,a0
    80001604:	6642                	ld	a2,16(sp)
    80001606:	892a                	mv	s2,a0
    80001608:	6522                	ld	a0,8(sp)
    8000160a:	133000ef          	jal	80001f3c <__multiply>
    8000160e:	8aaa                	mv	s5,a0
    80001610:	65c2                	ld	a1,16(sp)
    80001612:	6522                	ld	a0,8(sp)
    80001614:	644000ef          	jal	80001c58 <_Bfree>
    80001618:	6886                	ld	a7,64(sp)
    8000161a:	e856                	sd	s5,16(sp)
    8000161c:	4148863b          	subw	a2,a7,s4
    80001620:	c611                	beqz	a2,8000162c <_dtoa_r+0x6f2>
    80001622:	65c2                	ld	a1,16(sp)
    80001624:	6522                	ld	a0,8(sp)
    80001626:	2ad000ef          	jal	800020d2 <__pow5mult>
    8000162a:	e82a                	sd	a0,16(sp)
    8000162c:	6522                	ld	a0,8(sp)
    8000162e:	4585                	li	a1,1
    80001630:	0d5000ef          	jal	80001f04 <__i2b>
    80001634:	77c2                	ld	a5,48(sp)
    80001636:	8a2a                	mv	s4,a0
    80001638:	38078663          	beqz	a5,800019c4 <_dtoa_r+0xa8a>
    8000163c:	85aa                	mv	a1,a0
    8000163e:	6522                	ld	a0,8(sp)
    80001640:	863e                	mv	a2,a5
    80001642:	291000ef          	jal	800020d2 <__pow5mult>
    80001646:	4785                	li	a5,1
    80001648:	e082                	sd	zero,64(sp)
    8000164a:	8a2a                	mv	s4,a0
    8000164c:	0377c463          	blt	a5,s7,80001674 <_dtoa_r+0x73a>
    80001650:	67e2                	ld	a5,24(sp)
    80001652:	e082                	sd	zero,64(sp)
    80001654:	07b2                	slli	a5,a5,0xc
    80001656:	ef81                	bnez	a5,8000166e <_dtoa_r+0x734>
    80001658:	67e2                	ld	a5,24(sp)
    8000165a:	9381                	srli	a5,a5,0x20
    8000165c:	0147d613          	srli	a2,a5,0x14
    80001660:	7ff67613          	andi	a2,a2,2047
    80001664:	c609                	beqz	a2,8000166e <_dtoa_r+0x734>
    80001666:	4785                	li	a5,1
    80001668:	2405                	addiw	s0,s0,1
    8000166a:	2d05                	addiw	s10,s10,1
    8000166c:	e0be                	sd	a5,64(sp)
    8000166e:	77c2                	ld	a5,48(sp)
    80001670:	4505                	li	a0,1
    80001672:	cf91                	beqz	a5,8000168e <_dtoa_r+0x754>
    80001674:	014a2783          	lw	a5,20(s4)
    80001678:	37fd                	addiw	a5,a5,-1
    8000167a:	0791                	addi	a5,a5,4
    8000167c:	078a                	slli	a5,a5,0x2
    8000167e:	97d2                	add	a5,a5,s4
    80001680:	4788                	lw	a0,8(a5)
    80001682:	7bc000ef          	jal	80001e3e <__hi0bits>
    80001686:	02000793          	li	a5,32
    8000168a:	40a7853b          	subw	a0,a5,a0
    8000168e:	00ad053b          	addw	a0,s10,a0
    80001692:	897d                	andi	a0,a0,31
    80001694:	c579                	beqz	a0,80001762 <_dtoa_r+0x828>
    80001696:	02000793          	li	a5,32
    8000169a:	9f89                	subw	a5,a5,a0
    8000169c:	4611                	li	a2,4
    8000169e:	0af65e63          	bge	a2,a5,8000175a <_dtoa_r+0x820>
    800016a2:	47f1                	li	a5,28
    800016a4:	9f89                	subw	a5,a5,a0
    800016a6:	9c3d                	addw	s0,s0,a5
    800016a8:	01878c3b          	addw	s8,a5,s8
    800016ac:	01a78d3b          	addw	s10,a5,s10
    800016b0:	00805863          	blez	s0,800016c0 <_dtoa_r+0x786>
    800016b4:	65c2                	ld	a1,16(sp)
    800016b6:	6522                	ld	a0,8(sp)
    800016b8:	8622                	mv	a2,s0
    800016ba:	2f5000ef          	jal	800021ae <__lshift>
    800016be:	e82a                	sd	a0,16(sp)
    800016c0:	01a05863          	blez	s10,800016d0 <_dtoa_r+0x796>
    800016c4:	6522                	ld	a0,8(sp)
    800016c6:	85d2                	mv	a1,s4
    800016c8:	866a                	mv	a2,s10
    800016ca:	2e5000ef          	jal	800021ae <__lshift>
    800016ce:	8a2a                	mv	s4,a0
    800016d0:	77e2                	ld	a5,56(sp)
    800016d2:	cbd1                	beqz	a5,80001766 <_dtoa_r+0x82c>
    800016d4:	6542                	ld	a0,16(sp)
    800016d6:	85d2                	mv	a1,s4
    800016d8:	3df000ef          	jal	800022b6 <__mcmp>
    800016dc:	08055563          	bgez	a0,80001766 <_dtoa_r+0x82c>
    800016e0:	65c2                	ld	a1,16(sp)
    800016e2:	6522                	ld	a0,8(sp)
    800016e4:	4681                	li	a3,0
    800016e6:	4629                	li	a2,10
    800016e8:	5d2000ef          	jal	80001cba <__multadd>
    800016ec:	e82a                	sd	a0,16(sp)
    800016ee:	fff48a9b          	addiw	s5,s1,-1
    800016f2:	2c0d8f63          	beqz	s11,800019d0 <_dtoa_r+0xa96>
    800016f6:	6522                	ld	a0,8(sp)
    800016f8:	85ca                	mv	a1,s2
    800016fa:	4681                	li	a3,0
    800016fc:	4629                	li	a2,10
    800016fe:	5bc000ef          	jal	80001cba <__multadd>
    80001702:	892a                	mv	s2,a0
    80001704:	0b904563          	bgtz	s9,800017ae <_dtoa_r+0x874>
    80001708:	4789                	li	a5,2
    8000170a:	0777c563          	blt	a5,s7,80001774 <_dtoa_r+0x83a>
    8000170e:	a045                	j	800017ae <_dtoa_r+0x874>
    80001710:	4666                	lw	a2,88(sp)
    80001712:	03600793          	li	a5,54
    80001716:	9f91                	subw	a5,a5,a2
    80001718:	b545                	j	800015b8 <_dtoa_r+0x67e>
    8000171a:	fffb061b          	addiw	a2,s6,-1
    8000171e:	00c8c963          	blt	a7,a2,80001730 <_dtoa_r+0x7f6>
    80001722:	40c88a3b          	subw	s4,a7,a2
    80001726:	020b4063          	bltz	s6,80001746 <_dtoa_r+0x80c>
    8000172a:	8c22                	mv	s8,s0
    8000172c:	87da                	mv	a5,s6
    8000172e:	b579                	j	800015bc <_dtoa_r+0x682>
    80001730:	77c2                	ld	a5,48(sp)
    80001732:	41160a3b          	subw	s4,a2,a7
    80001736:	8c22                	mv	s8,s0
    80001738:	00fa07bb          	addw	a5,s4,a5
    8000173c:	f83e                	sd	a5,48(sp)
    8000173e:	88b2                	mv	a7,a2
    80001740:	87da                	mv	a5,s6
    80001742:	4a01                	li	s4,0
    80001744:	bda5                	j	800015bc <_dtoa_r+0x682>
    80001746:	41640c3b          	subw	s8,s0,s6
    8000174a:	4781                	li	a5,0
    8000174c:	bd85                	j	800015bc <_dtoa_r+0x682>
    8000174e:	8a46                	mv	s4,a7
    80001750:	8c22                	mv	s8,s0
    80001752:	4901                	li	s2,0
    80001754:	bdb5                	j	800015d0 <_dtoa_r+0x696>
    80001756:	8646                	mv	a2,a7
    80001758:	b5e9                	j	80001622 <_dtoa_r+0x6e8>
    8000175a:	f4c78be3          	beq	a5,a2,800016b0 <_dtoa_r+0x776>
    8000175e:	27f1                	addiw	a5,a5,28
    80001760:	b799                	j	800016a6 <_dtoa_r+0x76c>
    80001762:	4781                	li	a5,0
    80001764:	bfed                	j	8000175e <_dtoa_r+0x824>
    80001766:	8aa6                	mv	s5,s1
    80001768:	8cda                	mv	s9,s6
    8000176a:	05604063          	bgtz	s6,800017aa <_dtoa_r+0x870>
    8000176e:	4789                	li	a5,2
    80001770:	0377dd63          	bge	a5,s7,800017aa <_dtoa_r+0x870>
    80001774:	be0c98e3          	bnez	s9,80001364 <_dtoa_r+0x42a>
    80001778:	6522                	ld	a0,8(sp)
    8000177a:	85d2                	mv	a1,s4
    8000177c:	4681                	li	a3,0
    8000177e:	4615                	li	a2,5
    80001780:	53a000ef          	jal	80001cba <__multadd>
    80001784:	8a2a                	mv	s4,a0
    80001786:	85aa                	mv	a1,a0
    80001788:	6542                	ld	a0,16(sp)
    8000178a:	32d000ef          	jal	800022b6 <__mcmp>
    8000178e:	bca05be3          	blez	a0,80001364 <_dtoa_r+0x42a>
    80001792:	03100713          	li	a4,49
    80001796:	00198c13          	addi	s8,s3,1
    8000179a:	00e98023          	sb	a4,0(s3)
    8000179e:	2a85                	addiw	s5,s5,1
    800017a0:	b6f1                	j	8000136c <_dtoa_r+0x432>
    800017a2:	8aa6                	mv	s5,s1
    800017a4:	4a01                	li	s4,0
    800017a6:	4901                	li	s2,0
    800017a8:	b7ed                	j	80001792 <_dtoa_r+0x858>
    800017aa:	220d8563          	beqz	s11,800019d4 <_dtoa_r+0xa9a>
    800017ae:	01805863          	blez	s8,800017be <_dtoa_r+0x884>
    800017b2:	6522                	ld	a0,8(sp)
    800017b4:	85ca                	mv	a1,s2
    800017b6:	8662                	mv	a2,s8
    800017b8:	1f7000ef          	jal	800021ae <__lshift>
    800017bc:	892a                	mv	s2,a0
    800017be:	6786                	ld	a5,64(sp)
    800017c0:	854a                	mv	a0,s2
    800017c2:	cf9d                	beqz	a5,80001800 <_dtoa_r+0x8c6>
    800017c4:	00892583          	lw	a1,8(s2)
    800017c8:	6522                	ld	a0,8(sp)
    800017ca:	3e2000ef          	jal	80001bac <_Balloc>
    800017ce:	8b2a                	mv	s6,a0
    800017d0:	e911                	bnez	a0,800017e4 <_dtoa_r+0x8aa>
    800017d2:	00003697          	auipc	a3,0x3
    800017d6:	ae668693          	addi	a3,a3,-1306 # 800042b8 <__tbss_end+0x142>
    800017da:	4601                	li	a2,0
    800017dc:	2ef00593          	li	a1,751
    800017e0:	fa8ff06f          	j	80000f88 <_dtoa_r+0x4e>
    800017e4:	01492603          	lw	a2,20(s2)
    800017e8:	01090593          	addi	a1,s2,16
    800017ec:	0541                	addi	a0,a0,16
    800017ee:	0609                	addi	a2,a2,2
    800017f0:	060a                	slli	a2,a2,0x2
    800017f2:	4bd010ef          	jal	800034ae <memcpy>
    800017f6:	6522                	ld	a0,8(sp)
    800017f8:	4605                	li	a2,1
    800017fa:	85da                	mv	a1,s6
    800017fc:	1b3000ef          	jal	800021ae <__lshift>
    80001800:	67e2                	ld	a5,24(sp)
    80001802:	8b4a                	mv	s6,s2
    80001804:	84ce                	mv	s1,s3
    80001806:	8b85                	andi	a5,a5,1
    80001808:	892a                	mv	s2,a0
    8000180a:	ec3e                	sd	a5,24(sp)
    8000180c:	6542                	ld	a0,16(sp)
    8000180e:	85d2                	mv	a1,s4
    80001810:	ddeff0ef          	jal	80000dee <quorem>
    80001814:	0305041b          	addiw	s0,a0,48
    80001818:	8daa                	mv	s11,a0
    8000181a:	6542                	ld	a0,16(sp)
    8000181c:	85da                	mv	a1,s6
    8000181e:	d022                	sw	s0,32(sp)
    80001820:	297000ef          	jal	800022b6 <__mcmp>
    80001824:	8d2a                	mv	s10,a0
    80001826:	6522                	ld	a0,8(sp)
    80001828:	85d2                	mv	a1,s4
    8000182a:	864a                	mv	a2,s2
    8000182c:	2bd000ef          	jal	800022e8 <__mdiff>
    80001830:	491c                	lw	a5,16(a0)
    80001832:	85aa                	mv	a1,a0
    80001834:	4685                	li	a3,1
    80001836:	e799                	bnez	a5,80001844 <_dtoa_r+0x90a>
    80001838:	f82a                	sd	a0,48(sp)
    8000183a:	6542                	ld	a0,16(sp)
    8000183c:	27b000ef          	jal	800022b6 <__mcmp>
    80001840:	75c2                	ld	a1,48(sp)
    80001842:	86aa                	mv	a3,a0
    80001844:	6522                	ld	a0,8(sp)
    80001846:	f836                	sd	a3,48(sp)
    80001848:	00148c13          	addi	s8,s1,1
    8000184c:	40c000ef          	jal	80001c58 <_Bfree>
    80001850:	76c2                	ld	a3,48(sp)
    80001852:	67e2                	ld	a5,24(sp)
    80001854:	0176e633          	or	a2,a3,s7
    80001858:	8e5d                	or	a2,a2,a5
    8000185a:	2601                	sext.w	a2,a2
    8000185c:	ee01                	bnez	a2,80001874 <_dtoa_r+0x93a>
    8000185e:	03900693          	li	a3,57
    80001862:	04d40863          	beq	s0,a3,800018b2 <_dtoa_r+0x978>
    80001866:	01a05463          	blez	s10,8000186e <_dtoa_r+0x934>
    8000186a:	031d841b          	addiw	s0,s11,49
    8000186e:	00848023          	sb	s0,0(s1)
    80001872:	bcf5                	j	8000136e <_dtoa_r+0x434>
    80001874:	000d4a63          	bltz	s10,80001888 <_dtoa_r+0x94e>
    80001878:	67e2                	ld	a5,24(sp)
    8000187a:	01abed33          	or	s10,s7,s10
    8000187e:	01a7ed33          	or	s10,a5,s10
    80001882:	2d01                	sext.w	s10,s10
    80001884:	040d1863          	bnez	s10,800018d4 <_dtoa_r+0x99a>
    80001888:	fed053e3          	blez	a3,8000186e <_dtoa_r+0x934>
    8000188c:	65c2                	ld	a1,16(sp)
    8000188e:	6522                	ld	a0,8(sp)
    80001890:	4605                	li	a2,1
    80001892:	11d000ef          	jal	800021ae <__lshift>
    80001896:	85d2                	mv	a1,s4
    80001898:	e82a                	sd	a0,16(sp)
    8000189a:	21d000ef          	jal	800022b6 <__mcmp>
    8000189e:	00a04663          	bgtz	a0,800018aa <_dtoa_r+0x970>
    800018a2:	f571                	bnez	a0,8000186e <_dtoa_r+0x934>
    800018a4:	00147693          	andi	a3,s0,1
    800018a8:	d2f9                	beqz	a3,8000186e <_dtoa_r+0x934>
    800018aa:	03900693          	li	a3,57
    800018ae:	fad41ee3          	bne	s0,a3,8000186a <_dtoa_r+0x930>
    800018b2:	03900713          	li	a4,57
    800018b6:	00e48023          	sb	a4,0(s1)
    800018ba:	8762                	mv	a4,s8
    800018bc:	03900613          	li	a2,57
    800018c0:	8c3a                	mv	s8,a4
    800018c2:	fffc4683          	lbu	a3,-1(s8)
    800018c6:	177d                	addi	a4,a4,-1
    800018c8:	0ac68a63          	beq	a3,a2,8000197c <_dtoa_r+0xa42>
    800018cc:	2685                	addiw	a3,a3,1
    800018ce:	00d70023          	sb	a3,0(a4)
    800018d2:	bc71                	j	8000136e <_dtoa_r+0x434>
    800018d4:	00d05c63          	blez	a3,800018ec <_dtoa_r+0x9b2>
    800018d8:	03900693          	li	a3,57
    800018dc:	fcd40be3          	beq	s0,a3,800018b2 <_dtoa_r+0x978>
    800018e0:	5782                	lw	a5,32(sp)
    800018e2:	0017871b          	addiw	a4,a5,1
    800018e6:	00e48023          	sb	a4,0(s1)
    800018ea:	b451                	j	8000136e <_dtoa_r+0x434>
    800018ec:	fe8c0fa3          	sb	s0,-1(s8)
    800018f0:	413c06bb          	subw	a3,s8,s3
    800018f4:	05968b63          	beq	a3,s9,8000194a <_dtoa_r+0xa10>
    800018f8:	65c2                	ld	a1,16(sp)
    800018fa:	6522                	ld	a0,8(sp)
    800018fc:	4681                	li	a3,0
    800018fe:	4629                	li	a2,10
    80001900:	3ba000ef          	jal	80001cba <__multadd>
    80001904:	e82a                	sd	a0,16(sp)
    80001906:	4681                	li	a3,0
    80001908:	6522                	ld	a0,8(sp)
    8000190a:	4629                	li	a2,10
    8000190c:	85da                	mv	a1,s6
    8000190e:	012b1863          	bne	s6,s2,8000191e <_dtoa_r+0x9e4>
    80001912:	3a8000ef          	jal	80001cba <__multadd>
    80001916:	8b2a                	mv	s6,a0
    80001918:	892a                	mv	s2,a0
    8000191a:	84e2                	mv	s1,s8
    8000191c:	bdc5                	j	8000180c <_dtoa_r+0x8d2>
    8000191e:	39c000ef          	jal	80001cba <__multadd>
    80001922:	8b2a                	mv	s6,a0
    80001924:	6522                	ld	a0,8(sp)
    80001926:	85ca                	mv	a1,s2
    80001928:	4681                	li	a3,0
    8000192a:	4629                	li	a2,10
    8000192c:	38e000ef          	jal	80001cba <__multadd>
    80001930:	892a                	mv	s2,a0
    80001932:	b7e5                	j	8000191a <_dtoa_r+0x9e0>
    80001934:	4785                	li	a5,1
    80001936:	01905763          	blez	s9,80001944 <_dtoa_r+0xa0a>
    8000193a:	fffc879b          	addiw	a5,s9,-1
    8000193e:	1782                	slli	a5,a5,0x20
    80001940:	9381                	srli	a5,a5,0x20
    80001942:	0785                	addi	a5,a5,1
    80001944:	00f98c33          	add	s8,s3,a5
    80001948:	4b01                	li	s6,0
    8000194a:	65c2                	ld	a1,16(sp)
    8000194c:	6522                	ld	a0,8(sp)
    8000194e:	4605                	li	a2,1
    80001950:	05f000ef          	jal	800021ae <__lshift>
    80001954:	85d2                	mv	a1,s4
    80001956:	e82a                	sd	a0,16(sp)
    80001958:	15f000ef          	jal	800022b6 <__mcmp>
    8000195c:	f4a04fe3          	bgtz	a0,800018ba <_dtoa_r+0x980>
    80001960:	e501                	bnez	a0,80001968 <_dtoa_r+0xa2e>
    80001962:	00147713          	andi	a4,s0,1
    80001966:	fb31                	bnez	a4,800018ba <_dtoa_r+0x980>
    80001968:	8762                	mv	a4,s8
    8000196a:	03000693          	li	a3,48
    8000196e:	8c3a                	mv	s8,a4
    80001970:	fff74603          	lbu	a2,-1(a4)
    80001974:	177d                	addi	a4,a4,-1
    80001976:	fed60ce3          	beq	a2,a3,8000196e <_dtoa_r+0xa34>
    8000197a:	bad5                	j	8000136e <_dtoa_r+0x434>
    8000197c:	f4e992e3          	bne	s3,a4,800018c0 <_dtoa_r+0x986>
    80001980:	03100713          	li	a4,49
    80001984:	2a85                	addiw	s5,s5,1
    80001986:	00e98023          	sb	a4,0(s3)
    8000198a:	b2d5                	j	8000136e <_dtoa_r+0x434>
    8000198c:	77a2                	ld	a5,40(sp)
    8000198e:	00003997          	auipc	s3,0x3
    80001992:	87298993          	addi	s3,s3,-1934 # 80004200 <__tbss_end+0x8a>
    80001996:	c799                	beqz	a5,800019a4 <_dtoa_r+0xa6a>
    80001998:	00003797          	auipc	a5,0x3
    8000199c:	87078793          	addi	a5,a5,-1936 # 80004208 <__tbss_end+0x92>
    800019a0:	7722                	ld	a4,40(sp)
    800019a2:	e31c                	sd	a5,0(a4)
    800019a4:	60ae                	ld	ra,200(sp)
    800019a6:	640e                	ld	s0,192(sp)
    800019a8:	74ea                	ld	s1,184(sp)
    800019aa:	794a                	ld	s2,176(sp)
    800019ac:	7a0a                	ld	s4,160(sp)
    800019ae:	6aea                	ld	s5,152(sp)
    800019b0:	6b4a                	ld	s6,144(sp)
    800019b2:	6baa                	ld	s7,136(sp)
    800019b4:	6c0a                	ld	s8,128(sp)
    800019b6:	7ce6                	ld	s9,120(sp)
    800019b8:	7d46                	ld	s10,112(sp)
    800019ba:	7da6                	ld	s11,104(sp)
    800019bc:	854e                	mv	a0,s3
    800019be:	79aa                	ld	s3,168(sp)
    800019c0:	6169                	addi	sp,sp,208
    800019c2:	8082                	ret
    800019c4:	4785                	li	a5,1
    800019c6:	c977d5e3          	bge	a5,s7,80001650 <_dtoa_r+0x716>
    800019ca:	e082                	sd	zero,64(sp)
    800019cc:	4505                	li	a0,1
    800019ce:	b1c1                	j	8000168e <_dtoa_r+0x754>
    800019d0:	d9905fe3          	blez	s9,8000176e <_dtoa_r+0x834>
    800019d4:	4b01                	li	s6,0
    800019d6:	6542                	ld	a0,16(sp)
    800019d8:	85d2                	mv	a1,s4
    800019da:	c14ff0ef          	jal	80000dee <quorem>
    800019de:	016987b3          	add	a5,s3,s6
    800019e2:	0305041b          	addiw	s0,a0,48
    800019e6:	0b05                	addi	s6,s6,1
    800019e8:	00878023          	sb	s0,0(a5)
    800019ec:	000b079b          	sext.w	a5,s6
    800019f0:	f597d2e3          	bge	a5,s9,80001934 <_dtoa_r+0x9fa>
    800019f4:	65c2                	ld	a1,16(sp)
    800019f6:	6522                	ld	a0,8(sp)
    800019f8:	4681                	li	a3,0
    800019fa:	4629                	li	a2,10
    800019fc:	2be000ef          	jal	80001cba <__multadd>
    80001a00:	e82a                	sd	a0,16(sp)
    80001a02:	bfd1                	j	800019d6 <_dtoa_r+0xa9c>

0000000080001a04 <malloc>:
    80001a04:	85aa                	mv	a1,a0
    80001a06:	00003517          	auipc	a0,0x3
    80001a0a:	f9a53503          	ld	a0,-102(a0) # 800049a0 <_impure_ptr>
    80001a0e:	a0ad                	j	80001a78 <_malloc_r>

0000000080001a10 <free>:
    80001a10:	85aa                	mv	a1,a0
    80001a12:	00003517          	auipc	a0,0x3
    80001a16:	f8e53503          	ld	a0,-114(a0) # 800049a0 <_impure_ptr>
    80001a1a:	3430106f          	j	8000355c <_free_r>

0000000080001a1e <sbrk_aligned>:
    80001a1e:	1101                	addi	sp,sp,-32
    80001a20:	e04a                	sd	s2,0(sp)
    80001a22:	87818913          	addi	s2,gp,-1928 # 80004a18 <__malloc_sbrk_start>
    80001a26:	00093783          	ld	a5,0(s2)
    80001a2a:	e822                	sd	s0,16(sp)
    80001a2c:	e426                	sd	s1,8(sp)
    80001a2e:	ec06                	sd	ra,24(sp)
    80001a30:	84aa                	mv	s1,a0
    80001a32:	842e                	mv	s0,a1
    80001a34:	e791                	bnez	a5,80001a40 <sbrk_aligned+0x22>
    80001a36:	4581                	li	a1,0
    80001a38:	1ed010ef          	jal	80003424 <_sbrk_r>
    80001a3c:	00a93023          	sd	a0,0(s2)
    80001a40:	85a2                	mv	a1,s0
    80001a42:	8526                	mv	a0,s1
    80001a44:	1e1010ef          	jal	80003424 <_sbrk_r>
    80001a48:	597d                	li	s2,-1
    80001a4a:	01251a63          	bne	a0,s2,80001a5e <sbrk_aligned+0x40>
    80001a4e:	547d                	li	s0,-1
    80001a50:	60e2                	ld	ra,24(sp)
    80001a52:	8522                	mv	a0,s0
    80001a54:	6442                	ld	s0,16(sp)
    80001a56:	64a2                	ld	s1,8(sp)
    80001a58:	6902                	ld	s2,0(sp)
    80001a5a:	6105                	addi	sp,sp,32
    80001a5c:	8082                	ret
    80001a5e:	00750413          	addi	s0,a0,7
    80001a62:	9861                	andi	s0,s0,-8
    80001a64:	fe8506e3          	beq	a0,s0,80001a50 <sbrk_aligned+0x32>
    80001a68:	40a405b3          	sub	a1,s0,a0
    80001a6c:	8526                	mv	a0,s1
    80001a6e:	1b7010ef          	jal	80003424 <_sbrk_r>
    80001a72:	fd251fe3          	bne	a0,s2,80001a50 <sbrk_aligned+0x32>
    80001a76:	bfe1                	j	80001a4e <sbrk_aligned+0x30>

0000000080001a78 <_malloc_r>:
    80001a78:	00758793          	addi	a5,a1,7
    80001a7c:	7179                	addi	sp,sp,-48
    80001a7e:	9be1                	andi	a5,a5,-8
    80001a80:	ec26                	sd	s1,24(sp)
    80001a82:	e84a                	sd	s2,16(sp)
    80001a84:	f406                	sd	ra,40(sp)
    80001a86:	f022                	sd	s0,32(sp)
    80001a88:	e44e                	sd	s3,8(sp)
    80001a8a:	e052                	sd	s4,0(sp)
    80001a8c:	07a1                	addi	a5,a5,8
    80001a8e:	4741                	li	a4,16
    80001a90:	892a                	mv	s2,a0
    80001a92:	44c1                	li	s1,16
    80001a94:	00e7e363          	bltu	a5,a4,80001a9a <_malloc_r+0x22>
    80001a98:	84be                	mv	s1,a5
    80001a9a:	80000737          	lui	a4,0x80000
    80001a9e:	fff74713          	not	a4,a4
    80001aa2:	00f76463          	bltu	a4,a5,80001aaa <_malloc_r+0x32>
    80001aa6:	00b4fe63          	bgeu	s1,a1,80001ac2 <_malloc_r+0x4a>
    80001aaa:	47b1                	li	a5,12
    80001aac:	00f92023          	sw	a5,0(s2)
    80001ab0:	4501                	li	a0,0
    80001ab2:	70a2                	ld	ra,40(sp)
    80001ab4:	7402                	ld	s0,32(sp)
    80001ab6:	64e2                	ld	s1,24(sp)
    80001ab8:	6942                	ld	s2,16(sp)
    80001aba:	69a2                	ld	s3,8(sp)
    80001abc:	6a02                	ld	s4,0(sp)
    80001abe:	6145                	addi	sp,sp,48
    80001ac0:	8082                	ret
    80001ac2:	854a                	mv	a0,s2
    80001ac4:	0e4000ef          	jal	80001ba8 <__malloc_lock>
    80001ac8:	88018993          	addi	s3,gp,-1920 # 80004a20 <__malloc_free_list>
    80001acc:	0009b783          	ld	a5,0(s3)
    80001ad0:	843e                	mv	s0,a5
    80001ad2:	ec21                	bnez	s0,80001b2a <_malloc_r+0xb2>
    80001ad4:	85a6                	mv	a1,s1
    80001ad6:	854a                	mv	a0,s2
    80001ad8:	f47ff0ef          	jal	80001a1e <sbrk_aligned>
    80001adc:	57fd                	li	a5,-1
    80001ade:	842a                	mv	s0,a0
    80001ae0:	0af51f63          	bne	a0,a5,80001b9e <_malloc_r+0x126>
    80001ae4:	0009b403          	ld	s0,0(s3)
    80001ae8:	87a2                	mv	a5,s0
    80001aea:	efd1                	bnez	a5,80001b86 <_malloc_r+0x10e>
    80001aec:	c055                	beqz	s0,80001b90 <_malloc_r+0x118>
    80001aee:	00043a03          	ld	s4,0(s0)
    80001af2:	4581                	li	a1,0
    80001af4:	854a                	mv	a0,s2
    80001af6:	9a22                	add	s4,s4,s0
    80001af8:	12d010ef          	jal	80003424 <_sbrk_r>
    80001afc:	08aa1a63          	bne	s4,a0,80001b90 <_malloc_r+0x118>
    80001b00:	601c                	ld	a5,0(s0)
    80001b02:	854a                	mv	a0,s2
    80001b04:	8c9d                	sub	s1,s1,a5
    80001b06:	85a6                	mv	a1,s1
    80001b08:	f17ff0ef          	jal	80001a1e <sbrk_aligned>
    80001b0c:	57fd                	li	a5,-1
    80001b0e:	08f50163          	beq	a0,a5,80001b90 <_malloc_r+0x118>
    80001b12:	601c                	ld	a5,0(s0)
    80001b14:	97a6                	add	a5,a5,s1
    80001b16:	e01c                	sd	a5,0(s0)
    80001b18:	0009b783          	ld	a5,0(s3)
    80001b1c:	c3d9                	beqz	a5,80001ba2 <_malloc_r+0x12a>
    80001b1e:	6798                	ld	a4,8(a5)
    80001b20:	06871663          	bne	a4,s0,80001b8c <_malloc_r+0x114>
    80001b24:	0007b423          	sd	zero,8(a5)
    80001b28:	a015                	j	80001b4c <_malloc_r+0xd4>
    80001b2a:	6014                	ld	a3,0(s0)
    80001b2c:	9e85                	subw	a3,a3,s1
    80001b2e:	0406c963          	bltz	a3,80001b80 <_malloc_r+0x108>
    80001b32:	473d                	li	a4,15
    80001b34:	02d75e63          	bge	a4,a3,80001b70 <_malloc_r+0xf8>
    80001b38:	e004                	sd	s1,0(s0)
    80001b3a:	00940733          	add	a4,s0,s1
    80001b3e:	02879763          	bne	a5,s0,80001b6c <_malloc_r+0xf4>
    80001b42:	00e9b023          	sd	a4,0(s3)
    80001b46:	641c                	ld	a5,8(s0)
    80001b48:	e314                	sd	a3,0(a4)
    80001b4a:	e71c                	sd	a5,8(a4)
    80001b4c:	854a                	mv	a0,s2
    80001b4e:	05c000ef          	jal	80001baa <__malloc_unlock>
    80001b52:	00f40513          	addi	a0,s0,15
    80001b56:	00840793          	addi	a5,s0,8
    80001b5a:	9961                	andi	a0,a0,-8
    80001b5c:	40f507bb          	subw	a5,a0,a5
    80001b60:	dba9                	beqz	a5,80001ab2 <_malloc_r+0x3a>
    80001b62:	943e                	add	s0,s0,a5
    80001b64:	40f007bb          	negw	a5,a5
    80001b68:	e01c                	sd	a5,0(s0)
    80001b6a:	b7a1                	j	80001ab2 <_malloc_r+0x3a>
    80001b6c:	e798                	sd	a4,8(a5)
    80001b6e:	bfe1                	j	80001b46 <_malloc_r+0xce>
    80001b70:	6418                	ld	a4,8(s0)
    80001b72:	00879563          	bne	a5,s0,80001b7c <_malloc_r+0x104>
    80001b76:	00e9b023          	sd	a4,0(s3)
    80001b7a:	bfc9                	j	80001b4c <_malloc_r+0xd4>
    80001b7c:	e798                	sd	a4,8(a5)
    80001b7e:	b7f9                	j	80001b4c <_malloc_r+0xd4>
    80001b80:	87a2                	mv	a5,s0
    80001b82:	6400                	ld	s0,8(s0)
    80001b84:	b7b9                	j	80001ad2 <_malloc_r+0x5a>
    80001b86:	843e                	mv	s0,a5
    80001b88:	679c                	ld	a5,8(a5)
    80001b8a:	b785                	j	80001aea <_malloc_r+0x72>
    80001b8c:	87ba                	mv	a5,a4
    80001b8e:	b779                	j	80001b1c <_malloc_r+0xa4>
    80001b90:	47b1                	li	a5,12
    80001b92:	00f92023          	sw	a5,0(s2)
    80001b96:	854a                	mv	a0,s2
    80001b98:	012000ef          	jal	80001baa <__malloc_unlock>
    80001b9c:	bf11                	j	80001ab0 <_malloc_r+0x38>
    80001b9e:	e104                	sd	s1,0(a0)
    80001ba0:	b775                	j	80001b4c <_malloc_r+0xd4>
    80001ba2:	00003423          	sd	zero,8(zero) # 8 <__boot_hart+0x8>
    80001ba6:	9002                	ebreak

0000000080001ba8 <__malloc_lock>:
    80001ba8:	8082                	ret

0000000080001baa <__malloc_unlock>:
    80001baa:	8082                	ret

0000000080001bac <_Balloc>:
    80001bac:	7d1c                	ld	a5,56(a0)
    80001bae:	1101                	addi	sp,sp,-32
    80001bb0:	e822                	sd	s0,16(sp)
    80001bb2:	e426                	sd	s1,8(sp)
    80001bb4:	ec06                	sd	ra,24(sp)
    80001bb6:	e04a                	sd	s2,0(sp)
    80001bb8:	842a                	mv	s0,a0
    80001bba:	84ae                	mv	s1,a1
    80001bbc:	ef85                	bnez	a5,80001bf4 <_Balloc+0x48>
    80001bbe:	02000513          	li	a0,32
    80001bc2:	e43ff0ef          	jal	80001a04 <malloc>
    80001bc6:	fc08                	sd	a0,56(s0)
    80001bc8:	ed11                	bnez	a0,80001be4 <_Balloc+0x38>
    80001bca:	00002697          	auipc	a3,0x2
    80001bce:	64e68693          	addi	a3,a3,1614 # 80004218 <__tbss_end+0xa2>
    80001bd2:	4601                	li	a2,0
    80001bd4:	06b00593          	li	a1,107
    80001bd8:	00002517          	auipc	a0,0x2
    80001bdc:	6f850513          	addi	a0,a0,1784 # 800042d0 <__tbss_end+0x15a>
    80001be0:	0fd010ef          	jal	800034dc <__assert_func>
    80001be4:	00052423          	sw	zero,8(a0)
    80001be8:	00053823          	sd	zero,16(a0)
    80001bec:	00053023          	sd	zero,0(a0)
    80001bf0:	00053c23          	sd	zero,24(a0)
    80001bf4:	03843903          	ld	s2,56(s0)
    80001bf8:	01893783          	ld	a5,24(s2)
    80001bfc:	c79d                	beqz	a5,80001c2a <_Balloc+0x7e>
    80001bfe:	7c1c                	ld	a5,56(s0)
    80001c00:	00349713          	slli	a4,s1,0x3
    80001c04:	6f9c                	ld	a5,24(a5)
    80001c06:	97ba                	add	a5,a5,a4
    80001c08:	6388                	ld	a0,0(a5)
    80001c0a:	e131                	bnez	a0,80001c4e <_Balloc+0xa2>
    80001c0c:	4905                	li	s2,1
    80001c0e:	0099163b          	sllw	a2,s2,s1
    80001c12:	8932                	mv	s2,a2
    80001c14:	061d                	addi	a2,a2,7
    80001c16:	060a                	slli	a2,a2,0x2
    80001c18:	4585                	li	a1,1
    80001c1a:	8522                	mv	a0,s0
    80001c1c:	10b010ef          	jal	80003526 <_calloc_r>
    80001c20:	c105                	beqz	a0,80001c40 <_Balloc+0x94>
    80001c22:	c504                	sw	s1,8(a0)
    80001c24:	01252623          	sw	s2,12(a0)
    80001c28:	a02d                	j	80001c52 <_Balloc+0xa6>
    80001c2a:	04100613          	li	a2,65
    80001c2e:	45a1                	li	a1,8
    80001c30:	8522                	mv	a0,s0
    80001c32:	0f5010ef          	jal	80003526 <_calloc_r>
    80001c36:	7c1c                	ld	a5,56(s0)
    80001c38:	00a93c23          	sd	a0,24(s2)
    80001c3c:	6f9c                	ld	a5,24(a5)
    80001c3e:	f3e1                	bnez	a5,80001bfe <_Balloc+0x52>
    80001c40:	4501                	li	a0,0
    80001c42:	60e2                	ld	ra,24(sp)
    80001c44:	6442                	ld	s0,16(sp)
    80001c46:	64a2                	ld	s1,8(sp)
    80001c48:	6902                	ld	s2,0(sp)
    80001c4a:	6105                	addi	sp,sp,32
    80001c4c:	8082                	ret
    80001c4e:	6118                	ld	a4,0(a0)
    80001c50:	e398                	sd	a4,0(a5)
    80001c52:	00053823          	sd	zero,16(a0)
    80001c56:	b7f5                	j	80001c42 <_Balloc+0x96>

0000000080001c58 <_Bfree>:
    80001c58:	7d1c                	ld	a5,56(a0)
    80001c5a:	1101                	addi	sp,sp,-32
    80001c5c:	e822                	sd	s0,16(sp)
    80001c5e:	e426                	sd	s1,8(sp)
    80001c60:	ec06                	sd	ra,24(sp)
    80001c62:	84aa                	mv	s1,a0
    80001c64:	842e                	mv	s0,a1
    80001c66:	ef85                	bnez	a5,80001c9e <_Bfree+0x46>
    80001c68:	02000513          	li	a0,32
    80001c6c:	d99ff0ef          	jal	80001a04 <malloc>
    80001c70:	fc88                	sd	a0,56(s1)
    80001c72:	ed11                	bnez	a0,80001c8e <_Bfree+0x36>
    80001c74:	00002697          	auipc	a3,0x2
    80001c78:	5a468693          	addi	a3,a3,1444 # 80004218 <__tbss_end+0xa2>
    80001c7c:	4601                	li	a2,0
    80001c7e:	08f00593          	li	a1,143
    80001c82:	00002517          	auipc	a0,0x2
    80001c86:	64e50513          	addi	a0,a0,1614 # 800042d0 <__tbss_end+0x15a>
    80001c8a:	053010ef          	jal	800034dc <__assert_func>
    80001c8e:	00052423          	sw	zero,8(a0)
    80001c92:	00053823          	sd	zero,16(a0)
    80001c96:	00053023          	sd	zero,0(a0)
    80001c9a:	00053c23          	sd	zero,24(a0)
    80001c9e:	c809                	beqz	s0,80001cb0 <_Bfree+0x58>
    80001ca0:	7c9c                	ld	a5,56(s1)
    80001ca2:	4418                	lw	a4,8(s0)
    80001ca4:	6f9c                	ld	a5,24(a5)
    80001ca6:	070e                	slli	a4,a4,0x3
    80001ca8:	97ba                	add	a5,a5,a4
    80001caa:	6398                	ld	a4,0(a5)
    80001cac:	e018                	sd	a4,0(s0)
    80001cae:	e380                	sd	s0,0(a5)
    80001cb0:	60e2                	ld	ra,24(sp)
    80001cb2:	6442                	ld	s0,16(sp)
    80001cb4:	64a2                	ld	s1,8(sp)
    80001cb6:	6105                	addi	sp,sp,32
    80001cb8:	8082                	ret

0000000080001cba <__multadd>:
    80001cba:	7179                	addi	sp,sp,-48
    80001cbc:	ec26                	sd	s1,24(sp)
    80001cbe:	84aa                	mv	s1,a0
    80001cc0:	6541                	lui	a0,0x10
    80001cc2:	f022                	sd	s0,32(sp)
    80001cc4:	e84a                	sd	s2,16(sp)
    80001cc6:	842e                	mv	s0,a1
    80001cc8:	0145a903          	lw	s2,20(a1)
    80001ccc:	f406                	sd	ra,40(sp)
    80001cce:	e44e                	sd	s3,8(sp)
    80001cd0:	e052                	sd	s4,0(sp)
    80001cd2:	05e1                	addi	a1,a1,24
    80001cd4:	4801                	li	a6,0
    80001cd6:	157d                	addi	a0,a0,-1 # ffff <__stack_size+0x7fff>
    80001cd8:	419c                	lw	a5,0(a1)
    80001cda:	2805                	addiw	a6,a6,1
    80001cdc:	00a7f733          	and	a4,a5,a0
    80001ce0:	02c7073b          	mulw	a4,a4,a2
    80001ce4:	0107d79b          	srliw	a5,a5,0x10
    80001ce8:	02c787bb          	mulw	a5,a5,a2
    80001cec:	9f35                	addw	a4,a4,a3
    80001cee:	0107569b          	srliw	a3,a4,0x10
    80001cf2:	8f69                	and	a4,a4,a0
    80001cf4:	9fb5                	addw	a5,a5,a3
    80001cf6:	0107d99b          	srliw	s3,a5,0x10
    80001cfa:	0107d69b          	srliw	a3,a5,0x10
    80001cfe:	0107979b          	slliw	a5,a5,0x10
    80001d02:	9fb9                	addw	a5,a5,a4
    80001d04:	c19c                	sw	a5,0(a1)
    80001d06:	0591                	addi	a1,a1,4
    80001d08:	fd2848e3          	blt	a6,s2,80001cd8 <__multadd+0x1e>
    80001d0c:	ceb1                	beqz	a3,80001d68 <__multadd+0xae>
    80001d0e:	445c                	lw	a5,12(s0)
    80001d10:	04f94363          	blt	s2,a5,80001d56 <__multadd+0x9c>
    80001d14:	440c                	lw	a1,8(s0)
    80001d16:	8526                	mv	a0,s1
    80001d18:	2585                	addiw	a1,a1,1
    80001d1a:	e93ff0ef          	jal	80001bac <_Balloc>
    80001d1e:	8a2a                	mv	s4,a0
    80001d20:	ed11                	bnez	a0,80001d3c <__multadd+0x82>
    80001d22:	00002697          	auipc	a3,0x2
    80001d26:	59668693          	addi	a3,a3,1430 # 800042b8 <__tbss_end+0x142>
    80001d2a:	4601                	li	a2,0
    80001d2c:	0ba00593          	li	a1,186
    80001d30:	00002517          	auipc	a0,0x2
    80001d34:	5a050513          	addi	a0,a0,1440 # 800042d0 <__tbss_end+0x15a>
    80001d38:	7a4010ef          	jal	800034dc <__assert_func>
    80001d3c:	4850                	lw	a2,20(s0)
    80001d3e:	01040593          	addi	a1,s0,16
    80001d42:	0541                	addi	a0,a0,16
    80001d44:	0609                	addi	a2,a2,2
    80001d46:	060a                	slli	a2,a2,0x2
    80001d48:	766010ef          	jal	800034ae <memcpy>
    80001d4c:	85a2                	mv	a1,s0
    80001d4e:	8526                	mv	a0,s1
    80001d50:	f09ff0ef          	jal	80001c58 <_Bfree>
    80001d54:	8452                	mv	s0,s4
    80001d56:	00490793          	addi	a5,s2,4
    80001d5a:	078a                	slli	a5,a5,0x2
    80001d5c:	97a2                	add	a5,a5,s0
    80001d5e:	0137a423          	sw	s3,8(a5)
    80001d62:	2905                	addiw	s2,s2,1
    80001d64:	01242a23          	sw	s2,20(s0)
    80001d68:	70a2                	ld	ra,40(sp)
    80001d6a:	8522                	mv	a0,s0
    80001d6c:	7402                	ld	s0,32(sp)
    80001d6e:	64e2                	ld	s1,24(sp)
    80001d70:	6942                	ld	s2,16(sp)
    80001d72:	69a2                	ld	s3,8(sp)
    80001d74:	6a02                	ld	s4,0(sp)
    80001d76:	6145                	addi	sp,sp,48
    80001d78:	8082                	ret

0000000080001d7a <__s2b>:
    80001d7a:	7139                	addi	sp,sp,-64
    80001d7c:	47a5                	li	a5,9
    80001d7e:	f426                	sd	s1,40(sp)
    80001d80:	84ba                	mv	s1,a4
    80001d82:	0086871b          	addiw	a4,a3,8
    80001d86:	02f7473b          	divw	a4,a4,a5
    80001d8a:	f822                	sd	s0,48(sp)
    80001d8c:	f04a                	sd	s2,32(sp)
    80001d8e:	ec4e                	sd	s3,24(sp)
    80001d90:	e852                	sd	s4,16(sp)
    80001d92:	842e                	mv	s0,a1
    80001d94:	fc06                	sd	ra,56(sp)
    80001d96:	e456                	sd	s5,8(sp)
    80001d98:	892a                	mv	s2,a0
    80001d9a:	8a32                	mv	s4,a2
    80001d9c:	89b6                	mv	s3,a3
    80001d9e:	4785                	li	a5,1
    80001da0:	4581                	li	a1,0
    80001da2:	02e7c363          	blt	a5,a4,80001dc8 <__s2b+0x4e>
    80001da6:	854a                	mv	a0,s2
    80001da8:	e05ff0ef          	jal	80001bac <_Balloc>
    80001dac:	e115                	bnez	a0,80001dd0 <__s2b+0x56>
    80001dae:	00002697          	auipc	a3,0x2
    80001db2:	50a68693          	addi	a3,a3,1290 # 800042b8 <__tbss_end+0x142>
    80001db6:	4601                	li	a2,0
    80001db8:	0d300593          	li	a1,211
    80001dbc:	00002517          	auipc	a0,0x2
    80001dc0:	51450513          	addi	a0,a0,1300 # 800042d0 <__tbss_end+0x15a>
    80001dc4:	718010ef          	jal	800034dc <__assert_func>
    80001dc8:	0017979b          	slliw	a5,a5,0x1
    80001dcc:	2585                	addiw	a1,a1,1
    80001dce:	bfd1                	j	80001da2 <__s2b+0x28>
    80001dd0:	4785                	li	a5,1
    80001dd2:	c95c                	sw	a5,20(a0)
    80001dd4:	cd04                	sw	s1,24(a0)
    80001dd6:	47a5                	li	a5,9
    80001dd8:	0547d563          	bge	a5,s4,80001e22 <__s2b+0xa8>
    80001ddc:	0425                	addi	s0,s0,9
    80001dde:	8aa2                	mv	s5,s0
    80001de0:	44a5                	li	s1,9
    80001de2:	000ac683          	lbu	a3,0(s5)
    80001de6:	85aa                	mv	a1,a0
    80001de8:	4629                	li	a2,10
    80001dea:	fd06869b          	addiw	a3,a3,-48
    80001dee:	854a                	mv	a0,s2
    80001df0:	ecbff0ef          	jal	80001cba <__multadd>
    80001df4:	87a6                	mv	a5,s1
    80001df6:	2485                	addiw	s1,s1,1
    80001df8:	0a85                	addi	s5,s5,1
    80001dfa:	fe9a14e3          	bne	s4,s1,80001de2 <__s2b+0x68>
    80001dfe:	37e5                	addiw	a5,a5,-7
    80001e00:	1782                	slli	a5,a5,0x20
    80001e02:	9381                	srli	a5,a5,0x20
    80001e04:	943e                	add	s0,s0,a5
    80001e06:	9c81                	subw	s1,s1,s0
    80001e08:	008487bb          	addw	a5,s1,s0
    80001e0c:	0137ce63          	blt	a5,s3,80001e28 <__s2b+0xae>
    80001e10:	70e2                	ld	ra,56(sp)
    80001e12:	7442                	ld	s0,48(sp)
    80001e14:	74a2                	ld	s1,40(sp)
    80001e16:	7902                	ld	s2,32(sp)
    80001e18:	69e2                	ld	s3,24(sp)
    80001e1a:	6a42                	ld	s4,16(sp)
    80001e1c:	6aa2                	ld	s5,8(sp)
    80001e1e:	6121                	addi	sp,sp,64
    80001e20:	8082                	ret
    80001e22:	0429                	addi	s0,s0,10
    80001e24:	44a5                	li	s1,9
    80001e26:	b7c5                	j	80001e06 <__s2b+0x8c>
    80001e28:	00044683          	lbu	a3,0(s0)
    80001e2c:	85aa                	mv	a1,a0
    80001e2e:	4629                	li	a2,10
    80001e30:	fd06869b          	addiw	a3,a3,-48
    80001e34:	854a                	mv	a0,s2
    80001e36:	0405                	addi	s0,s0,1
    80001e38:	e83ff0ef          	jal	80001cba <__multadd>
    80001e3c:	b7f1                	j	80001e08 <__s2b+0x8e>

0000000080001e3e <__hi0bits>:
    80001e3e:	87aa                	mv	a5,a0
    80001e40:	6741                	lui	a4,0x10
    80001e42:	4501                	li	a0,0
    80001e44:	00e7f563          	bgeu	a5,a4,80001e4e <__hi0bits+0x10>
    80001e48:	0107979b          	slliw	a5,a5,0x10
    80001e4c:	4541                	li	a0,16
    80001e4e:	01000737          	lui	a4,0x1000
    80001e52:	00e7f563          	bgeu	a5,a4,80001e5c <__hi0bits+0x1e>
    80001e56:	2521                	addiw	a0,a0,8
    80001e58:	0087979b          	slliw	a5,a5,0x8
    80001e5c:	10000737          	lui	a4,0x10000
    80001e60:	00e7f563          	bgeu	a5,a4,80001e6a <__hi0bits+0x2c>
    80001e64:	2511                	addiw	a0,a0,4
    80001e66:	0047979b          	slliw	a5,a5,0x4
    80001e6a:	40000737          	lui	a4,0x40000
    80001e6e:	00e7f563          	bgeu	a5,a4,80001e78 <__hi0bits+0x3a>
    80001e72:	2509                	addiw	a0,a0,2
    80001e74:	0027979b          	slliw	a5,a5,0x2
    80001e78:	0007c963          	bltz	a5,80001e8a <__hi0bits+0x4c>
    80001e7c:	02179713          	slli	a4,a5,0x21
    80001e80:	2505                	addiw	a0,a0,1
    80001e82:	00074463          	bltz	a4,80001e8a <__hi0bits+0x4c>
    80001e86:	02000513          	li	a0,32
    80001e8a:	8082                	ret

0000000080001e8c <__lo0bits>:
    80001e8c:	411c                	lw	a5,0(a0)
    80001e8e:	872a                	mv	a4,a0
    80001e90:	0077f613          	andi	a2,a5,7
    80001e94:	86be                	mv	a3,a5
    80001e96:	c20d                	beqz	a2,80001eb8 <__lo0bits+0x2c>
    80001e98:	0017f613          	andi	a2,a5,1
    80001e9c:	4501                	li	a0,0
    80001e9e:	e235                	bnez	a2,80001f02 <__lo0bits+0x76>
    80001ea0:	8a89                	andi	a3,a3,2
    80001ea2:	c691                	beqz	a3,80001eae <__lo0bits+0x22>
    80001ea4:	0017d79b          	srliw	a5,a5,0x1
    80001ea8:	c31c                	sw	a5,0(a4)
    80001eaa:	4505                	li	a0,1
    80001eac:	8082                	ret
    80001eae:	0027d79b          	srliw	a5,a5,0x2
    80001eb2:	c31c                	sw	a5,0(a4)
    80001eb4:	4509                	li	a0,2
    80001eb6:	8082                	ret
    80001eb8:	03079693          	slli	a3,a5,0x30
    80001ebc:	92c1                	srli	a3,a3,0x30
    80001ebe:	4501                	li	a0,0
    80001ec0:	e681                	bnez	a3,80001ec8 <__lo0bits+0x3c>
    80001ec2:	0107d79b          	srliw	a5,a5,0x10
    80001ec6:	4541                	li	a0,16
    80001ec8:	0ff7f693          	zext.b	a3,a5
    80001ecc:	e681                	bnez	a3,80001ed4 <__lo0bits+0x48>
    80001ece:	2521                	addiw	a0,a0,8
    80001ed0:	0087d79b          	srliw	a5,a5,0x8
    80001ed4:	00f7f693          	andi	a3,a5,15
    80001ed8:	e681                	bnez	a3,80001ee0 <__lo0bits+0x54>
    80001eda:	2511                	addiw	a0,a0,4
    80001edc:	0047d79b          	srliw	a5,a5,0x4
    80001ee0:	0037f693          	andi	a3,a5,3
    80001ee4:	e681                	bnez	a3,80001eec <__lo0bits+0x60>
    80001ee6:	2509                	addiw	a0,a0,2
    80001ee8:	0027d79b          	srliw	a5,a5,0x2
    80001eec:	0017f693          	andi	a3,a5,1
    80001ef0:	e689                	bnez	a3,80001efa <__lo0bits+0x6e>
    80001ef2:	0017d79b          	srliw	a5,a5,0x1
    80001ef6:	2505                	addiw	a0,a0,1
    80001ef8:	c399                	beqz	a5,80001efe <__lo0bits+0x72>
    80001efa:	c31c                	sw	a5,0(a4)
    80001efc:	8082                	ret
    80001efe:	02000513          	li	a0,32
    80001f02:	8082                	ret

0000000080001f04 <__i2b>:
    80001f04:	1141                	addi	sp,sp,-16
    80001f06:	e022                	sd	s0,0(sp)
    80001f08:	842e                	mv	s0,a1
    80001f0a:	4585                	li	a1,1
    80001f0c:	e406                	sd	ra,8(sp)
    80001f0e:	c9fff0ef          	jal	80001bac <_Balloc>
    80001f12:	ed11                	bnez	a0,80001f2e <__i2b+0x2a>
    80001f14:	00002697          	auipc	a3,0x2
    80001f18:	3a468693          	addi	a3,a3,932 # 800042b8 <__tbss_end+0x142>
    80001f1c:	4601                	li	a2,0
    80001f1e:	14500593          	li	a1,325
    80001f22:	00002517          	auipc	a0,0x2
    80001f26:	3ae50513          	addi	a0,a0,942 # 800042d0 <__tbss_end+0x15a>
    80001f2a:	5b2010ef          	jal	800034dc <__assert_func>
    80001f2e:	60a2                	ld	ra,8(sp)
    80001f30:	cd00                	sw	s0,24(a0)
    80001f32:	6402                	ld	s0,0(sp)
    80001f34:	4705                	li	a4,1
    80001f36:	c958                	sw	a4,20(a0)
    80001f38:	0141                	addi	sp,sp,16
    80001f3a:	8082                	ret

0000000080001f3c <__multiply>:
    80001f3c:	49d8                	lw	a4,20(a1)
    80001f3e:	4a5c                	lw	a5,20(a2)
    80001f40:	7179                	addi	sp,sp,-48
    80001f42:	f022                	sd	s0,32(sp)
    80001f44:	e84a                	sd	s2,16(sp)
    80001f46:	f406                	sd	ra,40(sp)
    80001f48:	ec26                	sd	s1,24(sp)
    80001f4a:	e44e                	sd	s3,8(sp)
    80001f4c:	e052                	sd	s4,0(sp)
    80001f4e:	892e                	mv	s2,a1
    80001f50:	8432                	mv	s0,a2
    80001f52:	00f74463          	blt	a4,a5,80001f5a <__multiply+0x1e>
    80001f56:	842e                	mv	s0,a1
    80001f58:	8932                	mv	s2,a2
    80001f5a:	01442a03          	lw	s4,20(s0)
    80001f5e:	01492983          	lw	s3,20(s2)
    80001f62:	445c                	lw	a5,12(s0)
    80001f64:	440c                	lw	a1,8(s0)
    80001f66:	013a04bb          	addw	s1,s4,s3
    80001f6a:	0097d363          	bge	a5,s1,80001f70 <__multiply+0x34>
    80001f6e:	2585                	addiw	a1,a1,1
    80001f70:	c3dff0ef          	jal	80001bac <_Balloc>
    80001f74:	ed11                	bnez	a0,80001f90 <__multiply+0x54>
    80001f76:	00002697          	auipc	a3,0x2
    80001f7a:	34268693          	addi	a3,a3,834 # 800042b8 <__tbss_end+0x142>
    80001f7e:	4601                	li	a2,0
    80001f80:	16200593          	li	a1,354
    80001f84:	00002517          	auipc	a0,0x2
    80001f88:	34c50513          	addi	a0,a0,844 # 800042d0 <__tbss_end+0x15a>
    80001f8c:	550010ef          	jal	800034dc <__assert_func>
    80001f90:	01850693          	addi	a3,a0,24
    80001f94:	00249813          	slli	a6,s1,0x2
    80001f98:	9836                	add	a6,a6,a3
    80001f9a:	87b6                	mv	a5,a3
    80001f9c:	0507ea63          	bltu	a5,a6,80001ff0 <__multiply+0xb4>
    80001fa0:	01840313          	addi	t1,s0,24
    80001fa4:	002a1613          	slli	a2,s4,0x2
    80001fa8:	01890593          	addi	a1,s2,24
    80001fac:	00299893          	slli	a7,s3,0x2
    80001fb0:	961a                	add	a2,a2,t1
    80001fb2:	01940793          	addi	a5,s0,25
    80001fb6:	98ae                	add	a7,a7,a1
    80001fb8:	4e11                	li	t3,4
    80001fba:	00f66863          	bltu	a2,a5,80001fca <__multiply+0x8e>
    80001fbe:	40860433          	sub	s0,a2,s0
    80001fc2:	141d                	addi	s0,s0,-25
    80001fc4:	9871                	andi	s0,s0,-4
    80001fc6:	00440e13          	addi	t3,s0,4
    80001fca:	6ec1                	lui	t4,0x10
    80001fcc:	1efd                	addi	t4,t4,-1 # ffff <__stack_size+0x7fff>
    80001fce:	0315e563          	bltu	a1,a7,80001ff8 <__multiply+0xbc>
    80001fd2:	00905663          	blez	s1,80001fde <__multiply+0xa2>
    80001fd6:	ffc82783          	lw	a5,-4(a6)
    80001fda:	1871                	addi	a6,a6,-4
    80001fdc:	cbed                	beqz	a5,800020ce <__multiply+0x192>
    80001fde:	70a2                	ld	ra,40(sp)
    80001fe0:	7402                	ld	s0,32(sp)
    80001fe2:	c944                	sw	s1,20(a0)
    80001fe4:	6942                	ld	s2,16(sp)
    80001fe6:	64e2                	ld	s1,24(sp)
    80001fe8:	69a2                	ld	s3,8(sp)
    80001fea:	6a02                	ld	s4,0(sp)
    80001fec:	6145                	addi	sp,sp,48
    80001fee:	8082                	ret
    80001ff0:	0007a023          	sw	zero,0(a5)
    80001ff4:	0791                	addi	a5,a5,4
    80001ff6:	b75d                	j	80001f9c <__multiply+0x60>
    80001ff8:	0005af03          	lw	t5,0(a1)
    80001ffc:	01df7f33          	and	t5,t5,t4
    80002000:	060f0163          	beqz	t5,80002062 <__multiply+0x126>
    80002004:	82b6                	mv	t0,a3
    80002006:	8f9a                	mv	t6,t1
    80002008:	4401                	li	s0,0
    8000200a:	000fa783          	lw	a5,0(t6)
    8000200e:	0002a383          	lw	t2,0(t0)
    80002012:	0f91                	addi	t6,t6,4
    80002014:	01d7f733          	and	a4,a5,t4
    80002018:	03e7073b          	mulw	a4,a4,t5
    8000201c:	0107d79b          	srliw	a5,a5,0x10
    80002020:	01d3f933          	and	s2,t2,t4
    80002024:	0103d39b          	srliw	t2,t2,0x10
    80002028:	0291                	addi	t0,t0,4
    8000202a:	03e787bb          	mulw	a5,a5,t5
    8000202e:	0127073b          	addw	a4,a4,s2
    80002032:	9f21                	addw	a4,a4,s0
    80002034:	007787bb          	addw	a5,a5,t2
    80002038:	0107539b          	srliw	t2,a4,0x10
    8000203c:	007787bb          	addw	a5,a5,t2
    80002040:	0107d39b          	srliw	t2,a5,0x10
    80002044:	0107d41b          	srliw	s0,a5,0x10
    80002048:	00eef733          	and	a4,t4,a4
    8000204c:	0107979b          	slliw	a5,a5,0x10
    80002050:	8f5d                	or	a4,a4,a5
    80002052:	fee2ae23          	sw	a4,-4(t0)
    80002056:	facfeae3          	bltu	t6,a2,8000200a <__multiply+0xce>
    8000205a:	01c687b3          	add	a5,a3,t3
    8000205e:	0077a023          	sw	t2,0(a5)
    80002062:	0025d383          	lhu	t2,2(a1)
    80002066:	06038163          	beqz	t2,800020c8 <__multiply+0x18c>
    8000206a:	4298                	lw	a4,0(a3)
    8000206c:	8f1a                	mv	t5,t1
    8000206e:	8fb6                	mv	t6,a3
    80002070:	4281                	li	t0,0
    80002072:	000f2783          	lw	a5,0(t5)
    80002076:	002fd403          	lhu	s0,2(t6)
    8000207a:	01d77733          	and	a4,a4,t4
    8000207e:	01d7f7b3          	and	a5,a5,t4
    80002082:	027787bb          	mulw	a5,a5,t2
    80002086:	0f11                	addi	t5,t5,4
    80002088:	0f91                	addi	t6,t6,4
    8000208a:	9fa1                	addw	a5,a5,s0
    8000208c:	005787bb          	addw	a5,a5,t0
    80002090:	0107929b          	slliw	t0,a5,0x10
    80002094:	00576733          	or	a4,a4,t0
    80002098:	feefae23          	sw	a4,-4(t6)
    8000209c:	ffef5703          	lhu	a4,-2(t5)
    800020a0:	000fa283          	lw	t0,0(t6)
    800020a4:	0107d79b          	srliw	a5,a5,0x10
    800020a8:	0277073b          	mulw	a4,a4,t2
    800020ac:	01d2f2b3          	and	t0,t0,t4
    800020b0:	0057073b          	addw	a4,a4,t0
    800020b4:	9fb9                	addw	a5,a5,a4
    800020b6:	0007871b          	sext.w	a4,a5
    800020ba:	0107d29b          	srliw	t0,a5,0x10
    800020be:	facf6ae3          	bltu	t5,a2,80002072 <__multiply+0x136>
    800020c2:	01c68733          	add	a4,a3,t3
    800020c6:	c31c                	sw	a5,0(a4)
    800020c8:	0591                	addi	a1,a1,4
    800020ca:	0691                	addi	a3,a3,4
    800020cc:	b709                	j	80001fce <__multiply+0x92>
    800020ce:	34fd                	addiw	s1,s1,-1
    800020d0:	b709                	j	80001fd2 <__multiply+0x96>

00000000800020d2 <__pow5mult>:
    800020d2:	7179                	addi	sp,sp,-48
    800020d4:	ec26                	sd	s1,24(sp)
    800020d6:	e84a                	sd	s2,16(sp)
    800020d8:	e44e                	sd	s3,8(sp)
    800020da:	f406                	sd	ra,40(sp)
    800020dc:	f022                	sd	s0,32(sp)
    800020de:	e052                	sd	s4,0(sp)
    800020e0:	00367793          	andi	a5,a2,3
    800020e4:	892a                	mv	s2,a0
    800020e6:	84b2                	mv	s1,a2
    800020e8:	89ae                	mv	s3,a1
    800020ea:	cf89                	beqz	a5,80002104 <__pow5mult+0x32>
    800020ec:	37fd                	addiw	a5,a5,-1
    800020ee:	00002717          	auipc	a4,0x2
    800020f2:	3ba70713          	addi	a4,a4,954 # 800044a8 <p05.0>
    800020f6:	078a                	slli	a5,a5,0x2
    800020f8:	97ba                	add	a5,a5,a4
    800020fa:	4390                	lw	a2,0(a5)
    800020fc:	4681                	li	a3,0
    800020fe:	bbdff0ef          	jal	80001cba <__multadd>
    80002102:	89aa                	mv	s3,a0
    80002104:	8489                	srai	s1,s1,0x2
    80002106:	c8d9                	beqz	s1,8000219c <__pow5mult+0xca>
    80002108:	03893783          	ld	a5,56(s2)
    8000210c:	ef8d                	bnez	a5,80002146 <__pow5mult+0x74>
    8000210e:	02000513          	li	a0,32
    80002112:	8f3ff0ef          	jal	80001a04 <malloc>
    80002116:	02a93c23          	sd	a0,56(s2)
    8000211a:	ed11                	bnez	a0,80002136 <__pow5mult+0x64>
    8000211c:	00002697          	auipc	a3,0x2
    80002120:	0fc68693          	addi	a3,a3,252 # 80004218 <__tbss_end+0xa2>
    80002124:	4601                	li	a2,0
    80002126:	1b300593          	li	a1,435
    8000212a:	00002517          	auipc	a0,0x2
    8000212e:	1a650513          	addi	a0,a0,422 # 800042d0 <__tbss_end+0x15a>
    80002132:	3aa010ef          	jal	800034dc <__assert_func>
    80002136:	00052423          	sw	zero,8(a0)
    8000213a:	00053823          	sd	zero,16(a0)
    8000213e:	00053023          	sd	zero,0(a0)
    80002142:	00053c23          	sd	zero,24(a0)
    80002146:	03893a03          	ld	s4,56(s2)
    8000214a:	010a3403          	ld	s0,16(s4)
    8000214e:	e819                	bnez	s0,80002164 <__pow5mult+0x92>
    80002150:	27100593          	li	a1,625
    80002154:	854a                	mv	a0,s2
    80002156:	dafff0ef          	jal	80001f04 <__i2b>
    8000215a:	00aa3823          	sd	a0,16(s4)
    8000215e:	842a                	mv	s0,a0
    80002160:	00053023          	sd	zero,0(a0)
    80002164:	0014f793          	andi	a5,s1,1
    80002168:	cf81                	beqz	a5,80002180 <__pow5mult+0xae>
    8000216a:	85ce                	mv	a1,s3
    8000216c:	8622                	mv	a2,s0
    8000216e:	854a                	mv	a0,s2
    80002170:	dcdff0ef          	jal	80001f3c <__multiply>
    80002174:	8a2a                	mv	s4,a0
    80002176:	85ce                	mv	a1,s3
    80002178:	854a                	mv	a0,s2
    8000217a:	adfff0ef          	jal	80001c58 <_Bfree>
    8000217e:	89d2                	mv	s3,s4
    80002180:	8485                	srai	s1,s1,0x1
    80002182:	cc89                	beqz	s1,8000219c <__pow5mult+0xca>
    80002184:	6008                	ld	a0,0(s0)
    80002186:	e909                	bnez	a0,80002198 <__pow5mult+0xc6>
    80002188:	8622                	mv	a2,s0
    8000218a:	85a2                	mv	a1,s0
    8000218c:	854a                	mv	a0,s2
    8000218e:	dafff0ef          	jal	80001f3c <__multiply>
    80002192:	e008                	sd	a0,0(s0)
    80002194:	00053023          	sd	zero,0(a0)
    80002198:	842a                	mv	s0,a0
    8000219a:	b7e9                	j	80002164 <__pow5mult+0x92>
    8000219c:	70a2                	ld	ra,40(sp)
    8000219e:	7402                	ld	s0,32(sp)
    800021a0:	64e2                	ld	s1,24(sp)
    800021a2:	6942                	ld	s2,16(sp)
    800021a4:	6a02                	ld	s4,0(sp)
    800021a6:	854e                	mv	a0,s3
    800021a8:	69a2                	ld	s3,8(sp)
    800021aa:	6145                	addi	sp,sp,48
    800021ac:	8082                	ret

00000000800021ae <__lshift>:
    800021ae:	715d                	addi	sp,sp,-80
    800021b0:	e0a2                	sd	s0,64(sp)
    800021b2:	842e                	mv	s0,a1
    800021b4:	e85a                	sd	s6,16(sp)
    800021b6:	01442b03          	lw	s6,20(s0)
    800021ba:	f44e                	sd	s3,40(sp)
    800021bc:	458c                	lw	a1,8(a1)
    800021be:	4056599b          	sraiw	s3,a2,0x5
    800021c2:	445c                	lw	a5,12(s0)
    800021c4:	01698b3b          	addw	s6,s3,s6
    800021c8:	fc26                	sd	s1,56(sp)
    800021ca:	f84a                	sd	s2,48(sp)
    800021cc:	ec56                	sd	s5,24(sp)
    800021ce:	e45e                	sd	s7,8(sp)
    800021d0:	e486                	sd	ra,72(sp)
    800021d2:	f052                	sd	s4,32(sp)
    800021d4:	892a                	mv	s2,a0
    800021d6:	84b2                	mv	s1,a2
    800021d8:	40565b93          	srai	s7,a2,0x5
    800021dc:	001b0a9b          	addiw	s5,s6,1
    800021e0:	0357c463          	blt	a5,s5,80002208 <__lshift+0x5a>
    800021e4:	854a                	mv	a0,s2
    800021e6:	9c7ff0ef          	jal	80001bac <_Balloc>
    800021ea:	8a2a                	mv	s4,a0
    800021ec:	e115                	bnez	a0,80002210 <__lshift+0x62>
    800021ee:	00002697          	auipc	a3,0x2
    800021f2:	0ca68693          	addi	a3,a3,202 # 800042b8 <__tbss_end+0x142>
    800021f6:	4601                	li	a2,0
    800021f8:	1de00593          	li	a1,478
    800021fc:	00002517          	auipc	a0,0x2
    80002200:	0d450513          	addi	a0,a0,212 # 800042d0 <__tbss_end+0x15a>
    80002204:	2d8010ef          	jal	800034dc <__assert_func>
    80002208:	2585                	addiw	a1,a1,1
    8000220a:	0017979b          	slliw	a5,a5,0x1
    8000220e:	bfc9                	j	800021e0 <__lshift+0x32>
    80002210:	01850693          	addi	a3,a0,24
    80002214:	8736                	mv	a4,a3
    80002216:	4781                	li	a5,0
    80002218:	0977c363          	blt	a5,s7,8000229e <__lshift+0xf0>
    8000221c:	000bd363          	bgez	s7,80002222 <__lshift+0x74>
    80002220:	4981                	li	s3,0
    80002222:	4858                	lw	a4,20(s0)
    80002224:	098a                	slli	s3,s3,0x2
    80002226:	01840793          	addi	a5,s0,24
    8000222a:	070a                	slli	a4,a4,0x2
    8000222c:	88fd                	andi	s1,s1,31
    8000222e:	96ce                	add	a3,a3,s3
    80002230:	973e                	add	a4,a4,a5
    80002232:	c8bd                	beqz	s1,800022a8 <__lshift+0xfa>
    80002234:	02000813          	li	a6,32
    80002238:	4098083b          	subw	a6,a6,s1
    8000223c:	8536                	mv	a0,a3
    8000223e:	4601                	li	a2,0
    80002240:	438c                	lw	a1,0(a5)
    80002242:	009595bb          	sllw	a1,a1,s1
    80002246:	8e4d                	or	a2,a2,a1
    80002248:	c110                	sw	a2,0(a0)
    8000224a:	438c                	lw	a1,0(a5)
    8000224c:	0791                	addi	a5,a5,4
    8000224e:	0511                	addi	a0,a0,4
    80002250:	0105d63b          	srlw	a2,a1,a6
    80002254:	85b2                	mv	a1,a2
    80002256:	fee7e5e3          	bltu	a5,a4,80002240 <__lshift+0x92>
    8000225a:	01940513          	addi	a0,s0,25
    8000225e:	4791                	li	a5,4
    80002260:	00a76763          	bltu	a4,a0,8000226e <__lshift+0xc0>
    80002264:	8f01                	sub	a4,a4,s0
    80002266:	171d                	addi	a4,a4,-25
    80002268:	9b71                	andi	a4,a4,-4
    8000226a:	00470793          	addi	a5,a4,4
    8000226e:	97b6                	add	a5,a5,a3
    80002270:	c38c                	sw	a1,0(a5)
    80002272:	c219                	beqz	a2,80002278 <__lshift+0xca>
    80002274:	002b0a9b          	addiw	s5,s6,2
    80002278:	3afd                	addiw	s5,s5,-1
    8000227a:	015a2a23          	sw	s5,20(s4)
    8000227e:	854a                	mv	a0,s2
    80002280:	85a2                	mv	a1,s0
    80002282:	9d7ff0ef          	jal	80001c58 <_Bfree>
    80002286:	60a6                	ld	ra,72(sp)
    80002288:	6406                	ld	s0,64(sp)
    8000228a:	74e2                	ld	s1,56(sp)
    8000228c:	7942                	ld	s2,48(sp)
    8000228e:	79a2                	ld	s3,40(sp)
    80002290:	6ae2                	ld	s5,24(sp)
    80002292:	6b42                	ld	s6,16(sp)
    80002294:	6ba2                	ld	s7,8(sp)
    80002296:	8552                	mv	a0,s4
    80002298:	7a02                	ld	s4,32(sp)
    8000229a:	6161                	addi	sp,sp,80
    8000229c:	8082                	ret
    8000229e:	00072023          	sw	zero,0(a4)
    800022a2:	2785                	addiw	a5,a5,1
    800022a4:	0711                	addi	a4,a4,4
    800022a6:	bf8d                	j	80002218 <__lshift+0x6a>
    800022a8:	4390                	lw	a2,0(a5)
    800022aa:	0791                	addi	a5,a5,4
    800022ac:	c290                	sw	a2,0(a3)
    800022ae:	0691                	addi	a3,a3,4
    800022b0:	fee7ece3          	bltu	a5,a4,800022a8 <__lshift+0xfa>
    800022b4:	b7d1                	j	80002278 <__lshift+0xca>

00000000800022b6 <__mcmp>:
    800022b6:	49d8                	lw	a4,20(a1)
    800022b8:	87aa                	mv	a5,a0
    800022ba:	4948                	lw	a0,20(a0)
    800022bc:	9d19                	subw	a0,a0,a4
    800022be:	e505                	bnez	a0,800022e6 <__mcmp+0x30>
    800022c0:	070a                	slli	a4,a4,0x2
    800022c2:	07e1                	addi	a5,a5,24
    800022c4:	05e1                	addi	a1,a1,24
    800022c6:	00e786b3          	add	a3,a5,a4
    800022ca:	95ba                	add	a1,a1,a4
    800022cc:	16f1                	addi	a3,a3,-4
    800022ce:	15f1                	addi	a1,a1,-4
    800022d0:	4290                	lw	a2,0(a3)
    800022d2:	4198                	lw	a4,0(a1)
    800022d4:	00e60763          	beq	a2,a4,800022e2 <__mcmp+0x2c>
    800022d8:	4505                	li	a0,1
    800022da:	00e67663          	bgeu	a2,a4,800022e6 <__mcmp+0x30>
    800022de:	557d                	li	a0,-1
    800022e0:	8082                	ret
    800022e2:	fed7e5e3          	bltu	a5,a3,800022cc <__mcmp+0x16>
    800022e6:	8082                	ret

00000000800022e8 <__mdiff>:
    800022e8:	7179                	addi	sp,sp,-48
    800022ea:	ec26                	sd	s1,24(sp)
    800022ec:	84ae                	mv	s1,a1
    800022ee:	e84a                	sd	s2,16(sp)
    800022f0:	85b2                	mv	a1,a2
    800022f2:	892a                	mv	s2,a0
    800022f4:	8526                	mv	a0,s1
    800022f6:	f022                	sd	s0,32(sp)
    800022f8:	f406                	sd	ra,40(sp)
    800022fa:	e44e                	sd	s3,8(sp)
    800022fc:	8432                	mv	s0,a2
    800022fe:	fb9ff0ef          	jal	800022b6 <__mcmp>
    80002302:	ed15                	bnez	a0,8000233e <__mdiff+0x56>
    80002304:	4581                	li	a1,0
    80002306:	854a                	mv	a0,s2
    80002308:	8a5ff0ef          	jal	80001bac <_Balloc>
    8000230c:	ed11                	bnez	a0,80002328 <__mdiff+0x40>
    8000230e:	00002697          	auipc	a3,0x2
    80002312:	faa68693          	addi	a3,a3,-86 # 800042b8 <__tbss_end+0x142>
    80002316:	4601                	li	a2,0
    80002318:	23700593          	li	a1,567
    8000231c:	00002517          	auipc	a0,0x2
    80002320:	fb450513          	addi	a0,a0,-76 # 800042d0 <__tbss_end+0x15a>
    80002324:	1b8010ef          	jal	800034dc <__assert_func>
    80002328:	4785                	li	a5,1
    8000232a:	c95c                	sw	a5,20(a0)
    8000232c:	00052c23          	sw	zero,24(a0)
    80002330:	70a2                	ld	ra,40(sp)
    80002332:	7402                	ld	s0,32(sp)
    80002334:	64e2                	ld	s1,24(sp)
    80002336:	6942                	ld	s2,16(sp)
    80002338:	69a2                	ld	s3,8(sp)
    8000233a:	6145                	addi	sp,sp,48
    8000233c:	8082                	ret
    8000233e:	4981                	li	s3,0
    80002340:	00055663          	bgez	a0,8000234c <__mdiff+0x64>
    80002344:	87a6                	mv	a5,s1
    80002346:	4985                	li	s3,1
    80002348:	84a2                	mv	s1,s0
    8000234a:	843e                	mv	s0,a5
    8000234c:	448c                	lw	a1,8(s1)
    8000234e:	854a                	mv	a0,s2
    80002350:	85dff0ef          	jal	80001bac <_Balloc>
    80002354:	e909                	bnez	a0,80002366 <__mdiff+0x7e>
    80002356:	00002697          	auipc	a3,0x2
    8000235a:	f6268693          	addi	a3,a3,-158 # 800042b8 <__tbss_end+0x142>
    8000235e:	4601                	li	a2,0
    80002360:	24500593          	li	a1,581
    80002364:	bf65                	j	8000231c <__mdiff+0x34>
    80002366:	0144a803          	lw	a6,20(s1)
    8000236a:	4858                	lw	a4,20(s0)
    8000236c:	01848313          	addi	t1,s1,24
    80002370:	00281613          	slli	a2,a6,0x2
    80002374:	01840793          	addi	a5,s0,24
    80002378:	070a                	slli	a4,a4,0x2
    8000237a:	6ec1                	lui	t4,0x10
    8000237c:	01352823          	sw	s3,16(a0)
    80002380:	961a                	add	a2,a2,t1
    80002382:	97ba                	add	a5,a5,a4
    80002384:	01850593          	addi	a1,a0,24
    80002388:	4e61                	li	t3,24
    8000238a:	4881                	li	a7,0
    8000238c:	1efd                	addi	t4,t4,-1 # ffff <__stack_size+0x7fff>
    8000238e:	01c406b3          	add	a3,s0,t3
    80002392:	01c48733          	add	a4,s1,t3
    80002396:	0006af03          	lw	t5,0(a3)
    8000239a:	4318                	lw	a4,0(a4)
    8000239c:	01df7fb3          	and	t6,t5,t4
    800023a0:	01d776b3          	and	a3,a4,t4
    800023a4:	41f686bb          	subw	a3,a3,t6
    800023a8:	011686bb          	addw	a3,a3,a7
    800023ac:	010f5f1b          	srliw	t5,t5,0x10
    800023b0:	0107571b          	srliw	a4,a4,0x10
    800023b4:	4106d89b          	sraiw	a7,a3,0x10
    800023b8:	41e7073b          	subw	a4,a4,t5
    800023bc:	0117073b          	addw	a4,a4,a7
    800023c0:	4107589b          	sraiw	a7,a4,0x10
    800023c4:	00def6b3          	and	a3,t4,a3
    800023c8:	0107171b          	slliw	a4,a4,0x10
    800023cc:	01c50f33          	add	t5,a0,t3
    800023d0:	8ed9                	or	a3,a3,a4
    800023d2:	0e11                	addi	t3,t3,4
    800023d4:	00df2023          	sw	a3,0(t5)
    800023d8:	008e0733          	add	a4,t3,s0
    800023dc:	faf769e3          	bltu	a4,a5,8000238e <__mdiff+0xa6>
    800023e0:	01940693          	addi	a3,s0,25
    800023e4:	4711                	li	a4,4
    800023e6:	00d7e763          	bltu	a5,a3,800023f4 <__mdiff+0x10c>
    800023ea:	8f81                	sub	a5,a5,s0
    800023ec:	179d                	addi	a5,a5,-25
    800023ee:	9bf1                	andi	a5,a5,-4
    800023f0:	00478713          	addi	a4,a5,4
    800023f4:	00e586b3          	add	a3,a1,a4
    800023f8:	933a                	add	t1,t1,a4
    800023fa:	6e41                	lui	t3,0x10
    800023fc:	8eb6                	mv	t4,a3
    800023fe:	859a                	mv	a1,t1
    80002400:	1e7d                	addi	t3,t3,-1 # ffff <__stack_size+0x7fff>
    80002402:	02c5e463          	bltu	a1,a2,8000242a <__mdiff+0x142>
    80002406:	ffd30793          	addi	a5,t1,-3
    8000240a:	4701                	li	a4,0
    8000240c:	00f66763          	bltu	a2,a5,8000241a <__mdiff+0x132>
    80002410:	060d                	addi	a2,a2,3
    80002412:	40660633          	sub	a2,a2,t1
    80002416:	ffc67713          	andi	a4,a2,-4
    8000241a:	00e687b3          	add	a5,a3,a4
    8000241e:	17f1                	addi	a5,a5,-4
    80002420:	4398                	lw	a4,0(a5)
    80002422:	cf1d                	beqz	a4,80002460 <__mdiff+0x178>
    80002424:	01052a23          	sw	a6,20(a0)
    80002428:	b721                	j	80002330 <__mdiff+0x48>
    8000242a:	4198                	lw	a4,0(a1)
    8000242c:	00088f1b          	sext.w	t5,a7
    80002430:	0591                	addi	a1,a1,4
    80002432:	01c777b3          	and	a5,a4,t3
    80002436:	011787bb          	addw	a5,a5,a7
    8000243a:	4107d79b          	sraiw	a5,a5,0x10
    8000243e:	0107589b          	srliw	a7,a4,0x10
    80002442:	011787bb          	addw	a5,a5,a7
    80002446:	01e7073b          	addw	a4,a4,t5
    8000244a:	4107d89b          	sraiw	a7,a5,0x10
    8000244e:	01c77733          	and	a4,a4,t3
    80002452:	0107979b          	slliw	a5,a5,0x10
    80002456:	8f5d                	or	a4,a4,a5
    80002458:	00eea023          	sw	a4,0(t4)
    8000245c:	0e91                	addi	t4,t4,4
    8000245e:	b755                	j	80002402 <__mdiff+0x11a>
    80002460:	387d                	addiw	a6,a6,-1
    80002462:	bf75                	j	8000241e <__mdiff+0x136>

0000000080002464 <__ulp>:
    80002464:	e20507d3          	fmv.x.d	a5,fa0
    80002468:	7ff00737          	lui	a4,0x7ff00
    8000246c:	9381                	srli	a5,a5,0x20
    8000246e:	8f7d                	and	a4,a4,a5
    80002470:	fcc007b7          	lui	a5,0xfcc00
    80002474:	9f3d                	addw	a4,a4,a5
    80002476:	00e04d63          	bgtz	a4,80002490 <__ulp+0x2c>
    8000247a:	40e007bb          	negw	a5,a4
    8000247e:	4147d69b          	sraiw	a3,a5,0x14
    80002482:	474d                	li	a4,19
    80002484:	00d74863          	blt	a4,a3,80002494 <__ulp+0x30>
    80002488:	00080737          	lui	a4,0x80
    8000248c:	40d7573b          	sraw	a4,a4,a3
    80002490:	4681                	li	a3,0
    80002492:	a821                	j	800024aa <__ulp+0x46>
    80002494:	fec6879b          	addiw	a5,a3,-20
    80002498:	4779                	li	a4,30
    8000249a:	4685                	li	a3,1
    8000249c:	00f74663          	blt	a4,a5,800024a8 <__ulp+0x44>
    800024a0:	800006b7          	lui	a3,0x80000
    800024a4:	00f6d6bb          	srlw	a3,a3,a5
    800024a8:	4701                	li	a4,0
    800024aa:	1682                	slli	a3,a3,0x20
    800024ac:	9281                	srli	a3,a3,0x20
    800024ae:	1702                	slli	a4,a4,0x20
    800024b0:	8f55                	or	a4,a4,a3
    800024b2:	f2070553          	fmv.d.x	fa0,a4
    800024b6:	8082                	ret

00000000800024b8 <__b2d>:
    800024b8:	7179                	addi	sp,sp,-48
    800024ba:	ec26                	sd	s1,24(sp)
    800024bc:	4944                	lw	s1,20(a0)
    800024be:	e44e                	sd	s3,8(sp)
    800024c0:	01850993          	addi	s3,a0,24
    800024c4:	048a                	slli	s1,s1,0x2
    800024c6:	94ce                	add	s1,s1,s3
    800024c8:	f022                	sd	s0,32(sp)
    800024ca:	ffc4a403          	lw	s0,-4(s1)
    800024ce:	e84a                	sd	s2,16(sp)
    800024d0:	e052                	sd	s4,0(sp)
    800024d2:	8522                	mv	a0,s0
    800024d4:	8a2e                	mv	s4,a1
    800024d6:	f406                	sd	ra,40(sp)
    800024d8:	967ff0ef          	jal	80001e3e <__hi0bits>
    800024dc:	02000793          	li	a5,32
    800024e0:	9f89                	subw	a5,a5,a0
    800024e2:	00fa2023          	sw	a5,0(s4)
    800024e6:	47a9                	li	a5,10
    800024e8:	ffc48913          	addi	s2,s1,-4
    800024ec:	04a7c663          	blt	a5,a0,80002538 <__b2d+0x80>
    800024f0:	46ad                	li	a3,11
    800024f2:	9e89                	subw	a3,a3,a0
    800024f4:	3ff00737          	lui	a4,0x3ff00
    800024f8:	00d457bb          	srlw	a5,s0,a3
    800024fc:	8fd9                	or	a5,a5,a4
    800024fe:	1782                	slli	a5,a5,0x20
    80002500:	4701                	li	a4,0
    80002502:	0129f463          	bgeu	s3,s2,8000250a <__b2d+0x52>
    80002506:	ff84a703          	lw	a4,-8(s1)
    8000250a:	2555                	addiw	a0,a0,21
    8000250c:	00d7573b          	srlw	a4,a4,a3
    80002510:	00a4143b          	sllw	s0,s0,a0
    80002514:	8c59                	or	s0,s0,a4
    80002516:	0004071b          	sext.w	a4,s0
    8000251a:	70a2                	ld	ra,40(sp)
    8000251c:	7402                	ld	s0,32(sp)
    8000251e:	1702                	slli	a4,a4,0x20
    80002520:	9381                	srli	a5,a5,0x20
    80002522:	9301                	srli	a4,a4,0x20
    80002524:	1782                	slli	a5,a5,0x20
    80002526:	8fd9                	or	a5,a5,a4
    80002528:	64e2                	ld	s1,24(sp)
    8000252a:	6942                	ld	s2,16(sp)
    8000252c:	69a2                	ld	s3,8(sp)
    8000252e:	6a02                	ld	s4,0(sp)
    80002530:	f2078553          	fmv.d.x	fa0,a5
    80002534:	6145                	addi	sp,sp,48
    80002536:	8082                	ret
    80002538:	4701                	li	a4,0
    8000253a:	0129f663          	bgeu	s3,s2,80002546 <__b2d+0x8e>
    8000253e:	ff84a703          	lw	a4,-8(s1)
    80002542:	ff848913          	addi	s2,s1,-8
    80002546:	ff55059b          	addiw	a1,a0,-11
    8000254a:	c995                	beqz	a1,8000257e <__b2d+0xc6>
    8000254c:	02000613          	li	a2,32
    80002550:	9e0d                	subw	a2,a2,a1
    80002552:	00c757bb          	srlw	a5,a4,a2
    80002556:	00b4143b          	sllw	s0,s0,a1
    8000255a:	8c5d                	or	s0,s0,a5
    8000255c:	3ff007b7          	lui	a5,0x3ff00
    80002560:	8c5d                	or	s0,s0,a5
    80002562:	02041793          	slli	a5,s0,0x20
    80002566:	4681                	li	a3,0
    80002568:	0129f463          	bgeu	s3,s2,80002570 <__b2d+0xb8>
    8000256c:	ffc92683          	lw	a3,-4(s2)
    80002570:	00b7173b          	sllw	a4,a4,a1
    80002574:	00c6d6bb          	srlw	a3,a3,a2
    80002578:	8f55                	or	a4,a4,a3
    8000257a:	2701                	sext.w	a4,a4
    8000257c:	bf79                	j	8000251a <__b2d+0x62>
    8000257e:	3ff007b7          	lui	a5,0x3ff00
    80002582:	8c5d                	or	s0,s0,a5
    80002584:	02041793          	slli	a5,s0,0x20
    80002588:	bf49                	j	8000251a <__b2d+0x62>

000000008000258a <__d2b>:
    8000258a:	7139                	addi	sp,sp,-64
    8000258c:	ec4e                	sd	s3,24(sp)
    8000258e:	89ae                	mv	s3,a1
    80002590:	4585                	li	a1,1
    80002592:	f822                	sd	s0,48(sp)
    80002594:	f04a                	sd	s2,32(sp)
    80002596:	fc06                	sd	ra,56(sp)
    80002598:	f426                	sd	s1,40(sp)
    8000259a:	e852                	sd	s4,16(sp)
    8000259c:	e2050453          	fmv.x.d	s0,fa0
    800025a0:	8932                	mv	s2,a2
    800025a2:	e0aff0ef          	jal	80001bac <_Balloc>
    800025a6:	ed11                	bnez	a0,800025c2 <__d2b+0x38>
    800025a8:	00002697          	auipc	a3,0x2
    800025ac:	d1068693          	addi	a3,a3,-752 # 800042b8 <__tbss_end+0x142>
    800025b0:	4601                	li	a2,0
    800025b2:	30f00593          	li	a1,783
    800025b6:	00002517          	auipc	a0,0x2
    800025ba:	d1a50513          	addi	a0,a0,-742 # 800042d0 <__tbss_end+0x15a>
    800025be:	71f000ef          	jal	800034dc <__assert_func>
    800025c2:	42045493          	srai	s1,s0,0x20
    800025c6:	02c49793          	slli	a5,s1,0x2c
    800025ca:	0144d49b          	srliw	s1,s1,0x14
    800025ce:	7ff4f493          	andi	s1,s1,2047
    800025d2:	8a2a                	mv	s4,a0
    800025d4:	93b1                	srli	a5,a5,0x2c
    800025d6:	c481                	beqz	s1,800025de <__d2b+0x54>
    800025d8:	00100737          	lui	a4,0x100
    800025dc:	8fd9                	or	a5,a5,a4
    800025de:	c63e                	sw	a5,12(sp)
    800025e0:	2401                	sext.w	s0,s0
    800025e2:	c035                	beqz	s0,80002646 <__d2b+0xbc>
    800025e4:	0028                	addi	a0,sp,8
    800025e6:	c422                	sw	s0,8(sp)
    800025e8:	8a5ff0ef          	jal	80001e8c <__lo0bits>
    800025ec:	46b2                	lw	a3,12(sp)
    800025ee:	4722                	lw	a4,8(sp)
    800025f0:	c921                	beqz	a0,80002640 <__d2b+0xb6>
    800025f2:	02000793          	li	a5,32
    800025f6:	9f89                	subw	a5,a5,a0
    800025f8:	00f697bb          	sllw	a5,a3,a5
    800025fc:	8f5d                	or	a4,a4,a5
    800025fe:	00a6d6bb          	srlw	a3,a3,a0
    80002602:	00ea2c23          	sw	a4,24(s4)
    80002606:	c636                	sw	a3,12(sp)
    80002608:	4432                	lw	s0,12(sp)
    8000260a:	008a2e23          	sw	s0,28(s4)
    8000260e:	00803433          	snez	s0,s0
    80002612:	0405                	addi	s0,s0,1
    80002614:	008a2a23          	sw	s0,20(s4)
    80002618:	c0a9                	beqz	s1,8000265a <__d2b+0xd0>
    8000261a:	bcd4849b          	addiw	s1,s1,-1075
    8000261e:	9ca9                	addw	s1,s1,a0
    80002620:	0099a023          	sw	s1,0(s3)
    80002624:	03500413          	li	s0,53
    80002628:	9c09                	subw	s0,s0,a0
    8000262a:	00892023          	sw	s0,0(s2)
    8000262e:	70e2                	ld	ra,56(sp)
    80002630:	7442                	ld	s0,48(sp)
    80002632:	74a2                	ld	s1,40(sp)
    80002634:	7902                	ld	s2,32(sp)
    80002636:	69e2                	ld	s3,24(sp)
    80002638:	8552                	mv	a0,s4
    8000263a:	6a42                	ld	s4,16(sp)
    8000263c:	6121                	addi	sp,sp,64
    8000263e:	8082                	ret
    80002640:	00ea2c23          	sw	a4,24(s4)
    80002644:	b7d1                	j	80002608 <__d2b+0x7e>
    80002646:	0068                	addi	a0,sp,12
    80002648:	845ff0ef          	jal	80001e8c <__lo0bits>
    8000264c:	47b2                	lw	a5,12(sp)
    8000264e:	0205051b          	addiw	a0,a0,32
    80002652:	4405                	li	s0,1
    80002654:	00fa2c23          	sw	a5,24(s4)
    80002658:	bf75                	j	80002614 <__d2b+0x8a>
    8000265a:	bce5079b          	addiw	a5,a0,-1074
    8000265e:	00f9a023          	sw	a5,0(s3)
    80002662:	00241793          	slli	a5,s0,0x2
    80002666:	97d2                	add	a5,a5,s4
    80002668:	4bc8                	lw	a0,20(a5)
    8000266a:	0054141b          	slliw	s0,s0,0x5
    8000266e:	fd0ff0ef          	jal	80001e3e <__hi0bits>
    80002672:	bf5d                	j	80002628 <__d2b+0x9e>

0000000080002674 <__ratio>:
    80002674:	7139                	addi	sp,sp,-64
    80002676:	f04a                	sd	s2,32(sp)
    80002678:	892e                	mv	s2,a1
    8000267a:	002c                	addi	a1,sp,8
    8000267c:	fc06                	sd	ra,56(sp)
    8000267e:	f426                	sd	s1,40(sp)
    80002680:	ec4e                	sd	s3,24(sp)
    80002682:	f822                	sd	s0,48(sp)
    80002684:	89aa                	mv	s3,a0
    80002686:	e33ff0ef          	jal	800024b8 <__b2d>
    8000268a:	006c                	addi	a1,sp,12
    8000268c:	854a                	mv	a0,s2
    8000268e:	e20504d3          	fmv.x.d	s1,fa0
    80002692:	e27ff0ef          	jal	800024b8 <__b2d>
    80002696:	01492603          	lw	a2,20(s2)
    8000269a:	0149a783          	lw	a5,20(s3)
    8000269e:	45b2                	lw	a1,12(sp)
    800026a0:	e20506d3          	fmv.x.d	a3,fa0
    800026a4:	9f91                	subw	a5,a5,a2
    800026a6:	4622                	lw	a2,8(sp)
    800026a8:	0057979b          	slliw	a5,a5,0x5
    800026ac:	9e0d                	subw	a2,a2,a1
    800026ae:	9e3d                	addw	a2,a2,a5
    800026b0:	02c05a63          	blez	a2,800026e4 <__ratio+0x70>
    800026b4:	8736                	mv	a4,a3
    800026b6:	0146179b          	slliw	a5,a2,0x14
    800026ba:	0204d693          	srli	a3,s1,0x20
    800026be:	547d                	li	s0,-1
    800026c0:	9fb5                	addw	a5,a5,a3
    800026c2:	9001                	srli	s0,s0,0x20
    800026c4:	1782                	slli	a5,a5,0x20
    800026c6:	8c65                	and	s0,s0,s1
    800026c8:	8c5d                	or	s0,s0,a5
    800026ca:	f20407d3          	fmv.d.x	fa5,s0
    800026ce:	70e2                	ld	ra,56(sp)
    800026d0:	7442                	ld	s0,48(sp)
    800026d2:	f2070753          	fmv.d.x	fa4,a4
    800026d6:	74a2                	ld	s1,40(sp)
    800026d8:	7902                	ld	s2,32(sp)
    800026da:	69e2                	ld	s3,24(sp)
    800026dc:	1ae7f553          	fdiv.d	fa0,fa5,fa4
    800026e0:	6121                	addi	sp,sp,64
    800026e2:	8082                	ret
    800026e4:	fff00737          	lui	a4,0xfff00
    800026e8:	02c707bb          	mulw	a5,a4,a2
    800026ec:	0206d713          	srli	a4,a3,0x20
    800026f0:	8426                	mv	s0,s1
    800026f2:	9fb9                	addw	a5,a5,a4
    800026f4:	577d                	li	a4,-1
    800026f6:	9301                	srli	a4,a4,0x20
    800026f8:	1782                	slli	a5,a5,0x20
    800026fa:	8f75                	and	a4,a4,a3
    800026fc:	8f5d                	or	a4,a4,a5
    800026fe:	b7f1                	j	800026ca <__ratio+0x56>

0000000080002700 <_mprec_log10>:
    80002700:	47dd                	li	a5,23
    80002702:	00a7ca63          	blt	a5,a0,80002716 <_mprec_log10+0x16>
    80002706:	050e                	slli	a0,a0,0x3
    80002708:	00002797          	auipc	a5,0x2
    8000270c:	e0078793          	addi	a5,a5,-512 # 80004508 <__mprec_tens>
    80002710:	97aa                	add	a5,a5,a0
    80002712:	2388                	fld	fa0,0(a5)
    80002714:	8082                	ret
    80002716:	00002797          	auipc	a5,0x2
    8000271a:	2d27b507          	fld	fa0,722(a5) # 800049e8 <__atexit_dummy+0x30>
    8000271e:	00002797          	auipc	a5,0x2
    80002722:	2d27b787          	fld	fa5,722(a5) # 800049f0 <__atexit_dummy+0x38>
    80002726:	357d                	addiw	a0,a0,-1
    80002728:	12f57553          	fmul.d	fa0,fa0,fa5
    8000272c:	fd6d                	bnez	a0,80002726 <_mprec_log10+0x26>
    8000272e:	8082                	ret

0000000080002730 <__copybits>:
    80002730:	fff5879b          	addiw	a5,a1,-1
    80002734:	4a58                	lw	a4,20(a2)
    80002736:	4057d79b          	sraiw	a5,a5,0x5
    8000273a:	2785                	addiw	a5,a5,1
    8000273c:	078a                	slli	a5,a5,0x2
    8000273e:	01860693          	addi	a3,a2,24
    80002742:	070a                	slli	a4,a4,0x2
    80002744:	97aa                	add	a5,a5,a0
    80002746:	9736                	add	a4,a4,a3
    80002748:	85aa                	mv	a1,a0
    8000274a:	00e6ef63          	bltu	a3,a4,80002768 <__copybits+0x38>
    8000274e:	01560693          	addi	a3,a2,21
    80002752:	4581                	li	a1,0
    80002754:	00d76663          	bltu	a4,a3,80002760 <__copybits+0x30>
    80002758:	8f11                	sub	a4,a4,a2
    8000275a:	172d                	addi	a4,a4,-21 # ffffffffffefffeb <__heap_end+0xffffffff7fedafeb>
    8000275c:	ffc77593          	andi	a1,a4,-4
    80002760:	952e                	add	a0,a0,a1
    80002762:	00f56a63          	bltu	a0,a5,80002776 <__copybits+0x46>
    80002766:	8082                	ret
    80002768:	0006a803          	lw	a6,0(a3)
    8000276c:	0691                	addi	a3,a3,4
    8000276e:	0105a023          	sw	a6,0(a1)
    80002772:	0591                	addi	a1,a1,4
    80002774:	bfd9                	j	8000274a <__copybits+0x1a>
    80002776:	00052023          	sw	zero,0(a0)
    8000277a:	0511                	addi	a0,a0,4
    8000277c:	b7dd                	j	80002762 <__copybits+0x32>

000000008000277e <__any_on>:
    8000277e:	4954                	lw	a3,20(a0)
    80002780:	4055d793          	srai	a5,a1,0x5
    80002784:	01850713          	addi	a4,a0,24
    80002788:	02f6c763          	blt	a3,a5,800027b6 <__any_on+0x38>
    8000278c:	00d7df63          	bge	a5,a3,800027aa <__any_on+0x2c>
    80002790:	89fd                	andi	a1,a1,31
    80002792:	cd81                	beqz	a1,800027aa <__any_on+0x2c>
    80002794:	00279693          	slli	a3,a5,0x2
    80002798:	96ba                	add	a3,a3,a4
    8000279a:	4290                	lw	a2,0(a3)
    8000279c:	4505                	li	a0,1
    8000279e:	00b656bb          	srlw	a3,a2,a1
    800027a2:	00b696bb          	sllw	a3,a3,a1
    800027a6:	00c69e63          	bne	a3,a2,800027c2 <__any_on+0x44>
    800027aa:	078a                	slli	a5,a5,0x2
    800027ac:	97ba                	add	a5,a5,a4
    800027ae:	00f76663          	bltu	a4,a5,800027ba <__any_on+0x3c>
    800027b2:	4501                	li	a0,0
    800027b4:	8082                	ret
    800027b6:	87b6                	mv	a5,a3
    800027b8:	bfcd                	j	800027aa <__any_on+0x2c>
    800027ba:	17f1                	addi	a5,a5,-4
    800027bc:	4394                	lw	a3,0(a5)
    800027be:	dae5                	beqz	a3,800027ae <__any_on+0x30>
    800027c0:	4505                	li	a0,1
    800027c2:	8082                	ret

00000000800027c4 <__sfputc_r>:
    800027c4:	465c                	lw	a5,12(a2)
    800027c6:	fff7871b          	addiw	a4,a5,-1
    800027ca:	c658                	sw	a4,12(a2)
    800027cc:	00075a63          	bgez	a4,800027e0 <__sfputc_r+0x1c>
    800027d0:	561c                	lw	a5,40(a2)
    800027d2:	00f74563          	blt	a4,a5,800027dc <__sfputc_r+0x18>
    800027d6:	47a9                	li	a5,10
    800027d8:	00f59463          	bne	a1,a5,800027e0 <__sfputc_r+0x1c>
    800027dc:	1110006f          	j	800030ec <__swbuf_r>
    800027e0:	621c                	ld	a5,0(a2)
    800027e2:	852e                	mv	a0,a1
    800027e4:	00178713          	addi	a4,a5,1
    800027e8:	e218                	sd	a4,0(a2)
    800027ea:	00b78023          	sb	a1,0(a5)
    800027ee:	8082                	ret

00000000800027f0 <__sfputs_r>:
    800027f0:	7179                	addi	sp,sp,-48
    800027f2:	f022                	sd	s0,32(sp)
    800027f4:	ec26                	sd	s1,24(sp)
    800027f6:	e84a                	sd	s2,16(sp)
    800027f8:	e44e                	sd	s3,8(sp)
    800027fa:	e052                	sd	s4,0(sp)
    800027fc:	f406                	sd	ra,40(sp)
    800027fe:	892a                	mv	s2,a0
    80002800:	89ae                	mv	s3,a1
    80002802:	8432                	mv	s0,a2
    80002804:	00d604b3          	add	s1,a2,a3
    80002808:	5a7d                	li	s4,-1
    8000280a:	00941463          	bne	s0,s1,80002812 <__sfputs_r+0x22>
    8000280e:	4501                	li	a0,0
    80002810:	a811                	j	80002824 <__sfputs_r+0x34>
    80002812:	00044583          	lbu	a1,0(s0)
    80002816:	864e                	mv	a2,s3
    80002818:	854a                	mv	a0,s2
    8000281a:	fabff0ef          	jal	800027c4 <__sfputc_r>
    8000281e:	0405                	addi	s0,s0,1
    80002820:	ff4515e3          	bne	a0,s4,8000280a <__sfputs_r+0x1a>
    80002824:	70a2                	ld	ra,40(sp)
    80002826:	7402                	ld	s0,32(sp)
    80002828:	64e2                	ld	s1,24(sp)
    8000282a:	6942                	ld	s2,16(sp)
    8000282c:	69a2                	ld	s3,8(sp)
    8000282e:	6a02                	ld	s4,0(sp)
    80002830:	6145                	addi	sp,sp,48
    80002832:	8082                	ret

0000000080002834 <__sprint_r>:
    80002834:	6a1c                	ld	a5,16(a2)
    80002836:	1141                	addi	sp,sp,-16
    80002838:	e022                	sd	s0,0(sp)
    8000283a:	e406                	sd	ra,8(sp)
    8000283c:	8432                	mv	s0,a2
    8000283e:	cb99                	beqz	a5,80002854 <__sprint_r+0x20>
    80002840:	4a8000ef          	jal	80002ce8 <__sfvwrite_r>
    80002844:	00043823          	sd	zero,16(s0)
    80002848:	60a2                	ld	ra,8(sp)
    8000284a:	00042423          	sw	zero,8(s0)
    8000284e:	6402                	ld	s0,0(sp)
    80002850:	0141                	addi	sp,sp,16
    80002852:	8082                	ret
    80002854:	4501                	li	a0,0
    80002856:	bfcd                	j	80002848 <__sprint_r+0x14>

0000000080002858 <_vfiprintf_r>:
    80002858:	7155                	addi	sp,sp,-208
    8000285a:	e1a2                	sd	s0,192(sp)
    8000285c:	fd26                	sd	s1,184(sp)
    8000285e:	f94a                	sd	s2,176(sp)
    80002860:	f54e                	sd	s3,168(sp)
    80002862:	f152                	sd	s4,160(sp)
    80002864:	e586                	sd	ra,200(sp)
    80002866:	ed56                	sd	s5,152(sp)
    80002868:	e95a                	sd	s6,144(sp)
    8000286a:	e55e                	sd	s7,136(sp)
    8000286c:	e162                	sd	s8,128(sp)
    8000286e:	fce6                	sd	s9,120(sp)
    80002870:	f8ea                	sd	s10,112(sp)
    80002872:	8a2a                	mv	s4,a0
    80002874:	892e                	mv	s2,a1
    80002876:	84b2                	mv	s1,a2
    80002878:	8436                	mv	s0,a3
    8000287a:	4981                	li	s3,0
    8000287c:	c509                	beqz	a0,80002886 <_vfiprintf_r+0x2e>
    8000287e:	613c                	ld	a5,64(a0)
    80002880:	e399                	bnez	a5,80002886 <_vfiprintf_r+0x2e>
    80002882:	422000ef          	jal	80002ca4 <__sinit>
    80002886:	01095783          	lhu	a5,16(s2)
    8000288a:	8ba1                	andi	a5,a5,8
    8000288c:	cbe1                	beqz	a5,8000295c <_vfiprintf_r+0x104>
    8000288e:	01893783          	ld	a5,24(s2)
    80002892:	c7e9                	beqz	a5,8000295c <_vfiprintf_r+0x104>
    80002894:	02000793          	li	a5,32
    80002898:	02f104a3          	sb	a5,41(sp)
    8000289c:	5afd                	li	s5,-1
    8000289e:	03000793          	li	a5,48
    800028a2:	d202                	sw	zero,36(sp)
    800028a4:	02f10523          	sb	a5,42(sp)
    800028a8:	e422                	sd	s0,8(sp)
    800028aa:	02500b93          	li	s7,37
    800028ae:	020a9c13          	slli	s8,s5,0x20
    800028b2:	00002b17          	auipc	s6,0x2
    800028b6:	aaeb0b13          	addi	s6,s6,-1362 # 80004360 <__tbss_end+0x1ea>
    800028ba:	4c85                	li	s9,1
    800028bc:	8426                	mv	s0,s1
    800028be:	00044783          	lbu	a5,0(s0)
    800028c2:	c399                	beqz	a5,800028c8 <_vfiprintf_r+0x70>
    800028c4:	0d779063          	bne	a5,s7,80002984 <_vfiprintf_r+0x12c>
    800028c8:	40940d3b          	subw	s10,s0,s1
    800028cc:	000d0e63          	beqz	s10,800028e8 <_vfiprintf_r+0x90>
    800028d0:	86ea                	mv	a3,s10
    800028d2:	8626                	mv	a2,s1
    800028d4:	85ca                	mv	a1,s2
    800028d6:	8552                	mv	a0,s4
    800028d8:	f19ff0ef          	jal	800027f0 <__sfputs_r>
    800028dc:	1d550963          	beq	a0,s5,80002aae <_vfiprintf_r+0x256>
    800028e0:	5792                	lw	a5,36(sp)
    800028e2:	01a787bb          	addw	a5,a5,s10
    800028e6:	d23e                	sw	a5,36(sp)
    800028e8:	00044783          	lbu	a5,0(s0)
    800028ec:	1c078163          	beqz	a5,80002aae <_vfiprintf_r+0x256>
    800028f0:	00140493          	addi	s1,s0,1
    800028f4:	e862                	sd	s8,16(sp)
    800028f6:	ec02                	sd	zero,24(sp)
    800028f8:	040109a3          	sb	zero,83(sp)
    800028fc:	d482                	sw	zero,104(sp)
    800028fe:	0004c583          	lbu	a1,0(s1)
    80002902:	4615                	li	a2,5
    80002904:	855a                	mv	a0,s6
    80002906:	ca2fe0ef          	jal	80000da8 <memchr>
    8000290a:	47c2                	lw	a5,16(sp)
    8000290c:	00148413          	addi	s0,s1,1
    80002910:	ed25                	bnez	a0,80002988 <_vfiprintf_r+0x130>
    80002912:	0107f713          	andi	a4,a5,16
    80002916:	c709                	beqz	a4,80002920 <_vfiprintf_r+0xc8>
    80002918:	02000713          	li	a4,32
    8000291c:	04e109a3          	sb	a4,83(sp)
    80002920:	0087f713          	andi	a4,a5,8
    80002924:	c709                	beqz	a4,8000292e <_vfiprintf_r+0xd6>
    80002926:	02b00713          	li	a4,43
    8000292a:	04e109a3          	sb	a4,83(sp)
    8000292e:	0004c683          	lbu	a3,0(s1)
    80002932:	02a00713          	li	a4,42
    80002936:	06e68163          	beq	a3,a4,80002998 <_vfiprintf_r+0x140>
    8000293a:	47f2                	lw	a5,28(sp)
    8000293c:	8426                	mv	s0,s1
    8000293e:	4681                	li	a3,0
    80002940:	4625                	li	a2,9
    80002942:	4829                	li	a6,10
    80002944:	00044703          	lbu	a4,0(s0)
    80002948:	00140513          	addi	a0,s0,1
    8000294c:	fd07059b          	addiw	a1,a4,-48
    80002950:	872e                	mv	a4,a1
    80002952:	08b67a63          	bgeu	a2,a1,800029e6 <_vfiprintf_r+0x18e>
    80002956:	caa9                	beqz	a3,800029a8 <_vfiprintf_r+0x150>
    80002958:	ce3e                	sw	a5,28(sp)
    8000295a:	a0b9                	j	800029a8 <_vfiprintf_r+0x150>
    8000295c:	85ca                	mv	a1,s2
    8000295e:	8552                	mv	a0,s4
    80002960:	037000ef          	jal	80003196 <__swsetup_r>
    80002964:	d905                	beqz	a0,80002894 <_vfiprintf_r+0x3c>
    80002966:	557d                	li	a0,-1
    80002968:	60ae                	ld	ra,200(sp)
    8000296a:	640e                	ld	s0,192(sp)
    8000296c:	74ea                	ld	s1,184(sp)
    8000296e:	794a                	ld	s2,176(sp)
    80002970:	79aa                	ld	s3,168(sp)
    80002972:	7a0a                	ld	s4,160(sp)
    80002974:	6aea                	ld	s5,152(sp)
    80002976:	6b4a                	ld	s6,144(sp)
    80002978:	6baa                	ld	s7,136(sp)
    8000297a:	6c0a                	ld	s8,128(sp)
    8000297c:	7ce6                	ld	s9,120(sp)
    8000297e:	7d46                	ld	s10,112(sp)
    80002980:	6169                	addi	sp,sp,208
    80002982:	8082                	ret
    80002984:	0405                	addi	s0,s0,1
    80002986:	bf25                	j	800028be <_vfiprintf_r+0x66>
    80002988:	41650533          	sub	a0,a0,s6
    8000298c:	00ac953b          	sllw	a0,s9,a0
    80002990:	8fc9                	or	a5,a5,a0
    80002992:	c83e                	sw	a5,16(sp)
    80002994:	84a2                	mv	s1,s0
    80002996:	b7a5                	j	800028fe <_vfiprintf_r+0xa6>
    80002998:	6722                	ld	a4,8(sp)
    8000299a:	00870693          	addi	a3,a4,8
    8000299e:	4318                	lw	a4,0(a4)
    800029a0:	e436                	sd	a3,8(sp)
    800029a2:	02074b63          	bltz	a4,800029d8 <_vfiprintf_r+0x180>
    800029a6:	ce3a                	sw	a4,28(sp)
    800029a8:	00044703          	lbu	a4,0(s0)
    800029ac:	02e00793          	li	a5,46
    800029b0:	06f71163          	bne	a4,a5,80002a12 <_vfiprintf_r+0x1ba>
    800029b4:	00144703          	lbu	a4,1(s0)
    800029b8:	02a00793          	li	a5,42
    800029bc:	02f71b63          	bne	a4,a5,800029f2 <_vfiprintf_r+0x19a>
    800029c0:	67a2                	ld	a5,8(sp)
    800029c2:	0409                	addi	s0,s0,2
    800029c4:	00878713          	addi	a4,a5,8
    800029c8:	e43a                	sd	a4,8(sp)
    800029ca:	4398                	lw	a4,0(a5)
    800029cc:	87ba                	mv	a5,a4
    800029ce:	00075363          	bgez	a4,800029d4 <_vfiprintf_r+0x17c>
    800029d2:	57fd                	li	a5,-1
    800029d4:	ca3e                	sw	a5,20(sp)
    800029d6:	a835                	j	80002a12 <_vfiprintf_r+0x1ba>
    800029d8:	40e0073b          	negw	a4,a4
    800029dc:	0027e793          	ori	a5,a5,2
    800029e0:	ce3a                	sw	a4,28(sp)
    800029e2:	c83e                	sw	a5,16(sp)
    800029e4:	b7d1                	j	800029a8 <_vfiprintf_r+0x150>
    800029e6:	02f807bb          	mulw	a5,a6,a5
    800029ea:	842a                	mv	s0,a0
    800029ec:	4685                	li	a3,1
    800029ee:	9fb9                	addw	a5,a5,a4
    800029f0:	bf91                	j	80002944 <_vfiprintf_r+0xec>
    800029f2:	0405                	addi	s0,s0,1
    800029f4:	ca02                	sw	zero,20(sp)
    800029f6:	4681                	li	a3,0
    800029f8:	4781                	li	a5,0
    800029fa:	4625                	li	a2,9
    800029fc:	4829                	li	a6,10
    800029fe:	00044703          	lbu	a4,0(s0)
    80002a02:	00140513          	addi	a0,s0,1
    80002a06:	fd07059b          	addiw	a1,a4,-48
    80002a0a:	872e                	mv	a4,a1
    80002a0c:	06b67e63          	bgeu	a2,a1,80002a88 <_vfiprintf_r+0x230>
    80002a10:	f2f1                	bnez	a3,800029d4 <_vfiprintf_r+0x17c>
    80002a12:	00044583          	lbu	a1,0(s0)
    80002a16:	460d                	li	a2,3
    80002a18:	00002517          	auipc	a0,0x2
    80002a1c:	95050513          	addi	a0,a0,-1712 # 80004368 <__tbss_end+0x1f2>
    80002a20:	b88fe0ef          	jal	80000da8 <memchr>
    80002a24:	cd11                	beqz	a0,80002a40 <_vfiprintf_r+0x1e8>
    80002a26:	00002797          	auipc	a5,0x2
    80002a2a:	94278793          	addi	a5,a5,-1726 # 80004368 <__tbss_end+0x1f2>
    80002a2e:	8d1d                	sub	a0,a0,a5
    80002a30:	47c2                	lw	a5,16(sp)
    80002a32:	04000713          	li	a4,64
    80002a36:	00a7173b          	sllw	a4,a4,a0
    80002a3a:	8fd9                	or	a5,a5,a4
    80002a3c:	0405                	addi	s0,s0,1
    80002a3e:	c83e                	sw	a5,16(sp)
    80002a40:	00044583          	lbu	a1,0(s0)
    80002a44:	4619                	li	a2,6
    80002a46:	00002517          	auipc	a0,0x2
    80002a4a:	92a50513          	addi	a0,a0,-1750 # 80004370 <__tbss_end+0x1fa>
    80002a4e:	00140493          	addi	s1,s0,1
    80002a52:	02b10423          	sb	a1,40(sp)
    80002a56:	b52fe0ef          	jal	80000da8 <memchr>
    80002a5a:	c135                	beqz	a0,80002abe <_vfiprintf_r+0x266>
    80002a5c:	ffffe797          	auipc	a5,0xffffe
    80002a60:	ac278793          	addi	a5,a5,-1342 # 8000051e <_printf_float>
    80002a64:	eb85                	bnez	a5,80002a94 <_vfiprintf_r+0x23c>
    80002a66:	4742                	lw	a4,16(sp)
    80002a68:	67a2                	ld	a5,8(sp)
    80002a6a:	10077713          	andi	a4,a4,256
    80002a6e:	00878693          	addi	a3,a5,8
    80002a72:	c709                	beqz	a4,80002a7c <_vfiprintf_r+0x224>
    80002a74:	07bd                	addi	a5,a5,15
    80002a76:	9bc1                	andi	a5,a5,-16
    80002a78:	01078693          	addi	a3,a5,16
    80002a7c:	e436                	sd	a3,8(sp)
    80002a7e:	5792                	lw	a5,36(sp)
    80002a80:	013787bb          	addw	a5,a5,s3
    80002a84:	d23e                	sw	a5,36(sp)
    80002a86:	bd1d                	j	800028bc <_vfiprintf_r+0x64>
    80002a88:	02f807bb          	mulw	a5,a6,a5
    80002a8c:	842a                	mv	s0,a0
    80002a8e:	4685                	li	a3,1
    80002a90:	9fb9                	addw	a5,a5,a4
    80002a92:	b7b5                	j	800029fe <_vfiprintf_r+0x1a6>
    80002a94:	0038                	addi	a4,sp,8
    80002a96:	00000697          	auipc	a3,0x0
    80002a9a:	d5a68693          	addi	a3,a3,-678 # 800027f0 <__sfputs_r>
    80002a9e:	864a                	mv	a2,s2
    80002aa0:	080c                	addi	a1,sp,16
    80002aa2:	8552                	mv	a0,s4
    80002aa4:	a7bfd0ef          	jal	8000051e <_printf_float>
    80002aa8:	89aa                	mv	s3,a0
    80002aaa:	fd551ae3          	bne	a0,s5,80002a7e <_vfiprintf_r+0x226>
    80002aae:	01095783          	lhu	a5,16(s2)
    80002ab2:	0407f793          	andi	a5,a5,64
    80002ab6:	ea0798e3          	bnez	a5,80002966 <_vfiprintf_r+0x10e>
    80002aba:	5512                	lw	a0,36(sp)
    80002abc:	b575                	j	80002968 <_vfiprintf_r+0x110>
    80002abe:	0038                	addi	a4,sp,8
    80002ac0:	00000697          	auipc	a3,0x0
    80002ac4:	d3068693          	addi	a3,a3,-720 # 800027f0 <__sfputs_r>
    80002ac8:	864a                	mv	a2,s2
    80002aca:	080c                	addi	a1,sp,16
    80002acc:	8552                	mv	a0,s4
    80002ace:	800fe0ef          	jal	80000ace <_printf_i>
    80002ad2:	bfd9                	j	80002aa8 <_vfiprintf_r+0x250>

0000000080002ad4 <vfiprintf>:
    80002ad4:	86b2                	mv	a3,a2
    80002ad6:	862e                	mv	a2,a1
    80002ad8:	85aa                	mv	a1,a0
    80002ada:	00002517          	auipc	a0,0x2
    80002ade:	ec653503          	ld	a0,-314(a0) # 800049a0 <_impure_ptr>
    80002ae2:	bb9d                	j	80002858 <_vfiprintf_r>

0000000080002ae4 <__fp_lock>:
    80002ae4:	4501                	li	a0,0
    80002ae6:	8082                	ret

0000000080002ae8 <std>:
    80002ae8:	1141                	addi	sp,sp,-16
    80002aea:	e022                	sd	s0,0(sp)
    80002aec:	e406                	sd	ra,8(sp)
    80002aee:	842a                	mv	s0,a0
    80002af0:	00b51823          	sh	a1,16(a0)
    80002af4:	00c51923          	sh	a2,18(a0)
    80002af8:	00053023          	sd	zero,0(a0)
    80002afc:	00053423          	sd	zero,8(a0)
    80002b00:	0a052623          	sw	zero,172(a0)
    80002b04:	00053c23          	sd	zero,24(a0)
    80002b08:	02052023          	sw	zero,32(a0)
    80002b0c:	02052423          	sw	zero,40(a0)
    80002b10:	4621                	li	a2,8
    80002b12:	4581                	li	a1,0
    80002b14:	0a450513          	addi	a0,a0,164
    80002b18:	187000ef          	jal	8000349e <memset>
    80002b1c:	00000797          	auipc	a5,0x0
    80002b20:	50c78793          	addi	a5,a5,1292 # 80003028 <__sread>
    80002b24:	e03c                	sd	a5,64(s0)
    80002b26:	00000797          	auipc	a5,0x0
    80002b2a:	53878793          	addi	a5,a5,1336 # 8000305e <__swrite>
    80002b2e:	e43c                	sd	a5,72(s0)
    80002b30:	00000797          	auipc	a5,0x0
    80002b34:	57e78793          	addi	a5,a5,1406 # 800030ae <__sseek>
    80002b38:	e83c                	sd	a5,80(s0)
    80002b3a:	00000797          	auipc	a5,0x0
    80002b3e:	5ac78793          	addi	a5,a5,1452 # 800030e6 <__sclose>
    80002b42:	60a2                	ld	ra,8(sp)
    80002b44:	fc00                	sd	s0,56(s0)
    80002b46:	ec3c                	sd	a5,88(s0)
    80002b48:	6402                	ld	s0,0(sp)
    80002b4a:	0141                	addi	sp,sp,16
    80002b4c:	8082                	ret

0000000080002b4e <stdio_exit_handler>:
    80002b4e:	00002617          	auipc	a2,0x2
    80002b52:	c9260613          	addi	a2,a2,-878 # 800047e0 <__sglue>
    80002b56:	00001597          	auipc	a1,0x1
    80002b5a:	cda58593          	addi	a1,a1,-806 # 80003830 <_fflush_r>
    80002b5e:	00002517          	auipc	a0,0x2
    80002b62:	bf250513          	addi	a0,a0,-1038 # 80004750 <_impure_data>
    80002b66:	a9a1                	j	80002fbe <_fwalk_sglue>

0000000080002b68 <cleanup_stdio>:
    80002b68:	650c                	ld	a1,8(a0)
    80002b6a:	1141                	addi	sp,sp,-16
    80002b6c:	e022                	sd	s0,0(sp)
    80002b6e:	e406                	sd	ra,8(sp)
    80002b70:	00002797          	auipc	a5,0x2
    80002b74:	ee878793          	addi	a5,a5,-280 # 80004a58 <__sf>
    80002b78:	842a                	mv	s0,a0
    80002b7a:	00f58463          	beq	a1,a5,80002b82 <cleanup_stdio+0x1a>
    80002b7e:	4b3000ef          	jal	80003830 <_fflush_r>
    80002b82:	680c                	ld	a1,16(s0)
    80002b84:	96818793          	addi	a5,gp,-1688 # 80004b08 <__sf+0xb0>
    80002b88:	00f58563          	beq	a1,a5,80002b92 <cleanup_stdio+0x2a>
    80002b8c:	8522                	mv	a0,s0
    80002b8e:	4a3000ef          	jal	80003830 <_fflush_r>
    80002b92:	6c0c                	ld	a1,24(s0)
    80002b94:	a1818793          	addi	a5,gp,-1512 # 80004bb8 <__sf+0x160>
    80002b98:	00f58863          	beq	a1,a5,80002ba8 <cleanup_stdio+0x40>
    80002b9c:	8522                	mv	a0,s0
    80002b9e:	6402                	ld	s0,0(sp)
    80002ba0:	60a2                	ld	ra,8(sp)
    80002ba2:	0141                	addi	sp,sp,16
    80002ba4:	48d0006f          	j	80003830 <_fflush_r>
    80002ba8:	60a2                	ld	ra,8(sp)
    80002baa:	6402                	ld	s0,0(sp)
    80002bac:	0141                	addi	sp,sp,16
    80002bae:	8082                	ret

0000000080002bb0 <global_stdio_init.part.0>:
    80002bb0:	1141                	addi	sp,sp,-16
    80002bb2:	00000797          	auipc	a5,0x0
    80002bb6:	f9c78793          	addi	a5,a5,-100 # 80002b4e <stdio_exit_handler>
    80002bba:	4601                	li	a2,0
    80002bbc:	4591                	li	a1,4
    80002bbe:	00002517          	auipc	a0,0x2
    80002bc2:	e9a50513          	addi	a0,a0,-358 # 80004a58 <__sf>
    80002bc6:	e406                	sd	ra,8(sp)
    80002bc8:	88f1b423          	sd	a5,-1912(gp) # 80004a28 <__stdio_exit_handler>
    80002bcc:	f1dff0ef          	jal	80002ae8 <std>
    80002bd0:	4605                	li	a2,1
    80002bd2:	45a5                	li	a1,9
    80002bd4:	96818513          	addi	a0,gp,-1688 # 80004b08 <__sf+0xb0>
    80002bd8:	f11ff0ef          	jal	80002ae8 <std>
    80002bdc:	60a2                	ld	ra,8(sp)
    80002bde:	4609                	li	a2,2
    80002be0:	45c9                	li	a1,18
    80002be2:	a1818513          	addi	a0,gp,-1512 # 80004bb8 <__sf+0x160>
    80002be6:	0141                	addi	sp,sp,16
    80002be8:	b701                	j	80002ae8 <std>

0000000080002bea <__fp_unlock>:
    80002bea:	4501                	li	a0,0
    80002bec:	8082                	ret

0000000080002bee <__sfp>:
    80002bee:	1101                	addi	sp,sp,-32
    80002bf0:	e04a                	sd	s2,0(sp)
    80002bf2:	ec06                	sd	ra,24(sp)
    80002bf4:	e822                	sd	s0,16(sp)
    80002bf6:	e426                	sd	s1,8(sp)
    80002bf8:	8881b783          	ld	a5,-1912(gp) # 80004a28 <__stdio_exit_handler>
    80002bfc:	892a                	mv	s2,a0
    80002bfe:	e399                	bnez	a5,80002c04 <__sfp+0x16>
    80002c00:	fb1ff0ef          	jal	80002bb0 <global_stdio_init.part.0>
    80002c04:	00002497          	auipc	s1,0x2
    80002c08:	bdc48493          	addi	s1,s1,-1060 # 800047e0 <__sglue>
    80002c0c:	6880                	ld	s0,16(s1)
    80002c0e:	449c                	lw	a5,8(s1)
    80002c10:	37fd                	addiw	a5,a5,-1
    80002c12:	0207d163          	bgez	a5,80002c34 <__sfp+0x46>
    80002c16:	609c                	ld	a5,0(s1)
    80002c18:	e7c1                	bnez	a5,80002ca0 <__sfp+0xb2>
    80002c1a:	2d800593          	li	a1,728
    80002c1e:	854a                	mv	a0,s2
    80002c20:	e59fe0ef          	jal	80001a78 <_malloc_r>
    80002c24:	842a                	mv	s0,a0
    80002c26:	e12d                	bnez	a0,80002c88 <__sfp+0x9a>
    80002c28:	0004b023          	sd	zero,0(s1)
    80002c2c:	47b1                	li	a5,12
    80002c2e:	00f92023          	sw	a5,0(s2)
    80002c32:	a089                	j	80002c74 <__sfp+0x86>
    80002c34:	01041703          	lh	a4,16(s0)
    80002c38:	e729                	bnez	a4,80002c82 <__sfp+0x94>
    80002c3a:	77c1                	lui	a5,0xffff0
    80002c3c:	0785                	addi	a5,a5,1 # ffffffffffff0001 <__heap_end+0xffffffff7ffcb001>
    80002c3e:	0a042623          	sw	zero,172(s0)
    80002c42:	00043023          	sd	zero,0(s0)
    80002c46:	00043423          	sd	zero,8(s0)
    80002c4a:	c81c                	sw	a5,16(s0)
    80002c4c:	00043c23          	sd	zero,24(s0)
    80002c50:	02042023          	sw	zero,32(s0)
    80002c54:	02042423          	sw	zero,40(s0)
    80002c58:	4621                	li	a2,8
    80002c5a:	4581                	li	a1,0
    80002c5c:	0a440513          	addi	a0,s0,164
    80002c60:	03f000ef          	jal	8000349e <memset>
    80002c64:	06043023          	sd	zero,96(s0)
    80002c68:	06042423          	sw	zero,104(s0)
    80002c6c:	08043023          	sd	zero,128(s0)
    80002c70:	08042423          	sw	zero,136(s0)
    80002c74:	60e2                	ld	ra,24(sp)
    80002c76:	8522                	mv	a0,s0
    80002c78:	6442                	ld	s0,16(sp)
    80002c7a:	64a2                	ld	s1,8(sp)
    80002c7c:	6902                	ld	s2,0(sp)
    80002c7e:	6105                	addi	sp,sp,32
    80002c80:	8082                	ret
    80002c82:	0b040413          	addi	s0,s0,176
    80002c86:	b769                	j	80002c10 <__sfp+0x22>
    80002c88:	4791                	li	a5,4
    80002c8a:	00053023          	sd	zero,0(a0)
    80002c8e:	c51c                	sw	a5,8(a0)
    80002c90:	0561                	addi	a0,a0,24
    80002c92:	e808                	sd	a0,16(s0)
    80002c94:	2c000613          	li	a2,704
    80002c98:	4581                	li	a1,0
    80002c9a:	005000ef          	jal	8000349e <memset>
    80002c9e:	e080                	sd	s0,0(s1)
    80002ca0:	6084                	ld	s1,0(s1)
    80002ca2:	b7ad                	j	80002c0c <__sfp+0x1e>

0000000080002ca4 <__sinit>:
    80002ca4:	613c                	ld	a5,64(a0)
    80002ca6:	eb91                	bnez	a5,80002cba <__sinit+0x16>
    80002ca8:	00000797          	auipc	a5,0x0
    80002cac:	ec078793          	addi	a5,a5,-320 # 80002b68 <cleanup_stdio>
    80002cb0:	e13c                	sd	a5,64(a0)
    80002cb2:	8881b783          	ld	a5,-1912(gp) # 80004a28 <__stdio_exit_handler>
    80002cb6:	e391                	bnez	a5,80002cba <__sinit+0x16>
    80002cb8:	bde5                	j	80002bb0 <global_stdio_init.part.0>
    80002cba:	8082                	ret

0000000080002cbc <__sfp_lock_acquire>:
    80002cbc:	8082                	ret

0000000080002cbe <__sfp_lock_release>:
    80002cbe:	8082                	ret

0000000080002cc0 <__fp_lock_all>:
    80002cc0:	00002617          	auipc	a2,0x2
    80002cc4:	b2060613          	addi	a2,a2,-1248 # 800047e0 <__sglue>
    80002cc8:	00000597          	auipc	a1,0x0
    80002ccc:	e1c58593          	addi	a1,a1,-484 # 80002ae4 <__fp_lock>
    80002cd0:	4501                	li	a0,0
    80002cd2:	a4f5                	j	80002fbe <_fwalk_sglue>

0000000080002cd4 <__fp_unlock_all>:
    80002cd4:	00002617          	auipc	a2,0x2
    80002cd8:	b0c60613          	addi	a2,a2,-1268 # 800047e0 <__sglue>
    80002cdc:	00000597          	auipc	a1,0x0
    80002ce0:	f0e58593          	addi	a1,a1,-242 # 80002bea <__fp_unlock>
    80002ce4:	4501                	li	a0,0
    80002ce6:	ace1                	j	80002fbe <_fwalk_sglue>

0000000080002ce8 <__sfvwrite_r>:
    80002ce8:	6a1c                	ld	a5,16(a2)
    80002cea:	e399                	bnez	a5,80002cf0 <__sfvwrite_r+0x8>
    80002cec:	4501                	li	a0,0
    80002cee:	8082                	ret
    80002cf0:	0105d783          	lhu	a5,16(a1)
    80002cf4:	7159                	addi	sp,sp,-112
    80002cf6:	f0a2                	sd	s0,96(sp)
    80002cf8:	e8ca                	sd	s2,80(sp)
    80002cfa:	e0d2                	sd	s4,64(sp)
    80002cfc:	f486                	sd	ra,104(sp)
    80002cfe:	eca6                	sd	s1,88(sp)
    80002d00:	e4ce                	sd	s3,72(sp)
    80002d02:	fc56                	sd	s5,56(sp)
    80002d04:	f85a                	sd	s6,48(sp)
    80002d06:	f45e                	sd	s7,40(sp)
    80002d08:	f062                	sd	s8,32(sp)
    80002d0a:	ec66                	sd	s9,24(sp)
    80002d0c:	e86a                	sd	s10,16(sp)
    80002d0e:	e46e                	sd	s11,8(sp)
    80002d10:	8ba1                	andi	a5,a5,8
    80002d12:	892a                	mv	s2,a0
    80002d14:	842e                	mv	s0,a1
    80002d16:	8a32                	mv	s4,a2
    80002d18:	cfc1                	beqz	a5,80002db0 <__sfvwrite_r+0xc8>
    80002d1a:	6d9c                	ld	a5,24(a1)
    80002d1c:	cbd1                	beqz	a5,80002db0 <__sfvwrite_r+0xc8>
    80002d1e:	01041783          	lh	a5,16(s0)
    80002d22:	000a3983          	ld	s3,0(s4)
    80002d26:	0027f713          	andi	a4,a5,2
    80002d2a:	e765                	bnez	a4,80002e12 <__sfvwrite_r+0x12a>
    80002d2c:	8b85                	andi	a5,a5,1
    80002d2e:	4a81                	li	s5,0
    80002d30:	16078063          	beqz	a5,80002e90 <__sfvwrite_r+0x1a8>
    80002d34:	4501                	li	a0,0
    80002d36:	4b81                	li	s7,0
    80002d38:	4b01                	li	s6,0
    80002d3a:	240b0063          	beqz	s6,80002f7a <__sfvwrite_r+0x292>
    80002d3e:	e919                	bnez	a0,80002d54 <__sfvwrite_r+0x6c>
    80002d40:	865a                	mv	a2,s6
    80002d42:	45a9                	li	a1,10
    80002d44:	855e                	mv	a0,s7
    80002d46:	862fe0ef          	jal	80000da8 <memchr>
    80002d4a:	22050f63          	beqz	a0,80002f88 <__sfvwrite_r+0x2a0>
    80002d4e:	0505                	addi	a0,a0,1
    80002d50:	41750abb          	subw	s5,a0,s7
    80002d54:	8c56                	mv	s8,s5
    80002d56:	015b7363          	bgeu	s6,s5,80002d5c <__sfvwrite_r+0x74>
    80002d5a:	8c5a                	mv	s8,s6
    80002d5c:	6008                	ld	a0,0(s0)
    80002d5e:	6c1c                	ld	a5,24(s0)
    80002d60:	4444                	lw	s1,12(s0)
    80002d62:	5014                	lw	a3,32(s0)
    80002d64:	22a7f563          	bgeu	a5,a0,80002f8e <__sfvwrite_r+0x2a6>
    80002d68:	9cb5                	addw	s1,s1,a3
    80002d6a:	2384d263          	bge	s1,s8,80002f8e <__sfvwrite_r+0x2a6>
    80002d6e:	85de                	mv	a1,s7
    80002d70:	8626                	mv	a2,s1
    80002d72:	706000ef          	jal	80003478 <memmove>
    80002d76:	601c                	ld	a5,0(s0)
    80002d78:	85a2                	mv	a1,s0
    80002d7a:	854a                	mv	a0,s2
    80002d7c:	97a6                	add	a5,a5,s1
    80002d7e:	e01c                	sd	a5,0(s0)
    80002d80:	2b1000ef          	jal	80003830 <_fflush_r>
    80002d84:	0e051f63          	bnez	a0,80002e82 <__sfvwrite_r+0x19a>
    80002d88:	409a8abb          	subw	s5,s5,s1
    80002d8c:	4505                	li	a0,1
    80002d8e:	000a9763          	bnez	s5,80002d9c <__sfvwrite_r+0xb4>
    80002d92:	85a2                	mv	a1,s0
    80002d94:	854a                	mv	a0,s2
    80002d96:	29b000ef          	jal	80003830 <_fflush_r>
    80002d9a:	e565                	bnez	a0,80002e82 <__sfvwrite_r+0x19a>
    80002d9c:	010a3783          	ld	a5,16(s4)
    80002da0:	9ba6                	add	s7,s7,s1
    80002da2:	409b0b33          	sub	s6,s6,s1
    80002da6:	8f85                	sub	a5,a5,s1
    80002da8:	00fa3823          	sd	a5,16(s4)
    80002dac:	f7d9                	bnez	a5,80002d3a <__sfvwrite_r+0x52>
    80002dae:	a091                	j	80002df2 <__sfvwrite_r+0x10a>
    80002db0:	85a2                	mv	a1,s0
    80002db2:	854a                	mv	a0,s2
    80002db4:	3e2000ef          	jal	80003196 <__swsetup_r>
    80002db8:	d13d                	beqz	a0,80002d1e <__sfvwrite_r+0x36>
    80002dba:	557d                	li	a0,-1
    80002dbc:	a825                	j	80002df4 <__sfvwrite_r+0x10c>
    80002dbe:	0009ba83          	ld	s5,0(s3)
    80002dc2:	0089b483          	ld	s1,8(s3)
    80002dc6:	09c1                	addi	s3,s3,16
    80002dc8:	643c                	ld	a5,72(s0)
    80002dca:	7c0c                	ld	a1,56(s0)
    80002dcc:	d8ed                	beqz	s1,80002dbe <__sfvwrite_r+0xd6>
    80002dce:	86a6                	mv	a3,s1
    80002dd0:	009b7363          	bgeu	s6,s1,80002dd6 <__sfvwrite_r+0xee>
    80002dd4:	86da                	mv	a3,s6
    80002dd6:	2681                	sext.w	a3,a3
    80002dd8:	8656                	mv	a2,s5
    80002dda:	854a                	mv	a0,s2
    80002ddc:	9782                	jalr	a5
    80002dde:	0aa05263          	blez	a0,80002e82 <__sfvwrite_r+0x19a>
    80002de2:	010a3783          	ld	a5,16(s4)
    80002de6:	9aaa                	add	s5,s5,a0
    80002de8:	8c89                	sub	s1,s1,a0
    80002dea:	8f89                	sub	a5,a5,a0
    80002dec:	00fa3823          	sd	a5,16(s4)
    80002df0:	ffe1                	bnez	a5,80002dc8 <__sfvwrite_r+0xe0>
    80002df2:	4501                	li	a0,0
    80002df4:	70a6                	ld	ra,104(sp)
    80002df6:	7406                	ld	s0,96(sp)
    80002df8:	64e6                	ld	s1,88(sp)
    80002dfa:	6946                	ld	s2,80(sp)
    80002dfc:	69a6                	ld	s3,72(sp)
    80002dfe:	6a06                	ld	s4,64(sp)
    80002e00:	7ae2                	ld	s5,56(sp)
    80002e02:	7b42                	ld	s6,48(sp)
    80002e04:	7ba2                	ld	s7,40(sp)
    80002e06:	7c02                	ld	s8,32(sp)
    80002e08:	6ce2                	ld	s9,24(sp)
    80002e0a:	6d42                	ld	s10,16(sp)
    80002e0c:	6da2                	ld	s11,8(sp)
    80002e0e:	6165                	addi	sp,sp,112
    80002e10:	8082                	ret
    80002e12:	80000b37          	lui	s6,0x80000
    80002e16:	4a81                	li	s5,0
    80002e18:	4481                	li	s1,0
    80002e1a:	c00b4b13          	xori	s6,s6,-1024
    80002e1e:	b76d                	j	80002dc8 <__sfvwrite_r+0xe0>
    80002e20:	0009ba83          	ld	s5,0(s3)
    80002e24:	0089bc83          	ld	s9,8(s3)
    80002e28:	09c1                	addi	s3,s3,16
    80002e2a:	4444                	lw	s1,12(s0)
    80002e2c:	01041783          	lh	a5,16(s0)
    80002e30:	6008                	ld	a0,0(s0)
    80002e32:	8d26                	mv	s10,s1
    80002e34:	fe0c86e3          	beqz	s9,80002e20 <__sfvwrite_r+0x138>
    80002e38:	2007f713          	andi	a4,a5,512
    80002e3c:	c37d                	beqz	a4,80002f22 <__sfvwrite_r+0x23a>
    80002e3e:	089ce763          	bltu	s9,s1,80002ecc <__sfvwrite_r+0x1e4>
    80002e42:	4807f713          	andi	a4,a5,1152
    80002e46:	c359                	beqz	a4,80002ecc <__sfvwrite_r+0x1e4>
    80002e48:	5004                	lw	s1,32(s0)
    80002e4a:	6c0c                	ld	a1,24(s0)
    80002e4c:	029b84bb          	mulw	s1,s7,s1
    80002e50:	8d0d                	sub	a0,a0,a1
    80002e52:	00050d9b          	sext.w	s11,a0
    80002e56:	001d8713          	addi	a4,s11,1
    80002e5a:	9766                	add	a4,a4,s9
    80002e5c:	0384c4bb          	divw	s1,s1,s8
    80002e60:	00e4f563          	bgeu	s1,a4,80002e6a <__sfvwrite_r+0x182>
    80002e64:	2505                	addiw	a0,a0,1
    80002e66:	019504bb          	addw	s1,a0,s9
    80002e6a:	4007f793          	andi	a5,a5,1024
    80002e6e:	cbc9                	beqz	a5,80002f00 <__sfvwrite_r+0x218>
    80002e70:	85a6                	mv	a1,s1
    80002e72:	854a                	mv	a0,s2
    80002e74:	c05fe0ef          	jal	80001a78 <_malloc_r>
    80002e78:	8d2a                	mv	s10,a0
    80002e7a:	e11d                	bnez	a0,80002ea0 <__sfvwrite_r+0x1b8>
    80002e7c:	47b1                	li	a5,12
    80002e7e:	00f92023          	sw	a5,0(s2)
    80002e82:	01045783          	lhu	a5,16(s0)
    80002e86:	0407e793          	ori	a5,a5,64
    80002e8a:	00f41823          	sh	a5,16(s0)
    80002e8e:	b735                	j	80002dba <__sfvwrite_r+0xd2>
    80002e90:	80000b37          	lui	s6,0x80000
    80002e94:	4c81                	li	s9,0
    80002e96:	fffb4b13          	not	s6,s6
    80002e9a:	4b8d                	li	s7,3
    80002e9c:	4c09                	li	s8,2
    80002e9e:	b771                	j	80002e2a <__sfvwrite_r+0x142>
    80002ea0:	6c0c                	ld	a1,24(s0)
    80002ea2:	866e                	mv	a2,s11
    80002ea4:	60a000ef          	jal	800034ae <memcpy>
    80002ea8:	01045783          	lhu	a5,16(s0)
    80002eac:	b7f7f793          	andi	a5,a5,-1153
    80002eb0:	0807e793          	ori	a5,a5,128
    80002eb4:	00f41823          	sh	a5,16(s0)
    80002eb8:	01a43c23          	sd	s10,24(s0)
    80002ebc:	d004                	sw	s1,32(s0)
    80002ebe:	9d6e                	add	s10,s10,s11
    80002ec0:	41b484bb          	subw	s1,s1,s11
    80002ec4:	01a43023          	sd	s10,0(s0)
    80002ec8:	c444                	sw	s1,12(s0)
    80002eca:	8d66                	mv	s10,s9
    80002ecc:	84e6                	mv	s1,s9
    80002ece:	01acf363          	bgeu	s9,s10,80002ed4 <__sfvwrite_r+0x1ec>
    80002ed2:	8d66                	mv	s10,s9
    80002ed4:	6008                	ld	a0,0(s0)
    80002ed6:	866a                	mv	a2,s10
    80002ed8:	85d6                	mv	a1,s5
    80002eda:	59e000ef          	jal	80003478 <memmove>
    80002ede:	445c                	lw	a5,12(s0)
    80002ee0:	41a787bb          	subw	a5,a5,s10
    80002ee4:	c45c                	sw	a5,12(s0)
    80002ee6:	601c                	ld	a5,0(s0)
    80002ee8:	97ea                	add	a5,a5,s10
    80002eea:	e01c                	sd	a5,0(s0)
    80002eec:	010a3783          	ld	a5,16(s4)
    80002ef0:	9aa6                	add	s5,s5,s1
    80002ef2:	409c8cb3          	sub	s9,s9,s1
    80002ef6:	8f85                	sub	a5,a5,s1
    80002ef8:	00fa3823          	sd	a5,16(s4)
    80002efc:	f79d                	bnez	a5,80002e2a <__sfvwrite_r+0x142>
    80002efe:	bdd5                	j	80002df2 <__sfvwrite_r+0x10a>
    80002f00:	8626                	mv	a2,s1
    80002f02:	854a                	mv	a0,s2
    80002f04:	73e000ef          	jal	80003642 <_realloc_r>
    80002f08:	8d2a                	mv	s10,a0
    80002f0a:	f55d                	bnez	a0,80002eb8 <__sfvwrite_r+0x1d0>
    80002f0c:	6c0c                	ld	a1,24(s0)
    80002f0e:	854a                	mv	a0,s2
    80002f10:	64c000ef          	jal	8000355c <_free_r>
    80002f14:	01045783          	lhu	a5,16(s0)
    80002f18:	f7f7f793          	andi	a5,a5,-129
    80002f1c:	00f41823          	sh	a5,16(s0)
    80002f20:	bfb1                	j	80002e7c <__sfvwrite_r+0x194>
    80002f22:	6c1c                	ld	a5,24(s0)
    80002f24:	00a7e563          	bltu	a5,a0,80002f2e <__sfvwrite_r+0x246>
    80002f28:	5014                	lw	a3,32(s0)
    80002f2a:	02dcf763          	bgeu	s9,a3,80002f58 <__sfvwrite_r+0x270>
    80002f2e:	009cf363          	bgeu	s9,s1,80002f34 <__sfvwrite_r+0x24c>
    80002f32:	84e6                	mv	s1,s9
    80002f34:	8626                	mv	a2,s1
    80002f36:	85d6                	mv	a1,s5
    80002f38:	540000ef          	jal	80003478 <memmove>
    80002f3c:	445c                	lw	a5,12(s0)
    80002f3e:	4097873b          	subw	a4,a5,s1
    80002f42:	601c                	ld	a5,0(s0)
    80002f44:	c458                	sw	a4,12(s0)
    80002f46:	97a6                	add	a5,a5,s1
    80002f48:	e01c                	sd	a5,0(s0)
    80002f4a:	f34d                	bnez	a4,80002eec <__sfvwrite_r+0x204>
    80002f4c:	85a2                	mv	a1,s0
    80002f4e:	854a                	mv	a0,s2
    80002f50:	0e1000ef          	jal	80003830 <_fflush_r>
    80002f54:	dd41                	beqz	a0,80002eec <__sfvwrite_r+0x204>
    80002f56:	b735                	j	80002e82 <__sfvwrite_r+0x19a>
    80002f58:	87e6                	mv	a5,s9
    80002f5a:	019b7363          	bgeu	s6,s9,80002f60 <__sfvwrite_r+0x278>
    80002f5e:	87da                	mv	a5,s6
    80002f60:	02d7c7bb          	divw	a5,a5,a3
    80002f64:	6438                	ld	a4,72(s0)
    80002f66:	7c0c                	ld	a1,56(s0)
    80002f68:	8656                	mv	a2,s5
    80002f6a:	854a                	mv	a0,s2
    80002f6c:	02d786bb          	mulw	a3,a5,a3
    80002f70:	9702                	jalr	a4
    80002f72:	84aa                	mv	s1,a0
    80002f74:	f6a04ce3          	bgtz	a0,80002eec <__sfvwrite_r+0x204>
    80002f78:	b729                	j	80002e82 <__sfvwrite_r+0x19a>
    80002f7a:	0009bb83          	ld	s7,0(s3)
    80002f7e:	0089bb03          	ld	s6,8(s3)
    80002f82:	4501                	li	a0,0
    80002f84:	09c1                	addi	s3,s3,16
    80002f86:	bb55                	j	80002d3a <__sfvwrite_r+0x52>
    80002f88:	001b0a9b          	addiw	s5,s6,1 # ffffffff80000001 <__heap_end+0xfffffffefffdb001>
    80002f8c:	b3e1                	j	80002d54 <__sfvwrite_r+0x6c>
    80002f8e:	00dc4b63          	blt	s8,a3,80002fa4 <__sfvwrite_r+0x2bc>
    80002f92:	643c                	ld	a5,72(s0)
    80002f94:	7c0c                	ld	a1,56(s0)
    80002f96:	865e                	mv	a2,s7
    80002f98:	854a                	mv	a0,s2
    80002f9a:	9782                	jalr	a5
    80002f9c:	84aa                	mv	s1,a0
    80002f9e:	dea045e3          	bgtz	a0,80002d88 <__sfvwrite_r+0xa0>
    80002fa2:	b5c5                	j	80002e82 <__sfvwrite_r+0x19a>
    80002fa4:	8662                	mv	a2,s8
    80002fa6:	85de                	mv	a1,s7
    80002fa8:	4d0000ef          	jal	80003478 <memmove>
    80002fac:	445c                	lw	a5,12(s0)
    80002fae:	84e2                	mv	s1,s8
    80002fb0:	418787bb          	subw	a5,a5,s8
    80002fb4:	c45c                	sw	a5,12(s0)
    80002fb6:	601c                	ld	a5,0(s0)
    80002fb8:	97e2                	add	a5,a5,s8
    80002fba:	e01c                	sd	a5,0(s0)
    80002fbc:	b3f1                	j	80002d88 <__sfvwrite_r+0xa0>

0000000080002fbe <_fwalk_sglue>:
    80002fbe:	715d                	addi	sp,sp,-80
    80002fc0:	e0a2                	sd	s0,64(sp)
    80002fc2:	fc26                	sd	s1,56(sp)
    80002fc4:	f44e                	sd	s3,40(sp)
    80002fc6:	f052                	sd	s4,32(sp)
    80002fc8:	e85a                	sd	s6,16(sp)
    80002fca:	e45e                	sd	s7,8(sp)
    80002fcc:	e486                	sd	ra,72(sp)
    80002fce:	f84a                	sd	s2,48(sp)
    80002fd0:	ec56                	sd	s5,24(sp)
    80002fd2:	89aa                	mv	s3,a0
    80002fd4:	8a2e                	mv	s4,a1
    80002fd6:	8432                	mv	s0,a2
    80002fd8:	4481                	li	s1,0
    80002fda:	4b05                	li	s6,1
    80002fdc:	5bfd                	li	s7,-1
    80002fde:	01043903          	ld	s2,16(s0)
    80002fe2:	00842a83          	lw	s5,8(s0)
    80002fe6:	3afd                	addiw	s5,s5,-1
    80002fe8:	020ad063          	bgez	s5,80003008 <_fwalk_sglue+0x4a>
    80002fec:	6000                	ld	s0,0(s0)
    80002fee:	f865                	bnez	s0,80002fde <_fwalk_sglue+0x20>
    80002ff0:	60a6                	ld	ra,72(sp)
    80002ff2:	6406                	ld	s0,64(sp)
    80002ff4:	7942                	ld	s2,48(sp)
    80002ff6:	79a2                	ld	s3,40(sp)
    80002ff8:	7a02                	ld	s4,32(sp)
    80002ffa:	6ae2                	ld	s5,24(sp)
    80002ffc:	6b42                	ld	s6,16(sp)
    80002ffe:	6ba2                	ld	s7,8(sp)
    80003000:	8526                	mv	a0,s1
    80003002:	74e2                	ld	s1,56(sp)
    80003004:	6161                	addi	sp,sp,80
    80003006:	8082                	ret
    80003008:	01095783          	lhu	a5,16(s2)
    8000300c:	00fb7b63          	bgeu	s6,a5,80003022 <_fwalk_sglue+0x64>
    80003010:	01291783          	lh	a5,18(s2)
    80003014:	01778763          	beq	a5,s7,80003022 <_fwalk_sglue+0x64>
    80003018:	85ca                	mv	a1,s2
    8000301a:	854e                	mv	a0,s3
    8000301c:	9a02                	jalr	s4
    8000301e:	8cc9                	or	s1,s1,a0
    80003020:	2481                	sext.w	s1,s1
    80003022:	0b090913          	addi	s2,s2,176
    80003026:	b7c1                	j	80002fe6 <_fwalk_sglue+0x28>

0000000080003028 <__sread>:
    80003028:	1141                	addi	sp,sp,-16
    8000302a:	e022                	sd	s0,0(sp)
    8000302c:	842e                	mv	s0,a1
    8000302e:	01259583          	lh	a1,18(a1)
    80003032:	e406                	sd	ra,8(sp)
    80003034:	3c4000ef          	jal	800033f8 <_read_r>
    80003038:	00054963          	bltz	a0,8000304a <__sread+0x22>
    8000303c:	6c5c                	ld	a5,152(s0)
    8000303e:	97aa                	add	a5,a5,a0
    80003040:	ec5c                	sd	a5,152(s0)
    80003042:	60a2                	ld	ra,8(sp)
    80003044:	6402                	ld	s0,0(sp)
    80003046:	0141                	addi	sp,sp,16
    80003048:	8082                	ret
    8000304a:	01045783          	lhu	a5,16(s0)
    8000304e:	777d                	lui	a4,0xfffff
    80003050:	177d                	addi	a4,a4,-1 # ffffffffffffefff <__heap_end+0xffffffff7ffd9fff>
    80003052:	8ff9                	and	a5,a5,a4
    80003054:	00f41823          	sh	a5,16(s0)
    80003058:	b7ed                	j	80003042 <__sread+0x1a>

000000008000305a <__seofread>:
    8000305a:	4501                	li	a0,0
    8000305c:	8082                	ret

000000008000305e <__swrite>:
    8000305e:	0105d783          	lhu	a5,16(a1)
    80003062:	7179                	addi	sp,sp,-48
    80003064:	f022                	sd	s0,32(sp)
    80003066:	ec26                	sd	s1,24(sp)
    80003068:	e84a                	sd	s2,16(sp)
    8000306a:	e44e                	sd	s3,8(sp)
    8000306c:	f406                	sd	ra,40(sp)
    8000306e:	1007f793          	andi	a5,a5,256
    80003072:	84aa                	mv	s1,a0
    80003074:	842e                	mv	s0,a1
    80003076:	8932                	mv	s2,a2
    80003078:	89b6                	mv	s3,a3
    8000307a:	c799                	beqz	a5,80003088 <__swrite+0x2a>
    8000307c:	01259583          	lh	a1,18(a1)
    80003080:	4689                	li	a3,2
    80003082:	4601                	li	a2,0
    80003084:	348000ef          	jal	800033cc <_lseek_r>
    80003088:	01045783          	lhu	a5,16(s0)
    8000308c:	777d                	lui	a4,0xfffff
    8000308e:	177d                	addi	a4,a4,-1 # ffffffffffffefff <__heap_end+0xffffffff7ffd9fff>
    80003090:	8ff9                	and	a5,a5,a4
    80003092:	01241583          	lh	a1,18(s0)
    80003096:	00f41823          	sh	a5,16(s0)
    8000309a:	7402                	ld	s0,32(sp)
    8000309c:	70a2                	ld	ra,40(sp)
    8000309e:	86ce                	mv	a3,s3
    800030a0:	864a                	mv	a2,s2
    800030a2:	69a2                	ld	s3,8(sp)
    800030a4:	6942                	ld	s2,16(sp)
    800030a6:	8526                	mv	a0,s1
    800030a8:	64e2                	ld	s1,24(sp)
    800030aa:	6145                	addi	sp,sp,48
    800030ac:	a645                	j	8000344c <_write_r>

00000000800030ae <__sseek>:
    800030ae:	1141                	addi	sp,sp,-16
    800030b0:	e022                	sd	s0,0(sp)
    800030b2:	842e                	mv	s0,a1
    800030b4:	01259583          	lh	a1,18(a1)
    800030b8:	e406                	sd	ra,8(sp)
    800030ba:	312000ef          	jal	800033cc <_lseek_r>
    800030be:	577d                	li	a4,-1
    800030c0:	01045783          	lhu	a5,16(s0)
    800030c4:	00e51b63          	bne	a0,a4,800030da <__sseek+0x2c>
    800030c8:	777d                	lui	a4,0xfffff
    800030ca:	177d                	addi	a4,a4,-1 # ffffffffffffefff <__heap_end+0xffffffff7ffd9fff>
    800030cc:	8ff9                	and	a5,a5,a4
    800030ce:	00f41823          	sh	a5,16(s0)
    800030d2:	60a2                	ld	ra,8(sp)
    800030d4:	6402                	ld	s0,0(sp)
    800030d6:	0141                	addi	sp,sp,16
    800030d8:	8082                	ret
    800030da:	6705                	lui	a4,0x1
    800030dc:	8fd9                	or	a5,a5,a4
    800030de:	00f41823          	sh	a5,16(s0)
    800030e2:	ec48                	sd	a0,152(s0)
    800030e4:	b7fd                	j	800030d2 <__sseek+0x24>

00000000800030e6 <__sclose>:
    800030e6:	01259583          	lh	a1,18(a1)
    800030ea:	a2ed                	j	800032d4 <_close_r>

00000000800030ec <__swbuf_r>:
    800030ec:	7179                	addi	sp,sp,-48
    800030ee:	f022                	sd	s0,32(sp)
    800030f0:	ec26                	sd	s1,24(sp)
    800030f2:	e84a                	sd	s2,16(sp)
    800030f4:	f406                	sd	ra,40(sp)
    800030f6:	e44e                	sd	s3,8(sp)
    800030f8:	892a                	mv	s2,a0
    800030fa:	84ae                	mv	s1,a1
    800030fc:	8432                	mv	s0,a2
    800030fe:	c509                	beqz	a0,80003108 <__swbuf_r+0x1c>
    80003100:	613c                	ld	a5,64(a0)
    80003102:	e399                	bnez	a5,80003108 <__swbuf_r+0x1c>
    80003104:	ba1ff0ef          	jal	80002ca4 <__sinit>
    80003108:	541c                	lw	a5,40(s0)
    8000310a:	c45c                	sw	a5,12(s0)
    8000310c:	01045783          	lhu	a5,16(s0)
    80003110:	8ba1                	andi	a5,a5,8
    80003112:	c399                	beqz	a5,80003118 <__swbuf_r+0x2c>
    80003114:	6c1c                	ld	a5,24(s0)
    80003116:	ef99                	bnez	a5,80003134 <__swbuf_r+0x48>
    80003118:	85a2                	mv	a1,s0
    8000311a:	854a                	mv	a0,s2
    8000311c:	07a000ef          	jal	80003196 <__swsetup_r>
    80003120:	c911                	beqz	a0,80003134 <__swbuf_r+0x48>
    80003122:	54fd                	li	s1,-1
    80003124:	70a2                	ld	ra,40(sp)
    80003126:	7402                	ld	s0,32(sp)
    80003128:	6942                	ld	s2,16(sp)
    8000312a:	69a2                	ld	s3,8(sp)
    8000312c:	8526                	mv	a0,s1
    8000312e:	64e2                	ld	s1,24(sp)
    80003130:	6145                	addi	sp,sp,48
    80003132:	8082                	ret
    80003134:	601c                	ld	a5,0(s0)
    80003136:	6c18                	ld	a4,24(s0)
    80003138:	0ff4f993          	zext.b	s3,s1
    8000313c:	84ce                	mv	s1,s3
    8000313e:	40e7853b          	subw	a0,a5,a4
    80003142:	501c                	lw	a5,32(s0)
    80003144:	00f54763          	blt	a0,a5,80003152 <__swbuf_r+0x66>
    80003148:	85a2                	mv	a1,s0
    8000314a:	854a                	mv	a0,s2
    8000314c:	6e4000ef          	jal	80003830 <_fflush_r>
    80003150:	f969                	bnez	a0,80003122 <__swbuf_r+0x36>
    80003152:	445c                	lw	a5,12(s0)
    80003154:	37fd                	addiw	a5,a5,-1
    80003156:	c45c                	sw	a5,12(s0)
    80003158:	601c                	ld	a5,0(s0)
    8000315a:	00178713          	addi	a4,a5,1
    8000315e:	e018                	sd	a4,0(s0)
    80003160:	01378023          	sb	s3,0(a5)
    80003164:	5018                	lw	a4,32(s0)
    80003166:	0015079b          	addiw	a5,a0,1
    8000316a:	00f70963          	beq	a4,a5,8000317c <__swbuf_r+0x90>
    8000316e:	01045783          	lhu	a5,16(s0)
    80003172:	8b85                	andi	a5,a5,1
    80003174:	dbc5                	beqz	a5,80003124 <__swbuf_r+0x38>
    80003176:	47a9                	li	a5,10
    80003178:	faf496e3          	bne	s1,a5,80003124 <__swbuf_r+0x38>
    8000317c:	85a2                	mv	a1,s0
    8000317e:	854a                	mv	a0,s2
    80003180:	6b0000ef          	jal	80003830 <_fflush_r>
    80003184:	d145                	beqz	a0,80003124 <__swbuf_r+0x38>
    80003186:	bf71                	j	80003122 <__swbuf_r+0x36>

0000000080003188 <__swbuf>:
    80003188:	862e                	mv	a2,a1
    8000318a:	85aa                	mv	a1,a0
    8000318c:	00002517          	auipc	a0,0x2
    80003190:	81453503          	ld	a0,-2028(a0) # 800049a0 <_impure_ptr>
    80003194:	bfa1                	j	800030ec <__swbuf_r>

0000000080003196 <__swsetup_r>:
    80003196:	1101                	addi	sp,sp,-32
    80003198:	e822                	sd	s0,16(sp)
    8000319a:	e426                	sd	s1,8(sp)
    8000319c:	ec06                	sd	ra,24(sp)
    8000319e:	84aa                	mv	s1,a0
    800031a0:	00002517          	auipc	a0,0x2
    800031a4:	80053503          	ld	a0,-2048(a0) # 800049a0 <_impure_ptr>
    800031a8:	842e                	mv	s0,a1
    800031aa:	c509                	beqz	a0,800031b4 <__swsetup_r+0x1e>
    800031ac:	613c                	ld	a5,64(a0)
    800031ae:	e399                	bnez	a5,800031b4 <__swsetup_r+0x1e>
    800031b0:	af5ff0ef          	jal	80002ca4 <__sinit>
    800031b4:	01041783          	lh	a5,16(s0)
    800031b8:	0087f713          	andi	a4,a5,8
    800031bc:	eb29                	bnez	a4,8000320e <__swsetup_r+0x78>
    800031be:	0107f713          	andi	a4,a5,16
    800031c2:	eb09                	bnez	a4,800031d4 <__swsetup_r+0x3e>
    800031c4:	4725                	li	a4,9
    800031c6:	c098                	sw	a4,0(s1)
    800031c8:	0407e793          	ori	a5,a5,64
    800031cc:	00f41823          	sh	a5,16(s0)
    800031d0:	557d                	li	a0,-1
    800031d2:	a8ad                	j	8000324c <__swsetup_r+0xb6>
    800031d4:	8b91                	andi	a5,a5,4
    800031d6:	c795                	beqz	a5,80003202 <__swsetup_r+0x6c>
    800031d8:	702c                	ld	a1,96(s0)
    800031da:	c991                	beqz	a1,800031ee <__swsetup_r+0x58>
    800031dc:	07c40793          	addi	a5,s0,124
    800031e0:	00f58563          	beq	a1,a5,800031ea <__swsetup_r+0x54>
    800031e4:	8526                	mv	a0,s1
    800031e6:	376000ef          	jal	8000355c <_free_r>
    800031ea:	06043023          	sd	zero,96(s0)
    800031ee:	01045783          	lhu	a5,16(s0)
    800031f2:	00042423          	sw	zero,8(s0)
    800031f6:	fdb7f793          	andi	a5,a5,-37
    800031fa:	00f41823          	sh	a5,16(s0)
    800031fe:	6c1c                	ld	a5,24(s0)
    80003200:	e01c                	sd	a5,0(s0)
    80003202:	01045783          	lhu	a5,16(s0)
    80003206:	0087e793          	ori	a5,a5,8
    8000320a:	00f41823          	sh	a5,16(s0)
    8000320e:	6c1c                	ld	a5,24(s0)
    80003210:	ef89                	bnez	a5,8000322a <__swsetup_r+0x94>
    80003212:	01045783          	lhu	a5,16(s0)
    80003216:	20000713          	li	a4,512
    8000321a:	2807f793          	andi	a5,a5,640
    8000321e:	00e78663          	beq	a5,a4,8000322a <__swsetup_r+0x94>
    80003222:	85a2                	mv	a1,s0
    80003224:	8526                	mv	a0,s1
    80003226:	70e000ef          	jal	80003934 <__smakebuf_r>
    8000322a:	01041783          	lh	a5,16(s0)
    8000322e:	0017f713          	andi	a4,a5,1
    80003232:	c315                	beqz	a4,80003256 <__swsetup_r+0xc0>
    80003234:	5018                	lw	a4,32(s0)
    80003236:	00042623          	sw	zero,12(s0)
    8000323a:	40e0073b          	negw	a4,a4
    8000323e:	d418                	sw	a4,40(s0)
    80003240:	6c18                	ld	a4,24(s0)
    80003242:	4501                	li	a0,0
    80003244:	e701                	bnez	a4,8000324c <__swsetup_r+0xb6>
    80003246:	0807f713          	andi	a4,a5,128
    8000324a:	ff3d                	bnez	a4,800031c8 <__swsetup_r+0x32>
    8000324c:	60e2                	ld	ra,24(sp)
    8000324e:	6442                	ld	s0,16(sp)
    80003250:	64a2                	ld	s1,8(sp)
    80003252:	6105                	addi	sp,sp,32
    80003254:	8082                	ret
    80003256:	0027f713          	andi	a4,a5,2
    8000325a:	4681                	li	a3,0
    8000325c:	e311                	bnez	a4,80003260 <__swsetup_r+0xca>
    8000325e:	5014                	lw	a3,32(s0)
    80003260:	c454                	sw	a3,12(s0)
    80003262:	bff9                	j	80003240 <__swsetup_r+0xaa>

0000000080003264 <_setlocale_r>:
    80003264:	c639                	beqz	a2,800032b2 <_setlocale_r+0x4e>
    80003266:	1141                	addi	sp,sp,-16
    80003268:	00001597          	auipc	a1,0x1
    8000326c:	11858593          	addi	a1,a1,280 # 80004380 <__tbss_end+0x20a>
    80003270:	8532                	mv	a0,a2
    80003272:	e022                	sd	s0,0(sp)
    80003274:	e406                	sd	ra,8(sp)
    80003276:	8432                	mv	s0,a2
    80003278:	24c000ef          	jal	800034c4 <strcmp>
    8000327c:	e909                	bnez	a0,8000328e <_setlocale_r+0x2a>
    8000327e:	00001517          	auipc	a0,0x1
    80003282:	0fa50513          	addi	a0,a0,250 # 80004378 <__tbss_end+0x202>
    80003286:	60a2                	ld	ra,8(sp)
    80003288:	6402                	ld	s0,0(sp)
    8000328a:	0141                	addi	sp,sp,16
    8000328c:	8082                	ret
    8000328e:	00001597          	auipc	a1,0x1
    80003292:	0ea58593          	addi	a1,a1,234 # 80004378 <__tbss_end+0x202>
    80003296:	8522                	mv	a0,s0
    80003298:	22c000ef          	jal	800034c4 <strcmp>
    8000329c:	d16d                	beqz	a0,8000327e <_setlocale_r+0x1a>
    8000329e:	00001597          	auipc	a1,0x1
    800032a2:	f4258593          	addi	a1,a1,-190 # 800041e0 <__tbss_end+0x6a>
    800032a6:	8522                	mv	a0,s0
    800032a8:	21c000ef          	jal	800034c4 <strcmp>
    800032ac:	d969                	beqz	a0,8000327e <_setlocale_r+0x1a>
    800032ae:	4501                	li	a0,0
    800032b0:	bfd9                	j	80003286 <_setlocale_r+0x22>
    800032b2:	00001517          	auipc	a0,0x1
    800032b6:	0c650513          	addi	a0,a0,198 # 80004378 <__tbss_end+0x202>
    800032ba:	8082                	ret

00000000800032bc <__locale_mb_cur_max>:
    800032bc:	00001517          	auipc	a0,0x1
    800032c0:	69c54503          	lbu	a0,1692(a0) # 80004958 <__global_locale+0x160>
    800032c4:	8082                	ret

00000000800032c6 <setlocale>:
    800032c6:	862e                	mv	a2,a1
    800032c8:	85aa                	mv	a1,a0
    800032ca:	00001517          	auipc	a0,0x1
    800032ce:	6d653503          	ld	a0,1750(a0) # 800049a0 <_impure_ptr>
    800032d2:	bf49                	j	80003264 <_setlocale_r>

00000000800032d4 <_close_r>:
    800032d4:	1141                	addi	sp,sp,-16
    800032d6:	e022                	sd	s0,0(sp)
    800032d8:	842a                	mv	s0,a0
    800032da:	852e                	mv	a0,a1
    800032dc:	8801ac23          	sw	zero,-1896(gp) # 80004a38 <errno>
    800032e0:	e406                	sd	ra,8(sp)
    800032e2:	31b000ef          	jal	80003dfc <_close>
    800032e6:	57fd                	li	a5,-1
    800032e8:	00f51663          	bne	a0,a5,800032f4 <_close_r+0x20>
    800032ec:	8981a783          	lw	a5,-1896(gp) # 80004a38 <errno>
    800032f0:	c391                	beqz	a5,800032f4 <_close_r+0x20>
    800032f2:	c01c                	sw	a5,0(s0)
    800032f4:	60a2                	ld	ra,8(sp)
    800032f6:	6402                	ld	s0,0(sp)
    800032f8:	0141                	addi	sp,sp,16
    800032fa:	8082                	ret

00000000800032fc <_reclaim_reent>:
    800032fc:	00001797          	auipc	a5,0x1
    80003300:	6a47b783          	ld	a5,1700(a5) # 800049a0 <_impure_ptr>
    80003304:	0ca78363          	beq	a5,a0,800033ca <_reclaim_reent+0xce>
    80003308:	7d1c                	ld	a5,56(a0)
    8000330a:	7179                	addi	sp,sp,-48
    8000330c:	f022                	sd	s0,32(sp)
    8000330e:	f406                	sd	ra,40(sp)
    80003310:	ec26                	sd	s1,24(sp)
    80003312:	e84a                	sd	s2,16(sp)
    80003314:	e44e                	sd	s3,8(sp)
    80003316:	842a                	mv	s0,a0
    80003318:	cb8d                	beqz	a5,8000334a <_reclaim_reent+0x4e>
    8000331a:	6f9c                	ld	a5,24(a5)
    8000331c:	c38d                	beqz	a5,8000333e <_reclaim_reent+0x42>
    8000331e:	4481                	li	s1,0
    80003320:	20000913          	li	s2,512
    80003324:	7c1c                	ld	a5,56(s0)
    80003326:	6f9c                	ld	a5,24(a5)
    80003328:	97a6                	add	a5,a5,s1
    8000332a:	638c                	ld	a1,0(a5)
    8000332c:	e1c9                	bnez	a1,800033ae <_reclaim_reent+0xb2>
    8000332e:	04a1                	addi	s1,s1,8
    80003330:	ff249ae3          	bne	s1,s2,80003324 <_reclaim_reent+0x28>
    80003334:	7c1c                	ld	a5,56(s0)
    80003336:	8522                	mv	a0,s0
    80003338:	6f8c                	ld	a1,24(a5)
    8000333a:	222000ef          	jal	8000355c <_free_r>
    8000333e:	7c1c                	ld	a5,56(s0)
    80003340:	638c                	ld	a1,0(a5)
    80003342:	c581                	beqz	a1,8000334a <_reclaim_reent+0x4e>
    80003344:	8522                	mv	a0,s0
    80003346:	216000ef          	jal	8000355c <_free_r>
    8000334a:	740c                	ld	a1,40(s0)
    8000334c:	c581                	beqz	a1,80003354 <_reclaim_reent+0x58>
    8000334e:	8522                	mv	a0,s0
    80003350:	20c000ef          	jal	8000355c <_free_r>
    80003354:	7c0c                	ld	a1,56(s0)
    80003356:	c581                	beqz	a1,8000335e <_reclaim_reent+0x62>
    80003358:	8522                	mv	a0,s0
    8000335a:	202000ef          	jal	8000355c <_free_r>
    8000335e:	6c2c                	ld	a1,88(s0)
    80003360:	c581                	beqz	a1,80003368 <_reclaim_reent+0x6c>
    80003362:	8522                	mv	a0,s0
    80003364:	1f8000ef          	jal	8000355c <_free_r>
    80003368:	702c                	ld	a1,96(s0)
    8000336a:	c581                	beqz	a1,80003372 <_reclaim_reent+0x76>
    8000336c:	8522                	mv	a0,s0
    8000336e:	1ee000ef          	jal	8000355c <_free_r>
    80003372:	742c                	ld	a1,104(s0)
    80003374:	c581                	beqz	a1,8000337c <_reclaim_reent+0x80>
    80003376:	8522                	mv	a0,s0
    80003378:	1e4000ef          	jal	8000355c <_free_r>
    8000337c:	644c                	ld	a1,136(s0)
    8000337e:	c581                	beqz	a1,80003386 <_reclaim_reent+0x8a>
    80003380:	8522                	mv	a0,s0
    80003382:	1da000ef          	jal	8000355c <_free_r>
    80003386:	604c                	ld	a1,128(s0)
    80003388:	c581                	beqz	a1,80003390 <_reclaim_reent+0x94>
    8000338a:	8522                	mv	a0,s0
    8000338c:	1d0000ef          	jal	8000355c <_free_r>
    80003390:	682c                	ld	a1,80(s0)
    80003392:	c581                	beqz	a1,8000339a <_reclaim_reent+0x9e>
    80003394:	8522                	mv	a0,s0
    80003396:	1c6000ef          	jal	8000355c <_free_r>
    8000339a:	603c                	ld	a5,64(s0)
    8000339c:	c385                	beqz	a5,800033bc <_reclaim_reent+0xc0>
    8000339e:	8522                	mv	a0,s0
    800033a0:	7402                	ld	s0,32(sp)
    800033a2:	70a2                	ld	ra,40(sp)
    800033a4:	64e2                	ld	s1,24(sp)
    800033a6:	6942                	ld	s2,16(sp)
    800033a8:	69a2                	ld	s3,8(sp)
    800033aa:	6145                	addi	sp,sp,48
    800033ac:	8782                	jr	a5
    800033ae:	0005b983          	ld	s3,0(a1)
    800033b2:	8522                	mv	a0,s0
    800033b4:	1a8000ef          	jal	8000355c <_free_r>
    800033b8:	85ce                	mv	a1,s3
    800033ba:	bf8d                	j	8000332c <_reclaim_reent+0x30>
    800033bc:	70a2                	ld	ra,40(sp)
    800033be:	7402                	ld	s0,32(sp)
    800033c0:	64e2                	ld	s1,24(sp)
    800033c2:	6942                	ld	s2,16(sp)
    800033c4:	69a2                	ld	s3,8(sp)
    800033c6:	6145                	addi	sp,sp,48
    800033c8:	8082                	ret
    800033ca:	8082                	ret

00000000800033cc <_lseek_r>:
    800033cc:	1141                	addi	sp,sp,-16
    800033ce:	e022                	sd	s0,0(sp)
    800033d0:	842a                	mv	s0,a0
    800033d2:	852e                	mv	a0,a1
    800033d4:	85b2                	mv	a1,a2
    800033d6:	8636                	mv	a2,a3
    800033d8:	8801ac23          	sw	zero,-1896(gp) # 80004a38 <errno>
    800033dc:	e406                	sd	ra,8(sp)
    800033de:	289000ef          	jal	80003e66 <_lseek>
    800033e2:	57fd                	li	a5,-1
    800033e4:	00f51663          	bne	a0,a5,800033f0 <_lseek_r+0x24>
    800033e8:	8981a783          	lw	a5,-1896(gp) # 80004a38 <errno>
    800033ec:	c391                	beqz	a5,800033f0 <_lseek_r+0x24>
    800033ee:	c01c                	sw	a5,0(s0)
    800033f0:	60a2                	ld	ra,8(sp)
    800033f2:	6402                	ld	s0,0(sp)
    800033f4:	0141                	addi	sp,sp,16
    800033f6:	8082                	ret

00000000800033f8 <_read_r>:
    800033f8:	1141                	addi	sp,sp,-16
    800033fa:	e022                	sd	s0,0(sp)
    800033fc:	842a                	mv	s0,a0
    800033fe:	852e                	mv	a0,a1
    80003400:	85b2                	mv	a1,a2
    80003402:	8636                	mv	a2,a3
    80003404:	8801ac23          	sw	zero,-1896(gp) # 80004a38 <errno>
    80003408:	e406                	sd	ra,8(sp)
    8000340a:	271000ef          	jal	80003e7a <_read>
    8000340e:	57fd                	li	a5,-1
    80003410:	00f51663          	bne	a0,a5,8000341c <_read_r+0x24>
    80003414:	8981a783          	lw	a5,-1896(gp) # 80004a38 <errno>
    80003418:	c391                	beqz	a5,8000341c <_read_r+0x24>
    8000341a:	c01c                	sw	a5,0(s0)
    8000341c:	60a2                	ld	ra,8(sp)
    8000341e:	6402                	ld	s0,0(sp)
    80003420:	0141                	addi	sp,sp,16
    80003422:	8082                	ret

0000000080003424 <_sbrk_r>:
    80003424:	1141                	addi	sp,sp,-16
    80003426:	e022                	sd	s0,0(sp)
    80003428:	842a                	mv	s0,a0
    8000342a:	852e                	mv	a0,a1
    8000342c:	8801ac23          	sw	zero,-1896(gp) # 80004a38 <errno>
    80003430:	e406                	sd	ra,8(sp)
    80003432:	25f000ef          	jal	80003e90 <_sbrk>
    80003436:	57fd                	li	a5,-1
    80003438:	00f51663          	bne	a0,a5,80003444 <_sbrk_r+0x20>
    8000343c:	8981a783          	lw	a5,-1896(gp) # 80004a38 <errno>
    80003440:	c391                	beqz	a5,80003444 <_sbrk_r+0x20>
    80003442:	c01c                	sw	a5,0(s0)
    80003444:	60a2                	ld	ra,8(sp)
    80003446:	6402                	ld	s0,0(sp)
    80003448:	0141                	addi	sp,sp,16
    8000344a:	8082                	ret

000000008000344c <_write_r>:
    8000344c:	1141                	addi	sp,sp,-16
    8000344e:	e022                	sd	s0,0(sp)
    80003450:	842a                	mv	s0,a0
    80003452:	852e                	mv	a0,a1
    80003454:	85b2                	mv	a1,a2
    80003456:	8636                	mv	a2,a3
    80003458:	8801ac23          	sw	zero,-1896(gp) # 80004a38 <errno>
    8000345c:	e406                	sd	ra,8(sp)
    8000345e:	26f000ef          	jal	80003ecc <_write>
    80003462:	57fd                	li	a5,-1
    80003464:	00f51663          	bne	a0,a5,80003470 <_write_r+0x24>
    80003468:	8981a783          	lw	a5,-1896(gp) # 80004a38 <errno>
    8000346c:	c391                	beqz	a5,80003470 <_write_r+0x24>
    8000346e:	c01c                	sw	a5,0(s0)
    80003470:	60a2                	ld	ra,8(sp)
    80003472:	6402                	ld	s0,0(sp)
    80003474:	0141                	addi	sp,sp,16
    80003476:	8082                	ret

0000000080003478 <memmove>:
    80003478:	c215                	beqz	a2,8000349c <memmove+0x24>
    8000347a:	832a                	mv	t1,a0
    8000347c:	4685                	li	a3,1
    8000347e:	00b56763          	bltu	a0,a1,8000348c <memmove+0x14>
    80003482:	56fd                	li	a3,-1
    80003484:	fff60713          	addi	a4,a2,-1
    80003488:	933a                	add	t1,t1,a4
    8000348a:	95ba                	add	a1,a1,a4
    8000348c:	00058383          	lb	t2,0(a1)
    80003490:	00730023          	sb	t2,0(t1)
    80003494:	167d                	addi	a2,a2,-1
    80003496:	9336                	add	t1,t1,a3
    80003498:	95b6                	add	a1,a1,a3
    8000349a:	fa6d                	bnez	a2,8000348c <memmove+0x14>
    8000349c:	8082                	ret

000000008000349e <memset>:
    8000349e:	832a                	mv	t1,a0
    800034a0:	c611                	beqz	a2,800034ac <memset+0xe>
    800034a2:	00b30023          	sb	a1,0(t1)
    800034a6:	167d                	addi	a2,a2,-1
    800034a8:	0305                	addi	t1,t1,1
    800034aa:	fe65                	bnez	a2,800034a2 <memset+0x4>
    800034ac:	8082                	ret

00000000800034ae <memcpy>:
    800034ae:	832a                	mv	t1,a0
    800034b0:	ca09                	beqz	a2,800034c2 <memcpy+0x14>
    800034b2:	00058383          	lb	t2,0(a1)
    800034b6:	00730023          	sb	t2,0(t1)
    800034ba:	167d                	addi	a2,a2,-1
    800034bc:	0305                	addi	t1,t1,1
    800034be:	0585                	addi	a1,a1,1
    800034c0:	fa6d                	bnez	a2,800034b2 <memcpy+0x4>
    800034c2:	8082                	ret

00000000800034c4 <strcmp>:
    800034c4:	00054603          	lbu	a2,0(a0)
    800034c8:	0005c683          	lbu	a3,0(a1)
    800034cc:	0505                	addi	a0,a0,1
    800034ce:	0585                	addi	a1,a1,1
    800034d0:	00d61363          	bne	a2,a3,800034d6 <strcmp+0x12>
    800034d4:	fa65                	bnez	a2,800034c4 <strcmp>
    800034d6:	40d60533          	sub	a0,a2,a3
    800034da:	8082                	ret

00000000800034dc <__assert_func>:
    800034dc:	1141                	addi	sp,sp,-16
    800034de:	00001797          	auipc	a5,0x1
    800034e2:	4c27b783          	ld	a5,1218(a5) # 800049a0 <_impure_ptr>
    800034e6:	8832                	mv	a6,a2
    800034e8:	e406                	sd	ra,8(sp)
    800034ea:	88aa                	mv	a7,a0
    800034ec:	872e                	mv	a4,a1
    800034ee:	6f88                	ld	a0,24(a5)
    800034f0:	8636                	mv	a2,a3
    800034f2:	00001797          	auipc	a5,0x1
    800034f6:	e9e78793          	addi	a5,a5,-354 # 80004390 <__tbss_end+0x21a>
    800034fa:	00081763          	bnez	a6,80003508 <__assert_func+0x2c>
    800034fe:	00001797          	auipc	a5,0x1
    80003502:	ce278793          	addi	a5,a5,-798 # 800041e0 <__tbss_end+0x6a>
    80003506:	883e                	mv	a6,a5
    80003508:	86c6                	mv	a3,a7
    8000350a:	00001597          	auipc	a1,0x1
    8000350e:	e9658593          	addi	a1,a1,-362 # 800043a0 <__tbss_end+0x22a>
    80003512:	39c000ef          	jal	800038ae <fiprintf>
    80003516:	50e000ef          	jal	80003a24 <abort>

000000008000351a <__assert>:
    8000351a:	1141                	addi	sp,sp,-16
    8000351c:	86b2                	mv	a3,a2
    8000351e:	4601                	li	a2,0
    80003520:	e406                	sd	ra,8(sp)
    80003522:	fbbff0ef          	jal	800034dc <__assert_func>

0000000080003526 <_calloc_r>:
    80003526:	02c5b733          	mulhu	a4,a1,a2
    8000352a:	1101                	addi	sp,sp,-32
    8000352c:	ec06                	sd	ra,24(sp)
    8000352e:	e822                	sd	s0,16(sp)
    80003530:	02c58633          	mul	a2,a1,a2
    80003534:	cb09                	beqz	a4,80003546 <_calloc_r+0x20>
    80003536:	4731                	li	a4,12
    80003538:	c118                	sw	a4,0(a0)
    8000353a:	4401                	li	s0,0
    8000353c:	60e2                	ld	ra,24(sp)
    8000353e:	8522                	mv	a0,s0
    80003540:	6442                	ld	s0,16(sp)
    80003542:	6105                	addi	sp,sp,32
    80003544:	8082                	ret
    80003546:	85b2                	mv	a1,a2
    80003548:	e432                	sd	a2,8(sp)
    8000354a:	d2efe0ef          	jal	80001a78 <_malloc_r>
    8000354e:	842a                	mv	s0,a0
    80003550:	d575                	beqz	a0,8000353c <_calloc_r+0x16>
    80003552:	6622                	ld	a2,8(sp)
    80003554:	4581                	li	a1,0
    80003556:	f49ff0ef          	jal	8000349e <memset>
    8000355a:	b7cd                	j	8000353c <_calloc_r+0x16>

000000008000355c <_free_r>:
    8000355c:	c1c5                	beqz	a1,800035fc <_free_r+0xa0>
    8000355e:	ff85b783          	ld	a5,-8(a1)
    80003562:	1101                	addi	sp,sp,-32
    80003564:	e822                	sd	s0,16(sp)
    80003566:	ec06                	sd	ra,24(sp)
    80003568:	ff858413          	addi	s0,a1,-8
    8000356c:	0007d363          	bgez	a5,80003572 <_free_r+0x16>
    80003570:	943e                	add	s0,s0,a5
    80003572:	e42a                	sd	a0,8(sp)
    80003574:	e34fe0ef          	jal	80001ba8 <__malloc_lock>
    80003578:	88018713          	addi	a4,gp,-1920 # 80004a20 <__malloc_free_list>
    8000357c:	631c                	ld	a5,0(a4)
    8000357e:	6522                	ld	a0,8(sp)
    80003580:	eb89                	bnez	a5,80003592 <_free_r+0x36>
    80003582:	00043423          	sd	zero,8(s0)
    80003586:	e300                	sd	s0,0(a4)
    80003588:	6442                	ld	s0,16(sp)
    8000358a:	60e2                	ld	ra,24(sp)
    8000358c:	6105                	addi	sp,sp,32
    8000358e:	e1cfe06f          	j	80001baa <__malloc_unlock>
    80003592:	00f47d63          	bgeu	s0,a5,800035ac <_free_r+0x50>
    80003596:	6010                	ld	a2,0(s0)
    80003598:	00c406b3          	add	a3,s0,a2
    8000359c:	00d79663          	bne	a5,a3,800035a8 <_free_r+0x4c>
    800035a0:	6394                	ld	a3,0(a5)
    800035a2:	679c                	ld	a5,8(a5)
    800035a4:	96b2                	add	a3,a3,a2
    800035a6:	e014                	sd	a3,0(s0)
    800035a8:	e41c                	sd	a5,8(s0)
    800035aa:	bff1                	j	80003586 <_free_r+0x2a>
    800035ac:	873e                	mv	a4,a5
    800035ae:	679c                	ld	a5,8(a5)
    800035b0:	c399                	beqz	a5,800035b6 <_free_r+0x5a>
    800035b2:	fef47de3          	bgeu	s0,a5,800035ac <_free_r+0x50>
    800035b6:	6314                	ld	a3,0(a4)
    800035b8:	00d70633          	add	a2,a4,a3
    800035bc:	00861f63          	bne	a2,s0,800035da <_free_r+0x7e>
    800035c0:	6010                	ld	a2,0(s0)
    800035c2:	96b2                	add	a3,a3,a2
    800035c4:	e314                	sd	a3,0(a4)
    800035c6:	00d70633          	add	a2,a4,a3
    800035ca:	fac79fe3          	bne	a5,a2,80003588 <_free_r+0x2c>
    800035ce:	6390                	ld	a2,0(a5)
    800035d0:	679c                	ld	a5,8(a5)
    800035d2:	96b2                	add	a3,a3,a2
    800035d4:	e314                	sd	a3,0(a4)
    800035d6:	e71c                	sd	a5,8(a4)
    800035d8:	bf45                	j	80003588 <_free_r+0x2c>
    800035da:	00c47563          	bgeu	s0,a2,800035e4 <_free_r+0x88>
    800035de:	47b1                	li	a5,12
    800035e0:	c11c                	sw	a5,0(a0)
    800035e2:	b75d                	j	80003588 <_free_r+0x2c>
    800035e4:	6010                	ld	a2,0(s0)
    800035e6:	00c406b3          	add	a3,s0,a2
    800035ea:	00d79663          	bne	a5,a3,800035f6 <_free_r+0x9a>
    800035ee:	6394                	ld	a3,0(a5)
    800035f0:	679c                	ld	a5,8(a5)
    800035f2:	96b2                	add	a3,a3,a2
    800035f4:	e014                	sd	a3,0(s0)
    800035f6:	e41c                	sd	a5,8(s0)
    800035f8:	e700                	sd	s0,8(a4)
    800035fa:	b779                	j	80003588 <_free_r+0x2c>
    800035fc:	8082                	ret

00000000800035fe <_mbtowc_r>:
    800035fe:	00001797          	auipc	a5,0x1
    80003602:	2e27b783          	ld	a5,738(a5) # 800048e0 <__global_locale+0xe8>
    80003606:	8782                	jr	a5

0000000080003608 <__ascii_mbtowc>:
    80003608:	e185                	bnez	a1,80003628 <__ascii_mbtowc+0x20>
    8000360a:	1141                	addi	sp,sp,-16
    8000360c:	006c                	addi	a1,sp,12
    8000360e:	4501                	li	a0,0
    80003610:	ca11                	beqz	a2,80003624 <__ascii_mbtowc+0x1c>
    80003612:	5579                	li	a0,-2
    80003614:	ca81                	beqz	a3,80003624 <__ascii_mbtowc+0x1c>
    80003616:	00064783          	lbu	a5,0(a2)
    8000361a:	c19c                	sw	a5,0(a1)
    8000361c:	00064503          	lbu	a0,0(a2)
    80003620:	00a03533          	snez	a0,a0
    80003624:	0141                	addi	sp,sp,16
    80003626:	8082                	ret
    80003628:	4501                	li	a0,0
    8000362a:	ca19                	beqz	a2,80003640 <__ascii_mbtowc+0x38>
    8000362c:	5579                	li	a0,-2
    8000362e:	ca89                	beqz	a3,80003640 <__ascii_mbtowc+0x38>
    80003630:	00064783          	lbu	a5,0(a2)
    80003634:	c19c                	sw	a5,0(a1)
    80003636:	00064503          	lbu	a0,0(a2)
    8000363a:	00a03533          	snez	a0,a0
    8000363e:	8082                	ret
    80003640:	8082                	ret

0000000080003642 <_realloc_r>:
    80003642:	7179                	addi	sp,sp,-48
    80003644:	f022                	sd	s0,32(sp)
    80003646:	f406                	sd	ra,40(sp)
    80003648:	ec26                	sd	s1,24(sp)
    8000364a:	e84a                	sd	s2,16(sp)
    8000364c:	e44e                	sd	s3,8(sp)
    8000364e:	e052                	sd	s4,0(sp)
    80003650:	8432                	mv	s0,a2
    80003652:	e999                	bnez	a1,80003668 <_realloc_r+0x26>
    80003654:	7402                	ld	s0,32(sp)
    80003656:	70a2                	ld	ra,40(sp)
    80003658:	64e2                	ld	s1,24(sp)
    8000365a:	6942                	ld	s2,16(sp)
    8000365c:	69a2                	ld	s3,8(sp)
    8000365e:	6a02                	ld	s4,0(sp)
    80003660:	85b2                	mv	a1,a2
    80003662:	6145                	addi	sp,sp,48
    80003664:	c14fe06f          	j	80001a78 <_malloc_r>
    80003668:	ee09                	bnez	a2,80003682 <_realloc_r+0x40>
    8000366a:	ef3ff0ef          	jal	8000355c <_free_r>
    8000366e:	4481                	li	s1,0
    80003670:	70a2                	ld	ra,40(sp)
    80003672:	7402                	ld	s0,32(sp)
    80003674:	6942                	ld	s2,16(sp)
    80003676:	69a2                	ld	s3,8(sp)
    80003678:	6a02                	ld	s4,0(sp)
    8000367a:	8526                	mv	a0,s1
    8000367c:	64e2                	ld	s1,24(sp)
    8000367e:	6145                	addi	sp,sp,48
    80003680:	8082                	ret
    80003682:	8a2a                	mv	s4,a0
    80003684:	84ae                	mv	s1,a1
    80003686:	3ae000ef          	jal	80003a34 <_malloc_usable_size_r>
    8000368a:	892a                	mv	s2,a0
    8000368c:	00856663          	bltu	a0,s0,80003698 <_realloc_r+0x56>
    80003690:	00155793          	srli	a5,a0,0x1
    80003694:	fc87eee3          	bltu	a5,s0,80003670 <_realloc_r+0x2e>
    80003698:	85a2                	mv	a1,s0
    8000369a:	8552                	mv	a0,s4
    8000369c:	bdcfe0ef          	jal	80001a78 <_malloc_r>
    800036a0:	89aa                	mv	s3,a0
    800036a2:	e119                	bnez	a0,800036a8 <_realloc_r+0x66>
    800036a4:	84ce                	mv	s1,s3
    800036a6:	b7e9                	j	80003670 <_realloc_r+0x2e>
    800036a8:	8622                	mv	a2,s0
    800036aa:	00897363          	bgeu	s2,s0,800036b0 <_realloc_r+0x6e>
    800036ae:	864a                	mv	a2,s2
    800036b0:	85a6                	mv	a1,s1
    800036b2:	854e                	mv	a0,s3
    800036b4:	dfbff0ef          	jal	800034ae <memcpy>
    800036b8:	85a6                	mv	a1,s1
    800036ba:	8552                	mv	a0,s4
    800036bc:	ea1ff0ef          	jal	8000355c <_free_r>
    800036c0:	b7d5                	j	800036a4 <_realloc_r+0x62>

00000000800036c2 <_wctomb_r>:
    800036c2:	00001797          	auipc	a5,0x1
    800036c6:	2167b783          	ld	a5,534(a5) # 800048d8 <__global_locale+0xe0>
    800036ca:	8782                	jr	a5

00000000800036cc <__ascii_wctomb>:
    800036cc:	0006071b          	sext.w	a4,a2
    800036d0:	cd91                	beqz	a1,800036ec <__ascii_wctomb+0x20>
    800036d2:	0ff00793          	li	a5,255
    800036d6:	00e7f763          	bgeu	a5,a4,800036e4 <__ascii_wctomb+0x18>
    800036da:	08a00793          	li	a5,138
    800036de:	c11c                	sw	a5,0(a0)
    800036e0:	557d                	li	a0,-1
    800036e2:	8082                	ret
    800036e4:	00c58023          	sb	a2,0(a1)
    800036e8:	4505                	li	a0,1
    800036ea:	8082                	ret
    800036ec:	4501                	li	a0,0
    800036ee:	8082                	ret

00000000800036f0 <__sflush_r>:
    800036f0:	01059783          	lh	a5,16(a1)
    800036f4:	7179                	addi	sp,sp,-48
    800036f6:	f022                	sd	s0,32(sp)
    800036f8:	ec26                	sd	s1,24(sp)
    800036fa:	f406                	sd	ra,40(sp)
    800036fc:	e84a                	sd	s2,16(sp)
    800036fe:	e44e                	sd	s3,8(sp)
    80003700:	0087f713          	andi	a4,a5,8
    80003704:	84aa                	mv	s1,a0
    80003706:	842e                	mv	s0,a1
    80003708:	eb69                	bnez	a4,800037da <__sflush_r+0xea>
    8000370a:	4598                	lw	a4,8(a1)
    8000370c:	00e04563          	bgtz	a4,80003716 <__sflush_r+0x26>
    80003710:	5db8                	lw	a4,120(a1)
    80003712:	0ae05b63          	blez	a4,800037c8 <__sflush_r+0xd8>
    80003716:	6838                	ld	a4,80(s0)
    80003718:	cb45                	beqz	a4,800037c8 <__sflush_r+0xd8>
    8000371a:	0004a903          	lw	s2,0(s1)
    8000371e:	03379693          	slli	a3,a5,0x33
    80003722:	0004a023          	sw	zero,0(s1)
    80003726:	7c0c                	ld	a1,56(s0)
    80003728:	0606de63          	bgez	a3,800037a4 <__sflush_r+0xb4>
    8000372c:	6c50                	ld	a2,152(s0)
    8000372e:	01045783          	lhu	a5,16(s0)
    80003732:	8b91                	andi	a5,a5,4
    80003734:	c799                	beqz	a5,80003742 <__sflush_r+0x52>
    80003736:	441c                	lw	a5,8(s0)
    80003738:	8e1d                	sub	a2,a2,a5
    8000373a:	703c                	ld	a5,96(s0)
    8000373c:	c399                	beqz	a5,80003742 <__sflush_r+0x52>
    8000373e:	5c3c                	lw	a5,120(s0)
    80003740:	8e1d                	sub	a2,a2,a5
    80003742:	683c                	ld	a5,80(s0)
    80003744:	7c0c                	ld	a1,56(s0)
    80003746:	4681                	li	a3,0
    80003748:	8526                	mv	a0,s1
    8000374a:	9782                	jalr	a5
    8000374c:	577d                	li	a4,-1
    8000374e:	01045783          	lhu	a5,16(s0)
    80003752:	00e51d63          	bne	a0,a4,8000376c <__sflush_r+0x7c>
    80003756:	4094                	lw	a3,0(s1)
    80003758:	4775                	li	a4,29
    8000375a:	06d76963          	bltu	a4,a3,800037cc <__sflush_r+0xdc>
    8000375e:	20400737          	lui	a4,0x20400
    80003762:	0705                	addi	a4,a4,1 # 20400001 <__heap_size+0x203e0001>
    80003764:	00d75733          	srl	a4,a4,a3
    80003768:	8b05                	andi	a4,a4,1
    8000376a:	c32d                	beqz	a4,800037cc <__sflush_r+0xdc>
    8000376c:	6c18                	ld	a4,24(s0)
    8000376e:	00042423          	sw	zero,8(s0)
    80003772:	e018                	sd	a4,0(s0)
    80003774:	03379713          	slli	a4,a5,0x33
    80003778:	00075863          	bgez	a4,80003788 <__sflush_r+0x98>
    8000377c:	57fd                	li	a5,-1
    8000377e:	00f51463          	bne	a0,a5,80003786 <__sflush_r+0x96>
    80003782:	409c                	lw	a5,0(s1)
    80003784:	e391                	bnez	a5,80003788 <__sflush_r+0x98>
    80003786:	ec48                	sd	a0,152(s0)
    80003788:	702c                	ld	a1,96(s0)
    8000378a:	0124a023          	sw	s2,0(s1)
    8000378e:	cd8d                	beqz	a1,800037c8 <__sflush_r+0xd8>
    80003790:	07c40793          	addi	a5,s0,124
    80003794:	00f58563          	beq	a1,a5,8000379e <__sflush_r+0xae>
    80003798:	8526                	mv	a0,s1
    8000379a:	dc3ff0ef          	jal	8000355c <_free_r>
    8000379e:	06043023          	sd	zero,96(s0)
    800037a2:	a01d                	j	800037c8 <__sflush_r+0xd8>
    800037a4:	4601                	li	a2,0
    800037a6:	4685                	li	a3,1
    800037a8:	8526                	mv	a0,s1
    800037aa:	9702                	jalr	a4
    800037ac:	57fd                	li	a5,-1
    800037ae:	862a                	mv	a2,a0
    800037b0:	f6f51fe3          	bne	a0,a5,8000372e <__sflush_r+0x3e>
    800037b4:	409c                	lw	a5,0(s1)
    800037b6:	dfa5                	beqz	a5,8000372e <__sflush_r+0x3e>
    800037b8:	4775                	li	a4,29
    800037ba:	00e78563          	beq	a5,a4,800037c4 <__sflush_r+0xd4>
    800037be:	4759                	li	a4,22
    800037c0:	04e79663          	bne	a5,a4,8000380c <__sflush_r+0x11c>
    800037c4:	0124a023          	sw	s2,0(s1)
    800037c8:	4501                	li	a0,0
    800037ca:	a881                	j	8000381a <__sflush_r+0x12a>
    800037cc:	0407e793          	ori	a5,a5,64
    800037d0:	0107979b          	slliw	a5,a5,0x10
    800037d4:	4107d79b          	sraiw	a5,a5,0x10
    800037d8:	a835                	j	80003814 <__sflush_r+0x124>
    800037da:	0185b983          	ld	s3,24(a1)
    800037de:	fe0985e3          	beqz	s3,800037c8 <__sflush_r+0xd8>
    800037e2:	0005b903          	ld	s2,0(a1)
    800037e6:	8b8d                	andi	a5,a5,3
    800037e8:	0135b023          	sd	s3,0(a1)
    800037ec:	4139093b          	subw	s2,s2,s3
    800037f0:	4701                	li	a4,0
    800037f2:	e391                	bnez	a5,800037f6 <__sflush_r+0x106>
    800037f4:	5198                	lw	a4,32(a1)
    800037f6:	c458                	sw	a4,12(s0)
    800037f8:	fd2058e3          	blez	s2,800037c8 <__sflush_r+0xd8>
    800037fc:	643c                	ld	a5,72(s0)
    800037fe:	7c0c                	ld	a1,56(s0)
    80003800:	86ca                	mv	a3,s2
    80003802:	864e                	mv	a2,s3
    80003804:	8526                	mv	a0,s1
    80003806:	9782                	jalr	a5
    80003808:	02a04063          	bgtz	a0,80003828 <__sflush_r+0x138>
    8000380c:	01041783          	lh	a5,16(s0)
    80003810:	0407e793          	ori	a5,a5,64
    80003814:	00f41823          	sh	a5,16(s0)
    80003818:	557d                	li	a0,-1
    8000381a:	70a2                	ld	ra,40(sp)
    8000381c:	7402                	ld	s0,32(sp)
    8000381e:	64e2                	ld	s1,24(sp)
    80003820:	6942                	ld	s2,16(sp)
    80003822:	69a2                	ld	s3,8(sp)
    80003824:	6145                	addi	sp,sp,48
    80003826:	8082                	ret
    80003828:	99aa                	add	s3,s3,a0
    8000382a:	40a9093b          	subw	s2,s2,a0
    8000382e:	b7e9                	j	800037f8 <__sflush_r+0x108>

0000000080003830 <_fflush_r>:
    80003830:	6d9c                	ld	a5,24(a1)
    80003832:	cb8d                	beqz	a5,80003864 <_fflush_r+0x34>
    80003834:	1101                	addi	sp,sp,-32
    80003836:	e822                	sd	s0,16(sp)
    80003838:	ec06                	sd	ra,24(sp)
    8000383a:	842a                	mv	s0,a0
    8000383c:	c519                	beqz	a0,8000384a <_fflush_r+0x1a>
    8000383e:	613c                	ld	a5,64(a0)
    80003840:	e789                	bnez	a5,8000384a <_fflush_r+0x1a>
    80003842:	e42e                	sd	a1,8(sp)
    80003844:	c60ff0ef          	jal	80002ca4 <__sinit>
    80003848:	65a2                	ld	a1,8(sp)
    8000384a:	01059783          	lh	a5,16(a1)
    8000384e:	c791                	beqz	a5,8000385a <_fflush_r+0x2a>
    80003850:	8522                	mv	a0,s0
    80003852:	6442                	ld	s0,16(sp)
    80003854:	60e2                	ld	ra,24(sp)
    80003856:	6105                	addi	sp,sp,32
    80003858:	bd61                	j	800036f0 <__sflush_r>
    8000385a:	60e2                	ld	ra,24(sp)
    8000385c:	6442                	ld	s0,16(sp)
    8000385e:	4501                	li	a0,0
    80003860:	6105                	addi	sp,sp,32
    80003862:	8082                	ret
    80003864:	4501                	li	a0,0
    80003866:	8082                	ret

0000000080003868 <fflush>:
    80003868:	85aa                	mv	a1,a0
    8000386a:	ed19                	bnez	a0,80003888 <fflush+0x20>
    8000386c:	00001617          	auipc	a2,0x1
    80003870:	f7460613          	addi	a2,a2,-140 # 800047e0 <__sglue>
    80003874:	00000597          	auipc	a1,0x0
    80003878:	fbc58593          	addi	a1,a1,-68 # 80003830 <_fflush_r>
    8000387c:	00001517          	auipc	a0,0x1
    80003880:	ed450513          	addi	a0,a0,-300 # 80004750 <_impure_data>
    80003884:	f3aff06f          	j	80002fbe <_fwalk_sglue>
    80003888:	00001517          	auipc	a0,0x1
    8000388c:	11853503          	ld	a0,280(a0) # 800049a0 <_impure_ptr>
    80003890:	b745                	j	80003830 <_fflush_r>

0000000080003892 <_fiprintf_r>:
    80003892:	715d                	addi	sp,sp,-80
    80003894:	f436                	sd	a3,40(sp)
    80003896:	1034                	addi	a3,sp,40
    80003898:	ec06                	sd	ra,24(sp)
    8000389a:	f83a                	sd	a4,48(sp)
    8000389c:	fc3e                	sd	a5,56(sp)
    8000389e:	e0c2                	sd	a6,64(sp)
    800038a0:	e4c6                	sd	a7,72(sp)
    800038a2:	e436                	sd	a3,8(sp)
    800038a4:	fb5fe0ef          	jal	80002858 <_vfiprintf_r>
    800038a8:	60e2                	ld	ra,24(sp)
    800038aa:	6161                	addi	sp,sp,80
    800038ac:	8082                	ret

00000000800038ae <fiprintf>:
    800038ae:	715d                	addi	sp,sp,-80
    800038b0:	f032                	sd	a2,32(sp)
    800038b2:	f436                	sd	a3,40(sp)
    800038b4:	862e                	mv	a2,a1
    800038b6:	1014                	addi	a3,sp,32
    800038b8:	85aa                	mv	a1,a0
    800038ba:	00001517          	auipc	a0,0x1
    800038be:	0e653503          	ld	a0,230(a0) # 800049a0 <_impure_ptr>
    800038c2:	ec06                	sd	ra,24(sp)
    800038c4:	f83a                	sd	a4,48(sp)
    800038c6:	fc3e                	sd	a5,56(sp)
    800038c8:	e0c2                	sd	a6,64(sp)
    800038ca:	e4c6                	sd	a7,72(sp)
    800038cc:	e436                	sd	a3,8(sp)
    800038ce:	f8bfe0ef          	jal	80002858 <_vfiprintf_r>
    800038d2:	60e2                	ld	ra,24(sp)
    800038d4:	6161                	addi	sp,sp,80
    800038d6:	8082                	ret

00000000800038d8 <__swhatbuf_r>:
    800038d8:	7175                	addi	sp,sp,-144
    800038da:	e122                	sd	s0,128(sp)
    800038dc:	842e                	mv	s0,a1
    800038de:	01259583          	lh	a1,18(a1)
    800038e2:	fca6                	sd	s1,120(sp)
    800038e4:	f8ca                	sd	s2,112(sp)
    800038e6:	e506                	sd	ra,136(sp)
    800038e8:	84b2                	mv	s1,a2
    800038ea:	8936                	mv	s2,a3
    800038ec:	0205d363          	bgez	a1,80003912 <__swhatbuf_r+0x3a>
    800038f0:	01045783          	lhu	a5,16(s0)
    800038f4:	0807f793          	andi	a5,a5,128
    800038f8:	eb95                	bnez	a5,8000392c <__swhatbuf_r+0x54>
    800038fa:	40000713          	li	a4,1024
    800038fe:	60aa                	ld	ra,136(sp)
    80003900:	640a                	ld	s0,128(sp)
    80003902:	00f92023          	sw	a5,0(s2)
    80003906:	e098                	sd	a4,0(s1)
    80003908:	7946                	ld	s2,112(sp)
    8000390a:	74e6                	ld	s1,120(sp)
    8000390c:	4501                	li	a0,0
    8000390e:	6149                	addi	sp,sp,144
    80003910:	8082                	ret
    80003912:	0030                	addi	a2,sp,8
    80003914:	0be000ef          	jal	800039d2 <_fstat_r>
    80003918:	fc054ce3          	bltz	a0,800038f0 <__swhatbuf_r+0x18>
    8000391c:	47b2                	lw	a5,12(sp)
    8000391e:	673d                	lui	a4,0xf
    80003920:	8ff9                	and	a5,a5,a4
    80003922:	6709                	lui	a4,0x2
    80003924:	8f99                	sub	a5,a5,a4
    80003926:	0017b793          	seqz	a5,a5
    8000392a:	bfc1                	j	800038fa <__swhatbuf_r+0x22>
    8000392c:	4781                	li	a5,0
    8000392e:	04000713          	li	a4,64
    80003932:	b7f1                	j	800038fe <__swhatbuf_r+0x26>

0000000080003934 <__smakebuf_r>:
    80003934:	0105d783          	lhu	a5,16(a1)
    80003938:	7139                	addi	sp,sp,-64
    8000393a:	f822                	sd	s0,48(sp)
    8000393c:	fc06                	sd	ra,56(sp)
    8000393e:	f426                	sd	s1,40(sp)
    80003940:	f04a                	sd	s2,32(sp)
    80003942:	ec4e                	sd	s3,24(sp)
    80003944:	8b89                	andi	a5,a5,2
    80003946:	842e                	mv	s0,a1
    80003948:	cf91                	beqz	a5,80003964 <__smakebuf_r+0x30>
    8000394a:	07f40793          	addi	a5,s0,127
    8000394e:	e01c                	sd	a5,0(s0)
    80003950:	ec1c                	sd	a5,24(s0)
    80003952:	4785                	li	a5,1
    80003954:	d01c                	sw	a5,32(s0)
    80003956:	70e2                	ld	ra,56(sp)
    80003958:	7442                	ld	s0,48(sp)
    8000395a:	74a2                	ld	s1,40(sp)
    8000395c:	7902                	ld	s2,32(sp)
    8000395e:	69e2                	ld	s3,24(sp)
    80003960:	6121                	addi	sp,sp,64
    80003962:	8082                	ret
    80003964:	0054                	addi	a3,sp,4
    80003966:	0030                	addi	a2,sp,8
    80003968:	84aa                	mv	s1,a0
    8000396a:	f6fff0ef          	jal	800038d8 <__swhatbuf_r>
    8000396e:	69a2                	ld	s3,8(sp)
    80003970:	892a                	mv	s2,a0
    80003972:	8526                	mv	a0,s1
    80003974:	85ce                	mv	a1,s3
    80003976:	902fe0ef          	jal	80001a78 <_malloc_r>
    8000397a:	ed01                	bnez	a0,80003992 <__smakebuf_r+0x5e>
    8000397c:	01041783          	lh	a5,16(s0)
    80003980:	2007f713          	andi	a4,a5,512
    80003984:	fb69                	bnez	a4,80003956 <__smakebuf_r+0x22>
    80003986:	9bf1                	andi	a5,a5,-4
    80003988:	0027e793          	ori	a5,a5,2
    8000398c:	00f41823          	sh	a5,16(s0)
    80003990:	bf6d                	j	8000394a <__smakebuf_r+0x16>
    80003992:	01045783          	lhu	a5,16(s0)
    80003996:	e008                	sd	a0,0(s0)
    80003998:	ec08                	sd	a0,24(s0)
    8000399a:	0807e793          	ori	a5,a5,128
    8000399e:	00f41823          	sh	a5,16(s0)
    800039a2:	4792                	lw	a5,4(sp)
    800039a4:	03342023          	sw	s3,32(s0)
    800039a8:	cf91                	beqz	a5,800039c4 <__smakebuf_r+0x90>
    800039aa:	01241583          	lh	a1,18(s0)
    800039ae:	8526                	mv	a0,s1
    800039b0:	04c000ef          	jal	800039fc <_isatty_r>
    800039b4:	c901                	beqz	a0,800039c4 <__smakebuf_r+0x90>
    800039b6:	01045783          	lhu	a5,16(s0)
    800039ba:	9bf1                	andi	a5,a5,-4
    800039bc:	0017e793          	ori	a5,a5,1
    800039c0:	00f41823          	sh	a5,16(s0)
    800039c4:	01045783          	lhu	a5,16(s0)
    800039c8:	0127e533          	or	a0,a5,s2
    800039cc:	00a41823          	sh	a0,16(s0)
    800039d0:	b759                	j	80003956 <__smakebuf_r+0x22>

00000000800039d2 <_fstat_r>:
    800039d2:	1141                	addi	sp,sp,-16
    800039d4:	e022                	sd	s0,0(sp)
    800039d6:	842a                	mv	s0,a0
    800039d8:	852e                	mv	a0,a1
    800039da:	85b2                	mv	a1,a2
    800039dc:	8801ac23          	sw	zero,-1896(gp) # 80004a38 <errno>
    800039e0:	e406                	sd	ra,8(sp)
    800039e2:	450000ef          	jal	80003e32 <_fstat>
    800039e6:	57fd                	li	a5,-1
    800039e8:	00f51663          	bne	a0,a5,800039f4 <_fstat_r+0x22>
    800039ec:	8981a783          	lw	a5,-1896(gp) # 80004a38 <errno>
    800039f0:	c391                	beqz	a5,800039f4 <_fstat_r+0x22>
    800039f2:	c01c                	sw	a5,0(s0)
    800039f4:	60a2                	ld	ra,8(sp)
    800039f6:	6402                	ld	s0,0(sp)
    800039f8:	0141                	addi	sp,sp,16
    800039fa:	8082                	ret

00000000800039fc <_isatty_r>:
    800039fc:	1141                	addi	sp,sp,-16
    800039fe:	e022                	sd	s0,0(sp)
    80003a00:	842a                	mv	s0,a0
    80003a02:	852e                	mv	a0,a1
    80003a04:	8801ac23          	sw	zero,-1896(gp) # 80004a38 <errno>
    80003a08:	e406                	sd	ra,8(sp)
    80003a0a:	440000ef          	jal	80003e4a <_isatty>
    80003a0e:	57fd                	li	a5,-1
    80003a10:	00f51663          	bne	a0,a5,80003a1c <_isatty_r+0x20>
    80003a14:	8981a783          	lw	a5,-1896(gp) # 80004a38 <errno>
    80003a18:	c391                	beqz	a5,80003a1c <_isatty_r+0x20>
    80003a1a:	c01c                	sw	a5,0(s0)
    80003a1c:	60a2                	ld	ra,8(sp)
    80003a1e:	6402                	ld	s0,0(sp)
    80003a20:	0141                	addi	sp,sp,16
    80003a22:	8082                	ret

0000000080003a24 <abort>:
    80003a24:	1141                	addi	sp,sp,-16
    80003a26:	4519                	li	a0,6
    80003a28:	e406                	sd	ra,8(sp)
    80003a2a:	156000ef          	jal	80003b80 <raise>
    80003a2e:	4505                	li	a0,1
    80003a30:	3e0000ef          	jal	80003e10 <_exit>

0000000080003a34 <_malloc_usable_size_r>:
    80003a34:	ff85b503          	ld	a0,-8(a1)
    80003a38:	0005079b          	sext.w	a5,a0
    80003a3c:	1561                	addi	a0,a0,-8
    80003a3e:	0007d663          	bgez	a5,80003a4a <_malloc_usable_size_r+0x16>
    80003a42:	95aa                	add	a1,a1,a0
    80003a44:	6188                	ld	a0,0(a1)
    80003a46:	17e1                	addi	a5,a5,-8
    80003a48:	953e                	add	a0,a0,a5
    80003a4a:	8082                	ret

0000000080003a4c <_init_signal_r>:
    80003a4c:	793c                	ld	a5,112(a0)
    80003a4e:	eb95                	bnez	a5,80003a82 <_init_signal_r+0x36>
    80003a50:	1141                	addi	sp,sp,-16
    80003a52:	10000593          	li	a1,256
    80003a56:	e022                	sd	s0,0(sp)
    80003a58:	e406                	sd	ra,8(sp)
    80003a5a:	842a                	mv	s0,a0
    80003a5c:	81cfe0ef          	jal	80001a78 <_malloc_r>
    80003a60:	87aa                	mv	a5,a0
    80003a62:	f828                	sd	a0,112(s0)
    80003a64:	557d                	li	a0,-1
    80003a66:	cb91                	beqz	a5,80003a7a <_init_signal_r+0x2e>
    80003a68:	853e                	mv	a0,a5
    80003a6a:	10078793          	addi	a5,a5,256
    80003a6e:	00053023          	sd	zero,0(a0)
    80003a72:	0521                	addi	a0,a0,8
    80003a74:	fef51de3          	bne	a0,a5,80003a6e <_init_signal_r+0x22>
    80003a78:	4501                	li	a0,0
    80003a7a:	60a2                	ld	ra,8(sp)
    80003a7c:	6402                	ld	s0,0(sp)
    80003a7e:	0141                	addi	sp,sp,16
    80003a80:	8082                	ret
    80003a82:	4501                	li	a0,0
    80003a84:	8082                	ret

0000000080003a86 <_signal_r>:
    80003a86:	1101                	addi	sp,sp,-32
    80003a88:	e426                	sd	s1,8(sp)
    80003a8a:	ec06                	sd	ra,24(sp)
    80003a8c:	e822                	sd	s0,16(sp)
    80003a8e:	e04a                	sd	s2,0(sp)
    80003a90:	47fd                	li	a5,31
    80003a92:	84aa                	mv	s1,a0
    80003a94:	00b7f663          	bgeu	a5,a1,80003aa0 <_signal_r+0x1a>
    80003a98:	47d9                	li	a5,22
    80003a9a:	c11c                	sw	a5,0(a0)
    80003a9c:	557d                	li	a0,-1
    80003a9e:	a819                	j	80003ab4 <_signal_r+0x2e>
    80003aa0:	793c                	ld	a5,112(a0)
    80003aa2:	842e                	mv	s0,a1
    80003aa4:	8932                	mv	s2,a2
    80003aa6:	cf89                	beqz	a5,80003ac0 <_signal_r+0x3a>
    80003aa8:	78bc                	ld	a5,112(s1)
    80003aaa:	040e                	slli	s0,s0,0x3
    80003aac:	97a2                	add	a5,a5,s0
    80003aae:	6388                	ld	a0,0(a5)
    80003ab0:	0127b023          	sd	s2,0(a5)
    80003ab4:	60e2                	ld	ra,24(sp)
    80003ab6:	6442                	ld	s0,16(sp)
    80003ab8:	64a2                	ld	s1,8(sp)
    80003aba:	6902                	ld	s2,0(sp)
    80003abc:	6105                	addi	sp,sp,32
    80003abe:	8082                	ret
    80003ac0:	f8dff0ef          	jal	80003a4c <_init_signal_r>
    80003ac4:	d175                	beqz	a0,80003aa8 <_signal_r+0x22>
    80003ac6:	bfd9                	j	80003a9c <_signal_r+0x16>

0000000080003ac8 <_raise_r>:
    80003ac8:	1101                	addi	sp,sp,-32
    80003aca:	e822                	sd	s0,16(sp)
    80003acc:	ec06                	sd	ra,24(sp)
    80003ace:	47fd                	li	a5,31
    80003ad0:	842a                	mv	s0,a0
    80003ad2:	00b7f963          	bgeu	a5,a1,80003ae4 <_raise_r+0x1c>
    80003ad6:	47d9                	li	a5,22
    80003ad8:	c11c                	sw	a5,0(a0)
    80003ada:	557d                	li	a0,-1
    80003adc:	60e2                	ld	ra,24(sp)
    80003ade:	6442                	ld	s0,16(sp)
    80003ae0:	6105                	addi	sp,sp,32
    80003ae2:	8082                	ret
    80003ae4:	793c                	ld	a5,112(a0)
    80003ae6:	862e                	mv	a2,a1
    80003ae8:	c791                	beqz	a5,80003af4 <_raise_r+0x2c>
    80003aea:	00359713          	slli	a4,a1,0x3
    80003aee:	97ba                	add	a5,a5,a4
    80003af0:	6398                	ld	a4,0(a5)
    80003af2:	ef01                	bnez	a4,80003b0a <_raise_r+0x42>
    80003af4:	8522                	mv	a0,s0
    80003af6:	e432                	sd	a2,8(sp)
    80003af8:	0e2000ef          	jal	80003bda <_getpid_r>
    80003afc:	85aa                	mv	a1,a0
    80003afe:	8522                	mv	a0,s0
    80003b00:	6442                	ld	s0,16(sp)
    80003b02:	6622                	ld	a2,8(sp)
    80003b04:	60e2                	ld	ra,24(sp)
    80003b06:	6105                	addi	sp,sp,32
    80003b08:	a065                	j	80003bb0 <_kill_r>
    80003b0a:	4685                	li	a3,1
    80003b0c:	00d70d63          	beq	a4,a3,80003b26 <_raise_r+0x5e>
    80003b10:	56fd                	li	a3,-1
    80003b12:	00d71663          	bne	a4,a3,80003b1e <_raise_r+0x56>
    80003b16:	47d9                	li	a5,22
    80003b18:	c11c                	sw	a5,0(a0)
    80003b1a:	4505                	li	a0,1
    80003b1c:	b7c1                	j	80003adc <_raise_r+0x14>
    80003b1e:	0007b023          	sd	zero,0(a5)
    80003b22:	852e                	mv	a0,a1
    80003b24:	9702                	jalr	a4
    80003b26:	4501                	li	a0,0
    80003b28:	bf55                	j	80003adc <_raise_r+0x14>

0000000080003b2a <__sigtramp_r>:
    80003b2a:	47fd                	li	a5,31
    80003b2c:	00b7f463          	bgeu	a5,a1,80003b34 <__sigtramp_r+0xa>
    80003b30:	557d                	li	a0,-1
    80003b32:	8082                	ret
    80003b34:	793c                	ld	a5,112(a0)
    80003b36:	1101                	addi	sp,sp,-32
    80003b38:	e822                	sd	s0,16(sp)
    80003b3a:	e426                	sd	s1,8(sp)
    80003b3c:	ec06                	sd	ra,24(sp)
    80003b3e:	84aa                	mv	s1,a0
    80003b40:	842e                	mv	s0,a1
    80003b42:	c795                	beqz	a5,80003b6e <__sigtramp_r+0x44>
    80003b44:	78b8                	ld	a4,112(s1)
    80003b46:	00341793          	slli	a5,s0,0x3
    80003b4a:	4505                	li	a0,1
    80003b4c:	973e                	add	a4,a4,a5
    80003b4e:	631c                	ld	a5,0(a4)
    80003b50:	c39d                	beqz	a5,80003b76 <__sigtramp_r+0x4c>
    80003b52:	56fd                	li	a3,-1
    80003b54:	4509                	li	a0,2
    80003b56:	02d78063          	beq	a5,a3,80003b76 <__sigtramp_r+0x4c>
    80003b5a:	4685                	li	a3,1
    80003b5c:	450d                	li	a0,3
    80003b5e:	00d78c63          	beq	a5,a3,80003b76 <__sigtramp_r+0x4c>
    80003b62:	8522                	mv	a0,s0
    80003b64:	00073023          	sd	zero,0(a4) # 2000 <__stack_align+0x1ff0>
    80003b68:	9782                	jalr	a5
    80003b6a:	4501                	li	a0,0
    80003b6c:	a029                	j	80003b76 <__sigtramp_r+0x4c>
    80003b6e:	edfff0ef          	jal	80003a4c <_init_signal_r>
    80003b72:	d969                	beqz	a0,80003b44 <__sigtramp_r+0x1a>
    80003b74:	557d                	li	a0,-1
    80003b76:	60e2                	ld	ra,24(sp)
    80003b78:	6442                	ld	s0,16(sp)
    80003b7a:	64a2                	ld	s1,8(sp)
    80003b7c:	6105                	addi	sp,sp,32
    80003b7e:	8082                	ret

0000000080003b80 <raise>:
    80003b80:	85aa                	mv	a1,a0
    80003b82:	00001517          	auipc	a0,0x1
    80003b86:	e1e53503          	ld	a0,-482(a0) # 800049a0 <_impure_ptr>
    80003b8a:	bf3d                	j	80003ac8 <_raise_r>

0000000080003b8c <signal>:
    80003b8c:	862e                	mv	a2,a1
    80003b8e:	85aa                	mv	a1,a0
    80003b90:	00001517          	auipc	a0,0x1
    80003b94:	e1053503          	ld	a0,-496(a0) # 800049a0 <_impure_ptr>
    80003b98:	b5fd                	j	80003a86 <_signal_r>

0000000080003b9a <_init_signal>:
    80003b9a:	00001517          	auipc	a0,0x1
    80003b9e:	e0653503          	ld	a0,-506(a0) # 800049a0 <_impure_ptr>
    80003ba2:	b56d                	j	80003a4c <_init_signal_r>

0000000080003ba4 <__sigtramp>:
    80003ba4:	85aa                	mv	a1,a0
    80003ba6:	00001517          	auipc	a0,0x1
    80003baa:	dfa53503          	ld	a0,-518(a0) # 800049a0 <_impure_ptr>
    80003bae:	bfb5                	j	80003b2a <__sigtramp_r>

0000000080003bb0 <_kill_r>:
    80003bb0:	1141                	addi	sp,sp,-16
    80003bb2:	e022                	sd	s0,0(sp)
    80003bb4:	842a                	mv	s0,a0
    80003bb6:	852e                	mv	a0,a1
    80003bb8:	85b2                	mv	a1,a2
    80003bba:	8801ac23          	sw	zero,-1896(gp) # 80004a38 <errno>
    80003bbe:	e406                	sd	ra,8(sp)
    80003bc0:	292000ef          	jal	80003e52 <_kill>
    80003bc4:	57fd                	li	a5,-1
    80003bc6:	00f51663          	bne	a0,a5,80003bd2 <_kill_r+0x22>
    80003bca:	8981a783          	lw	a5,-1896(gp) # 80004a38 <errno>
    80003bce:	c391                	beqz	a5,80003bd2 <_kill_r+0x22>
    80003bd0:	c01c                	sw	a5,0(s0)
    80003bd2:	60a2                	ld	ra,8(sp)
    80003bd4:	6402                	ld	s0,0(sp)
    80003bd6:	0141                	addi	sp,sp,16
    80003bd8:	8082                	ret

0000000080003bda <_getpid_r>:
    80003bda:	a4b5                	j	80003e46 <_getpid>

0000000080003bdc <__trunctfdf2>:
    80003bdc:	00202673          	frrm	a2
    80003be0:	6821                	lui	a6,0x8
    80003be2:	0305d713          	srli	a4,a1,0x30
    80003be6:	187d                	addi	a6,a6,-1 # 7fff <__stack_size_min+0x1fff>
    80003be8:	010778b3          	and	a7,a4,a6
    80003bec:	03f5d693          	srli	a3,a1,0x3f
    80003bf0:	05c2                	slli	a1,a1,0x10
    80003bf2:	81b5                	srli	a1,a1,0xd
    80003bf4:	03d55713          	srli	a4,a0,0x3d
    80003bf8:	00188793          	addi	a5,a7,1
    80003bfc:	8f4d                	or	a4,a4,a1
    80003bfe:	03179593          	slli	a1,a5,0x31
    80003c02:	91c9                	srli	a1,a1,0x32
    80003c04:	2601                	sext.w	a2,a2
    80003c06:	00351313          	slli	t1,a0,0x3
    80003c0a:	16058763          	beqz	a1,80003d78 <__trunctfdf2+0x19c>
    80003c0e:	77f1                	lui	a5,0xffffc
    80003c10:	40078793          	addi	a5,a5,1024 # ffffffffffffc400 <__heap_end+0xffffffff7ffd7400>
    80003c14:	98be                	add	a7,a7,a5
    80003c16:	7fe00793          	li	a5,2046
    80003c1a:	0317d463          	bge	a5,a7,80003c42 <__trunctfdf2+0x66>
    80003c1e:	ce11                	beqz	a2,80003c3a <__trunctfdf2+0x5e>
    80003c20:	478d                	li	a5,3
    80003c22:	00f61863          	bne	a2,a5,80003c32 <__trunctfdf2+0x56>
    80003c26:	ca91                	beqz	a3,80003c3a <__trunctfdf2+0x5e>
    80003c28:	57fd                	li	a5,-1
    80003c2a:	7fe00893          	li	a7,2046
    80003c2e:	4595                	li	a1,5
    80003c30:	aabd                	j	80003dae <__trunctfdf2+0x1d2>
    80003c32:	4789                	li	a5,2
    80003c34:	fef61ae3          	bne	a2,a5,80003c28 <__trunctfdf2+0x4c>
    80003c38:	dae5                	beqz	a3,80003c28 <__trunctfdf2+0x4c>
    80003c3a:	4781                	li	a5,0
    80003c3c:	7ff00893          	li	a7,2047
    80003c40:	b7fd                	j	80003c2e <__trunctfdf2+0x52>
    80003c42:	11104f63          	bgtz	a7,80003d60 <__trunctfdf2+0x184>
    80003c46:	fcc00593          	li	a1,-52
    80003c4a:	4785                	li	a5,1
    80003c4c:	02b8ce63          	blt	a7,a1,80003c88 <__trunctfdf2+0xac>
    80003c50:	17ce                	slli	a5,a5,0x33
    80003c52:	03d00813          	li	a6,61
    80003c56:	8f5d                	or	a4,a4,a5
    80003c58:	41180833          	sub	a6,a6,a7
    80003c5c:	03f00793          	li	a5,63
    80003c60:	0008851b          	sext.w	a0,a7
    80003c64:	0d07cb63          	blt	a5,a6,80003d3a <__trunctfdf2+0x15e>
    80003c68:	03d00793          	li	a5,61
    80003c6c:	0035059b          	addiw	a1,a0,3
    80003c70:	9f89                	subw	a5,a5,a0
    80003c72:	00f357b3          	srl	a5,t1,a5
    80003c76:	00b31333          	sll	t1,t1,a1
    80003c7a:	00603333          	snez	t1,t1
    80003c7e:	0067e7b3          	or	a5,a5,t1
    80003c82:	00b71733          	sll	a4,a4,a1
    80003c86:	8fd9                	or	a5,a5,a4
    80003c88:	00179713          	slli	a4,a5,0x1
    80003c8c:	00777513          	andi	a0,a4,7
    80003c90:	4581                	li	a1,0
    80003c92:	cd19                	beqz	a0,80003cb0 <__trunctfdf2+0xd4>
    80003c94:	4589                	li	a1,2
    80003c96:	12b60363          	beq	a2,a1,80003dbc <__trunctfdf2+0x1e0>
    80003c9a:	458d                	li	a1,3
    80003c9c:	10b60b63          	beq	a2,a1,80003db2 <__trunctfdf2+0x1d6>
    80003ca0:	4585                	li	a1,1
    80003ca2:	e619                	bnez	a2,80003cb0 <__trunctfdf2+0xd4>
    80003ca4:	00f77513          	andi	a0,a4,15
    80003ca8:	4811                	li	a6,4
    80003caa:	01050363          	beq	a0,a6,80003cb0 <__trunctfdf2+0xd4>
    80003cae:	0711                	addi	a4,a4,4
    80003cb0:	9361                	srli	a4,a4,0x38
    80003cb2:	00174713          	xori	a4,a4,1
    80003cb6:	8b05                	andi	a4,a4,1
    80003cb8:	4881                	li	a7,0
    80003cba:	0077f513          	andi	a0,a5,7
    80003cbe:	12050963          	beqz	a0,80003df0 <__trunctfdf2+0x214>
    80003cc2:	4509                	li	a0,2
    80003cc4:	0015e593          	ori	a1,a1,1
    80003cc8:	10a60163          	beq	a2,a0,80003dca <__trunctfdf2+0x1ee>
    80003ccc:	450d                	li	a0,3
    80003cce:	0ea60b63          	beq	a2,a0,80003dc4 <__trunctfdf2+0x1e8>
    80003cd2:	e619                	bnez	a2,80003ce0 <__trunctfdf2+0x104>
    80003cd4:	00f7f813          	andi	a6,a5,15
    80003cd8:	4511                	li	a0,4
    80003cda:	10a80b63          	beq	a6,a0,80003df0 <__trunctfdf2+0x214>
    80003cde:	0791                	addi	a5,a5,4
    80003ce0:	c711                	beqz	a4,80003cec <__trunctfdf2+0x110>
    80003ce2:	0015f813          	andi	a6,a1,1
    80003ce6:	0806                	slli	a6,a6,0x1
    80003ce8:	00b865b3          	or	a1,a6,a1
    80003cec:	00879713          	slli	a4,a5,0x8
    80003cf0:	00075b63          	bgez	a4,80003d06 <__trunctfdf2+0x12a>
    80003cf4:	0885                	addi	a7,a7,1
    80003cf6:	7ff00713          	li	a4,2047
    80003cfa:	0ce88a63          	beq	a7,a4,80003dce <__trunctfdf2+0x1f2>
    80003cfe:	567d                	li	a2,-1
    80003d00:	165e                	slli	a2,a2,0x37
    80003d02:	167d                	addi	a2,a2,-1
    80003d04:	8ff1                	and	a5,a5,a2
    80003d06:	7ff00713          	li	a4,2047
    80003d0a:	838d                	srli	a5,a5,0x3
    80003d0c:	00e89663          	bne	a7,a4,80003d18 <__trunctfdf2+0x13c>
    80003d10:	c781                	beqz	a5,80003d18 <__trunctfdf2+0x13c>
    80003d12:	4785                	li	a5,1
    80003d14:	17ce                	slli	a5,a5,0x33
    80003d16:	4681                	li	a3,0
    80003d18:	7ff00613          	li	a2,2047
    80003d1c:	03489713          	slli	a4,a7,0x34
    80003d20:	1652                	slli	a2,a2,0x34
    80003d22:	07b2                	slli	a5,a5,0xc
    80003d24:	8f71                	and	a4,a4,a2
    80003d26:	83b1                	srli	a5,a5,0xc
    80003d28:	8fd9                	or	a5,a5,a4
    80003d2a:	16fe                	slli	a3,a3,0x3f
    80003d2c:	8fd5                	or	a5,a5,a3
    80003d2e:	c199                	beqz	a1,80003d34 <__trunctfdf2+0x158>
    80003d30:	0015a073          	csrs	fflags,a1
    80003d34:	f2078553          	fmv.d.x	fa0,a5
    80003d38:	8082                	ret
    80003d3a:	57f5                	li	a5,-3
    80003d3c:	9f89                	subw	a5,a5,a0
    80003d3e:	04000893          	li	a7,64
    80003d42:	00f757b3          	srl	a5,a4,a5
    80003d46:	4581                	li	a1,0
    80003d48:	01180663          	beq	a6,a7,80003d54 <__trunctfdf2+0x178>
    80003d4c:	0435051b          	addiw	a0,a0,67
    80003d50:	00a715b3          	sll	a1,a4,a0
    80003d54:	0065e5b3          	or	a1,a1,t1
    80003d58:	00b035b3          	snez	a1,a1
    80003d5c:	8fcd                	or	a5,a5,a1
    80003d5e:	b72d                	j	80003c88 <__trunctfdf2+0xac>
    80003d60:	00751793          	slli	a5,a0,0x7
    80003d64:	00f037b3          	snez	a5,a5
    80003d68:	03c35313          	srli	t1,t1,0x3c
    80003d6c:	0067e7b3          	or	a5,a5,t1
    80003d70:	0712                	slli	a4,a4,0x4
    80003d72:	8fd9                	or	a5,a5,a4
    80003d74:	4581                	li	a1,0
    80003d76:	a825                	j	80003dae <__trunctfdf2+0x1d2>
    80003d78:	006767b3          	or	a5,a4,t1
    80003d7c:	00089663          	bnez	a7,80003d88 <__trunctfdf2+0x1ac>
    80003d80:	4581                	li	a1,0
    80003d82:	d3d1                	beqz	a5,80003d06 <__trunctfdf2+0x12a>
    80003d84:	4785                	li	a5,1
    80003d86:	b709                	j	80003c88 <__trunctfdf2+0xac>
    80003d88:	c7bd                	beqz	a5,80003df6 <__trunctfdf2+0x21a>
    80003d8a:	4581                	li	a1,0
    80003d8c:	01089763          	bne	a7,a6,80003d9a <__trunctfdf2+0x1be>
    80003d90:	03275593          	srli	a1,a4,0x32
    80003d94:	0015c593          	xori	a1,a1,1
    80003d98:	0592                	slli	a1,a1,0x4
    80003d9a:	03c35793          	srli	a5,t1,0x3c
    80003d9e:	0712                	slli	a4,a4,0x4
    80003da0:	8f5d                	or	a4,a4,a5
    80003da2:	4785                	li	a5,1
    80003da4:	9b61                	andi	a4,a4,-8
    80003da6:	17da                	slli	a5,a5,0x36
    80003da8:	8fd9                	or	a5,a5,a4
    80003daa:	7ff00893          	li	a7,2047
    80003dae:	4701                	li	a4,0
    80003db0:	b729                	j	80003cba <__trunctfdf2+0xde>
    80003db2:	4585                	li	a1,1
    80003db4:	ee069ee3          	bnez	a3,80003cb0 <__trunctfdf2+0xd4>
    80003db8:	0721                	addi	a4,a4,8
    80003dba:	bddd                	j	80003cb0 <__trunctfdf2+0xd4>
    80003dbc:	4585                	li	a1,1
    80003dbe:	ee0689e3          	beqz	a3,80003cb0 <__trunctfdf2+0xd4>
    80003dc2:	bfdd                	j	80003db8 <__trunctfdf2+0x1dc>
    80003dc4:	fe91                	bnez	a3,80003ce0 <__trunctfdf2+0x104>
    80003dc6:	07a1                	addi	a5,a5,8
    80003dc8:	bf21                	j	80003ce0 <__trunctfdf2+0x104>
    80003dca:	da99                	beqz	a3,80003ce0 <__trunctfdf2+0x104>
    80003dcc:	bfed                	j	80003dc6 <__trunctfdf2+0x1ea>
    80003dce:	4781                	li	a5,0
    80003dd0:	ce09                	beqz	a2,80003dea <__trunctfdf2+0x20e>
    80003dd2:	470d                	li	a4,3
    80003dd4:	00e61763          	bne	a2,a4,80003de2 <__trunctfdf2+0x206>
    80003dd8:	ca89                	beqz	a3,80003dea <__trunctfdf2+0x20e>
    80003dda:	57fd                	li	a5,-1
    80003ddc:	7fe00893          	li	a7,2046
    80003de0:	a029                	j	80003dea <__trunctfdf2+0x20e>
    80003de2:	4709                	li	a4,2
    80003de4:	fee61be3          	bne	a2,a4,80003dda <__trunctfdf2+0x1fe>
    80003de8:	daed                	beqz	a3,80003dda <__trunctfdf2+0x1fe>
    80003dea:	0055e593          	ori	a1,a1,5
    80003dee:	bf21                	j	80003d06 <__trunctfdf2+0x12a>
    80003df0:	ee0719e3          	bnez	a4,80003ce2 <__trunctfdf2+0x106>
    80003df4:	bf09                	j	80003d06 <__trunctfdf2+0x12a>
    80003df6:	7ff00893          	li	a7,2047
    80003dfa:	bfad                	j	80003d74 <__trunctfdf2+0x198>

0000000080003dfc <_close>:
    80003dfc:	1141                	addi	sp,sp,-16
    80003dfe:	e406                	sd	ra,8(sp)
    80003e00:	19a000ef          	jal	80003f9a <__errno>
    80003e04:	60a2                	ld	ra,8(sp)
    80003e06:	47a5                	li	a5,9
    80003e08:	c11c                	sw	a5,0(a0)
    80003e0a:	557d                	li	a0,-1
    80003e0c:	0141                	addi	sp,sp,16
    80003e0e:	8082                	ret

0000000080003e10 <_exit>:
    80003e10:	0015179b          	slliw	a5,a0,0x1
    80003e14:	0017e793          	ori	a5,a5,1
    80003e18:	2781                	sext.w	a5,a5
    80003e1a:	07c2                	slli	a5,a5,0x10
    80003e1c:	83c1                	srli	a5,a5,0x10
    80003e1e:	00001717          	auipc	a4,0x1
    80003e22:	92270713          	addi	a4,a4,-1758 # 80004740 <tohost>
    80003e26:	00001697          	auipc	a3,0x1
    80003e2a:	9206b123          	sd	zero,-1758(a3) # 80004748 <fromhost>
    80003e2e:	e31c                	sd	a5,0(a4)
    80003e30:	bfdd                	j	80003e26 <_exit+0x16>

0000000080003e32 <_fstat>:
    80003e32:	1141                	addi	sp,sp,-16
    80003e34:	e406                	sd	ra,8(sp)
    80003e36:	164000ef          	jal	80003f9a <__errno>
    80003e3a:	60a2                	ld	ra,8(sp)
    80003e3c:	47a5                	li	a5,9
    80003e3e:	c11c                	sw	a5,0(a0)
    80003e40:	557d                	li	a0,-1
    80003e42:	0141                	addi	sp,sp,16
    80003e44:	8082                	ret

0000000080003e46 <_getpid>:
    80003e46:	4505                	li	a0,1
    80003e48:	8082                	ret

0000000080003e4a <_isatty>:
    80003e4a:	357d                	addiw	a0,a0,-1
    80003e4c:	00253513          	sltiu	a0,a0,2
    80003e50:	8082                	ret

0000000080003e52 <_kill>:
    80003e52:	1141                	addi	sp,sp,-16
    80003e54:	e406                	sd	ra,8(sp)
    80003e56:	144000ef          	jal	80003f9a <__errno>
    80003e5a:	60a2                	ld	ra,8(sp)
    80003e5c:	47d9                	li	a5,22
    80003e5e:	c11c                	sw	a5,0(a0)
    80003e60:	557d                	li	a0,-1
    80003e62:	0141                	addi	sp,sp,16
    80003e64:	8082                	ret

0000000080003e66 <_lseek>:
    80003e66:	1141                	addi	sp,sp,-16
    80003e68:	e406                	sd	ra,8(sp)
    80003e6a:	130000ef          	jal	80003f9a <__errno>
    80003e6e:	60a2                	ld	ra,8(sp)
    80003e70:	47a5                	li	a5,9
    80003e72:	c11c                	sw	a5,0(a0)
    80003e74:	557d                	li	a0,-1
    80003e76:	0141                	addi	sp,sp,16
    80003e78:	8082                	ret

0000000080003e7a <_read>:
    80003e7a:	1141                	addi	sp,sp,-16
    80003e7c:	e406                	sd	ra,8(sp)
    80003e7e:	11c000ef          	jal	80003f9a <__errno>
    80003e82:	60a2                	ld	ra,8(sp)
    80003e84:	05800793          	li	a5,88
    80003e88:	c11c                	sw	a5,0(a0)
    80003e8a:	557d                	li	a0,-1
    80003e8c:	0141                	addi	sp,sp,16
    80003e8e:	8082                	ret

0000000080003e90 <_sbrk>:
    80003e90:	00001717          	auipc	a4,0x1
    80003e94:	b1870713          	addi	a4,a4,-1256 # 800049a8 <curbrk>
    80003e98:	631c                	ld	a5,0(a4)
    80003e9a:	be818693          	addi	a3,gp,-1048 # 80004d88 <_end>
    80003e9e:	953e                	add	a0,a0,a5
    80003ea0:	00d56b63          	bltu	a0,a3,80003eb6 <_sbrk+0x26>
    80003ea4:	00021697          	auipc	a3,0x21
    80003ea8:	15c68693          	addi	a3,a3,348 # 80025000 <__heap_end>
    80003eac:	00d57563          	bgeu	a0,a3,80003eb6 <_sbrk+0x26>
    80003eb0:	e308                	sd	a0,0(a4)
    80003eb2:	853e                	mv	a0,a5
    80003eb4:	8082                	ret
    80003eb6:	1141                	addi	sp,sp,-16
    80003eb8:	e406                	sd	ra,8(sp)
    80003eba:	0e0000ef          	jal	80003f9a <__errno>
    80003ebe:	60a2                	ld	ra,8(sp)
    80003ec0:	47b1                	li	a5,12
    80003ec2:	c11c                	sw	a5,0(a0)
    80003ec4:	57fd                	li	a5,-1
    80003ec6:	853e                	mv	a0,a5
    80003ec8:	0141                	addi	sp,sp,16
    80003eca:	8082                	ret

0000000080003ecc <_write>:
    80003ecc:	04000693          	li	a3,64
    80003ed0:	a0b9                	j	80003f1e <htif_syscall>

0000000080003ed2 <handle_trap>:
    80003ed2:	1141                	addi	sp,sp,-16
    80003ed4:	02159513          	slli	a0,a1,0x21
    80003ed8:	e406                	sd	ra,8(sp)
    80003eda:	9105                	srli	a0,a0,0x21
    80003edc:	0005d463          	bgez	a1,80003ee4 <handle_trap+0x12>
    80003ee0:	40a0053b          	negw	a0,a0
    80003ee4:	f2dff0ef          	jal	80003e10 <_exit>

0000000080003ee8 <__init_tls>:
    80003ee8:	1141                	addi	sp,sp,-16
    80003eea:	00000613          	li	a2,0
    80003eee:	00000597          	auipc	a1,0x0
    80003ef2:	28858593          	addi	a1,a1,648 # 80004176 <__tbss_end>
    80003ef6:	8512                	mv	a0,tp
    80003ef8:	e022                	sd	s0,0(sp)
    80003efa:	e406                	sd	ra,8(sp)
    80003efc:	8412                	mv	s0,tp
    80003efe:	db0ff0ef          	jal	800034ae <memcpy>
    80003f02:	00000513          	li	a0,0
    80003f06:	9522                	add	a0,a0,s0
    80003f08:	6402                	ld	s0,0(sp)
    80003f0a:	60a2                	ld	ra,8(sp)
    80003f0c:	00000613          	li	a2,0
    80003f10:	4581                	li	a1,0
    80003f12:	0141                	addi	sp,sp,16
    80003f14:	d8aff06f          	j	8000349e <memset>

0000000080003f18 <__main>:
    80003f18:	10500073          	wfi
    80003f1c:	bff5                	j	80003f18 <__main>

0000000080003f1e <htif_syscall>:
    80003f1e:	7139                	addi	sp,sp,-64
    80003f20:	e036                	sd	a3,0(sp)
    80003f22:	e42a                	sd	a0,8(sp)
    80003f24:	fff007b7          	lui	a5,0xfff00
    80003f28:	e82e                	sd	a1,16(sp)
    80003f2a:	83c1                	srli	a5,a5,0x10
    80003f2c:	ec32                	sd	a2,24(sp)
    80003f2e:	860a                	mv	a2,sp
    80003f30:	8e7d                	and	a2,a2,a5
    80003f32:	8a018713          	addi	a4,gp,-1888 # 80004a40 <htif_lock>
    80003f36:	56fd                	li	a3,-1
    80003f38:	431c                	lw	a5,0(a4)
    80003f3a:	fffd                	bnez	a5,80003f38 <htif_syscall+0x1a>
    80003f3c:	0cd727af          	amoswap.w.aq	a5,a3,(a4)
    80003f40:	ffe5                	bnez	a5,80003f38 <htif_syscall+0x1a>
    80003f42:	0110000f          	fence	w,w
    80003f46:	00000697          	auipc	a3,0x0
    80003f4a:	7fa68693          	addi	a3,a3,2042 # 80004740 <tohost>
    80003f4e:	e290                	sd	a2,0(a3)
    80003f50:	669c                	ld	a5,8(a3)
    80003f52:	dffd                	beqz	a5,80003f50 <htif_syscall+0x32>
    80003f54:	00000797          	auipc	a5,0x0
    80003f58:	7e07ba23          	sd	zero,2036(a5) # 80004748 <fromhost>
    80003f5c:	0a07202f          	amoswap.w.rl	zero,zero,(a4)
    80003f60:	0220000f          	fence	r,r
    80003f64:	6502                	ld	a0,0(sp)
    80003f66:	6121                	addi	sp,sp,64
    80003f68:	8082                	ret

0000000080003f6a <atexit>:
    80003f6a:	85aa                	mv	a1,a0
    80003f6c:	4681                	li	a3,0
    80003f6e:	4601                	li	a2,0
    80003f70:	4501                	li	a0,0
    80003f72:	a0d9                	j	80004038 <__register_exitproc>

0000000080003f74 <exit>:
    80003f74:	1141                	addi	sp,sp,-16
    80003f76:	e022                	sd	s0,0(sp)
    80003f78:	e406                	sd	ra,8(sp)
    80003f7a:	00000797          	auipc	a5,0x0
    80003f7e:	13478793          	addi	a5,a5,308 # 800040ae <__call_exitprocs>
    80003f82:	842a                	mv	s0,a0
    80003f84:	c781                	beqz	a5,80003f8c <exit+0x18>
    80003f86:	4581                	li	a1,0
    80003f88:	126000ef          	jal	800040ae <__call_exitprocs>
    80003f8c:	8881b783          	ld	a5,-1912(gp) # 80004a28 <__stdio_exit_handler>
    80003f90:	c391                	beqz	a5,80003f94 <exit+0x20>
    80003f92:	9782                	jalr	a5
    80003f94:	8522                	mv	a0,s0
    80003f96:	e7bff0ef          	jal	80003e10 <_exit>

0000000080003f9a <__errno>:
    80003f9a:	00001517          	auipc	a0,0x1
    80003f9e:	a0653503          	ld	a0,-1530(a0) # 800049a0 <_impure_ptr>
    80003fa2:	8082                	ret

0000000080003fa4 <__libc_init_array>:
    80003fa4:	1101                	addi	sp,sp,-32
    80003fa6:	e822                	sd	s0,16(sp)
    80003fa8:	e426                	sd	s1,8(sp)
    80003faa:	00000417          	auipc	s0,0x0
    80003fae:	77640413          	addi	s0,s0,1910 # 80004720 <__fini_array_end>
    80003fb2:	00000497          	auipc	s1,0x0
    80003fb6:	76e48493          	addi	s1,s1,1902 # 80004720 <__fini_array_end>
    80003fba:	8c81                	sub	s1,s1,s0
    80003fbc:	e04a                	sd	s2,0(sp)
    80003fbe:	ec06                	sd	ra,24(sp)
    80003fc0:	848d                	srai	s1,s1,0x3
    80003fc2:	4901                	li	s2,0
    80003fc4:	02991563          	bne	s2,s1,80003fee <__libc_init_array+0x4a>
    80003fc8:	00000417          	auipc	s0,0x0
    80003fcc:	75840413          	addi	s0,s0,1880 # 80004720 <__fini_array_end>
    80003fd0:	00000497          	auipc	s1,0x0
    80003fd4:	75048493          	addi	s1,s1,1872 # 80004720 <__fini_array_end>
    80003fd8:	8c81                	sub	s1,s1,s0
    80003fda:	848d                	srai	s1,s1,0x3
    80003fdc:	4901                	li	s2,0
    80003fde:	00991d63          	bne	s2,s1,80003ff8 <__libc_init_array+0x54>
    80003fe2:	60e2                	ld	ra,24(sp)
    80003fe4:	6442                	ld	s0,16(sp)
    80003fe6:	64a2                	ld	s1,8(sp)
    80003fe8:	6902                	ld	s2,0(sp)
    80003fea:	6105                	addi	sp,sp,32
    80003fec:	8082                	ret
    80003fee:	601c                	ld	a5,0(s0)
    80003ff0:	0905                	addi	s2,s2,1
    80003ff2:	0421                	addi	s0,s0,8
    80003ff4:	9782                	jalr	a5
    80003ff6:	b7f9                	j	80003fc4 <__libc_init_array+0x20>
    80003ff8:	601c                	ld	a5,0(s0)
    80003ffa:	0905                	addi	s2,s2,1
    80003ffc:	0421                	addi	s0,s0,8
    80003ffe:	9782                	jalr	a5
    80004000:	bff9                	j	80003fde <__libc_init_array+0x3a>

0000000080004002 <__libc_fini_array>:
    80004002:	1101                	addi	sp,sp,-32
    80004004:	e822                	sd	s0,16(sp)
    80004006:	e426                	sd	s1,8(sp)
    80004008:	00000417          	auipc	s0,0x0
    8000400c:	71840413          	addi	s0,s0,1816 # 80004720 <__fini_array_end>
    80004010:	00000497          	auipc	s1,0x0
    80004014:	71048493          	addi	s1,s1,1808 # 80004720 <__fini_array_end>
    80004018:	8c05                	sub	s0,s0,s1
    8000401a:	ec06                	sd	ra,24(sp)
    8000401c:	840d                	srai	s0,s0,0x3
    8000401e:	e411                	bnez	s0,8000402a <__libc_fini_array+0x28>
    80004020:	60e2                	ld	ra,24(sp)
    80004022:	6442                	ld	s0,16(sp)
    80004024:	64a2                	ld	s1,8(sp)
    80004026:	6105                	addi	sp,sp,32
    80004028:	8082                	ret
    8000402a:	147d                	addi	s0,s0,-1
    8000402c:	00341793          	slli	a5,s0,0x3
    80004030:	97a6                	add	a5,a5,s1
    80004032:	639c                	ld	a5,0(a5)
    80004034:	9782                	jalr	a5
    80004036:	b7e5                	j	8000401e <__libc_fini_array+0x1c>

0000000080004038 <__register_exitproc>:
    80004038:	88aa                	mv	a7,a0
    8000403a:	8b018513          	addi	a0,gp,-1872 # 80004a50 <__atexit>
    8000403e:	6118                	ld	a4,0(a0)
    80004040:	ef01                	bnez	a4,80004058 <__register_exitproc+0x20>
    80004042:	ad018793          	addi	a5,gp,-1328 # 80004c70 <__atexit0>
    80004046:	e11c                	sd	a5,0(a0)
    80004048:	00000713          	li	a4,0
    8000404c:	c701                	beqz	a4,80004054 <__register_exitproc+0x1c>
    8000404e:	6318                	ld	a4,0(a4)
    80004050:	10e7b823          	sd	a4,272(a5)
    80004054:	ad018713          	addi	a4,gp,-1328 # 80004c70 <__atexit0>
    80004058:	471c                	lw	a5,8(a4)
    8000405a:	487d                	li	a6,31
    8000405c:	557d                	li	a0,-1
    8000405e:	04f84763          	blt	a6,a5,800040ac <__register_exitproc+0x74>
    80004062:	02088d63          	beqz	a7,8000409c <__register_exitproc+0x64>
    80004066:	11073803          	ld	a6,272(a4)
    8000406a:	04080163          	beqz	a6,800040ac <__register_exitproc+0x74>
    8000406e:	00379513          	slli	a0,a5,0x3
    80004072:	9542                	add	a0,a0,a6
    80004074:	e110                	sd	a2,0(a0)
    80004076:	20082303          	lw	t1,512(a6)
    8000407a:	4605                	li	a2,1
    8000407c:	00f6163b          	sllw	a2,a2,a5
    80004080:	00c36333          	or	t1,t1,a2
    80004084:	20682023          	sw	t1,512(a6)
    80004088:	10d53023          	sd	a3,256(a0)
    8000408c:	4689                	li	a3,2
    8000408e:	00d89763          	bne	a7,a3,8000409c <__register_exitproc+0x64>
    80004092:	20482683          	lw	a3,516(a6)
    80004096:	8ed1                	or	a3,a3,a2
    80004098:	20d82223          	sw	a3,516(a6)
    8000409c:	0017869b          	addiw	a3,a5,1
    800040a0:	0789                	addi	a5,a5,2
    800040a2:	078e                	slli	a5,a5,0x3
    800040a4:	c714                	sw	a3,8(a4)
    800040a6:	973e                	add	a4,a4,a5
    800040a8:	e30c                	sd	a1,0(a4)
    800040aa:	4501                	li	a0,0
    800040ac:	8082                	ret

00000000800040ae <__call_exitprocs>:
    800040ae:	711d                	addi	sp,sp,-96
    800040b0:	f852                	sd	s4,48(sp)
    800040b2:	f456                	sd	s5,40(sp)
    800040b4:	f05a                	sd	s6,32(sp)
    800040b6:	ec5e                	sd	s7,24(sp)
    800040b8:	ec86                	sd	ra,88(sp)
    800040ba:	e8a2                	sd	s0,80(sp)
    800040bc:	e4a6                	sd	s1,72(sp)
    800040be:	e0ca                	sd	s2,64(sp)
    800040c0:	fc4e                	sd	s3,56(sp)
    800040c2:	e862                	sd	s8,16(sp)
    800040c4:	e466                	sd	s9,8(sp)
    800040c6:	8aaa                	mv	s5,a0
    800040c8:	8a2e                	mv	s4,a1
    800040ca:	8b018b13          	addi	s6,gp,-1872 # 80004a50 <__atexit>
    800040ce:	4b85                	li	s7,1
    800040d0:	000b3483          	ld	s1,0(s6)
    800040d4:	cc81                	beqz	s1,800040ec <__call_exitprocs+0x3e>
    800040d6:	4480                	lw	s0,8(s1)
    800040d8:	1104b983          	ld	s3,272(s1)
    800040dc:	fff4091b          	addiw	s2,s0,-1
    800040e0:	040e                	slli	s0,s0,0x3
    800040e2:	00898cb3          	add	s9,s3,s0
    800040e6:	9426                	add	s0,s0,s1
    800040e8:	00095f63          	bgez	s2,80004106 <__call_exitprocs+0x58>
    800040ec:	60e6                	ld	ra,88(sp)
    800040ee:	6446                	ld	s0,80(sp)
    800040f0:	64a6                	ld	s1,72(sp)
    800040f2:	6906                	ld	s2,64(sp)
    800040f4:	79e2                	ld	s3,56(sp)
    800040f6:	7a42                	ld	s4,48(sp)
    800040f8:	7aa2                	ld	s5,40(sp)
    800040fa:	7b02                	ld	s6,32(sp)
    800040fc:	6be2                	ld	s7,24(sp)
    800040fe:	6c42                	ld	s8,16(sp)
    80004100:	6ca2                	ld	s9,8(sp)
    80004102:	6125                	addi	sp,sp,96
    80004104:	8082                	ret
    80004106:	000a0c63          	beqz	s4,8000411e <__call_exitprocs+0x70>
    8000410a:	00099663          	bnez	s3,80004116 <__call_exitprocs+0x68>
    8000410e:	397d                	addiw	s2,s2,-1
    80004110:	1ce1                	addi	s9,s9,-8
    80004112:	1461                	addi	s0,s0,-8
    80004114:	bfd1                	j	800040e8 <__call_exitprocs+0x3a>
    80004116:	0f8cb783          	ld	a5,248(s9)
    8000411a:	ff479ae3          	bne	a5,s4,8000410e <__call_exitprocs+0x60>
    8000411e:	449c                	lw	a5,8(s1)
    80004120:	6418                	ld	a4,8(s0)
    80004122:	37fd                	addiw	a5,a5,-1
    80004124:	03279963          	bne	a5,s2,80004156 <__call_exitprocs+0xa8>
    80004128:	0124a423          	sw	s2,8(s1)
    8000412c:	d36d                	beqz	a4,8000410e <__call_exitprocs+0x60>
    8000412e:	0084ac03          	lw	s8,8(s1)
    80004132:	00098963          	beqz	s3,80004144 <__call_exitprocs+0x96>
    80004136:	2009a783          	lw	a5,512(s3)
    8000413a:	012b96bb          	sllw	a3,s7,s2
    8000413e:	8ff5                	and	a5,a5,a3
    80004140:	2781                	sext.w	a5,a5
    80004142:	ef89                	bnez	a5,8000415c <__call_exitprocs+0xae>
    80004144:	9702                	jalr	a4
    80004146:	4498                	lw	a4,8(s1)
    80004148:	000b3783          	ld	a5,0(s6)
    8000414c:	f98712e3          	bne	a4,s8,800040d0 <__call_exitprocs+0x22>
    80004150:	faf48fe3          	beq	s1,a5,8000410e <__call_exitprocs+0x60>
    80004154:	bfb5                	j	800040d0 <__call_exitprocs+0x22>
    80004156:	00043423          	sd	zero,8(s0)
    8000415a:	bfc9                	j	8000412c <__call_exitprocs+0x7e>
    8000415c:	2049a783          	lw	a5,516(s3)
    80004160:	ff8cb583          	ld	a1,-8(s9)
    80004164:	8ff5                	and	a5,a5,a3
    80004166:	2781                	sext.w	a5,a5
    80004168:	e781                	bnez	a5,80004170 <__call_exitprocs+0xc2>
    8000416a:	8556                	mv	a0,s5
    8000416c:	9702                	jalr	a4
    8000416e:	bfe1                	j	80004146 <__call_exitprocs+0x98>
    80004170:	852e                	mv	a0,a1
    80004172:	9702                	jalr	a4
    80004174:	bfc9                	j	80004146 <__call_exitprocs+0x98>

Disassembly of section .rodata:

0000000080004178 <__tbss_end+0x2>:
    80004178:	6676                	ld	a2,344(sp)
    8000417a:	6970                	ld	a2,208(a0)
    8000417c:	5f64                	lw	s1,124(a4)
    8000417e:	6634                	ld	a3,72(a2)
    80004180:	6320                	ld	s0,64(a4)
    80004182:	6379                	lui	t1,0x1e
    80004184:	656c                	ld	a1,200(a0)
    80004186:	25203a73          	csrrc	s4,0x252,zero
    8000418a:	0a64                	addi	s1,sp,284
    8000418c:	0000                	unimp
    8000418e:	0000                	unimp
    80004190:	2576                	fld	fa0,344(sp)
    80004192:	3a64                	fld	fs1,240(a2)
    80004194:	0000                	unimp
    80004196:	0000                	unimp
    80004198:	2520                	fld	fs0,72(a0)
    8000419a:	0066                	c.slli	zero,0x19
    8000419c:	0000                	unimp
    8000419e:	0000                	unimp
    800041a0:	000a                	c.slli	zero,0x2
    800041a2:	0000                	unimp
    800041a4:	0000                	unimp
    800041a6:	0000                	unimp
    800041a8:	4e49                	li	t3,18
    800041aa:	0046                	c.slli	zero,0x11
    800041ac:	0000                	unimp
    800041ae:	0000                	unimp
    800041b0:	6e69                	lui	t3,0x1a
    800041b2:	0066                	c.slli	zero,0x19
    800041b4:	0000                	unimp
    800041b6:	0000                	unimp
    800041b8:	414e                	lw	sp,208(sp)
    800041ba:	004e                	c.slli	zero,0x13
    800041bc:	0000                	unimp
    800041be:	0000                	unimp
    800041c0:	616e                	ld	sp,216(sp)
    800041c2:	006e                	c.slli	zero,0x1b
    800041c4:	0000                	unimp
    800041c6:	0000                	unimp
    800041c8:	0030                	addi	a2,sp,8
    800041ca:	0000                	unimp
    800041cc:	0000                	unimp
    800041ce:	0000                	unimp
    800041d0:	3130                	fld	fa2,96(a0)
    800041d2:	3332                	fld	ft6,296(sp)
    800041d4:	3534                	fld	fa3,104(a0)
    800041d6:	3736                	fld	fa4,360(sp)
    800041d8:	3938                	fld	fa4,112(a0)
    800041da:	4241                	li	tp,16
    800041dc:	46454443          	.insn	4, 0x46454443
	...
    800041e8:	3130                	fld	fa2,96(a0)
    800041ea:	3332                	fld	ft6,296(sp)
    800041ec:	3534                	fld	fa3,104(a0)
    800041ee:	3736                	fld	fa4,360(sp)
    800041f0:	3938                	fld	fa4,112(a0)
    800041f2:	6261                	lui	tp,0x18
    800041f4:	66656463          	bltu	a0,t1,8000485c <__global_locale+0x64>
	...
    80004200:	6e49                	lui	t3,0x12
    80004202:	6966                	ld	s2,88(sp)
    80004204:	696e                	ld	s2,216(sp)
    80004206:	7974                	ld	a3,240(a0)
	...
    80004210:	614e                	ld	sp,208(sp)
    80004212:	004e                	c.slli	zero,0x13
    80004214:	0000                	unimp
    80004216:	0000                	unimp
    80004218:	4552                	lw	a0,20(sp)
    8000421a:	4e45                	li	t3,17
    8000421c:	2054                	fld	fa3,128(s0)
    8000421e:	616d                	addi	sp,sp,240
    80004220:	6c6c                	ld	a1,216(s0)
    80004222:	7320636f          	jal	t1,8000a954 <__global_pointer$+0x57b4>
    80004226:	6375                	lui	t1,0x1d
    80004228:	64656563          	bltu	a0,t1,80004872 <__global_locale+0x7a>
    8000422c:	6465                	lui	s0,0x19
    8000422e:	0000                	unimp
    80004230:	6d6f682f          	.insn	4, 0x6d6f682f
    80004234:	2f65                	addiw	t5,t5,25
    80004236:	646e6f63          	bltu	t3,t1,80004894 <__global_locale+0x9c>
    8000423a:	2f61                	addiw	t5,t5,24
    8000423c:	6566                	ld	a0,88(sp)
    8000423e:	6465                	lui	s0,0x19
    80004240:	636f7473          	csrrci	s0,0x636,30
    80004244:	6f725f6b          	.insn	4, 0x6f725f6b
    80004248:	622f746f          	jal	s0,800fb86a <__heap_end+0xd686a>
    8000424c:	6975                	lui	s2,0x1d
    8000424e:	646c                	ld	a1,200(s0)
    80004250:	615f 7472 6669      	.insn	6, 0x66697472615f
    80004256:	6361                	lui	t1,0x18
    80004258:	7374                	ld	a3,224(a4)
    8000425a:	7369722f          	.insn	4, 0x7369722f
    8000425e:	742d7663          	bgeu	s10,sp,800049aa <curbrk+0x2>
    80004262:	736c6f6f          	jal	t5,800ca998 <__heap_end+0xa5998>
    80004266:	315f 3137 3130      	.insn	6, 0x31303137315f
    8000426c:	3439                	addiw	s0,s0,-18 # 18fee <__stack_size+0x10fee>
    8000426e:	3236                	fld	ft4,360(sp)
    80004270:	3738                	fld	fa4,104(a4)
    80004272:	3636                	fld	fa2,360(sp)
    80004274:	726f772f          	.insn	4, 0x726f772f
    80004278:	69722f6b          	.insn	4, 0x69722f6b
    8000427c:	2d766373          	csrrsi	t1,0x2d7,12
    80004280:	2d756e67          	.insn	4, 0x2d756e67
    80004284:	6f74                	ld	a3,216(a4)
    80004286:	68636c6f          	jal	s8,8003a90c <__heap_end+0x1590c>
    8000428a:	6961                	lui	s2,0x18
    8000428c:	2f6e                	fld	ft10,216(sp)
    8000428e:	7562                	ld	a0,56(sp)
    80004290:	6c69                	lui	s8,0x1a
    80004292:	2f64                	fld	fs1,216(a4)
    80004294:	2e2e                	fld	ft8,200(sp)
    80004296:	77656e2f          	.insn	4, 0x77656e2f
    8000429a:	696c                	ld	a1,208(a0)
    8000429c:	2f62                	fld	ft10,24(sp)
    8000429e:	656e                	ld	a0,216(sp)
    800042a0:	62696c77          	.insn	4, 0x62696c77
    800042a4:	62696c2f          	.insn	4, 0x62696c2f
    800042a8:	74732f63          	.insn	4, 0x74732f63
    800042ac:	6c64                	ld	s1,216(s0)
    800042ae:	6269                	lui	tp,0x1a
    800042b0:	6f74642f          	.insn	4, 0x6f74642f
    800042b4:	2e61                	addiw	t3,t3,24 # 12018 <__stack_size+0xa018>
    800042b6:	61420063          	beq	tp,s4,800048b6 <__global_locale+0xbe>
    800042ba:	6c6c                	ld	a1,216(s0)
    800042bc:	7320636f          	jal	t1,8000a9ee <__global_pointer$+0x584e>
    800042c0:	6375                	lui	t1,0x1d
    800042c2:	64656563          	bltu	a0,t1,8000490c <__global_locale+0x114>
    800042c6:	6465                	lui	s0,0x19
	...
    800042d0:	6d6f682f          	.insn	4, 0x6d6f682f
    800042d4:	2f65                	addiw	t5,t5,25
    800042d6:	646e6f63          	bltu	t3,t1,80004934 <__global_locale+0x13c>
    800042da:	2f61                	addiw	t5,t5,24
    800042dc:	6566                	ld	a0,88(sp)
    800042de:	6465                	lui	s0,0x19
    800042e0:	636f7473          	csrrci	s0,0x636,30
    800042e4:	6f725f6b          	.insn	4, 0x6f725f6b
    800042e8:	622f746f          	jal	s0,800fb90a <__heap_end+0xd690a>
    800042ec:	6975                	lui	s2,0x1d
    800042ee:	646c                	ld	a1,200(s0)
    800042f0:	615f 7472 6669      	.insn	6, 0x66697472615f
    800042f6:	6361                	lui	t1,0x18
    800042f8:	7374                	ld	a3,224(a4)
    800042fa:	7369722f          	.insn	4, 0x7369722f
    800042fe:	742d7663          	bgeu	s10,sp,80004a4a <initial_env+0x2>
    80004302:	736c6f6f          	jal	t5,800caa38 <__heap_end+0xa5a38>
    80004306:	315f 3137 3130      	.insn	6, 0x31303137315f
    8000430c:	3439                	addiw	s0,s0,-18 # 18fee <__stack_size+0x10fee>
    8000430e:	3236                	fld	ft4,360(sp)
    80004310:	3738                	fld	fa4,104(a4)
    80004312:	3636                	fld	fa2,360(sp)
    80004314:	726f772f          	.insn	4, 0x726f772f
    80004318:	69722f6b          	.insn	4, 0x69722f6b
    8000431c:	2d766373          	csrrsi	t1,0x2d7,12
    80004320:	2d756e67          	.insn	4, 0x2d756e67
    80004324:	6f74                	ld	a3,216(a4)
    80004326:	68636c6f          	jal	s8,8003a9ac <__heap_end+0x159ac>
    8000432a:	6961                	lui	s2,0x18
    8000432c:	2f6e                	fld	ft10,216(sp)
    8000432e:	7562                	ld	a0,56(sp)
    80004330:	6c69                	lui	s8,0x1a
    80004332:	2f64                	fld	fs1,216(a4)
    80004334:	2e2e                	fld	ft8,200(sp)
    80004336:	77656e2f          	.insn	4, 0x77656e2f
    8000433a:	696c                	ld	a1,208(a0)
    8000433c:	2f62                	fld	ft10,24(sp)
    8000433e:	656e                	ld	a0,216(sp)
    80004340:	62696c77          	.insn	4, 0x62696c77
    80004344:	62696c2f          	.insn	4, 0x62696c2f
    80004348:	74732f63          	.insn	4, 0x74732f63
    8000434c:	6c64                	ld	s1,216(s0)
    8000434e:	6269                	lui	tp,0x1a
    80004350:	72706d2f          	.insn	4, 0x72706d2f
    80004354:	6365                	lui	t1,0x19
    80004356:	632e                	ld	t1,200(sp)
	...
    80004360:	2b302d23          	sw	s3,698(zero) # 2ba <__stack_align+0x2aa>
    80004364:	0020                	addi	s0,sp,8
    80004366:	0000                	unimp
    80004368:	6c68                	ld	a0,216(s0)
    8000436a:	004c                	addi	a1,sp,4
    8000436c:	0000                	unimp
    8000436e:	0000                	unimp
    80004370:	6665                	lui	a2,0x19
    80004372:	47464567          	.insn	4, 0x47464567
    80004376:	0000                	unimp
    80004378:	00000043          	fmadd.s	ft0,ft0,ft0,ft0,rne
    8000437c:	0000                	unimp
    8000437e:	0000                	unimp
    80004380:	4f50                	lw	a2,28(a4)
    80004382:	00584953          	fadd.s	fs2,fa6,ft5,rmm
    80004386:	0000                	unimp
    80004388:	002e                	c.slli	zero,0xb
    8000438a:	0000                	unimp
    8000438c:	0000                	unimp
    8000438e:	0000                	unimp
    80004390:	202c                	fld	fa1,64(s0)
    80004392:	7566                	ld	a0,120(sp)
    80004394:	636e                	ld	t1,216(sp)
    80004396:	6974                	ld	a3,208(a0)
    80004398:	203a6e6f          	jal	t3,800aad9a <__heap_end+0x85d9a>
    8000439c:	0000                	unimp
    8000439e:	0000                	unimp
    800043a0:	7361                	lui	t1,0xffff8
    800043a2:	74726573          	csrrsi	a0,0x747,4
    800043a6:	6f69                	lui	t5,0x1a
    800043a8:	206e                	fld	ft0,216(sp)
    800043aa:	2522                	fld	fa0,8(sp)
    800043ac:	66202273          	csrr	tp,0x662
    800043b0:	6961                	lui	s2,0x18
    800043b2:	656c                	ld	a1,200(a0)
    800043b4:	3a64                	fld	fs1,240(a2)
    800043b6:	6620                	ld	s0,72(a2)
    800043b8:	6c69                	lui	s8,0x1a
    800043ba:	2065                	.insn	2, 0x2065
    800043bc:	2522                	fld	fa0,8(sp)
    800043be:	202c2273          	csrrs	tp,0x202,s8
    800043c2:	696c                	ld	a1,208(a0)
    800043c4:	656e                	ld	a0,216(sp)
    800043c6:	2520                	fld	fs0,72(a0)
    800043c8:	2564                	fld	fs1,200(a0)
    800043ca:	0a732573          	csrrs	a0,0xa7,t1
    800043ce:	0000                	unimp
    800043d0:	0000                	unimp
    800043d2:	3f80                	fld	fs0,56(a5)
    800043d4:	0000                	unimp
    800043d6:	4000                	lw	s0,0(s0)
    800043d8:	0000                	unimp
    800043da:	4040                	lw	s0,4(s0)
    800043dc:	0000                	unimp
    800043de:	4080                	lw	s0,0(s1)
    800043e0:	0000                	unimp
    800043e2:	40a0                	lw	s0,64(s1)
    800043e4:	0000                	unimp
    800043e6:	40c0                	lw	s0,4(s1)
    800043e8:	0000                	unimp
    800043ea:	40e0                	lw	s0,68(s1)
    800043ec:	0000                	unimp
    800043ee:	4100                	lw	s0,0(a0)
    800043f0:	0000                	unimp
    800043f2:	4130                	lw	a2,64(a0)
    800043f4:	0000                	unimp
    800043f6:	4140                	lw	s0,4(a0)
    800043f8:	0000                	unimp
    800043fa:	4150                	lw	a2,4(a0)
    800043fc:	0000                	unimp
    800043fe:	4160                	lw	s0,68(a0)
    80004400:	0000                	unimp
    80004402:	4170                	lw	a2,68(a0)
    80004404:	0000                	unimp
    80004406:	4180                	lw	s0,0(a1)
    80004408:	0000                	unimp
    8000440a:	4188                	lw	a0,0(a1)
    8000440c:	0000                	unimp
    8000440e:	4190                	lw	a2,0(a1)
    80004410:	0000                	unimp
    80004412:	41a8                	lw	a0,64(a1)
    80004414:	0000                	unimp
    80004416:	41b0                	lw	a2,64(a1)
    80004418:	0000                	unimp
    8000441a:	41b8                	lw	a4,64(a1)
    8000441c:	0000                	unimp
    8000441e:	41c0                	lw	s0,4(a1)
    80004420:	0000                	unimp
    80004422:	41c8                	lw	a0,4(a1)
    80004424:	0000                	unimp
    80004426:	41d0                	lw	a2,4(a1)
    80004428:	0000                	unimp
    8000442a:	41d8                	lw	a4,4(a1)
    8000442c:	0000                	unimp
    8000442e:	41e0                	lw	s0,68(a1)
    80004430:	0000                	unimp
    80004432:	41f8                	lw	a4,68(a1)
    80004434:	0000                	unimp
    80004436:	4200                	lw	s0,0(a2)
    80004438:	0000                	unimp
    8000443a:	4204                	lw	s1,0(a2)
    8000443c:	0000                	unimp
    8000443e:	4208                	lw	a0,0(a2)
    80004440:	0000                	unimp
    80004442:	420c                	lw	a1,0(a2)
    80004444:	0000                	unimp
    80004446:	4210                	lw	a2,0(a2)
    80004448:	0000                	unimp
    8000444a:	4214                	lw	a3,0(a2)
    8000444c:	0000                	unimp
    8000444e:	4218                	lw	a4,0(a2)
    80004450:	c6ee                	sw	s11,76(sp)
    80004452:	ffff                	.insn	2, 0xffff
    80004454:	c704                	sw	s1,8(a4)
    80004456:	ffff                	.insn	2, 0xffff
    80004458:	c6c4                	sw	s1,12(a3)
    8000445a:	ffff                	.insn	2, 0xffff
    8000445c:	c6c4                	sw	s1,12(a3)
    8000445e:	ffff                	.insn	2, 0xffff
    80004460:	c6c4                	sw	s1,12(a3)
    80004462:	ffff                	.insn	2, 0xffff
    80004464:	c6c4                	sw	s1,12(a3)
    80004466:	ffff                	.insn	2, 0xffff
    80004468:	c704                	sw	s1,8(a4)
    8000446a:	ffff                	.insn	2, 0xffff
    8000446c:	c6c4                	sw	s1,12(a3)
    8000446e:	ffff                	.insn	2, 0xffff
    80004470:	c6c4                	sw	s1,12(a3)
    80004472:	ffff                	.insn	2, 0xffff
    80004474:	c6c4                	sw	s1,12(a3)
    80004476:	ffff                	.insn	2, 0xffff
    80004478:	c6c4                	sw	s1,12(a3)
    8000447a:	ffff                	.insn	2, 0xffff
    8000447c:	c864                	sw	s1,84(s0)
    8000447e:	ffff                	.insn	2, 0xffff
    80004480:	c746                	sw	a7,140(sp)
    80004482:	ffff                	.insn	2, 0xffff
    80004484:	c800                	sw	s0,16(s0)
    80004486:	ffff                	.insn	2, 0xffff
    80004488:	c6c4                	sw	s1,12(a3)
    8000448a:	ffff                	.insn	2, 0xffff
    8000448c:	c6c4                	sw	s1,12(a3)
    8000448e:	ffff                	.insn	2, 0xffff
    80004490:	c898                	sw	a4,16(s1)
    80004492:	ffff                	.insn	2, 0xffff
    80004494:	c6c4                	sw	s1,12(a3)
    80004496:	ffff                	.insn	2, 0xffff
    80004498:	c746                	sw	a7,140(sp)
    8000449a:	ffff                	.insn	2, 0xffff
    8000449c:	c6c4                	sw	s1,12(a3)
    8000449e:	ffff                	.insn	2, 0xffff
    800044a0:	c6c4                	sw	s1,12(a3)
    800044a2:	ffff                	.insn	2, 0xffff
    800044a4:	c808                	sw	a0,16(s0)
    800044a6:	ffff                	.insn	2, 0xffff

00000000800044a8 <p05.0>:
    800044a8:	0005                	c.nop	1
    800044aa:	0000                	unimp
    800044ac:	0019                	c.nop	6
    800044ae:	0000                	unimp
    800044b0:	007d                	c.nop	31
    800044b2:	0000                	unimp
    800044b4:	0000                	unimp
	...

00000000800044b8 <__mprec_tinytens>:
    800044b8:	89bc                	.insn	2, 0x89bc
    800044ba:	97d8                	.insn	2, 0x97d8
    800044bc:	d2b2                	sw	a2,100(sp)
    800044be:	3c9c                	fld	fa5,56(s1)
    800044c0:	d5a8a733          	.insn	4, 0xd5a8a733
    800044c4:	3949f623          	.insn	4, 0x3949f623
    800044c8:	a73d                	j	80004bf6 <__sf+0x19e>
    800044ca:	44f4                	lw	a3,76(s1)
    800044cc:	0ffd                	addi	t6,t6,31
    800044ce:	32a5                	addiw	t0,t0,-23
    800044d0:	979d                	srai	a5,a5,0x27
    800044d2:	cf8c                	sw	a1,24(a5)
    800044d4:	ba08                	fsd	fa0,48(a2)
    800044d6:	6f43255b          	.insn	4, 0x6f43255b
    800044da:	64ac                	ld	a1,72(s1)
    800044dc:	0628                	addi	a0,sp,776
    800044de:	0ac8                	addi	a0,sp,340

00000000800044e0 <__mprec_bigtens>:
    800044e0:	8000                	.insn	2, 0x8000
    800044e2:	37e0                	fld	fs0,232(a5)
    800044e4:	c379                	beqz	a4,800045aa <__mprec_tens+0xa2>
    800044e6:	4341                	li	t1,16
    800044e8:	b5056e17          	auipc	t3,0xb5056
    800044ec:	b8b5                	j	80003d68 <__trunctfdf2+0x18c>
    800044ee:	f9f54693          	xori	a3,a0,-97
    800044f2:	4f03e93f 1d324d38 	.insn	8, 0x1d324d384f03e93f
    800044fa:	f930                	sd	a2,112(a0)
    800044fc:	7748                	ld	a0,168(a4)
    800044fe:	5a82                	lw	s5,32(sp)
    80004500:	bf3c                	fsd	fa5,120(a4)
    80004502:	4fdd7f73          	csrrci	t5,0x4fd,26
    80004506:	7515                	lui	a0,0xfffe5

0000000080004508 <__mprec_tens>:
    80004508:	0000                	unimp
    8000450a:	0000                	unimp
    8000450c:	0000                	unimp
    8000450e:	3ff0                	fld	fa2,248(a5)
    80004510:	0000                	unimp
    80004512:	0000                	unimp
    80004514:	0000                	unimp
    80004516:	4024                	lw	s1,64(s0)
    80004518:	0000                	unimp
    8000451a:	0000                	unimp
    8000451c:	0000                	unimp
    8000451e:	4059                	c.li	zero,22
    80004520:	0000                	unimp
    80004522:	0000                	unimp
    80004524:	4000                	lw	s0,0(s0)
    80004526:	0000408f          	.insn	4, 0x408f
    8000452a:	0000                	unimp
    8000452c:	8800                	.insn	2, 0x8800
    8000452e:	000040c3          	fmadd.s	ft1,ft0,ft0,ft0,rmm
    80004532:	0000                	unimp
    80004534:	6a00                	ld	s0,16(a2)
    80004536:	40f8                	lw	a4,68(s1)
    80004538:	0000                	unimp
    8000453a:	0000                	unimp
    8000453c:	8480                	.insn	2, 0x8480
    8000453e:	412e                	lw	sp,200(sp)
    80004540:	0000                	unimp
    80004542:	0000                	unimp
    80004544:	12d0                	addi	a2,sp,356
    80004546:	00004163          	bltz	zero,80004548 <__mprec_tens+0x40>
    8000454a:	0000                	unimp
    8000454c:	d784                	sw	s1,40(a5)
    8000454e:	00004197          	auipc	gp,0x4
    80004552:	0000                	unimp
    80004554:	cd65                	beqz	a0,8000464c <_ctype_+0x7c>
    80004556:	41cd                	li	gp,19
    80004558:	0000                	unimp
    8000455a:	2000                	fld	fs0,0(s0)
    8000455c:	a05f 4202 0000      	.insn	6, 0x4202a05f
    80004562:	e800                	sd	s0,16(s0)
    80004564:	4876                	lw	a6,92(sp)
    80004566:	00004237          	lui	tp,0x4
    8000456a:	a200                	fsd	fs0,0(a2)
    8000456c:	1a94                	addi	a3,sp,368
    8000456e:	426d                	li	tp,27
    80004570:	0000                	unimp
    80004572:	e540                	sd	s0,136(a0)
    80004574:	309c                	fld	fa5,32(s1)
    80004576:	42a2                	lw	t0,8(sp)
    80004578:	0000                	unimp
    8000457a:	1e90                	addi	a2,sp,880
    8000457c:	bcc4                	fsd	fs1,184(s1)
    8000457e:	42d6                	lw	t0,84(sp)
    80004580:	0000                	unimp
    80004582:	2634                	fld	fa3,72(a2)
    80004584:	6bf5                	lui	s7,0x1d
    80004586:	430c                	lw	a1,0(a4)
    80004588:	8000                	.insn	2, 0x8000
    8000458a:	37e0                	fld	fs0,232(a5)
    8000458c:	c379                	beqz	a4,80004652 <_ctype_+0x82>
    8000458e:	4341                	li	t1,16
    80004590:	a000                	fsd	fs0,0(s0)
    80004592:	85d8                	.insn	2, 0x85d8
    80004594:	43763457          	.insn	4, 0x43763457
    80004598:	c800                	sw	s0,16(s0)
    8000459a:	674e                	ld	a4,208(sp)
    8000459c:	c16d                	beqz	a0,8000467e <_ctype_+0xae>
    8000459e:	3d0043ab          	.insn	4, 0x3d0043ab
    800045a2:	6091                	lui	ra,0x4
    800045a4:	58e4                	lw	s1,116(s1)
    800045a6:	43e1                	li	t2,24
    800045a8:	8c40                	.insn	2, 0x8c40
    800045aa:	78b5                	lui	a7,0xfffed
    800045ac:	af1d                	j	80004ce2 <__atexit0+0x72>
    800045ae:	4415                	li	s0,5
    800045b0:	ef50                	sd	a2,152(a4)
    800045b2:	d6e2                	sw	s8,108(sp)
    800045b4:	1ae4                	addi	s1,sp,380
    800045b6:	d592444b          	.insn	4, 0xd592444b
    800045ba:	064d                	addi	a2,a2,19 # 19013 <__stack_size+0x11013>
    800045bc:	4480f0cf          	.insn	4, 0x4480f0cf
    800045c0:	4af6                	lw	s5,92(sp)
    800045c2:	c7e1                	beqz	a5,8000468a <_ctype_+0xba>
    800045c4:	2d02                	fld	fs10,0(sp)
    800045c6:	44b5                	li	s1,13
    800045c8:	9db4                	.insn	2, 0x9db4
    800045ca:	79d9                	lui	s3,0xffff6
    800045cc:	44ea7843          	.insn	4, 0x44ea7843

00000000800045d0 <_ctype_>:
    800045d0:	2000                	fld	fs0,0(s0)
    800045d2:	2020                	fld	fs0,64(s0)
    800045d4:	2020                	fld	fs0,64(s0)
    800045d6:	2020                	fld	fs0,64(s0)
    800045d8:	2020                	fld	fs0,64(s0)
    800045da:	2828                	fld	fa0,80(s0)
    800045dc:	2828                	fld	fa0,80(s0)
    800045de:	2028                	fld	fa0,64(s0)
    800045e0:	2020                	fld	fs0,64(s0)
    800045e2:	2020                	fld	fs0,64(s0)
    800045e4:	2020                	fld	fs0,64(s0)
    800045e6:	2020                	fld	fs0,64(s0)
    800045e8:	2020                	fld	fs0,64(s0)
    800045ea:	2020                	fld	fs0,64(s0)
    800045ec:	2020                	fld	fs0,64(s0)
    800045ee:	2020                	fld	fs0,64(s0)
    800045f0:	8820                	.insn	2, 0x8820
    800045f2:	1010                	addi	a2,sp,32
    800045f4:	1010                	addi	a2,sp,32
    800045f6:	1010                	addi	a2,sp,32
    800045f8:	1010                	addi	a2,sp,32
    800045fa:	1010                	addi	a2,sp,32
    800045fc:	1010                	addi	a2,sp,32
    800045fe:	1010                	addi	a2,sp,32
    80004600:	0410                	addi	a2,sp,512
    80004602:	0404                	addi	s1,sp,512
    80004604:	0404                	addi	s1,sp,512
    80004606:	0404                	addi	s1,sp,512
    80004608:	0404                	addi	s1,sp,512
    8000460a:	1004                	addi	s1,sp,32
    8000460c:	1010                	addi	a2,sp,32
    8000460e:	1010                	addi	a2,sp,32
    80004610:	1010                	addi	a2,sp,32
    80004612:	4141                	li	sp,16
    80004614:	4141                	li	sp,16
    80004616:	4141                	li	sp,16
    80004618:	0101                	addi	sp,sp,0
    8000461a:	0101                	addi	sp,sp,0
    8000461c:	0101                	addi	sp,sp,0
    8000461e:	0101                	addi	sp,sp,0
    80004620:	0101                	addi	sp,sp,0
    80004622:	0101                	addi	sp,sp,0
    80004624:	0101                	addi	sp,sp,0
    80004626:	0101                	addi	sp,sp,0
    80004628:	0101                	addi	sp,sp,0
    8000462a:	0101                	addi	sp,sp,0
    8000462c:	1010                	addi	a2,sp,32
    8000462e:	1010                	addi	a2,sp,32
    80004630:	1010                	addi	a2,sp,32
    80004632:	4242                	lw	tp,16(sp)
    80004634:	4242                	lw	tp,16(sp)
    80004636:	4242                	lw	tp,16(sp)
    80004638:	0202                	c.slli64	tp
    8000463a:	0202                	c.slli64	tp
    8000463c:	0202                	c.slli64	tp
    8000463e:	0202                	c.slli64	tp
    80004640:	0202                	c.slli64	tp
    80004642:	0202                	c.slli64	tp
    80004644:	0202                	c.slli64	tp
    80004646:	0202                	c.slli64	tp
    80004648:	0202                	c.slli64	tp
    8000464a:	0202                	c.slli64	tp
    8000464c:	1010                	addi	a2,sp,32
    8000464e:	1010                	addi	a2,sp,32
    80004650:	0020                	addi	s0,sp,8
	...

00000000800046d8 <argv>:
    800046d8:	46e8                	lw	a0,76(a3)
    800046da:	8000                	.insn	2, 0x8000
	...

00000000800046e8 <name>:
    800046e8:	70696863          	bltu	s2,t1,80004df8 <_end+0x70>
    800046ec:	6179                	addi	sp,sp,464
    800046ee:	6472                	ld	s0,280(sp)
	...

Disassembly of section .eh_frame:

00000000800046f8 <.eh_frame>:
    800046f8:	0010                	.insn	2, 0x0010
    800046fa:	0000                	unimp
    800046fc:	0000                	unimp
    800046fe:	0000                	unimp
    80004700:	00527a03          	.insn	4, 0x00527a03
    80004704:	7c01                	lui	s8,0xfffe0
    80004706:	0101                	addi	sp,sp,0
    80004708:	00020d1b          	sext.w	s10,tp
    8000470c:	0010                	.insn	2, 0x0010
    8000470e:	0000                	unimp
    80004710:	0018                	.insn	2, 0x0018
    80004712:	0000                	unimp
    80004714:	b8ec                	fsd	fa1,240(s1)
    80004716:	ffff                	.insn	2, 0xffff
    80004718:	0144                	addi	s1,sp,132
    8000471a:	0000                	unimp
    8000471c:	0000                	unimp
	...

Disassembly of section .htif:

0000000080004740 <tohost>:
	...

0000000080004748 <fromhost>:
	...

Disassembly of section .data._impure_data:

0000000080004750 <_impure_data>:
	...
    80004758:	4a58                	lw	a4,20(a2)
    8000475a:	8000                	.insn	2, 0x8000
    8000475c:	0000                	unimp
    8000475e:	0000                	unimp
    80004760:	4b08                	lw	a0,16(a4)
    80004762:	8000                	.insn	2, 0x8000
    80004764:	0000                	unimp
    80004766:	0000                	unimp
    80004768:	4bb8                	lw	a4,80(a5)
    8000476a:	8000                	.insn	2, 0x8000
	...

Disassembly of section .data.__sglue:

00000000800047e0 <__sglue>:
	...
    800047e8:	00000003          	lb	zero,0(zero) # 0 <__boot_hart>
    800047ec:	0000                	unimp
    800047ee:	0000                	unimp
    800047f0:	4a58                	lw	a4,20(a2)
    800047f2:	8000                	.insn	2, 0x8000
    800047f4:	0000                	unimp
	...

Disassembly of section .data.__global_locale:

00000000800047f8 <__global_locale>:
    800047f8:	00000043          	fmadd.s	ft0,ft0,ft0,ft0,rne
	...
    80004818:	00000043          	fmadd.s	ft0,ft0,ft0,ft0,rne
	...
    80004838:	00000043          	fmadd.s	ft0,ft0,ft0,ft0,rne
	...
    80004858:	00000043          	fmadd.s	ft0,ft0,ft0,ft0,rne
	...
    80004878:	00000043          	fmadd.s	ft0,ft0,ft0,ft0,rne
	...
    80004898:	00000043          	fmadd.s	ft0,ft0,ft0,ft0,rne
	...
    800048b8:	00000043          	fmadd.s	ft0,ft0,ft0,ft0,rne
	...
    800048d8:	36cc                	fld	fa1,168(a3)
    800048da:	8000                	.insn	2, 0x8000
    800048dc:	0000                	unimp
    800048de:	0000                	unimp
    800048e0:	3608                	fld	fa0,40(a2)
    800048e2:	8000                	.insn	2, 0x8000
	...
    800048f0:	45d0                	lw	a2,12(a1)
    800048f2:	8000                	.insn	2, 0x8000
    800048f4:	0000                	unimp
    800048f6:	0000                	unimp
    800048f8:	4388                	lw	a0,0(a5)
    800048fa:	8000                	.insn	2, 0x8000
    800048fc:	0000                	unimp
    800048fe:	0000                	unimp
    80004900:	41e0                	lw	s0,68(a1)
    80004902:	8000                	.insn	2, 0x8000
    80004904:	0000                	unimp
    80004906:	0000                	unimp
    80004908:	41e0                	lw	s0,68(a1)
    8000490a:	8000                	.insn	2, 0x8000
    8000490c:	0000                	unimp
    8000490e:	0000                	unimp
    80004910:	41e0                	lw	s0,68(a1)
    80004912:	8000                	.insn	2, 0x8000
    80004914:	0000                	unimp
    80004916:	0000                	unimp
    80004918:	41e0                	lw	s0,68(a1)
    8000491a:	8000                	.insn	2, 0x8000
    8000491c:	0000                	unimp
    8000491e:	0000                	unimp
    80004920:	41e0                	lw	s0,68(a1)
    80004922:	8000                	.insn	2, 0x8000
    80004924:	0000                	unimp
    80004926:	0000                	unimp
    80004928:	41e0                	lw	s0,68(a1)
    8000492a:	8000                	.insn	2, 0x8000
    8000492c:	0000                	unimp
    8000492e:	0000                	unimp
    80004930:	41e0                	lw	s0,68(a1)
    80004932:	8000                	.insn	2, 0x8000
    80004934:	0000                	unimp
    80004936:	0000                	unimp
    80004938:	41e0                	lw	s0,68(a1)
    8000493a:	8000                	.insn	2, 0x8000
    8000493c:	0000                	unimp
    8000493e:	0000                	unimp
    80004940:	41e0                	lw	s0,68(a1)
    80004942:	8000                	.insn	2, 0x8000
    80004944:	0000                	unimp
    80004946:	0000                	unimp
    80004948:	ffff                	.insn	2, 0xffff
    8000494a:	ffff                	.insn	2, 0xffff
    8000494c:	ffff                	.insn	2, 0xffff
    8000494e:	ffff                	.insn	2, 0xffff
    80004950:	ffff                	.insn	2, 0xffff
    80004952:	ffff                	.insn	2, 0xffff
    80004954:	ffff                	.insn	2, 0xffff
    80004956:	0000                	unimp
    80004958:	0001                	nop
    8000495a:	5341                	li	t1,-16
    8000495c:	00494943          	fmadd.s	fs2,fs2,ft4,ft0,rmm
	...
    80004978:	0000                	unimp
    8000497a:	5341                	li	t1,-16
    8000497c:	00494943          	fmadd.s	fs2,fs2,ft4,ft0,rmm
	...

Disassembly of section .sdata:

00000000800049a0 <_impure_ptr>:
    800049a0:	4750                	lw	a2,12(a4)
    800049a2:	8000                	.insn	2, 0x8000
    800049a4:	0000                	unimp
	...

00000000800049a8 <curbrk>:
    800049a8:	4d88                	lw	a0,24(a1)
    800049aa:	8000                	.insn	2, 0x8000
    800049ac:	0000                	unimp
	...

00000000800049b0 <environ>:
    800049b0:	4a48                	lw	a0,20(a2)
    800049b2:	8000                	.insn	2, 0x8000
    800049b4:	0000                	unimp
	...

00000000800049b8 <__atexit_dummy>:
    800049b8:	40ae                	lw	ra,200(sp)
    800049ba:	8000                	.insn	2, 0x8000
    800049bc:	0000                	unimp
    800049be:	0000                	unimp
    800049c0:	ffff                	.insn	2, 0xffff
    800049c2:	ffff                	.insn	2, 0xffff
    800049c4:	ffff                	.insn	2, 0xffff
    800049c6:	00007fef          	jal	t6,8000b9c6 <__global_pointer$+0x6826>
    800049ca:	0000                	unimp
    800049cc:	0000                	unimp
    800049ce:	3ff8                	fld	fa4,248(a5)
    800049d0:	4361                	li	t1,24
    800049d2:	87a7636f          	jal	t1,7ff7aa4c <__heap_size+0x7ff5aa4c>
    800049d6:	3fd2                	fld	ft11,304(sp)
    800049d8:	8b60c8b3          	.insn	4, 0x8b60c8b3
    800049dc:	8a28                	.insn	2, 0x8a28
    800049de:	3fc6                	fld	ft11,112(sp)
    800049e0:	509f79fb          	.insn	4, 0x509f79fb
    800049e4:	3fd34413          	xori	s0,t1,1021
    800049e8:	0000                	unimp
    800049ea:	0000                	unimp
    800049ec:	0000                	unimp
    800049ee:	3ff0                	fld	fa2,248(a5)
    800049f0:	0000                	unimp
    800049f2:	0000                	unimp
    800049f4:	0000                	unimp
    800049f6:	4024                	lw	s1,64(s0)
    800049f8:	0000                	unimp
    800049fa:	0000                	unimp
    800049fc:	0000                	unimp
    800049fe:	401c                	lw	a5,0(s0)
    80004a00:	0000                	unimp
    80004a02:	0000                	unimp
    80004a04:	0000                	unimp
    80004a06:	4014                	lw	a3,0(s0)
    80004a08:	0000                	unimp
    80004a0a:	0000                	unimp
    80004a0c:	0000                	unimp
    80004a0e:	3fe0                	fld	fs0,248(a5)
    80004a10:	cccd                	beqz	s1,80004aca <__sf+0x72>
    80004a12:	3dcc                	fld	fa1,184(a1)

Disassembly of section .debug_info:

0000000000000000 <.debug_info>:
       0:	0248                	addi	a0,sp,260
       2:	0000                	unimp
       4:	0005                	c.nop	1
       6:	0801                	addi	a6,a6,0
       8:	0000                	unimp
       a:	0000                	unimp
       c:	0009                	c.nop	2
       e:	0000                	unimp
      10:	0c00                	addi	s0,sp,528
      12:	0000                	unimp
      14:	0000                	unimp
      16:	0040                	addi	s0,sp,4
      18:	0000                	unimp
      1a:	001c                	.insn	2, 0x001c
	...
      28:	0000                	unimp
      2a:	0101                	addi	sp,sp,0
      2c:	f206                	sd	ra,288(sp)
      2e:	0000                	unimp
      30:	0100                	addi	s0,sp,128
      32:	0801                	addi	a6,a6,0
      34:	00f0                	addi	a2,sp,76
      36:	0000                	unimp
      38:	0201                	addi	tp,tp,0 # 4000 <__stack_align+0x3ff0>
      3a:	6305                	lui	t1,0x1
      3c:	0001                	nop
      3e:	0100                	addi	s0,sp,128
      40:	0702                	c.slli64	a4
      42:	00000107          	.insn	4, 0x0107
      46:	040a                	slli	s0,s0,0x2
      48:	6905                	lui	s2,0x1
      4a:	746e                	ld	s0,248(sp)
      4c:	0700                	addi	s0,sp,896
      4e:	0046                	c.slli	zero,0x11
      50:	0000                	unimp
      52:	0401                	addi	s0,s0,0
      54:	00014807          	.insn	4, 0x00014807
      58:	0100                	addi	s0,sp,128
      5a:	0508                	addi	a0,sp,640
      5c:	015a                	slli	sp,sp,0x16
      5e:	0000                	unimp
      60:	0801                	addi	a6,a6,0
      62:	00014307          	.insn	4, 0x00014307
      66:	0100                	addi	s0,sp,128
      68:	0508                	addi	a0,sp,640
      6a:	0155                	addi	sp,sp,21
      6c:	0000                	unimp
      6e:	0101                	addi	sp,sp,0
      70:	f908                	sd	a0,48(a0)
      72:	0000                	unimp
      74:	0700                	addi	s0,sp,896
      76:	006e                	c.slli	zero,0x1b
      78:	0000                	unimp
      7a:	7508                	ld	a0,40(a0)
      7c:	0000                	unimp
      7e:	0b00                	addi	s0,sp,400
      80:	007a                	c.slli	zero,0x1e
      82:	0000                	unimp
      84:	0801                	addi	a6,a6,0
      86:	00013e07          	fld	ft8,0(sp)
      8a:	0c00                	addi	s0,sp,528
      8c:	0120                	addi	s0,sp,136
      8e:	0904                	addi	s1,sp,144
      90:	00ea                	slli	ra,ra,0x1a
      92:	0000                	unimp
      94:	3502                	fld	fa0,32(sp)
      96:	0001                	nop
      98:	0500                	addi	s0,sp,640
      9a:	00ea                	slli	ra,ra,0x1a
      9c:	0000                	unimp
      9e:	0200                	addi	s0,sp,256
      a0:	00e0                	addi	s0,sp,76
      a2:	0000                	unimp
      a4:	ea06                	sd	ra,272(sp)
      a6:	0000                	unimp
      a8:	0400                	addi	s0,sp,512
      aa:	4b05                	li	s6,1
      ac:	0070                	addi	a2,sp,12
      ae:	0000ea0b          	.insn	4, 0xea0b
      b2:	0800                	addi	s0,sp,16
      b4:	4b05                	li	s6,1
      b6:	0069                	c.nop	26
      b8:	0000ea0f          	.insn	4, 0xea0f
      bc:	0c00                	addi	s0,sp,528
      be:	4b05                	li	s6,1
      c0:	0064                	addi	s1,sp,12
      c2:	0000ea13          	ori	s4,ra,0
      c6:	1000                	addi	s0,sp,32
      c8:	2302                	fld	ft6,0(sp)
      ca:	0001                	nop
      cc:	0800                	addi	s0,sp,16
      ce:	00ea                	slli	ra,ra,0x1a
      d0:	0000                	unimp
      d2:	0214                	addi	a3,sp,256
      d4:	012a                	slli	sp,sp,0xa
      d6:	0000                	unimp
      d8:	ea09                	bnez	a2,ea <__stack_align+0xda>
      da:	0000                	unimp
      dc:	1800                	addi	s0,sp,48
      de:	6d02                	ld	s10,0(sp)
      e0:	0001                	nop
      e2:	0a00                	addi	s0,sp,272
      e4:	00ea                	slli	ra,ra,0x1a
      e6:	0000                	unimp
      e8:	001c                	.insn	2, 0x001c
      ea:	0401                	addi	s0,s0,0
      ec:	ea04                	sd	s1,16(a2)
      ee:	0000                	unimp
      f0:	0d00                	addi	s0,sp,656
      f2:	011a                	slli	sp,sp,0x6
      f4:	0000                	unimp
      f6:	0b01                	addi	s6,s6,0
      f8:	00008b03          	lb	s6,0(ra) # 4000 <__stack_align+0x3ff0>
      fc:	0e00                	addi	s0,sp,784
      fe:	00d9                	addi	ra,ra,22
     100:	0000                	unimp
     102:	ce02                	sw	zero,28(sp)
     104:	4605                	li	a2,1
     106:	0000                	unimp
     108:	1400                	addi	s0,sp,544
     10a:	0001                	nop
     10c:	0f00                	addi	s0,sp,912
     10e:	007f 0000 0010 7911 	.insn	10, 0x0006791100100000007f
     116:	0006 
     118:	0100                	addi	s0,sp,128
     11a:	050d                	addi	a0,a0,3 # fffffffffffe5003 <__heap_end+0xffffffff7ffc0003>
     11c:	0046                	c.slli	zero,0x11
     11e:	0000                	unimp
     120:	0230                	addi	a2,sp,264
     122:	8000                	.insn	2, 0x8000
     124:	0000                	unimp
     126:	0000                	unimp
     128:	016c                	addi	a1,sp,140
     12a:	0000                	unimp
     12c:	0000                	unimp
     12e:	0000                	unimp
     130:	9c01                	subw	s0,s0,s0
     132:	0236                	slli	tp,tp,0xd
     134:	0000                	unimp
     136:	4e12                	lw	t3,4(sp)
     138:	0100                	addi	s0,sp,128
     13a:	0f0e                	slli	t5,t5,0x3
     13c:	004d                	c.nop	19
     13e:	0000                	unimp
     140:	1304                	addi	s1,sp,416
     142:	00fe                	slli	ra,ra,0x1f
     144:	0000                	unimp
     146:	0f01                	addi	t5,t5,0 # 1a000 <__stack_size+0x12000>
     148:	360e                	fld	fa2,224(sp)
     14a:	0002                	c.slli64	zero
     14c:	0300                	addi	s0,sp,384
     14e:	c091                	beqz	s1,152 <__stack_align+0x142>
     150:	147e                	slli	s0,s0,0x3f
     152:	7464                	ld	s1,232(s0)
     154:	0100                	addi	s0,sp,128
     156:	0b15                	addi	s6,s6,5
     158:	00ea                	slli	ra,ra,0x1a
     15a:	0000                	unimp
     15c:	7ebc9103          	lh	sp,2027(s9)
     160:	6a15                	lui	s4,0x5
     162:	0006                	c.slli	zero,0x1
     164:	0100                	addi	s0,sp,128
     166:	0916                	slli	s2,s2,0x5
     168:	0046                	c.slli	zero,0x11
     16a:	0000                	unimp
     16c:	000c                	.insn	2, 0x000c
     16e:	0000                	unimp
     170:	646e6503          	lwu	a0,1606(t3) # 3505ab2e <__heap_size+0x3503ab2e>
     174:	1600                	addi	s0,sp,800
     176:	4610                	lw	a2,8(a2)
     178:	0000                	unimp
     17a:	1900                	addi	s0,sp,176
     17c:	0000                	unimp
     17e:	0300                	addi	s0,sp,384
     180:	0061                	c.nop	24
     182:	0935                	addi	s2,s2,13 # 100d <__stack_align+0xffd>
     184:	0046                	c.slli	zero,0x11
     186:	0000                	unimp
     188:	0026                	c.slli	zero,0x9
     18a:	0000                	unimp
     18c:	00707603          	.insn	4, 0x00707603
     190:	0c39                	addi	s8,s8,14 # fffffffffffe000e <__heap_end+0xffffffff7ffbb00e>
     192:	0246                	slli	tp,tp,0x11
     194:	0000                	unimp
     196:	0038                	addi	a4,sp,8
     198:	0000                	unimp
     19a:	0c16                	slli	s8,s8,0x5
     19c:	00800003          	lb	zero,8(zero) # 8 <__boot_hart+0x8>
     1a0:	0000                	unimp
     1a2:	6400                	ld	s0,8(s0)
     1a4:	0000                	unimp
     1a6:	0000                	unimp
     1a8:	0000                	unimp
     1aa:	1a00                	addi	s0,sp,304
     1ac:	0002                	c.slli64	zero
     1ae:	0300                	addi	s0,sp,384
     1b0:	0076                	c.slli	zero,0x1d
     1b2:	0e3a                	slli	t3,t3,0xe
     1b4:	0046                	c.slli	zero,0x11
     1b6:	0000                	unimp
     1b8:	0055                	c.nop	21
     1ba:	0000                	unimp
     1bc:	00000c17          	auipc	s8,0x0
     1c0:	e700                	sd	s0,8(a4)
     1c2:	0001                	nop
     1c4:	0300                	addi	s0,sp,384
     1c6:	0065                	c.nop	25
     1c8:	123c                	addi	a5,sp,296
     1ca:	0046                	c.slli	zero,0x11
     1cc:	0000                	unimp
     1ce:	006a                	c.slli	zero,0x1a
     1d0:	0000                	unimp
     1d2:	5c06                	lw	s8,96(sp)
     1d4:	00800003          	lb	zero,8(zero) # 8 <__boot_hart+0x8>
     1d8:	0000                	unimp
     1da:	fd00                	sd	s0,56(a0)
     1dc:	0000                	unimp
     1de:	0400                	addi	s0,sp,512
     1e0:	5a01                	li	s4,-32
     1e2:	8202                	jr	tp
     1e4:	0000                	unimp
     1e6:	1800                	addi	s0,sp,48
     1e8:	0340                	addi	s0,sp,388
     1ea:	8000                	.insn	2, 0x8000
     1ec:	0000                	unimp
     1ee:	0000                	unimp
     1f0:	00fd                	addi	ra,ra,31
     1f2:	0000                	unimp
     1f4:	0205                	addi	tp,tp,1 # 1 <__boot_hart+0x1>
     1f6:	0000                	unimp
     1f8:	0104                	addi	s1,sp,128
     1fa:	025a                	slli	tp,tp,0x16
     1fc:	0086                	slli	ra,ra,0x1
     1fe:	0104                	addi	s1,sp,128
     200:	0083025b          	.insn	4, 0x0083025b
     204:	0600                	addi	s0,sp,768
     206:	0368                	addi	a0,sp,396
     208:	8000                	.insn	2, 0x8000
     20a:	0000                	unimp
     20c:	0000                	unimp
     20e:	00fd                	addi	ra,ra,31
     210:	0000                	unimp
     212:	0104                	addi	s1,sp,128
     214:	025a                	slli	tp,tp,0x16
     216:	0085                	addi	ra,ra,1
     218:	0000                	unimp
     21a:	0c06                	slli	s8,s8,0x1
     21c:	00800003          	lb	zero,8(zero) # 8 <__boot_hart+0x8>
     220:	0000                	unimp
     222:	fd00                	sd	s0,56(a0)
     224:	0000                	unimp
     226:	0400                	addi	s0,sp,512
     228:	5a01                	li	s4,-32
     22a:	0309                	addi	t1,t1,2 # 1002 <__stack_align+0xff2>
     22c:	4178                	lw	a4,68(a0)
     22e:	8000                	.insn	2, 0x8000
     230:	0000                	unimp
     232:	0000                	unimp
     234:	0000                	unimp
     236:	f119                	bnez	a0,13c <__stack_align+0x12c>
     238:	0000                	unimp
     23a:	4600                	lw	s0,8(a2)
     23c:	0002                	c.slli64	zero
     23e:	1a00                	addi	s0,sp,304
     240:	0060                	addi	s0,sp,12
     242:	0000                	unimp
     244:	ea080003          	lb	zero,-352(a6)
     248:	0000                	unimp
     24a:	0000                	unimp
     24c:	02cc                	addi	a1,sp,324
     24e:	0000                	unimp
     250:	0005                	c.nop	1
     252:	0801                	addi	a6,a6,0
     254:	015d                	addi	sp,sp,23
     256:	0000                	unimp
     258:	0001860f          	.insn	4, 0x0001860f
     25c:	1d00                	addi	s0,sp,688
     25e:	0101                	addi	sp,sp,0
     260:	0000                	unimp
     262:	012d                	addi	sp,sp,11
     264:	0000                	unimp
     266:	3bdc                	fld	fa5,176(a5)
     268:	8000                	.insn	2, 0x8000
     26a:	0000                	unimp
     26c:	0000                	unimp
     26e:	0220                	addi	s0,sp,264
     270:	0000                	unimp
     272:	0000                	unimp
     274:	0000                	unimp
     276:	0198                	addi	a4,sp,192
     278:	0000                	unimp
     27a:	1001                	c.nop	-32
     27c:	4104                	lw	s1,0(a0)
     27e:	01000003          	lb	zero,16(zero) # 10 <__stack_align>
     282:	0510                	addi	a2,sp,640
     284:	02ac                	addi	a1,sp,328
     286:	0000                	unimp
     288:	1001                	c.nop	-32
     28a:	00017407          	.insn	4, 0x00017407
     28e:	0100                	addi	s0,sp,128
     290:	0508                	addi	a0,sp,640
     292:	015a                	slli	sp,sp,0x16
     294:	0000                	unimp
     296:	0101                	addi	sp,sp,0
     298:	f206                	sd	ra,288(sp)
     29a:	0000                	unimp
     29c:	1000                	addi	s0,sp,32
     29e:	0504                	addi	s1,sp,640
     2a0:	6e69                	lui	t3,0x1a
     2a2:	0074                	addi	a3,sp,12
     2a4:	0101                	addi	sp,sp,0
     2a6:	f008                	sd	a0,32(s0)
     2a8:	0000                	unimp
     2aa:	0100                	addi	s0,sp,128
     2ac:	0704                	addi	s1,sp,896
     2ae:	0148                	addi	a0,sp,132
     2b0:	0000                	unimp
     2b2:	0801                	addi	a6,a6,0
     2b4:	00014307          	.insn	4, 0x00014307
     2b8:	0800                	addi	s0,sp,16
     2ba:	026a                	slli	tp,tp,0x1a
     2bc:	0000                	unimp
     2be:	4402                	lw	s0,0(sp)
     2c0:	0078                	addi	a4,sp,12
     2c2:	0000                	unimp
     2c4:	0801                	addi	a6,a6,0
     2c6:	4604                	lw	s1,8(a2)
     2c8:	05000003          	lb	zero,80(zero) # 50 <__stack_align+0x40>
     2cc:	0208                	addi	a0,sp,256
     2ce:	b1c6                	fsd	fa7,224(sp)
     2d0:	0000                	unimp
     2d2:	0400                	addi	s0,sp,512
     2d4:	02f9                	addi	t0,t0,30
     2d6:	0000                	unimp
     2d8:	cd02                	sw	zero,152(sp)
     2da:	b110                	fsd	fa2,32(a0)
     2dc:	0000                	unimp
     2de:	3400                	fld	fs0,40(s0)
     2e0:	0900                	addi	s0,sp,144
     2e2:	7865                	lui	a6,0xffff9
     2e4:	0070                	addi	a2,sp,12
     2e6:	ce02                	sw	zero,28(sp)
     2e8:	005f 0000 340b      	.insn	6, 0x340b0000005f
     2ee:	3c04                	fld	fs1,56(s0)
     2f0:	02000003          	lb	zero,32(zero) # 20 <__stack_align+0x10>
     2f4:	005f0ecf          	fnmadd.s	ft9,ft10,ft5,ft0,rne
     2f8:	0000                	unimp
     2fa:	3f01                	addiw	t5,t5,-32
     2fc:	0100                	addi	s0,sp,128
     2fe:	0708                	addi	a0,sp,896
     300:	013e                	slli	sp,sp,0xf
     302:	0000                	unimp
     304:	170a                	slli	a4,a4,0x22
     306:	08000003          	lb	zero,128(zero) # 80 <__stack_align+0x70>
     30a:	c302                	sw	zero,132(sp)
     30c:	000000db          	.insn	4, 0x00db
     310:	746c660b          	.insn	4, 0x746c660b
     314:	0200                	addi	s0,sp,256
     316:	6dc5                	lui	s11,0x11
     318:	0000                	unimp
     31a:	0600                	addi	s0,sp,768
     31c:	034d                	addi	t1,t1,19
     31e:	0000                	unimp
     320:	d102                	sw	zero,160(sp)
     322:	007f 0000 0800 0286 	.insn	10, 0x028608000000007f
     32a:	0000 
     32c:	002e4503          	lbu	a0,2(t3) # 1a002 <__stack_size+0x12002>
     330:	0000                	unimp
     332:	1005                	c.nop	-31
     334:	0103cc03          	lbu	s8,16(t2)
     338:	0000                	unimp
     33a:	610c                	ld	a1,0(a0)
     33c:	ce00                	sw	s0,24(a2)
     33e:	b110                	fsd	fa2,32(a0)
     340:	0000                	unimp
     342:	0000                	unimp
     344:	620c                	ld	a1,0(a2)
     346:	ce00                	sw	s0,24(a2)
     348:	0000b113          	sltiu	sp,ra,0
     34c:	0800                	addi	s0,sp,16
     34e:	0500                	addi	s0,sp,640
     350:	0310                	addi	a2,sp,384
     352:	43d0                	lw	a2,4(a5)
     354:	0001                	nop
     356:	0400                	addi	s0,sp,512
     358:	025e                	slli	tp,tp,0x17
     35a:	0000                	unimp
     35c:	b110d803          	lhu	a6,-1263(ra)
     360:	0000                	unimp
     362:	4000                	lw	s0,0(s0)
     364:	0400                	addi	s0,sp,512
     366:	0264                	addi	s1,sp,268
     368:	0000                	unimp
     36a:	b110d903          	lhu	s2,-1263(ra)
     36e:	0000                	unimp
     370:	3000                	fld	fs0,32(s0)
     372:	0940                	addi	s0,sp,148
     374:	7865                	lui	a6,0xffff9
     376:	0070                	addi	a2,sp,12
     378:	005fda03          	lhu	s4,5(t6)
     37c:	0000                	unimp
     37e:	3c04700f          	.insn	4, 0x3c04700f
     382:	03000003          	lb	zero,48(zero) # 30 <__stack_align+0x20>
     386:	005f0edb          	.insn	4, 0x005f0edb
     38a:	0000                	unimp
     38c:	7f01                	lui	t5,0xfffe0
     38e:	0a00                	addi	s0,sp,272
     390:	0330                	addi	a2,sp,392
     392:	0000                	unimp
     394:	0310                	addi	a2,sp,384
     396:	71c9                	lui	gp,0xffff2
     398:	0001                	nop
     39a:	0b00                	addi	s0,sp,400
     39c:	6c66                	ld	s8,88(sp)
     39e:	0074                	addi	a3,sp,12
     3a0:	00dbcb03          	lbu	s6,13(s7) # 1d00d <__stack_size+0x1500d>
     3a4:	0000                	unimp
     3a6:	5806                	lw	a6,96(sp)
     3a8:	0002                	c.slli64	zero
     3aa:	0300                	addi	s0,sp,384
     3ac:	0000e6cf          	fnmadd.s	fa3,ft1,ft0,ft0,unknown
     3b0:	0600                	addi	s0,sp,768
     3b2:	034d                	addi	t1,t1,19
     3b4:	0000                	unimp
     3b6:	0103dd03          	lhu	s10,16(t2)
     3ba:	0000                	unimp
     3bc:	1100                	addi	s0,sp,160
     3be:	00000323          	sb	zero,6(zero) # 6 <__boot_hart+0x6>
     3c2:	2201                	sext.w	tp,tp
     3c4:	6d01                	.insn	2, 0x6d01
     3c6:	0000                	unimp
     3c8:	dc00                	sw	s0,56(s0)
     3ca:	0080003b          	addw	zero,zero,s0
     3ce:	0000                	unimp
     3d0:	2000                	fld	fs0,0(s0)
     3d2:	0002                	c.slli64	zero
     3d4:	0000                	unimp
     3d6:	0000                	unimp
     3d8:	0100                	addi	s0,sp,128
     3da:	c89c                	sw	a5,16(s1)
     3dc:	0002                	c.slli64	zero
     3de:	1200                	addi	s0,sp,288
     3e0:	0061                	c.nop	24
     3e2:	2201                	sext.w	tp,tp
     3e4:	db16                	sw	t0,180(sp)
     3e6:	0000                	unimp
     3e8:	be00                	fsd	fs0,56(a2)
     3ea:	0000                	unimp
     3ec:	0200                	addi	s0,sp,256
     3ee:	02b5                	addi	t0,t0,13
     3f0:	0000                	unimp
     3f2:	5124                	lw	s1,96(a0)
     3f4:	0000                	unimp
     3f6:	fa00                	sd	s0,48(a2)
     3f8:	0000                	unimp
     3fa:	0200                	addi	s0,sp,256
     3fc:	0352                	slli	t1,t1,0x14
     3fe:	0000                	unimp
     400:	5124                	lw	s1,96(a0)
     402:	0000                	unimp
     404:	4900                	lw	s0,16(a0)
     406:	0001                	nop
     408:	0d00                	addi	s0,sp,656
     40a:	5f41                	li	t5,-16
     40c:	c8250063          	beq	a0,sp,fffffffffffff88c <__heap_end+0xffffffff7ffda88c>
     410:	0002                	c.slli64	zero
     412:	0300                	addi	s0,sp,384
     414:	5f41                	li	t5,-16
     416:	03250073          	.insn	4, 0x03250073
     41a:	02c8                	addi	a0,sp,324
     41c:	0000                	unimp
     41e:	00000157          	.insn	4, 0x0157
     422:	655f4103          	lbu	sp,1621(t5) # fffffffffffe0655 <__heap_end+0xffffffff7ffbb655>
     426:	2500                	fld	fs0,8(a0)
     428:	0002c803          	lbu	a6,0(t0)
     42c:	6500                	ld	s0,8(a0)
     42e:	0001                	nop
     430:	0200                	addi	s0,sp,256
     432:	02a2                	slli	t0,t0,0x8
     434:	0000                	unimp
     436:	b125                	j	5e <__stack_align+0x4e>
     438:	0000                	unimp
     43a:	ab00                	fsd	fs0,16(a4)
     43c:	0001                	nop
     43e:	0200                	addi	s0,sp,256
     440:	000002a7          	.insn	4, 0x02a7
     444:	b125                	j	6c <__stack_align+0x5c>
     446:	0000                	unimp
     448:	0100                	addi	s0,sp,128
     44a:	0002                	c.slli64	zero
     44c:	0d00                	addi	s0,sp,656
     44e:	5f52                	lw	t5,52(sp)
     450:	c8260063          	beq	a2,sp,fffffffffffff8d0 <__heap_end+0xffffffff7ffda8d0>
     454:	0002                	c.slli64	zero
     456:	0300                	addi	s0,sp,384
     458:	5f52                	lw	t5,52(sp)
     45a:	03260073          	.insn	4, 0x03260073
     45e:	02c8                	addi	a0,sp,324
     460:	0000                	unimp
     462:	0000023b          	addw	tp,zero,zero
     466:	655f5203          	lhu	tp,1621(t5)
     46a:	2600                	fld	fs0,8(a2)
     46c:	0002c803          	lbu	a6,0(t0)
     470:	4900                	lw	s0,16(a0)
     472:	0002                	c.slli64	zero
     474:	0300                	addi	s0,sp,384
     476:	5f52                	lw	t5,52(sp)
     478:	0066                	c.slli	zero,0x19
     47a:	0326                	slli	t1,t1,0x9
     47c:	00b1                	addi	ra,ra,12
     47e:	0000                	unimp
     480:	02a9                	addi	t0,t0,10
     482:	0000                	unimp
     484:	27007203          	.insn	4, 0x27007203
     488:	6d0a                	ld	s10,128(sp)
     48a:	0000                	unimp
     48c:	2900                	fld	fs0,16(a0)
     48e:	0e000003          	lb	zero,224(zero) # e0 <__stack_align+0xd0>
     492:	0034                	addi	a3,sp,8
     494:	0000                	unimp
     496:	0259                	addi	tp,tp,22 # 16 <__stack_align+0x6>
     498:	0000                	unimp
     49a:	0002e407          	.insn	4, 0x0002e407
     49e:	2a00                	fld	fs0,16(a2)
     4a0:	00000143          	fmadd.s	ft2,ft0,ft0,ft0,rne
     4a4:	0e00                	addi	s0,sp,784
     4a6:	0000003b          	addw	zero,zero,zero
     4aa:	000002ab          	.insn	4, 0x02ab
     4ae:	fe02                	sd	zero,312(sp)
     4b0:	0002                	c.slli64	zero
     4b2:	3000                	fld	fs0,32(s0)
     4b4:	0051                	c.nop	20
     4b6:	0000                	unimp
     4b8:	0331                	addi	t1,t1,12
     4ba:	0000                	unimp
     4bc:	00005013          	srli	zero,zero,0x0
     4c0:	0700                	addi	s0,sp,896
     4c2:	000002cf          	fnmadd.s	ft5,ft0,ft0,ft0,rne
     4c6:	c830                	sw	a2,80(s0)
     4c8:	0002                	c.slli64	zero
     4ca:	0200                	addi	s0,sp,256
     4cc:	028d                	addi	t0,t0,3
     4ce:	0000                	unimp
     4d0:	c830                	sw	a2,80(s0)
     4d2:	0002                	c.slli64	zero
     4d4:	5700                	lw	s0,40(a4)
     4d6:	02000003          	lb	zero,32(zero) # 20 <__stack_align+0x10>
     4da:	02ba                	slli	t0,t0,0xe
     4dc:	0000                	unimp
     4de:	c830                	sw	a2,80(s0)
     4e0:	0002                	c.slli64	zero
     4e2:	6600                	ld	s0,8(a2)
     4e4:	02000003          	lb	zero,32(zero) # 20 <__stack_align+0x10>
     4e8:	0271                	addi	tp,tp,28 # 1c <__stack_align+0xc>
     4ea:	0000                	unimp
     4ec:	b130                	fsd	fa2,96(a0)
     4ee:	0000                	unimp
     4f0:	7700                	ld	s0,40(a4)
     4f2:	00000003          	lb	zero,0(zero) # 0 <__boot_hart>
     4f6:	1400                	addi	s0,sp,544
     4f8:	3d18                	fld	fa4,56(a0)
     4fa:	8000                	.insn	2, 0x8000
     4fc:	0000                	unimp
     4fe:	0000                	unimp
     500:	0016                	c.slli	zero,0x5
     502:	0000                	unimp
     504:	0000                	unimp
     506:	0000                	unimp
     508:	00024507          	.insn	4, 0x00024507
     50c:	3000                	fld	fs0,32(s0)
     50e:	00b8                	addi	a4,sp,72
     510:	0000                	unimp
     512:	0000                	unimp
     514:	0801                	addi	a6,a6,0 # ffffffffffff9000 <__heap_end+0xffffffff7ffd4000>
     516:	5505                	li	a0,-31
     518:	0001                	nop
     51a:	0000                	unimp
     51c:	00cd                	addi	ra,ra,19
     51e:	0000                	unimp
     520:	0005                	c.nop	1
     522:	0801                	addi	a6,a6,0
     524:	02a0                	addi	s0,sp,328
     526:	0000                	unimp
     528:	6302                	ld	t1,0(sp)
     52a:	1d000003          	lb	zero,464(zero) # 1d0 <__stack_align+0x1c0>
     52e:	00000223          	sb	zero,4(zero) # 4 <__boot_hart+0x4>
     532:	000001f3          	.insn	4, 0x01f3
     536:	3dfc                	fld	fa5,248(a1)
     538:	8000                	.insn	2, 0x8000
     53a:	0000                	unimp
     53c:	0000                	unimp
     53e:	0014                	.insn	2, 0x0014
     540:	0000                	unimp
     542:	0000                	unimp
     544:	0000                	unimp
     546:	093d                	addi	s2,s2,15
     548:	0000                	unimp
     54a:	69050403          	lb	s0,1680(a0)
     54e:	746e                	ld	s0,248(sp)
     550:	0100                	addi	s0,sp,128
     552:	0508                	addi	a0,sp,640
     554:	015a                	slli	sp,sp,0x16
     556:	0000                	unimp
     558:	0801                	addi	a6,a6,0
     55a:	00014307          	.insn	4, 0x00014307
     55e:	0100                	addi	s0,sp,128
     560:	0508                	addi	a0,sp,640
     562:	0155                	addi	sp,sp,21
     564:	0000                	unimp
     566:	1001                	c.nop	-32
     568:	4104                	lw	s1,0(a0)
     56a:	01000003          	lb	zero,16(zero) # 10 <__stack_align>
     56e:	0704                	addi	s1,sp,896
     570:	0148                	addi	a0,sp,132
     572:	0000                	unimp
     574:	0101                	addi	sp,sp,0
     576:	f206                	sd	ra,288(sp)
     578:	0000                	unimp
     57a:	0100                	addi	s0,sp,128
     57c:	0801                	addi	a6,a6,0
     57e:	00f0                	addi	a2,sp,76
     580:	0000                	unimp
     582:	0201                	addi	tp,tp,0 # 0 <__boot_hart>
     584:	6305                	lui	t1,0x1
     586:	0001                	nop
     588:	0100                	addi	s0,sp,128
     58a:	0702                	c.slli64	a4
     58c:	00000107          	.insn	4, 0x0107
     590:	0101                	addi	sp,sp,0
     592:	f908                	sd	a0,48(a0)
     594:	0000                	unimp
     596:	0100                	addi	s0,sp,128
     598:	0708                	addi	a0,sp,896
     59a:	013e                	slli	sp,sp,0xf
     59c:	0000                	unimp
     59e:	f104                	sd	s1,32(a0)
     5a0:	02000003          	lb	zero,32(zero) # 20 <__stack_align+0x10>
     5a4:	008e0d13          	addi	s10,t3,8
     5a8:	0000                	unimp
     5aa:	0805                	addi	a6,a6,1
     5ac:	002e                	c.slli	zero,0xb
     5ae:	0000                	unimp
     5b0:	5706                	lw	a4,96(sp)
     5b2:	01000003          	lb	zero,16(zero) # 10 <__stack_align>
     5b6:	0504                	addi	s1,sp,640
     5b8:	002e                	c.slli	zero,0xb
     5ba:	0000                	unimp
     5bc:	3dfc                	fld	fa5,248(a1)
     5be:	8000                	.insn	2, 0x8000
     5c0:	0000                	unimp
     5c2:	0000                	unimp
     5c4:	0014                	.insn	2, 0x0014
     5c6:	0000                	unimp
     5c8:	0000                	unimp
     5ca:	0000                	unimp
     5cc:	9c01                	subw	s0,s0,s0
     5ce:	00035e07          	.insn	4, 0x00035e07
     5d2:	0100                	addi	s0,sp,128
     5d4:	1004                	addi	s1,sp,32
     5d6:	002e                	c.slli	zero,0xb
     5d8:	0000                	unimp
     5da:	0399                	addi	t2,t2,6
     5dc:	0000                	unimp
     5de:	0408                	addi	a0,sp,512
     5e0:	003e                	c.slli	zero,0xf
     5e2:	0080                	addi	s0,sp,64
     5e4:	0000                	unimp
     5e6:	8200                	.insn	2, 0x8200
     5e8:	0000                	unimp
     5ea:	0000                	unimp
     5ec:	e000                	sd	s0,0(s0)
     5ee:	0000                	unimp
     5f0:	0500                	addi	s0,sp,640
     5f2:	0100                	addi	s0,sp,128
     5f4:	1d08                	addi	a0,sp,688
     5f6:	04000003          	lb	zero,64(zero) # 40 <__stack_align+0x30>
     5fa:	00000363          	beqz	zero,600 <__stack_align+0x5f0>
     5fe:	8e1d                	sub	a2,a2,a5
     600:	0002                	c.slli64	zero
     602:	f300                	sd	s0,32(a4)
     604:	0001                	nop
     606:	1000                	addi	s0,sp,32
     608:	003e                	c.slli	zero,0xf
     60a:	0080                	addi	s0,sp,64
     60c:	0000                	unimp
     60e:	2200                	fld	fs0,0(a2)
     610:	0000                	unimp
     612:	0000                	unimp
     614:	0000                	unimp
     616:	d300                	sw	s0,32(a4)
     618:	0009                	c.nop	2
     61a:	0100                	addi	s0,sp,128
     61c:	0508                	addi	a0,sp,640
     61e:	015a                	slli	sp,sp,0x16
     620:	0000                	unimp
     622:	0801                	addi	a6,a6,0
     624:	00014307          	.insn	4, 0x00014307
     628:	0500                	addi	s0,sp,640
     62a:	0504                	addi	s1,sp,640
     62c:	6e69                	lui	t3,0x1a
     62e:	0074                	addi	a3,sp,12
     630:	0801                	addi	a6,a6,0
     632:	5505                	li	a0,-31
     634:	0001                	nop
     636:	0100                	addi	s0,sp,128
     638:	0410                	addi	a2,sp,512
     63a:	0341                	addi	t1,t1,16 # 1010 <__stack_align+0x1000>
     63c:	0000                	unimp
     63e:	0101                	addi	sp,sp,0
     640:	f206                	sd	ra,288(sp)
     642:	0000                	unimp
     644:	0100                	addi	s0,sp,128
     646:	0801                	addi	a6,a6,0
     648:	00f0                	addi	a2,sp,76
     64a:	0000                	unimp
     64c:	0201                	addi	tp,tp,0 # 0 <__boot_hart>
     64e:	6305                	lui	t1,0x1
     650:	0001                	nop
     652:	0100                	addi	s0,sp,128
     654:	0702                	c.slli64	a4
     656:	00000107          	.insn	4, 0x0107
     65a:	0401                	addi	s0,s0,0
     65c:	00014807          	.insn	4, 0x00014807
     660:	0200                	addi	s0,sp,256
     662:	0414                	addi	a3,sp,512
     664:	0000                	unimp
     666:	6902                	ld	s2,0(sp)
     668:	3519                	addiw	a0,a0,-26
     66a:	0000                	unimp
     66c:	0200                	addi	s0,sp,256
     66e:	0416                	slli	s0,s0,0x5
     670:	0000                	unimp
     672:	74143c03          	ld	s8,1857(s0)
     676:	0000                	unimp
     678:	0600                	addi	s0,sp,768
     67a:	0080                	addi	s0,sp,64
     67c:	0000                	unimp
     67e:	0101                	addi	sp,sp,0
     680:	f908                	sd	a0,48(a0)
     682:	0000                	unimp
     684:	0300                	addi	s0,sp,384
     686:	03f9                	addi	t2,t2,30
     688:	0000                	unimp
     68a:	8c06                	mv	s8,ra
     68c:	0000                	unimp
     68e:	0300                	addi	s0,sp,384
     690:	0406                	slli	s0,s0,0x1
     692:	0000                	unimp
     694:	00008c07          	.insn	4, 0x8c07
     698:	0700                	addi	s0,sp,896
     69a:	0400                	addi	s0,sp,512
     69c:	0000                	unimp
     69e:	0401                	addi	s0,s0,0
     6a0:	1021                	c.nop	-24
     6a2:	003e                	c.slli	zero,0xf
     6a4:	0080                	addi	s0,sp,64
     6a6:	0000                	unimp
     6a8:	2200                	fld	fs0,0(a2)
     6aa:	0000                	unimp
     6ac:	0000                	unimp
     6ae:	0000                	unimp
     6b0:	0100                	addi	s0,sp,128
     6b2:	089c                	addi	a5,sp,80
     6b4:	0000040f          	.insn	4, 0x040f
     6b8:	0401                	addi	s0,s0,0
     6ba:	00003c2b          	.insn	4, 0x3c2b
     6be:	0100                	addi	s0,sp,128
     6c0:	095a                	slli	s2,s2,0x16
     6c2:	00646d63          	bltu	s0,t1,6dc <__stack_align+0x6cc>
     6c6:	0601                	addi	a2,a2,0
     6c8:	800e                	c.mv	zero,gp
     6ca:	0000                	unimp
     6cc:	0100                	addi	s0,sp,128
     6ce:	005f da00 0002      	.insn	6, 0x0002da00005f
     6d4:	0500                	addi	s0,sp,640
     6d6:	0100                	addi	s0,sp,128
     6d8:	b008                	fsd	fa0,32(s0)
     6da:	06000003          	lb	zero,96(zero) # 60 <__stack_align+0x50>
     6de:	00000363          	beqz	zero,6e4 <__stack_align+0x6d4>
     6e2:	1a1d                	addi	s4,s4,-25 # 4fe7 <__stack_align+0x4fd7>
     6e4:	f3000003          	lb	zero,-208(zero) # ffffffffffffff30 <__heap_end+0xffffffff7ffdaf30>
     6e8:	0001                	nop
     6ea:	3200                	fld	fs0,32(a2)
     6ec:	003e                	c.slli	zero,0xf
     6ee:	0080                	addi	s0,sp,64
     6f0:	0000                	unimp
     6f2:	1400                	addi	s0,sp,544
     6f4:	0000                	unimp
     6f6:	0000                	unimp
     6f8:	0000                	unimp
     6fa:	9200                	.insn	2, 0x9200
     6fc:	000a                	c.slli	zero,0x2
     6fe:	0700                	addi	s0,sp,896
     700:	0504                	addi	s1,sp,640
     702:	6e69                	lui	t3,0x1a
     704:	0074                	addi	a3,sp,12
     706:	5a050803          	lb	a6,1440(a0)
     70a:	0001                	nop
     70c:	0300                	addi	s0,sp,384
     70e:	0708                	addi	a0,sp,896
     710:	00000143          	fmadd.s	ft2,ft0,ft0,ft0,rne
     714:	55050803          	lb	a6,1360(a0)
     718:	0001                	nop
     71a:	0300                	addi	s0,sp,384
     71c:	0410                	addi	a2,sp,512
     71e:	0341                	addi	t1,t1,16 # 1010 <__stack_align+0x1000>
     720:	0000                	unimp
     722:	48070403          	lb	s0,1152(a4)
     726:	0001                	nop
     728:	0300                	addi	s0,sp,384
     72a:	0601                	addi	a2,a2,0
     72c:	00f2                	slli	ra,ra,0x1c
     72e:	0000                	unimp
     730:	f0080103          	lb	sp,-256(a6)
     734:	0000                	unimp
     736:	0300                	addi	s0,sp,384
     738:	0502                	c.slli64	a0
     73a:	00000163          	beqz	zero,73c <__stack_align+0x72c>
     73e:	07070203          	lb	tp,112(a4)
     742:	0001                	nop
     744:	0100                	addi	s0,sp,128
     746:	00000497          	auipc	s1,0x0
     74a:	4f02                	lw	t5,0(sp)
     74c:	5119                	li	sp,-26
     74e:	0000                	unimp
     750:	0100                	addi	s0,sp,128
     752:	04b6                	slli	s1,s1,0xd
     754:	0000                	unimp
     756:	350e1e03          	lh	t3,848(t3) # 1a350 <__stack_size+0x12350>
     75a:	0000                	unimp
     75c:	0100                	addi	s0,sp,128
     75e:	04aa                	slli	s1,s1,0xa
     760:	0000                	unimp
     762:	350e2203          	lw	tp,848(t3)
     766:	0000                	unimp
     768:	0100                	addi	s0,sp,128
     76a:	04d9                	addi	s1,s1,22 # 75c <__stack_align+0x74c>
     76c:	0000                	unimp
     76e:	350e2e03          	lw	t3,848(t3)
     772:	0000                	unimp
     774:	0100                	addi	s0,sp,128
     776:	0464                	addi	s1,sp,524
     778:	0000                	unimp
     77a:	660f3803          	ld	a6,1632(t5)
     77e:	0000                	unimp
     780:	0100                	addi	s0,sp,128
     782:	041f 0000 3c03      	.insn	6, 0x3c030000041f
     788:	6d18                	ld	a4,24(a0)
     78a:	0000                	unimp
     78c:	0100                	addi	s0,sp,128
     78e:	04d0                	addi	a2,sp,580
     790:	0000                	unimp
     792:	6d183f03          	ld	t5,1745(a6)
     796:	0000                	unimp
     798:	0100                	addi	s0,sp,128
     79a:	0500                	addi	s0,sp,640
     79c:	0000                	unimp
     79e:	6d184b03          	lbu	s6,1745(a6)
     7a2:	0000                	unimp
     7a4:	0100                	addi	s0,sp,128
     7a6:	000004f7          	.insn	4, 0x04f7
     7aa:	74145a03          	lhu	s4,1857(s0)
     7ae:	0000                	unimp
     7b0:	0100                	addi	s0,sp,128
     7b2:	04d8                	addi	a4,sp,580
     7b4:	0000                	unimp
     7b6:	98106603          	lwu	a2,-1663(zero) # fffffffffffff981 <__heap_end+0xffffffff7ffda981>
     7ba:	0000                	unimp
     7bc:	0100                	addi	s0,sp,128
     7be:	048d                	addi	s1,s1,3
     7c0:	0000                	unimp
     7c2:	6d18d503          	lhu	a0,1745(a7) # fffffffffffed6d1 <__heap_end+0xffffffff7ffc86d1>
     7c6:	0000                	unimp
     7c8:	0300                	addi	s0,sp,384
     7ca:	0801                	addi	a6,a6,0
     7cc:	00f9                	addi	ra,ra,30
     7ce:	0000                	unimp
     7d0:	3e070803          	lb	a6,992(a4)
     7d4:	0001                	nop
     7d6:	0100                	addi	s0,sp,128
     7d8:	04b8                	addi	a4,sp,584
     7da:	0000                	unimp
     7dc:	6104                	ld	s1,0(a0)
     7de:	8014                	.insn	2, 0x8014
     7e0:	0000                	unimp
     7e2:	0100                	addi	s0,sp,128
     7e4:	04ac                	addi	a1,sp,584
     7e6:	0000                	unimp
     7e8:	6604                	ld	s1,8(a2)
     7ea:	8c15                	sub	s0,s0,a3
     7ec:	0000                	unimp
     7ee:	0100                	addi	s0,sp,128
     7f0:	0486                	slli	s1,s1,0x1
     7f2:	0000                	unimp
     7f4:	7104                	ld	s1,32(a0)
     7f6:	3512                	fld	fa0,288(sp)
     7f8:	0000                	unimp
     7fa:	0100                	addi	s0,sp,128
     7fc:	0502                	c.slli64	a0
     7fe:	0000                	unimp
     800:	8904                	.insn	2, 0x8904
     802:	c812                	sw	tp,16(sp)
     804:	0000                	unimp
     806:	0100                	addi	s0,sp,128
     808:	04da                	slli	s1,s1,0x16
     80a:	0000                	unimp
     80c:	9b04                	.insn	2, 0x9b04
     80e:	e012                	sd	tp,0(sp)
     810:	0000                	unimp
     812:	0100                	addi	s0,sp,128
     814:	0466                	slli	s0,s0,0x19
     816:	0000                	unimp
     818:	9f04                	.insn	2, 0x9f04
     81a:	a412                	fsd	ft4,8(sp)
     81c:	0000                	unimp
     81e:	0100                	addi	s0,sp,128
     820:	0421                	addi	s0,s0,8
     822:	0000                	unimp
     824:	a304                	fsd	fs1,0(a4)
     826:	b012                	fsd	ft4,32(sp)
     828:	0000                	unimp
     82a:	0100                	addi	s0,sp,128
     82c:	04d2                	slli	s1,s1,0x14
     82e:	0000                	unimp
     830:	a704                	fsd	fs1,8(a4)
     832:	bc12                	fsd	ft4,56(sp)
     834:	0000                	unimp
     836:	0100                	addi	s0,sp,128
     838:	04f9                	addi	s1,s1,30
     83a:	0000                	unimp
     83c:	bb04                	fsd	fs1,48(a4)
     83e:	d412                	sw	tp,40(sp)
     840:	0000                	unimp
     842:	0100                	addi	s0,sp,128
     844:	0000048f          	.insn	4, 0x048f
     848:	c004                	sw	s1,0(s0)
     84a:	0000ec13          	ori	s8,ra,0
     84e:	0400                	addi	s0,sp,512
     850:	000004e7          	jalr	s1,zero # 0 <__boot_hart>
     854:	0510                	addi	a2,sp,640
     856:	0001a52f          	amoadd.w	a0,zero,(gp)
     85a:	0200                	addi	s0,sp,256
     85c:	04e0                	addi	s0,sp,588
     85e:	0000                	unimp
     860:	3005                	.insn	2, 0x3005
     862:	1e09                	addi	t3,t3,-30
     864:	0001                	nop
     866:	0000                	unimp
     868:	3002                	fld	ft0,32(sp)
     86a:	0004                	.insn	2, 0x0004
     86c:	0500                	addi	s0,sp,640
     86e:	0731                	addi	a4,a4,12
     870:	0035                	c.nop	13
     872:	0000                	unimp
     874:	0008                	.insn	2, 0x0008
     876:	f204                	sd	s1,32(a2)
     878:	0004                	.insn	2, 0x0004
     87a:	6800                	ld	s0,16(s0)
     87c:	1b06                	slli	s6,s6,0x21
     87e:	0268                	addi	a0,sp,268
     880:	0000                	unimp
     882:	0802                	c.slli64	a6
     884:	0005                	c.nop	1
     886:	0600                	addi	s0,sp,768
     888:	0a1d                	addi	s4,s4,7
     88a:	0142                	slli	sp,sp,0x10
     88c:	0000                	unimp
     88e:	0200                	addi	s0,sp,256
     890:	0448                	addi	a0,sp,516
     892:	0000                	unimp
     894:	1e06                	slli	t3,t3,0x21
     896:	2a0a                	fld	fs4,128(sp)
     898:	0001                	nop
     89a:	0200                	addi	s0,sp,256
     89c:	7602                	ld	a2,32(sp)
     89e:	0004                	.insn	2, 0x0004
     8a0:	0600                	addi	s0,sp,768
     8a2:	0a1f 0166 0000      	.insn	6, 0x01660a1f
     8a8:	0204                	addi	s1,sp,256
     8aa:	00000427          	.insn	4, 0x0427
     8ae:	2006                	fld	ft0,64(sp)
     8b0:	0001720b          	.insn	4, 0x0001720b
     8b4:	0800                	addi	s0,sp,16
     8b6:	c902                	sw	zero,144(sp)
     8b8:	0004                	.insn	2, 0x0004
     8ba:	0600                	addi	s0,sp,768
     8bc:	0a21                	addi	s4,s4,8
     8be:	014e                	slli	sp,sp,0x13
     8c0:	0000                	unimp
     8c2:	020a                	slli	tp,tp,0x2
     8c4:	0000050f          	.insn	4, 0x050f
     8c8:	2206                	fld	ft4,64(sp)
     8ca:	5a0a                	lw	s4,160(sp)
     8cc:	0001                	nop
     8ce:	0c00                	addi	s0,sp,528
     8d0:	a202                	fsd	ft0,256(sp)
     8d2:	0004                	.insn	2, 0x0004
     8d4:	0600                	addi	s0,sp,768
     8d6:	01420a23          	sb	s4,20(tp) # 14 <__stack_align+0x4>
     8da:	0000                	unimp
     8dc:	020e                	slli	tp,tp,0x3
     8de:	0438                	addi	a4,sp,520
     8e0:	0000                	unimp
     8e2:	2406                	fld	fs0,64(sp)
     8e4:	360a                	fld	fa2,160(sp)
     8e6:	0001                	nop
     8e8:	1000                	addi	s0,sp,32
     8ea:	7e02                	ld	t3,32(sp)
     8ec:	0004                	.insn	2, 0x0004
     8ee:	0600                	addi	s0,sp,768
     8f0:	132a                	slli	t1,t1,0x2a
     8f2:	017e                	slli	sp,sp,0x1f
     8f4:	0000                	unimp
     8f6:	0218                	addi	a4,sp,256
     8f8:	0440                	addi	s0,sp,516
     8fa:	0000                	unimp
     8fc:	2b06                	fld	fs6,64(sp)
     8fe:	00017e13          	andi	t3,sp,0
     902:	2800                	fld	fs0,16(s0)
     904:	c102                	sw	zero,128(sp)
     906:	0004                	.insn	2, 0x0004
     908:	0600                	addi	s0,sp,768
     90a:	132c                	addi	a1,sp,424
     90c:	017e                	slli	sp,sp,0x1f
     90e:	0000                	unimp
     910:	0238                	addi	a4,sp,264
     912:	0000044f          	fnmadd.s	fs0,ft0,ft0,ft0,rne
     916:	2d06                	fld	fs10,64(sp)
     918:	1211                	addi	tp,tp,-28 # ffffffffffffffe4 <__heap_end+0xffffffff7ffdafe4>
     91a:	0001                	nop
     91c:	4800                	lw	s0,16(s0)
     91e:	6c02                	ld	s8,0(sp)
     920:	0004                	.insn	2, 0x0004
     922:	0600                	addi	s0,sp,768
     924:	0c2e                	slli	s8,s8,0xb
     926:	0106                	slli	sp,sp,0x1
     928:	0000                	unimp
     92a:	0250                	addi	a2,sp,260
     92c:	045a                	slli	s0,s0,0x16
     92e:	0000                	unimp
     930:	3006                	fld	ft0,96(sp)
     932:	6809                	lui	a6,0x2
     934:	0002                	c.slli64	zero
     936:	5800                	lw	s0,48(s0)
     938:	0800                	addi	s0,sp,16
     93a:	0035                	c.nop	13
     93c:	0000                	unimp
     93e:	0278                	addi	a4,sp,268
     940:	0000                	unimp
     942:	3c09                	addiw	s8,s8,-30 # 19e <__stack_align+0x18e>
     944:	0000                	unimp
     946:	0100                	addi	s0,sp,128
     948:	0a00                	addi	s0,sp,272
     94a:	03f1                	addi	t2,t2,28
     94c:	0000                	unimp
     94e:	840d1307          	.insn	4, 0x840d1307
     952:	0002                	c.slli64	zero
     954:	0500                	addi	s0,sp,640
     956:	002e                	c.slli	zero,0xb
     958:	0000                	unimp
     95a:	0004f00b          	.insn	4, 0x0004f00b
     95e:	0100                	addi	s0,sp,128
     960:	0505                	addi	a0,a0,1
     962:	002e                	c.slli	zero,0xb
     964:	0000                	unimp
     966:	3e32                	fld	ft8,296(sp)
     968:	8000                	.insn	2, 0x8000
     96a:	0000                	unimp
     96c:	0000                	unimp
     96e:	0014                	.insn	2, 0x0014
     970:	0000                	unimp
     972:	0000                	unimp
     974:	0000                	unimp
     976:	9c01                	subw	s0,s0,s0
     978:	02d8                	addi	a4,sp,324
     97a:	0000                	unimp
     97c:	5e0c                	lw	a1,56(a2)
     97e:	01000003          	lb	zero,16(zero) # 10 <__stack_align>
     982:	1005                	c.nop	-31
     984:	002e                	c.slli	zero,0xb
     986:	0000                	unimp
     988:	000003b3          	add	t2,zero,zero
     98c:	730d                	lui	t1,0xfffe3
     98e:	0074                	addi	a3,sp,12
     990:	0501                	addi	a0,a0,0
     992:	0002d823          	.insn	4, 0x0002d823
     996:	c100                	sw	s0,0(a0)
     998:	0e000003          	lb	zero,224(zero) # e0 <__stack_align+0xd0>
     99c:	3e3a                	fld	ft8,424(sp)
     99e:	8000                	.insn	2, 0x8000
     9a0:	0000                	unimp
     9a2:	0000                	unimp
     9a4:	0278                	addi	a4,sp,268
     9a6:	0000                	unimp
     9a8:	0500                	addi	s0,sp,640
     9aa:	01a5                	addi	gp,gp,9 # ffffffffffff2009 <__heap_end+0xffffffff7ffcd009>
     9ac:	0000                	unimp
     9ae:	9d00                	.insn	2, 0x9d00
     9b0:	0000                	unimp
     9b2:	0500                	addi	s0,sp,640
     9b4:	0100                	addi	s0,sp,128
     9b6:	8508                	.insn	2, 0x8508
     9b8:	0004                	.insn	2, 0x0004
     9ba:	0200                	addi	s0,sp,256
     9bc:	00000363          	beqz	zero,9c2 <__stack_align+0x9b2>
     9c0:	3c1d                	addiw	s8,s8,-25
     9c2:	f3000003          	lb	zero,-208(zero) # ffffffffffffff30 <__heap_end+0xffffffff7ffdaf30>
     9c6:	0001                	nop
     9c8:	4600                	lw	s0,8(a2)
     9ca:	003e                	c.slli	zero,0xf
     9cc:	0080                	addi	s0,sp,64
     9ce:	0000                	unimp
     9d0:	0400                	addi	s0,sp,512
     9d2:	0000                	unimp
     9d4:	0000                	unimp
     9d6:	0000                	unimp
     9d8:	4500                	lw	s0,8(a0)
     9da:	0300000b          	.insn	4, 0x0300000b
     9de:	0504                	addi	s1,sp,640
     9e0:	6e69                	lui	t3,0x1a
     9e2:	0074                	addi	a3,sp,12
     9e4:	0801                	addi	a6,a6,0 # 2000 <__stack_align+0x1ff0>
     9e6:	5a05                	li	s4,-31
     9e8:	0001                	nop
     9ea:	0100                	addi	s0,sp,128
     9ec:	0708                	addi	a0,sp,896
     9ee:	00000143          	fmadd.s	ft2,ft0,ft0,ft0,rne
     9f2:	0801                	addi	a6,a6,0
     9f4:	5505                	li	a0,-31
     9f6:	0001                	nop
     9f8:	0100                	addi	s0,sp,128
     9fa:	0410                	addi	a2,sp,512
     9fc:	0341                	addi	t1,t1,16 # fffffffffffe3010 <__heap_end+0xffffffff7ffbe010>
     9fe:	0000                	unimp
     a00:	0401                	addi	s0,s0,0
     a02:	00014807          	.insn	4, 0x00014807
     a06:	0100                	addi	s0,sp,128
     a08:	0601                	addi	a2,a2,0
     a0a:	00f2                	slli	ra,ra,0x1c
     a0c:	0000                	unimp
     a0e:	0101                	addi	sp,sp,0
     a10:	f008                	sd	a0,32(s0)
     a12:	0000                	unimp
     a14:	0100                	addi	s0,sp,128
     a16:	0502                	c.slli64	a0
     a18:	00000163          	beqz	zero,a1a <__stack_align+0xa0a>
     a1c:	0201                	addi	tp,tp,0 # 0 <__boot_hart>
     a1e:	00010707          	.insn	4, 0x00010707
     a22:	0100                	addi	s0,sp,128
     a24:	0801                	addi	a6,a6,0
     a26:	00f9                	addi	ra,ra,30
     a28:	0000                	unimp
     a2a:	0801                	addi	a6,a6,0
     a2c:	00013e07          	fld	ft8,0(sp)
     a30:	0400                	addi	s0,sp,512
     a32:	0516                	slli	a0,a0,0x5
     a34:	0000                	unimp
     a36:	0401                	addi	s0,s0,0
     a38:	2e05                	addiw	t3,t3,1 # 1a001 <__stack_size+0x12001>
     a3a:	0000                	unimp
     a3c:	4600                	lw	s0,8(a2)
     a3e:	003e                	c.slli	zero,0xf
     a40:	0080                	addi	s0,sp,64
     a42:	0000                	unimp
     a44:	0400                	addi	s0,sp,512
     a46:	0000                	unimp
     a48:	0000                	unimp
     a4a:	0000                	unimp
     a4c:	0100                	addi	s0,sp,128
     a4e:	009c                	addi	a5,sp,64
     a50:	000000a7          	.insn	4, 0x00a7
     a54:	0005                	c.nop	1
     a56:	0801                	addi	a6,a6,0
     a58:	04ca                	slli	s1,s1,0x12
     a5a:	0000                	unimp
     a5c:	6302                	ld	t1,0(sp)
     a5e:	1d000003          	lb	zero,464(zero) # 1d0 <__stack_align+0x1c0>
     a62:	034c                	addi	a1,sp,388
     a64:	0000                	unimp
     a66:	000001f3          	.insn	4, 0x01f3
     a6a:	3e4a                	fld	ft8,176(sp)
     a6c:	8000                	.insn	2, 0x8000
     a6e:	0000                	unimp
     a70:	0000                	unimp
     a72:	0008                	.insn	2, 0x0008
     a74:	0000                	unimp
     a76:	0000                	unimp
     a78:	0000                	unimp
     a7a:	0ba4                	addi	s1,sp,472
     a7c:	0000                	unimp
     a7e:	0101                	addi	sp,sp,0
     a80:	f206                	sd	ra,288(sp)
     a82:	0000                	unimp
     a84:	0100                	addi	s0,sp,128
     a86:	0801                	addi	a6,a6,0
     a88:	00f0                	addi	a2,sp,76
     a8a:	0000                	unimp
     a8c:	0201                	addi	tp,tp,0 # 0 <__boot_hart>
     a8e:	6305                	lui	t1,0x1
     a90:	0001                	nop
     a92:	0100                	addi	s0,sp,128
     a94:	0702                	c.slli64	a4
     a96:	00000107          	.insn	4, 0x0107
     a9a:	69050403          	lb	s0,1680(a0)
     a9e:	746e                	ld	s0,248(sp)
     aa0:	0100                	addi	s0,sp,128
     aa2:	0704                	addi	s1,sp,896
     aa4:	0148                	addi	a0,sp,132
     aa6:	0000                	unimp
     aa8:	0801                	addi	a6,a6,0
     aaa:	5a05                	li	s4,-31
     aac:	0001                	nop
     aae:	0100                	addi	s0,sp,128
     ab0:	0708                	addi	a0,sp,896
     ab2:	00000143          	fmadd.s	ft2,ft0,ft0,ft0,rne
     ab6:	0801                	addi	a6,a6,0
     ab8:	5505                	li	a0,-31
     aba:	0001                	nop
     abc:	0100                	addi	s0,sp,128
     abe:	0801                	addi	a6,a6,0
     ac0:	00f9                	addi	ra,ra,30
     ac2:	0000                	unimp
     ac4:	1001                	c.nop	-32
     ac6:	4104                	lw	s1,0(a0)
     ac8:	04000003          	lb	zero,64(zero) # 40 <__stack_align+0x30>
     acc:	051e                	slli	a0,a0,0x7
     ace:	0000                	unimp
     ad0:	0401                	addi	s0,s0,0
     ad2:	4a05                	li	s4,1
     ad4:	0000                	unimp
     ad6:	4a00                	lw	s0,16(a2)
     ad8:	003e                	c.slli	zero,0xf
     ada:	0080                	addi	s0,sp,64
     adc:	0000                	unimp
     ade:	0800                	addi	s0,sp,16
     ae0:	0000                	unimp
     ae2:	0000                	unimp
     ae4:	0000                	unimp
     ae6:	0100                	addi	s0,sp,128
     ae8:	059c                	addi	a5,sp,704
     aea:	035e                	slli	t1,t1,0x17
     aec:	0000                	unimp
     aee:	0401                	addi	s0,s0,0
     af0:	4a11                	li	s4,4
     af2:	0000                	unimp
     af4:	db00                	sw	s0,48(a4)
     af6:	00000003          	lb	zero,0(zero) # 0 <__boot_hart>
     afa:	d900                	sw	s0,48(a0)
     afc:	0000                	unimp
     afe:	0500                	addi	s0,sp,640
     b00:	0100                	addi	s0,sp,128
     b02:	2008                	fld	fa0,0(s0)
     b04:	0005                	c.nop	1
     b06:	0300                	addi	s0,sp,384
     b08:	00000363          	beqz	zero,b0e <__stack_align+0xafe>
     b0c:	5c1d                	li	s8,-25
     b0e:	f3000003          	lb	zero,-208(zero) # ffffffffffffff30 <__heap_end+0xffffffff7ffdaf30>
     b12:	0001                	nop
     b14:	5200                	lw	s0,32(a2)
     b16:	003e                	c.slli	zero,0xf
     b18:	0080                	addi	s0,sp,64
     b1a:	0000                	unimp
     b1c:	1400                	addi	s0,sp,544
     b1e:	0000                	unimp
     b20:	0000                	unimp
     b22:	0000                	unimp
     b24:	0b00                	addi	s0,sp,400
     b26:	000c                	.insn	2, 0x000c
     b28:	0400                	addi	s0,sp,512
     b2a:	0504                	addi	s1,sp,640
     b2c:	6e69                	lui	t3,0x1a
     b2e:	0074                	addi	a3,sp,12
     b30:	0801                	addi	a6,a6,0
     b32:	5a05                	li	s4,-31
     b34:	0001                	nop
     b36:	0100                	addi	s0,sp,128
     b38:	0708                	addi	a0,sp,896
     b3a:	00000143          	fmadd.s	ft2,ft0,ft0,ft0,rne
     b3e:	0801                	addi	a6,a6,0
     b40:	5505                	li	a0,-31
     b42:	0001                	nop
     b44:	0100                	addi	s0,sp,128
     b46:	0410                	addi	a2,sp,512
     b48:	0341                	addi	t1,t1,16 # 1010 <__stack_align+0x1000>
     b4a:	0000                	unimp
     b4c:	0401                	addi	s0,s0,0
     b4e:	00014807          	.insn	4, 0x00014807
     b52:	0100                	addi	s0,sp,128
     b54:	0601                	addi	a2,a2,0
     b56:	00f2                	slli	ra,ra,0x1c
     b58:	0000                	unimp
     b5a:	0101                	addi	sp,sp,0
     b5c:	f008                	sd	a0,32(s0)
     b5e:	0000                	unimp
     b60:	0100                	addi	s0,sp,128
     b62:	0502                	c.slli64	a0
     b64:	00000163          	beqz	zero,b66 <__stack_align+0xb56>
     b68:	0201                	addi	tp,tp,0 # 0 <__boot_hart>
     b6a:	00010707          	.insn	4, 0x00010707
     b6e:	0100                	addi	s0,sp,128
     b70:	0801                	addi	a6,a6,0
     b72:	00f9                	addi	ra,ra,30
     b74:	0000                	unimp
     b76:	0801                	addi	a6,a6,0
     b78:	00013e07          	fld	ft8,0(sp)
     b7c:	0500                	addi	s0,sp,640
     b7e:	03f1                	addi	t2,t2,28
     b80:	0000                	unimp
     b82:	1302                	slli	t1,t1,0x20
     b84:	8e0d                	sub	a2,a2,a1
     b86:	0000                	unimp
     b88:	0600                	addi	s0,sp,768
     b8a:	2e08                	fld	fa0,24(a2)
     b8c:	0000                	unimp
     b8e:	0700                	addi	s0,sp,896
     b90:	0526                	slli	a0,a0,0x9
     b92:	0000                	unimp
     b94:	0401                	addi	s0,s0,0
     b96:	2e05                	addiw	t3,t3,1 # 1a001 <__stack_size+0x12001>
     b98:	0000                	unimp
     b9a:	5200                	lw	s0,32(a2)
     b9c:	003e                	c.slli	zero,0xf
     b9e:	0080                	addi	s0,sp,64
     ba0:	0000                	unimp
     ba2:	1400                	addi	s0,sp,544
     ba4:	0000                	unimp
     ba6:	0000                	unimp
     ba8:	0000                	unimp
     baa:	0100                	addi	s0,sp,128
     bac:	029c                	addi	a5,sp,320
     bae:	6970                	ld	a2,208(a0)
     bb0:	0064                	addi	s1,sp,12
     bb2:	00002e0f          	.insn	4, 0x2e0f
     bb6:	f500                	sd	s0,40(a0)
     bb8:	02000003          	lb	zero,32(zero) # 20 <__stack_align+0x10>
     bbc:	00676973          	csrrsi	s2,0x6,14
     bc0:	2e18                	fld	fa4,24(a2)
     bc2:	0000                	unimp
     bc4:	0300                	addi	s0,sp,384
     bc6:	0004                	.insn	2, 0x0004
     bc8:	0800                	addi	s0,sp,16
     bca:	3e5a                	fld	ft8,432(sp)
     bcc:	8000                	.insn	2, 0x8000
     bce:	0000                	unimp
     bd0:	0000                	unimp
     bd2:	0082                	c.slli64	ra
     bd4:	0000                	unimp
     bd6:	0000                	unimp
     bd8:	010d                	addi	sp,sp,3
     bda:	0000                	unimp
     bdc:	0005                	c.nop	1
     bde:	0801                	addi	a6,a6,0
     be0:	059f 0000 6304      	.insn	6, 0x63040000059f
     be6:	1d000003          	lb	zero,464(zero) # 1d0 <__stack_align+0x1c0>
     bea:	036a                	slli	t1,t1,0x1a
     bec:	0000                	unimp
     bee:	000001f3          	.insn	4, 0x01f3
     bf2:	3e66                	fld	ft8,120(sp)
     bf4:	8000                	.insn	2, 0x8000
     bf6:	0000                	unimp
     bf8:	0000                	unimp
     bfa:	0014                	.insn	2, 0x0014
     bfc:	0000                	unimp
     bfe:	0000                	unimp
     c00:	0000                	unimp
     c02:	0ca1                	addi	s9,s9,8
     c04:	0000                	unimp
     c06:	0405                	addi	s0,s0,1
     c08:	6905                	lui	s2,0x1
     c0a:	746e                	ld	s0,248(sp)
     c0c:	0100                	addi	s0,sp,128
     c0e:	0508                	addi	a0,sp,640
     c10:	015a                	slli	sp,sp,0x16
     c12:	0000                	unimp
     c14:	0801                	addi	a6,a6,0
     c16:	00014307          	.insn	4, 0x00014307
     c1a:	0100                	addi	s0,sp,128
     c1c:	0508                	addi	a0,sp,640
     c1e:	0155                	addi	sp,sp,21
     c20:	0000                	unimp
     c22:	1001                	c.nop	-32
     c24:	4104                	lw	s1,0(a0)
     c26:	01000003          	lb	zero,16(zero) # 10 <__stack_align>
     c2a:	0704                	addi	s1,sp,896
     c2c:	0148                	addi	a0,sp,132
     c2e:	0000                	unimp
     c30:	0101                	addi	sp,sp,0
     c32:	f206                	sd	ra,288(sp)
     c34:	0000                	unimp
     c36:	0100                	addi	s0,sp,128
     c38:	0801                	addi	a6,a6,0
     c3a:	00f0                	addi	a2,sp,76
     c3c:	0000                	unimp
     c3e:	0201                	addi	tp,tp,0 # 0 <__boot_hart>
     c40:	6305                	lui	t1,0x1
     c42:	0001                	nop
     c44:	0100                	addi	s0,sp,128
     c46:	0702                	c.slli64	a4
     c48:	00000107          	.insn	4, 0x0107
     c4c:	d902                	sw	zero,176(sp)
     c4e:	0004                	.insn	2, 0x0004
     c50:	0200                	addi	s0,sp,256
     c52:	0e2e                	slli	t3,t3,0xb
     c54:	0035                	c.nop	13
     c56:	0000                	unimp
     c58:	d802                	sw	zero,48(sp)
     c5a:	0004                	.insn	2, 0x0004
     c5c:	0200                	addi	s0,sp,256
     c5e:	1066                	c.slli	zero,0x39
     c60:	0074                	addi	a3,sp,12
     c62:	0000                	unimp
     c64:	0101                	addi	sp,sp,0
     c66:	f908                	sd	a0,48(a0)
     c68:	0000                	unimp
     c6a:	0100                	addi	s0,sp,128
     c6c:	0708                	addi	a0,sp,896
     c6e:	013e                	slli	sp,sp,0xf
     c70:	0000                	unimp
     c72:	da02                	sw	zero,52(sp)
     c74:	0004                	.insn	2, 0x0004
     c76:	0300                	addi	s0,sp,384
     c78:	0080129b          	slliw	t0,zero,0x8
     c7c:	0000                	unimp
     c7e:	f106                	sd	ra,160(sp)
     c80:	04000003          	lb	zero,64(zero) # 40 <__stack_align+0x30>
     c84:	00b20d13          	addi	s10,tp,11 # b <__boot_hart+0xb>
     c88:	0000                	unimp
     c8a:	002e0807          	.insn	4, 0x002e0807
     c8e:	0000                	unimp
     c90:	2c08                	fld	fa0,24(s0)
     c92:	0005                	c.nop	1
     c94:	0100                	addi	s0,sp,128
     c96:	0705                	addi	a4,a4,1
     c98:	009a                	slli	ra,ra,0x6
     c9a:	0000                	unimp
     c9c:	3e66                	fld	ft8,120(sp)
     c9e:	8000                	.insn	2, 0x8000
     ca0:	0000                	unimp
     ca2:	0000                	unimp
     ca4:	0014                	.insn	2, 0x0014
     ca6:	0000                	unimp
     ca8:	0000                	unimp
     caa:	0000                	unimp
     cac:	9c01                	subw	s0,s0,s0
     cae:	5e09                	li	t3,-30
     cb0:	01000003          	lb	zero,16(zero) # 10 <__stack_align>
     cb4:	1205                	addi	tp,tp,-31 # ffffffffffffffe1 <__heap_end+0xffffffff7ffdafe1>
     cb6:	002e                	c.slli	zero,0xb
     cb8:	0000                	unimp
     cba:	041d                	addi	s0,s0,7
     cbc:	0000                	unimp
     cbe:	72747003          	.insn	4, 0x72747003
     cc2:	1e00                	addi	s0,sp,816
     cc4:	009a                	slli	ra,ra,0x6
     cc6:	0000                	unimp
     cc8:	0000042b          	.insn	4, 0x042b
     ccc:	72696403          	lwu	s0,1830(s2) # 1726 <__stack_align+0x1716>
     cd0:	2700                	fld	fs0,8(a4)
     cd2:	002e                	c.slli	zero,0xb
     cd4:	0000                	unimp
     cd6:	0439                	addi	s0,s0,14
     cd8:	0000                	unimp
     cda:	6e0a                	ld	t3,128(sp)
     cdc:	003e                	c.slli	zero,0xf
     cde:	0080                	addi	s0,sp,64
     ce0:	0000                	unimp
     ce2:	a600                	fsd	fs0,8(a2)
     ce4:	0000                	unimp
     ce6:	0000                	unimp
     ce8:	0f00                	addi	s0,sp,912
     cea:	0001                	nop
     cec:	0500                	addi	s0,sp,640
     cee:	0100                	addi	s0,sp,128
     cf0:	3e08                	fld	fa0,56(a2)
     cf2:	0006                	c.slli	zero,0x1
     cf4:	0400                	addi	s0,sp,512
     cf6:	00000363          	beqz	zero,cfc <__stack_align+0xcec>
     cfa:	791d                	lui	s2,0xfffe7
     cfc:	f3000003          	lb	zero,-208(zero) # ffffffffffffff30 <__heap_end+0xffffffff7ffdaf30>
     d00:	0001                	nop
     d02:	7a00                	ld	s0,48(a2)
     d04:	003e                	c.slli	zero,0xf
     d06:	0080                	addi	s0,sp,64
     d08:	0000                	unimp
     d0a:	1600                	addi	s0,sp,800
     d0c:	0000                	unimp
     d0e:	0000                	unimp
     d10:	0000                	unimp
     d12:	4100                	lw	s0,0(a0)
     d14:	000d                	c.nop	3
     d16:	0500                	addi	s0,sp,640
     d18:	0504                	addi	s1,sp,640
     d1a:	6e69                	lui	t3,0x1a
     d1c:	0074                	addi	a3,sp,12
     d1e:	0801                	addi	a6,a6,0
     d20:	5a05                	li	s4,-31
     d22:	0001                	nop
     d24:	0200                	addi	s0,sp,256
     d26:	000004af          	.insn	4, 0x04af
     d2a:	d602                	sw	zero,44(sp)
     d2c:	00004817          	auipc	a6,0x4
     d30:	0100                	addi	s0,sp,128
     d32:	0708                	addi	a0,sp,896
     d34:	00000143          	fmadd.s	ft2,ft0,ft0,ft0,rne
     d38:	0801                	addi	a6,a6,0 # 4d2c <__stack_align+0x4d1c>
     d3a:	5505                	li	a0,-31
     d3c:	0001                	nop
     d3e:	0100                	addi	s0,sp,128
     d40:	0410                	addi	a2,sp,512
     d42:	0341                	addi	t1,t1,16 # 1010 <__stack_align+0x1000>
     d44:	0000                	unimp
     d46:	0401                	addi	s0,s0,0
     d48:	00014807          	.insn	4, 0x00014807
     d4c:	0100                	addi	s0,sp,128
     d4e:	0601                	addi	a2,a2,0
     d50:	00f2                	slli	ra,ra,0x1c
     d52:	0000                	unimp
     d54:	0101                	addi	sp,sp,0
     d56:	f008                	sd	a0,32(s0)
     d58:	0000                	unimp
     d5a:	0100                	addi	s0,sp,128
     d5c:	0502                	c.slli64	a0
     d5e:	00000163          	beqz	zero,d60 <__stack_align+0xd50>
     d62:	0201                	addi	tp,tp,0 # 0 <__boot_hart>
     d64:	00010707          	.insn	4, 0x00010707
     d68:	0200                	addi	s0,sp,256
     d6a:	0539                	addi	a0,a0,14
     d6c:	0000                	unimp
     d6e:	35179303          	lh	t1,849(a5)
     d72:	0000                	unimp
     d74:	0600                	addi	s0,sp,768
     d76:	0108                	addi	a0,sp,128
     d78:	0801                	addi	a6,a6,0
     d7a:	00f9                	addi	ra,ra,30
     d7c:	0000                	unimp
     d7e:	0801                	addi	a6,a6,0
     d80:	00013e07          	fld	ft8,0(sp)
     d84:	0200                	addi	s0,sp,256
     d86:	053a                	slli	a0,a0,0xe
     d88:	0000                	unimp
     d8a:	b604                	fsd	fs1,40(a2)
     d8c:	8012                	c.mv	zero,tp
     d8e:	0000                	unimp
     d90:	0700                	addi	s0,sp,896
     d92:	03f1                	addi	t2,t2,28
     d94:	0000                	unimp
     d96:	1305                	addi	t1,t1,-31
     d98:	b40d                	j	7ba <__stack_align+0x7aa>
     d9a:	0000                	unimp
     d9c:	0800                	addi	s0,sp,16
     d9e:	2e08                	fld	fa0,24(a2)
     da0:	0000                	unimp
     da2:	0900                	addi	s0,sp,144
     da4:	00000533          	add	a0,zero,zero
     da8:	0501                	addi	a0,a0,0
     daa:	9c09                	subw	s0,s0,a0
     dac:	0000                	unimp
     dae:	7a00                	ld	s0,48(a2)
     db0:	003e                	c.slli	zero,0xf
     db2:	0080                	addi	s0,sp,64
     db4:	0000                	unimp
     db6:	1600                	addi	s0,sp,800
     db8:	0000                	unimp
     dba:	0000                	unimp
     dbc:	0000                	unimp
     dbe:	0100                	addi	s0,sp,128
     dc0:	0a9c                	addi	a5,sp,336
     dc2:	035e                	slli	t1,t1,0x17
     dc4:	0000                	unimp
     dc6:	0501                	addi	a0,a0,0
     dc8:	00002e13          	slti	t3,zero,0
     dcc:	5300                	lw	s0,32(a4)
     dce:	0004                	.insn	2, 0x0004
     dd0:	0300                	addi	s0,sp,384
     dd2:	7470                	ld	a2,232(s0)
     dd4:	0072                	c.slli	zero,0x1c
     dd6:	8c1f 0000 6100      	.insn	6, 0x610000008c1f
     ddc:	0004                	.insn	2, 0x0004
     dde:	0300                	addi	s0,sp,384
     de0:	656c                	ld	a1,200(a0)
     de2:	006e                	c.slli	zero,0x1b
     de4:	00003c2b          	.insn	4, 0x3c2b
     de8:	6f00                	ld	s0,24(a4)
     dea:	0004                	.insn	2, 0x0004
     dec:	0b00                	addi	s0,sp,400
     dee:	3e82                	fld	ft9,32(sp)
     df0:	8000                	.insn	2, 0x8000
     df2:	0000                	unimp
     df4:	0000                	unimp
     df6:	00a8                	addi	a0,sp,72
     df8:	0000                	unimp
     dfa:	0000                	unimp
     dfc:	0132                	slli	sp,sp,0xc
     dfe:	0000                	unimp
     e00:	0005                	c.nop	1
     e02:	0801                	addi	a6,a6,0
     e04:	06e4                	addi	s1,sp,844
     e06:	0000                	unimp
     e08:	6305                	lui	t1,0x1
     e0a:	1d000003          	lb	zero,464(zero) # 1d0 <__stack_align+0x1c0>
     e0e:	03e8                	addi	a0,sp,460
     e10:	0000                	unimp
     e12:	000001f3          	.insn	4, 0x01f3
     e16:	3e90                	fld	fa2,56(a3)
     e18:	8000                	.insn	2, 0x8000
     e1a:	0000                	unimp
     e1c:	0000                	unimp
     e1e:	003c                	addi	a5,sp,8
     e20:	0000                	unimp
     e22:	0000                	unimp
     e24:	0000                	unimp
     e26:	0dea                	slli	s11,s11,0x1a
     e28:	0000                	unimp
     e2a:	4206                	lw	tp,64(sp)
     e2c:	0005                	c.nop	1
     e2e:	0200                	addi	s0,sp,256
     e30:	1a91                	addi	s5,s5,-28
     e32:	003a                	c.slli	zero,0xe
     e34:	0000                	unimp
     e36:	0801                	addi	a6,a6,0
     e38:	5a05                	li	s4,-31
     e3a:	0001                	nop
     e3c:	0100                	addi	s0,sp,128
     e3e:	0708                	addi	a0,sp,896
     e40:	00000143          	fmadd.s	ft2,ft0,ft0,ft0,rne
     e44:	69050407          	.insn	4, 0x69050407
     e48:	746e                	ld	s0,248(sp)
     e4a:	0100                	addi	s0,sp,128
     e4c:	0508                	addi	a0,sp,640
     e4e:	0155                	addi	sp,sp,21
     e50:	0000                	unimp
     e52:	1001                	c.nop	-32
     e54:	4104                	lw	s1,0(a0)
     e56:	01000003          	lb	zero,16(zero) # 10 <__stack_align>
     e5a:	0704                	addi	s1,sp,896
     e5c:	0148                	addi	a0,sp,132
     e5e:	0000                	unimp
     e60:	0101                	addi	sp,sp,0
     e62:	f206                	sd	ra,288(sp)
     e64:	0000                	unimp
     e66:	0100                	addi	s0,sp,128
     e68:	0801                	addi	a6,a6,0
     e6a:	00f0                	addi	a2,sp,76
     e6c:	0000                	unimp
     e6e:	0201                	addi	tp,tp,0 # 0 <__boot_hart>
     e70:	6305                	lui	t1,0x1
     e72:	0001                	nop
     e74:	0100                	addi	s0,sp,128
     e76:	0702                	c.slli64	a4
     e78:	00000107          	.insn	4, 0x0107
     e7c:	0808                	addi	a0,sp,16
     e7e:	8702                	jr	a4
     e80:	0000                	unimp
     e82:	0100                	addi	s0,sp,128
     e84:	0801                	addi	a6,a6,0
     e86:	00f9                	addi	ra,ra,30
     e88:	0000                	unimp
     e8a:	0801                	addi	a6,a6,0
     e8c:	00013e07          	fld	ft8,0(sp)
     e90:	0900                	addi	s0,sp,144
     e92:	00000087          	.insn	4, 0x0087
     e96:	00a0                	addi	s0,sp,72
     e98:	0000                	unimp
     e9a:	000a                	c.slli	zero,0x2
     e9c:	00055203          	lhu	tp,0(a0)
     ea0:	0600                	addi	s0,sp,768
     ea2:	950d                	srai	a0,a0,0x23
     ea4:	0000                	unimp
     ea6:	0b00                	addi	s0,sp,400
     ea8:	00000557          	.insn	4, 0x0557
     eac:	0701                	addi	a4,a4,0
     eae:	820e                	mv	tp,gp
     eb0:	0000                	unimp
     eb2:	0900                	addi	s0,sp,144
     eb4:	0049a803          	lw	a6,4(s3) # ffffffffffff6004 <__heap_end+0xffffffff7ffd1004>
     eb8:	0080                	addi	s0,sp,64
     eba:	0000                	unimp
     ebc:	0c00                	addi	s0,sp,528
     ebe:	03f1                	addi	t2,t2,28
     ec0:	0000                	unimp
     ec2:	cd0d1303          	lh	t1,-816(s10)
     ec6:	0000                	unimp
     ec8:	0200                	addi	s0,sp,256
     eca:	0048                	addi	a0,sp,4
     ecc:	0000                	unimp
     ece:	5e0d                	li	t3,-29
     ed0:	0005                	c.nop	1
     ed2:	0100                	addi	s0,sp,128
     ed4:	0709                	addi	a4,a4,2
     ed6:	0080                	addi	s0,sp,64
     ed8:	0000                	unimp
     eda:	3e90                	fld	fa2,56(a3)
     edc:	8000                	.insn	2, 0x8000
     ede:	0000                	unimp
     ee0:	0000                	unimp
     ee2:	003c                	addi	a5,sp,8
     ee4:	0000                	unimp
     ee6:	0000                	unimp
     ee8:	0000                	unimp
     eea:	9c01                	subw	s0,s0,s0
     eec:	640e                	ld	s0,192(sp)
     eee:	0005                	c.nop	1
     ef0:	0100                	addi	s0,sp,128
     ef2:	1709                	addi	a4,a4,-30
     ef4:	002e                	c.slli	zero,0xb
     ef6:	0000                	unimp
     ef8:	0489                	addi	s1,s1,2
     efa:	0000                	unimp
     efc:	00054c03          	lbu	s8,0(a0)
     f00:	0b00                	addi	s0,sp,400
     f02:	9511                	srai	a0,a0,0x24
     f04:	0000                	unimp
     f06:	0400                	addi	s0,sp,512
     f08:	0570                	addi	a2,sp,652
     f0a:	0000                	unimp
     f0c:	820c                	.insn	2, 0x820c
     f0e:	0000                	unimp
     f10:	9700                	.insn	2, 0x9700
     f12:	0004                	.insn	2, 0x0004
     f14:	0400                	addi	s0,sp,512
     f16:	0569                	addi	a0,a0,26
     f18:	0000                	unimp
     f1a:	820d                	srli	a2,a2,0x3
     f1c:	0000                	unimp
     f1e:	af00                	fsd	fs0,24(a4)
     f20:	0004                	.insn	2, 0x0004
     f22:	0f00                	addi	s0,sp,912
     f24:	3ebe                	fld	ft9,488(sp)
     f26:	8000                	.insn	2, 0x8000
     f28:	0000                	unimp
     f2a:	0000                	unimp
     f2c:	00c1                	addi	ra,ra,16
     f2e:	0000                	unimp
     f30:	0000                	unimp
     f32:	0174                	addi	a3,sp,140
     f34:	0000                	unimp
     f36:	0005                	c.nop	1
     f38:	0801                	addi	a6,a6,0
     f3a:	07be                	slli	a5,a5,0xf
     f3c:	0000                	unimp
     f3e:	6306                	ld	t1,64(sp)
     f40:	1d000003          	lb	zero,464(zero) # 1d0 <__stack_align+0x1c0>
     f44:	03f6                	slli	t2,t2,0x1d
     f46:	0000                	unimp
     f48:	000001f3          	.insn	4, 0x01f3
     f4c:	3ecc                	fld	fa1,184(a3)
     f4e:	8000                	.insn	2, 0x8000
     f50:	0000                	unimp
     f52:	0000                	unimp
     f54:	0006                	c.slli	zero,0x1
     f56:	0000                	unimp
     f58:	0000                	unimp
     f5a:	0000                	unimp
     f5c:	00000f0f          	.insn	4, 0x0f0f
     f60:	69050407          	.insn	4, 0x69050407
     f64:	746e                	ld	s0,248(sp)
     f66:	0100                	addi	s0,sp,128
     f68:	0508                	addi	a0,sp,640
     f6a:	015a                	slli	sp,sp,0x16
     f6c:	0000                	unimp
     f6e:	af02                	fsd	ft0,408(sp)
     f70:	0004                	.insn	2, 0x0004
     f72:	0200                	addi	s0,sp,256
     f74:	17d6                	slli	a5,a5,0x35
     f76:	0048                	addi	a0,sp,4
     f78:	0000                	unimp
     f7a:	0801                	addi	a6,a6,0
     f7c:	00014307          	.insn	4, 0x00014307
     f80:	0100                	addi	s0,sp,128
     f82:	0508                	addi	a0,sp,640
     f84:	0155                	addi	sp,sp,21
     f86:	0000                	unimp
     f88:	1001                	c.nop	-32
     f8a:	4104                	lw	s1,0(a0)
     f8c:	01000003          	lb	zero,16(zero) # 10 <__stack_align>
     f90:	0704                	addi	s1,sp,896
     f92:	0148                	addi	a0,sp,132
     f94:	0000                	unimp
     f96:	0101                	addi	sp,sp,0
     f98:	f206                	sd	ra,288(sp)
     f9a:	0000                	unimp
     f9c:	0100                	addi	s0,sp,128
     f9e:	0801                	addi	a6,a6,0
     fa0:	00f0                	addi	a2,sp,76
     fa2:	0000                	unimp
     fa4:	0201                	addi	tp,tp,0 # 0 <__boot_hart>
     fa6:	6305                	lui	t1,0x1
     fa8:	0001                	nop
     faa:	0100                	addi	s0,sp,128
     fac:	0702                	c.slli64	a4
     fae:	00000107          	.insn	4, 0x0107
     fb2:	1402                	slli	s0,s0,0x20
     fb4:	0004                	.insn	2, 0x0004
     fb6:	0300                	addi	s0,sp,384
     fb8:	1969                	addi	s2,s2,-6 # fffffffffffe6ffa <__heap_end+0xffffffff7ffc1ffa>
     fba:	0048                	addi	a0,sp,4
     fbc:	0000                	unimp
     fbe:	8402                	jr	s0
     fc0:	0005                	c.nop	1
     fc2:	0300                	addi	s0,sp,384
     fc4:	1ae8                	addi	a0,sp,380
     fc6:	0048                	addi	a0,sp,4
     fc8:	0000                	unimp
     fca:	3902                	fld	fs2,32(sp)
     fcc:	0005                	c.nop	1
     fce:	0400                	addi	s0,sp,512
     fd0:	00351793          	slli	a5,a0,0x3
     fd4:	0000                	unimp
     fd6:	0101                	addi	sp,sp,0
     fd8:	f908                	sd	a0,48(a0)
     fda:	0000                	unimp
     fdc:	0100                	addi	s0,sp,128
     fde:	0708                	addi	a0,sp,896
     fe0:	013e                	slli	sp,sp,0xf
     fe2:	0000                	unimp
     fe4:	1602                	slli	a2,a2,0x20
     fe6:	0004                	.insn	2, 0x0004
     fe8:	0500                	addi	s0,sp,640
     fea:	143c                	addi	a5,sp,552
     fec:	0080                	addi	s0,sp,64
     fee:	0000                	unimp
     ff0:	8602                	jr	a2
     ff2:	0005                	c.nop	1
     ff4:	0500                	addi	s0,sp,640
     ff6:	1552                	slli	a0,a0,0x34
     ff8:	008c                	addi	a1,sp,64
     ffa:	0000                	unimp
     ffc:	3a02                	fld	fs4,32(sp)
     ffe:	0005                	c.nop	1
    1000:	0600                	addi	s0,sp,768
    1002:	12b6                	slli	t0,t0,0x2d
    1004:	0098                	addi	a4,sp,64
    1006:	0000                	unimp
    1008:	7708                	ld	a0,40(a4)
    100a:	0005                	c.nop	1
    100c:	0700                	addi	s0,sp,896
    100e:	0d1a                	slli	s10,s10,0x6
    1010:	0035                	c.nop	13
    1012:	0000                	unimp
    1014:	000000fb          	.insn	4, 0x00fb
    1018:	0000b203          	ld	tp,0(ra)
    101c:	0300                	addi	s0,sp,384
    101e:	00b2                	slli	ra,ra,0xc
    1020:	0000                	unimp
    1022:	0000b203          	ld	tp,0(ra)
    1026:	0300                	addi	s0,sp,384
    1028:	0048                	addi	a0,sp,4
    102a:	0000                	unimp
    102c:	0900                	addi	s0,sp,144
    102e:	0590                	addi	a2,sp,704
    1030:	0000                	unimp
    1032:	0601                	addi	a2,a2,0
    1034:	ca09                	beqz	a2,1046 <__stack_align+0x1036>
    1036:	0000                	unimp
    1038:	cc00                	sw	s0,24(s0)
    103a:	003e                	c.slli	zero,0xf
    103c:	0080                	addi	s0,sp,64
    103e:	0000                	unimp
    1040:	0600                	addi	s0,sp,768
    1042:	0000                	unimp
    1044:	0000                	unimp
    1046:	0000                	unimp
    1048:	0100                	addi	s0,sp,128
    104a:	709c                	ld	a5,32(s1)
    104c:	0001                	nop
    104e:	0500                	addi	s0,sp,640
    1050:	6466                	ld	s0,88(sp)
    1052:	1400                	addi	s0,sp,544
    1054:	002e                	c.slli	zero,0xb
    1056:	0000                	unimp
    1058:	04c1                	addi	s1,s1,16
    105a:	0000                	unimp
    105c:	7005                	c.lui	zero,0xfffe1
    105e:	7274                	ld	a3,224(a2)
    1060:	2400                	fld	fs0,8(s0)
    1062:	0170                	addi	a2,sp,140
    1064:	0000                	unimp
    1066:	000004cf          	fnmadd.s	fs1,ft0,ft0,ft0,rne
    106a:	6c05                	lui	s8,0x1
    106c:	6e65                	lui	t3,0x19
    106e:	3000                	fld	fs0,32(s0)
    1070:	003c                	addi	a5,sp,8
    1072:	0000                	unimp
    1074:	04dd                	addi	s1,s1,23
    1076:	0000                	unimp
    1078:	d20a                	sw	sp,36(sp)
    107a:	003e                	c.slli	zero,0xf
    107c:	0080                	addi	s0,sp,64
    107e:	0000                	unimp
    1080:	d600                	sw	s0,40(a2)
    1082:	0000                	unimp
    1084:	0400                	addi	s0,sp,512
    1086:	5a01                	li	s4,-32
    1088:	5a01a303          	lw	t1,1440(gp) # 80005740 <__global_pointer$+0x5a0>
    108c:	0104                	addi	s1,sp,128
    108e:	01a3035b          	.insn	4, 0x01a3035b
    1092:	5c01045b          	.insn	4, 0x5c01045b
    1096:	5c01a303          	lw	t1,1472(gp) # 80005760 <__global_pointer$+0x5c0>
    109a:	0104                	addi	s1,sp,128
    109c:	025d                	addi	tp,tp,23 # 17 <__stack_align+0x7>
    109e:	4008                	lw	a0,0(s0)
    10a0:	0000                	unimp
    10a2:	0176080b          	.insn	4, 0x0176080b
    10a6:	0000                	unimp
    10a8:	000c                	.insn	2, 0x000c
    10aa:	0025                	c.nop	9
    10ac:	0000                	unimp
    10ae:	0005                	c.nop	1
    10b0:	0801                	addi	a6,a6,0
    10b2:	0868                	addi	a0,sp,28
    10b4:	0000                	unimp
    10b6:	9c01                	subw	s0,s0,s0
    10b8:	0000000f          	fence	unknown,unknown
    10bc:	0000                	unimp
    10be:	0080                	addi	s0,sp,64
    10c0:	0000                	unimp
    10c2:	9800                	.insn	2, 0x9800
    10c4:	9704                	.insn	2, 0x9704
    10c6:	0005                	c.nop	1
    10c8:	a600                	fsd	fs0,8(a2)
    10ca:	0005                	c.nop	1
    10cc:	d600                	sw	s0,40(a2)
    10ce:	0005                	c.nop	1
    10d0:	0100                	addi	s0,sp,128
    10d2:	2480                	fld	fs0,8(s1)
    10d4:	0000                	unimp
    10d6:	0500                	addi	s0,sp,640
    10d8:	0100                	addi	s0,sp,128
    10da:	7c08                	ld	a0,56(s0)
    10dc:	0008                	.insn	2, 0x0008
    10de:	0100                	addi	s0,sp,128
    10e0:	13ce                	slli	t2,t2,0x33
    10e2:	0000                	unimp
    10e4:	01ee                	slli	gp,gp,0x1b
    10e6:	8000                	.insn	2, 0x8000
    10e8:	0000                	unimp
    10ea:	0000                	unimp
    10ec:	e262                	sd	s8,256(sp)
    10ee:	0005                	c.nop	1
    10f0:	a600                	fsd	fs0,8(a2)
    10f2:	0005                	c.nop	1
    10f4:	d600                	sw	s0,40(a2)
    10f6:	0005                	c.nop	1
    10f8:	0100                	addi	s0,sp,128
    10fa:	3680                	fld	fs0,40(a3)
    10fc:	0001                	nop
    10fe:	0500                	addi	s0,sp,640
    1100:	0100                	addi	s0,sp,128
    1102:	9008                	.insn	2, 0x9008
    1104:	0008                	.insn	2, 0x0008
    1106:	0400                	addi	s0,sp,512
    1108:	00000363          	beqz	zero,110e <__stack_align+0x10fe>
    110c:	1e1d                	addi	t3,t3,-25 # 18fe7 <__stack_size+0x10fe7>
    110e:	0004                	.insn	2, 0x0004
    1110:	f300                	sd	s0,32(a4)
    1112:	0001                	nop
    1114:	d200                	sw	s0,32(a2)
    1116:	003e                	c.slli	zero,0xf
    1118:	0080                	addi	s0,sp,64
    111a:	0000                	unimp
    111c:	1600                	addi	s0,sp,800
    111e:	0000                	unimp
    1120:	0000                	unimp
    1122:	0000                	unimp
    1124:	2e00                	fld	fs0,24(a2)
    1126:	0014                	.insn	2, 0x0014
    1128:	0100                	addi	s0,sp,128
    112a:	0601                	addi	a2,a2,0
    112c:	00f2                	slli	ra,ra,0x1c
    112e:	0000                	unimp
    1130:	0101                	addi	sp,sp,0
    1132:	f008                	sd	a0,32(s0)
    1134:	0000                	unimp
    1136:	0100                	addi	s0,sp,128
    1138:	0502                	c.slli64	a0
    113a:	00000163          	beqz	zero,113c <__stack_align+0x112c>
    113e:	0201                	addi	tp,tp,0 # 0 <__boot_hart>
    1140:	00010707          	.insn	4, 0x00010707
    1144:	0500                	addi	s0,sp,640
    1146:	0504                	addi	s1,sp,640
    1148:	6e69                	lui	t3,0x1a
    114a:	0074                	addi	a3,sp,12
    114c:	0401                	addi	s0,s0,0
    114e:	00014807          	.insn	4, 0x00014807
    1152:	0100                	addi	s0,sp,128
    1154:	0508                	addi	a0,sp,640
    1156:	015a                	slli	sp,sp,0x16
    1158:	0000                	unimp
    115a:	0801                	addi	a6,a6,0
    115c:	00014307          	.insn	4, 0x00014307
    1160:	0200                	addi	s0,sp,256
    1162:	0606                	slli	a2,a2,0x1
    1164:	0000                	unimp
    1166:	e602                	sd	zero,264(sp)
    1168:	5819                	li	a6,-26
    116a:	0000                	unimp
    116c:	0200                	addi	s0,sp,256
    116e:	0584                	addi	s1,sp,704
    1170:	0000                	unimp
    1172:	e802                	sd	zero,16(sp)
    1174:	5f1a                	lw	t5,164(sp)
    1176:	0000                	unimp
    1178:	0200                	addi	s0,sp,256
    117a:	0608                	addi	a0,sp,768
    117c:	0000                	unimp
    117e:	66144d03          	lbu	s10,1633(s0)
    1182:	0000                	unimp
    1184:	0200                	addi	s0,sp,256
    1186:	0586                	slli	a1,a1,0x1
    1188:	0000                	unimp
    118a:	72155203          	lhu	tp,1825(a0)
    118e:	0000                	unimp
    1190:	0100                	addi	s0,sp,128
    1192:	0508                	addi	a0,sp,640
    1194:	0155                	addi	sp,sp,21
    1196:	0000                	unimp
    1198:	1001                	c.nop	-32
    119a:	4104                	lw	s1,0(a0)
    119c:	01000003          	lb	zero,16(zero) # 10 <__stack_align>
    11a0:	0801                	addi	a6,a6,0
    11a2:	00f9                	addi	ra,ra,30
    11a4:	0000                	unimp
    11a6:	0006                	c.slli	zero,0x1
    11a8:	0004                	.insn	2, 0x0004
    11aa:	0400                	addi	s0,sp,512
    11ac:	0d41                	addi	s10,s10,16
    11ae:	00bd                	addi	ra,ra,15
    11b0:	0000                	unimp
    11b2:	00004a07          	.insn	4, 0x4a07
    11b6:	0000                	unimp
    11b8:	f408                	sd	a0,40(s0)
    11ba:	0005                	c.nop	1
    11bc:	0100                	addi	s0,sp,128
    11be:	1c04                	addi	s1,sp,560
    11c0:	3ed2                	fld	ft9,304(sp)
    11c2:	8000                	.insn	2, 0x8000
    11c4:	0000                	unimp
    11c6:	0000                	unimp
    11c8:	0016                	c.slli	zero,0x5
    11ca:	0000                	unimp
    11cc:	0000                	unimp
    11ce:	0000                	unimp
    11d0:	9c01                	subw	s0,s0,s0
    11d2:	00000133          	add	sp,zero,zero
    11d6:	6509                	lui	a0,0x2
    11d8:	6370                	ld	a2,192(a4)
    11da:	0100                	addi	s0,sp,128
    11dc:	3204                	fld	fs1,32(a2)
    11de:	008a                	slli	ra,ra,0x2
    11e0:	0000                	unimp
    11e2:	000004f7          	.insn	4, 0x04f7
    11e6:	00060003          	lb	zero,0(a2)
    11ea:	4100                	lw	s0,0(a0)
    11ec:	008a                	slli	ra,ra,0x2
    11ee:	0000                	unimp
    11f0:	0505                	addi	a0,a0,1 # 2001 <__stack_align+0x1ff1>
    11f2:	0000                	unimp
    11f4:	00061603          	lh	a2,0(a2)
    11f8:	5200                	lw	s0,32(a2)
    11fa:	008a                	slli	ra,ra,0x2
    11fc:	0000                	unimp
    11fe:	00000513          	li	a0,0
    1202:	00061103          	lh	sp,0(a2)
    1206:	6200                	ld	s0,0(a2)
    1208:	00000133          	add	sp,zero,zero
    120c:	0521                	addi	a0,a0,8
    120e:	0000                	unimp
    1210:	0f0a                	slli	t5,t5,0x2
    1212:	0004                	.insn	2, 0x0004
    1214:	0100                	addi	s0,sp,128
    1216:	004a0907          	.insn	4, 0x004a0907
    121a:	0000                	unimp
    121c:	0000052f          	.insn	4, 0x052f
    1220:	003ee80b          	.insn	4, 0x003ee80b
    1224:	0080                	addi	s0,sp,64
    1226:	0000                	unimp
    1228:	ab00                	fsd	fs0,16(a4)
    122a:	0000                	unimp
    122c:	0000                	unimp
    122e:	080c                	addi	a1,sp,16
    1230:	008a                	slli	ra,ra,0x2
    1232:	0000                	unimp
    1234:	6500                	ld	s0,8(a0)
    1236:	0001                	nop
    1238:	0500                	addi	s0,sp,640
    123a:	0100                	addi	s0,sp,128
    123c:	4a08                	lw	a0,16(a2)
    123e:	0009                	c.nop	2
    1240:	0800                	addi	s0,sp,16
    1242:	00000363          	beqz	zero,1248 <__stack_align+0x1238>
    1246:	381d                	addiw	a6,a6,-25
    1248:	0004                	.insn	2, 0x0004
    124a:	f300                	sd	s0,32(a4)
    124c:	0001                	nop
    124e:	e800                	sd	s0,16(s0)
    1250:	003e                	c.slli	zero,0xf
    1252:	0080                	addi	s0,sp,64
    1254:	0000                	unimp
    1256:	3000                	fld	fs0,32(s0)
    1258:	0000                	unimp
    125a:	0000                	unimp
    125c:	0000                	unimp
    125e:	e500                	sd	s0,8(a0)
    1260:	0014                	.insn	2, 0x0014
    1262:	0100                	addi	s0,sp,128
    1264:	0508                	addi	a0,sp,640
    1266:	015a                	slli	sp,sp,0x16
    1268:	0000                	unimp
    126a:	af09                	j	197c <__stack_align+0x196c>
    126c:	0004                	.insn	2, 0x0004
    126e:	0300                	addi	s0,sp,384
    1270:	17d6                	slli	a5,a5,0x35
    1272:	0041                	c.nop	16
    1274:	0000                	unimp
    1276:	0801                	addi	a6,a6,0
    1278:	00014307          	.insn	4, 0x00014307
    127c:	0a00                	addi	s0,sp,272
    127e:	0504                	addi	s1,sp,640
    1280:	6e69                	lui	t3,0x1a
    1282:	0074                	addi	a3,sp,12
    1284:	0801                	addi	a6,a6,0
    1286:	5505                	li	a0,-31
    1288:	0001                	nop
    128a:	0100                	addi	s0,sp,128
    128c:	0410                	addi	a2,sp,512
    128e:	0341                	addi	t1,t1,16 # 1010 <__stack_align+0x1000>
    1290:	0000                	unimp
    1292:	0401                	addi	s0,s0,0
    1294:	00014807          	.insn	4, 0x00014807
    1298:	0100                	addi	s0,sp,128
    129a:	0601                	addi	a2,a2,0
    129c:	00f2                	slli	ra,ra,0x1c
    129e:	0000                	unimp
    12a0:	0101                	addi	sp,sp,0
    12a2:	f008                	sd	a0,32(s0)
    12a4:	0000                	unimp
    12a6:	0100                	addi	s0,sp,128
    12a8:	0502                	c.slli64	a0
    12aa:	00000163          	beqz	zero,12ac <__stack_align+0x129c>
    12ae:	0201                	addi	tp,tp,0 # 0 <__boot_hart>
    12b0:	00010707          	.insn	4, 0x00010707
    12b4:	0b00                	addi	s0,sp,400
    12b6:	0408                	addi	a0,sp,512
    12b8:	0080                	addi	s0,sp,64
    12ba:	0000                	unimp
    12bc:	8c05                	sub	s0,s0,s1
    12be:	0000                	unimp
    12c0:	0100                	addi	s0,sp,128
    12c2:	0801                	addi	a6,a6,0
    12c4:	00f9                	addi	ra,ra,30
    12c6:	0000                	unimp
    12c8:	0801                	addi	a6,a6,0
    12ca:	00013e07          	fld	ft8,0(sp)
    12ce:	0600                	addi	s0,sp,768
    12d0:	0670                	addi	a2,sp,780
    12d2:	0000                	unimp
    12d4:	8021                	srli	s0,s0,0x8
    12d6:	0000                	unimp
    12d8:	b800                	fsd	fs0,48(s0)
    12da:	0000                	unimp
    12dc:	0200                	addi	s0,sp,256
    12de:	0080                	addi	s0,sp,64
    12e0:	0000                	unimp
    12e2:	4802                	lw	a6,0(sp)
    12e4:	0000                	unimp
    12e6:	0200                	addi	s0,sp,256
    12e8:	0035                	c.nop	13
    12ea:	0000                	unimp
    12ec:	0600                	addi	s0,sp,768
    12ee:	0000065b          	.insn	4, 0x065b
    12f2:	801f 0000 d600      	.insn	6, 0xd6000000801f
    12f8:	0000                	unimp
    12fa:	0200                	addi	s0,sp,256
    12fc:	0082                	c.slli64	ra
    12fe:	0000                	unimp
    1300:	db02                	sw	zero,180(sp)
    1302:	0000                	unimp
    1304:	0200                	addi	s0,sp,256
    1306:	0035                	c.nop	13
    1308:	0000                	unimp
    130a:	0500                	addi	s0,sp,640
    130c:	00e0                	addi	s0,sp,76
    130e:	0000                	unimp
    1310:	d604                	sw	s1,40(a2)
    1312:	0000                	unimp
    1314:	0c00                	addi	s0,sp,528
    1316:	1b0d                	addi	s6,s6,-29
    1318:	0006                	c.slli	zero,0x1
    131a:	0100                	addi	s0,sp,128
    131c:	3ee80603          	lb	a2,1006(a6)
    1320:	8000                	.insn	2, 0x8000
    1322:	0000                	unimp
    1324:	0000                	unimp
    1326:	0030                	addi	a2,sp,8
    1328:	0000                	unimp
    132a:	0000                	unimp
    132c:	0000                	unimp
    132e:	9c01                	subw	s0,s0,s0
    1330:	0161                	addi	sp,sp,24
    1332:	0000                	unimp
    1334:	410e                	lw	sp,192(sp)
    1336:	0006                	c.slli	zero,0x1
    1338:	0100                	addi	s0,sp,128
    133a:	1405                	addi	s0,s0,-31
    133c:	00000087          	.insn	4, 0x0087
    1340:	5401                	li	s0,-32
    1342:	00066203          	lwu	tp,0(a2)
    1346:	0600                	addi	s0,sp,768
    1348:	0161                	addi	sp,sp,24
    134a:	0000                	unimp
    134c:	00063303          	ld	t1,0(a2)
    1350:	0700                	addi	s0,sp,896
    1352:	0161                	addi	sp,sp,24
    1354:	0000                	unimp
    1356:	00062603          	lw	a2,0(a2)
    135a:	0800                	addi	s0,sp,16
    135c:	0161                	addi	sp,sp,24
    135e:	0000                	unimp
    1360:	00064f03          	lbu	t5,0(a2)
    1364:	0900                	addi	s0,sp,144
    1366:	0161                	addi	sp,sp,24
    1368:	0000                	unimp
    136a:	003f020f          	.insn	4, 0x003f020f
    136e:	0080                	addi	s0,sp,64
    1370:	0000                	unimp
    1372:	b800                	fsd	fs0,48(s0)
    1374:	0000                	unimp
    1376:	4d00                	lw	s0,24(a0)
    1378:	0001                	nop
    137a:	0700                	addi	s0,sp,896
    137c:	5a01                	li	s4,-32
    137e:	7802                	ld	a6,32(sp)
    1380:	0000                	unimp
    1382:	1810                	addi	a2,sp,48
    1384:	0080003f 9a000000 	.insn	8, 0x9a0000000080003f
    138c:	0000                	unimp
    138e:	0700                	addi	s0,sp,896
    1390:	5b01                	li	s6,-32
    1392:	3001                	.insn	2, 0x3001
    1394:	0000                	unimp
    1396:	8c11                	sub	s0,s0,a2
    1398:	0000                	unimp
    139a:	1200                	addi	s0,sp,288
    139c:	0000                	unimp
    139e:	0045                	c.nop	17
    13a0:	0000                	unimp
    13a2:	0005                	c.nop	1
    13a4:	0801                	addi	a6,a6,0
    13a6:	0a2d                	addi	s4,s4,11
    13a8:	0000                	unimp
    13aa:	6301                	.insn	2, 0x6301
    13ac:	1d000003          	lb	zero,464(zero) # 1d0 <__stack_align+0x1c0>
    13b0:	0000044f          	fnmadd.s	fs0,ft0,ft0,ft0,rne
    13b4:	000001f3          	.insn	4, 0x01f3
    13b8:	3f18                	fld	fa4,56(a4)
    13ba:	8000                	.insn	2, 0x8000
    13bc:	0000                	unimp
    13be:	0000                	unimp
    13c0:	0006                	c.slli	zero,0x1
    13c2:	0000                	unimp
    13c4:	0000                	unimp
    13c6:	0000                	unimp
    13c8:	15c4                	addi	s1,sp,740
    13ca:	0000                	unimp
    13cc:	7702                	ld	a4,32(sp)
    13ce:	0006                	c.slli	zero,0x1
    13d0:	0100                	addi	s0,sp,128
    13d2:	3f182707          	flw	fa4,1009(a6)
    13d6:	8000                	.insn	2, 0x8000
    13d8:	0000                	unimp
    13da:	0000                	unimp
    13dc:	0006                	c.slli	zero,0x1
    13de:	0000                	unimp
    13e0:	0000                	unimp
    13e2:	0000                	unimp
    13e4:	9c01                	subw	s0,s0,s0
    13e6:	3c00                	fld	fs0,56(s0)
    13e8:	05000003          	lb	zero,80(zero) # 50 <__stack_align+0x40>
    13ec:	0100                	addi	s0,sp,128
    13ee:	5d08                	lw	a0,56(a0)
    13f0:	000a                	c.slli	zero,0x2
    13f2:	1200                	addi	s0,sp,288
    13f4:	00000363          	beqz	zero,13fa <__stack_align+0x13ea>
    13f8:	5e1d                	li	t3,-25
    13fa:	0004                	.insn	2, 0x0004
    13fc:	f300                	sd	s0,32(a4)
    13fe:	0001                	nop
    1400:	1e00                	addi	s0,sp,816
    1402:	0080003f 4c000000 	.insn	8, 0x4c0000000080003f
    140a:	0000                	unimp
    140c:	0000                	unimp
    140e:	0000                	unimp
    1410:	2e00                	fld	fs0,24(a2)
    1412:	0016                	c.slli	zero,0x5
    1414:	0200                	addi	s0,sp,256
    1416:	0601                	addi	a2,a2,0
    1418:	00f2                	slli	ra,ra,0x1c
    141a:	0000                	unimp
    141c:	0102                	c.slli64	sp
    141e:	f008                	sd	a0,32(s0)
    1420:	0000                	unimp
    1422:	0200                	addi	s0,sp,256
    1424:	0502                	c.slli64	a0
    1426:	00000163          	beqz	zero,1428 <__stack_align+0x1418>
    142a:	0202                	c.slli64	tp
    142c:	00010707          	.insn	4, 0x00010707
    1430:	0100                	addi	s0,sp,128
    1432:	0689                	addi	a3,a3,2
    1434:	0000                	unimp
    1436:	4d04                	lw	s1,24(a0)
    1438:	5618                	lw	a4,40(a2)
    143a:	0000                	unimp
    143c:	1300                	addi	s0,sp,416
    143e:	0504                	addi	s1,sp,640
    1440:	6e69                	lui	t3,0x1a
    1442:	0074                	addi	a3,sp,12
    1444:	0402                	c.slli64	s0
    1446:	00014807          	.insn	4, 0x00014807
    144a:	0200                	addi	s0,sp,256
    144c:	0508                	addi	a0,sp,640
    144e:	015a                	slli	sp,sp,0x16
    1450:	0000                	unimp
    1452:	1401                	addi	s0,s0,-32
    1454:	0004                	.insn	2, 0x0004
    1456:	0400                	addi	s0,sp,512
    1458:	1969                	addi	s2,s2,-6
    145a:	00000077          	.insn	4, 0x0077
    145e:	0802                	c.slli64	a6
    1460:	00014307          	.insn	4, 0x00014307
    1464:	0100                	addi	s0,sp,128
    1466:	0584                	addi	s1,sp,704
    1468:	0000                	unimp
    146a:	e804                	sd	s1,16(s0)
    146c:	771a                	ld	a4,416(sp)
    146e:	0000                	unimp
    1470:	0100                	addi	s0,sp,128
    1472:	0000068b          	.insn	4, 0x068b
    1476:	2c05                	addiw	s8,s8,1 # 1001 <__stack_align+0xff1>
    1478:	00004a13          	xori	s4,zero,0
    147c:	0100                	addi	s0,sp,128
    147e:	0416                	slli	s0,s0,0x5
    1480:	0000                	unimp
    1482:	3c05                	addiw	s8,s8,-31
    1484:	6b14                	ld	a3,16(a4)
    1486:	0000                	unimp
    1488:	0800                	addi	s0,sp,16
    148a:	0096                	slli	ra,ra,0x5
    148c:	0000                	unimp
    148e:	8601                	c.srai64	a2
    1490:	0005                	c.nop	1
    1492:	0500                	addi	s0,sp,640
    1494:	1552                	slli	a0,a0,0x34
    1496:	007e                	c.slli	zero,0x1f
    1498:	0000                	unimp
    149a:	b101                	j	109a <__stack_align+0x108a>
    149c:	0006                	c.slli	zero,0x1
    149e:	0200                	addi	s0,sp,256
    14a0:	008a111b          	slliw	sp,s4,0x8
    14a4:	0000                	unimp
    14a6:	b314                	fsd	fa3,32(a4)
    14a8:	0000                	unimp
    14aa:	1500                	addi	s0,sp,672
    14ac:	0304                	addi	s1,sp,384
    14ae:	0906                	slli	s2,s2,0x1
    14b0:	000000db          	.insn	4, 0x00db
    14b4:	9816                	add	a6,a6,t0
    14b6:	0006                	c.slli	zero,0x1
    14b8:	0300                	addi	s0,sp,384
    14ba:	00b30e07          	.insn	4, 0x00b30e07
    14be:	0000                	unimp
    14c0:	0000                	unimp
    14c2:	7e01                	lui	t3,0xfffe0
    14c4:	0006                	c.slli	zero,0x1
    14c6:	0300                	addi	s0,sp,384
    14c8:	0308                	addi	a0,sp,384
    14ca:	00c4                	addi	s1,sp,68
    14cc:	0000                	unimp
    14ce:	f909                	bnez	a0,13e0 <__stack_align+0x13d0>
    14d0:	06000003          	lb	zero,96(zero) # 60 <__stack_align+0x50>
    14d4:	00a2                	slli	ra,ra,0x8
    14d6:	0000                	unimp
    14d8:	0609                	addi	a2,a2,2
    14da:	0004                	.insn	2, 0x0004
    14dc:	0700                	addi	s0,sp,896
    14de:	00a2                	slli	ra,ra,0x8
    14e0:	0000                	unimp
    14e2:	e70a                	sd	sp,392(sp)
    14e4:	0000                	unimp
    14e6:	0700                	addi	s0,sp,896
    14e8:	0309                	addi	t1,t1,2
    14ea:	4740                	lw	s0,12(a4)
    14ec:	8000                	.insn	2, 0x8000
    14ee:	0000                	unimp
    14f0:	0000                	unimp
    14f2:	f10a                	sd	sp,160(sp)
    14f4:	0000                	unimp
    14f6:	0800                	addi	s0,sp,16
    14f8:	0309                	addi	t1,t1,2
    14fa:	4748                	lw	a0,12(a4)
    14fc:	8000                	.insn	2, 0x8000
    14fe:	0000                	unimp
    1500:	0000                	unimp
    1502:	00069317          	auipc	t1,0x69
    1506:	0100                	addi	s0,sp,128
    1508:	130a                	slli	t1,t1,0x22
    150a:	000000db          	.insn	4, 0x00db
    150e:	0309                	addi	t1,t1,2 # 6a504 <__heap_size+0x4a504>
    1510:	4a40                	lw	s0,20(a2)
    1512:	8000                	.insn	2, 0x8000
    1514:	0000                	unimp
    1516:	0000                	unimp
    1518:	7718                	ld	a4,40(a4)
    151a:	0005                	c.nop	1
    151c:	0100                	addi	s0,sp,128
    151e:	060c                	addi	a1,sp,768
    1520:	0064                	addi	s1,sp,12
    1522:	0000                	unimp
    1524:	3f1e                	fld	ft10,480(sp)
    1526:	8000                	.insn	2, 0x8000
    1528:	0000                	unimp
    152a:	0000                	unimp
    152c:	004c                	addi	a1,sp,4
    152e:	0000                	unimp
    1530:	0000                	unimp
    1532:	0000                	unimp
    1534:	9c01                	subw	s0,s0,s0
    1536:	0289                	addi	t0,t0,2
    1538:	0000                	unimp
    153a:	6105                	addi	sp,sp,32
    153c:	0030                	addi	a2,sp,8
    153e:	961c                	.insn	2, 0x961c
    1540:	0000                	unimp
    1542:	4100                	lw	s0,0(a0)
    1544:	0005                	c.nop	1
    1546:	1900                	addi	s0,sp,176
    1548:	3161                	addiw	sp,sp,-8
    154a:	0100                	addi	s0,sp,128
    154c:	290c                	fld	fa1,16(a0)
    154e:	0096                	slli	ra,ra,0x5
    1550:	0000                	unimp
    1552:	5b01                	li	s6,-32
    1554:	6105                	addi	sp,sp,32
    1556:	0032                	c.slli	zero,0xc
    1558:	9636                	add	a2,a2,a3
    155a:	0000                	unimp
    155c:	4f00                	lw	s0,24(a4)
    155e:	0005                	c.nop	1
    1560:	0500                	addi	s0,sp,640
    1562:	006e                	c.slli	zero,0x1b
    1564:	7748                	ld	a0,168(a4)
    1566:	0000                	unimp
    1568:	6300                	ld	s0,0(a4)
    156a:	0005                	c.nop	1
    156c:	0b00                	addi	s0,sp,400
    156e:	7562                	ld	a0,56(sp)
    1570:	0066                	c.slli	zero,0x19
    1572:	170e                	slli	a4,a4,0x23
    1574:	0299                	addi	t0,t0,6
    1576:	0000                	unimp
    1578:	9102                	jalr	sp
    157a:	0b40                	addi	s0,sp,404
    157c:	0f006373          	csrrsi	t1,0xf0,0
    1580:	960e                	add	a2,a2,gp
    1582:	0000                	unimp
    1584:	0100                	addi	s0,sp,128
    1586:	0c5c                	addi	a5,sp,532
    1588:	02ba                	slli	t0,t0,0xe
    158a:	0000                	unimp
    158c:	3f36                	fld	ft10,360(sp)
    158e:	8000                	.insn	2, 0x8000
    1590:	0000                	unimp
    1592:	0000                	unimp
    1594:	000c                	.insn	2, 0x000c
    1596:	0000                	unimp
    1598:	0000                	unimp
    159a:	0000                	unimp
    159c:	00021717          	auipc	a4,0x21
    15a0:	0300                	addi	s0,sp,384
    15a2:	02c5                	addi	t0,t0,17
    15a4:	0000                	unimp
    15a6:	0571                	addi	a0,a0,28
    15a8:	0000                	unimp
    15aa:	eb1a                	sd	t1,400(sp)
    15ac:	0002                	c.slli64	zero
    15ae:	3600                	fld	fs0,40(a2)
    15b0:	0080003f 67000000 	.insn	8, 0x670000000080003f
    15b8:	0000                	unimp
    15ba:	0300                	addi	s0,sp,384
    15bc:	0e12                	slli	t3,t3,0x4
    15be:	01f9                	addi	gp,gp,30 # 800051be <__global_pointer$+0x1e>
    15c0:	0000                	unimp
    15c2:	00030203          	lb	tp,0(t1)
    15c6:	8000                	.insn	2, 0x8000
    15c8:	0005                	c.nop	1
    15ca:	0300                	addi	s0,sp,384
    15cc:	02f9                	addi	t0,t0,30
    15ce:	0000                	unimp
    15d0:	0588                	addi	a0,sp,704
    15d2:	0000                	unimp
    15d4:	0000671b          	.insn	4, 0x671b
    15d8:	1c00                	addi	s0,sp,560
    15da:	0000030b          	.insn	4, 0x030b
    15de:	0000                	unimp
    15e0:	160d                	addi	a2,a2,-29
    15e2:	38000003          	lb	zero,896(zero) # 380 <__stack_align+0x370>
    15e6:	0080003f 02000000 	.insn	8, 0x020000000080003f
    15ee:	0000                	unimp
    15f0:	0000                	unimp
    15f2:	0000                	unimp
    15f4:	1000                	addi	s0,sp,32
    15f6:	1d10                	addi	a2,sp,688
    15f8:	0324                	addi	s1,sp,392
    15fa:	0000                	unimp
    15fc:	0000                	unimp
    15fe:	330e                	fld	ft6,224(sp)
    1600:	42000003          	lb	zero,1056(zero) # 420 <__stack_align+0x410>
    1604:	0080003f 04000000 	.insn	8, 0x040000000080003f
    160c:	0000                	unimp
    160e:	0000                	unimp
    1610:	0000                	unimp
    1612:	1800                	addi	s0,sp,48
    1614:	9e0c                	.insn	2, 0x9e0c
    1616:	0002                	c.slli64	zero
    1618:	5c00                	lw	s0,56(s0)
    161a:	0080003f 04000000 	.insn	8, 0x040000000080003f
    1622:	0000                	unimp
    1624:	0000                	unimp
    1626:	0000                	unimp
    1628:	1c00                	addi	s0,sp,560
    162a:	0272                	slli	tp,tp,0x1c
    162c:	0000                	unimp
    162e:	0002a903          	lw	s2,0(t0)
    1632:	9700                	.insn	2, 0x9700
    1634:	0005                	c.nop	1
    1636:	0d00                	addi	s0,sp,656
    1638:	02d1                	addi	t0,t0,20
    163a:	0000                	unimp
    163c:	3f5c                	fld	fa5,184(a4)
    163e:	8000                	.insn	2, 0x8000
    1640:	0000                	unimp
    1642:	0000                	unimp
    1644:	0004                	.insn	2, 0x0004
    1646:	0000                	unimp
    1648:	0000                	unimp
    164a:	0000                	unimp
    164c:	dc030517          	auipc	a0,0xdc030
    1650:	0002                	c.slli64	zero
    1652:	9700                	.insn	2, 0x9700
    1654:	0005                	c.nop	1
    1656:	0000                	unimp
    1658:	0e00                	addi	s0,sp,784
    165a:	0339                	addi	t1,t1,14
    165c:	0000                	unimp
    165e:	3f60                	fld	fs0,248(a4)
    1660:	8000                	.insn	2, 0x8000
    1662:	0000                	unimp
    1664:	0000                	unimp
    1666:	0004                	.insn	2, 0x0004
    1668:	0000                	unimp
    166a:	0000                	unimp
    166c:	0000                	unimp
    166e:	001e                	c.slli	zero,0x7
    1670:	a21e                	fsd	ft7,256(sp)
    1672:	0000                	unimp
    1674:	9900                	.insn	2, 0x9900
    1676:	0002                	c.slli64	zero
    1678:	1f00                	addi	s0,sp,944
    167a:	00000077          	.insn	4, 0x0077
    167e:	89080007          	.insn	4, 0x89080007
    1682:	0002                	c.slli64	zero
    1684:	0600                	addi	s0,sp,768
    1686:	06d0                	addi	a2,sp,836
    1688:	0000                	unimp
    168a:	02b51503          	lh	a0,43(a0) # ffffffffdc031677 <__heap_end+0xffffffff5c00c677>
    168e:	0000                	unimp
    1690:	0006980f          	.insn	4, 0x0006980f
    1694:	1500                	addi	s0,sp,672
    1696:	b52c                	fsd	fa1,104(a0)
    1698:	0002                	c.slli64	zero
    169a:	0000                	unimp
    169c:	0000db07          	.insn	4, 0xdb07
    16a0:	0600                	addi	s0,sp,768
    16a2:	06c6                	slli	a3,a3,0x11
    16a4:	0000                	unimp
    16a6:	02d10c03          	lb	s8,45(sp)
    16aa:	0000                	unimp
    16ac:	0006980f          	.insn	4, 0x0006980f
    16b0:	0c00                	addi	s0,sp,528
    16b2:	b52a                	fsd	fa0,168(sp)
    16b4:	0002                	c.slli64	zero
    16b6:	0000                	unimp
    16b8:	dc06                	sw	ra,56(sp)
    16ba:	0006                	c.slli	zero,0x1
    16bc:	0200                	addi	s0,sp,256
    16be:	e63c                	sd	a5,72(a2)
    16c0:	0002                	c.slli64	zero
    16c2:	0400                	addi	s0,sp,512
    16c4:	0070                	addi	a2,sp,12
    16c6:	333c                	fld	fa5,96(a4)
    16c8:	02e6                	slli	t0,t0,0x19
    16ca:	0000                	unimp
    16cc:	0700                	addi	s0,sp,896
    16ce:	000000b3          	add	ra,zero,zero
    16d2:	9d10                	.insn	2, 0x9d10
    16d4:	0006                	c.slli	zero,0x1
    16d6:	2800                	fld	fs0,16(s0)
    16d8:	0064                	addi	s1,sp,12
    16da:	0000                	unimp
    16dc:	0316                	slli	t1,t1,0x5
    16de:	0000                	unimp
    16e0:	7004                	ld	s1,32(s0)
    16e2:	2800                	fld	fs0,16(s0)
    16e4:	e632                	sd	a2,264(sp)
    16e6:	0002                	c.slli64	zero
    16e8:	0400                	addi	s0,sp,512
    16ea:	0076                	c.slli	zero,0x1d
    16ec:	3e28                	fld	fa0,120(a2)
    16ee:	000000b3          	add	ra,zero,zero
    16f2:	6e20                	ld	s0,88(a2)
    16f4:	0200                	addi	s0,sp,256
    16f6:	0a2a                	slli	s4,s4,0xa
    16f8:	0064                	addi	s1,sp,12
    16fa:	0000                	unimp
    16fc:	1000                	addi	s0,sp,32
    16fe:	06ba                	slli	a3,a3,0xe
    1700:	0000                	unimp
    1702:	641d                	lui	s0,0x7
    1704:	0000                	unimp
    1706:	2e00                	fld	fs0,24(a2)
    1708:	04000003          	lb	zero,64(zero) # 40 <__stack_align+0x30>
    170c:	0070                	addi	a2,sp,12
    170e:	301d                	.insn	2, 0x301d
    1710:	032e                	slli	t1,t1,0xb
    1712:	0000                	unimp
    1714:	0700                	addi	s0,sp,896
    1716:	000000bf 626d7711 	.insn	8, 0x626d7711000000bf
    171e:	1600                	addi	s0,sp,800
    1720:	7211                	lui	tp,0xfffe4
    1722:	626d                	lui	tp,0x1b
    1724:	1500                	addi	s0,sp,672
	...

Disassembly of section .debug_abbrev:

0000000000000000 <.debug_abbrev>:
   0:	2401                	sext.w	s0,s0
   2:	0b00                	addi	s0,sp,400
   4:	030b3e0b          	.insn	4, 0x030b3e0b
   8:	000e                	c.slli	zero,0x3
   a:	0200                	addi	s0,sp,256
   c:	000d                	c.nop	3
   e:	213a0e03          	lb	t3,531(s4)
  12:	3b01                	addiw	s6,s6,-32
  14:	0b21390b          	.insn	4, 0x0b21390b
  18:	1349                	addi	t1,t1,-14
  1a:	0b38                	addi	a4,sp,408
  1c:	0000                	unimp
  1e:	03003403          	ld	s0,48(zero) # 30 <__stack_align+0x20>
  22:	3a08                	fld	fa0,48(a2)
  24:	0121                	addi	sp,sp,8
  26:	0b390b3b          	.insn	4, 0x0b390b3b
  2a:	1349                	addi	t1,t1,-14
  2c:	1702                	slli	a4,a4,0x20
  2e:	0000                	unimp
  30:	4904                	lw	s1,16(a0)
  32:	0200                	addi	s0,sp,256
  34:	7e18                	ld	a4,56(a2)
  36:	0018                	.insn	2, 0x0018
  38:	0500                	addi	s0,sp,640
  3a:	000d                	c.nop	3
  3c:	213a0803          	lb	a6,531(s4)
  40:	3b01                	addiw	s6,s6,-32
  42:	0721                	addi	a4,a4,8 # 225a4 <__heap_size+0x25a4>
  44:	0b39                	addi	s6,s6,14
  46:	1349                	addi	t1,t1,-14
  48:	0b38                	addi	a4,sp,408
  4a:	0000                	unimp
  4c:	4806                	lw	a6,64(sp)
  4e:	7d01                	lui	s10,0xfffe0
  50:	7f01                	lui	t5,0xfffe0
  52:	07000013          	li	zero,112
  56:	0026                	c.slli	zero,0x9
  58:	1349                	addi	t1,t1,-14
  5a:	0000                	unimp
  5c:	0f08                	addi	a0,sp,912
  5e:	0b00                	addi	s0,sp,400
  60:	0821                	addi	a6,a6,8
  62:	1349                	addi	t1,t1,-14
  64:	0000                	unimp
  66:	1109                	addi	sp,sp,-30
  68:	2501                	sext.w	a0,a0
  6a:	130e                	slli	t1,t1,0x23
  6c:	1b1f030b          	.insn	4, 0x1b1f030b
  70:	551f 1117 1001      	.insn	6, 0x10011117551f
  76:	0a000017          	auipc	zero,0xa000
  7a:	0024                	addi	s1,sp,8
  7c:	0b3e0b0b          	.insn	4, 0x0b3e0b0b
  80:	00000803          	lb	a6,0(zero) # 0 <__boot_hart>
  84:	4900370b          	.insn	4, 0x4900370b
  88:	0c000013          	li	zero,192
  8c:	0b0b0113          	addi	sp,s6,176
  90:	0b3a                	slli	s6,s6,0xe
  92:	0b390b3b          	.insn	4, 0x0b390b3b
  96:	1301                	addi	t1,t1,-32
  98:	0000                	unimp
  9a:	160d                	addi	a2,a2,-29
  9c:	0300                	addi	s0,sp,384
  9e:	3a0e                	fld	fs4,224(sp)
  a0:	390b3b0b          	.insn	4, 0x390b3b0b
  a4:	0013490b          	.insn	4, 0x0013490b
  a8:	0e00                	addi	s0,sp,784
  aa:	012e                	slli	sp,sp,0xb
  ac:	0e03193f 0b3b0b3a 	.insn	8, 0x0b3b0b3a0e03193f
  b4:	0b39                	addi	s6,s6,14
  b6:	13491927          	.insn	4, 0x13491927
  ba:	193c                	addi	a5,sp,184
  bc:	1301                	addi	t1,t1,-32
  be:	0000                	unimp
  c0:	4900050f          	.insn	4, 0x4900050f
  c4:	10000013          	li	zero,256
  c8:	0018                	.insn	2, 0x0018
  ca:	0000                	unimp
  cc:	2e11                	addiw	t3,t3,4 # fffffffffffe0004 <__heap_end+0xffffffff7ffbb004>
  ce:	3f01                	addiw	t5,t5,-32 # fffffffffffdffe0 <__heap_end+0xffffffff7ffbafe0>
  d0:	0319                	addi	t1,t1,6
  d2:	3a0e                	fld	fs4,224(sp)
  d4:	390b3b0b          	.insn	4, 0x390b3b0b
  d8:	1113490b          	.insn	4, 0x1113490b
  dc:	1201                	addi	tp,tp,-32 # 1afe0 <__stack_size+0x12fe0>
  de:	7a184007          	.insn	4, 0x7a184007
  e2:	0119                	addi	sp,sp,6
  e4:	12000013          	li	zero,288
  e8:	0034                	addi	a3,sp,8
  ea:	0b3a0803          	lb	a6,179(s4)
  ee:	0b390b3b          	.insn	4, 0x0b390b3b
  f2:	1349                	addi	t1,t1,-14
  f4:	0b1c                	addi	a5,sp,400
  f6:	0000                	unimp
  f8:	03003413          	sltiu	s0,zero,48
  fc:	3a0e                	fld	fs4,224(sp)
  fe:	390b3b0b          	.insn	4, 0x390b3b0b
 102:	0213490b          	.insn	4, 0x0213490b
 106:	0018                	.insn	2, 0x0018
 108:	1400                	addi	s0,sp,544
 10a:	0034                	addi	a3,sp,8
 10c:	0b3a0803          	lb	a6,179(s4)
 110:	0b390b3b          	.insn	4, 0x0b390b3b
 114:	1349                	addi	t1,t1,-14
 116:	1802                	slli	a6,a6,0x20
 118:	0000                	unimp
 11a:	3415                	addiw	s0,s0,-27 # 6fe5 <__stack_size_min+0xfe5>
 11c:	0300                	addi	s0,sp,384
 11e:	3a0e                	fld	fs4,224(sp)
 120:	390b3b0b          	.insn	4, 0x390b3b0b
 124:	0213490b          	.insn	4, 0x0213490b
 128:	16000017          	auipc	zero,0x16000
 12c:	0111010b          	.insn	4, 0x0111010b
 130:	0712                	slli	a4,a4,0x4
 132:	1301                	addi	t1,t1,-32
 134:	0000                	unimp
 136:	55010b17          	auipc	s6,0x55010
 13a:	00130117          	auipc	sp,0x130
 13e:	1800                	addi	s0,sp,48
 140:	0148                	addi	a0,sp,132
 142:	017d                	addi	sp,sp,31 # 130159 <__heap_size+0x110159>
 144:	1301137f 01190000 	.insn	12, 0x01134901011900001301137f
 14c:	01134901 
 150:	1a000013          	li	zero,416
 154:	0021                	c.nop	8
 156:	1349                	addi	t1,t1,-14
 158:	00000b2f          	.insn	4, 0x0b2f
 15c:	0100                	addi	s0,sp,128
 15e:	0024                	addi	s1,sp,8
 160:	0b3e0b0b          	.insn	4, 0x0b3e0b0b
 164:	00000e03          	lb	t3,0(zero) # 0 <__boot_hart>
 168:	3402                	fld	fs0,32(sp)
 16a:	0300                	addi	s0,sp,384
 16c:	3a0e                	fld	fs4,224(sp)
 16e:	0121                	addi	sp,sp,8
 170:	21390b3b          	.insn	4, 0x21390b3b
 174:	02134903          	lbu	s2,33(t1)
 178:	03000017          	auipc	zero,0x3000
 17c:	0034                	addi	a3,sp,8
 17e:	213a0803          	lb	a6,531(s4)
 182:	3b01                	addiw	s6,s6,-32 # 55010116 <__heap_size+0x54ff0116>
 184:	490b390b          	.insn	4, 0x490b390b
 188:	00170213          	addi	tp,a4,1
 18c:	0400                	addi	s0,sp,512
 18e:	000d                	c.nop	3
 190:	0b3a0e03          	lb	t3,179(s4)
 194:	0b390b3b          	.insn	4, 0x0b390b3b
 198:	1349                	addi	t1,t1,-14
 19a:	0b0d                	addi	s6,s6,3
 19c:	00000b6b          	.insn	4, 0x0b6b
 1a0:	1305                	addi	t1,t1,-31
 1a2:	0b01                	addi	s6,s6,0
 1a4:	3b0b3a0b          	.insn	4, 0x3b0b3a0b
 1a8:	0321390b          	.insn	4, 0x0321390b
 1ac:	1301                	addi	t1,t1,-32
 1ae:	0000                	unimp
 1b0:	0d06                	slli	s10,s10,0x1
 1b2:	0300                	addi	s0,sp,384
 1b4:	3a0e                	fld	fs4,224(sp)
 1b6:	390b3b0b          	.insn	4, 0x390b3b0b
 1ba:	0521                	addi	a0,a0,8
 1bc:	1349                	addi	t1,t1,-14
 1be:	0000                	unimp
 1c0:	03003407          	fld	fs0,48(zero) # 30 <__stack_align+0x20>
 1c4:	3a0e                	fld	fs4,224(sp)
 1c6:	0121                	addi	sp,sp,8
 1c8:	21390b3b          	.insn	4, 0x21390b3b
 1cc:	00134903          	lbu	s2,1(t1)
 1d0:	0800                	addi	s0,sp,16
 1d2:	0016                	c.slli	zero,0x5
 1d4:	0b3a0e03          	lb	t3,179(s4)
 1d8:	21390b3b          	.insn	4, 0x21390b3b
 1dc:	0013490f          	.insn	4, 0x0013490f
 1e0:	0900                	addi	s0,sp,144
 1e2:	000d                	c.nop	3
 1e4:	0b3a0803          	lb	a6,179(s4)
 1e8:	21390b3b          	.insn	4, 0x21390b3b
 1ec:	490e                	lw	s2,192(sp)
 1ee:	6b0b0d13          	addi	s10,s6,1712
 1f2:	0a00000b          	.insn	4, 0x0a00000b
 1f6:	0e030117          	auipc	sp,0xe030
 1fa:	0b3a0b0b          	.insn	4, 0x0b3a0b0b
 1fe:	21390b3b          	.insn	4, 0x21390b3b
 202:	00130107          	.insn	4, 0x00130107
 206:	0b00                	addi	s0,sp,400
 208:	000d                	c.nop	3
 20a:	0b3a0803          	lb	a6,179(s4)
 20e:	21390b3b          	.insn	4, 0x21390b3b
 212:	490a                	lw	s2,128(sp)
 214:	0c000013          	li	zero,192
 218:	000d                	c.nop	3
 21a:	213a0803          	lb	a6,531(s4)
 21e:	390b3b03          	ld	s6,912(s6)
 222:	3813490b          	.insn	4, 0x3813490b
 226:	0d00000b          	.insn	4, 0x0d00000b
 22a:	0034                	addi	a3,sp,8
 22c:	213a0803          	lb	a6,531(s4)
 230:	3b01                	addiw	s6,s6,-32
 232:	0321390b          	.insn	4, 0x0321390b
 236:	1349                	addi	t1,t1,-14
 238:	0000                	unimp
 23a:	0b0e                	slli	s6,s6,0x3
 23c:	5501                	li	a0,-32
 23e:	00130117          	auipc	sp,0x130
 242:	0f00                	addi	s0,sp,912
 244:	0111                	addi	sp,sp,4 # 130242 <__heap_size+0x110242>
 246:	0e25                	addi	t3,t3,9
 248:	1f030b13          	addi	s6,t1,496
 24c:	01111f1b          	slliw	t5,sp,0x11
 250:	0712                	slli	a4,a4,0x4
 252:	1710                	addi	a2,sp,928
 254:	0000                	unimp
 256:	2410                	fld	fa2,8(s0)
 258:	0b00                	addi	s0,sp,400
 25a:	030b3e0b          	.insn	4, 0x030b3e0b
 25e:	0008                	.insn	2, 0x0008
 260:	1100                	addi	s0,sp,160
 262:	012e                	slli	sp,sp,0xb
 264:	0e03193f 0b3b0b3a 	.insn	8, 0x0b3b0b3a0e03193f
 26c:	0b39                	addi	s6,s6,14
 26e:	13491927          	.insn	4, 0x13491927
 272:	0111                	addi	sp,sp,4
 274:	0712                	slli	a4,a4,0x4
 276:	1840                	addi	s0,sp,52
 278:	197a                	slli	s2,s2,0x3e
 27a:	1301                	addi	t1,t1,-32
 27c:	0000                	unimp
 27e:	0512                	slli	a0,a0,0x4
 280:	0300                	addi	s0,sp,384
 282:	3a08                	fld	fa0,48(a2)
 284:	390b3b0b          	.insn	4, 0x390b3b0b
 288:	0213490b          	.insn	4, 0x0213490b
 28c:	13000017          	auipc	zero,0x13000
 290:	1755010b          	.insn	4, 0x1755010b
 294:	0000                	unimp
 296:	0b14                	addi	a3,sp,400
 298:	1101                	addi	sp,sp,-32
 29a:	1201                	addi	tp,tp,-32 # ffffffffffffffe0 <__heap_end+0xffffffff7ffdafe0>
 29c:	00000007          	.insn	4, 0x0007
 2a0:	2401                	sext.w	s0,s0
 2a2:	0b00                	addi	s0,sp,400
 2a4:	030b3e0b          	.insn	4, 0x030b3e0b
 2a8:	000e                	c.slli	zero,0x3
 2aa:	0200                	addi	s0,sp,256
 2ac:	0111                	addi	sp,sp,4
 2ae:	0e25                	addi	t3,t3,9
 2b0:	1f030b13          	addi	s6,t1,496
 2b4:	01111f1b          	slliw	t5,sp,0x11
 2b8:	0712                	slli	a4,a4,0x4
 2ba:	1710                	addi	a2,sp,928
 2bc:	0000                	unimp
 2be:	0b002403          	lw	s0,176(zero) # b0 <__stack_align+0xa0>
 2c2:	030b3e0b          	.insn	4, 0x030b3e0b
 2c6:	0008                	.insn	2, 0x0008
 2c8:	0400                	addi	s0,sp,512
 2ca:	002e                	c.slli	zero,0xb
 2cc:	0e03193f 0b3b0b3a 	.insn	8, 0x0b3b0b3a0e03193f
 2d4:	0b39                	addi	s6,s6,14
 2d6:	13491927          	.insn	4, 0x13491927
 2da:	193c                	addi	a5,sp,184
 2dc:	0000                	unimp
 2de:	0f05                	addi	t5,t5,1
 2e0:	0b00                	addi	s0,sp,400
 2e2:	0013490b          	.insn	4, 0x0013490b
 2e6:	0600                	addi	s0,sp,768
 2e8:	012e                	slli	sp,sp,0xb
 2ea:	0e03193f 0b3b0b3a 	.insn	8, 0x0b3b0b3a0e03193f
 2f2:	0b39                	addi	s6,s6,14
 2f4:	13491927          	.insn	4, 0x13491927
 2f8:	0111                	addi	sp,sp,4
 2fa:	0712                	slli	a4,a4,0x4
 2fc:	1840                	addi	s0,sp,52
 2fe:	197a                	slli	s2,s2,0x3e
 300:	0000                	unimp
 302:	03000507          	.insn	4, 0x03000507
 306:	3a0e                	fld	fs4,224(sp)
 308:	390b3b0b          	.insn	4, 0x390b3b0b
 30c:	0213490b          	.insn	4, 0x0213490b
 310:	08000017          	auipc	zero,0x8000
 314:	0048                	addi	a0,sp,4
 316:	017d                	addi	sp,sp,31
 318:	0000137f 00240100 	.insn	12, 0x0b3e0b0b002401000000137f
 320:	0b3e0b0b 
 324:	00000e03          	lb	t3,0(zero) # 0 <__boot_hart>
 328:	1602                	slli	a2,a2,0x20
 32a:	0300                	addi	s0,sp,384
 32c:	3a0e                	fld	fs4,224(sp)
 32e:	390b3b0b          	.insn	4, 0x390b3b0b
 332:	0013490b          	.insn	4, 0x0013490b
 336:	0300                	addi	s0,sp,384
 338:	0034                	addi	a3,sp,8
 33a:	213a0e03          	lb	t3,531(s4)
 33e:	3b04                	fld	fs1,48(a4)
 340:	1a21390b          	.insn	4, 0x1a21390b
 344:	1349                	addi	t1,t1,-14
 346:	193c193f 11040000 	.insn	8, 0x11040000193c193f
 34e:	2501                	sext.w	a0,a0
 350:	130e                	slli	t1,t1,0x23
 352:	1b1f030b          	.insn	4, 0x1b1f030b
 356:	111f 1201 1007      	.insn	6, 0x10071201111f
 35c:	05000017          	auipc	zero,0x5000
 360:	0024                	addi	s1,sp,8
 362:	0b3e0b0b          	.insn	4, 0x0b3e0b0b
 366:	00000803          	lb	a6,0(zero) # 0 <__boot_hart>
 36a:	3506                	fld	fa0,96(sp)
 36c:	4900                	lw	s0,16(a0)
 36e:	07000013          	li	zero,112
 372:	012e                	slli	sp,sp,0xb
 374:	0e03193f 0b3b0b3a 	.insn	8, 0x0b3b0b3a0e03193f
 37c:	0b39                	addi	s6,s6,14
 37e:	01871927          	.insn	4, 0x01871927
 382:	1119                	addi	sp,sp,-26
 384:	1201                	addi	tp,tp,-32 # ffffffffffffffe0 <__heap_end+0xffffffff7ffdafe0>
 386:	7a184007          	.insn	4, 0x7a184007
 38a:	0019                	c.nop	6
 38c:	0800                	addi	s0,sp,16
 38e:	0005                	c.nop	1
 390:	0b3a0e03          	lb	t3,179(s4)
 394:	0b390b3b          	.insn	4, 0x0b390b3b
 398:	1349                	addi	t1,t1,-14
 39a:	1802                	slli	a6,a6,0x20
 39c:	0000                	unimp
 39e:	3409                	addiw	s0,s0,-30
 3a0:	0300                	addi	s0,sp,384
 3a2:	3a08                	fld	fa0,48(a2)
 3a4:	390b3b0b          	.insn	4, 0x390b3b0b
 3a8:	0213490b          	.insn	4, 0x0213490b
 3ac:	0018                	.insn	2, 0x0018
 3ae:	0000                	unimp
 3b0:	1601                	addi	a2,a2,-32
 3b2:	0300                	addi	s0,sp,384
 3b4:	3a0e                	fld	fs4,224(sp)
 3b6:	390b3b0b          	.insn	4, 0x390b3b0b
 3ba:	0013490b          	.insn	4, 0x0013490b
 3be:	0200                	addi	s0,sp,256
 3c0:	000d                	c.nop	3
 3c2:	0b3a0e03          	lb	t3,179(s4)
 3c6:	0b390b3b          	.insn	4, 0x0b390b3b
 3ca:	1349                	addi	t1,t1,-14
 3cc:	0b38                	addi	a4,sp,408
 3ce:	0000                	unimp
 3d0:	0b002403          	lw	s0,176(zero) # b0 <__stack_align+0xa0>
 3d4:	030b3e0b          	.insn	4, 0x030b3e0b
 3d8:	000e                	c.slli	zero,0x3
 3da:	0400                	addi	s0,sp,512
 3dc:	0e030113          	addi	sp,t1,224
 3e0:	0b3a0b0b          	.insn	4, 0x0b3a0b0b
 3e4:	21390b3b          	.insn	4, 0x21390b3b
 3e8:	0108                	addi	a0,sp,128
 3ea:	05000013          	li	zero,80
 3ee:	210b000f          	.insn	4, 0x210b000f
 3f2:	4908                	lw	a0,16(a0)
 3f4:	06000013          	li	zero,96
 3f8:	0111                	addi	sp,sp,4
 3fa:	0e25                	addi	t3,t3,9
 3fc:	1f030b13          	addi	s6,t1,496
 400:	01111f1b          	slliw	t5,sp,0x11
 404:	0712                	slli	a4,a4,0x4
 406:	1710                	addi	a2,sp,928
 408:	0000                	unimp
 40a:	0b002407          	flw	fs0,176(zero) # b0 <__stack_align+0xa0>
 40e:	030b3e0b          	.insn	4, 0x030b3e0b
 412:	0008                	.insn	2, 0x0008
 414:	0800                	addi	s0,sp,16
 416:	0101                	addi	sp,sp,0
 418:	1349                	addi	t1,t1,-14
 41a:	1301                	addi	t1,t1,-32
 41c:	0000                	unimp
 41e:	2109                	addiw	sp,sp,2
 420:	4900                	lw	s0,16(a0)
 422:	000b2f13          	slti	t5,s6,0
 426:	0a00                	addi	s0,sp,272
 428:	002e                	c.slli	zero,0xb
 42a:	0e03193f 0b3b0b3a 	.insn	8, 0x0b3b0b3a0e03193f
 432:	0b39                	addi	s6,s6,14
 434:	13491927          	.insn	4, 0x13491927
 438:	193c                	addi	a5,sp,184
 43a:	0000                	unimp
 43c:	3f012e0b          	.insn	4, 0x3f012e0b
 440:	0319                	addi	t1,t1,6
 442:	3a0e                	fld	fs4,224(sp)
 444:	390b3b0b          	.insn	4, 0x390b3b0b
 448:	4919270b          	.insn	4, 0x4919270b
 44c:	12011113          	.insn	4, 0x12011113
 450:	7a184007          	.insn	4, 0x7a184007
 454:	0119                	addi	sp,sp,6
 456:	0c000013          	li	zero,192
 45a:	0005                	c.nop	1
 45c:	0b3a0e03          	lb	t3,179(s4)
 460:	0b390b3b          	.insn	4, 0x0b390b3b
 464:	1349                	addi	t1,t1,-14
 466:	1702                	slli	a4,a4,0x20
 468:	0000                	unimp
 46a:	050d                	addi	a0,a0,3
 46c:	0300                	addi	s0,sp,384
 46e:	3a08                	fld	fa0,48(a2)
 470:	390b3b0b          	.insn	4, 0x390b3b0b
 474:	0213490b          	.insn	4, 0x0213490b
 478:	0e000017          	auipc	zero,0xe000
 47c:	0048                	addi	a0,sp,4
 47e:	017d                	addi	sp,sp,31
 480:	0000137f 00240100 	.insn	12, 0x0b3e0b0b002401000000137f
 488:	0b3e0b0b 
 48c:	00000e03          	lb	t3,0(zero) # 0 <__boot_hart>
 490:	1102                	slli	sp,sp,0x20
 492:	2501                	sext.w	a0,a0
 494:	130e                	slli	t1,t1,0x23
 496:	1b1f030b          	.insn	4, 0x1b1f030b
 49a:	111f 1201 1007      	.insn	6, 0x10071201111f
 4a0:	03000017          	auipc	zero,0x3000
 4a4:	0024                	addi	s1,sp,8
 4a6:	0b3e0b0b          	.insn	4, 0x0b3e0b0b
 4aa:	00000803          	lb	a6,0(zero) # 0 <__boot_hart>
 4ae:	2e04                	fld	fs1,24(a2)
 4b0:	3f00                	fld	fs0,56(a4)
 4b2:	0319                	addi	t1,t1,6
 4b4:	3a0e                	fld	fs4,224(sp)
 4b6:	390b3b0b          	.insn	4, 0x390b3b0b
 4ba:	4919270b          	.insn	4, 0x4919270b
 4be:	12011113          	.insn	4, 0x12011113
 4c2:	7a184007          	.insn	4, 0x7a184007
 4c6:	0019                	c.nop	6
 4c8:	0000                	unimp
 4ca:	2401                	sext.w	s0,s0
 4cc:	0b00                	addi	s0,sp,400
 4ce:	030b3e0b          	.insn	4, 0x030b3e0b
 4d2:	000e                	c.slli	zero,0x3
 4d4:	0200                	addi	s0,sp,256
 4d6:	0111                	addi	sp,sp,4
 4d8:	0e25                	addi	t3,t3,9
 4da:	1f030b13          	addi	s6,t1,496
 4de:	01111f1b          	slliw	t5,sp,0x11
 4e2:	0712                	slli	a4,a4,0x4
 4e4:	1710                	addi	a2,sp,928
 4e6:	0000                	unimp
 4e8:	0b002403          	lw	s0,176(zero) # b0 <__stack_align+0xa0>
 4ec:	030b3e0b          	.insn	4, 0x030b3e0b
 4f0:	0008                	.insn	2, 0x0008
 4f2:	0400                	addi	s0,sp,512
 4f4:	012e                	slli	sp,sp,0xb
 4f6:	0e03193f 0b3b0b3a 	.insn	8, 0x0b3b0b3a0e03193f
 4fe:	0b39                	addi	s6,s6,14
 500:	13491927          	.insn	4, 0x13491927
 504:	0111                	addi	sp,sp,4
 506:	0712                	slli	a4,a4,0x4
 508:	1840                	addi	s0,sp,52
 50a:	197a                	slli	s2,s2,0x3e
 50c:	0000                	unimp
 50e:	0505                	addi	a0,a0,1
 510:	0300                	addi	s0,sp,384
 512:	3a0e                	fld	fs4,224(sp)
 514:	390b3b0b          	.insn	4, 0x390b3b0b
 518:	0213490b          	.insn	4, 0x0213490b
 51c:	00000017          	auipc	zero,0x0
 520:	2401                	sext.w	s0,s0
 522:	0b00                	addi	s0,sp,400
 524:	030b3e0b          	.insn	4, 0x030b3e0b
 528:	000e                	c.slli	zero,0x3
 52a:	0200                	addi	s0,sp,256
 52c:	0005                	c.nop	1
 52e:	213a0803          	lb	a6,531(s4)
 532:	3b01                	addiw	s6,s6,-32
 534:	0421                	addi	s0,s0,8
 536:	0b39                	addi	s6,s6,14
 538:	1349                	addi	t1,t1,-14
 53a:	1702                	slli	a4,a4,0x20
 53c:	0000                	unimp
 53e:	25011103          	lh	sp,592(sp)
 542:	130e                	slli	t1,t1,0x23
 544:	1b1f030b          	.insn	4, 0x1b1f030b
 548:	111f 1201 1007      	.insn	6, 0x10071201111f
 54e:	04000017          	auipc	zero,0x4000
 552:	0024                	addi	s1,sp,8
 554:	0b3e0b0b          	.insn	4, 0x0b3e0b0b
 558:	00000803          	lb	a6,0(zero) # 0 <__boot_hart>
 55c:	2e05                	addiw	t3,t3,1
 55e:	3f00                	fld	fs0,56(a4)
 560:	0319                	addi	t1,t1,6
 562:	3a0e                	fld	fs4,224(sp)
 564:	390b3b0b          	.insn	4, 0x390b3b0b
 568:	4919270b          	.insn	4, 0x4919270b
 56c:	00193c13          	seqz	s8,s2
 570:	0600                	addi	s0,sp,768
 572:	0b0b000f          	.insn	4, 0x0b0b000f
 576:	1349                	addi	t1,t1,-14
 578:	0000                	unimp
 57a:	3f012e07          	flw	ft8,1008(sp)
 57e:	0319                	addi	t1,t1,6
 580:	3a0e                	fld	fs4,224(sp)
 582:	390b3b0b          	.insn	4, 0x390b3b0b
 586:	4919270b          	.insn	4, 0x4919270b
 58a:	12011113          	.insn	4, 0x12011113
 58e:	7a184007          	.insn	4, 0x7a184007
 592:	0019                	c.nop	6
 594:	0800                	addi	s0,sp,16
 596:	0048                	addi	a0,sp,4
 598:	017d                	addi	sp,sp,31
 59a:	0000137f 00240100 	.insn	12, 0x0b3e0b0b002401000000137f
 5a2:	0b3e0b0b 
 5a6:	00000e03          	lb	t3,0(zero) # 0 <__boot_hart>
 5aa:	1602                	slli	a2,a2,0x20
 5ac:	0300                	addi	s0,sp,384
 5ae:	3a0e                	fld	fs4,224(sp)
 5b0:	390b3b0b          	.insn	4, 0x390b3b0b
 5b4:	0013490b          	.insn	4, 0x0013490b
 5b8:	0300                	addi	s0,sp,384
 5ba:	0005                	c.nop	1
 5bc:	213a0803          	lb	a6,531(s4)
 5c0:	3b01                	addiw	s6,s6,-32
 5c2:	0521                	addi	a0,a0,8
 5c4:	0b39                	addi	s6,s6,14
 5c6:	1349                	addi	t1,t1,-14
 5c8:	1702                	slli	a4,a4,0x20
 5ca:	0000                	unimp
 5cc:	1104                	addi	s1,sp,160
 5ce:	2501                	sext.w	a0,a0
 5d0:	130e                	slli	t1,t1,0x23
 5d2:	1b1f030b          	.insn	4, 0x1b1f030b
 5d6:	111f 1201 1007      	.insn	6, 0x10071201111f
 5dc:	05000017          	auipc	zero,0x5000
 5e0:	0024                	addi	s1,sp,8
 5e2:	0b3e0b0b          	.insn	4, 0x0b3e0b0b
 5e6:	00000803          	lb	a6,0(zero) # 0 <__boot_hart>
 5ea:	2e06                	fld	ft8,64(sp)
 5ec:	3f00                	fld	fs0,56(a4)
 5ee:	0319                	addi	t1,t1,6
 5f0:	3a0e                	fld	fs4,224(sp)
 5f2:	390b3b0b          	.insn	4, 0x390b3b0b
 5f6:	4919270b          	.insn	4, 0x4919270b
 5fa:	00193c13          	seqz	s8,s2
 5fe:	0700                	addi	s0,sp,896
 600:	0b0b000f          	.insn	4, 0x0b0b000f
 604:	1349                	addi	t1,t1,-14
 606:	0000                	unimp
 608:	2e08                	fld	fa0,24(a2)
 60a:	3f01                	addiw	t5,t5,-32
 60c:	0319                	addi	t1,t1,6
 60e:	3a0e                	fld	fs4,224(sp)
 610:	390b3b0b          	.insn	4, 0x390b3b0b
 614:	4919270b          	.insn	4, 0x4919270b
 618:	12011113          	.insn	4, 0x12011113
 61c:	7a184007          	.insn	4, 0x7a184007
 620:	0019                	c.nop	6
 622:	0900                	addi	s0,sp,144
 624:	0005                	c.nop	1
 626:	0b3a0e03          	lb	t3,179(s4)
 62a:	0b390b3b          	.insn	4, 0x0b390b3b
 62e:	1349                	addi	t1,t1,-14
 630:	1702                	slli	a4,a4,0x20
 632:	0000                	unimp
 634:	480a                	lw	a6,128(sp)
 636:	7d00                	ld	s0,56(a0)
 638:	7f01                	lui	t5,0xfffe0
 63a:	00000013          	nop
 63e:	2401                	sext.w	s0,s0
 640:	0b00                	addi	s0,sp,400
 642:	030b3e0b          	.insn	4, 0x030b3e0b
 646:	000e                	c.slli	zero,0x3
 648:	0200                	addi	s0,sp,256
 64a:	0016                	c.slli	zero,0x5
 64c:	0b3a0e03          	lb	t3,179(s4)
 650:	0b390b3b          	.insn	4, 0x0b390b3b
 654:	1349                	addi	t1,t1,-14
 656:	0000                	unimp
 658:	03000503          	lb	a0,48(zero) # 30 <__stack_align+0x20>
 65c:	3a08                	fld	fa0,48(a2)
 65e:	0121                	addi	sp,sp,8
 660:	3905213b          	.insn	4, 0x3905213b
 664:	0213490b          	.insn	4, 0x0213490b
 668:	04000017          	auipc	zero,0x4000
 66c:	0111                	addi	sp,sp,4
 66e:	0e25                	addi	t3,t3,9
 670:	1f030b13          	addi	s6,t1,496
 674:	01111f1b          	slliw	t5,sp,0x11
 678:	0712                	slli	a4,a4,0x4
 67a:	1710                	addi	a2,sp,928
 67c:	0000                	unimp
 67e:	2405                	addiw	s0,s0,1
 680:	0b00                	addi	s0,sp,400
 682:	030b3e0b          	.insn	4, 0x030b3e0b
 686:	0008                	.insn	2, 0x0008
 688:	0600                	addi	s0,sp,768
 68a:	0b0b000f          	.insn	4, 0x0b0b000f
 68e:	0000                	unimp
 690:	3f002e07          	flw	ft8,1008(zero) # 3f0 <__stack_align+0x3e0>
 694:	0319                	addi	t1,t1,6
 696:	3a0e                	fld	fs4,224(sp)
 698:	390b3b0b          	.insn	4, 0x390b3b0b
 69c:	4919270b          	.insn	4, 0x4919270b
 6a0:	00193c13          	seqz	s8,s2
 6a4:	0800                	addi	s0,sp,16
 6a6:	0b0b000f          	.insn	4, 0x0b0b000f
 6aa:	1349                	addi	t1,t1,-14
 6ac:	0000                	unimp
 6ae:	2e09                	addiw	t3,t3,2
 6b0:	3f01                	addiw	t5,t5,-32 # fffffffffffdffe0 <__heap_end+0xffffffff7ffbafe0>
 6b2:	0319                	addi	t1,t1,6
 6b4:	3a0e                	fld	fs4,224(sp)
 6b6:	390b3b0b          	.insn	4, 0x390b3b0b
 6ba:	4919270b          	.insn	4, 0x4919270b
 6be:	12011113          	.insn	4, 0x12011113
 6c2:	7a184007          	.insn	4, 0x7a184007
 6c6:	0019                	c.nop	6
 6c8:	0a00                	addi	s0,sp,272
 6ca:	0005                	c.nop	1
 6cc:	0b3a0e03          	lb	t3,179(s4)
 6d0:	0b390b3b          	.insn	4, 0x0b390b3b
 6d4:	1349                	addi	t1,t1,-14
 6d6:	1702                	slli	a4,a4,0x20
 6d8:	0000                	unimp
 6da:	7d00480b          	.insn	4, 0x7d00480b
 6de:	7f01                	lui	t5,0xfffe0
 6e0:	00000013          	nop
 6e4:	2401                	sext.w	s0,s0
 6e6:	0b00                	addi	s0,sp,400
 6e8:	030b3e0b          	.insn	4, 0x030b3e0b
 6ec:	000e                	c.slli	zero,0x3
 6ee:	0200                	addi	s0,sp,256
 6f0:	210b000f          	.insn	4, 0x210b000f
 6f4:	4908                	lw	a0,16(a0)
 6f6:	03000013          	li	zero,48
 6fa:	0034                	addi	a3,sp,8
 6fc:	213a0e03          	lb	t3,531(s4)
 700:	3b01                	addiw	s6,s6,-32
 702:	490b390b          	.insn	4, 0x490b390b
 706:	3c193f13          	sltiu	t5,s2,961
 70a:	0019                	c.nop	6
 70c:	0400                	addi	s0,sp,512
 70e:	0034                	addi	a3,sp,8
 710:	213a0e03          	lb	t3,531(s4)
 714:	3b01                	addiw	s6,s6,-32
 716:	0b21390b          	.insn	4, 0x0b21390b
 71a:	1349                	addi	t1,t1,-14
 71c:	1702                	slli	a4,a4,0x20
 71e:	0000                	unimp
 720:	1105                	addi	sp,sp,-31
 722:	2501                	sext.w	a0,a0
 724:	130e                	slli	t1,t1,0x23
 726:	1b1f030b          	.insn	4, 0x1b1f030b
 72a:	111f 1201 1007      	.insn	6, 0x10071201111f
 730:	06000017          	auipc	zero,0x6000
 734:	0016                	c.slli	zero,0x5
 736:	0b3a0e03          	lb	t3,179(s4)
 73a:	0b390b3b          	.insn	4, 0x0b390b3b
 73e:	1349                	addi	t1,t1,-14
 740:	0000                	unimp
 742:	0b002407          	flw	fs0,176(zero) # b0 <__stack_align+0xa0>
 746:	030b3e0b          	.insn	4, 0x030b3e0b
 74a:	0008                	.insn	2, 0x0008
 74c:	0800                	addi	s0,sp,16
 74e:	0b0b000f          	.insn	4, 0x0b0b000f
 752:	0000                	unimp
 754:	0109                	addi	sp,sp,2
 756:	4901                	li	s2,0
 758:	00130113          	addi	sp,t1,1
 75c:	0a00                	addi	s0,sp,272
 75e:	0021                	c.nop	8
 760:	0000                	unimp
 762:	0300340b          	.insn	4, 0x0300340b
 766:	3a0e                	fld	fs4,224(sp)
 768:	390b3b0b          	.insn	4, 0x390b3b0b
 76c:	0213490b          	.insn	4, 0x0213490b
 770:	0018                	.insn	2, 0x0018
 772:	0c00                	addi	s0,sp,528
 774:	002e                	c.slli	zero,0xb
 776:	0e03193f 0b3b0b3a 	.insn	8, 0x0b3b0b3a0e03193f
 77e:	0b39                	addi	s6,s6,14
 780:	13491927          	.insn	4, 0x13491927
 784:	193c                	addi	a5,sp,184
 786:	0000                	unimp
 788:	2e0d                	addiw	t3,t3,3
 78a:	3f01                	addiw	t5,t5,-32 # fffffffffffdffe0 <__heap_end+0xffffffff7ffbafe0>
 78c:	0319                	addi	t1,t1,6
 78e:	3a0e                	fld	fs4,224(sp)
 790:	390b3b0b          	.insn	4, 0x390b3b0b
 794:	4919270b          	.insn	4, 0x4919270b
 798:	12011113          	.insn	4, 0x12011113
 79c:	7a184007          	.insn	4, 0x7a184007
 7a0:	0019                	c.nop	6
 7a2:	0e00                	addi	s0,sp,784
 7a4:	0005                	c.nop	1
 7a6:	0b3a0e03          	lb	t3,179(s4)
 7aa:	0b390b3b          	.insn	4, 0x0b390b3b
 7ae:	1349                	addi	t1,t1,-14
 7b0:	1702                	slli	a4,a4,0x20
 7b2:	0000                	unimp
 7b4:	7d00480f          	.insn	4, 0x7d00480f
 7b8:	7f01                	lui	t5,0xfffe0
 7ba:	00000013          	nop
 7be:	2401                	sext.w	s0,s0
 7c0:	0b00                	addi	s0,sp,400
 7c2:	030b3e0b          	.insn	4, 0x030b3e0b
 7c6:	000e                	c.slli	zero,0x3
 7c8:	0200                	addi	s0,sp,256
 7ca:	0016                	c.slli	zero,0x5
 7cc:	0b3a0e03          	lb	t3,179(s4)
 7d0:	0b390b3b          	.insn	4, 0x0b390b3b
 7d4:	1349                	addi	t1,t1,-14
 7d6:	0000                	unimp
 7d8:	49000503          	lb	a0,1168(zero) # 490 <__stack_align+0x480>
 7dc:	04000013          	li	zero,64
 7e0:	0049                	c.nop	18
 7e2:	1802                	slli	a6,a6,0x20
 7e4:	187e                	slli	a6,a6,0x3f
 7e6:	0000                	unimp
 7e8:	0505                	addi	a0,a0,1
 7ea:	0300                	addi	s0,sp,384
 7ec:	3a08                	fld	fa0,48(a2)
 7ee:	0121                	addi	sp,sp,8
 7f0:	3906213b          	.insn	4, 0x3906213b
 7f4:	0213490b          	.insn	4, 0x0213490b
 7f8:	06000017          	auipc	zero,0x6000
 7fc:	0111                	addi	sp,sp,4
 7fe:	0e25                	addi	t3,t3,9
 800:	1f030b13          	addi	s6,t1,496
 804:	01111f1b          	slliw	t5,sp,0x11
 808:	0712                	slli	a4,a4,0x4
 80a:	1710                	addi	a2,sp,928
 80c:	0000                	unimp
 80e:	0b002407          	flw	fs0,176(zero) # b0 <__stack_align+0xa0>
 812:	030b3e0b          	.insn	4, 0x030b3e0b
 816:	0008                	.insn	2, 0x0008
 818:	0800                	addi	s0,sp,16
 81a:	012e                	slli	sp,sp,0xb
 81c:	0e03193f 0b3b0b3a 	.insn	8, 0x0b3b0b3a0e03193f
 824:	0b39                	addi	s6,s6,14
 826:	13491927          	.insn	4, 0x13491927
 82a:	193c                	addi	a5,sp,184
 82c:	1301                	addi	t1,t1,-32
 82e:	0000                	unimp
 830:	2e09                	addiw	t3,t3,2
 832:	3f01                	addiw	t5,t5,-32 # fffffffffffdffe0 <__heap_end+0xffffffff7ffbafe0>
 834:	0319                	addi	t1,t1,6
 836:	3a0e                	fld	fs4,224(sp)
 838:	390b3b0b          	.insn	4, 0x390b3b0b
 83c:	4919270b          	.insn	4, 0x4919270b
 840:	12011113          	.insn	4, 0x12011113
 844:	7a184007          	.insn	4, 0x7a184007
 848:	0119                	addi	sp,sp,6
 84a:	0a000013          	li	zero,160
 84e:	0148                	addi	a0,sp,132
 850:	017d                	addi	sp,sp,31
 852:	0182                	c.slli64	gp
 854:	7f19                	lui	t5,0xfffe6
 856:	0b000013          	li	zero,176
 85a:	0b0b000f          	.insn	4, 0x0b0b000f
 85e:	1349                	addi	t1,t1,-14
 860:	0000                	unimp
 862:	260c                	fld	fa1,8(a2)
 864:	0000                	unimp
 866:	0000                	unimp
 868:	1101                	addi	sp,sp,-32
 86a:	1000                	addi	s0,sp,32
 86c:	12011117          	auipc	sp,0x12011
 870:	1b0e030f          	.insn	4, 0x1b0e030f
 874:	250e                	fld	fa0,192(sp)
 876:	130e                	slli	t1,t1,0x23
 878:	0005                	c.nop	1
 87a:	0000                	unimp
 87c:	1101                	addi	sp,sp,-32 # 1201184c <__heap_size+0x11ff184c>
 87e:	1000                	addi	s0,sp,32
 880:	12011117          	auipc	sp,0x12011
 884:	1b0e030f          	.insn	4, 0x1b0e030f
 888:	250e                	fld	fa0,192(sp)
 88a:	130e                	slli	t1,t1,0x23
 88c:	0005                	c.nop	1
 88e:	0000                	unimp
 890:	2401                	sext.w	s0,s0
 892:	0b00                	addi	s0,sp,400
 894:	030b3e0b          	.insn	4, 0x030b3e0b
 898:	000e                	c.slli	zero,0x3
 89a:	0200                	addi	s0,sp,256
 89c:	0016                	c.slli	zero,0x5
 89e:	0b3a0e03          	lb	t3,179(s4)
 8a2:	0b390b3b          	.insn	4, 0x0b390b3b
 8a6:	1349                	addi	t1,t1,-14
 8a8:	0000                	unimp
 8aa:	03000503          	lb	a0,48(zero) # 30 <__stack_align+0x20>
 8ae:	3a0e                	fld	fs4,224(sp)
 8b0:	0121                	addi	sp,sp,8 # 12011888 <__heap_size+0x11ff1888>
 8b2:	3904213b          	.insn	4, 0x3904213b
 8b6:	0213490b          	.insn	4, 0x0213490b
 8ba:	04000017          	auipc	zero,0x4000
 8be:	0111                	addi	sp,sp,4
 8c0:	0e25                	addi	t3,t3,9
 8c2:	1f030b13          	addi	s6,t1,496
 8c6:	01111f1b          	slliw	t5,sp,0x11
 8ca:	0712                	slli	a4,a4,0x4
 8cc:	1710                	addi	a2,sp,928
 8ce:	0000                	unimp
 8d0:	2405                	addiw	s0,s0,1
 8d2:	0b00                	addi	s0,sp,400
 8d4:	030b3e0b          	.insn	4, 0x030b3e0b
 8d8:	0008                	.insn	2, 0x0008
 8da:	0600                	addi	s0,sp,768
 8dc:	012e                	slli	sp,sp,0xb
 8de:	0e03193f 0b3b0b3a 	.insn	8, 0x0b3b0b3a0e03193f
 8e6:	0b39                	addi	s6,s6,14
 8e8:	01871927          	.insn	4, 0x01871927
 8ec:	3c19                	addiw	s8,s8,-26
 8ee:	0119                	addi	sp,sp,6
 8f0:	07000013          	li	zero,112
 8f4:	0005                	c.nop	1
 8f6:	1349                	addi	t1,t1,-14
 8f8:	0000                	unimp
 8fa:	2e08                	fld	fa0,24(a2)
 8fc:	3f01                	addiw	t5,t5,-32 # fffffffffffe5fe0 <__heap_end+0xffffffff7ffc0fe0>
 8fe:	0319                	addi	t1,t1,6
 900:	3a0e                	fld	fs4,224(sp)
 902:	390b3b0b          	.insn	4, 0x390b3b0b
 906:	1119270b          	.insn	4, 0x1119270b
 90a:	1201                	addi	tp,tp,-32 # ffffffffffffffe0 <__heap_end+0xffffffff7ffdafe0>
 90c:	7a184007          	.insn	4, 0x7a184007
 910:	0119                	addi	sp,sp,6
 912:	09000013          	li	zero,144
 916:	0005                	c.nop	1
 918:	0b3a0803          	lb	a6,179(s4)
 91c:	0b390b3b          	.insn	4, 0x0b390b3b
 920:	1349                	addi	t1,t1,-14
 922:	1702                	slli	a4,a4,0x20
 924:	0000                	unimp
 926:	340a                	fld	fs0,160(sp)
 928:	0300                	addi	s0,sp,384
 92a:	3a0e                	fld	fs4,224(sp)
 92c:	390b3b0b          	.insn	4, 0x390b3b0b
 930:	0213490b          	.insn	4, 0x0213490b
 934:	0b000017          	auipc	zero,0xb000
 938:	0048                	addi	a0,sp,4
 93a:	017d                	addi	sp,sp,31
 93c:	0000137f 0b000f0c 	.insn	12, 0x0013490b0b000f0c0000137f
 944:	0013490b 
 948:	0000                	unimp
 94a:	2401                	sext.w	s0,s0
 94c:	0b00                	addi	s0,sp,400
 94e:	030b3e0b          	.insn	4, 0x030b3e0b
 952:	000e                	c.slli	zero,0x3
 954:	0200                	addi	s0,sp,256
 956:	0005                	c.nop	1
 958:	1349                	addi	t1,t1,-14
 95a:	0000                	unimp
 95c:	03003403          	ld	s0,48(zero) # 30 <__stack_align+0x20>
 960:	3a0e                	fld	fs4,224(sp)
 962:	0121                	addi	sp,sp,8
 964:	21390b3b          	.insn	4, 0x21390b3b
 968:	4911                	li	s2,4
 96a:	3c193f13          	sltiu	t5,s2,961
 96e:	0019                	c.nop	6
 970:	0400                	addi	s0,sp,512
 972:	13490037          	lui	zero,0x13490
 976:	0000                	unimp
 978:	0f05                	addi	t5,t5,1
 97a:	0b00                	addi	s0,sp,400
 97c:	0821                	addi	a6,a6,8
 97e:	1349                	addi	t1,t1,-14
 980:	0000                	unimp
 982:	2e06                	fld	ft8,64(sp)
 984:	3f01                	addiw	t5,t5,-32
 986:	0319                	addi	t1,t1,6
 988:	3a0e                	fld	fs4,224(sp)
 98a:	0221                	addi	tp,tp,8 # 8 <__boot_hart+0x8>
 98c:	21390b3b          	.insn	4, 0x21390b3b
 990:	2709                	addiw	a4,a4,2
 992:	4919                	li	s2,6
 994:	01193c13          	sltiu	s8,s2,17
 998:	07000013          	li	zero,112
 99c:	0049                	c.nop	18
 99e:	1802                	slli	a6,a6,0x20
 9a0:	187e                	slli	a6,a6,0x3f
 9a2:	0000                	unimp
 9a4:	1108                	addi	a0,sp,160
 9a6:	2501                	sext.w	a0,a0
 9a8:	130e                	slli	t1,t1,0x23
 9aa:	1b1f030b          	.insn	4, 0x1b1f030b
 9ae:	111f 1201 1007      	.insn	6, 0x10071201111f
 9b4:	09000017          	auipc	zero,0x9000
 9b8:	0016                	c.slli	zero,0x5
 9ba:	0b3a0e03          	lb	t3,179(s4)
 9be:	0b390b3b          	.insn	4, 0x0b390b3b
 9c2:	1349                	addi	t1,t1,-14
 9c4:	0000                	unimp
 9c6:	240a                	fld	fs0,128(sp)
 9c8:	0b00                	addi	s0,sp,400
 9ca:	030b3e0b          	.insn	4, 0x030b3e0b
 9ce:	0008                	.insn	2, 0x0008
 9d0:	0b00                	addi	s0,sp,400
 9d2:	0b0b000f          	.insn	4, 0x0b0b000f
 9d6:	0000                	unimp
 9d8:	260c                	fld	fa1,8(a2)
 9da:	0000                	unimp
 9dc:	0d00                	addi	s0,sp,656
 9de:	012e                	slli	sp,sp,0xb
 9e0:	0e03193f 0b3b0b3a 	.insn	8, 0x0b3b0b3a0e03193f
 9e8:	0b39                	addi	s6,s6,14
 9ea:	01111927          	.insn	4, 0x01111927
 9ee:	0712                	slli	a4,a4,0x4
 9f0:	1840                	addi	s0,sp,52
 9f2:	197a                	slli	s2,s2,0x3e
 9f4:	1301                	addi	t1,t1,-32
 9f6:	0000                	unimp
 9f8:	340e                	fld	fs0,224(sp)
 9fa:	0300                	addi	s0,sp,384
 9fc:	3a0e                	fld	fs4,224(sp)
 9fe:	390b3b0b          	.insn	4, 0x390b3b0b
 a02:	0213490b          	.insn	4, 0x0213490b
 a06:	0018                	.insn	2, 0x0018
 a08:	0f00                	addi	s0,sp,912
 a0a:	0148                	addi	a0,sp,132
 a0c:	017d                	addi	sp,sp,31
 a0e:	1301137f 48100000 	.insn	12, 0x82017d01481000001301137f
 a16:	82017d01 
 a1a:	1901                	addi	s2,s2,-32
 a1c:	0000137f 49010111 	.insn	12, 0x12000013490101110000137f
 a24:	12000013 
 a28:	0021                	c.nop	8
 a2a:	0000                	unimp
 a2c:	0100                	addi	s0,sp,128
 a2e:	0111                	addi	sp,sp,4
 a30:	0e25                	addi	t3,t3,9
 a32:	1f030b13          	addi	s6,t1,496
 a36:	01111f1b          	slliw	t5,sp,0x11
 a3a:	0712                	slli	a4,a4,0x4
 a3c:	1710                	addi	a2,sp,928
 a3e:	0000                	unimp
 a40:	2e02                	fld	ft8,0(sp)
 a42:	3f00                	fld	fs0,56(a4)
 a44:	0319                	addi	t1,t1,6
 a46:	3a0e                	fld	fs4,224(sp)
 a48:	390b3b0b          	.insn	4, 0x390b3b0b
 a4c:	8719270b          	.insn	4, 0x8719270b
 a50:	1901                	addi	s2,s2,-32
 a52:	0111                	addi	sp,sp,4
 a54:	0712                	slli	a4,a4,0x4
 a56:	1840                	addi	s0,sp,52
 a58:	197a                	slli	s2,s2,0x3e
 a5a:	0000                	unimp
 a5c:	0100                	addi	s0,sp,128
 a5e:	0016                	c.slli	zero,0x5
 a60:	0b3a0e03          	lb	t3,179(s4)
 a64:	0b390b3b          	.insn	4, 0x0b390b3b
 a68:	1349                	addi	t1,t1,-14
 a6a:	0000                	unimp
 a6c:	2402                	fld	fs0,0(sp)
 a6e:	0b00                	addi	s0,sp,400
 a70:	030b3e0b          	.insn	4, 0x030b3e0b
 a74:	000e                	c.slli	zero,0x3
 a76:	0300                	addi	s0,sp,384
 a78:	0005                	c.nop	1
 a7a:	1331                	addi	t1,t1,-20
 a7c:	1702                	slli	a4,a4,0x20
 a7e:	0000                	unimp
 a80:	0504                	addi	s1,sp,640
 a82:	0300                	addi	s0,sp,384
 a84:	3a08                	fld	fa0,48(a2)
 a86:	0221                	addi	tp,tp,8 # 8 <__boot_hart+0x8>
 a88:	0b390b3b          	.insn	4, 0x0b390b3b
 a8c:	1349                	addi	t1,t1,-14
 a8e:	0000                	unimp
 a90:	0505                	addi	a0,a0,1
 a92:	0300                	addi	s0,sp,384
 a94:	3a08                	fld	fa0,48(a2)
 a96:	0121                	addi	sp,sp,8
 a98:	390c213b          	.insn	4, 0x390c213b
 a9c:	0213490b          	.insn	4, 0x0213490b
 aa0:	06000017          	auipc	zero,0x6000
 aa4:	012e                	slli	sp,sp,0xb
 aa6:	0b3a0e03          	lb	t3,179(s4)
 aaa:	21390b3b          	.insn	4, 0x21390b3b
 aae:	2714                	fld	fa3,8(a4)
 ab0:	2019                	.insn	2, 0x2019
 ab2:	0321                	addi	t1,t1,8
 ab4:	1301                	addi	t1,t1,-32
 ab6:	0000                	unimp
 ab8:	0b000f07          	.insn	4, 0x0b000f07
 abc:	0821                	addi	a6,a6,8
 abe:	1349                	addi	t1,t1,-14
 ac0:	0000                	unimp
 ac2:	3508                	fld	fa0,40(a0)
 ac4:	4900                	lw	s0,16(a0)
 ac6:	09000013          	li	zero,144
 aca:	0034                	addi	a3,sp,8
 acc:	213a0e03          	lb	t3,531(s4)
 ad0:	3b06                	fld	fs6,96(sp)
 ad2:	1a21390b          	.insn	4, 0x1a21390b
 ad6:	1349                	addi	t1,t1,-14
 ad8:	193c193f 340a0000 	.insn	8, 0x340a0000193c193f
 ae0:	4700                	lw	s0,8(a4)
 ae2:	01213a13          	sltiu	s4,sp,18
 ae6:	21390b3b          	.insn	4, 0x21390b3b
 aea:	00180213          	addi	tp,a6,1
 aee:	0b00                	addi	s0,sp,400
 af0:	0034                	addi	a3,sp,8
 af2:	213a0803          	lb	a6,531(s4)
 af6:	3b01                	addiw	s6,s6,-32
 af8:	490b390b          	.insn	4, 0x490b390b
 afc:	00180213          	addi	tp,a6,1
 b00:	0c00                	addi	s0,sp,528
 b02:	011d                	addi	sp,sp,7
 b04:	1331                	addi	t1,t1,-20
 b06:	0111                	addi	sp,sp,4
 b08:	0712                	slli	a4,a4,0x4
 b0a:	2158                	fld	fa4,128(a0)
 b0c:	5901                	li	s2,-32
 b0e:	0521570b          	.insn	4, 0x0521570b
 b12:	1301                	addi	t1,t1,-32
 b14:	0000                	unimp
 b16:	1d0d                	addi	s10,s10,-29 # fffffffffffdffe3 <__heap_end+0xffffffff7ffbafe3>
 b18:	3101                	addiw	sp,sp,-32
 b1a:	12011113          	.insn	4, 0x12011113
 b1e:	03215807          	.insn	4, 0x03215807
 b22:	0b59                	addi	s6,s6,22
 b24:	00000b57          	.insn	4, 0x0b57
 b28:	1d0e                	slli	s10,s10,0x23
 b2a:	3100                	fld	fs0,32(a0)
 b2c:	12011113          	.insn	4, 0x12011113
 b30:	01215807          	.insn	4, 0x01215807
 b34:	0b59                	addi	s6,s6,22
 b36:	00052157          	.insn	4, 0x00052157
 b3a:	0f00                	addi	s0,sp,912
 b3c:	0005                	c.nop	1
 b3e:	213a0e03          	lb	t3,531(s4)
 b42:	390b3b03          	ld	s6,912(s6)
 b46:	0013490b          	.insn	4, 0x0013490b
 b4a:	1000                	addi	s0,sp,32
 b4c:	012e                	slli	sp,sp,0xb
 b4e:	213a0e03          	lb	t3,531(s4)
 b52:	3b02                	fld	fs6,32(sp)
 b54:	1421390b          	.insn	4, 0x1421390b
 b58:	13491927          	.insn	4, 0x13491927
 b5c:	2120                	fld	fs0,64(a0)
 b5e:	00130103          	lb	sp,1(t1)
 b62:	1100                	addi	s0,sp,160
 b64:	002e                	c.slli	zero,0xb
 b66:	213a0803          	lb	a6,531(s4)
 b6a:	3b02                	fld	fs6,32(sp)
 b6c:	1421390b          	.insn	4, 0x1421390b
 b70:	21201927          	.insn	4, 0x21201927
 b74:	12000003          	lb	zero,288(zero) # 120 <__stack_align+0x110>
 b78:	0111                	addi	sp,sp,4
 b7a:	0e25                	addi	t3,t3,9
 b7c:	1f030b13          	addi	s6,t1,496
 b80:	01111f1b          	slliw	t5,sp,0x11
 b84:	0712                	slli	a4,a4,0x4
 b86:	1710                	addi	a2,sp,928
 b88:	0000                	unimp
 b8a:	0b002413          	slti	s0,zero,176
 b8e:	030b3e0b          	.insn	4, 0x030b3e0b
 b92:	0008                	.insn	2, 0x0008
 b94:	1400                	addi	s0,sp,544
 b96:	0026                	c.slli	zero,0x9
 b98:	1349                	addi	t1,t1,-14
 b9a:	0000                	unimp
 b9c:	1315                	addi	t1,t1,-27
 b9e:	0b01                	addi	s6,s6,0
 ba0:	3b0b3a0b          	.insn	4, 0x3b0b3a0b
 ba4:	010b390b          	.insn	4, 0x010b390b
 ba8:	16000013          	li	zero,352
 bac:	000d                	c.nop	3
 bae:	0b3a0e03          	lb	t3,179(s4)
 bb2:	0b390b3b          	.insn	4, 0x0b390b3b
 bb6:	1349                	addi	t1,t1,-14
 bb8:	0b38                	addi	a4,sp,408
 bba:	0000                	unimp
 bbc:	03003417          	auipc	s0,0x3003
 bc0:	3a0e                	fld	fs4,224(sp)
 bc2:	390b3b0b          	.insn	4, 0x390b3b0b
 bc6:	0213490b          	.insn	4, 0x0213490b
 bca:	0018                	.insn	2, 0x0018
 bcc:	1800                	addi	s0,sp,48
 bce:	012e                	slli	sp,sp,0xb
 bd0:	0e03193f 0b3b0b3a 	.insn	8, 0x0b3b0b3a0e03193f
 bd8:	0b39                	addi	s6,s6,14
 bda:	13491927          	.insn	4, 0x13491927
 bde:	0111                	addi	sp,sp,4
 be0:	0712                	slli	a4,a4,0x4
 be2:	1840                	addi	s0,sp,52
 be4:	197a                	slli	s2,s2,0x3e
 be6:	1301                	addi	t1,t1,-32
 be8:	0000                	unimp
 bea:	0519                	addi	a0,a0,6
 bec:	0300                	addi	s0,sp,384
 bee:	3a08                	fld	fa0,48(a2)
 bf0:	390b3b0b          	.insn	4, 0x390b3b0b
 bf4:	0213490b          	.insn	4, 0x0213490b
 bf8:	0018                	.insn	2, 0x0018
 bfa:	1a00                	addi	s0,sp,304
 bfc:	011d                	addi	sp,sp,7
 bfe:	1331                	addi	t1,t1,-20
 c00:	0152                	slli	sp,sp,0x14
 c02:	1755                	addi	a4,a4,-11
 c04:	0b58                	addi	a4,sp,404
 c06:	0b59                	addi	s6,s6,22
 c08:	13010b57          	.insn	4, 0x13010b57
 c0c:	0000                	unimp
 c0e:	55010b1b          	addiw	s6,sp,1360
 c12:	1c000017          	auipc	zero,0x1c000
 c16:	0034                	addi	a3,sp,8
 c18:	1331                	addi	t1,t1,-20
 c1a:	0000                	unimp
 c1c:	051d                	addi	a0,a0,7
 c1e:	3100                	fld	fs0,32(a0)
 c20:	1e000013          	li	zero,480
 c24:	0101                	addi	sp,sp,0
 c26:	1349                	addi	t1,t1,-14
 c28:	1301                	addi	t1,t1,-32
 c2a:	0000                	unimp
 c2c:	211f 4900 2f13      	.insn	6, 0x2f134900211f
 c32:	2000000b          	.insn	4, 0x2000000b
 c36:	0034                	addi	a3,sp,8
 c38:	0b3a0803          	lb	a6,179(s4)
 c3c:	0b390b3b          	.insn	4, 0x0b390b3b
 c40:	1349                	addi	t1,t1,-14
 c42:	0000                	unimp
	...

Disassembly of section .debug_loclists:

0000000000000000 <.debug_loclists>:
   0:	00ae                	slli	ra,ra,0xb
   2:	0000                	unimp
   4:	0005                	c.nop	1
   6:	0008                	.insn	2, 0x0008
   8:	0000                	unimp
   a:	0000                	unimp
   c:	a808                	fsd	fa0,16(s0)
   e:	0002                	c.slli64	zero
  10:	0080                	addi	s0,sp,64
  12:	0000                	unimp
  14:	6300                	ld	s0,0(a4)
  16:	5f01                	li	t5,-32
  18:	0800                	addi	s0,sp,16
  1a:	02fc                	addi	a5,sp,332
  1c:	8000                	.insn	2, 0x8000
  1e:	0000                	unimp
  20:	0000                	unimp
  22:	010c                	addi	a1,sp,128
  24:	fc08005b          	.insn	4, 0xfc08005b
  28:	0002                	c.slli64	zero
  2a:	0080                	addi	s0,sp,64
  2c:	0000                	unimp
  2e:	0c00                	addi	s0,sp,528
  30:	7b06                	ld	s6,96(sp)
  32:	7f00                	ld	s0,56(a4)
  34:	1c00                	addi	s0,sp,560
  36:	009f 0c06 0003      	.insn	6, 0x00030c06009f
  3c:	0080                	addi	s0,sp,64
  3e:	0000                	unimp
  40:	0400                	addi	s0,sp,512
  42:	8c00                	.insn	2, 0x8c00
  44:	0401                	addi	s0,s0,0 # 3003bbc <__heap_size+0x2fe3bbc>
  46:	c091                	beqz	s1,4a <__stack_align+0x3a>
  48:	9f7e                	add	t5,t5,t6
  4a:	8c04                	.insn	2, 0x8c04
  4c:	9001                	srli	s0,s0,0x20
  4e:	0401                	addi	s0,s0,0
  50:	c072                	sw	t3,0(sp)
  52:	9f7e                	add	t5,t5,t6
  54:	0600                	addi	s0,sp,768
  56:	030c                	addi	a1,sp,384
  58:	8000                	.insn	2, 0x8000
  5a:	0000                	unimp
  5c:	0000                	unimp
  5e:	0004                	.insn	2, 0x0004
  60:	0224                	addi	s1,sp,264
  62:	9f30                	.insn	2, 0x9f30
  64:	2404                	fld	fs1,8(s0)
  66:	0128                	addi	a0,sp,136
  68:	40060063          	beqz	a2,468 <__stack_align+0x458>
  6c:	00800003          	lb	zero,8(zero) # 8 <__boot_hart+0x8>
  70:	0000                	unimp
  72:	0400                	addi	s0,sp,512
  74:	0400                	addi	s0,sp,512
  76:	3002                	fld	ft0,32(sp)
  78:	049f 1004 7818      	.insn	6, 0x78181004049f
  7e:	9100                	.insn	2, 0x9100
  80:	1c00                	addi	s0,sp,560
  82:	24330083          	lb	ra,579(t1)
  86:	2008                	fld	fa0,0(s0)
  88:	0824                	addi	s1,sp,24
  8a:	2620                	fld	fs0,72(a2)
  8c:	2432                	fld	fs0,264(sp)
  8e:	231c                	fld	fa5,0(a4)
  90:	01c0                	addi	s0,sp,196
  92:	2532                	fld	fa0,264(sp)
  94:	049f 1c10 7818      	.insn	6, 0x78181c10049f
  9a:	9100                	.insn	2, 0x9100
  9c:	1c00                	addi	s0,sp,560
  9e:	24330083          	lb	ra,579(t1)
  a2:	2008                	fld	fa0,0(s0)
  a4:	0824                	addi	s1,sp,24
  a6:	2620                	fld	fs0,72(a2)
  a8:	2432                	fld	fs0,264(sp)
  aa:	231c                	fld	fa5,0(a4)
  ac:	01bc                	addi	a5,sp,200
  ae:	2532                	fld	fa0,264(sp)
  b0:	009f 02d7 0000      	.insn	6, 0x02d7009f
  b6:	0005                	c.nop	1
  b8:	0008                	.insn	2, 0x0008
  ba:	0000                	unimp
  bc:	0000                	unimp
  be:	0004                	.insn	2, 0x0004
  c0:	0188                	addi	a0,sp,192
  c2:	5a06                	lw	s4,96(sp)
  c4:	935b0893          	addi	a7,s6,-1739
  c8:	0408                	addi	a0,sp,512
  ca:	0188                	addi	a0,sp,192
  cc:	0384                	addi	s1,sp,448
  ce:	a306                	fsd	ft1,384(sp)
  d0:	2e0aa503          	lw	a0,736(s5)
  d4:	049f 0384 03d6      	.insn	6, 0x03d60384049f
  da:	5a06                	lw	s4,96(sp)
  dc:	935b0893          	addi	a7,s6,-1739
  e0:	0408                	addi	a0,sp,512
  e2:	03d6                	slli	t2,t2,0x15
  e4:	049a                	slli	s1,s1,0x6
  e6:	a306                	fsd	ft1,384(sp)
  e8:	2e0aa503          	lw	a0,736(s5)
  ec:	049f 049a 04a0      	.insn	6, 0x04a0049a049f
  f2:	5a06                	lw	s4,96(sp)
  f4:	935b0893          	addi	a7,s6,-1739
  f8:	0008                	.insn	2, 0x0008
  fa:	0004                	.insn	2, 0x0004
  fc:	01b8                	addi	a4,sp,200
  fe:	3002                	fld	ft0,32(sp)
 100:	049f 01b8 01d4      	.insn	6, 0x01d401b8049f
 106:	3102                	fld	ft2,32(sp)
 108:	049f 01d4 02de      	.insn	6, 0x02de01d4049f
 10e:	5b01                	li	s6,-32
 110:	de04                	sw	s1,56(a2)
 112:	be02                	fsd	ft0,312(sp)
 114:	9f300203          	lb	tp,-1549(zero) # fffffffffffff9f3 <__heap_end+0xffffffff7ffda9f3>
 118:	be04                	fsd	fs1,56(a2)
 11a:	0103d603          	lhu	a2,16(t2)
 11e:	03d6045b          	.insn	4, 0x03d6045b
 122:	03e8                	addi	a0,sp,460
 124:	3102                	fld	ft2,32(sp)
 126:	049f 03e8 048e      	.insn	6, 0x048e03e8049f
 12c:	5b01                	li	s6,-32
 12e:	8e04                	.insn	2, 0x8e04
 130:	9204                	.insn	2, 0x9204
 132:	0504                	addi	s1,sp,640
 134:	2131007b          	.insn	4, 0x2131007b
 138:	049f 0492 049a      	.insn	6, 0x049a0492049f
 13e:	5b01                	li	s6,-32
 140:	9a04                	.insn	2, 0x9a04
 142:	a004                	fsd	fs1,0(s0)
 144:	0204                	addi	s1,sp,256
 146:	9f30                	.insn	2, 0x9f30
 148:	0400                	addi	s0,sp,512
 14a:	a42a                	fsd	fa0,8(sp)
 14c:	0102                	c.slli64	sp
 14e:	045c                	addi	a5,sp,516
 150:	02de                	slli	t0,t0,0x17
 152:	04a0                	addi	s0,sp,584
 154:	5c01                	li	s8,-32
 156:	0400                	addi	s0,sp,512
 158:	bc2a                	fsd	fa0,56(sp)
 15a:	0102                	c.slli64	sp
 15c:	045d                	addi	s0,s0,23
 15e:	02de                	slli	t0,t0,0x17
 160:	04a0                	addi	s0,sp,584
 162:	5d01                	li	s10,-32
 164:	0400                	addi	s0,sp,512
 166:	3a2a                	fld	fs4,168(sp)
 168:	6101                	addi	sp,sp,0
 16a:	3a04                	fld	fs1,48(a2)
 16c:	0552                	slli	a0,a0,0x14
 16e:	8081                	c.srli64	s1
 170:	00f8                	addi	a4,sp,76
 172:	049f 6456 8105      	.insn	6, 0x81056456049f
 178:	f880                	sd	s0,48(s1)
 17a:	9f00                	.insn	2, 0x9f00
 17c:	6604                	ld	s1,8(a2)
 17e:	01ac                	addi	a1,sp,200
 180:	8105                	srli	a0,a0,0x1
 182:	f880                	sd	s0,48(s1)
 184:	9f00                	.insn	2, 0x9f00
 186:	de04                	sw	s1,56(a2)
 188:	e602                	sd	zero,264(sp)
 18a:	0502                	c.slli64	a0
 18c:	8081                	c.srli64	s1
 18e:	00f8                	addi	a4,sp,76
 190:	049f 0384 0398      	.insn	6, 0x03980384049f
 196:	8105                	srli	a0,a0,0x1
 198:	f880                	sd	s0,48(s1)
 19a:	9f00                	.insn	2, 0x9f00
 19c:	9c04                	.insn	2, 0x9c04
 19e:	0103d203          	lhu	tp,16(t2)
 1a2:	0461                	addi	s0,s0,24
 1a4:	049a                	slli	s1,s1,0x6
 1a6:	049e                	slli	s1,s1,0x7
 1a8:	6101                	addi	sp,sp,0
 1aa:	0400                	addi	s0,sp,512
 1ac:	2e2a                	fld	ft8,136(sp)
 1ae:	5a01                	li	s4,-32
 1b0:	2e04                	fld	fs1,24(a2)
 1b2:	019e                	slli	gp,gp,0x7
 1b4:	5601                	li	a2,-32
 1b6:	de04                	sw	s1,56(a2)
 1b8:	8202                	jr	tp
 1ba:	04560103          	lb	sp,69(a2)
 1be:	0382                	c.slli64	t2
 1c0:	0384                	addi	s1,sp,448
 1c2:	5f01                	li	t5,-32
 1c4:	8404                	.insn	2, 0x8404
 1c6:	01039003          	lh	zero,16(t2)
 1ca:	0456                	slli	s0,s0,0x15
 1cc:	0390                	addi	a2,sp,448
 1ce:	0398                	addi	a4,sp,448
 1d0:	7a05                	lui	s4,0xfffe1
 1d2:	3300                	fld	fs0,32(a4)
 1d4:	9f24                	.insn	2, 0x9f24
 1d6:	9c04                	.insn	2, 0x9c04
 1d8:	0103a403          	lw	s0,16(t2)
 1dc:	0456                	slli	s0,s0,0x15
 1de:	03ac                	addi	a1,sp,456
 1e0:	03c2                	slli	t2,t2,0x10
 1e2:	5601                	li	a2,-32
 1e4:	c204                	sw	s1,0(a2)
 1e6:	0803c403          	lbu	s0,128(t2)
 1ea:	007e                	c.slli	zero,0x1f
 1ec:	2434                	fld	fa3,72(s0)
 1ee:	007f 9f21 c604 ca03 	.insn	10, 0x0103ca03c6049f21007f
 1f6:	0103 
 1f8:	045e                	slli	s0,s0,0x17
 1fa:	049a                	slli	s1,s1,0x6
 1fc:	04a0                	addi	s0,sp,584
 1fe:	5601                	li	a2,-32
 200:	0400                	addi	s0,sp,512
 202:	aa2a                	fsd	fa0,272(sp)
 204:	0101                	addi	sp,sp,0
 206:	045e                	slli	s0,s0,0x17
 208:	02de                	slli	t0,t0,0x17
 20a:	0382                	c.slli64	t2
 20c:	5e01                	li	t3,-32
 20e:	8204                	.insn	2, 0x8204
 210:	02038403          	lb	s0,32(t2)
 214:	9f30                	.insn	2, 0x9f30
 216:	8404                	.insn	2, 0x8404
 218:	01039603          	lh	a2,16(t2)
 21c:	045e                	slli	s0,s0,0x17
 21e:	039c                	addi	a5,sp,448
 220:	03a4                	addi	s1,sp,456
 222:	5e01                	li	t3,-32
 224:	ac04                	fsd	fs1,24(s0)
 226:	0103c203          	lbu	tp,16(t2)
 22a:	045e                	slli	s0,s0,0x17
 22c:	03c2                	slli	t2,t2,0x10
 22e:	03d2                	slli	t2,t2,0x14
 230:	3002                	fld	ft0,32(sp)
 232:	049f 049a 04a0      	.insn	6, 0x04a0049a049f
 238:	5e01                	li	t3,-32
 23a:	0400                	addi	s0,sp,512
 23c:	d02e                	sw	a1,32(sp)
 23e:	0102                	c.slli64	sp
 240:	045d                	addi	s0,s0,23
 242:	02de                	slli	t0,t0,0x17
 244:	04a0                	addi	s0,sp,584
 246:	5d01                	li	s10,-32
 248:	0400                	addi	s0,sp,512
 24a:	523a                	lw	tp,172(sp)
 24c:	6101                	addi	sp,sp,0
 24e:	5604                	lw	s1,40(a2)
 250:	0164                	addi	s1,sp,140
 252:	0461                	addi	s0,s0,24
 254:	ac66                	fsd	fs9,24(sp)
 256:	0101                	addi	sp,sp,0
 258:	0461                	addi	s0,s0,24
 25a:	01ac                	addi	a1,sp,200
 25c:	01de                	slli	gp,gp,0x17
 25e:	3002                	fld	ft0,32(sp)
 260:	049f 029a 02e6      	.insn	6, 0x02e6029a049f
 266:	6101                	addi	sp,sp,0
 268:	8404                	.insn	2, 0x8404
 26a:	01039803          	lh	a6,16(t2)
 26e:	0461                	addi	s0,s0,24
 270:	03a4                	addi	s1,sp,456
 272:	03ac                	addi	a1,sp,456
 274:	3002                	fld	ft0,32(sp)
 276:	049f 03ac 03d2      	.insn	6, 0x03d203ac049f
 27c:	0a04                	addi	s1,sp,272
 27e:	07ff 049f 03d2 03d6 	.insn	10, 0x610103d603d2049f07ff
 286:	6101 
 288:	d604                	sw	s1,40(a2)
 28a:	0203e803          	lwu	a6,32(t2)
 28e:	9f30                	.insn	2, 0x9f30
 290:	f204                	sd	s1,32(a2)
 292:	01048403          	lb	s0,16(s1)
 296:	0461                	addi	s0,s0,24
 298:	0486                	slli	s1,s1,0x1
 29a:	0494                	addi	a3,sp,576
 29c:	6101                	addi	sp,sp,0
 29e:	9a04                	.insn	2, 0x9a04
 2a0:	a004                	fsd	fs1,0(s0)
 2a2:	0404                	addi	s1,sp,512
 2a4:	ff0a                	sd	sp,440(sp)
 2a6:	04009f07          	.insn	4, 0x04009f07
 2aa:	01ac                	addi	a1,sp,200
 2ac:	0298                	addi	a4,sp,320
 2ae:	5f01                	li	t5,-32
 2b0:	9804                	.insn	2, 0x9804
 2b2:	aa02                	fsd	ft0,272(sp)
 2b4:	0e02                	c.slli64	t3
 2b6:	007f ff11 ffff ffff 	.insn	10, 0xffffffffffffff11007f
 2be:	ffff 
 2c0:	9f1a7fbf b802aa04 	.insn	8, 0xb802aa049f1a7fbf
 2c8:	0102                	c.slli64	sp
 2ca:	045f 02bc 02c8      	.insn	6, 0x02c802bc045f
 2d0:	5f01                	li	t5,-32
 2d2:	a404                	fsd	fs1,8(s0)
 2d4:	0803aa03          	lw	s4,128(t2)
 2d8:	007f 2e30 ff08 9f1a 	.insn	10, 0xaa049f1aff082e30007f
 2e0:	aa04 
 2e2:	0b03ac03          	lw	s8,176(t2)
 2e6:	007e                	c.slli	zero,0x1f
 2e8:	0076                	c.slli	zero,0x1d
 2ea:	3021                	.insn	2, 0x3021
 2ec:	082e                	slli	a6,a6,0xb
 2ee:	049f1aff 03c403c2 	.insn	12, 0x34007e0803c403c2049f1aff
 2f6:	34007e08 
 2fa:	7f24                	ld	s1,120(a4)
 2fc:	2100                	fld	fs0,0(a0)
 2fe:	049f 03c6 03ce      	.insn	6, 0x03ce03c6049f
 304:	5e01                	li	t3,-32
 306:	ce04                	sw	s1,24(a2)
 308:	0103f203          	.insn	4, 0x0103f203
 30c:	045f 03f2 03f4      	.insn	6, 0x03f403f2045f
 312:	7f0e                	ld	t5,224(sp)
 314:	1100                	addi	s0,sp,160
 316:	ffff                	.insn	2, 0xffff
 318:	ffff                	.insn	2, 0xffff
 31a:	ffff                	.insn	2, 0xffff
 31c:	1a7fbfff 048e049f 	.insn	16, 0x02d204005f01049a048e049f1a7fbfff
 324:	5f01049a 02d20400 
 32c:	02de                	slli	t0,t0,0x17
 32e:	5f01                	li	t5,-32
 330:	0400                	addi	s0,sp,512
 332:	01ac                	addi	a1,sp,200
 334:	01de                	slli	gp,gp,0x17
 336:	3102                	fld	ft2,32(sp)
 338:	049f 01de 0294      	.insn	6, 0x029401de049f
 33e:	5e01                	li	t3,-32
 340:	d604                	sw	s1,40(a2)
 342:	0203e803          	lwu	a6,32(t2)
 346:	9f31                	addw	a4,a4,a2
 348:	e804                	sd	s1,16(s0)
 34a:	0103f203          	.insn	4, 0x0103f203
 34e:	045e                	slli	s0,s0,0x17
 350:	0494                	addi	a3,sp,576
 352:	049a                	slli	s1,s1,0x6
 354:	5e01                	li	t3,-32
 356:	0400                	addi	s0,sp,512
 358:	01ac                	addi	a1,sp,200
 35a:	01de                	slli	gp,gp,0x17
 35c:	5d01                	li	s10,-32
 35e:	d604                	sw	s1,40(a2)
 360:	0103e803          	lwu	a6,16(t2)
 364:	005d                	c.nop	23
 366:	ac04                	fsd	fs1,24(s0)
 368:	de01                	beqz	a2,280 <__stack_align+0x270>
 36a:	0201                	addi	tp,tp,0 # 0 <__boot_hart>
 36c:	9f30                	.insn	2, 0x9f30
 36e:	d604                	sw	s1,40(a2)
 370:	0203e803          	lwu	a6,32(t2)
 374:	9f30                	.insn	2, 0x9f30
 376:	0400                	addi	s0,sp,512
 378:	01ac                	addi	a1,sp,200
 37a:	01b0                	addi	a2,sp,200
 37c:	5f01                	li	t5,-32
 37e:	b004                	fsd	fs1,32(s0)
 380:	d601                	beqz	a2,288 <__stack_align+0x278>
 382:	0101                	addi	sp,sp,0
 384:	045e                	slli	s0,s0,0x17
 386:	03d6                	slli	t2,t2,0x15
 388:	03e8                	addi	a0,sp,460
 38a:	5e01                	li	t3,-32
 38c:	1600                	addi	s0,sp,800
 38e:	0000                	unimp
 390:	0500                	addi	s0,sp,640
 392:	0800                	addi	s0,sp,16
 394:	0000                	unimp
 396:	0000                	unimp
 398:	0400                	addi	s0,sp,512
 39a:	0700                	addi	s0,sp,896
 39c:	5a01                	li	s4,-32
 39e:	0704                	addi	s1,sp,896
 3a0:	0414                	addi	a3,sp,512
 3a2:	9f5a01a3          	sb	s5,-1565(s4) # fffffffffffe09e3 <__heap_end+0xffffffff7ffbb9e3>
 3a6:	2400                	fld	fs0,8(s0)
 3a8:	0000                	unimp
 3aa:	0500                	addi	s0,sp,640
 3ac:	0800                	addi	s0,sp,16
 3ae:	0000                	unimp
 3b0:	0000                	unimp
 3b2:	0400                	addi	s0,sp,512
 3b4:	0700                	addi	s0,sp,896
 3b6:	5a01                	li	s4,-32
 3b8:	0704                	addi	s1,sp,896
 3ba:	0414                	addi	a3,sp,512
 3bc:	9f5a01a3          	sb	s5,-1565(s4)
 3c0:	0400                	addi	s0,sp,512
 3c2:	0700                	addi	s0,sp,896
 3c4:	5b01                	li	s6,-32
 3c6:	0704                	addi	s1,sp,896
 3c8:	0414                	addi	a3,sp,512
 3ca:	9f5b01a3          	sb	s5,-1565(s6)
 3ce:	1600                	addi	s0,sp,800
 3d0:	0000                	unimp
 3d2:	0500                	addi	s0,sp,640
 3d4:	0800                	addi	s0,sp,16
 3d6:	0000                	unimp
 3d8:	0000                	unimp
 3da:	0400                	addi	s0,sp,512
 3dc:	0200                	addi	s0,sp,256
 3de:	5a01                	li	s4,-32
 3e0:	0204                	addi	s1,sp,256
 3e2:	0408                	addi	a0,sp,512
 3e4:	9f5a01a3          	sb	s5,-1565(s4)
 3e8:	2400                	fld	fs0,8(s0)
 3ea:	0000                	unimp
 3ec:	0500                	addi	s0,sp,640
 3ee:	0800                	addi	s0,sp,16
 3f0:	0000                	unimp
 3f2:	0000                	unimp
 3f4:	0400                	addi	s0,sp,512
 3f6:	0700                	addi	s0,sp,896
 3f8:	5a01                	li	s4,-32
 3fa:	0704                	addi	s1,sp,896
 3fc:	0414                	addi	a3,sp,512
 3fe:	9f5a01a3          	sb	s5,-1565(s4)
 402:	0400                	addi	s0,sp,512
 404:	0700                	addi	s0,sp,896
 406:	5b01                	li	s6,-32
 408:	0704                	addi	s1,sp,896
 40a:	0414                	addi	a3,sp,512
 40c:	9f5b01a3          	sb	s5,-1565(s6)
 410:	3200                	fld	fs0,32(a2)
 412:	0000                	unimp
 414:	0500                	addi	s0,sp,640
 416:	0800                	addi	s0,sp,16
 418:	0000                	unimp
 41a:	0000                	unimp
 41c:	0400                	addi	s0,sp,512
 41e:	0700                	addi	s0,sp,896
 420:	5a01                	li	s4,-32
 422:	0704                	addi	s1,sp,896
 424:	0414                	addi	a3,sp,512
 426:	9f5a01a3          	sb	s5,-1565(s4)
 42a:	0400                	addi	s0,sp,512
 42c:	0700                	addi	s0,sp,896
 42e:	5b01                	li	s6,-32
 430:	0704                	addi	s1,sp,896
 432:	0414                	addi	a3,sp,512
 434:	9f5b01a3          	sb	s5,-1565(s6)
 438:	0400                	addi	s0,sp,512
 43a:	0700                	addi	s0,sp,896
 43c:	5c01                	li	s8,-32
 43e:	0704                	addi	s1,sp,896
 440:	0414                	addi	a3,sp,512
 442:	9f5c01a3          	sb	s5,-1565(s8)
 446:	3200                	fld	fs0,32(a2)
 448:	0000                	unimp
 44a:	0500                	addi	s0,sp,640
 44c:	0800                	addi	s0,sp,16
 44e:	0000                	unimp
 450:	0000                	unimp
 452:	0400                	addi	s0,sp,512
 454:	0700                	addi	s0,sp,896
 456:	5a01                	li	s4,-32
 458:	0704                	addi	s1,sp,896
 45a:	0416                	slli	s0,s0,0x5
 45c:	9f5a01a3          	sb	s5,-1565(s4)
 460:	0400                	addi	s0,sp,512
 462:	0700                	addi	s0,sp,896
 464:	5b01                	li	s6,-32
 466:	0704                	addi	s1,sp,896
 468:	0416                	slli	s0,s0,0x5
 46a:	9f5b01a3          	sb	s5,-1565(s6)
 46e:	0400                	addi	s0,sp,512
 470:	0700                	addi	s0,sp,896
 472:	5c01                	li	s8,-32
 474:	0704                	addi	s1,sp,896
 476:	0416                	slli	s0,s0,0x5
 478:	9f5c01a3          	sb	s5,-1565(s8)
 47c:	3400                	fld	fs0,40(s0)
 47e:	0000                	unimp
 480:	0500                	addi	s0,sp,640
 482:	0800                	addi	s0,sp,16
 484:	0000                	unimp
 486:	0000                	unimp
 488:	0400                	addi	s0,sp,512
 48a:	1000                	addi	s0,sp,32
 48c:	5a01                	li	s4,-32
 48e:	1004                	addi	s1,sp,32
 490:	043c                	addi	a5,sp,520
 492:	9f5a01a3          	sb	s5,-1565(s4)
 496:	0400                	addi	s0,sp,512
 498:	2410                	fld	fa2,8(s0)
 49a:	5a01                	li	s4,-32
 49c:	2404                	fld	fs1,8(s0)
 49e:	0926                	slli	s2,s2,0x9
 4a0:	0049a803          	lw	a6,4(s3)
 4a4:	0080                	addi	s0,sp,64
 4a6:	0000                	unimp
 4a8:	0400                	addi	s0,sp,512
 4aa:	2d26                	fld	fs10,72(sp)
 4ac:	5a01                	li	s4,-32
 4ae:	0400                	addi	s0,sp,512
 4b0:	2d0a                	fld	fs10,128(sp)
 4b2:	5f01                	li	t5,-32
 4b4:	3200                	fld	fs0,32(a2)
 4b6:	0000                	unimp
 4b8:	0500                	addi	s0,sp,640
 4ba:	0800                	addi	s0,sp,16
 4bc:	0000                	unimp
 4be:	0000                	unimp
 4c0:	0400                	addi	s0,sp,512
 4c2:	0500                	addi	s0,sp,640
 4c4:	5a01                	li	s4,-32
 4c6:	0504                	addi	s1,sp,640
 4c8:	0406                	slli	s0,s0,0x1
 4ca:	9f5a01a3          	sb	s5,-1565(s4)
 4ce:	0400                	addi	s0,sp,512
 4d0:	0500                	addi	s0,sp,640
 4d2:	5b01                	li	s6,-32
 4d4:	0504                	addi	s1,sp,640
 4d6:	0406                	slli	s0,s0,0x1
 4d8:	9f5b01a3          	sb	s5,-1565(s6)
 4dc:	0400                	addi	s0,sp,512
 4de:	0500                	addi	s0,sp,640
 4e0:	5c01                	li	s8,-32
 4e2:	0504                	addi	s1,sp,640
 4e4:	0406                	slli	s0,s0,0x1
 4e6:	9f5c01a3          	sb	s5,-1565(s8)
 4ea:	4600                	lw	s0,8(a2)
 4ec:	0000                	unimp
 4ee:	0500                	addi	s0,sp,640
 4f0:	0800                	addi	s0,sp,16
 4f2:	0000                	unimp
 4f4:	0000                	unimp
 4f6:	0400                	addi	s0,sp,512
 4f8:	0600                	addi	s0,sp,768
 4fa:	5a01                	li	s4,-32
 4fc:	0604                	addi	s1,sp,768
 4fe:	0416                	slli	s0,s0,0x5
 500:	9f5a01a3          	sb	s5,-1565(s4)
 504:	0400                	addi	s0,sp,512
 506:	1500                	addi	s0,sp,672
 508:	5b01                	li	s6,-32
 50a:	1504                	addi	s1,sp,672
 50c:	0416                	slli	s0,s0,0x5
 50e:	9f5b01a3          	sb	s5,-1565(s6)
 512:	0400                	addi	s0,sp,512
 514:	1500                	addi	s0,sp,672
 516:	5c01                	li	s8,-32
 518:	1504                	addi	s1,sp,672
 51a:	0416                	slli	s0,s0,0x5
 51c:	9f5c01a3          	sb	s5,-1565(s8)
 520:	0400                	addi	s0,sp,512
 522:	1500                	addi	s0,sp,672
 524:	5d01                	li	s10,-32
 526:	1504                	addi	s1,sp,672
 528:	0416                	slli	s0,s0,0x5
 52a:	9f5d01a3          	sb	s5,-1565(s10)
 52e:	0400                	addi	s0,sp,512
 530:	150a                	slli	a0,a0,0x22
 532:	5a01                	li	s4,-32
 534:	6d00                	ld	s0,24(a0)
 536:	0000                	unimp
 538:	0500                	addi	s0,sp,640
 53a:	0800                	addi	s0,sp,16
 53c:	0000                	unimp
 53e:	0000                	unimp
 540:	0400                	addi	s0,sp,512
 542:	4800                	lw	s0,16(s0)
 544:	5a01                	li	s4,-32
 546:	4804                	lw	s1,16(s0)
 548:	044c                	addi	a1,sp,516
 54a:	9f5a01a3          	sb	s5,-1565(s4)
 54e:	0400                	addi	s0,sp,512
 550:	1200                	addi	s0,sp,288
 552:	5c01                	li	s8,-32
 554:	1204                	addi	s1,sp,288
 556:	0232                	slli	tp,tp,0xc
 558:	5891                	li	a7,-28
 55a:	3204                	fld	fs1,32(a2)
 55c:	044c                	addi	a1,sp,516
 55e:	9f5c01a3          	sb	s5,-1565(s8)
 562:	0400                	addi	s0,sp,512
 564:	1a00                	addi	s0,sp,304
 566:	5d01                	li	s10,-32
 568:	1a04                	addi	s1,sp,304
 56a:	044c                	addi	a1,sp,516
 56c:	9f5d01a3          	sb	s5,-1565(s10)
 570:	0400                	addi	s0,sp,512
 572:	2414                	fld	fa3,8(s0)
 574:	030a                	slli	t1,t1,0x2
 576:	4a40                	lw	s0,20(a2)
 578:	8000                	.insn	2, 0x8000
 57a:	0000                	unimp
 57c:	0000                	unimp
 57e:	009f 1e04 0322      	.insn	6, 0x03221e04009f
 584:	ff09                	bnez	a4,49e <__stack_align+0x48e>
 586:	009f 1e04 0a22      	.insn	6, 0x0a221e04009f
 58c:	004a4003          	lbu	zero,4(s4)
 590:	0080                	addi	s0,sp,64
 592:	0000                	unimp
 594:	9f00                	.insn	2, 0x9f00
 596:	0400                	addi	s0,sp,512
 598:	423e                	lw	tp,204(sp)
 59a:	030a                	slli	t1,t1,0x2
 59c:	4a40                	lw	s0,20(a2)
 59e:	8000                	.insn	2, 0x8000
 5a0:	0000                	unimp
 5a2:	0000                	unimp
 5a4:	Address 0x5a4 is out of bounds.


Disassembly of section .debug_aranges:

0000000000000000 <.debug_aranges>:
   0:	002c                	addi	a1,sp,8
   2:	0000                	unimp
   4:	0002                	c.slli64	zero
   6:	0000                	unimp
   8:	0000                	unimp
   a:	0008                	.insn	2, 0x0008
   c:	0000                	unimp
   e:	0000                	unimp
  10:	0230                	addi	a2,sp,264
  12:	8000                	.insn	2, 0x8000
  14:	0000                	unimp
  16:	0000                	unimp
  18:	016c                	addi	a1,sp,140
	...
  2e:	0000                	unimp
  30:	002c                	addi	a1,sp,8
  32:	0000                	unimp
  34:	0002                	c.slli64	zero
  36:	024c                	addi	a1,sp,260
  38:	0000                	unimp
  3a:	0008                	.insn	2, 0x0008
  3c:	0000                	unimp
  3e:	0000                	unimp
  40:	3bdc                	fld	fa5,176(a5)
  42:	8000                	.insn	2, 0x8000
  44:	0000                	unimp
  46:	0000                	unimp
  48:	0220                	addi	s0,sp,264
	...
  5e:	0000                	unimp
  60:	002c                	addi	a1,sp,8
  62:	0000                	unimp
  64:	0002                	c.slli64	zero
  66:	051c                	addi	a5,sp,640
  68:	0000                	unimp
  6a:	0008                	.insn	2, 0x0008
  6c:	0000                	unimp
  6e:	0000                	unimp
  70:	3dfc                	fld	fa5,248(a1)
  72:	8000                	.insn	2, 0x8000
  74:	0000                	unimp
  76:	0000                	unimp
  78:	0014                	.insn	2, 0x0014
	...
  8e:	0000                	unimp
  90:	002c                	addi	a1,sp,8
  92:	0000                	unimp
  94:	0002                	c.slli64	zero
  96:	05ed                	addi	a1,a1,27
  98:	0000                	unimp
  9a:	0008                	.insn	2, 0x0008
  9c:	0000                	unimp
  9e:	0000                	unimp
  a0:	3e10                	fld	fa2,56(a2)
  a2:	8000                	.insn	2, 0x8000
  a4:	0000                	unimp
  a6:	0000                	unimp
  a8:	0022                	c.slli	zero,0x8
	...
  be:	0000                	unimp
  c0:	002c                	addi	a1,sp,8
  c2:	0000                	unimp
  c4:	0002                	c.slli64	zero
  c6:	06d1                	addi	a3,a3,20
  c8:	0000                	unimp
  ca:	0008                	.insn	2, 0x0008
  cc:	0000                	unimp
  ce:	0000                	unimp
  d0:	3e32                	fld	ft8,296(sp)
  d2:	8000                	.insn	2, 0x8000
  d4:	0000                	unimp
  d6:	0000                	unimp
  d8:	0014                	.insn	2, 0x0014
	...
  ee:	0000                	unimp
  f0:	002c                	addi	a1,sp,8
  f2:	0000                	unimp
  f4:	0002                	c.slli64	zero
  f6:	000009af          	.insn	4, 0x09af
  fa:	0008                	.insn	2, 0x0008
  fc:	0000                	unimp
  fe:	0000                	unimp
 100:	3e46                	fld	ft8,112(sp)
 102:	8000                	.insn	2, 0x8000
 104:	0000                	unimp
 106:	0000                	unimp
 108:	0004                	.insn	2, 0x0004
	...
 11e:	0000                	unimp
 120:	002c                	addi	a1,sp,8
 122:	0000                	unimp
 124:	0002                	c.slli64	zero
 126:	0a50                	addi	a2,sp,276
 128:	0000                	unimp
 12a:	0008                	.insn	2, 0x0008
 12c:	0000                	unimp
 12e:	0000                	unimp
 130:	3e4a                	fld	ft8,176(sp)
 132:	8000                	.insn	2, 0x8000
 134:	0000                	unimp
 136:	0000                	unimp
 138:	0008                	.insn	2, 0x0008
	...
 14e:	0000                	unimp
 150:	002c                	addi	a1,sp,8
 152:	0000                	unimp
 154:	0002                	c.slli64	zero
 156:	00000afb          	.insn	4, 0x0afb
 15a:	0008                	.insn	2, 0x0008
 15c:	0000                	unimp
 15e:	0000                	unimp
 160:	3e52                	fld	ft8,304(sp)
 162:	8000                	.insn	2, 0x8000
 164:	0000                	unimp
 166:	0000                	unimp
 168:	0014                	.insn	2, 0x0014
	...
 17e:	0000                	unimp
 180:	002c                	addi	a1,sp,8
 182:	0000                	unimp
 184:	0002                	c.slli64	zero
 186:	0bd8                	addi	a4,sp,468
 188:	0000                	unimp
 18a:	0008                	.insn	2, 0x0008
 18c:	0000                	unimp
 18e:	0000                	unimp
 190:	3e66                	fld	ft8,120(sp)
 192:	8000                	.insn	2, 0x8000
 194:	0000                	unimp
 196:	0000                	unimp
 198:	0014                	.insn	2, 0x0014
	...
 1ae:	0000                	unimp
 1b0:	002c                	addi	a1,sp,8
 1b2:	0000                	unimp
 1b4:	0002                	c.slli64	zero
 1b6:	0ce9                	addi	s9,s9,26
 1b8:	0000                	unimp
 1ba:	0008                	.insn	2, 0x0008
 1bc:	0000                	unimp
 1be:	0000                	unimp
 1c0:	3e7a                	fld	ft8,440(sp)
 1c2:	8000                	.insn	2, 0x8000
 1c4:	0000                	unimp
 1c6:	0000                	unimp
 1c8:	0016                	c.slli	zero,0x5
	...
 1de:	0000                	unimp
 1e0:	002c                	addi	a1,sp,8
 1e2:	0000                	unimp
 1e4:	0002                	c.slli64	zero
 1e6:	0dfc                	addi	a5,sp,732
 1e8:	0000                	unimp
 1ea:	0008                	.insn	2, 0x0008
 1ec:	0000                	unimp
 1ee:	0000                	unimp
 1f0:	3e90                	fld	fa2,56(a3)
 1f2:	8000                	.insn	2, 0x8000
 1f4:	0000                	unimp
 1f6:	0000                	unimp
 1f8:	003c                	addi	a5,sp,8
	...
 20e:	0000                	unimp
 210:	002c                	addi	a1,sp,8
 212:	0000                	unimp
 214:	0002                	c.slli64	zero
 216:	0f32                	slli	t5,t5,0xc
 218:	0000                	unimp
 21a:	0008                	.insn	2, 0x0008
 21c:	0000                	unimp
 21e:	0000                	unimp
 220:	3ecc                	fld	fa1,184(a3)
 222:	8000                	.insn	2, 0x8000
 224:	0000                	unimp
 226:	0000                	unimp
 228:	0006                	c.slli	zero,0x1
	...
 23e:	0000                	unimp
 240:	002c                	addi	a1,sp,8
 242:	0000                	unimp
 244:	0002                	c.slli64	zero
 246:	10aa                	slli	ra,ra,0x2a
 248:	0000                	unimp
 24a:	0008                	.insn	2, 0x0008
 24c:	0000                	unimp
 24e:	0000                	unimp
 250:	0000                	unimp
 252:	8000                	.insn	2, 0x8000
 254:	0000                	unimp
 256:	0000                	unimp
 258:	01ee                	slli	gp,gp,0x1b
	...
 26e:	0000                	unimp
 270:	002c                	addi	a1,sp,8
 272:	0000                	unimp
 274:	0002                	c.slli64	zero
 276:	000010d3          	fadd.s	ft1,ft0,ft0,rtz
 27a:	0008                	.insn	2, 0x0008
 27c:	0000                	unimp
 27e:	0000                	unimp
 280:	01ee                	slli	gp,gp,0x1b
 282:	8000                	.insn	2, 0x8000
 284:	0000                	unimp
 286:	0000                	unimp
 288:	0042                	c.slli	zero,0x10
	...
 29e:	0000                	unimp
 2a0:	002c                	addi	a1,sp,8
 2a2:	0000                	unimp
 2a4:	0002                	c.slli64	zero
 2a6:	000010fb          	.insn	4, 0x10fb
 2aa:	0008                	.insn	2, 0x0008
 2ac:	0000                	unimp
 2ae:	0000                	unimp
 2b0:	3ed2                	fld	ft9,304(sp)
 2b2:	8000                	.insn	2, 0x8000
 2b4:	0000                	unimp
 2b6:	0000                	unimp
 2b8:	0016                	c.slli	zero,0x5
	...
 2ce:	0000                	unimp
 2d0:	002c                	addi	a1,sp,8
 2d2:	0000                	unimp
 2d4:	0002                	c.slli64	zero
 2d6:	1235                	addi	tp,tp,-19 # ffffffffffffffed <__heap_end+0xffffffff7ffdafed>
 2d8:	0000                	unimp
 2da:	0008                	.insn	2, 0x0008
 2dc:	0000                	unimp
 2de:	0000                	unimp
 2e0:	3ee8                	fld	fa0,248(a3)
 2e2:	8000                	.insn	2, 0x8000
 2e4:	0000                	unimp
 2e6:	0000                	unimp
 2e8:	0030                	addi	a2,sp,8
	...
 2fe:	0000                	unimp
 300:	002c                	addi	a1,sp,8
 302:	0000                	unimp
 304:	0002                	c.slli64	zero
 306:	139e                	slli	t2,t2,0x27
 308:	0000                	unimp
 30a:	0008                	.insn	2, 0x0008
 30c:	0000                	unimp
 30e:	0000                	unimp
 310:	3f18                	fld	fa4,56(a4)
 312:	8000                	.insn	2, 0x8000
 314:	0000                	unimp
 316:	0000                	unimp
 318:	0006                	c.slli	zero,0x1
	...
 32e:	0000                	unimp
 330:	002c                	addi	a1,sp,8
 332:	0000                	unimp
 334:	0002                	c.slli64	zero
 336:	000013e7          	.insn	4, 0x13e7
 33a:	0008                	.insn	2, 0x0008
 33c:	0000                	unimp
 33e:	0000                	unimp
 340:	3f1e                	fld	ft10,480(sp)
 342:	8000                	.insn	2, 0x8000
 344:	0000                	unimp
 346:	0000                	unimp
 348:	004c                	addi	a1,sp,4
	...

Disassembly of section .debug_rnglists:

0000000000000000 <.debug_rnglists>:
   0:	0024                	addi	s1,sp,8
   2:	0000                	unimp
   4:	0005                	c.nop	1
   6:	0008                	.insn	2, 0x0008
   8:	0000                	unimp
   a:	0000                	unimp
   c:	1c05                	addi	s8,s8,-31
   e:	00800003          	lb	zero,8(zero) # 8 <__boot_hart+0x8>
  12:	0000                	unimp
  14:	0400                	addi	s0,sp,512
  16:	0800                	addi	s0,sp,16
  18:	2404                	fld	fs1,8(s0)
  1a:	0044                	addi	s1,sp,4
  1c:	00023007          	fld	ft0,0(tp) # 0 <__boot_hart>
  20:	0080                	addi	s0,sp,64
  22:	0000                	unimp
  24:	ec00                	sd	s0,24(s0)
  26:	0002                	c.slli64	zero
  28:	0000002f          	.insn	4, 0x002f
  2c:	0005                	c.nop	1
  2e:	0008                	.insn	2, 0x0008
  30:	0000                	unimp
  32:	0000                	unimp
  34:	0404                	addi	s1,sp,512
  36:	0416                	slli	s0,s0,0x5
  38:	2a2a                	fld	fs4,136(sp)
  3a:	0400                	addi	s0,sp,512
  3c:	01ac                	addi	a1,sp,200
  3e:	02bc                	addi	a5,sp,328
  40:	a404                	fsd	fs1,8(s0)
  42:	0403a403          	lw	s0,64(t2)
  46:	03a6                	slli	t2,t2,0x9
  48:	03a8                	addi	a0,sp,456
  4a:	d204                	sw	s1,32(a2)
  4c:	00049a03          	lh	s4,0(s1)
  50:	ac04                	fsd	fs1,24(s0)
  52:	de01                	beqz	a2,ffffffffffffff6a <__heap_end+0xffffffff7ffdaf6a>
  54:	0401                	addi	s0,s0,0
  56:	03d6                	slli	t2,t2,0x15
  58:	03e8                	addi	a0,sp,460
  5a:	0f00                	addi	s0,sp,912
  5c:	0000                	unimp
  5e:	0500                	addi	s0,sp,640
  60:	0800                	addi	s0,sp,16
  62:	0000                	unimp
  64:	0000                	unimp
  66:	0400                	addi	s0,sp,512
  68:	1a18                	addi	a4,sp,304
  6a:	1e04                	addi	s1,sp,816
  6c:	0022                	c.slli	zero,0x8

Disassembly of section .debug_line:

0000000000000000 <.debug_line>:
       0:	0194                	addi	a3,sp,192
       2:	0000                	unimp
       4:	0005                	c.nop	1
       6:	0008                	.insn	2, 0x0008
       8:	00000037          	lui	zero,0x0
       c:	0101                	addi	sp,sp,0
       e:	fb01                	bnez	a4,ffffffffffffff1e <__heap_end+0xffffffff7ffdaf1e>
      10:	0d0e                	slli	s10,s10,0x3
      12:	0100                	addi	s0,sp,128
      14:	0101                	addi	sp,sp,0
      16:	0001                	nop
      18:	0000                	unimp
      1a:	0001                	nop
      1c:	0100                	addi	s0,sp,128
      1e:	0101                	addi	sp,sp,0
      20:	031f 0040 0000      	.insn	6, 0x0040031f
      26:	0000007b          	.insn	4, 0x007b
      2a:	00b0                	addi	a2,sp,72
      2c:	0000                	unimp
      2e:	0102                	c.slli64	sp
      30:	021f 030f 0035      	.insn	6, 0x0035030f021f
      36:	0000                	unimp
      38:	3501                	addiw	a0,a0,-32
      3a:	0000                	unimp
      3c:	0100                	addi	s0,sp,128
      3e:	00f9                	addi	ra,ra,30
      40:	0000                	unimp
      42:	0502                	c.slli64	a0
      44:	000c                	.insn	2, 0x000c
      46:	0209                	addi	tp,tp,2 # 2 <__boot_hart+0x2>
      48:	0230                	addi	a2,sp,264
      4a:	8000                	.insn	2, 0x8000
      4c:	0000                	unimp
      4e:	0000                	unimp
      50:	05010c03          	lb	s8,80(sp)
      54:	0305                	addi	t1,t1,1
      56:	0901                	addi	s2,s2,0
      58:	0000                	unimp
      5a:	0301                	addi	t1,t1,0
      5c:	0901                	addi	s2,s2,0
      5e:	0000                	unimp
      60:	0501                	addi	a0,a0,0
      62:	060c                	addi	a1,sp,768
      64:	00097e03          	.insn	4, 0x00097e03
      68:	0100                	addi	s0,sp,128
      6a:	0e05                	addi	t3,t3,1
      6c:	04090203          	lb	tp,64(s2)
      70:	0100                	addi	s0,sp,128
      72:	0c05                	addi	s8,s8,1
      74:	04097e03          	.insn	4, 0x04097e03
      78:	0100                	addi	s0,sp,128
      7a:	0e05                	addi	t3,t3,1
      7c:	20090203          	lb	tp,512(s2)
      80:	0100                	addi	s0,sp,128
      82:	0505                	addi	a0,a0,1
      84:	0306                	slli	t1,t1,0x1
      86:	0906                	slli	s2,s2,0x1
      88:	0040                	addi	s0,sp,4
      8a:	0501                	addi	a0,a0,0
      8c:	0003060b          	.insn	4, 0x0003060b
      90:	0009                	c.nop	2
      92:	0100                	addi	s0,sp,128
      94:	0505                	addi	a0,a0,1
      96:	0306                	slli	t1,t1,0x1
      98:	0901                	addi	s2,s2,0
      9a:	000c                	.insn	2, 0x000c
      9c:	0301                	addi	t1,t1,0
      9e:	0901                	addi	s2,s2,0
      a0:	0000                	unimp
      a2:	0301                	addi	t1,t1,0
      a4:	0901                	addi	s2,s2,0
      a6:	0004                	.insn	2, 0x0004
      a8:	0301                	addi	t1,t1,0
      aa:	091c                	addi	a5,sp,144
      ac:	0050                	addi	a2,sp,4
      ae:	0301                	addi	t1,t1,0
      b0:	0901                	addi	s2,s2,0
      b2:	0004                	.insn	2, 0x0004
      b4:	0301                	addi	t1,t1,0
      b6:	00000903          	lb	s2,0(zero) # 0 <__boot_hart>
      ba:	0301                	addi	t1,t1,0
      bc:	0901                	addi	s2,s2,0
      be:	0010                	.insn	2, 0x0010
      c0:	0301                	addi	t1,t1,0
      c2:	0901                	addi	s2,s2,0
      c4:	0000                	unimp
      c6:	0501                	addi	a0,a0,0
      c8:	030a                	slli	t1,t1,0x2
      ca:	0900                	addi	s0,sp,144
      cc:	0000                	unimp
      ce:	0501                	addi	a0,a0,0
      d0:	04020017          	auipc	zero,0x4020
      d4:	0301                	addi	t1,t1,0
      d6:	0900                	addi	s0,sp,144
      d8:	0000                	unimp
      da:	0501                	addi	a0,a0,0
      dc:	060e                	slli	a2,a2,0x3
      de:	04090003          	lb	zero,64(s2)
      e2:	0100                	addi	s0,sp,128
      e4:	0905                	addi	s2,s2,1
      e6:	04090103          	lb	sp,64(s2)
      ea:	0100                	addi	s0,sp,128
      ec:	0d05                	addi	s10,s10,1
      ee:	08090203          	lb	tp,128(s2)
      f2:	0100                	addi	s0,sp,128
      f4:	0905                	addi	s2,s2,1
      f6:	08090203          	lb	tp,128(s2)
      fa:	0100                	addi	s0,sp,128
      fc:	1705                	addi	a4,a4,-31
      fe:	0200                	addi	s0,sp,256
     100:	0104                	addi	s1,sp,128
     102:	08097b03          	.insn	4, 0x08097b03
     106:	0100                	addi	s0,sp,128
     108:	0905                	addi	s2,s2,1
     10a:	0306                	slli	t1,t1,0x1
     10c:	0901                	addi	s2,s2,0
     10e:	0004                	.insn	2, 0x0004
     110:	0301                	addi	t1,t1,0
     112:	0901                	addi	s2,s2,0
     114:	0010                	.insn	2, 0x0010
     116:	0501                	addi	a0,a0,0
     118:	030e                	slli	t1,t1,0x3
     11a:	0900                	addi	s0,sp,144
     11c:	0000                	unimp
     11e:	0501                	addi	a0,a0,0
     120:	0402001b          	addiw	zero,tp,64 # 40 <__stack_align+0x30>
     124:	0301                	addi	t1,t1,0
     126:	0900                	addi	s0,sp,144
     128:	0000                	unimp
     12a:	0501                	addi	a0,a0,0
     12c:	030d                	addi	t1,t1,3
     12e:	0901                	addi	s2,s2,0
     130:	0004                	.insn	2, 0x0004
     132:	0501                	addi	a0,a0,0
     134:	0402001b          	addiw	zero,tp,64 # 40 <__stack_align+0x30>
     138:	0601                	addi	a2,a2,0
     13a:	08097f03          	.insn	4, 0x08097f03
     13e:	0100                	addi	s0,sp,128
     140:	0d05                	addi	s10,s10,1
     142:	04090103          	lb	sp,64(s2)
     146:	0100                	addi	s0,sp,128
     148:	2105                	addiw	sp,sp,1
     14a:	0200                	addi	s0,sp,256
     14c:	0304                	addi	s1,sp,384
     14e:	0306                	slli	t1,t1,0x1
     150:	097f 000c 0501 001b 	.insn	10, 0x0402001b0501000c097f
     158:	0402 
     15a:	0301                	addi	t1,t1,0
     15c:	0900                	addi	s0,sp,144
     15e:	0000                	unimp
     160:	0501                	addi	a0,a0,0
     162:	0309                	addi	t1,t1,2
     164:	00040903          	lb	s2,0(s0)
     168:	0501                	addi	a0,a0,0
     16a:	001d                	c.nop	7
     16c:	0402                	c.slli64	s0
     16e:	0302                	c.slli64	t1
     170:	0008097b          	.insn	4, 0x0008097b
     174:	0501                	addi	a0,a0,0
     176:	04020017          	auipc	zero,0x4020
     17a:	0301                	addi	t1,t1,0
     17c:	0900                	addi	s0,sp,144
     17e:	0000                	unimp
     180:	0501                	addi	a0,a0,0
     182:	0305                	addi	t1,t1,1
     184:	00080907          	.insn	4, 0x00080907
     188:	0501                	addi	a0,a0,0
     18a:	0601                	addi	a2,a2,0
     18c:	00090103          	lb	sp,0(s2)
     190:	0100                	addi	s0,sp,128
     192:	2c09                	addiw	s8,s8,2
     194:	0000                	unimp
     196:	0101                	addi	sp,sp,0
     198:	07a1                	addi	a5,a5,8
     19a:	0000                	unimp
     19c:	0005                	c.nop	1
     19e:	0008                	.insn	2, 0x0008
     1a0:	0038                	addi	a4,sp,8
     1a2:	0000                	unimp
     1a4:	0101                	addi	sp,sp,0
     1a6:	fb01                	bnez	a4,b6 <__stack_align+0xa6>
     1a8:	0d0e                	slli	s10,s10,0x3
     1aa:	0100                	addi	s0,sp,128
     1ac:	0101                	addi	sp,sp,0
     1ae:	0001                	nop
     1b0:	0000                	unimp
     1b2:	0001                	nop
     1b4:	0100                	addi	s0,sp,128
     1b6:	0101                	addi	sp,sp,0
     1b8:	021f 012d 0000      	.insn	6, 0x012d021f
     1be:	01c4                	addi	s1,sp,196
     1c0:	0000                	unimp
     1c2:	0102                	c.slli64	sp
     1c4:	021f 040f 0120      	.insn	6, 0x0120040f021f
     1ca:	0000                	unimp
     1cc:	2001                	.insn	2, 0x2001
     1ce:	0001                	nop
     1d0:	0100                	addi	s0,sp,128
     1d2:	000001e3          	beqz	zero,9d4 <__stack_align+0x9c4>
     1d6:	ec01                	bnez	s0,1ee <__stack_align+0x1de>
     1d8:	0001                	nop
     1da:	0100                	addi	s0,sp,128
     1dc:	0105                	addi	sp,sp,1
     1de:	0900                	addi	s0,sp,144
     1e0:	dc02                	sw	zero,56(sp)
     1e2:	0080003b          	addw	zero,zero,s0
     1e6:	0000                	unimp
     1e8:	0300                	addi	s0,sp,384
     1ea:	0122                	slli	sp,sp,0x8
     1ec:	0305                	addi	t1,t1,1
     1ee:	00090103          	lb	sp,0(s2)
     1f2:	0100                	addi	s0,sp,128
     1f4:	00090003          	lb	zero,0(s2)
     1f8:	0100                	addi	s0,sp,128
     1fa:	0d05                	addi	s10,s10,1
     1fc:	00090003          	lb	zero,0(s2)
     200:	0100                	addi	s0,sp,128
     202:	0305                	addi	t1,t1,1
     204:	00090103          	lb	sp,0(s2)
     208:	0100                	addi	s0,sp,128
     20a:	00090003          	lb	zero,0(s2)
     20e:	0100                	addi	s0,sp,128
     210:	00090003          	lb	zero,0(s2)
     214:	0100                	addi	s0,sp,128
     216:	00090003          	lb	zero,0(s2)
     21a:	0100                	addi	s0,sp,128
     21c:	00090103          	lb	sp,0(s2)
     220:	0100                	addi	s0,sp,128
     222:	00090003          	lb	zero,0(s2)
     226:	0100                	addi	s0,sp,128
     228:	00090003          	lb	zero,0(s2)
     22c:	0100                	addi	s0,sp,128
     22e:	00090003          	lb	zero,0(s2)
     232:	0100                	addi	s0,sp,128
     234:	00090103          	lb	sp,0(s2)
     238:	0100                	addi	s0,sp,128
     23a:	00090203          	lb	tp,0(s2)
     23e:	0100                	addi	s0,sp,128
     240:	00090003          	lb	zero,0(s2)
     244:	0100                	addi	s0,sp,128
     246:	0306                	slli	t1,t1,0x1
     248:	0901                	addi	s2,s2,0
     24a:	0004                	.insn	2, 0x0004
     24c:	0001                	nop
     24e:	0402                	c.slli64	s0
     250:	0302                	c.slli64	t1
     252:	0900                	addi	s0,sp,144
     254:	0012                	c.slli	zero,0x4
     256:	0301                	addi	t1,t1,0
     258:	0904                	addi	s1,sp,144
     25a:	0006                	c.slli	zero,0x1
     25c:	0001                	nop
     25e:	0402                	c.slli64	s0
     260:	0302                	c.slli64	t1
     262:	097c                	addi	a5,sp,156
     264:	0004                	.insn	2, 0x0004
     266:	0301                	addi	t1,t1,0
     268:	0904                	addi	s1,sp,144
     26a:	0002                	c.slli64	zero
     26c:	0301                	addi	t1,t1,0
     26e:	0006097b          	.insn	4, 0x0006097b
     272:	0601                	addi	a2,a2,0
     274:	02090003          	lb	zero,32(s2)
     278:	0100                	addi	s0,sp,128
     27a:	00090103          	lb	sp,0(s2)
     27e:	0100                	addi	s0,sp,128
     280:	00090003          	lb	zero,0(s2)
     284:	0100                	addi	s0,sp,128
     286:	00090003          	lb	zero,0(s2)
     28a:	0100                	addi	s0,sp,128
     28c:	00090003          	lb	zero,0(s2)
     290:	0100                	addi	s0,sp,128
     292:	00090003          	lb	zero,0(s2)
     296:	0100                	addi	s0,sp,128
     298:	00090003          	lb	zero,0(s2)
     29c:	0100                	addi	s0,sp,128
     29e:	00090003          	lb	zero,0(s2)
     2a2:	0100                	addi	s0,sp,128
     2a4:	00090003          	lb	zero,0(s2)
     2a8:	0100                	addi	s0,sp,128
     2aa:	00090003          	lb	zero,0(s2)
     2ae:	0100                	addi	s0,sp,128
     2b0:	00090003          	lb	zero,0(s2)
     2b4:	0100                	addi	s0,sp,128
     2b6:	00090003          	lb	zero,0(s2)
     2ba:	0100                	addi	s0,sp,128
     2bc:	0200                	addi	s0,sp,256
     2be:	0204                	addi	s1,sp,256
     2c0:	00090003          	lb	zero,0(s2)
     2c4:	0100                	addi	s0,sp,128
     2c6:	0200                	addi	s0,sp,256
     2c8:	0204                	addi	s1,sp,256
     2ca:	00090003          	lb	zero,0(s2)
     2ce:	0100                	addi	s0,sp,128
     2d0:	0200                	addi	s0,sp,256
     2d2:	0404                	addi	s1,sp,512
     2d4:	04090003          	lb	zero,64(s2)
     2d8:	0100                	addi	s0,sp,128
     2da:	0200                	addi	s0,sp,256
     2dc:	0404                	addi	s1,sp,512
     2de:	00090003          	lb	zero,0(s2)
     2e2:	0100                	addi	s0,sp,128
     2e4:	00090403          	lb	s0,0(s2)
     2e8:	0100                	addi	s0,sp,128
     2ea:	00090003          	lb	zero,0(s2)
     2ee:	0100                	addi	s0,sp,128
     2f0:	00090003          	lb	zero,0(s2)
     2f4:	0100                	addi	s0,sp,128
     2f6:	00090003          	lb	zero,0(s2)
     2fa:	0100                	addi	s0,sp,128
     2fc:	00090003          	lb	zero,0(s2)
     300:	0100                	addi	s0,sp,128
     302:	0200                	addi	s0,sp,256
     304:	0104                	addi	s1,sp,128
     306:	04090003          	lb	zero,64(s2)
     30a:	0100                	addi	s0,sp,128
     30c:	0200                	addi	s0,sp,256
     30e:	0104                	addi	s1,sp,128
     310:	08090003          	lb	zero,128(s2)
     314:	0100                	addi	s0,sp,128
     316:	0200                	addi	s0,sp,256
     318:	0304                	addi	s1,sp,384
     31a:	08090003          	lb	zero,128(s2)
     31e:	0100                	addi	s0,sp,128
     320:	0200                	addi	s0,sp,256
     322:	0304                	addi	s1,sp,384
     324:	00090003          	lb	zero,0(s2)
     328:	0100                	addi	s0,sp,128
     32a:	0200                	addi	s0,sp,256
     32c:	0604                	addi	s1,sp,768
     32e:	0306                	slli	t1,t1,0x1
     330:	0900                	addi	s0,sp,144
     332:	0002                	c.slli64	zero
     334:	0001                	nop
     336:	0402                	c.slli64	s0
     338:	09000307          	.insn	4, 0x09000307
     33c:	0006                	c.slli	zero,0x1
     33e:	0001                	nop
     340:	0402                	c.slli64	s0
     342:	030e                	slli	t1,t1,0x3
     344:	0900                	addi	s0,sp,144
     346:	0002                	c.slli64	zero
     348:	0001                	nop
     34a:	0402                	c.slli64	s0
     34c:	0310                	addi	a2,sp,384
     34e:	0900                	addi	s0,sp,144
     350:	0006                	c.slli	zero,0x1
     352:	0001                	nop
     354:	0402                	c.slli64	s0
     356:	030a                	slli	t1,t1,0x2
     358:	0900                	addi	s0,sp,144
     35a:	0004                	.insn	2, 0x0004
     35c:	0001                	nop
     35e:	0402                	c.slli64	s0
     360:	0900030b          	.insn	4, 0x0900030b
     364:	0006                	c.slli	zero,0x1
     366:	0001                	nop
     368:	0402                	c.slli64	s0
     36a:	030d                	addi	t1,t1,3
     36c:	0900                	addi	s0,sp,144
     36e:	0002                	c.slli64	zero
     370:	0001                	nop
     372:	0402                	c.slli64	s0
     374:	0604                	addi	s1,sp,768
     376:	08090003          	lb	zero,128(s2)
     37a:	0100                	addi	s0,sp,128
     37c:	0200                	addi	s0,sp,256
     37e:	1104                	addi	s1,sp,160
     380:	04090003          	lb	zero,64(s2)
     384:	0100                	addi	s0,sp,128
     386:	0200                	addi	s0,sp,256
     388:	1304                	addi	s1,sp,416
     38a:	0306                	slli	t1,t1,0x1
     38c:	0900                	addi	s0,sp,144
     38e:	0004                	.insn	2, 0x0004
     390:	0001                	nop
     392:	0402                	c.slli64	s0
     394:	0311                	addi	t1,t1,4
     396:	0900                	addi	s0,sp,144
     398:	0002                	c.slli64	zero
     39a:	0001                	nop
     39c:	0402                	c.slli64	s0
     39e:	0614                	addi	a3,sp,768
     3a0:	04090003          	lb	zero,64(s2)
     3a4:	0100                	addi	s0,sp,128
     3a6:	0200                	addi	s0,sp,256
     3a8:	1404                	addi	s1,sp,544
     3aa:	08090003          	lb	zero,128(s2)
     3ae:	0100                	addi	s0,sp,128
     3b0:	0200                	addi	s0,sp,256
     3b2:	1604                	addi	s1,sp,800
     3b4:	0306                	slli	t1,t1,0x1
     3b6:	0900                	addi	s0,sp,144
     3b8:	0008                	.insn	2, 0x0008
     3ba:	0001                	nop
     3bc:	0402                	c.slli64	s0
     3be:	0314                	addi	a3,sp,384
     3c0:	0900                	addi	s0,sp,144
     3c2:	0004                	.insn	2, 0x0004
     3c4:	0001                	nop
     3c6:	0402                	c.slli64	s0
     3c8:	0616                	slli	a2,a2,0x5
     3ca:	04090003          	lb	zero,64(s2)
     3ce:	0100                	addi	s0,sp,128
     3d0:	0200                	addi	s0,sp,256
     3d2:	1b04                	addi	s1,sp,432
     3d4:	0306                	slli	t1,t1,0x1
     3d6:	0900                	addi	s0,sp,144
     3d8:	000e                	c.slli	zero,0x3
     3da:	0001                	nop
     3dc:	0402                	c.slli64	s0
     3de:	0316                	slli	t1,t1,0x5
     3e0:	0900                	addi	s0,sp,144
     3e2:	000c                	.insn	2, 0x000c
     3e4:	0001                	nop
     3e6:	0402                	c.slli64	s0
     3e8:	031d                	addi	t1,t1,7
     3ea:	0900                	addi	s0,sp,144
     3ec:	0004                	.insn	2, 0x0004
     3ee:	0001                	nop
     3f0:	0402                	c.slli64	s0
     3f2:	061d                	addi	a2,a2,7
     3f4:	02090003          	lb	zero,32(s2)
     3f8:	0100                	addi	s0,sp,128
     3fa:	0200                	addi	s0,sp,256
     3fc:	0604                	addi	s1,sp,768
     3fe:	00090203          	lb	tp,0(s2)
     402:	0100                	addi	s0,sp,128
     404:	0200                	addi	s0,sp,256
     406:	0704                	addi	s1,sp,896
     408:	00090003          	lb	zero,0(s2)
     40c:	0100                	addi	s0,sp,128
     40e:	0200                	addi	s0,sp,256
     410:	0704                	addi	s1,sp,896
     412:	00090003          	lb	zero,0(s2)
     416:	0100                	addi	s0,sp,128
     418:	0200                	addi	s0,sp,256
     41a:	0704                	addi	s1,sp,896
     41c:	00090003          	lb	zero,0(s2)
     420:	0100                	addi	s0,sp,128
     422:	0200                	addi	s0,sp,256
     424:	0704                	addi	s1,sp,896
     426:	00090003          	lb	zero,0(s2)
     42a:	0100                	addi	s0,sp,128
     42c:	0200                	addi	s0,sp,256
     42e:	0704                	addi	s1,sp,896
     430:	00090003          	lb	zero,0(s2)
     434:	0100                	addi	s0,sp,128
     436:	0200                	addi	s0,sp,256
     438:	0704                	addi	s1,sp,896
     43a:	00090003          	lb	zero,0(s2)
     43e:	0100                	addi	s0,sp,128
     440:	0200                	addi	s0,sp,256
     442:	0704                	addi	s1,sp,896
     444:	00090003          	lb	zero,0(s2)
     448:	0100                	addi	s0,sp,128
     44a:	0200                	addi	s0,sp,256
     44c:	0704                	addi	s1,sp,896
     44e:	00090003          	lb	zero,0(s2)
     452:	0100                	addi	s0,sp,128
     454:	0200                	addi	s0,sp,256
     456:	0704                	addi	s1,sp,896
     458:	00090003          	lb	zero,0(s2)
     45c:	0100                	addi	s0,sp,128
     45e:	0200                	addi	s0,sp,256
     460:	0904                	addi	s1,sp,144
     462:	00090003          	lb	zero,0(s2)
     466:	0100                	addi	s0,sp,128
     468:	0200                	addi	s0,sp,256
     46a:	0c04                	addi	s1,sp,528
     46c:	04090003          	lb	zero,64(s2)
     470:	0100                	addi	s0,sp,128
     472:	0200                	addi	s0,sp,256
     474:	0c04                	addi	s1,sp,528
     476:	00090003          	lb	zero,0(s2)
     47a:	0100                	addi	s0,sp,128
     47c:	0200                	addi	s0,sp,256
     47e:	0c04                	addi	s1,sp,528
     480:	00090003          	lb	zero,0(s2)
     484:	0100                	addi	s0,sp,128
     486:	0200                	addi	s0,sp,256
     488:	0d04                	addi	s1,sp,656
     48a:	08090003          	lb	zero,128(s2)
     48e:	0100                	addi	s0,sp,128
     490:	0200                	addi	s0,sp,256
     492:	0d04                	addi	s1,sp,656
     494:	00090003          	lb	zero,0(s2)
     498:	0100                	addi	s0,sp,128
     49a:	0200                	addi	s0,sp,256
     49c:	1004                	addi	s1,sp,32
     49e:	10090003          	lb	zero,256(s2)
     4a2:	0100                	addi	s0,sp,128
     4a4:	0200                	addi	s0,sp,256
     4a6:	1004                	addi	s1,sp,32
     4a8:	00090003          	lb	zero,0(s2)
     4ac:	0100                	addi	s0,sp,128
     4ae:	0200                	addi	s0,sp,256
     4b0:	1404                	addi	s1,sp,544
     4b2:	0a090003          	lb	zero,160(s2)
     4b6:	0100                	addi	s0,sp,128
     4b8:	0200                	addi	s0,sp,256
     4ba:	1704                	addi	s1,sp,928
     4bc:	02090003          	lb	zero,32(s2)
     4c0:	0100                	addi	s0,sp,128
     4c2:	0200                	addi	s0,sp,256
     4c4:	1704                	addi	s1,sp,928
     4c6:	00090003          	lb	zero,0(s2)
     4ca:	0100                	addi	s0,sp,128
     4cc:	0200                	addi	s0,sp,256
     4ce:	2404                	fld	fs1,8(s0)
     4d0:	0a090003          	lb	zero,160(s2)
     4d4:	0100                	addi	s0,sp,128
     4d6:	0200                	addi	s0,sp,256
     4d8:	2404                	fld	fs1,8(s0)
     4da:	00090003          	lb	zero,0(s2)
     4de:	0100                	addi	s0,sp,128
     4e0:	0200                	addi	s0,sp,256
     4e2:	2504                	fld	fs1,8(a0)
     4e4:	08090003          	lb	zero,128(s2)
     4e8:	0100                	addi	s0,sp,128
     4ea:	0200                	addi	s0,sp,256
     4ec:	2504                	fld	fs1,8(a0)
     4ee:	06090003          	lb	zero,96(s2)
     4f2:	0100                	addi	s0,sp,128
     4f4:	0200                	addi	s0,sp,256
     4f6:	2804                	fld	fs1,16(s0)
     4f8:	0c090003          	lb	zero,192(s2)
     4fc:	0100                	addi	s0,sp,128
     4fe:	0200                	addi	s0,sp,256
     500:	2804                	fld	fs1,16(s0)
     502:	00090003          	lb	zero,0(s2)
     506:	0100                	addi	s0,sp,128
     508:	0200                	addi	s0,sp,256
     50a:	2c04                	fld	fs1,24(s0)
     50c:	0a090003          	lb	zero,160(s2)
     510:	0100                	addi	s0,sp,128
     512:	0200                	addi	s0,sp,256
     514:	2f04                	fld	fs1,24(a4)
     516:	02090003          	lb	zero,32(s2)
     51a:	0100                	addi	s0,sp,128
     51c:	0200                	addi	s0,sp,256
     51e:	2f04                	fld	fs1,24(a4)
     520:	00090003          	lb	zero,0(s2)
     524:	0100                	addi	s0,sp,128
     526:	0200                	addi	s0,sp,256
     528:	3a04                	fld	fs1,48(a2)
     52a:	02090003          	lb	zero,32(s2)
     52e:	0100                	addi	s0,sp,128
     530:	0200                	addi	s0,sp,256
     532:	3e04                	fld	fs1,56(a2)
     534:	0a090003          	lb	zero,160(s2)
     538:	0100                	addi	s0,sp,128
     53a:	0200                	addi	s0,sp,256
     53c:	3f04                	fld	fs1,56(a4)
     53e:	08090003          	lb	zero,128(s2)
     542:	0100                	addi	s0,sp,128
     544:	0200                	addi	s0,sp,256
     546:	3f04                	fld	fs1,56(a4)
     548:	00090003          	lb	zero,0(s2)
     54c:	0100                	addi	s0,sp,128
     54e:	0200                	addi	s0,sp,256
     550:	3f04                	fld	fs1,56(a4)
     552:	02090003          	lb	zero,32(s2)
     556:	0100                	addi	s0,sp,128
     558:	0200                	addi	s0,sp,256
     55a:	4f04                	lw	s1,24(a4)
     55c:	10090003          	lb	zero,256(s2)
     560:	0100                	addi	s0,sp,128
     562:	0200                	addi	s0,sp,256
     564:	4f04                	lw	s1,24(a4)
     566:	00090003          	lb	zero,0(s2)
     56a:	0100                	addi	s0,sp,128
     56c:	0200                	addi	s0,sp,256
     56e:	4f04                	lw	s1,24(a4)
     570:	06090003          	lb	zero,96(s2)
     574:	0100                	addi	s0,sp,128
     576:	0200                	addi	s0,sp,256
     578:	5004                	lw	s1,32(s0)
     57a:	0306                	slli	t1,t1,0x1
     57c:	0900                	addi	s0,sp,144
     57e:	0004                	.insn	2, 0x0004
     580:	0001                	nop
     582:	0402                	c.slli64	s0
     584:	0354                	addi	a3,sp,388
     586:	0900                	addi	s0,sp,144
     588:	0002                	c.slli64	zero
     58a:	0001                	nop
     58c:	0402                	c.slli64	s0
     58e:	065a                	slli	a2,a2,0x16
     590:	06090003          	lb	zero,96(s2)
     594:	0100                	addi	s0,sp,128
     596:	0200                	addi	s0,sp,256
     598:	5a04                	lw	s1,48(a2)
     59a:	00090003          	lb	zero,0(s2)
     59e:	0100                	addi	s0,sp,128
     5a0:	0200                	addi	s0,sp,256
     5a2:	5a04                	lw	s1,48(a2)
     5a4:	00090003          	lb	zero,0(s2)
     5a8:	0100                	addi	s0,sp,128
     5aa:	0200                	addi	s0,sp,256
     5ac:	5a04                	lw	s1,48(a2)
     5ae:	00090003          	lb	zero,0(s2)
     5b2:	0100                	addi	s0,sp,128
     5b4:	0200                	addi	s0,sp,256
     5b6:	5a04                	lw	s1,48(a2)
     5b8:	00090003          	lb	zero,0(s2)
     5bc:	0100                	addi	s0,sp,128
     5be:	0200                	addi	s0,sp,256
     5c0:	5a04                	lw	s1,48(a2)
     5c2:	00090003          	lb	zero,0(s2)
     5c6:	0100                	addi	s0,sp,128
     5c8:	0200                	addi	s0,sp,256
     5ca:	5a04                	lw	s1,48(a2)
     5cc:	00090003          	lb	zero,0(s2)
     5d0:	0100                	addi	s0,sp,128
     5d2:	0200                	addi	s0,sp,256
     5d4:	5a04                	lw	s1,48(a2)
     5d6:	16090003          	lb	zero,352(s2)
     5da:	0100                	addi	s0,sp,128
     5dc:	0200                	addi	s0,sp,256
     5de:	5a04                	lw	s1,48(a2)
     5e0:	00090003          	lb	zero,0(s2)
     5e4:	0100                	addi	s0,sp,128
     5e6:	0200                	addi	s0,sp,256
     5e8:	5a04                	lw	s1,48(a2)
     5ea:	00090003          	lb	zero,0(s2)
     5ee:	0100                	addi	s0,sp,128
     5f0:	00090103          	lb	sp,0(s2)
     5f4:	0100                	addi	s0,sp,128
     5f6:	00090003          	lb	zero,0(s2)
     5fa:	0100                	addi	s0,sp,128
     5fc:	0200                	addi	s0,sp,256
     5fe:	0104                	addi	s1,sp,128
     600:	0306                	slli	t1,t1,0x1
     602:	0900                	addi	s0,sp,144
     604:	0000                	unimp
     606:	0001                	nop
     608:	0402                	c.slli64	s0
     60a:	0601                	addi	a2,a2,0
     60c:	02090003          	lb	zero,32(s2)
     610:	0100                	addi	s0,sp,128
     612:	0200                	addi	s0,sp,256
     614:	0304                	addi	s1,sp,384
     616:	04090003          	lb	zero,64(s2)
     61a:	0100                	addi	s0,sp,128
     61c:	00090203          	lb	tp,0(s2)
     620:	0100                	addi	s0,sp,128
     622:	0105                	addi	sp,sp,1
     624:	0306                	slli	t1,t1,0x1
     626:	0901                	addi	s2,s2,0
     628:	0000                	unimp
     62a:	0501                	addi	a0,a0,0
     62c:	04020003          	lb	zero,64(tp) # 40 <__stack_align+0x30>
     630:	7a030617          	auipc	a2,0x7a030
     634:	0609                	addi	a2,a2,2 # 7a030632 <__heap_size+0x7a010632>
     636:	0100                	addi	s0,sp,128
     638:	0200                	addi	s0,sp,256
     63a:	2004                	fld	fs1,0(s0)
     63c:	0306                	slli	t1,t1,0x1
     63e:	0900                	addi	s0,sp,144
     640:	000c                	.insn	2, 0x000c
     642:	0001                	nop
     644:	0402                	c.slli64	s0
     646:	09000317          	auipc	t1,0x9000
     64a:	0002                	c.slli64	zero
     64c:	0001                	nop
     64e:	0402                	c.slli64	s0
     650:	031f 0900 0004      	.insn	6, 0x00040900031f
     656:	0001                	nop
     658:	0402                	c.slli64	s0
     65a:	0322                	slli	t1,t1,0x8
     65c:	0900                	addi	s0,sp,144
     65e:	0008                	.insn	2, 0x0008
     660:	0001                	nop
     662:	0402                	c.slli64	s0
     664:	0622                	slli	a2,a2,0x8
     666:	0a090003          	lb	zero,160(s2)
     66a:	0100                	addi	s0,sp,128
     66c:	0200                	addi	s0,sp,256
     66e:	1204                	addi	s1,sp,288
     670:	02090003          	lb	zero,32(s2)
     674:	0100                	addi	s0,sp,128
     676:	0200                	addi	s0,sp,256
     678:	1204                	addi	s1,sp,288
     67a:	00090003          	lb	zero,0(s2)
     67e:	0100                	addi	s0,sp,128
     680:	0200                	addi	s0,sp,256
     682:	1204                	addi	s1,sp,288
     684:	14090003          	lb	zero,320(s2)
     688:	0100                	addi	s0,sp,128
     68a:	0306                	slli	t1,t1,0x1
     68c:	0976                	slli	s2,s2,0x1d
     68e:	0000                	unimp
     690:	0001                	nop
     692:	0402                	c.slli64	s0
     694:	0602                	c.slli64	a2
     696:	04090a03          	lb	s4,64(s2)
     69a:	0100                	addi	s0,sp,128
     69c:	0200                	addi	s0,sp,256
     69e:	2a04                	fld	fs1,16(a2)
     6a0:	0306                	slli	t1,t1,0x1
     6a2:	0900                	addi	s0,sp,144
     6a4:	0000                	unimp
     6a6:	0001                	nop
     6a8:	0402                	c.slli64	s0
     6aa:	0302                	c.slli64	t1
     6ac:	0900                	addi	s0,sp,144
     6ae:	0004                	.insn	2, 0x0004
     6b0:	0001                	nop
     6b2:	0402                	c.slli64	s0
     6b4:	0626                	slli	a2,a2,0x9
     6b6:	04090003          	lb	zero,64(s2)
     6ba:	0100                	addi	s0,sp,128
     6bc:	0200                	addi	s0,sp,256
     6be:	2604                	fld	fs1,8(a2)
     6c0:	00090003          	lb	zero,0(s2)
     6c4:	0100                	addi	s0,sp,128
     6c6:	0200                	addi	s0,sp,256
     6c8:	2a04                	fld	fs1,16(a2)
     6ca:	00090003          	lb	zero,0(s2)
     6ce:	0100                	addi	s0,sp,128
     6d0:	0200                	addi	s0,sp,256
     6d2:	2a04                	fld	fs1,16(a2)
     6d4:	00090003          	lb	zero,0(s2)
     6d8:	0100                	addi	s0,sp,128
     6da:	0200                	addi	s0,sp,256
     6dc:	2a04                	fld	fs1,16(a2)
     6de:	00090003          	lb	zero,0(s2)
     6e2:	0100                	addi	s0,sp,128
     6e4:	0200                	addi	s0,sp,256
     6e6:	4104                	lw	s1,0(a0)
     6e8:	00090003          	lb	zero,0(s2)
     6ec:	0100                	addi	s0,sp,128
     6ee:	0200                	addi	s0,sp,256
     6f0:	4104                	lw	s1,0(a0)
     6f2:	00090003          	lb	zero,0(s2)
     6f6:	0100                	addi	s0,sp,128
     6f8:	00090203          	lb	tp,0(s2)
     6fc:	0100                	addi	s0,sp,128
     6fe:	00090003          	lb	zero,0(s2)
     702:	0100                	addi	s0,sp,128
     704:	00090003          	lb	zero,0(s2)
     708:	0100                	addi	s0,sp,128
     70a:	0306                	slli	t1,t1,0x1
     70c:	0974                	addi	a3,sp,156
     70e:	0000                	unimp
     710:	0001                	nop
     712:	0402                	c.slli64	s0
     714:	0301                	addi	t1,t1,0 # 9000646 <__heap_size+0x8fe0646>
     716:	090c                	addi	a1,sp,144
     718:	0002                	c.slli64	zero
     71a:	0001                	nop
     71c:	0402                	c.slli64	s0
     71e:	097e032b          	.insn	4, 0x097e032b
     722:	0002                	c.slli64	zero
     724:	0001                	nop
     726:	0402                	c.slli64	s0
     728:	00030627          	.insn	4, 0x00030627
     72c:	0409                	addi	s0,s0,2
     72e:	0100                	addi	s0,sp,128
     730:	0200                	addi	s0,sp,256
     732:	2704                	fld	fs1,8(a4)
     734:	00090003          	lb	zero,0(s2)
     738:	0100                	addi	s0,sp,128
     73a:	0200                	addi	s0,sp,256
     73c:	3004                	fld	fs1,32(s0)
     73e:	02090003          	lb	zero,32(s2)
     742:	0100                	addi	s0,sp,128
     744:	0200                	addi	s0,sp,256
     746:	3004                	fld	fs1,32(s0)
     748:	00090003          	lb	zero,0(s2)
     74c:	0100                	addi	s0,sp,128
     74e:	0306                	slli	t1,t1,0x1
     750:	0976                	slli	s2,s2,0x1d
     752:	0000                	unimp
     754:	0001                	nop
     756:	0402                	c.slli64	s0
     758:	0330                	addi	a2,sp,392
     75a:	090a                	slli	s2,s2,0x2
     75c:	0002                	c.slli64	zero
     75e:	0001                	nop
     760:	0402                	c.slli64	s0
     762:	0334                	addi	a3,sp,392
     764:	0900                	addi	s0,sp,144
     766:	0004                	.insn	2, 0x0004
     768:	0001                	nop
     76a:	0402                	c.slli64	s0
     76c:	0638                	addi	a4,sp,776
     76e:	0a090003          	lb	zero,160(s2)
     772:	0100                	addi	s0,sp,128
     774:	0200                	addi	s0,sp,256
     776:	3804                	fld	fs1,48(s0)
     778:	00090003          	lb	zero,0(s2)
     77c:	0100                	addi	s0,sp,128
     77e:	0200                	addi	s0,sp,256
     780:	3804                	fld	fs1,48(s0)
     782:	00090003          	lb	zero,0(s2)
     786:	0100                	addi	s0,sp,128
     788:	0200                	addi	s0,sp,256
     78a:	3804                	fld	fs1,48(s0)
     78c:	04090003          	lb	zero,64(s2)
     790:	0100                	addi	s0,sp,128
     792:	0200                	addi	s0,sp,256
     794:	3804                	fld	fs1,48(s0)
     796:	00090003          	lb	zero,0(s2)
     79a:	0100                	addi	s0,sp,128
     79c:	0200                	addi	s0,sp,256
     79e:	3804                	fld	fs1,48(s0)
     7a0:	00090003          	lb	zero,0(s2)
     7a4:	0100                	addi	s0,sp,128
     7a6:	0200                	addi	s0,sp,256
     7a8:	3a04                	fld	fs1,48(a2)
     7aa:	0306                	slli	t1,t1,0x1
     7ac:	0900                	addi	s0,sp,144
     7ae:	0004                	.insn	2, 0x0004
     7b0:	0001                	nop
     7b2:	0402                	c.slli64	s0
     7b4:	0338                	addi	a4,sp,392
     7b6:	0900                	addi	s0,sp,144
     7b8:	0002                	c.slli64	zero
     7ba:	0001                	nop
     7bc:	0402                	c.slli64	s0
     7be:	0638                	addi	a4,sp,776
     7c0:	02090003          	lb	zero,32(s2)
     7c4:	0100                	addi	s0,sp,128
     7c6:	0200                	addi	s0,sp,256
     7c8:	3804                	fld	fs1,48(s0)
     7ca:	00090003          	lb	zero,0(s2)
     7ce:	0100                	addi	s0,sp,128
     7d0:	0200                	addi	s0,sp,256
     7d2:	3a04                	fld	fs1,48(a2)
     7d4:	00090003          	lb	zero,0(s2)
     7d8:	0100                	addi	s0,sp,128
     7da:	0200                	addi	s0,sp,256
     7dc:	2704                	fld	fs1,8(a4)
     7de:	0306                	slli	t1,t1,0x1
     7e0:	0900                	addi	s0,sp,144
     7e2:	0004                	.insn	2, 0x0004
     7e4:	0001                	nop
     7e6:	0402                	c.slli64	s0
     7e8:	0641                	addi	a2,a2,16
     7ea:	04090003          	lb	zero,64(s2)
     7ee:	0100                	addi	s0,sp,128
     7f0:	0200                	addi	s0,sp,256
     7f2:	4104                	lw	s1,0(a0)
     7f4:	00090003          	lb	zero,0(s2)
     7f8:	0100                	addi	s0,sp,128
     7fa:	00090203          	lb	tp,0(s2)
     7fe:	0100                	addi	s0,sp,128
     800:	00090003          	lb	zero,0(s2)
     804:	0100                	addi	s0,sp,128
     806:	00090003          	lb	zero,0(s2)
     80a:	0100                	addi	s0,sp,128
     80c:	0200                	addi	s0,sp,256
     80e:	0604                	addi	s1,sp,768
     810:	0306                	slli	t1,t1,0x1
     812:	0900                	addi	s0,sp,144
     814:	0000                	unimp
     816:	0001                	nop
     818:	0402                	c.slli64	s0
     81a:	00030613          	mv	a2,t1
     81e:	0409                	addi	s0,s0,2
     820:	0100                	addi	s0,sp,128
     822:	0200                	addi	s0,sp,256
     824:	1304                	addi	s1,sp,416
     826:	00090003          	lb	zero,0(s2)
     82a:	0100                	addi	s0,sp,128
     82c:	0200                	addi	s0,sp,256
     82e:	0d04                	addi	s1,sp,656
     830:	0306                	slli	t1,t1,0x1
     832:	0900                	addi	s0,sp,144
     834:	0000                	unimp
     836:	0001                	nop
     838:	0402                	c.slli64	s0
     83a:	09000313          	li	t1,144
     83e:	0002                	c.slli64	zero
     840:	0001                	nop
     842:	0402                	c.slli64	s0
     844:	061f 0003 0409      	.insn	6, 0x04090003061f
     84a:	0100                	addi	s0,sp,128
     84c:	0200                	addi	s0,sp,256
     84e:	1204                	addi	s1,sp,288
     850:	04090003          	lb	zero,64(s2)
     854:	0100                	addi	s0,sp,128
     856:	0200                	addi	s0,sp,256
     858:	1204                	addi	s1,sp,288
     85a:	00090003          	lb	zero,0(s2)
     85e:	0100                	addi	s0,sp,128
     860:	0200                	addi	s0,sp,256
     862:	0d04                	addi	s1,sp,656
     864:	0306                	slli	t1,t1,0x1
     866:	0900                	addi	s0,sp,144
     868:	0000                	unimp
     86a:	0001                	nop
     86c:	0402                	c.slli64	s0
     86e:	0312                	slli	t1,t1,0x4
     870:	0900                	addi	s0,sp,144
     872:	0002                	c.slli64	zero
     874:	0001                	nop
     876:	0402                	c.slli64	s0
     878:	0003062b          	.insn	4, 0x0003062b
     87c:	0609                	addi	a2,a2,2
     87e:	0100                	addi	s0,sp,128
     880:	0200                	addi	s0,sp,256
     882:	2b04                	fld	fs1,16(a4)
     884:	00090003          	lb	zero,0(s2)
     888:	0100                	addi	s0,sp,128
     88a:	0200                	addi	s0,sp,256
     88c:	3704                	fld	fs1,40(a4)
     88e:	02090003          	lb	zero,32(s2)
     892:	0100                	addi	s0,sp,128
     894:	0200                	addi	s0,sp,256
     896:	2a04                	fld	fs1,16(a2)
     898:	04090003          	lb	zero,64(s2)
     89c:	0100                	addi	s0,sp,128
     89e:	0200                	addi	s0,sp,256
     8a0:	2a04                	fld	fs1,16(a2)
     8a2:	00090003          	lb	zero,0(s2)
     8a6:	0100                	addi	s0,sp,128
     8a8:	0200                	addi	s0,sp,256
     8aa:	4104                	lw	s1,0(a0)
     8ac:	04090003          	lb	zero,64(s2)
     8b0:	0100                	addi	s0,sp,128
     8b2:	0200                	addi	s0,sp,256
     8b4:	4104                	lw	s1,0(a0)
     8b6:	00090003          	lb	zero,0(s2)
     8ba:	0100                	addi	s0,sp,128
     8bc:	0200                	addi	s0,sp,256
     8be:	4b04                	lw	s1,16(a4)
     8c0:	0306                	slli	t1,t1,0x1
     8c2:	0900                	addi	s0,sp,144
     8c4:	0000                	unimp
     8c6:	0001                	nop
     8c8:	0402                	c.slli64	s0
     8ca:	0341                	addi	t1,t1,16
     8cc:	0900                	addi	s0,sp,144
     8ce:	0002                	c.slli64	zero
     8d0:	0001                	nop
     8d2:	0402                	c.slli64	s0
     8d4:	0344                	addi	s1,sp,388
     8d6:	0900                	addi	s0,sp,144
     8d8:	0002                	c.slli64	zero
     8da:	0001                	nop
     8dc:	0402                	c.slli64	s0
     8de:	0345                	addi	t1,t1,17
     8e0:	0900                	addi	s0,sp,144
     8e2:	0006                	c.slli	zero,0x1
     8e4:	0001                	nop
     8e6:	0402                	c.slli64	s0
     8e8:	034c                	addi	a1,sp,388
     8ea:	0900                	addi	s0,sp,144
     8ec:	0002                	c.slli64	zero
     8ee:	0001                	nop
     8f0:	0402                	c.slli64	s0
     8f2:	0348                	addi	a0,sp,388
     8f4:	0900                	addi	s0,sp,144
     8f6:	0008                	.insn	2, 0x0008
     8f8:	0001                	nop
     8fa:	0402                	c.slli64	s0
     8fc:	0349                	addi	t1,t1,18
     8fe:	0900                	addi	s0,sp,144
     900:	0006                	c.slli	zero,0x1
     902:	0001                	nop
     904:	0402                	c.slli64	s0
     906:	064e                	slli	a2,a2,0x13
     908:	02090003          	lb	zero,32(s2)
     90c:	0100                	addi	s0,sp,128
     90e:	0200                	addi	s0,sp,256
     910:	4e04                	lw	s1,24(a2)
     912:	00090003          	lb	zero,0(s2)
     916:	0100                	addi	s0,sp,128
     918:	0200                	addi	s0,sp,256
     91a:	2f04                	fld	fs1,24(a4)
     91c:	06090003          	lb	zero,96(s2)
     920:	0100                	addi	s0,sp,128
     922:	0200                	addi	s0,sp,256
     924:	2f04                	fld	fs1,24(a4)
     926:	00090003          	lb	zero,0(s2)
     92a:	0100                	addi	s0,sp,128
     92c:	0200                	addi	s0,sp,256
     92e:	2704                	fld	fs1,8(a4)
     930:	0306                	slli	t1,t1,0x1
     932:	097e                	slli	s2,s2,0x1f
     934:	0006                	c.slli	zero,0x1
     936:	0901                	addi	s2,s2,0
     938:	0006                	c.slli	zero,0x1
     93a:	0100                	addi	s0,sp,128
     93c:	9201                	srli	a2,a2,0x20
     93e:	0000                	unimp
     940:	0500                	addi	s0,sp,640
     942:	0800                	addi	s0,sp,16
     944:	3700                	fld	fs0,40(a4)
     946:	0000                	unimp
     948:	0100                	addi	s0,sp,128
     94a:	0101                	addi	sp,sp,0
     94c:	000d0efb          	.insn	4, 0x000d0efb
     950:	0101                	addi	sp,sp,0
     952:	0101                	addi	sp,sp,0
     954:	0000                	unimp
     956:	0100                	addi	s0,sp,128
     958:	0000                	unimp
     95a:	0101                	addi	sp,sp,0
     95c:	1f01                	addi	t5,t5,-32
     95e:	0001f303          	.insn	4, 0x0001f303
     962:	3200                	fld	fs0,32(a2)
     964:	0002                	c.slli64	zero
     966:	3900                	fld	fs0,48(a0)
     968:	0002                	c.slli64	zero
     96a:	0200                	addi	s0,sp,256
     96c:	1f01                	addi	t5,t5,-32
     96e:	0f02                	c.slli64	t5
     970:	00022a03          	lw	s4,0(tp) # 0 <__boot_hart>
     974:	0100                	addi	s0,sp,128
     976:	022a                	slli	tp,tp,0xa
     978:	0000                	unimp
     97a:	8601                	c.srai64	a2
     97c:	0002                	c.slli64	zero
     97e:	0200                	addi	s0,sp,256
     980:	0105                	addi	sp,sp,1
     982:	0900                	addi	s0,sp,144
     984:	fc02                	sd	zero,56(sp)
     986:	003d                	c.nop	15
     988:	0080                	addi	s0,sp,64
     98a:	0000                	unimp
     98c:	1600                	addi	s0,sp,800
     98e:	0505                	addi	a0,a0,1
     990:	00090103          	lb	sp,0(s2)
     994:	0100                	addi	s0,sp,128
     996:	0105                	addi	sp,sp,1
     998:	0306                	slli	t1,t1,0x1
     99a:	097f 0000 0501 0305 	.insn	10, 0x0901030505010000097f
     9a2:	0901 
     9a4:	0004                	.insn	2, 0x0004
     9a6:	0501                	addi	a0,a0,0
     9a8:	0301                	addi	t1,t1,0
     9aa:	0902                	c.slli64	s2
     9ac:	0004                	.insn	2, 0x0004
     9ae:	0501                	addi	a0,a0,0
     9b0:	0402000b          	.insn	4, 0x0402000b
     9b4:	0301                	addi	t1,t1,0
     9b6:	097e                	slli	s2,s2,0x1f
     9b8:	0002                	c.slli64	zero
     9ba:	0501                	addi	a0,a0,0
     9bc:	0605                	addi	a2,a2,1
     9be:	04090103          	lb	sp,64(s2)
     9c2:	0100                	addi	s0,sp,128
     9c4:	0105                	addi	sp,sp,1
     9c6:	0306                	slli	t1,t1,0x1
     9c8:	0901                	addi	s2,s2,0
     9ca:	0000                	unimp
     9cc:	0901                	addi	s2,s2,0
     9ce:	0006                	c.slli	zero,0x1
     9d0:	0100                	addi	s0,sp,128
     9d2:	bb01                	j	6e2 <__stack_align+0x6d2>
     9d4:	0000                	unimp
     9d6:	0500                	addi	s0,sp,640
     9d8:	0800                	addi	s0,sp,16
     9da:	4900                	lw	s0,16(a0)
     9dc:	0000                	unimp
     9de:	0100                	addi	s0,sp,128
     9e0:	0101                	addi	sp,sp,0
     9e2:	000d0efb          	.insn	4, 0x000d0efb
     9e6:	0101                	addi	sp,sp,0
     9e8:	0101                	addi	sp,sp,0
     9ea:	0000                	unimp
     9ec:	0100                	addi	s0,sp,128
     9ee:	0000                	unimp
     9f0:	0101                	addi	sp,sp,0
     9f2:	1f01                	addi	t5,t5,-32
     9f4:	f305                	bnez	a4,914 <__stack_align+0x904>
     9f6:	0001                	nop
     9f8:	3200                	fld	fs0,32(a2)
     9fa:	0002                	c.slli64	zero
     9fc:	9c00                	.insn	2, 0x9c00
     9fe:	0002                	c.slli64	zero
     a00:	3900                	fld	fs0,48(a0)
     a02:	0002                	c.slli64	zero
     a04:	ed00                	sd	s0,24(a0)
     a06:	0002                	c.slli64	zero
     a08:	0200                	addi	s0,sp,256
     a0a:	1f01                	addi	t5,t5,-32
     a0c:	0f02                	c.slli64	t5
     a0e:	9505                	srai	a0,a0,0x21
     a10:	0002                	c.slli64	zero
     a12:	0100                	addi	s0,sp,128
     a14:	0295                	addi	t0,t0,5
     a16:	0000                	unimp
     a18:	f801                	bnez	s0,928 <__stack_align+0x918>
     a1a:	0002                	c.slli64	zero
     a1c:	0200                	addi	s0,sp,256
     a1e:	0309                	addi	t1,t1,2
     a20:	0000                	unimp
     a22:	00031303          	lh	t1,0(t1)
     a26:	0400                	addi	s0,sp,512
     a28:	0105                	addi	sp,sp,1
     a2a:	0900                	addi	s0,sp,144
     a2c:	1002                	c.slli	zero,0x20
     a2e:	003e                	c.slli	zero,0xf
     a30:	0080                	addi	s0,sp,64
     a32:	0000                	unimp
     a34:	1600                	addi	s0,sp,800
     a36:	0505                	addi	a0,a0,1
     a38:	00090103          	lb	sp,0(s2)
     a3c:	0100                	addi	s0,sp,128
     a3e:	1405                	addi	s0,s0,-31
     a40:	0306                	slli	t1,t1,0x1
     a42:	0900                	addi	s0,sp,144
     a44:	0000                	unimp
     a46:	0501                	addi	a0,a0,0
     a48:	030e                	slli	t1,t1,0x3
     a4a:	0900                	addi	s0,sp,144
     a4c:	000a                	c.slli	zero,0x2
     a4e:	0501                	addi	a0,a0,0
     a50:	0605                	addi	a2,a2,1
     a52:	0c090103          	lb	sp,192(s2)
     a56:	0100                	addi	s0,sp,128
     a58:	0905                	addi	s2,s2,1
     a5a:	00090103          	lb	sp,0(s2)
     a5e:	0100                	addi	s0,sp,128
     a60:	1205                	addi	tp,tp,-31 # ffffffffffffffe1 <__heap_end+0xffffffff7ffdafe1>
     a62:	0306                	slli	t1,t1,0x1
     a64:	0900                	addi	s0,sp,144
     a66:	0000                	unimp
     a68:	0501                	addi	a0,a0,0
     a6a:	0009                	c.nop	2
     a6c:	0402                	c.slli64	s0
     a6e:	0601                	addi	a2,a2,0
     a70:	08090103          	lb	sp,128(s2)
     a74:	0100                	addi	s0,sp,128
     a76:	1005                	c.nop	-31
     a78:	0200                	addi	s0,sp,256
     a7a:	0104                	addi	s1,sp,128
     a7c:	0306                	slli	t1,t1,0x1
     a7e:	0900                	addi	s0,sp,144
     a80:	0000                	unimp
     a82:	0501                	addi	a0,a0,0
     a84:	0605                	addi	a2,a2,1
     a86:	02097e03          	.insn	4, 0x02097e03
     a8a:	0100                	addi	s0,sp,128
     a8c:	0209                	addi	tp,tp,2 # 2 <__boot_hart+0x2>
     a8e:	0000                	unimp
     a90:	0101                	addi	sp,sp,0
     a92:	000000af          	.insn	4, 0x00af
     a96:	0005                	c.nop	1
     a98:	0008                	.insn	2, 0x0008
     a9a:	0054                	addi	a3,sp,4
     a9c:	0000                	unimp
     a9e:	0101                	addi	sp,sp,0
     aa0:	fb01                	bnez	a4,9b0 <__stack_align+0x9a0>
     aa2:	0d0e                	slli	s10,s10,0x3
     aa4:	0100                	addi	s0,sp,128
     aa6:	0101                	addi	sp,sp,0
     aa8:	0001                	nop
     aaa:	0000                	unimp
     aac:	0001                	nop
     aae:	0100                	addi	s0,sp,128
     ab0:	0101                	addi	sp,sp,0
     ab2:	041f 01f3 0000      	.insn	6, 0x01f3041f
     ab8:	0232                	slli	tp,tp,0xc
     aba:	0000                	unimp
     abc:	029c                	addi	a5,sp,320
     abe:	0000                	unimp
     ac0:	0239                	addi	tp,tp,14 # e <__boot_hart+0xe>
     ac2:	0000                	unimp
     ac4:	0102                	c.slli64	sp
     ac6:	021f 080f 0321      	.insn	6, 0x0321080f021f
     acc:	0000                	unimp
     ace:	2101                	sext.w	sp,sp
     ad0:	01000003          	lb	zero,16(zero) # 10 <__stack_align>
     ad4:	02f8                	addi	a4,sp,332
     ad6:	0000                	unimp
     ad8:	0002                	c.slli64	zero
     ada:	03000003          	lb	zero,48(zero) # 30 <__stack_align+0x20>
     ade:	0301                	addi	t1,t1,0
     ae0:	0000                	unimp
     ae2:	00032903          	lw	s2,0(t1)
     ae6:	0300                	addi	s0,sp,384
     ae8:	0335                	addi	t1,t1,13
     aea:	0000                	unimp
     aec:	00028603          	lb	a2,0(t0)
     af0:	0300                	addi	s0,sp,384
     af2:	0105                	addi	sp,sp,1
     af4:	0900                	addi	s0,sp,144
     af6:	3202                	fld	ft4,32(sp)
     af8:	003e                	c.slli	zero,0xf
     afa:	0080                	addi	s0,sp,64
     afc:	0000                	unimp
     afe:	1700                	addi	s0,sp,928
     b00:	0505                	addi	a0,a0,1
     b02:	00090103          	lb	sp,0(s2)
     b06:	0100                	addi	s0,sp,128
     b08:	0105                	addi	sp,sp,1
     b0a:	0306                	slli	t1,t1,0x1
     b0c:	097f 0000 0501 0305 	.insn	10, 0x0901030505010000097f
     b14:	0901 
     b16:	0004                	.insn	2, 0x0004
     b18:	0501                	addi	a0,a0,0
     b1a:	0301                	addi	t1,t1,0
     b1c:	0902                	c.slli64	s2
     b1e:	0004                	.insn	2, 0x0004
     b20:	0501                	addi	a0,a0,0
     b22:	0402000b          	.insn	4, 0x0402000b
     b26:	0301                	addi	t1,t1,0
     b28:	097e                	slli	s2,s2,0x1f
     b2a:	0002                	c.slli64	zero
     b2c:	0501                	addi	a0,a0,0
     b2e:	0605                	addi	a2,a2,1
     b30:	04090103          	lb	sp,64(s2)
     b34:	0100                	addi	s0,sp,128
     b36:	0105                	addi	sp,sp,1
     b38:	0306                	slli	t1,t1,0x1
     b3a:	0901                	addi	s2,s2,0
     b3c:	0000                	unimp
     b3e:	0901                	addi	s2,s2,0
     b40:	0006                	c.slli	zero,0x1
     b42:	0100                	addi	s0,sp,128
     b44:	5b01                	li	s6,-32
     b46:	0000                	unimp
     b48:	0500                	addi	s0,sp,640
     b4a:	0800                	addi	s0,sp,16
     b4c:	2e00                	fld	fs0,24(a2)
     b4e:	0000                	unimp
     b50:	0100                	addi	s0,sp,128
     b52:	0101                	addi	sp,sp,0
     b54:	000d0efb          	.insn	4, 0x000d0efb
     b58:	0101                	addi	sp,sp,0
     b5a:	0101                	addi	sp,sp,0
     b5c:	0000                	unimp
     b5e:	0100                	addi	s0,sp,128
     b60:	0000                	unimp
     b62:	0101                	addi	sp,sp,0
     b64:	1f01                	addi	t5,t5,-32
     b66:	f302                	sd	zero,416(sp)
     b68:	0001                	nop
     b6a:	3200                	fld	fs0,32(a2)
     b6c:	0002                	c.slli64	zero
     b6e:	0200                	addi	s0,sp,256
     b70:	1f01                	addi	t5,t5,-32
     b72:	0f02                	c.slli64	t5
     b74:	4302                	lw	t1,0(sp)
     b76:	01000003          	lb	zero,16(zero) # 10 <__stack_align>
     b7a:	00000343          	fmadd.s	ft6,ft0,ft0,ft0,rne
     b7e:	0501                	addi	a0,a0,0
     b80:	0001                	nop
     b82:	0209                	addi	tp,tp,2 # 2 <__boot_hart+0x2>
     b84:	3e46                	fld	ft8,112(sp)
     b86:	8000                	.insn	2, 0x8000
     b88:	0000                	unimp
     b8a:	0000                	unimp
     b8c:	0516                	slli	a0,a0,0x5
     b8e:	0305                	addi	t1,t1,1
     b90:	0901                	addi	s2,s2,0
     b92:	0000                	unimp
     b94:	0501                	addi	a0,a0,0
     b96:	0601                	addi	a2,a2,0
     b98:	00090103          	lb	sp,0(s2)
     b9c:	0100                	addi	s0,sp,128
     b9e:	0409                	addi	s0,s0,2
     ba0:	0000                	unimp
     ba2:	0101                	addi	sp,sp,0
     ba4:	00000063          	beqz	zero,ba4 <__stack_align+0xb94>
     ba8:	0005                	c.nop	1
     baa:	0008                	.insn	2, 0x0008
     bac:	002e                	c.slli	zero,0xb
     bae:	0000                	unimp
     bb0:	0101                	addi	sp,sp,0
     bb2:	fb01                	bnez	a4,ac2 <__stack_align+0xab2>
     bb4:	0d0e                	slli	s10,s10,0x3
     bb6:	0100                	addi	s0,sp,128
     bb8:	0101                	addi	sp,sp,0
     bba:	0001                	nop
     bbc:	0000                	unimp
     bbe:	0001                	nop
     bc0:	0100                	addi	s0,sp,128
     bc2:	0101                	addi	sp,sp,0
     bc4:	021f 01f3 0000      	.insn	6, 0x01f3021f
     bca:	0232                	slli	tp,tp,0xc
     bcc:	0000                	unimp
     bce:	0102                	c.slli64	sp
     bd0:	021f 020f 0353      	.insn	6, 0x0353020f021f
     bd6:	0000                	unimp
     bd8:	5301                	li	t1,-32
     bda:	01000003          	lb	zero,16(zero) # 10 <__stack_align>
     bde:	0105                	addi	sp,sp,1
     be0:	0900                	addi	s0,sp,144
     be2:	4a02                	lw	s4,0(sp)
     be4:	003e                	c.slli	zero,0xf
     be6:	0080                	addi	s0,sp,64
     be8:	0000                	unimp
     bea:	1600                	addi	s0,sp,800
     bec:	0505                	addi	a0,a0,1
     bee:	00090103          	lb	sp,0(s2)
     bf2:	0100                	addi	s0,sp,128
     bf4:	2305                	addiw	t1,t1,1
     bf6:	0306                	slli	t1,t1,0x1
     bf8:	0900                	addi	s0,sp,144
     bfa:	0000                	unimp
     bfc:	0501                	addi	a0,a0,0
     bfe:	0301                	addi	t1,t1,0
     c00:	0901                	addi	s2,s2,0
     c02:	0002                	c.slli64	zero
     c04:	0901                	addi	s2,s2,0
     c06:	0006                	c.slli	zero,0x1
     c08:	0100                	addi	s0,sp,128
     c0a:	9201                	srli	a2,a2,0x20
     c0c:	0000                	unimp
     c0e:	0500                	addi	s0,sp,640
     c10:	0800                	addi	s0,sp,16
     c12:	3700                	fld	fs0,40(a4)
     c14:	0000                	unimp
     c16:	0100                	addi	s0,sp,128
     c18:	0101                	addi	sp,sp,0
     c1a:	000d0efb          	.insn	4, 0x000d0efb
     c1e:	0101                	addi	sp,sp,0
     c20:	0101                	addi	sp,sp,0
     c22:	0000                	unimp
     c24:	0100                	addi	s0,sp,128
     c26:	0000                	unimp
     c28:	0101                	addi	sp,sp,0
     c2a:	1f01                	addi	t5,t5,-32
     c2c:	0001f303          	.insn	4, 0x0001f303
     c30:	3200                	fld	fs0,32(a2)
     c32:	0002                	c.slli64	zero
     c34:	3900                	fld	fs0,48(a0)
     c36:	0002                	c.slli64	zero
     c38:	0200                	addi	s0,sp,256
     c3a:	1f01                	addi	t5,t5,-32
     c3c:	0f02                	c.slli64	t5
     c3e:	00036303          	lwu	t1,0(t1)
     c42:	0100                	addi	s0,sp,128
     c44:	00000363          	beqz	zero,c4a <__stack_align+0xc3a>
     c48:	8601                	c.srai64	a2
     c4a:	0002                	c.slli64	zero
     c4c:	0200                	addi	s0,sp,256
     c4e:	0105                	addi	sp,sp,1
     c50:	0900                	addi	s0,sp,144
     c52:	5202                	lw	tp,32(sp)
     c54:	003e                	c.slli	zero,0xf
     c56:	0080                	addi	s0,sp,64
     c58:	0000                	unimp
     c5a:	1600                	addi	s0,sp,800
     c5c:	0505                	addi	a0,a0,1
     c5e:	00090103          	lb	sp,0(s2)
     c62:	0100                	addi	s0,sp,128
     c64:	0105                	addi	sp,sp,1
     c66:	0306                	slli	t1,t1,0x1
     c68:	097f 0000 0501 0305 	.insn	10, 0x0901030505010000097f
     c70:	0901 
     c72:	0004                	.insn	2, 0x0004
     c74:	0501                	addi	a0,a0,0
     c76:	0301                	addi	t1,t1,0
     c78:	0902                	c.slli64	s2
     c7a:	0004                	.insn	2, 0x0004
     c7c:	0501                	addi	a0,a0,0
     c7e:	0402000b          	.insn	4, 0x0402000b
     c82:	0301                	addi	t1,t1,0
     c84:	097e                	slli	s2,s2,0x1f
     c86:	0002                	c.slli64	zero
     c88:	0501                	addi	a0,a0,0
     c8a:	0605                	addi	a2,a2,1
     c8c:	04090103          	lb	sp,64(s2)
     c90:	0100                	addi	s0,sp,128
     c92:	0105                	addi	sp,sp,1
     c94:	0306                	slli	t1,t1,0x1
     c96:	0901                	addi	s2,s2,0
     c98:	0000                	unimp
     c9a:	0901                	addi	s2,s2,0
     c9c:	0006                	c.slli	zero,0x1
     c9e:	0100                	addi	s0,sp,128
     ca0:	9c01                	subw	s0,s0,s0
     ca2:	0000                	unimp
     ca4:	0500                	addi	s0,sp,640
     ca6:	0800                	addi	s0,sp,16
     ca8:	4100                	lw	s0,0(a0)
     caa:	0000                	unimp
     cac:	0100                	addi	s0,sp,128
     cae:	0101                	addi	sp,sp,0
     cb0:	000d0efb          	.insn	4, 0x000d0efb
     cb4:	0101                	addi	sp,sp,0
     cb6:	0101                	addi	sp,sp,0
     cb8:	0000                	unimp
     cba:	0100                	addi	s0,sp,128
     cbc:	0000                	unimp
     cbe:	0101                	addi	sp,sp,0
     cc0:	1f01                	addi	t5,t5,-32
     cc2:	0001f303          	.insn	4, 0x0001f303
     cc6:	3200                	fld	fs0,32(a2)
     cc8:	0002                	c.slli64	zero
     cca:	3900                	fld	fs0,48(a0)
     ccc:	0002                	c.slli64	zero
     cce:	0200                	addi	s0,sp,256
     cd0:	1f01                	addi	t5,t5,-32
     cd2:	0f02                	c.slli64	t5
     cd4:	7105                	addi	sp,sp,-480
     cd6:	01000003          	lb	zero,16(zero) # 10 <__stack_align>
     cda:	0371                	addi	t1,t1,28
     cdc:	0000                	unimp
     cde:	0001                	nop
     ce0:	02000003          	lb	zero,32(zero) # 20 <__stack_align+0x10>
     ce4:	0301                	addi	t1,t1,0
     ce6:	0000                	unimp
     ce8:	8602                	jr	a2
     cea:	0002                	c.slli64	zero
     cec:	0200                	addi	s0,sp,256
     cee:	0105                	addi	sp,sp,1
     cf0:	0900                	addi	s0,sp,144
     cf2:	6602                	ld	a2,0(sp)
     cf4:	003e                	c.slli	zero,0xf
     cf6:	0080                	addi	s0,sp,64
     cf8:	0000                	unimp
     cfa:	1700                	addi	s0,sp,928
     cfc:	0505                	addi	a0,a0,1
     cfe:	00090103          	lb	sp,0(s2)
     d02:	0100                	addi	s0,sp,128
     d04:	0105                	addi	sp,sp,1
     d06:	0306                	slli	t1,t1,0x1
     d08:	097f 0000 0501 0305 	.insn	10, 0x0901030505010000097f
     d10:	0901 
     d12:	0004                	.insn	2, 0x0004
     d14:	0501                	addi	a0,a0,0
     d16:	0301                	addi	t1,t1,0
     d18:	0902                	c.slli64	s2
     d1a:	0004                	.insn	2, 0x0004
     d1c:	0501                	addi	a0,a0,0
     d1e:	0402000b          	.insn	4, 0x0402000b
     d22:	0301                	addi	t1,t1,0
     d24:	097e                	slli	s2,s2,0x1f
     d26:	0002                	c.slli64	zero
     d28:	0501                	addi	a0,a0,0
     d2a:	0605                	addi	a2,a2,1
     d2c:	04090103          	lb	sp,64(s2)
     d30:	0100                	addi	s0,sp,128
     d32:	0105                	addi	sp,sp,1
     d34:	0306                	slli	t1,t1,0x1
     d36:	0901                	addi	s2,s2,0
     d38:	0000                	unimp
     d3a:	0901                	addi	s2,s2,0
     d3c:	0006                	c.slli	zero,0x1
     d3e:	0100                	addi	s0,sp,128
     d40:	a501                	j	1340 <__stack_align+0x1330>
     d42:	0000                	unimp
     d44:	0500                	addi	s0,sp,640
     d46:	0800                	addi	s0,sp,16
     d48:	4a00                	lw	s0,16(a2)
     d4a:	0000                	unimp
     d4c:	0100                	addi	s0,sp,128
     d4e:	0101                	addi	sp,sp,0
     d50:	000d0efb          	.insn	4, 0x000d0efb
     d54:	0101                	addi	sp,sp,0
     d56:	0101                	addi	sp,sp,0
     d58:	0000                	unimp
     d5a:	0100                	addi	s0,sp,128
     d5c:	0000                	unimp
     d5e:	0101                	addi	sp,sp,0
     d60:	1f01                	addi	t5,t5,-32
     d62:	f304                	sd	s1,32(a4)
     d64:	0001                	nop
     d66:	3200                	fld	fs0,32(a2)
     d68:	0002                	c.slli64	zero
     d6a:	8700                	.insn	2, 0x8700
     d6c:	39000003          	lb	zero,912(zero) # 390 <__stack_align+0x380>
     d70:	0002                	c.slli64	zero
     d72:	0200                	addi	s0,sp,256
     d74:	1f01                	addi	t5,t5,-32
     d76:	0f02                	c.slli64	t5
     d78:	8006                	c.mv	zero,ra
     d7a:	01000003          	lb	zero,16(zero) # 10 <__stack_align>
     d7e:	0380                	addi	s0,sp,448
     d80:	0000                	unimp
     d82:	df01                	beqz	a4,c9a <__stack_align+0xc8a>
     d84:	02000003          	lb	zero,32(zero) # 20 <__stack_align+0x10>
     d88:	0300                	addi	s0,sp,384
     d8a:	0000                	unimp
     d8c:	00030103          	lb	sp,0(t1)
     d90:	0300                	addi	s0,sp,384
     d92:	0286                	slli	t0,t0,0x1
     d94:	0000                	unimp
     d96:	00010503          	lb	a0,0(sp)
     d9a:	0209                	addi	tp,tp,2 # 2 <__boot_hart+0x2>
     d9c:	3e7a                	fld	ft8,440(sp)
     d9e:	8000                	.insn	2, 0x8000
     da0:	0000                	unimp
     da2:	0000                	unimp
     da4:	03050517          	auipc	a0,0x3050
     da8:	0901                	addi	s2,s2,0
     daa:	0000                	unimp
     dac:	0501                	addi	a0,a0,0 # 3050da4 <__heap_size+0x3030da4>
     dae:	0601                	addi	a2,a2,0
     db0:	00097f03          	.insn	4, 0x00097f03
     db4:	0100                	addi	s0,sp,128
     db6:	0505                	addi	a0,a0,1
     db8:	04090103          	lb	sp,64(s2)
     dbc:	0100                	addi	s0,sp,128
     dbe:	0105                	addi	sp,sp,1
     dc0:	04090203          	lb	tp,64(s2)
     dc4:	0100                	addi	s0,sp,128
     dc6:	0b05                	addi	s6,s6,1
     dc8:	0200                	addi	s0,sp,256
     dca:	0104                	addi	s1,sp,128
     dcc:	02097e03          	.insn	4, 0x02097e03
     dd0:	0100                	addi	s0,sp,128
     dd2:	0505                	addi	a0,a0,1
     dd4:	0306                	slli	t1,t1,0x1
     dd6:	0901                	addi	s2,s2,0
     dd8:	0006                	c.slli	zero,0x1
     dda:	0501                	addi	a0,a0,0
     ddc:	0601                	addi	a2,a2,0
     dde:	00090103          	lb	sp,0(s2)
     de2:	0100                	addi	s0,sp,128
     de4:	0609                	addi	a2,a2,2
     de6:	0000                	unimp
     de8:	0101                	addi	sp,sp,0
     dea:	0121                	addi	sp,sp,8
     dec:	0000                	unimp
     dee:	0005                	c.nop	1
     df0:	0008                	.insn	2, 0x0008
     df2:	0040                	addi	s0,sp,4
     df4:	0000                	unimp
     df6:	0101                	addi	sp,sp,0
     df8:	fb01                	bnez	a4,d08 <__stack_align+0xcf8>
     dfa:	0d0e                	slli	s10,s10,0x3
     dfc:	0100                	addi	s0,sp,128
     dfe:	0101                	addi	sp,sp,0
     e00:	0001                	nop
     e02:	0000                	unimp
     e04:	0001                	nop
     e06:	0100                	addi	s0,sp,128
     e08:	0101                	addi	sp,sp,0
     e0a:	041f 01f3 0000      	.insn	6, 0x01f3041f
     e10:	0232                	slli	tp,tp,0xc
     e12:	0000                	unimp
     e14:	00000387          	.insn	4, 0x0387
     e18:	0239                	addi	tp,tp,14 # e <__boot_hart+0xe>
     e1a:	0000                	unimp
     e1c:	0102                	c.slli64	sp
     e1e:	021f 040f 03ef      	.insn	6, 0x03ef040f021f
     e24:	0000                	unimp
     e26:	ef01                	bnez	a4,e3e <__stack_align+0xe2e>
     e28:	01000003          	lb	zero,16(zero) # 10 <__stack_align>
     e2c:	03df 0000 8602      	.insn	6, 0x8602000003df
     e32:	0002                	c.slli64	zero
     e34:	0300                	addi	s0,sp,384
     e36:	0105                	addi	sp,sp,1
     e38:	0900                	addi	s0,sp,144
     e3a:	9002                	ebreak
     e3c:	003e                	c.slli	zero,0xf
     e3e:	0080                	addi	s0,sp,64
     e40:	0000                	unimp
     e42:	0300                	addi	s0,sp,384
     e44:	0109                	addi	sp,sp,2
     e46:	0505                	addi	a0,a0,1
     e48:	00090103          	lb	sp,0(s2)
     e4c:	0100                	addi	s0,sp,128
     e4e:	00090103          	lb	sp,0(s2)
     e52:	0100                	addi	s0,sp,128
     e54:	00090103          	lb	sp,0(s2)
     e58:	0100                	addi	s0,sp,128
     e5a:	00090203          	lb	tp,0(s2)
     e5e:	0100                	addi	s0,sp,128
     e60:	0c05                	addi	s8,s8,1
     e62:	0306                	slli	t1,t1,0x1
     e64:	0900                	addi	s0,sp,144
     e66:	0000                	unimp
     e68:	0501                	addi	a0,a0,0
     e6a:	0605                	addi	a2,a2,1
     e6c:	0a090103          	lb	sp,160(s2)
     e70:	0100                	addi	s0,sp,128
     e72:	0805                	addi	a6,a6,1
     e74:	0200                	addi	s0,sp,256
     e76:	0104                	addi	s1,sp,128
     e78:	0306                	slli	t1,t1,0x1
     e7a:	0901                	addi	s2,s2,0
     e7c:	0000                	unimp
     e7e:	0501                	addi	a0,a0,0
     e80:	030c                	addi	a1,sp,384
     e82:	097f 0004 0501 0605 	.insn	10, 0x0103060505010004097f
     e8a:	0103 
     e8c:	0209                	addi	tp,tp,2 # 2 <__boot_hart+0x2>
     e8e:	0100                	addi	s0,sp,128
     e90:	0805                	addi	a6,a6,1
     e92:	0200                	addi	s0,sp,256
     e94:	0104                	addi	s1,sp,128
     e96:	0306                	slli	t1,t1,0x1
     e98:	0900                	addi	s0,sp,144
     e9a:	0000                	unimp
     e9c:	0501                	addi	a0,a0,0
     e9e:	0605                	addi	a2,a2,1
     ea0:	10090503          	lb	a0,256(s2)
     ea4:	0100                	addi	s0,sp,128
     ea6:	0c05                	addi	s8,s8,1
     ea8:	0306                	slli	t1,t1,0x1
     eaa:	0900                	addi	s0,sp,144
     eac:	0000                	unimp
     eae:	0501                	addi	a0,a0,0
     eb0:	0605                	addi	a2,a2,1
     eb2:	02090103          	lb	sp,32(s2)
     eb6:	0100                	addi	s0,sp,128
     eb8:	0105                	addi	sp,sp,1
     eba:	0306                	slli	t1,t1,0x1
     ebc:	0901                	addi	s2,s2,0
     ebe:	0000                	unimp
     ec0:	0501                	addi	a0,a0,0
     ec2:	0609                	addi	a2,a2,2
     ec4:	04097a03          	.insn	4, 0x04097a03
     ec8:	0100                	addi	s0,sp,128
     eca:	0105                	addi	sp,sp,1
     ecc:	0306                	slli	t1,t1,0x1
     ece:	0978                	addi	a4,sp,156
     ed0:	0000                	unimp
     ed2:	0501                	addi	a0,a0,0
     ed4:	0309                	addi	t1,t1,2
     ed6:	0908                	addi	a0,sp,144
     ed8:	0004                	.insn	2, 0x0004
     eda:	0501                	addi	a0,a0,0
     edc:	0301                	addi	t1,t1,0
     ede:	0906                	slli	s2,s2,0x1
     ee0:	0004                	.insn	2, 0x0004
     ee2:	0501                	addi	a0,a0,0
     ee4:	0402000f          	.insn	4, 0x0402000f
     ee8:	0301                	addi	t1,t1,0
     eea:	097a                	slli	s2,s2,0x1e
     eec:	0002                	c.slli64	zero
     eee:	0501                	addi	a0,a0,0
     ef0:	0609                	addi	a2,a2,2
     ef2:	04090103          	lb	sp,64(s2)
     ef6:	0100                	addi	s0,sp,128
     ef8:	1005                	c.nop	-31
     efa:	0306                	slli	t1,t1,0x1
     efc:	0900                	addi	s0,sp,144
     efe:	0000                	unimp
     f00:	0501                	addi	a0,a0,0
     f02:	0301                	addi	t1,t1,0
     f04:	0905                	addi	s2,s2,1
     f06:	0002                	c.slli64	zero
     f08:	0901                	addi	s2,s2,0
     f0a:	0006                	c.slli	zero,0x1
     f0c:	0100                	addi	s0,sp,128
     f0e:	8901                	andi	a0,a0,0
     f10:	0000                	unimp
     f12:	0500                	addi	s0,sp,640
     f14:	0800                	addi	s0,sp,16
     f16:	5c00                	lw	s0,56(s0)
     f18:	0000                	unimp
     f1a:	0100                	addi	s0,sp,128
     f1c:	0101                	addi	sp,sp,0
     f1e:	000d0efb          	.insn	4, 0x000d0efb
     f22:	0101                	addi	sp,sp,0
     f24:	0101                	addi	sp,sp,0
     f26:	0000                	unimp
     f28:	0100                	addi	s0,sp,128
     f2a:	0000                	unimp
     f2c:	0101                	addi	sp,sp,0
     f2e:	1f01                	addi	t5,t5,-32
     f30:	f306                	sd	ra,416(sp)
     f32:	0001                	nop
     f34:	3200                	fld	fs0,32(a2)
     f36:	0002                	c.slli64	zero
     f38:	8700                	.insn	2, 0x8700
     f3a:	9c000003          	lb	zero,-1600(zero) # fffffffffffff9c0 <__heap_end+0xffffffff7ffda9c0>
     f3e:	0002                	c.slli64	zero
     f40:	3900                	fld	fs0,48(a0)
     f42:	0002                	c.slli64	zero
     f44:	ed00                	sd	s0,24(a0)
     f46:	0002                	c.slli64	zero
     f48:	0200                	addi	s0,sp,256
     f4a:	1f01                	addi	t5,t5,-32
     f4c:	0f02                	c.slli64	t5
     f4e:	fd08                	sd	a0,56(a0)
     f50:	01000003          	lb	zero,16(zero) # 10 <__stack_align>
     f54:	03fd                	addi	t2,t2,31
     f56:	0000                	unimp
     f58:	df01                	beqz	a4,e70 <__stack_align+0xe60>
     f5a:	02000003          	lb	zero,32(zero) # 20 <__stack_align+0x10>
     f5e:	02f8                	addi	a4,sp,332
     f60:	0000                	unimp
     f62:	00030003          	lb	zero,0(t1)
     f66:	0400                	addi	s0,sp,512
     f68:	0309                	addi	t1,t1,2
     f6a:	0000                	unimp
     f6c:	0104                	addi	s1,sp,128
     f6e:	04000003          	lb	zero,64(zero) # 40 <__stack_align+0x30>
     f72:	00000313          	li	t1,0
     f76:	0505                	addi	a0,a0,1
     f78:	0001                	nop
     f7a:	0209                	addi	tp,tp,2 # 2 <__boot_hart+0x2>
     f7c:	3ecc                	fld	fa1,184(a3)
     f7e:	8000                	.insn	2, 0x8000
     f80:	0000                	unimp
     f82:	0000                	unimp
     f84:	0518                	addi	a4,sp,640
     f86:	0305                	addi	t1,t1,1
     f88:	0901                	addi	s2,s2,0
     f8a:	0000                	unimp
     f8c:	0501                	addi	a0,a0,0
     f8e:	060c                	addi	a1,sp,768
     f90:	00090003          	lb	zero,0(s2)
     f94:	0100                	addi	s0,sp,128
     f96:	0609                	addi	a2,a2,2
     f98:	0000                	unimp
     f9a:	0101                	addi	sp,sp,0
     f9c:	042e                	slli	s0,s0,0xb
     f9e:	0000                	unimp
     fa0:	0005                	c.nop	1
     fa2:	0008                	.insn	2, 0x0008
     fa4:	002e                	c.slli	zero,0xb
     fa6:	0000                	unimp
     fa8:	0101                	addi	sp,sp,0
     faa:	fb01                	bnez	a4,eba <__stack_align+0xeaa>
     fac:	0d0e                	slli	s10,s10,0x3
     fae:	0100                	addi	s0,sp,128
     fb0:	0101                	addi	sp,sp,0
     fb2:	0001                	nop
     fb4:	0000                	unimp
     fb6:	0001                	nop
     fb8:	0100                	addi	s0,sp,128
     fba:	0101                	addi	sp,sp,0
     fbc:	021f 01f3 0000      	.insn	6, 0x01f3021f
     fc2:	0405                	addi	s0,s0,1
     fc4:	0000                	unimp
     fc6:	0102                	c.slli64	sp
     fc8:	021f 020f 040d      	.insn	6, 0x040d020f021f
     fce:	0000                	unimp
     fd0:	0d01                	addi	s10,s10,0
     fd2:	0004                	.insn	2, 0x0004
     fd4:	0100                	addi	s0,sp,128
     fd6:	0900                	addi	s0,sp,144
     fd8:	0002                	c.slli64	zero
     fda:	0000                	unimp
     fdc:	0080                	addi	s0,sp,64
     fde:	0000                	unimp
     fe0:	0300                	addi	s0,sp,384
     fe2:	0109                	addi	sp,sp,2
     fe4:	02090103          	lb	sp,32(s2)
     fe8:	0100                	addi	s0,sp,128
     fea:	02090103          	lb	sp,32(s2)
     fee:	0100                	addi	s0,sp,128
     ff0:	02090103          	lb	sp,32(s2)
     ff4:	0100                	addi	s0,sp,128
     ff6:	02090103          	lb	sp,32(s2)
     ffa:	0100                	addi	s0,sp,128
     ffc:	02090103          	lb	sp,32(s2)
    1000:	0100                	addi	s0,sp,128
    1002:	02090103          	lb	sp,32(s2)
    1006:	0100                	addi	s0,sp,128
    1008:	02090103          	lb	sp,32(s2)
    100c:	0100                	addi	s0,sp,128
    100e:	02090103          	lb	sp,32(s2)
    1012:	0100                	addi	s0,sp,128
    1014:	02090103          	lb	sp,32(s2)
    1018:	0100                	addi	s0,sp,128
    101a:	02090103          	lb	sp,32(s2)
    101e:	0100                	addi	s0,sp,128
    1020:	02090103          	lb	sp,32(s2)
    1024:	0100                	addi	s0,sp,128
    1026:	02090103          	lb	sp,32(s2)
    102a:	0100                	addi	s0,sp,128
    102c:	02090103          	lb	sp,32(s2)
    1030:	0100                	addi	s0,sp,128
    1032:	02090103          	lb	sp,32(s2)
    1036:	0100                	addi	s0,sp,128
    1038:	02090103          	lb	sp,32(s2)
    103c:	0100                	addi	s0,sp,128
    103e:	02090103          	lb	sp,32(s2)
    1042:	0100                	addi	s0,sp,128
    1044:	02090103          	lb	sp,32(s2)
    1048:	0100                	addi	s0,sp,128
    104a:	02090103          	lb	sp,32(s2)
    104e:	0100                	addi	s0,sp,128
    1050:	02090103          	lb	sp,32(s2)
    1054:	0100                	addi	s0,sp,128
    1056:	02090103          	lb	sp,32(s2)
    105a:	0100                	addi	s0,sp,128
    105c:	02090103          	lb	sp,32(s2)
    1060:	0100                	addi	s0,sp,128
    1062:	02090103          	lb	sp,32(s2)
    1066:	0100                	addi	s0,sp,128
    1068:	02090103          	lb	sp,32(s2)
    106c:	0100                	addi	s0,sp,128
    106e:	02090103          	lb	sp,32(s2)
    1072:	0100                	addi	s0,sp,128
    1074:	02090103          	lb	sp,32(s2)
    1078:	0100                	addi	s0,sp,128
    107a:	02090103          	lb	sp,32(s2)
    107e:	0100                	addi	s0,sp,128
    1080:	02090103          	lb	sp,32(s2)
    1084:	0100                	addi	s0,sp,128
    1086:	02090103          	lb	sp,32(s2)
    108a:	0100                	addi	s0,sp,128
    108c:	02090103          	lb	sp,32(s2)
    1090:	0100                	addi	s0,sp,128
    1092:	02090103          	lb	sp,32(s2)
    1096:	0100                	addi	s0,sp,128
    1098:	02090203          	lb	tp,32(s2)
    109c:	0100                	addi	s0,sp,128
    109e:	06090103          	lb	sp,96(s2)
    10a2:	0100                	addi	s0,sp,128
    10a4:	04090403          	lb	s0,64(s2)
    10a8:	0100                	addi	s0,sp,128
    10aa:	08090103          	lb	sp,128(s2)
    10ae:	0100                	addi	s0,sp,128
    10b0:	04090203          	lb	tp,64(s2)
    10b4:	0100                	addi	s0,sp,128
    10b6:	04090103          	lb	sp,64(s2)
    10ba:	0100                	addi	s0,sp,128
    10bc:	04090103          	lb	sp,64(s2)
    10c0:	0100                	addi	s0,sp,128
    10c2:	04090103          	lb	sp,64(s2)
    10c6:	0100                	addi	s0,sp,128
    10c8:	04090103          	lb	sp,64(s2)
    10cc:	0100                	addi	s0,sp,128
    10ce:	04090103          	lb	sp,64(s2)
    10d2:	0100                	addi	s0,sp,128
    10d4:	04090103          	lb	sp,64(s2)
    10d8:	0100                	addi	s0,sp,128
    10da:	04090103          	lb	sp,64(s2)
    10de:	0100                	addi	s0,sp,128
    10e0:	04090103          	lb	sp,64(s2)
    10e4:	0100                	addi	s0,sp,128
    10e6:	04090103          	lb	sp,64(s2)
    10ea:	0100                	addi	s0,sp,128
    10ec:	04090103          	lb	sp,64(s2)
    10f0:	0100                	addi	s0,sp,128
    10f2:	04090103          	lb	sp,64(s2)
    10f6:	0100                	addi	s0,sp,128
    10f8:	04090103          	lb	sp,64(s2)
    10fc:	0100                	addi	s0,sp,128
    10fe:	04090103          	lb	sp,64(s2)
    1102:	0100                	addi	s0,sp,128
    1104:	04090103          	lb	sp,64(s2)
    1108:	0100                	addi	s0,sp,128
    110a:	04090103          	lb	sp,64(s2)
    110e:	0100                	addi	s0,sp,128
    1110:	04090103          	lb	sp,64(s2)
    1114:	0100                	addi	s0,sp,128
    1116:	04090103          	lb	sp,64(s2)
    111a:	0100                	addi	s0,sp,128
    111c:	04090103          	lb	sp,64(s2)
    1120:	0100                	addi	s0,sp,128
    1122:	04090103          	lb	sp,64(s2)
    1126:	0100                	addi	s0,sp,128
    1128:	04090103          	lb	sp,64(s2)
    112c:	0100                	addi	s0,sp,128
    112e:	04090103          	lb	sp,64(s2)
    1132:	0100                	addi	s0,sp,128
    1134:	04090103          	lb	sp,64(s2)
    1138:	0100                	addi	s0,sp,128
    113a:	04090103          	lb	sp,64(s2)
    113e:	0100                	addi	s0,sp,128
    1140:	04090103          	lb	sp,64(s2)
    1144:	0100                	addi	s0,sp,128
    1146:	04090103          	lb	sp,64(s2)
    114a:	0100                	addi	s0,sp,128
    114c:	04090103          	lb	sp,64(s2)
    1150:	0100                	addi	s0,sp,128
    1152:	04090103          	lb	sp,64(s2)
    1156:	0100                	addi	s0,sp,128
    1158:	04090103          	lb	sp,64(s2)
    115c:	0100                	addi	s0,sp,128
    115e:	04090103          	lb	sp,64(s2)
    1162:	0100                	addi	s0,sp,128
    1164:	04090103          	lb	sp,64(s2)
    1168:	0100                	addi	s0,sp,128
    116a:	04090103          	lb	sp,64(s2)
    116e:	0100                	addi	s0,sp,128
    1170:	04090103          	lb	sp,64(s2)
    1174:	0100                	addi	s0,sp,128
    1176:	04090803          	lb	a6,64(s2)
    117a:	0100                	addi	s0,sp,128
    117c:	08090403          	lb	s0,128(s2)
    1180:	0100                	addi	s0,sp,128
    1182:	04090103          	lb	sp,64(s2)
    1186:	0100                	addi	s0,sp,128
    1188:	00090103          	lb	sp,0(s2)
    118c:	0100                	addi	s0,sp,128
    118e:	04090103          	lb	sp,64(s2)
    1192:	0100                	addi	s0,sp,128
    1194:	08090103          	lb	sp,128(s2)
    1198:	0100                	addi	s0,sp,128
    119a:	04090103          	lb	sp,64(s2)
    119e:	0100                	addi	s0,sp,128
    11a0:	02090303          	lb	t1,32(s2)
    11a4:	0100                	addi	s0,sp,128
    11a6:	02090103          	lb	sp,32(s2)
    11aa:	0100                	addi	s0,sp,128
    11ac:	04090103          	lb	sp,64(s2)
    11b0:	0100                	addi	s0,sp,128
    11b2:	04090303          	lb	t1,64(s2)
    11b6:	0100                	addi	s0,sp,128
    11b8:	08090103          	lb	sp,128(s2)
    11bc:	0100                	addi	s0,sp,128
    11be:	04090303          	lb	t1,64(s2)
    11c2:	0100                	addi	s0,sp,128
    11c4:	04090303          	lb	t1,64(s2)
    11c8:	0100                	addi	s0,sp,128
    11ca:	04090103          	lb	sp,64(s2)
    11ce:	0100                	addi	s0,sp,128
    11d0:	08090303          	lb	t1,128(s2)
    11d4:	0100                	addi	s0,sp,128
    11d6:	04090103          	lb	sp,64(s2)
    11da:	0100                	addi	s0,sp,128
    11dc:	04090103          	lb	sp,64(s2)
    11e0:	0100                	addi	s0,sp,128
    11e2:	04090203          	lb	tp,64(s2)
    11e6:	0100                	addi	s0,sp,128
    11e8:	04090103          	lb	sp,64(s2)
    11ec:	0100                	addi	s0,sp,128
    11ee:	02090103          	lb	sp,32(s2)
    11f2:	0100                	addi	s0,sp,128
    11f4:	04090403          	lb	s0,64(s2)
    11f8:	0100                	addi	s0,sp,128
    11fa:	08090103          	lb	sp,128(s2)
    11fe:	0100                	addi	s0,sp,128
    1200:	04090103          	lb	sp,64(s2)
    1204:	0100                	addi	s0,sp,128
    1206:	04090303          	lb	t1,64(s2)
    120a:	0100                	addi	s0,sp,128
    120c:	02090703          	lb	a4,32(s2)
    1210:	0100                	addi	s0,sp,128
    1212:	04090103          	lb	sp,64(s2)
    1216:	0100                	addi	s0,sp,128
    1218:	02090303          	lb	t1,32(s2)
    121c:	0100                	addi	s0,sp,128
    121e:	02090103          	lb	sp,32(s2)
    1222:	0100                	addi	s0,sp,128
    1224:	04090103          	lb	sp,64(s2)
    1228:	0100                	addi	s0,sp,128
    122a:	02090103          	lb	sp,32(s2)
    122e:	0100                	addi	s0,sp,128
    1230:	02090103          	lb	sp,32(s2)
    1234:	0100                	addi	s0,sp,128
    1236:	02090103          	lb	sp,32(s2)
    123a:	0100                	addi	s0,sp,128
    123c:	02090103          	lb	sp,32(s2)
    1240:	0100                	addi	s0,sp,128
    1242:	02090103          	lb	sp,32(s2)
    1246:	0100                	addi	s0,sp,128
    1248:	02090103          	lb	sp,32(s2)
    124c:	0100                	addi	s0,sp,128
    124e:	02090103          	lb	sp,32(s2)
    1252:	0100                	addi	s0,sp,128
    1254:	02090103          	lb	sp,32(s2)
    1258:	0100                	addi	s0,sp,128
    125a:	02090103          	lb	sp,32(s2)
    125e:	0100                	addi	s0,sp,128
    1260:	02090103          	lb	sp,32(s2)
    1264:	0100                	addi	s0,sp,128
    1266:	02090103          	lb	sp,32(s2)
    126a:	0100                	addi	s0,sp,128
    126c:	02090103          	lb	sp,32(s2)
    1270:	0100                	addi	s0,sp,128
    1272:	02090103          	lb	sp,32(s2)
    1276:	0100                	addi	s0,sp,128
    1278:	02090103          	lb	sp,32(s2)
    127c:	0100                	addi	s0,sp,128
    127e:	02090103          	lb	sp,32(s2)
    1282:	0100                	addi	s0,sp,128
    1284:	02090103          	lb	sp,32(s2)
    1288:	0100                	addi	s0,sp,128
    128a:	02090103          	lb	sp,32(s2)
    128e:	0100                	addi	s0,sp,128
    1290:	02090103          	lb	sp,32(s2)
    1294:	0100                	addi	s0,sp,128
    1296:	02090103          	lb	sp,32(s2)
    129a:	0100                	addi	s0,sp,128
    129c:	02090103          	lb	sp,32(s2)
    12a0:	0100                	addi	s0,sp,128
    12a2:	02090103          	lb	sp,32(s2)
    12a6:	0100                	addi	s0,sp,128
    12a8:	02090103          	lb	sp,32(s2)
    12ac:	0100                	addi	s0,sp,128
    12ae:	02090103          	lb	sp,32(s2)
    12b2:	0100                	addi	s0,sp,128
    12b4:	02090103          	lb	sp,32(s2)
    12b8:	0100                	addi	s0,sp,128
    12ba:	02090103          	lb	sp,32(s2)
    12be:	0100                	addi	s0,sp,128
    12c0:	02090103          	lb	sp,32(s2)
    12c4:	0100                	addi	s0,sp,128
    12c6:	02090103          	lb	sp,32(s2)
    12ca:	0100                	addi	s0,sp,128
    12cc:	02090103          	lb	sp,32(s2)
    12d0:	0100                	addi	s0,sp,128
    12d2:	02090103          	lb	sp,32(s2)
    12d6:	0100                	addi	s0,sp,128
    12d8:	02090303          	lb	t1,32(s2)
    12dc:	0100                	addi	s0,sp,128
    12de:	04090103          	lb	sp,64(s2)
    12e2:	0100                	addi	s0,sp,128
    12e4:	04090103          	lb	sp,64(s2)
    12e8:	0100                	addi	s0,sp,128
    12ea:	04090103          	lb	sp,64(s2)
    12ee:	0100                	addi	s0,sp,128
    12f0:	02090103          	lb	sp,32(s2)
    12f4:	0100                	addi	s0,sp,128
    12f6:	04090103          	lb	sp,64(s2)
    12fa:	0100                	addi	s0,sp,128
    12fc:	04090303          	lb	t1,64(s2)
    1300:	0100                	addi	s0,sp,128
    1302:	06090103          	lb	sp,96(s2)
    1306:	0100                	addi	s0,sp,128
    1308:	04090203          	lb	tp,64(s2)
    130c:	0100                	addi	s0,sp,128
    130e:	02090103          	lb	sp,32(s2)
    1312:	0100                	addi	s0,sp,128
    1314:	02090103          	lb	sp,32(s2)
    1318:	0100                	addi	s0,sp,128
    131a:	02090103          	lb	sp,32(s2)
    131e:	0100                	addi	s0,sp,128
    1320:	02090103          	lb	sp,32(s2)
    1324:	0100                	addi	s0,sp,128
    1326:	02090103          	lb	sp,32(s2)
    132a:	0100                	addi	s0,sp,128
    132c:	02090103          	lb	sp,32(s2)
    1330:	0100                	addi	s0,sp,128
    1332:	02090103          	lb	sp,32(s2)
    1336:	0100                	addi	s0,sp,128
    1338:	02090103          	lb	sp,32(s2)
    133c:	0100                	addi	s0,sp,128
    133e:	02090103          	lb	sp,32(s2)
    1342:	0100                	addi	s0,sp,128
    1344:	02090103          	lb	sp,32(s2)
    1348:	0100                	addi	s0,sp,128
    134a:	02090103          	lb	sp,32(s2)
    134e:	0100                	addi	s0,sp,128
    1350:	02090103          	lb	sp,32(s2)
    1354:	0100                	addi	s0,sp,128
    1356:	02090103          	lb	sp,32(s2)
    135a:	0100                	addi	s0,sp,128
    135c:	02090103          	lb	sp,32(s2)
    1360:	0100                	addi	s0,sp,128
    1362:	02090103          	lb	sp,32(s2)
    1366:	0100                	addi	s0,sp,128
    1368:	02090103          	lb	sp,32(s2)
    136c:	0100                	addi	s0,sp,128
    136e:	02090103          	lb	sp,32(s2)
    1372:	0100                	addi	s0,sp,128
    1374:	02090103          	lb	sp,32(s2)
    1378:	0100                	addi	s0,sp,128
    137a:	02090103          	lb	sp,32(s2)
    137e:	0100                	addi	s0,sp,128
    1380:	02090103          	lb	sp,32(s2)
    1384:	0100                	addi	s0,sp,128
    1386:	02090103          	lb	sp,32(s2)
    138a:	0100                	addi	s0,sp,128
    138c:	02090103          	lb	sp,32(s2)
    1390:	0100                	addi	s0,sp,128
    1392:	02090103          	lb	sp,32(s2)
    1396:	0100                	addi	s0,sp,128
    1398:	02090103          	lb	sp,32(s2)
    139c:	0100                	addi	s0,sp,128
    139e:	02090103          	lb	sp,32(s2)
    13a2:	0100                	addi	s0,sp,128
    13a4:	02090103          	lb	sp,32(s2)
    13a8:	0100                	addi	s0,sp,128
    13aa:	02090103          	lb	sp,32(s2)
    13ae:	0100                	addi	s0,sp,128
    13b0:	02090103          	lb	sp,32(s2)
    13b4:	0100                	addi	s0,sp,128
    13b6:	02090103          	lb	sp,32(s2)
    13ba:	0100                	addi	s0,sp,128
    13bc:	02090203          	lb	tp,32(s2)
    13c0:	0100                	addi	s0,sp,128
    13c2:	02090203          	lb	tp,32(s2)
    13c6:	0100                	addi	s0,sp,128
    13c8:	0409                	addi	s0,s0,2
    13ca:	0000                	unimp
    13cc:	0101                	addi	sp,sp,0
    13ce:	005c                	addi	a5,sp,4
    13d0:	0000                	unimp
    13d2:	0005                	c.nop	1
    13d4:	0008                	.insn	2, 0x0008
    13d6:	002e                	c.slli	zero,0xb
    13d8:	0000                	unimp
    13da:	0101                	addi	sp,sp,0
    13dc:	fb01                	bnez	a4,12ec <__stack_align+0x12dc>
    13de:	0d0e                	slli	s10,s10,0x3
    13e0:	0100                	addi	s0,sp,128
    13e2:	0101                	addi	sp,sp,0
    13e4:	0001                	nop
    13e6:	0000                	unimp
    13e8:	0001                	nop
    13ea:	0100                	addi	s0,sp,128
    13ec:	0101                	addi	sp,sp,0
    13ee:	021f 01f3 0000      	.insn	6, 0x01f3021f
    13f4:	0405                	addi	s0,s0,1
    13f6:	0000                	unimp
    13f8:	0102                	c.slli64	sp
    13fa:	021f 020f 0414      	.insn	6, 0x0414020f021f
    1400:	0000                	unimp
    1402:	1401                	addi	s0,s0,-32
    1404:	0004                	.insn	2, 0x0004
    1406:	0100                	addi	s0,sp,128
    1408:	0900                	addi	s0,sp,144
    140a:	ee02                	sd	zero,280(sp)
    140c:	0001                	nop
    140e:	0080                	addi	s0,sp,64
    1410:	0000                	unimp
    1412:	0300                	addi	s0,sp,384
    1414:	0110                	addi	a2,sp,128
    1416:	0a090103          	lb	sp,160(s2)
    141a:	0100                	addi	s0,sp,128
    141c:	16090603          	lb	a2,352(s2)
    1420:	0100                	addi	s0,sp,128
    1422:	0c090103          	lb	sp,192(s2)
    1426:	0100                	addi	s0,sp,128
    1428:	1609                	addi	a2,a2,-30
    142a:	0000                	unimp
    142c:	0101                	addi	sp,sp,0
    142e:	000000b3          	add	ra,zero,zero
    1432:	0005                	c.nop	1
    1434:	0008                	.insn	2, 0x0008
    1436:	0049                	c.nop	18
    1438:	0000                	unimp
    143a:	0101                	addi	sp,sp,0
    143c:	fb01                	bnez	a4,134c <__stack_align+0x133c>
    143e:	0d0e                	slli	s10,s10,0x3
    1440:	0100                	addi	s0,sp,128
    1442:	0101                	addi	sp,sp,0
    1444:	0001                	nop
    1446:	0000                	unimp
    1448:	0001                	nop
    144a:	0100                	addi	s0,sp,128
    144c:	0101                	addi	sp,sp,0
    144e:	051f 01f3 0000      	.insn	6, 0x01f3051f
    1454:	0405                	addi	s0,s0,1
    1456:	0000                	unimp
    1458:	029c                	addi	a5,sp,320
    145a:	0000                	unimp
    145c:	0239                	addi	tp,tp,14 # e <__boot_hart+0xe>
    145e:	0000                	unimp
    1460:	02ed                	addi	t0,t0,27
    1462:	0000                	unimp
    1464:	0102                	c.slli64	sp
    1466:	021f 050f 0426      	.insn	6, 0x0426050f021f
    146c:	0000                	unimp
    146e:	2601                	sext.w	a2,a2
    1470:	0004                	.insn	2, 0x0004
    1472:	0100                	addi	s0,sp,128
    1474:	02f8                	addi	a4,sp,332
    1476:	0000                	unimp
    1478:	0902                	c.slli64	s2
    147a:	03000003          	lb	zero,48(zero) # 30 <__stack_align+0x20>
    147e:	042e                	slli	s0,s0,0xb
    1480:	0000                	unimp
    1482:	0504                	addi	s1,sp,640
    1484:	0001                	nop
    1486:	0209                	addi	tp,tp,2 # 2 <__boot_hart+0x2>
    1488:	3ed2                	fld	ft9,304(sp)
    148a:	8000                	.insn	2, 0x8000
    148c:	0000                	unimp
    148e:	0000                	unimp
    1490:	0516                	slli	a0,a0,0x5
    1492:	0305                	addi	t1,t1,1
    1494:	0902                	c.slli64	s2
    1496:	0000                	unimp
    1498:	0501                	addi	a0,a0,0
    149a:	0601                	addi	a2,a2,0
    149c:	00097e03          	.insn	4, 0x00097e03
    14a0:	0100                	addi	s0,sp,128
    14a2:	0905                	addi	s2,s2,1
    14a4:	02090203          	lb	tp,32(s2)
    14a8:	0100                	addi	s0,sp,128
    14aa:	0105                	addi	sp,sp,1
    14ac:	04097e03          	.insn	4, 0x04097e03
    14b0:	0100                	addi	s0,sp,128
    14b2:	0905                	addi	s2,s2,1
    14b4:	02090203          	lb	tp,32(s2)
    14b8:	0100                	addi	s0,sp,128
    14ba:	0505                	addi	a0,a0,1
    14bc:	0306                	slli	t1,t1,0x1
    14be:	0902                	c.slli64	s2
    14c0:	0002                	c.slli64	zero
    14c2:	0501                	addi	a0,a0,0
    14c4:	062a                	slli	a2,a2,0xa
    14c6:	00090003          	lb	zero,0(s2)
    14ca:	0100                	addi	s0,sp,128
    14cc:	0200                	addi	s0,sp,256
    14ce:	0104                	addi	s1,sp,128
    14d0:	04090003          	lb	zero,64(s2)
    14d4:	0100                	addi	s0,sp,128
    14d6:	0505                	addi	a0,a0,1
    14d8:	0306                	slli	t1,t1,0x1
    14da:	0901                	addi	s2,s2,0
    14dc:	0004                	.insn	2, 0x0004
    14de:	0901                	addi	s2,s2,0
    14e0:	0004                	.insn	2, 0x0004
    14e2:	0100                	addi	s0,sp,128
    14e4:	db01                	beqz	a4,13f4 <__stack_align+0x13e4>
    14e6:	0000                	unimp
    14e8:	0500                	addi	s0,sp,640
    14ea:	0800                	addi	s0,sp,16
    14ec:	4000                	lw	s0,0(s0)
    14ee:	0000                	unimp
    14f0:	0100                	addi	s0,sp,128
    14f2:	0101                	addi	sp,sp,0
    14f4:	000d0efb          	.insn	4, 0x000d0efb
    14f8:	0101                	addi	sp,sp,0
    14fa:	0101                	addi	sp,sp,0
    14fc:	0000                	unimp
    14fe:	0100                	addi	s0,sp,128
    1500:	0000                	unimp
    1502:	0101                	addi	sp,sp,0
    1504:	1f01                	addi	t5,t5,-32
    1506:	f304                	sd	s1,32(a4)
    1508:	0001                	nop
    150a:	0500                	addi	s0,sp,640
    150c:	0004                	.insn	2, 0x0004
    150e:	b000                	fsd	fs0,32(s0)
    1510:	0000                	unimp
    1512:	8700                	.insn	2, 0x8700
    1514:	02000003          	lb	zero,32(zero) # 20 <__stack_align+0x10>
    1518:	1f01                	addi	t5,t5,-32
    151a:	0f02                	c.slli64	t5
    151c:	4004                	lw	s1,0(s0)
    151e:	0004                	.insn	2, 0x0004
    1520:	0100                	addi	s0,sp,128
    1522:	0440                	addi	s0,sp,516
    1524:	0000                	unimp
    1526:	4601                	li	a2,0
    1528:	0004                	.insn	2, 0x0004
    152a:	0200                	addi	s0,sp,256
    152c:	03df 0000 0503      	.insn	6, 0x0503000003df
    1532:	0001                	nop
    1534:	0209                	addi	tp,tp,2 # 2 <__boot_hart+0x2>
    1536:	3ee8                	fld	fa0,248(a3)
    1538:	8000                	.insn	2, 0x8000
    153a:	0000                	unimp
    153c:	0000                	unimp
    153e:	0515                	addi	a0,a0,5
    1540:	0305                	addi	t1,t1,1
    1542:	0901                	addi	s2,s2,0
    1544:	0000                	unimp
    1546:	0301                	addi	t1,t1,0
    1548:	0901                	addi	s2,s2,0
    154a:	0000                	unimp
    154c:	0301                	addi	t1,t1,0
    154e:	0901                	addi	s2,s2,0
    1550:	0000                	unimp
    1552:	0301                	addi	t1,t1,0
    1554:	0901                	addi	s2,s2,0
    1556:	0000                	unimp
    1558:	0301                	addi	t1,t1,0
    155a:	0901                	addi	s2,s2,0
    155c:	0000                	unimp
    155e:	0301                	addi	t1,t1,0
    1560:	0902                	c.slli64	s2
    1562:	0000                	unimp
    1564:	0501                	addi	a0,a0,0
    1566:	0601                	addi	a2,a2,0
    1568:	00097903          	.insn	4, 0x00097903
    156c:	0100                	addi	s0,sp,128
    156e:	0505                	addi	a0,a0,1
    1570:	02090703          	lb	a4,32(s2)
    1574:	0100                	addi	s0,sp,128
    1576:	0105                	addi	sp,sp,1
    1578:	0e097903          	.insn	4, 0x0e097903
    157c:	0100                	addi	s0,sp,128
    157e:	0505                	addi	a0,a0,1
    1580:	04090703          	lb	a4,64(s2)
    1584:	0100                	addi	s0,sp,128
    1586:	0306                	slli	t1,t1,0x1
    1588:	0901                	addi	s2,s2,0
    158a:	0006                	c.slli	zero,0x1
    158c:	0501                	addi	a0,a0,0
    158e:	0601                	addi	a2,a2,0
    1590:	06090103          	lb	sp,96(s2)
    1594:	0100                	addi	s0,sp,128
    1596:	0505                	addi	a0,a0,1
    1598:	04097f03          	.insn	4, 0x04097f03
    159c:	0100                	addi	s0,sp,128
    159e:	0105                	addi	sp,sp,1
    15a0:	04090103          	lb	sp,64(s2)
    15a4:	0100                	addi	s0,sp,128
    15a6:	0505                	addi	a0,a0,1
    15a8:	00097f03          	.insn	4, 0x00097f03
    15ac:	0100                	addi	s0,sp,128
    15ae:	0105                	addi	sp,sp,1
    15b0:	02090103          	lb	sp,32(s2)
    15b4:	0100                	addi	s0,sp,128
    15b6:	0505                	addi	a0,a0,1
    15b8:	02097f03          	.insn	4, 0x02097f03
    15bc:	0100                	addi	s0,sp,128
    15be:	0409                	addi	s0,s0,2
    15c0:	0000                	unimp
    15c2:	0101                	addi	sp,sp,0
    15c4:	0066                	c.slli	zero,0x19
    15c6:	0000                	unimp
    15c8:	0005                	c.nop	1
    15ca:	0008                	.insn	2, 0x0008
    15cc:	002e                	c.slli	zero,0xb
    15ce:	0000                	unimp
    15d0:	0101                	addi	sp,sp,0
    15d2:	fb01                	bnez	a4,14e2 <__stack_align+0x14d2>
    15d4:	0d0e                	slli	s10,s10,0x3
    15d6:	0100                	addi	s0,sp,128
    15d8:	0101                	addi	sp,sp,0
    15da:	0001                	nop
    15dc:	0000                	unimp
    15de:	0001                	nop
    15e0:	0100                	addi	s0,sp,128
    15e2:	0101                	addi	sp,sp,0
    15e4:	021f 01f3 0000      	.insn	6, 0x01f3021f
    15ea:	0405                	addi	s0,s0,1
    15ec:	0000                	unimp
    15ee:	0102                	c.slli64	sp
    15f0:	021f 020f 0457      	.insn	6, 0x0457020f021f
    15f6:	0000                	unimp
    15f8:	5701                	li	a4,-32
    15fa:	0004                	.insn	2, 0x0004
    15fc:	0100                	addi	s0,sp,128
    15fe:	0105                	addi	sp,sp,1
    1600:	0900                	addi	s0,sp,144
    1602:	1802                	slli	a6,a6,0x20
    1604:	0080003f 19000000 	.insn	8, 0x190000000080003f
    160c:	0505                	addi	a0,a0,1
    160e:	00090103          	lb	sp,0(s2)
    1612:	0100                	addi	s0,sp,128
    1614:	0905                	addi	s2,s2,1
    1616:	0200                	addi	s0,sp,256
    1618:	0104                	addi	s1,sp,128
    161a:	00090103          	lb	sp,0(s2)
    161e:	0100                	addi	s0,sp,128
    1620:	0505                	addi	a0,a0,1
    1622:	04097f03          	.insn	4, 0x04097f03
    1626:	0100                	addi	s0,sp,128
    1628:	0209                	addi	tp,tp,2 # 2 <__boot_hart+0x2>
    162a:	0000                	unimp
    162c:	0101                	addi	sp,sp,0
    162e:	01f2                	slli	gp,gp,0x1c
    1630:	0000                	unimp
    1632:	0005                	c.nop	1
    1634:	0008                	.insn	2, 0x0008
    1636:	00000053          	fadd.s	ft0,ft0,ft0,rne
    163a:	0101                	addi	sp,sp,0
    163c:	fb01                	bnez	a4,154c <__stack_align+0x153c>
    163e:	0d0e                	slli	s10,s10,0x3
    1640:	0100                	addi	s0,sp,128
    1642:	0101                	addi	sp,sp,0
    1644:	0001                	nop
    1646:	0000                	unimp
    1648:	0001                	nop
    164a:	0100                	addi	s0,sp,128
    164c:	0101                	addi	sp,sp,0
    164e:	051f 01f3 0000      	.insn	6, 0x01f3051f
    1654:	0405                	addi	s0,s0,1
    1656:	0000                	unimp
    1658:	02ed                	addi	t0,t0,27
    165a:	0000                	unimp
    165c:	029c                	addi	a5,sp,320
    165e:	0000                	unimp
    1660:	0239                	addi	tp,tp,14 # e <__boot_hart+0xe>
    1662:	0000                	unimp
    1664:	0102                	c.slli64	sp
    1666:	021f 070f 0466      	.insn	6, 0x0466070f021f
    166c:	0000                	unimp
    166e:	6601                	.insn	2, 0x6601
    1670:	0004                	.insn	2, 0x0004
    1672:	0100                	addi	s0,sp,128
    1674:	046d                	addi	s0,s0,27
    1676:	0000                	unimp
    1678:	7602                	ld	a2,32(sp)
    167a:	0004                	.insn	2, 0x0004
    167c:	0200                	addi	s0,sp,256
    167e:	02f8                	addi	a4,sp,332
    1680:	0000                	unimp
    1682:	00030903          	lb	s2,0(t1)
    1686:	0400                	addi	s0,sp,512
    1688:	00000313          	li	t1,0
    168c:	0502                	c.slli64	a0
    168e:	0001                	nop
    1690:	0209                	addi	tp,tp,2 # 2 <__boot_hart+0x2>
    1692:	3f1e                	fld	ft10,480(sp)
    1694:	8000                	.insn	2, 0x8000
    1696:	0000                	unimp
    1698:	0000                	unimp
    169a:	05010c03          	lb	s8,80(sp)
    169e:	0305                	addi	t1,t1,1
    16a0:	0901                	addi	s2,s2,0
    16a2:	0000                	unimp
    16a4:	0301                	addi	t1,t1,0
    16a6:	0901                	addi	s2,s2,0
    16a8:	0000                	unimp
    16aa:	0301                	addi	t1,t1,0
    16ac:	0902                	c.slli64	s2
    16ae:	0000                	unimp
    16b0:	0501                	addi	a0,a0,0
    16b2:	0601                	addi	a2,a2,0
    16b4:	00097c03          	.insn	4, 0x00097c03
    16b8:	0100                	addi	s0,sp,128
    16ba:	0c05                	addi	s8,s8,1
    16bc:	02090403          	lb	s0,32(s2)
    16c0:	0100                	addi	s0,sp,128
    16c2:	0505                	addi	a0,a0,1
    16c4:	0306                	slli	t1,t1,0x1
    16c6:	0901                	addi	s2,s2,0
    16c8:	0002                	c.slli64	zero
    16ca:	0501                	addi	a0,a0,0
    16cc:	060c                	addi	a1,sp,768
    16ce:	00090003          	lb	zero,0(s2)
    16d2:	0100                	addi	s0,sp,128
    16d4:	0505                	addi	a0,a0,1
    16d6:	0306                	slli	t1,t1,0x1
    16d8:	0901                	addi	s2,s2,0
    16da:	0002                	c.slli64	zero
    16dc:	0501                	addi	a0,a0,0
    16de:	0608                	addi	a0,sp,768
    16e0:	00090303          	lb	t1,0(s2)
    16e4:	0100                	addi	s0,sp,128
    16e6:	0c05                	addi	s8,s8,1
    16e8:	04097d03          	.insn	4, 0x04097d03
    16ec:	0100                	addi	s0,sp,128
    16ee:	0505                	addi	a0,a0,1
    16f0:	0306                	slli	t1,t1,0x1
    16f2:	0901                	addi	s2,s2,0
    16f4:	0002                	c.slli64	zero
    16f6:	0501                	addi	a0,a0,0
    16f8:	0608                	addi	a0,sp,768
    16fa:	00090203          	lb	tp,0(s2)
    16fe:	0100                	addi	s0,sp,128
    1700:	0c05                	addi	s8,s8,1
    1702:	02097e03          	.insn	4, 0x02097e03
    1706:	0100                	addi	s0,sp,128
    1708:	0505                	addi	a0,a0,1
    170a:	0306                	slli	t1,t1,0x1
    170c:	0902                	c.slli64	s2
    170e:	0002                	c.slli64	zero
    1710:	0501                	addi	a0,a0,0
    1712:	0608                	addi	a0,sp,768
    1714:	00090003          	lb	zero,0(s2)
    1718:	0100                	addi	s0,sp,128
    171a:	0505                	addi	a0,a0,1
    171c:	0306                	slli	t1,t1,0x1
    171e:	0901                	addi	s2,s2,0
    1720:	0004                	.insn	2, 0x0004
    1722:	0401                	addi	s0,s0,0
    1724:	0602                	c.slli64	a2
    1726:	04091503          	lh	a0,64(s2)
    172a:	0100                	addi	s0,sp,128
    172c:	0304                	addi	s1,sp,384
    172e:	1005                	c.nop	-31
    1730:	0200                	addi	s0,sp,256
    1732:	0104                	addi	s1,sp,128
    1734:	0306                	slli	t1,t1,0x1
    1736:	0964                	addi	s1,sp,156
    1738:	0002                	c.slli64	zero
    173a:	0401                	addi	s0,s0,0
    173c:	0502                	c.slli64	a0
    173e:	0305                	addi	t1,t1,1
    1740:	0910                	addi	a2,sp,144
    1742:	0000                	unimp
    1744:	0501                	addi	a0,a0,0
    1746:	060c                	addi	a1,sp,768
    1748:	00090003          	lb	zero,0(s2)
    174c:	0100                	addi	s0,sp,128
    174e:	0304                	addi	s1,sp,384
    1750:	1005                	c.nop	-31
    1752:	0200                	addi	s0,sp,256
    1754:	0104                	addi	s1,sp,128
    1756:	02097003          	.insn	4, 0x02097003
    175a:	0100                	addi	s0,sp,128
    175c:	0e05                	addi	t3,t3,1
    175e:	0306                	slli	t1,t1,0x1
    1760:	0902                	c.slli64	s2
    1762:	0002                	c.slli64	zero
    1764:	0401                	addi	s0,s0,0
    1766:	0502                	c.slli64	a0
    1768:	0305                	addi	t1,t1,1
    176a:	0918                	addi	a4,sp,144
    176c:	0000                	unimp
    176e:	0301                	addi	t1,t1,0
    1770:	0902                	c.slli64	s2
    1772:	0000                	unimp
    1774:	0301                	addi	t1,t1,0
    1776:	090d                	addi	s2,s2,3
    1778:	0004                	.insn	2, 0x0004
    177a:	0401                	addi	s0,s0,0
    177c:	000e0503          	lb	a0,0(t3)
    1780:	0402                	c.slli64	s0
    1782:	0601                	addi	a2,a2,0
    1784:	00095903          	lhu	s2,0(s2)
    1788:	0100                	addi	s0,sp,128
    178a:	0104                	addi	s1,sp,128
    178c:	0505                	addi	a0,a0,1
    178e:	0306                	slli	t1,t1,0x1
    1790:	0906                	slli	s2,s2,0x1
    1792:	0002                	c.slli64	zero
    1794:	0401                	addi	s0,s0,0
    1796:	0502                	c.slli64	a0
    1798:	0320                	addi	s0,sp,392
    179a:	097e                	slli	s2,s2,0x1f
    179c:	0000                	unimp
    179e:	0401                	addi	s0,s0,0
    17a0:	0501                	addi	a0,a0,0
    17a2:	0305                	addi	t1,t1,1
    17a4:	00040903          	lb	s2,0(s0)
    17a8:	0501                	addi	a0,a0,0
    17aa:	060c                	addi	a1,sp,768
    17ac:	00090003          	lb	zero,0(s2)
    17b0:	0100                	addi	s0,sp,128
    17b2:	0505                	addi	a0,a0,1
    17b4:	0306                	slli	t1,t1,0x1
    17b6:	0901                	addi	s2,s2,0
    17b8:	000a                	c.slli	zero,0x2
    17ba:	0501                	addi	a0,a0,0
    17bc:	0015                	c.nop	5
    17be:	0402                	c.slli64	s0
    17c0:	0301                	addi	t1,t1,0
    17c2:	0900                	addi	s0,sp,144
    17c4:	0000                	unimp
    17c6:	0501                	addi	a0,a0,0
    17c8:	0305                	addi	t1,t1,1
    17ca:	0901                	addi	s2,s2,0
    17cc:	0004                	.insn	2, 0x0004
    17ce:	0501                	addi	a0,a0,0
    17d0:	060e                	slli	a2,a2,0x3
    17d2:	00090003          	lb	zero,0(s2)
    17d6:	0100                	addi	s0,sp,128
    17d8:	0505                	addi	a0,a0,1
    17da:	0306                	slli	t1,t1,0x1
    17dc:	0901                	addi	s2,s2,0
    17de:	0008                	.insn	2, 0x0008
    17e0:	0401                	addi	s0,s0,0
    17e2:	097b0303          	lb	t1,151(s6)
    17e6:	0000                	unimp
    17e8:	0401                	addi	s0,s0,0
    17ea:	0302                	c.slli64	t1
    17ec:	0928                	addi	a0,sp,152
    17ee:	0000                	unimp
    17f0:	0401                	addi	s0,s0,0
    17f2:	0301                	addi	t1,t1,0
    17f4:	095f 0004 0401      	.insn	6, 0x04010004095f
    17fa:	0502                	c.slli64	a0
    17fc:	0320                	addi	s0,sp,392
    17fe:	00000977          	.insn	4, 0x0977
    1802:	0401                	addi	s0,s0,0
    1804:	0501                	addi	a0,a0,0
    1806:	0305                	addi	t1,t1,1
    1808:	090a                	slli	s2,s2,0x2
    180a:	0004                	.insn	2, 0x0004
    180c:	0501                	addi	a0,a0,0
    180e:	0003060f          	.insn	4, 0x0003060f
    1812:	0009                	c.nop	2
    1814:	0100                	addi	s0,sp,128
    1816:	0105                	addi	sp,sp,1
    1818:	02090103          	lb	sp,32(s2)
    181c:	0100                	addi	s0,sp,128
    181e:	0409                	addi	s0,s0,2
    1820:	0000                	unimp
    1822:	0101                	addi	sp,sp,0

Disassembly of section .debug_str:

0000000000000000 <.debug_str>:
   0:	20554e47          	fmsub.s	ft8,fa0,ft5,ft4,rmm
   4:	20393943          	fmadd.s	fs2,fs2,ft3,ft4,rup
   8:	3331                	addiw	t1,t1,-20
   a:	322e                	fld	ft4,232(sp)
   c:	302e                	fld	ft0,232(sp)
   e:	2d20                	fld	fs0,88(a0)
  10:	636d                	lui	t1,0x1b
  12:	6f6d                	lui	t5,0x1b
  14:	6564                	ld	s1,200(a0)
  16:	3d6c                	fld	fa1,248(a0)
  18:	656d                	lui	a0,0x1b
  1a:	6164                	ld	s1,192(a0)
  1c:	796e                	ld	s2,248(sp)
  1e:	2d20                	fld	fs0,88(a0)
  20:	616d                	addi	sp,sp,240
  22:	6962                	ld	s2,24(sp)
  24:	6c3d                	lui	s8,0xf
  26:	3670                	fld	fa2,232(a2)
  28:	6434                	ld	a3,72(s0)
  2a:	2d20                	fld	fs0,88(a0)
  2c:	636d                	lui	t1,0x1b
  2e:	6f6d                	lui	t5,0x1b
  30:	6564                	ld	s1,200(a0)
  32:	3d6c                	fld	fa1,248(a0)
  34:	656d                	lui	a0,0x1b
  36:	6164                	ld	s1,192(a0)
  38:	796e                	ld	s2,248(sp)
  3a:	2d20                	fld	fs0,88(a0)
  3c:	746d                	lui	s0,0xffffb
  3e:	6e75                	lui	t3,0x1d
  40:	3d65                	addiw	s10,s10,-7
  42:	6f72                	ld	t5,280(sp)
  44:	74656b63          	bltu	a0,t1,79a <__stack_align+0x78a>
  48:	2d20                	fld	fs0,88(a0)
  4a:	696d                	lui	s2,0x1b
  4c:	732d6173          	csrrsi	sp,mhpmevent18h,26
  50:	6570                	ld	a2,200(a0)
  52:	30323d63          	.insn	4, 0x30323d63
  56:	3931                	addiw	s2,s2,-20 # 1afec <__stack_size+0x12fec>
  58:	3231                	addiw	tp,tp,-20 # ffffffffffffffec <__heap_end+0xffffffff7ffdafec>
  5a:	3331                	addiw	t1,t1,-20 # 1afec <__stack_size+0x12fec>
  5c:	2d20                	fld	fs0,88(a0)
  5e:	616d                	addi	sp,sp,240
  60:	6372                	ld	t1,280(sp)
  62:	3d68                	fld	fa0,248(a0)
  64:	7672                	ld	a2,312(sp)
  66:	3436                	fld	fs0,360(sp)
  68:	6d69                	lui	s10,0x1a
  6a:	6661                	lui	a2,0x18
  6c:	7664                	ld	s1,232(a2)
  6e:	7a5f 6369 7273      	.insn	6, 0x727363697a5f
  74:	7a5f 6576 3233      	.insn	6, 0x323365767a5f
  7a:	5f66                	lw	t5,120(sp)
  7c:	767a                	ld	a2,440(sp)
  7e:	3365                	addiw	t1,t1,-7
  80:	7832                	ld	a6,296(sp)
  82:	7a5f 6576 3436      	.insn	6, 0x343665767a5f
  88:	5f64                	lw	s1,124(a4)
  8a:	767a                	ld	a2,440(sp)
  8c:	3665                	addiw	a2,a2,-7 # 17ff9 <__stack_size+0xfff9>
  8e:	6634                	ld	a3,72(a2)
  90:	7a5f 6576 3436      	.insn	6, 0x343665767a5f
  96:	5f78                	lw	a4,124(a4)
  98:	767a                	ld	a2,440(sp)
  9a:	316c                	fld	fa1,224(a0)
  9c:	3832                	fld	fa6,296(sp)
  9e:	5f62                	lw	t5,56(sp)
  a0:	767a                	ld	a2,440(sp)
  a2:	336c                	fld	fa1,224(a4)
  a4:	6232                	ld	tp,264(sp)
  a6:	7a5f 6c76 3436      	.insn	6, 0x34366c767a5f
  ac:	2062                	fld	ft0,24(sp)
  ae:	672d                	lui	a4,0xb
  b0:	2d20                	fld	fs0,88(a0)
  b2:	2d20324f          	.insn	4, 0x2d20324f
  b6:	3d647473          	csrrci	s0,0x3d6,8
  ba:	39756e67          	.insn	4, 0x39756e67
  be:	2039                	.insn	2, 0x2039
  c0:	662d                	lui	a2,0xb
  c2:	6f6e                	ld	t5,216(sp)
  c4:	632d                	lui	t1,0xb
  c6:	6f6d6d6f          	jal	s10,d67bc <__heap_size+0xb67bc>
  ca:	206e                	fld	ft0,216(sp)
  cc:	662d                	lui	a2,0xb
  ce:	6f6e                	ld	t5,216(sp)
  d0:	622d                	lui	tp,0xb
  d2:	6975                	lui	s2,0x1d
  d4:	746c                	ld	a1,232(s0)
  d6:	6e69                	lui	t3,0x1a
  d8:	702d                	c.lui	zero,0xfffeb
  da:	6972                	ld	s2,280(sp)
  dc:	746e                	ld	s0,248(sp)
  de:	0066                	c.slli	zero,0x19
  e0:	72727563          	bgeu	tp,t2,80a <__stack_align+0x7fa>
  e4:	6f70                	ld	a2,216(a4)
  e6:	6e69                	lui	t3,0x1a
  e8:	0074                	addi	a3,sp,12
  ea:	6c66                	ld	s8,88(sp)
  ec:	0074616f          	jal	sp,468f2 <__heap_size+0x268f2>
  f0:	6e75                	lui	t3,0x1d
  f2:	6e676973          	csrrsi	s2,0x6e6,14
  f6:	6465                	lui	s0,0x19
  f8:	6320                	ld	s0,64(a4)
  fa:	6168                	ld	a0,192(a0)
  fc:	0072                	c.slli	zero,0x1c
  fe:	6361                	lui	t1,0x18
 100:	7574                	ld	a3,232(a0)
 102:	7461                	lui	s0,0xffff8
 104:	7300726f          	jal	tp,7834 <__stack_size_min+0x1834>
 108:	6f68                	ld	a0,216(a4)
 10a:	7472                	ld	s0,312(sp)
 10c:	7520                	ld	s0,104(a0)
 10e:	736e                	ld	t1,248(sp)
 110:	6769                	lui	a4,0x1a
 112:	656e                	ld	a0,216(sp)
 114:	2064                	fld	fs1,192(s0)
 116:	6e69                	lui	t3,0x1a
 118:	0074                	addi	a3,sp,12
 11a:	6341                	lui	t1,0x10
 11c:	7574                	ld	a3,232(a0)
 11e:	7461                	lui	s0,0xffff8
 120:	4900726f          	jal	tp,75b0 <__stack_size_min+0x15b0>
 124:	705f 6572 0076      	.insn	6, 0x00766572705f
 12a:	7265                	lui	tp,0xffff9
 12c:	6f72                	ld	t5,280(sp)
 12e:	5f72                	lw	t5,60(sp)
 130:	7270                	ld	a2,224(a2)
 132:	7665                	lui	a2,0xffff9
 134:	7300                	ld	s0,32(a4)
 136:	7465                	lui	s0,0xffff9
 138:	6f70                	ld	a2,216(a4)
 13a:	6e69                	lui	t3,0x1a
 13c:	0074                	addi	a3,sp,12
 13e:	6f6c                	ld	a1,216(a4)
 140:	676e                	ld	a4,216(sp)
 142:	6c20                	ld	s0,88(s0)
 144:	20676e6f          	jal	t3,7634a <__heap_size+0x5634a>
 148:	6e75                	lui	t3,0x1d
 14a:	6e676973          	csrrsi	s2,0x6e6,14
 14e:	6465                	lui	s0,0x19
 150:	6920                	ld	s0,80(a0)
 152:	746e                	ld	s0,248(sp)
 154:	6c00                	ld	s0,24(s0)
 156:	20676e6f          	jal	t3,7635c <__heap_size+0x5635c>
 15a:	6f6c                	ld	a1,216(a4)
 15c:	676e                	ld	a4,216(sp)
 15e:	6920                	ld	s0,80(a0)
 160:	746e                	ld	s0,248(sp)
 162:	7300                	ld	s0,32(a4)
 164:	6f68                	ld	a0,216(a4)
 166:	7472                	ld	s0,312(sp)
 168:	6920                	ld	s0,80(a0)
 16a:	746e                	ld	s0,248(sp)
 16c:	6f00                	ld	s0,24(a4)
 16e:	7475                	lui	s0,0xffffd
 170:	7570                	ld	a2,232(a0)
 172:	0074                	addi	a3,sp,12
 174:	5f5f 6e69 3174      	.insn	6, 0x31746e695f5f
 17a:	3832                	fld	fa6,296(sp)
 17c:	7520                	ld	s0,104(a0)
 17e:	736e                	ld	t1,248(sp)
 180:	6769                	lui	a4,0x1a
 182:	656e                	ld	a0,216(sp)
 184:	0064                	addi	s1,sp,12
 186:	20554e47          	fmsub.s	ft8,fa0,ft5,ft4,rmm
 18a:	20373143          	fmadd.s	ft2,fa4,ft3,ft4,rup
 18e:	3331                	addiw	t1,t1,-20 # ffec <__stack_size+0x7fec>
 190:	322e                	fld	ft4,232(sp)
 192:	302e                	fld	ft0,232(sp)
 194:	2d20                	fld	fs0,88(a0)
 196:	636d                	lui	t1,0x1b
 198:	6f6d                	lui	t5,0x1b
 19a:	6564                	ld	s1,200(a0)
 19c:	3d6c                	fld	fa1,248(a0)
 19e:	656d                	lui	a0,0x1b
 1a0:	6164                	ld	s1,192(a0)
 1a2:	796e                	ld	s2,248(sp)
 1a4:	2d20                	fld	fs0,88(a0)
 1a6:	636d                	lui	t1,0x1b
 1a8:	6f6d                	lui	t5,0x1b
 1aa:	6564                	ld	s1,200(a0)
 1ac:	3d6c                	fld	fa1,248(a0)
 1ae:	656d                	lui	a0,0x1b
 1b0:	6164                	ld	s1,192(a0)
 1b2:	796e                	ld	s2,248(sp)
 1b4:	2d20                	fld	fs0,88(a0)
 1b6:	746d                	lui	s0,0xffffb
 1b8:	6e75                	lui	t3,0x1d
 1ba:	3d65                	addiw	s10,s10,-7 # 19ff9 <__stack_size+0x11ff9>
 1bc:	6f72                	ld	t5,280(sp)
 1be:	74656b63          	bltu	a0,t1,914 <__stack_align+0x904>
 1c2:	2d20                	fld	fs0,88(a0)
 1c4:	616d                	addi	sp,sp,240
 1c6:	6962                	ld	s2,24(sp)
 1c8:	6c3d                	lui	s8,0xf
 1ca:	3670                	fld	fa2,232(a2)
 1cc:	6434                	ld	a3,72(s0)
 1ce:	2d20                	fld	fs0,88(a0)
 1d0:	696d                	lui	s2,0x1b
 1d2:	732d6173          	csrrsi	sp,mhpmevent18h,26
 1d6:	6570                	ld	a2,200(a0)
 1d8:	30323d63          	.insn	4, 0x30323d63
 1dc:	3931                	addiw	s2,s2,-20 # 1afec <__stack_size+0x12fec>
 1de:	3231                	addiw	tp,tp,-20 # ffffffffffff8fec <__heap_end+0xffffffff7ffd3fec>
 1e0:	3331                	addiw	t1,t1,-20 # 1afec <__stack_size+0x12fec>
 1e2:	2d20                	fld	fs0,88(a0)
 1e4:	616d                	addi	sp,sp,240
 1e6:	6372                	ld	t1,280(sp)
 1e8:	3d68                	fld	fa0,248(a0)
 1ea:	7672                	ld	a2,312(sp)
 1ec:	3436                	fld	fs0,360(sp)
 1ee:	6d69                	lui	s10,0x1a
 1f0:	6661                	lui	a2,0x18
 1f2:	6364                	ld	s1,192(a4)
 1f4:	7a5f 6369 7273      	.insn	6, 0x727363697a5f
 1fa:	2d20                	fld	fs0,88(a0)
 1fc:	4f2d2067          	.insn	4, 0x4f2d2067
 200:	4f2d2073          	csrs	0x4f2,s10
 204:	2032                	fld	ft0,264(sp)
 206:	4f2d                	li	t5,11
 208:	662d2073          	csrs	0x662,s10
 20c:	7562                	ld	a0,56(sp)
 20e:	6c69                	lui	s8,0x1a
 210:	6964                	ld	s1,208(a0)
 212:	676e                	ld	a4,216(sp)
 214:	6c2d                	lui	s8,0xb
 216:	6269                	lui	tp,0x1a
 218:	20636367          	.insn	4, 0x20636367
 21c:	662d                	lui	a2,0xb
 21e:	6f6e                	ld	t5,216(sp)
 220:	732d                	lui	t1,0xfffeb
 222:	6174                	ld	a3,192(a0)
 224:	702d6b63          	bltu	s10,sp,93a <__stack_align+0x92a>
 228:	6f72                	ld	t5,280(sp)
 22a:	6574                	ld	a3,200(a0)
 22c:	726f7463          	bgeu	t5,t1,954 <__stack_align+0x944>
 230:	2d20                	fld	fs0,88(a0)
 232:	7666                	ld	a2,120(sp)
 234:	7369                	lui	t1,0xffffa
 236:	6269                	lui	tp,0x1a
 238:	6c69                	lui	s8,0x1a
 23a:	7469                	lui	s0,0xffffa
 23c:	3d79                	addiw	s10,s10,-2 # 19ffe <__stack_size+0x11ffe>
 23e:	6968                	ld	a0,208(a0)
 240:	6464                	ld	s1,200(s0)
 242:	6e65                	lui	t3,0x19
 244:	5f00                	lw	s0,56(a4)
 246:	5046                	.insn	2, 0x5046
 248:	505f 4341 5f4b      	.insn	6, 0x5f4b4341505f
 24e:	4152                	lw	sp,20(sp)
 250:	5f315f57          	.insn	4, 0x5f315f57
 254:	6c66                	ld	s8,88(sp)
 256:	6f6c006f          	j	c094c <__heap_size+0xa094c>
 25a:	676e                	ld	a4,216(sp)
 25c:	72660073          	.insn	4, 0x72660073
 260:	6361                	lui	t1,0x18
 262:	0030                	addi	a2,sp,8
 264:	7266                	ld	tp,120(sp)
 266:	6361                	lui	t1,0x18
 268:	0031                	c.nop	12
 26a:	4644                	lw	s1,12(a2)
 26c:	7974                	ld	a3,240(a0)
 26e:	6570                	ld	a2,200(a0)
 270:	5f00                	lw	s0,56(a4)
 272:	5046                	.insn	2, 0x5046
 274:	505f 4341 5f4b      	.insn	6, 0x5f4b4341505f
 27a:	494d4553          	.insn	4, 0x494d4553
 27e:	4152                	lw	sp,20(sp)
 280:	5f545f57          	.insn	4, 0x5f545f57
 284:	0066                	c.slli	zero,0x19
 286:	4654                	lw	a3,12(a2)
 288:	7974                	ld	a3,240(a0)
 28a:	6570                	ld	a2,200(a0)
 28c:	5f00                	lw	s0,56(a4)
 28e:	5046                	.insn	2, 0x5046
 290:	505f 4341 5f4b      	.insn	6, 0x5f4b4341505f
 296:	494d4553          	.insn	4, 0x494d4553
 29a:	4152                	lw	sp,20(sp)
 29c:	5f545f57          	.insn	4, 0x5f545f57
 2a0:	5f410073          	.insn	4, 0x5f410073
 2a4:	3066                	fld	ft0,120(sp)
 2a6:	4100                	lw	s0,0(a0)
 2a8:	665f 0031 5f5f      	.insn	6, 0x5f5f0031665f
 2ae:	6e69                	lui	t3,0x1a
 2b0:	3174                	fld	fa3,224(a0)
 2b2:	3832                	fld	fa6,296(sp)
 2b4:	5f00                	lw	s0,56(a4)
 2b6:	6566                	ld	a0,88(sp)
 2b8:	0078                	addi	a4,sp,12
 2ba:	465f 5f50 4150      	.insn	6, 0x41505f50465f
 2c0:	535f4b43          	fmadd.d	fs6,ft10,fs5,fa0,rmm
 2c4:	4d45                	li	s10,17
 2c6:	5249                	li	tp,-14
 2c8:	5741                	li	a4,-16
 2ca:	545f 655f 5f00      	.insn	6, 0x5f00655f545f
 2d0:	5046                	.insn	2, 0x5046
 2d2:	505f 4341 5f4b      	.insn	6, 0x5f4b4341505f
 2d8:	494d4553          	.insn	4, 0x494d4553
 2dc:	4152                	lw	sp,20(sp)
 2de:	5f545f57          	.insn	4, 0x5f545f57
 2e2:	465f0063          	beq	t5,t0,742 <__stack_align+0x732>
 2e6:	5f50                	lw	a2,60(a4)
 2e8:	4e55                	li	t3,21
 2ea:	4150                	lw	a2,4(a0)
 2ec:	525f4b43          	fmadd.d	fs6,ft10,ft5,fa0,rmm
 2f0:	5741                	li	a4,-16
 2f2:	325f 665f 6f6c      	.insn	6, 0x6f6c665f325f
 2f8:	6600                	ld	s0,8(a2)
 2fa:	6172                	ld	sp,280(sp)
 2fc:	465f0063          	beq	t5,t0,75c <__stack_align+0x74c>
 300:	5f50                	lw	a2,60(a4)
 302:	4150                	lw	a2,4(a0)
 304:	535f4b43          	fmadd.d	fs6,ft10,fs5,fa0,rmm
 308:	4d45                	li	s10,17
 30a:	5249                	li	tp,-14
 30c:	5741                	li	a4,-16
 30e:	695f 5f73 6974      	.insn	6, 0x69745f73695f
 314:	796e                	ld	s2,248(sp)
 316:	5f00                	lw	s0,56(a4)
 318:	5046                	.insn	2, 0x5046
 31a:	555f 494e 4e4f      	.insn	6, 0x4e4f494e555f
 320:	445f 5f00 745f      	.insn	6, 0x745f5f00445f
 326:	7572                	ld	a0,312(sp)
 328:	636e                	ld	t1,216(sp)
 32a:	6674                	ld	a3,200(a2)
 32c:	6664                	ld	s1,200(a2)
 32e:	0032                	c.slli	zero,0xc
 330:	465f 5f50 4e55      	.insn	6, 0x4e555f50465f
 336:	4f49                	li	t5,18
 338:	5f4e                	lw	t5,240(sp)
 33a:	0051                	c.nop	20
 33c:	6e676973          	csrrsi	s2,0x6e6,14
 340:	6c00                	ld	s0,24(s0)
 342:	20676e6f          	jal	t3,76548 <__heap_size+0x56548>
 346:	6f64                	ld	s1,216(a4)
 348:	6275                	lui	tp,0x1d
 34a:	656c                	ld	a1,200(a0)
 34c:	6200                	ld	s0,0(a2)
 34e:	7469                	lui	s0,0xffffa
 350:	665f0073          	.insn	4, 0x665f0073
 354:	6d72                	ld	s10,280(sp)
 356:	5f00                	lw	s0,56(a4)
 358:	736f6c63          	bltu	t5,s6,a90 <__stack_align+0xa80>
 35c:	0065                	c.nop	25
 35e:	6966                	ld	s2,88(sp)
 360:	656c                	ld	a1,200(a0)
 362:	4700                	lw	s0,8(a4)
 364:	554e                	lw	a0,240(sp)
 366:	4320                	lw	s0,64(a4)
 368:	3131                	addiw	sp,sp,-20
 36a:	3120                	fld	fs0,96(a0)
 36c:	2e322e33          	.insn	4, 0x2e322e33
 370:	2030                	fld	fa2,64(s0)
 372:	6d2d                	lui	s10,0xb
 374:	646f6d63          	bltu	t5,t1,9ce <__stack_align+0x9be>
 378:	6c65                	lui	s8,0x19
 37a:	6d3d                	lui	s10,0xf
 37c:	6465                	lui	s0,0x19
 37e:	6e61                	lui	t3,0x18
 380:	2079                	.insn	2, 0x2079
 382:	6d2d                	lui	s10,0xb
 384:	7574                	ld	a3,232(a0)
 386:	656e                	ld	a0,216(sp)
 388:	723d                	lui	tp,0xfffef
 38a:	656b636f          	jal	t1,b69e0 <__heap_size+0x969e0>
 38e:	2074                	fld	fa3,192(s0)
 390:	6d2d                	lui	s10,0xb
 392:	6261                	lui	tp,0x18
 394:	3d69                	addiw	s10,s10,-6 # affa <__stack_size+0x2ffa>
 396:	706c                	ld	a1,224(s0)
 398:	3436                	fld	fs0,360(sp)
 39a:	2064                	fld	fs1,192(s0)
 39c:	6d2d                	lui	s10,0xb
 39e:	7369                	lui	t1,0xffffa
 3a0:	2d61                	addiw	s10,s10,24 # b018 <__stack_size+0x3018>
 3a2:	63657073          	csrci	0x636,10
 3a6:	323d                	addiw	tp,tp,-17 # 17fef <__stack_size+0xffef>
 3a8:	3130                	fld	fa2,96(a0)
 3aa:	3139                	addiw	sp,sp,-18
 3ac:	3132                	fld	ft2,296(sp)
 3ae:	6d2d2033          	.insn	4, 0x6d2d2033
 3b2:	7261                	lui	tp,0xffff8
 3b4:	723d6863          	bltu	s10,gp,ae4 <__stack_align+0xad4>
 3b8:	3676                	fld	fa2,376(sp)
 3ba:	6934                	ld	a3,80(a0)
 3bc:	616d                	addi	sp,sp,240
 3be:	6466                	ld	s0,88(sp)
 3c0:	697a5f63          	bge	s4,s7,a5e <__stack_align+0xa4e>
 3c4:	20727363          	bgeu	tp,t2,5ca <__stack_align+0x5ba>
 3c8:	672d                	lui	a4,0xb
 3ca:	2d20                	fld	fs0,88(a0)
 3cc:	2d20324f          	.insn	4, 0x2d20324f
 3d0:	3d647473          	csrrci	s0,0x3d6,8
 3d4:	20313163          	.insn	4, 0x20313163
 3d8:	662d                	lui	a2,0xb
 3da:	6f6e                	ld	t5,216(sp)
 3dc:	632d                	lui	t1,0xb
 3de:	6f6d6d6f          	jal	s10,d6ad4 <__heap_size+0xb6ad4>
 3e2:	206e                	fld	ft0,216(sp)
 3e4:	662d                	lui	a2,0xb
 3e6:	6f6e                	ld	t5,216(sp)
 3e8:	622d                	lui	tp,0xb
 3ea:	6975                	lui	s2,0x1d
 3ec:	746c                	ld	a1,232(s0)
 3ee:	6e69                	lui	t3,0x1a
 3f0:	5f00                	lw	s0,56(a4)
 3f2:	655f 7272 6f6e      	.insn	6, 0x6f6e7272655f
 3f8:	7400                	ld	s0,40(s0)
 3fa:	736f686f          	jal	a6,f6b30 <__heap_size+0xd6b30>
 3fe:	0074                	addi	a3,sp,12
 400:	655f 6978 0074      	.insn	6, 0x00746978655f
 406:	7266                	ld	tp,120(sp)
 408:	6f686d6f          	jal	s10,86afe <__heap_size+0x66afe>
 40c:	63007473          	csrrci	s0,0x630,0
 410:	0065646f          	jal	s0,56416 <__heap_size+0x36416>
 414:	5f5f 6975 746e      	.insn	6, 0x746e69755f5f
 41a:	3436                	fld	fs0,360(sp)
 41c:	745f 5f00 755f      	.insn	6, 0x755f5f00745f
 422:	6469                	lui	s0,0x1a
 424:	745f 7300 5f74      	.insn	6, 0x5f747300745f
 42a:	6c6e                	ld	s8,216(sp)
 42c:	6e69                	lui	t3,0x1a
 42e:	7674006b          	.insn	4, 0x7674006b
 432:	6e5f 6573 0063      	.insn	6, 0x006365736e5f
 438:	735f7473          	csrrci	s0,mhpmevent21h,30
 43c:	7a69                	lui	s4,0xffffa
 43e:	0065                	c.nop	25
 440:	6d5f7473          	csrrci	s0,0x6d5,30
 444:	6974                	ld	a3,208(a0)
 446:	006d                	c.nop	27
 448:	695f7473          	csrrci	s0,0x695,30
 44c:	6f6e                	ld	t5,216(sp)
 44e:	7300                	ld	s0,32(a4)
 450:	5f74                	lw	a3,124(a4)
 452:	6c62                	ld	s8,24(sp)
 454:	7a69736b          	.insn	4, 0x7a69736b
 458:	0065                	c.nop	25
 45a:	735f7473          	csrrci	s0,mhpmevent21h,30
 45e:	6170                	ld	a2,192(a0)
 460:	6572                	ld	a0,280(sp)
 462:	0034                	addi	a3,sp,8
 464:	5f5f 6564 5f76      	.insn	6, 0x5f7665645f5f
 46a:	0074                	addi	a3,sp,12
 46c:	625f7473          	csrrci	s0,0x625,30
 470:	6f6c                	ld	a1,216(a4)
 472:	00736b63          	bltu	t1,t2,488 <__stack_align+0x478>
 476:	6d5f7473          	csrrci	s0,0x6d5,30
 47a:	0065646f          	jal	s0,56480 <__heap_size+0x36480>
 47e:	615f7473          	csrrci	s0,htimedeltah,30
 482:	6974                	ld	a3,208(a0)
 484:	006d                	c.nop	27
 486:	6974                	ld	a3,208(a0)
 488:	656d                	lui	a0,0x1b
 48a:	745f 5f00 6e5f      	.insn	6, 0x6e5f5f00745f
 490:	696c                	ld	a1,208(a0)
 492:	6b6e                	ld	s6,216(sp)
 494:	745f 5f00 755f      	.insn	6, 0x755f5f00745f
 49a:	6e69                	lui	t3,0x1a
 49c:	3374                	fld	fa3,224(a4)
 49e:	5f32                	lw	t5,44(sp)
 4a0:	0074                	addi	a3,sp,12
 4a2:	725f7473          	csrrci	s0,mhpmevent5h,30
 4a6:	6564                	ld	s1,200(a0)
 4a8:	0076                	c.slli	zero,0x1d
 4aa:	5f5f 6c62 736b      	.insn	6, 0x736b6c625f5f
 4b0:	7a69                	lui	s4,0xffffa
 4b2:	5f65                	li	t5,-7
 4b4:	0074                	addi	a3,sp,12
 4b6:	5f5f 6c62 636b      	.insn	6, 0x636b6c625f5f
 4bc:	746e                	ld	s0,248(sp)
 4be:	745f 7300 5f74      	.insn	6, 0x5f747300745f
 4c4:	6d697463          	bgeu	s2,s6,b8c <__stack_align+0xb7c>
 4c8:	7300                	ld	s0,32(a4)
 4ca:	5f74                	lw	a3,124(a4)
 4cc:	6975                	lui	s2,0x1d
 4ce:	0064                	addi	s1,sp,12
 4d0:	5f5f 6967 5f64      	.insn	6, 0x5f6469675f5f
 4d6:	0074                	addi	a3,sp,12
 4d8:	5f5f 666f 5f66      	.insn	6, 0x5f66666f5f5f
 4de:	0074                	addi	a3,sp,12
 4e0:	7674                	ld	a3,232(a2)
 4e2:	735f 6365 7400      	.insn	6, 0x74006365735f
 4e8:	6d69                	lui	s10,0x1a
 4ea:	7365                	lui	t1,0xffff9
 4ec:	6570                	ld	a2,200(a0)
 4ee:	665f0063          	beq	t5,t0,b4e <__stack_align+0xb3e>
 4f2:	74617473          	csrrci	s0,0x746,2
 4f6:	5f00                	lw	s0,56(a4)
 4f8:	6d5f 646f 5f65      	.insn	6, 0x5f65646f6d5f
 4fe:	0074                	addi	a3,sp,12
 500:	5f5f 6e69 5f6f      	.insn	6, 0x5f6f6e695f5f
 506:	0074                	addi	a3,sp,12
 508:	645f7473          	csrrci	s0,hvip,30
 50c:	7665                	lui	a2,0xffff9
 50e:	7300                	ld	s0,32(a4)
 510:	5f74                	lw	a3,124(a4)
 512:	00646967          	.insn	4, 0x00646967
 516:	675f 7465 6970      	.insn	6, 0x69707465675f
 51c:	0064                	addi	s1,sp,12
 51e:	695f 6173 7474      	.insn	6, 0x74746173695f
 524:	0079                	c.nop	30
 526:	6b5f 6c69 006c      	.insn	6, 0x006c6c696b5f
 52c:	6c5f 6573 6b65      	.insn	6, 0x6b6565736c5f
 532:	5f00                	lw	s0,56(a4)
 534:	6572                	ld	a0,280(sp)
 536:	6461                	lui	s0,0x18
 538:	5f00                	lw	s0,56(a4)
 53a:	7a697373          	csrrci	t1,0x7a6,18
 53e:	5f65                	li	t5,-7
 540:	0074                	addi	a3,sp,12
 542:	7470                	ld	a2,232(s0)
 544:	6472                	ld	s0,280(sp)
 546:	6669                	lui	a2,0x1a
 548:	5f66                	lw	t5,120(sp)
 54a:	0074                	addi	a3,sp,12
 54c:	5f5f 6568 7061      	.insn	6, 0x706165685f5f
 552:	655f 646e 6300      	.insn	6, 0x6300646e655f
 558:	7275                	lui	tp,0xffffd
 55a:	7262                	ld	tp,56(sp)
 55c:	735f006b          	.insn	4, 0x735f006b
 560:	7262                	ld	tp,56(sp)
 562:	6e69006b          	.insn	4, 0x6e69006b
 566:	6f007263          	bgeu	zero,a6,c4a <__stack_align+0xc3a>
 56a:	646c                	ld	a1,200(s0)
 56c:	7262                	ld	tp,56(sp)
 56e:	656e006b          	.insn	4, 0x656e006b
 572:	6b726277          	.insn	4, 0x6b726277
 576:	6800                	ld	s0,16(s0)
 578:	6974                	ld	a3,208(a0)
 57a:	5f66                	lw	t5,120(sp)
 57c:	63737973          	csrrci	s2,0x637,6
 580:	6c61                	lui	s8,0x18
 582:	006c                	addi	a1,sp,12
 584:	5f5f 6975 746e      	.insn	6, 0x746e69755f5f
 58a:	7470                	ld	a2,232(s0)
 58c:	5f72                	lw	t5,60(sp)
 58e:	0074                	addi	a3,sp,12
 590:	775f 6972 6574      	.insn	6, 0x65746972775f
 596:	2e00                	fld	fs0,24(a2)
 598:	2f2e                	fld	ft10,200(sp)
 59a:	696d                	lui	s2,0x1b
 59c:	632f6373          	csrrsi	t1,0x632,30
 5a0:	7472                	ld	s0,312(sp)
 5a2:	2e30                	fld	fa2,88(a2)
 5a4:	682f0053          	.insn	4, 0x682f0053
 5a8:	2f656d6f          	jal	s10,5689e <__heap_size+0x3689e>
 5ac:	6a68                	ld	a0,208(a2)
 5ae:	6e6f776b          	.insn	4, 0x6e6f776b
 5b2:	6968632f          	.insn	4, 0x6968632f
 5b6:	7970                	ld	a2,240(a0)
 5b8:	7261                	lui	tp,0xffff8
 5ba:	2f64                	fld	fs1,216(a4)
 5bc:	6f74                	ld	a3,216(a4)
 5be:	68636c6f          	jal	s8,36c44 <__heap_size+0x16c44>
 5c2:	6961                	lui	s2,0x18
 5c4:	736e                	ld	t1,248(sp)
 5c6:	62696c2f          	.insn	4, 0x62696c2f
 5ca:	736f6c67          	.insn	4, 0x736f6c67
 5ce:	75622f73          	csrrs	t5,0x756,tp
 5d2:	6c69                	lui	s8,0x1a
 5d4:	0064                	addi	s1,sp,12
 5d6:	20554e47          	fmsub.s	ft8,fa0,ft5,ft4,rmm
 5da:	5341                	li	t1,-16
 5dc:	3220                	fld	fs0,96(a2)
 5de:	342e                	fld	fs0,232(sp)
 5e0:	0032                	c.slli	zero,0xc
 5e2:	2e2e                	fld	ft8,200(sp)
 5e4:	73696d2f          	.insn	4, 0x73696d2f
 5e8:	72632f63          	.insn	4, 0x72632f63
 5ec:	6d74                	ld	a3,216(a0)
 5ee:	6961                	lui	s2,0x18
 5f0:	2e6e                	fld	ft8,216(sp)
 5f2:	61680053          	.insn	4, 0x61680053
 5f6:	646e                	ld	s0,216(sp)
 5f8:	656c                	ld	a1,200(a0)
 5fa:	745f 6172 0070      	.insn	6, 0x00706172745f
 600:	73756163          	bltu	a0,s7,d22 <__stack_align+0xd12>
 604:	0065                	c.nop	25
 606:	5f5f 6e69 7074      	.insn	6, 0x70746e695f5f
 60c:	7274                	ld	a3,224(a2)
 60e:	745f 7200 6765      	.insn	6, 0x67657200745f
 614:	76740073          	.insn	4, 0x76740073
 618:	6c61                	lui	s8,0x18
 61a:	5f00                	lw	s0,56(a4)
 61c:	695f 696e 5f74      	.insn	6, 0x5f74696e695f
 622:	6c74                	ld	a3,216(s0)
 624:	5f5f0073          	.insn	4, 0x5f5f0073
 628:	6474                	ld	a3,200(s0)
 62a:	7461                	lui	s0,0xffff8
 62c:	5f61                	li	t5,-8
 62e:	657a6973          	csrrsi	s2,hviprio2h,20
 632:	5f00                	lw	s0,56(a4)
 634:	745f 7362 5f73      	.insn	6, 0x5f737362745f
 63a:	7366666f          	jal	a2,66d70 <__heap_size+0x46d70>
 63e:	7465                	lui	s0,0xffff9
 640:	5f00                	lw	s0,56(a4)
 642:	745f 7268 6165      	.insn	6, 0x61657268745f
 648:	5f64                	lw	s1,124(a4)
 64a:	666c6573          	csrrsi	a0,0x666,24
 64e:	5f00                	lw	s0,56(a4)
 650:	745f 7362 5f73      	.insn	6, 0x5f737362745f
 656:	657a6973          	csrrsi	s2,hviprio2h,20
 65a:	6d00                	ld	s0,24(a0)
 65c:	6d65                	lui	s10,0x19
 65e:	00797063          	bgeu	s2,t2,65e <__stack_align+0x64e>
 662:	5f5f 6474 7461      	.insn	6, 0x746164745f5f
 668:	5f61                	li	t5,-8
 66a:	72617473          	csrrci	s0,mhpmevent6h,2
 66e:	0074                	addi	a3,sp,12
 670:	656d                	lui	a0,0x1b
 672:	736d                	lui	t1,0xffffb
 674:	7465                	lui	s0,0xffff9
 676:	5f00                	lw	s0,56(a4)
 678:	6d5f 6961 006e      	.insn	6, 0x006e69616d5f
 67e:	6e697073          	csrci	0x6e6,18
 682:	6f6c                	ld	a1,216(a4)
 684:	745f6b63          	bltu	t5,t0,dda <__stack_align+0xdca>
 688:	5f00                	lw	s0,56(a4)
 68a:	695f 746e 3233      	.insn	6, 0x3233746e695f
 690:	745f 6800 6974      	.insn	6, 0x69746800745f
 696:	5f66                	lw	t5,120(sp)
 698:	6f6c                	ld	a1,216(a4)
 69a:	61006b63          	bltu	zero,a6,cb0 <__stack_align+0xca0>
 69e:	6f74                	ld	a3,216(a4)
 6a0:	696d                	lui	s2,0x1b
 6a2:	77735f63          	bge	t1,s7,e20 <__stack_align+0xe10>
 6a6:	7061                	c.lui	zero,0xffff8
 6a8:	615f 7163 6975      	.insn	6, 0x69757163615f
 6ae:	6572                	ld	a0,280(sp)
 6b0:	6100                	ld	s0,0(a0)
 6b2:	6f74                	ld	a3,216(a4)
 6b4:	696d                	lui	s2,0x1b
 6b6:	00745f63          	bge	s0,t2,6d4 <__stack_align+0x6c4>
 6ba:	7461                	lui	s0,0xffff8
 6bc:	63696d6f          	jal	s10,96cf2 <__heap_size+0x76cf2>
 6c0:	6c5f 616f 0064      	.insn	6, 0x0064616f6c5f
 6c6:	6e697073          	csrci	0x6e6,18
 6ca:	6c5f 636f 006b      	.insn	6, 0x006b636f6c5f
 6d0:	6e697073          	csrci	0x6e6,18
 6d4:	755f 6c6e 636f      	.insn	6, 0x636f6c6e755f
 6da:	7461006b          	.insn	4, 0x7461006b
 6de:	63696d6f          	jal	s10,96d14 <__heap_size+0x76d14>
 6e2:	635f 656c 7261      	.insn	6, 0x7261656c635f
 6e8:	725f 6c65 6165      	.insn	6, 0x61656c65725f
 6ee:	Address 0x6ee is out of bounds.


Disassembly of section .debug_line_str:

0000000000000000 <.debug_line_str>:
   0:	6d6f682f          	.insn	4, 0x6d6f682f
   4:	2f65                	addiw	t5,t5,25 # 1b019 <__stack_size+0x13019>
   6:	6a68                	ld	a0,208(a2)
   8:	6e6f776b          	.insn	4, 0x6e6f776b
   c:	6968632f          	.insn	4, 0x6968632f
  10:	7970                	ld	a2,240(a0)
  12:	7261                	lui	tp,0xffff8
  14:	2f64                	fld	fs1,216(a4)
  16:	656e6567          	.insn	4, 0x656e6567
  1a:	6172                	ld	sp,280(sp)
  1c:	6f74                	ld	a3,216(a4)
  1e:	7372                	ld	t1,312(sp)
  20:	6c65762f          	.insn	4, 0x6c65762f
  24:	7361                	lui	t1,0xffff8
  26:	7461                	lui	s0,0xffff8
  28:	7275                	lui	tp,0xffffd
  2a:	2f6e                	fld	ft10,216(sp)
  2c:	74666f73          	csrrsi	t5,0x746,12
  30:	65726177          	.insn	4, 0x65726177
  34:	7066762f          	.insn	4, 0x7066762f
  38:	6469                	lui	s0,0x1a
  3a:	345f 2e66 0063      	.insn	6, 0x00632e66345f
  40:	6d6f682f          	.insn	4, 0x6d6f682f
  44:	2f65                	addiw	t5,t5,25
  46:	6a68                	ld	a0,208(a2)
  48:	6e6f776b          	.insn	4, 0x6e6f776b
  4c:	6968632f          	.insn	4, 0x6968632f
  50:	7970                	ld	a2,240(a0)
  52:	7261                	lui	tp,0xffff8
  54:	2f64                	fld	fs1,216(a4)
  56:	656e6567          	.insn	4, 0x656e6567
  5a:	6172                	ld	sp,280(sp)
  5c:	6f74                	ld	a3,216(a4)
  5e:	7372                	ld	t1,312(sp)
  60:	6c65762f          	.insn	4, 0x6c65762f
  64:	7361                	lui	t1,0xffff8
  66:	7461                	lui	s0,0xffff8
  68:	7275                	lui	tp,0xffffd
  6a:	2f6e                	fld	ft10,216(sp)
  6c:	74666f73          	csrrsi	t5,0x746,12
  70:	65726177          	.insn	4, 0x65726177
  74:	6975622f          	.insn	4, 0x6975622f
  78:	646c                	ld	a1,200(s0)
  7a:	2f00                	fld	fs0,24(a4)
  7c:	6f68                	ld	a0,216(a4)
  7e:	656d                	lui	a0,0x1b
  80:	6b6a682f          	.insn	4, 0x6b6a682f
  84:	2f6e6f77          	.insn	4, 0x2f6e6f77
  88:	70696863          	bltu	s2,t1,798 <__stack_align+0x788>
  8c:	6179                	addi	sp,sp,464
  8e:	6472                	ld	s0,280(sp)
  90:	6e65672f          	.insn	4, 0x6e65672f
  94:	7265                	lui	tp,0xffff9
  96:	7461                	lui	s0,0xffff8
  98:	2f73726f          	jal	tp,37b8e <__heap_size+0x17b8e>
  9c:	6576                	ld	a0,344(sp)
  9e:	616c                	ld	a1,192(a0)
  a0:	75746173          	csrrsi	sp,0x757,8
  a4:	6e72                	ld	t3,280(sp)
  a6:	666f732f          	.insn	4, 0x666f732f
  aa:	7774                	ld	a3,232(a4)
  ac:	7261                	lui	tp,0xffff8
  ae:	0065                	c.nop	25
  b0:	6d6f682f          	.insn	4, 0x6d6f682f
  b4:	2f65                	addiw	t5,t5,25
  b6:	6a68                	ld	a0,208(a2)
  b8:	6e6f776b          	.insn	4, 0x6e6f776b
  bc:	6968632f          	.insn	4, 0x6968632f
  c0:	7970                	ld	a2,240(a0)
  c2:	7261                	lui	tp,0xffff8
  c4:	2f64                	fld	fs1,216(a4)
  c6:	632e                	ld	t1,200(sp)
  c8:	61646e6f          	jal	t3,466de <__heap_size+0x266de>
  cc:	652d                	lui	a0,0xb
  ce:	766e                	ld	a2,248(sp)
  d0:	7369722f          	.insn	4, 0x7369722f
  d4:	742d7663          	bgeu	s10,sp,820 <__stack_align+0x810>
  d8:	736c6f6f          	jal	t5,c680e <__heap_size+0xa680e>
  dc:	7369722f          	.insn	4, 0x7369722f
  e0:	34367663          	bgeu	a2,gp,42c <__stack_align+0x41c>
  e4:	752d                	lui	a0,0xfffeb
  e6:	6b6e                	ld	s6,216(sp)
  e8:	6f6e                	ld	t5,216(sp)
  ea:	652d6e77          	.insn	4, 0x652d6e77
  ee:	666c                	ld	a1,200(a2)
  f0:	636e692f          	.insn	4, 0x636e692f
  f4:	756c                	ld	a1,232(a0)
  f6:	6564                	ld	s1,200(a0)
  f8:	7300                	ld	s0,32(a4)
  fa:	6474                	ld	a3,200(s0)
  fc:	6f69                	lui	t5,0x1a
  fe:	682e                	ld	a6,200(sp)
 100:	2e00                	fld	fs0,24(a2)
 102:	2f2e                	fld	ft10,200(sp)
 104:	2e2e                	fld	ft8,200(sp)
 106:	2f2e2e2f          	.insn	4, 0x2f2e2e2f
 10a:	2e2e                	fld	ft8,200(sp)
 10c:	6363672f          	.insn	4, 0x6363672f
 110:	62696c2f          	.insn	4, 0x62696c2f
 114:	2f636367          	.insn	4, 0x2f636367
 118:	74666f73          	csrrsi	t5,0x746,12
 11c:	662d                	lui	a2,0xb
 11e:	2f70                	fld	fa2,216(a4)
 120:	7274                	ld	a3,224(a2)
 122:	6e75                	lui	t3,0x1d
 124:	64667463          	bgeu	a2,t1,76c <__stack_align+0x75c>
 128:	3266                	fld	ft4,120(sp)
 12a:	632e                	ld	t1,200(sp)
 12c:	2f00                	fld	fs0,24(a4)
 12e:	6f68                	ld	a0,216(a4)
 130:	656d                	lui	a0,0x1b
 132:	6e6f632f          	.insn	4, 0x6e6f632f
 136:	6164                	ld	s1,192(a0)
 138:	6565662f          	.insn	4, 0x6565662f
 13c:	7364                	ld	s1,224(a4)
 13e:	6f74                	ld	a3,216(a4)
 140:	725f6b63          	bltu	t5,t0,876 <__stack_align+0x866>
 144:	2f746f6f          	jal	t5,46c3a <__heap_size+0x26c3a>
 148:	7562                	ld	a0,56(sp)
 14a:	6c69                	lui	s8,0x1a
 14c:	5f64                	lw	s1,124(a4)
 14e:	7261                	lui	tp,0xffff8
 150:	6974                	ld	a3,208(a0)
 152:	6166                	ld	sp,88(sp)
 154:	2f737463          	bgeu	t1,s7,43c <__stack_align+0x42c>
 158:	6972                	ld	s2,280(sp)
 15a:	2d766373          	csrrsi	t1,0x2d7,12
 15e:	6f74                	ld	a3,216(a4)
 160:	5f736c6f          	jal	s8,36f56 <__heap_size+0x16f56>
 164:	3731                	addiw	a4,a4,-20 # afec <__stack_size+0x2fec>
 166:	3031                	.insn	2, 0x3031
 168:	3931                	addiw	s2,s2,-20 # 1afec <__stack_size+0x12fec>
 16a:	3634                	fld	fa3,104(a2)
 16c:	3832                	fld	fa6,296(sp)
 16e:	2f363637          	lui	a2,0x2f363
 172:	6b726f77          	.insn	4, 0x6b726f77
 176:	7369722f          	.insn	4, 0x7369722f
 17a:	672d7663          	bgeu	s10,s2,7e6 <__stack_align+0x7d6>
 17e:	756e                	ld	a0,248(sp)
 180:	742d                	lui	s0,0xfffeb
 182:	636c6f6f          	jal	t5,c67b8 <__heap_size+0xa67b8>
 186:	6168                	ld	a0,192(a0)
 188:	6e69                	lui	t3,0x1a
 18a:	6975622f          	.insn	4, 0x6975622f
 18e:	646c                	ld	a1,200(s0)
 190:	6975622f          	.insn	4, 0x6975622f
 194:	646c                	ld	a1,200(s0)
 196:	672d                	lui	a4,0xb
 198:	6e2d6363          	bltu	s10,sp,87e <__stack_align+0x86e>
 19c:	7765                	lui	a4,0xffff9
 19e:	696c                	ld	a1,208(a0)
 1a0:	2d62                	fld	fs10,24(sp)
 1a2:	67617473          	csrrci	s0,0x676,2
 1a6:	3265                	addiw	tp,tp,-7 # ffffffffffff7ff9 <__heap_end+0xffffffff7ffd2ff9>
 1a8:	7369722f          	.insn	4, 0x7369722f
 1ac:	34367663          	bgeu	a2,gp,4f8 <__stack_align+0x4e8>
 1b0:	752d                	lui	a0,0xfffeb
 1b2:	6b6e                	ld	s6,216(sp)
 1b4:	6f6e                	ld	t5,216(sp)
 1b6:	652d6e77          	.insn	4, 0x652d6e77
 1ba:	666c                	ld	a1,200(a2)
 1bc:	62696c2f          	.insn	4, 0x62696c2f
 1c0:	00636367          	.insn	4, 0x00636367
 1c4:	2e2e                	fld	ft8,200(sp)
 1c6:	2f2e2e2f          	.insn	4, 0x2f2e2e2f
 1ca:	2e2e                	fld	ft8,200(sp)
 1cc:	2f2e2e2f          	.insn	4, 0x2f2e2e2f
 1d0:	2f636367          	.insn	4, 0x2f636367
 1d4:	696c                	ld	a1,208(a0)
 1d6:	6762                	ld	a4,24(sp)
 1d8:	732f6363          	bltu	t5,s2,8fe <__stack_align+0x8ee>
 1dc:	2d74666f          	jal	a2,46cb2 <__heap_size+0x26cb2>
 1e0:	7066                	.insn	2, 0x7066
 1e2:	6400                	ld	s0,8(s0)
 1e4:	6c62756f          	jal	a0,278aa <__heap_size+0x78aa>
 1e8:	2e65                	addiw	t3,t3,25 # 1a019 <__stack_size+0x12019>
 1ea:	0068                	addi	a0,sp,12
 1ec:	7571                	lui	a0,0xffffc
 1ee:	6461                	lui	s0,0x18
 1f0:	682e                	ld	a6,200(sp)
 1f2:	2f00                	fld	fs0,24(a4)
 1f4:	6f68                	ld	a0,216(a4)
 1f6:	656d                	lui	a0,0x1b
 1f8:	6b6a682f          	.insn	4, 0x6b6a682f
 1fc:	2f6e6f77          	.insn	4, 0x2f6e6f77
 200:	70696863          	bltu	s2,t1,910 <__stack_align+0x900>
 204:	6179                	addi	sp,sp,464
 206:	6472                	ld	s0,280(sp)
 208:	6f6f742f          	.insn	4, 0x6f6f742f
 20c:	636c                	ld	a1,192(a4)
 20e:	6168                	ld	a0,192(a0)
 210:	6e69                	lui	t3,0x1a
 212:	696c2f73          	csrrs	t5,0x696,s8
 216:	6762                	ld	a4,24(sp)
 218:	6f6c                	ld	a1,216(a4)
 21a:	622f7373          	csrrci	t1,0x622,30
 21e:	6975                	lui	s2,0x1d
 220:	646c                	ld	a1,200(s0)
 222:	2e00                	fld	fs0,24(a2)
 224:	2f2e                	fld	ft10,200(sp)
 226:	2f737973          	csrrci	s2,0x2f7,6
 22a:	736f6c63          	bltu	t5,s6,962 <__stack_align+0x952>
 22e:	2e65                	addiw	t3,t3,25 # 1a019 <__stack_size+0x12019>
 230:	2e2e0063          	beq	t3,sp,510 <__stack_align+0x500>
 234:	7379732f          	.insn	4, 0x7379732f
 238:	2f00                	fld	fs0,24(a4)
 23a:	6f68                	ld	a0,216(a4)
 23c:	656d                	lui	a0,0x1b
 23e:	6b6a682f          	.insn	4, 0x6b6a682f
 242:	2f6e6f77          	.insn	4, 0x2f6e6f77
 246:	70696863          	bltu	s2,t1,956 <__stack_align+0x946>
 24a:	6179                	addi	sp,sp,464
 24c:	6472                	ld	s0,280(sp)
 24e:	6f632e2f          	.insn	4, 0x6f632e2f
 252:	646e                	ld	s0,216(sp)
 254:	2d61                	addiw	s10,s10,24 # 19018 <__stack_size+0x11018>
 256:	6e65                	lui	t3,0x19
 258:	2f76                	fld	ft10,344(sp)
 25a:	6972                	ld	s2,280(sp)
 25c:	2d766373          	csrrsi	t1,0x2d7,12
 260:	6f74                	ld	a3,216(a4)
 262:	2f736c6f          	jal	s8,36d58 <__heap_size+0x16d58>
 266:	6972                	ld	s2,280(sp)
 268:	36766373          	csrrsi	t1,0x367,12
 26c:	2d34                	fld	fa3,88(a0)
 26e:	6e75                	lui	t3,0x1d
 270:	776f6e6b          	.insn	4, 0x776f6e6b
 274:	2d6e                	fld	fs10,216(sp)
 276:	6c65                	lui	s8,0x19
 278:	2f66                	fld	ft10,88(sp)
 27a:	6e69                	lui	t3,0x1a
 27c:	64756c63          	bltu	a0,t2,8d4 <__stack_align+0x8c4>
 280:	2f65                	addiw	t5,t5,25 # 1a019 <__stack_size+0x12019>
 282:	00737973          	csrrci	s2,0x7,6
 286:	7265                	lui	tp,0xffff9
 288:	6e72                	ld	t3,280(sp)
 28a:	00682e6f          	jal	t3,82290 <__heap_size+0x62290>
 28e:	2e2e                	fld	ft8,200(sp)
 290:	7379732f          	.insn	4, 0x7379732f
 294:	6978652f          	.insn	4, 0x6978652f
 298:	2e74                	fld	fa3,216(a2)
 29a:	682f0063          	beq	t5,sp,91a <__stack_align+0x90a>
 29e:	2f656d6f          	jal	s10,56594 <__heap_size+0x36594>
 2a2:	6a68                	ld	a0,208(a2)
 2a4:	6e6f776b          	.insn	4, 0x6e6f776b
 2a8:	6968632f          	.insn	4, 0x6968632f
 2ac:	7970                	ld	a2,240(a0)
 2ae:	7261                	lui	tp,0xffff8
 2b0:	2f64                	fld	fs1,216(a4)
 2b2:	632e                	ld	t1,200(sp)
 2b4:	61646e6f          	jal	t3,468ca <__heap_size+0x268ca>
 2b8:	652d                	lui	a0,0xb
 2ba:	766e                	ld	a2,248(sp)
 2bc:	7369722f          	.insn	4, 0x7369722f
 2c0:	742d7663          	bgeu	s10,sp,a0c <__stack_align+0x9fc>
 2c4:	736c6f6f          	jal	t5,c69fa <__heap_size+0xa69fa>
 2c8:	7369722f          	.insn	4, 0x7369722f
 2cc:	34367663          	bgeu	a2,gp,618 <__stack_align+0x608>
 2d0:	752d                	lui	a0,0xfffeb
 2d2:	6b6e                	ld	s6,216(sp)
 2d4:	6f6e                	ld	t5,216(sp)
 2d6:	652d6e77          	.insn	4, 0x652d6e77
 2da:	666c                	ld	a1,200(a2)
 2dc:	636e692f          	.insn	4, 0x636e692f
 2e0:	756c                	ld	a1,232(a0)
 2e2:	6564                	ld	s1,200(a0)
 2e4:	63616d2f          	.insn	4, 0x63616d2f
 2e8:	6968                	ld	a0,208(a0)
 2ea:	656e                	ld	a0,216(sp)
 2ec:	2e00                	fld	fs0,24(a2)
 2ee:	2f2e                	fld	ft10,200(sp)
 2f0:	6e69                	lui	t3,0x1a
 2f2:	64756c63          	bltu	a0,t2,94a <__stack_align+0x93a>
 2f6:	0065                	c.nop	25
 2f8:	645f 6665 7561      	.insn	6, 0x75616665645f
 2fe:	746c                	ld	a1,232(s0)
 300:	745f 7079 7365      	.insn	6, 0x73657079745f
 306:	682e                	ld	a6,200(sp)
 308:	5f00                	lw	s0,56(a4)
 30a:	69647473          	csrrci	s0,0x696,8
 30e:	746e                	ld	s0,248(sp)
 310:	682e                	ld	a6,200(sp)
 312:	6800                	ld	s0,16(s0)
 314:	6974                	ld	a3,208(a0)
 316:	2e66                	fld	ft8,88(sp)
 318:	0068                	addi	a0,sp,12
 31a:	2e2e                	fld	ft8,200(sp)
 31c:	7379732f          	.insn	4, 0x7379732f
 320:	7473662f          	.insn	4, 0x7473662f
 324:	7461                	lui	s0,0xffff8
 326:	632e                	ld	t1,200(sp)
 328:	5f00                	lw	s0,56(a4)
 32a:	6974                	ld	a3,208(a0)
 32c:	656d                	lui	a0,0x1b
 32e:	63657073          	csrci	0x636,10
 332:	682e                	ld	a6,200(sp)
 334:	7300                	ld	s0,32(a4)
 336:	6174                	ld	a3,192(a0)
 338:	2e74                	fld	fa3,216(a2)
 33a:	0068                	addi	a0,sp,12
 33c:	2e2e                	fld	ft8,200(sp)
 33e:	7379732f          	.insn	4, 0x7379732f
 342:	7465672f          	.insn	4, 0x7465672f
 346:	6970                	ld	a2,208(a0)
 348:	2e64                	fld	fs1,216(a2)
 34a:	2e2e0063          	beq	t3,sp,62a <__stack_align+0x61a>
 34e:	7379732f          	.insn	4, 0x7379732f
 352:	6173692f          	.insn	4, 0x6173692f
 356:	7474                	ld	a3,232(s0)
 358:	2e79                	addiw	t3,t3,30 # 1a01e <__stack_size+0x1201e>
 35a:	2e2e0063          	beq	t3,sp,63a <__stack_align+0x62a>
 35e:	7379732f          	.insn	4, 0x7379732f
 362:	6c696b2f          	.insn	4, 0x6c696b2f
 366:	2e6c                	fld	fa1,216(a2)
 368:	2e2e0063          	beq	t3,sp,648 <__stack_align+0x638>
 36c:	7379732f          	.insn	4, 0x7379732f
 370:	65736c2f          	.insn	4, 0x65736c2f
 374:	6b65                	lui	s6,0x19
 376:	632e                	ld	t1,200(sp)
 378:	2e00                	fld	fs0,24(a2)
 37a:	2f2e                	fld	ft10,200(sp)
 37c:	2f737973          	csrrci	s2,0x2f7,6
 380:	6572                	ld	a0,280(sp)
 382:	6461                	lui	s0,0x18
 384:	632e                	ld	t1,200(sp)
 386:	2f00                	fld	fs0,24(a4)
 388:	6f68                	ld	a0,216(a4)
 38a:	656d                	lui	a0,0x1b
 38c:	6b6a682f          	.insn	4, 0x6b6a682f
 390:	2f6e6f77          	.insn	4, 0x2f6e6f77
 394:	70696863          	bltu	s2,t1,aa4 <__stack_align+0xa94>
 398:	6179                	addi	sp,sp,464
 39a:	6472                	ld	s0,280(sp)
 39c:	6f632e2f          	.insn	4, 0x6f632e2f
 3a0:	646e                	ld	s0,216(sp)
 3a2:	2d61                	addiw	s10,s10,24
 3a4:	6e65                	lui	t3,0x19
 3a6:	2f76                	fld	ft10,344(sp)
 3a8:	6972                	ld	s2,280(sp)
 3aa:	2d766373          	csrrsi	t1,0x2d7,12
 3ae:	6f74                	ld	a3,216(a4)
 3b0:	2f736c6f          	jal	s8,36ea6 <__heap_size+0x16ea6>
 3b4:	696c                	ld	a1,208(a0)
 3b6:	2f62                	fld	ft10,24(sp)
 3b8:	2f636367          	.insn	4, 0x2f636367
 3bc:	6972                	ld	s2,280(sp)
 3be:	36766373          	csrrsi	t1,0x367,12
 3c2:	2d34                	fld	fa3,88(a0)
 3c4:	6e75                	lui	t3,0x1d
 3c6:	776f6e6b          	.insn	4, 0x776f6e6b
 3ca:	2d6e                	fld	fs10,216(sp)
 3cc:	6c65                	lui	s8,0x19
 3ce:	2f66                	fld	ft10,88(sp)
 3d0:	3331                	addiw	t1,t1,-20 # ffffffffffff7fec <__heap_end+0xffffffff7ffd2fec>
 3d2:	322e                	fld	ft4,232(sp)
 3d4:	302e                	fld	ft0,232(sp)
 3d6:	636e692f          	.insn	4, 0x636e692f
 3da:	756c                	ld	a1,232(a0)
 3dc:	6564                	ld	s1,200(a0)
 3de:	7300                	ld	s0,32(a4)
 3e0:	6474                	ld	a3,200(s0)
 3e2:	6564                	ld	s1,200(a0)
 3e4:	2e66                	fld	ft8,88(sp)
 3e6:	0068                	addi	a0,sp,12
 3e8:	2e2e                	fld	ft8,200(sp)
 3ea:	7379732f          	.insn	4, 0x7379732f
 3ee:	7262732f          	.insn	4, 0x7262732f
 3f2:	00632e6b          	.insn	4, 0x00632e6b
 3f6:	2e2e                	fld	ft8,200(sp)
 3f8:	7379732f          	.insn	4, 0x7379732f
 3fc:	6972772f          	.insn	4, 0x6972772f
 400:	6574                	ld	a3,200(a0)
 402:	632e                	ld	t1,200(sp)
 404:	2e00                	fld	fs0,24(a2)
 406:	2f2e                	fld	ft10,200(sp)
 408:	696d                	lui	s2,0x1b
 40a:	63006373          	csrrsi	t1,0x630,0
 40e:	7472                	ld	s0,312(sp)
 410:	2e30                	fld	fa2,88(a2)
 412:	72630053          	.insn	4, 0x72630053
 416:	6d74                	ld	a3,216(a0)
 418:	6961                	lui	s2,0x18
 41a:	2e6e                	fld	ft8,216(sp)
 41c:	2e2e0053          	.insn	4, 0x2e2e0053
 420:	73696d2f          	.insn	4, 0x73696d2f
 424:	72742f63          	.insn	4, 0x72742f63
 428:	7061                	c.lui	zero,0xffff8
 42a:	00632e73          	csrrs	t3,0x6,t1
 42e:	63737973          	csrrci	s2,0x637,6
 432:	6c61                	lui	s8,0x18
 434:	2e6c                	fld	fa1,216(a2)
 436:	0068                	addi	a0,sp,12
 438:	2e2e                	fld	ft8,200(sp)
 43a:	73696d2f          	.insn	4, 0x73696d2f
 43e:	6c742f63          	.insn	4, 0x6c742f63
 442:	00632e73          	csrrs	t3,0x6,t1
 446:	69727473          	csrrci	s0,0x697,4
 44a:	676e                	ld	a4,216(sp)
 44c:	682e                	ld	a6,200(sp)
 44e:	2e00                	fld	fs0,24(a2)
 450:	2f2e                	fld	ft10,200(sp)
 452:	696d                	lui	s2,0x1b
 454:	6d2f6373          	csrrsi	t1,0x6d2,30
 458:	6961                	lui	s2,0x18
 45a:	2e6e                	fld	ft8,216(sp)
 45c:	2e2e0063          	beq	t3,sp,73c <__stack_align+0x72c>
 460:	73696d2f          	.insn	4, 0x73696d2f
 464:	74682f63          	.insn	4, 0x74682f63
 468:	6669                	lui	a2,0x1a
 46a:	632e                	ld	t1,200(sp)
 46c:	6100                	ld	s0,0(a0)
 46e:	6f74                	ld	a3,216(a4)
 470:	696d                	lui	s2,0x1b
 472:	00682e63          	.insn	4, 0x00682e63
 476:	6e697073          	csrci	0x6e6,18
 47a:	6f6c                	ld	a1,216(a4)
 47c:	682e6b63          	bltu	t3,sp,b12 <__stack_align+0xb02>
	...

Disassembly of section .comment:

0000000000000000 <.comment>:
   0:	3a434347          	fmsub.d	ft6,ft6,ft4,ft7,rmm
   4:	2820                	fld	fs0,80(s0)
   6:	39386367          	.insn	4, 0x39386367
   a:	6431                	lui	s0,0xc
   c:	6438                	ld	a4,72(s0)
   e:	65333263          	.insn	4, 0x65333263
  12:	2029                	.insn	2, 0x2029
  14:	3331                	addiw	t1,t1,-20
  16:	322e                	fld	ft4,232(sp)
  18:	302e                	fld	ft0,232(sp)
  1a:	4700                	lw	s0,8(a4)
  1c:	203a4343          	fmadd.s	ft6,fs4,ft3,ft4,rmm
  20:	4728                	lw	a0,72(a4)
  22:	554e                	lw	a0,240(sp)
  24:	2029                	.insn	2, 0x2029
  26:	3331                	addiw	t1,t1,-20
  28:	322e                	fld	ft4,232(sp)
  2a:	302e                	fld	ft0,232(sp)
	...

Disassembly of section .riscv.attributes:

0000000000000000 <.riscv.attributes>:
   0:	a041                	j	80 <__stack_align+0x70>
   2:	0000                	unimp
   4:	7200                	ld	s0,32(a2)
   6:	7369                	lui	t1,0xffffa
   8:	01007663          	bgeu	zero,a6,14 <__stack_align+0x4>
   c:	0096                	slli	ra,ra,0x5
   e:	0000                	unimp
  10:	1004                	addi	s1,sp,32
  12:	7205                	lui	tp,0xfffe1
  14:	3676                	fld	fa2,376(sp)
  16:	6934                	ld	a3,80(a0)
  18:	7032                	.insn	2, 0x7032
  1a:	5f31                	li	t5,-20
  1c:	326d                	addiw	tp,tp,-5 # fffffffffffe0ffb <__heap_end+0xffffffff7ffbbffb>
  1e:	3070                	fld	fa2,224(s0)
  20:	615f 7032 5f31      	.insn	6, 0x5f317032615f
  26:	3266                	fld	ft4,120(sp)
  28:	3270                	fld	fa2,224(a2)
  2a:	645f 7032 5f32      	.insn	6, 0x5f327032645f
  30:	30703263          	.insn	4, 0x30703263
  34:	765f 7031 5f30      	.insn	6, 0x5f307031765f
  3a:	697a                	ld	s2,408(sp)
  3c:	32727363          	bgeu	tp,t2,362 <__stack_align+0x352>
  40:	3070                	fld	fa2,224(s0)
  42:	7a5f 6d6d 6c75      	.insn	6, 0x6c756d6d7a5f
  48:	7031                	c.lui	zero,0xfffec
  4a:	5f30                	lw	a2,120(a4)
  4c:	767a                	ld	a2,440(sp)
  4e:	3365                	addiw	t1,t1,-7 # ffffffffffff9ff9 <__heap_end+0xffffffff7ffd4ff9>
  50:	6632                	ld	a2,264(sp)
  52:	7031                	c.lui	zero,0xfffec
  54:	5f30                	lw	a2,120(a4)
  56:	767a                	ld	a2,440(sp)
  58:	3365                	addiw	t1,t1,-7
  5a:	7832                	ld	a6,296(sp)
  5c:	7031                	c.lui	zero,0xfffec
  5e:	5f30                	lw	a2,120(a4)
  60:	767a                	ld	a2,440(sp)
  62:	3665                	addiw	a2,a2,-7 # 19ff9 <__stack_size+0x11ff9>
  64:	6434                	ld	a3,72(s0)
  66:	7031                	c.lui	zero,0xfffec
  68:	5f30                	lw	a2,120(a4)
  6a:	767a                	ld	a2,440(sp)
  6c:	3665                	addiw	a2,a2,-7
  6e:	6634                	ld	a3,72(a2)
  70:	7031                	c.lui	zero,0xfffec
  72:	5f30                	lw	a2,120(a4)
  74:	767a                	ld	a2,440(sp)
  76:	3665                	addiw	a2,a2,-7
  78:	7834                	ld	a3,112(s0)
  7a:	7031                	c.lui	zero,0xfffec
  7c:	5f30                	lw	a2,120(a4)
  7e:	767a                	ld	a2,440(sp)
  80:	316c                	fld	fa1,224(a0)
  82:	3832                	fld	fa6,296(sp)
  84:	3162                	fld	ft2,56(sp)
  86:	3070                	fld	fa2,224(s0)
  88:	7a5f 6c76 3233      	.insn	6, 0x32336c767a5f
  8e:	3162                	fld	ft2,56(sp)
  90:	3070                	fld	fa2,224(s0)
  92:	7a5f 6c76 3436      	.insn	6, 0x34366c767a5f
  98:	3162                	fld	ft2,56(sp)
  9a:	3070                	fld	fa2,224(s0)
  9c:	0800                	addi	s0,sp,16
  9e:	0a01                	addi	s4,s4,0 # ffffffffffffa000 <__heap_end+0xffffffff7ffd5000>
  a0:	Address 0xa0 is out of bounds.


Disassembly of section .debug_frame:

0000000000000000 <.debug_frame>:
   0:	000c                	.insn	2, 0x000c
   2:	0000                	unimp
   4:	ffff                	.insn	2, 0xffff
   6:	ffff                	.insn	2, 0xffff
   8:	7c010003          	lb	zero,1984(sp)
   c:	0d01                	addi	s10,s10,0
   e:	0002                	c.slli64	zero
  10:	0044                	addi	s1,sp,4
  12:	0000                	unimp
  14:	0000                	unimp
  16:	0000                	unimp
  18:	0230                	addi	a2,sp,264
  1a:	8000                	.insn	2, 0x8000
  1c:	0000                	unimp
  1e:	0000                	unimp
  20:	016c                	addi	a1,sp,140
  22:	0000                	unimp
  24:	0000                	unimp
  26:	0000                	unimp
  28:	0e44                	addi	s1,sp,788
  2a:	01d0                	addi	a2,sp,196
  2c:	8164                	.insn	2, 0x8164
  2e:	8802                	jr	a6
  30:	8904                	.insn	2, 0x8904
  32:	9206                	add	tp,tp,ra
  34:	9308                	.insn	2, 0x9308
  36:	940a                	add	s0,s0,sp
  38:	950c                	.insn	2, 0x950c
  3a:	960e                	add	a2,a2,gp
  3c:	0310                	addi	a2,sp,384
  3e:	011c                	addi	a5,sp,128
  40:	44c1                	li	s1,16
  42:	44c8                	lw	a0,12(s1)
  44:	44c9                	li	s1,18
  46:	44d2                	lw	s1,20(sp)
  48:	44d444d3          	.insn	4, 0x44d444d3
  4c:	44d5                	li	s1,21
  4e:	48d6                	lw	a7,84(sp)
  50:	000e                	c.slli	zero,0x3
  52:	0000                	unimp
  54:	0000                	unimp
  56:	0000                	unimp
  58:	000c                	.insn	2, 0x000c
  5a:	0000                	unimp
  5c:	ffff                	.insn	2, 0xffff
  5e:	ffff                	.insn	2, 0xffff
  60:	7c010003          	lb	zero,1984(sp)
  64:	0d01                	addi	s10,s10,0
  66:	0002                	c.slli64	zero
  68:	0014                	.insn	2, 0x0014
  6a:	0000                	unimp
  6c:	0058                	addi	a4,sp,4
  6e:	0000                	unimp
  70:	3bdc                	fld	fa5,176(a5)
  72:	8000                	.insn	2, 0x8000
  74:	0000                	unimp
  76:	0000                	unimp
  78:	0220                	addi	s0,sp,264
  7a:	0000                	unimp
  7c:	0000                	unimp
  7e:	0000                	unimp
  80:	000c                	.insn	2, 0x000c
  82:	0000                	unimp
  84:	ffff                	.insn	2, 0xffff
  86:	ffff                	.insn	2, 0xffff
  88:	7c010003          	lb	zero,1984(sp)
  8c:	0d01                	addi	s10,s10,0
  8e:	0002                	c.slli64	zero
  90:	0024                	addi	s1,sp,8
  92:	0000                	unimp
  94:	0080                	addi	s0,sp,64
  96:	0000                	unimp
  98:	3dfc                	fld	fa5,248(a1)
  9a:	8000                	.insn	2, 0x8000
  9c:	0000                	unimp
  9e:	0000                	unimp
  a0:	0014                	.insn	2, 0x0014
  a2:	0000                	unimp
  a4:	0000                	unimp
  a6:	0000                	unimp
  a8:	0e42                	slli	t3,t3,0x10
  aa:	4210                	lw	a2,0(a2)
  ac:	0281                	addi	t0,t0,0
  ae:	c146                	sw	a7,128(sp)
  b0:	0e48                	addi	a0,sp,788
  b2:	0000                	unimp
  b4:	0000                	unimp
  b6:	0000                	unimp
  b8:	000c                	.insn	2, 0x000c
  ba:	0000                	unimp
  bc:	ffff                	.insn	2, 0xffff
  be:	ffff                	.insn	2, 0xffff
  c0:	7c010003          	lb	zero,1984(sp)
  c4:	0d01                	addi	s10,s10,0
  c6:	0002                	c.slli64	zero
  c8:	0014                	.insn	2, 0x0014
  ca:	0000                	unimp
  cc:	00b8                	addi	a4,sp,72
  ce:	0000                	unimp
  d0:	3e10                	fld	fa2,56(a2)
  d2:	8000                	.insn	2, 0x8000
  d4:	0000                	unimp
  d6:	0000                	unimp
  d8:	0022                	c.slli	zero,0x8
  da:	0000                	unimp
  dc:	0000                	unimp
  de:	0000                	unimp
  e0:	000c                	.insn	2, 0x000c
  e2:	0000                	unimp
  e4:	ffff                	.insn	2, 0xffff
  e6:	ffff                	.insn	2, 0xffff
  e8:	7c010003          	lb	zero,1984(sp)
  ec:	0d01                	addi	s10,s10,0
  ee:	0002                	c.slli64	zero
  f0:	0024                	addi	s1,sp,8
  f2:	0000                	unimp
  f4:	00e0                	addi	s0,sp,76
  f6:	0000                	unimp
  f8:	3e32                	fld	ft8,296(sp)
  fa:	8000                	.insn	2, 0x8000
  fc:	0000                	unimp
  fe:	0000                	unimp
 100:	0014                	.insn	2, 0x0014
 102:	0000                	unimp
 104:	0000                	unimp
 106:	0000                	unimp
 108:	0e42                	slli	t3,t3,0x10
 10a:	4210                	lw	a2,0(a2)
 10c:	0281                	addi	t0,t0,0
 10e:	c146                	sw	a7,128(sp)
 110:	0e48                	addi	a0,sp,788
 112:	0000                	unimp
 114:	0000                	unimp
 116:	0000                	unimp
 118:	000c                	.insn	2, 0x000c
 11a:	0000                	unimp
 11c:	ffff                	.insn	2, 0xffff
 11e:	ffff                	.insn	2, 0xffff
 120:	7c010003          	lb	zero,1984(sp)
 124:	0d01                	addi	s10,s10,0
 126:	0002                	c.slli64	zero
 128:	0014                	.insn	2, 0x0014
 12a:	0000                	unimp
 12c:	0118                	addi	a4,sp,128
 12e:	0000                	unimp
 130:	3e46                	fld	ft8,112(sp)
 132:	8000                	.insn	2, 0x8000
 134:	0000                	unimp
 136:	0000                	unimp
 138:	0004                	.insn	2, 0x0004
 13a:	0000                	unimp
 13c:	0000                	unimp
 13e:	0000                	unimp
 140:	000c                	.insn	2, 0x000c
 142:	0000                	unimp
 144:	ffff                	.insn	2, 0xffff
 146:	ffff                	.insn	2, 0xffff
 148:	7c010003          	lb	zero,1984(sp)
 14c:	0d01                	addi	s10,s10,0
 14e:	0002                	c.slli64	zero
 150:	0014                	.insn	2, 0x0014
 152:	0000                	unimp
 154:	0140                	addi	s0,sp,132
 156:	0000                	unimp
 158:	3e4a                	fld	ft8,176(sp)
 15a:	8000                	.insn	2, 0x8000
 15c:	0000                	unimp
 15e:	0000                	unimp
 160:	0008                	.insn	2, 0x0008
 162:	0000                	unimp
 164:	0000                	unimp
 166:	0000                	unimp
 168:	000c                	.insn	2, 0x000c
 16a:	0000                	unimp
 16c:	ffff                	.insn	2, 0xffff
 16e:	ffff                	.insn	2, 0xffff
 170:	7c010003          	lb	zero,1984(sp)
 174:	0d01                	addi	s10,s10,0
 176:	0002                	c.slli64	zero
 178:	0024                	addi	s1,sp,8
 17a:	0000                	unimp
 17c:	0168                	addi	a0,sp,140
 17e:	0000                	unimp
 180:	3e52                	fld	ft8,304(sp)
 182:	8000                	.insn	2, 0x8000
 184:	0000                	unimp
 186:	0000                	unimp
 188:	0014                	.insn	2, 0x0014
 18a:	0000                	unimp
 18c:	0000                	unimp
 18e:	0000                	unimp
 190:	0e42                	slli	t3,t3,0x10
 192:	4210                	lw	a2,0(a2)
 194:	0281                	addi	t0,t0,0
 196:	c146                	sw	a7,128(sp)
 198:	0e48                	addi	a0,sp,788
 19a:	0000                	unimp
 19c:	0000                	unimp
 19e:	0000                	unimp
 1a0:	000c                	.insn	2, 0x000c
 1a2:	0000                	unimp
 1a4:	ffff                	.insn	2, 0xffff
 1a6:	ffff                	.insn	2, 0xffff
 1a8:	7c010003          	lb	zero,1984(sp)
 1ac:	0d01                	addi	s10,s10,0
 1ae:	0002                	c.slli64	zero
 1b0:	0024                	addi	s1,sp,8
 1b2:	0000                	unimp
 1b4:	01a0                	addi	s0,sp,200
 1b6:	0000                	unimp
 1b8:	3e66                	fld	ft8,120(sp)
 1ba:	8000                	.insn	2, 0x8000
 1bc:	0000                	unimp
 1be:	0000                	unimp
 1c0:	0014                	.insn	2, 0x0014
 1c2:	0000                	unimp
 1c4:	0000                	unimp
 1c6:	0000                	unimp
 1c8:	0e42                	slli	t3,t3,0x10
 1ca:	4210                	lw	a2,0(a2)
 1cc:	0281                	addi	t0,t0,0
 1ce:	c146                	sw	a7,128(sp)
 1d0:	0e48                	addi	a0,sp,788
 1d2:	0000                	unimp
 1d4:	0000                	unimp
 1d6:	0000                	unimp
 1d8:	000c                	.insn	2, 0x000c
 1da:	0000                	unimp
 1dc:	ffff                	.insn	2, 0xffff
 1de:	ffff                	.insn	2, 0xffff
 1e0:	7c010003          	lb	zero,1984(sp)
 1e4:	0d01                	addi	s10,s10,0
 1e6:	0002                	c.slli64	zero
 1e8:	0024                	addi	s1,sp,8
 1ea:	0000                	unimp
 1ec:	01d8                	addi	a4,sp,196
 1ee:	0000                	unimp
 1f0:	3e7a                	fld	ft8,440(sp)
 1f2:	8000                	.insn	2, 0x8000
 1f4:	0000                	unimp
 1f6:	0000                	unimp
 1f8:	0016                	c.slli	zero,0x5
 1fa:	0000                	unimp
 1fc:	0000                	unimp
 1fe:	0000                	unimp
 200:	0e42                	slli	t3,t3,0x10
 202:	4210                	lw	a2,0(a2)
 204:	0281                	addi	t0,t0,0
 206:	c146                	sw	a7,128(sp)
 208:	0e4a                	slli	t3,t3,0x12
 20a:	0000                	unimp
 20c:	0000                	unimp
 20e:	0000                	unimp
 210:	000c                	.insn	2, 0x000c
 212:	0000                	unimp
 214:	ffff                	.insn	2, 0xffff
 216:	ffff                	.insn	2, 0xffff
 218:	7c010003          	lb	zero,1984(sp)
 21c:	0d01                	addi	s10,s10,0
 21e:	0002                	c.slli64	zero
 220:	0024                	addi	s1,sp,8
 222:	0000                	unimp
 224:	0210                	addi	a2,sp,256
 226:	0000                	unimp
 228:	3e90                	fld	fa2,56(a3)
 22a:	8000                	.insn	2, 0x8000
 22c:	0000                	unimp
 22e:	0000                	unimp
 230:	003c                	addi	a5,sp,8
 232:	0000                	unimp
 234:	0000                	unimp
 236:	0000                	unimp
 238:	0e68                	addi	a0,sp,796
 23a:	4210                	lw	a2,0(a2)
 23c:	0281                	addi	t0,t0,0
 23e:	c146                	sw	a7,128(sp)
 240:	0e4a                	slli	t3,t3,0x12
 242:	0000                	unimp
 244:	0000                	unimp
 246:	0000                	unimp
 248:	000c                	.insn	2, 0x000c
 24a:	0000                	unimp
 24c:	ffff                	.insn	2, 0xffff
 24e:	ffff                	.insn	2, 0xffff
 250:	7c010003          	lb	zero,1984(sp)
 254:	0d01                	addi	s10,s10,0
 256:	0002                	c.slli64	zero
 258:	0014                	.insn	2, 0x0014
 25a:	0000                	unimp
 25c:	0248                	addi	a0,sp,260
 25e:	0000                	unimp
 260:	3ecc                	fld	fa1,184(a3)
 262:	8000                	.insn	2, 0x8000
 264:	0000                	unimp
 266:	0000                	unimp
 268:	0006                	c.slli	zero,0x1
 26a:	0000                	unimp
 26c:	0000                	unimp
 26e:	0000                	unimp
 270:	000c                	.insn	2, 0x000c
 272:	0000                	unimp
 274:	ffff                	.insn	2, 0xffff
 276:	ffff                	.insn	2, 0xffff
 278:	7c010003          	lb	zero,1984(sp)
 27c:	0d01                	addi	s10,s10,0
 27e:	0002                	c.slli64	zero
 280:	001c                	.insn	2, 0x001c
 282:	0000                	unimp
 284:	0270                	addi	a2,sp,268
 286:	0000                	unimp
 288:	3ed2                	fld	ft9,304(sp)
 28a:	8000                	.insn	2, 0x8000
 28c:	0000                	unimp
 28e:	0000                	unimp
 290:	0016                	c.slli	zero,0x5
 292:	0000                	unimp
 294:	0000                	unimp
 296:	0000                	unimp
 298:	0e42                	slli	t3,t3,0x10
 29a:	4610                	lw	a2,8(a2)
 29c:	0281                	addi	t0,t0,0
 29e:	0000                	unimp
 2a0:	000c                	.insn	2, 0x000c
 2a2:	0000                	unimp
 2a4:	ffff                	.insn	2, 0xffff
 2a6:	ffff                	.insn	2, 0xffff
 2a8:	7c010003          	lb	zero,1984(sp)
 2ac:	0d01                	addi	s10,s10,0
 2ae:	0002                	c.slli64	zero
 2b0:	0024                	addi	s1,sp,8
 2b2:	0000                	unimp
 2b4:	02a0                	addi	s0,sp,328
 2b6:	0000                	unimp
 2b8:	3ee8                	fld	fa0,248(a3)
 2ba:	8000                	.insn	2, 0x8000
 2bc:	0000                	unimp
 2be:	0000                	unimp
 2c0:	0030                	addi	a2,sp,8
 2c2:	0000                	unimp
 2c4:	0000                	unimp
 2c6:	0000                	unimp
 2c8:	0e42                	slli	t3,t3,0x10
 2ca:	5210                	lw	a2,32(a2)
 2cc:	0488                	addi	a0,sp,576
 2ce:	0281                	addi	t0,t0,0
 2d0:	c84e                	sw	s3,16(sp)
 2d2:	c142                	sw	a6,128(sp)
 2d4:	0e48                	addi	a0,sp,788
 2d6:	0000                	unimp
 2d8:	000c                	.insn	2, 0x000c
 2da:	0000                	unimp
 2dc:	ffff                	.insn	2, 0xffff
 2de:	ffff                	.insn	2, 0xffff
 2e0:	7c010003          	lb	zero,1984(sp)
 2e4:	0d01                	addi	s10,s10,0
 2e6:	0002                	c.slli64	zero
 2e8:	0014                	.insn	2, 0x0014
 2ea:	0000                	unimp
 2ec:	02d8                	addi	a4,sp,324
 2ee:	0000                	unimp
 2f0:	3f18                	fld	fa4,56(a4)
 2f2:	8000                	.insn	2, 0x8000
 2f4:	0000                	unimp
 2f6:	0000                	unimp
 2f8:	0006                	c.slli	zero,0x1
 2fa:	0000                	unimp
 2fc:	0000                	unimp
 2fe:	0000                	unimp
 300:	000c                	.insn	2, 0x000c
 302:	0000                	unimp
 304:	ffff                	.insn	2, 0xffff
 306:	ffff                	.insn	2, 0xffff
 308:	7c010003          	lb	zero,1984(sp)
 30c:	0d01                	addi	s10,s10,0
 30e:	0002                	c.slli64	zero
 310:	001c                	.insn	2, 0x001c
 312:	0000                	unimp
 314:	0300                	addi	s0,sp,384
 316:	0000                	unimp
 318:	3f1e                	fld	ft10,480(sp)
 31a:	8000                	.insn	2, 0x8000
 31c:	0000                	unimp
 31e:	0000                	unimp
 320:	004c                	addi	a1,sp,4
 322:	0000                	unimp
 324:	0000                	unimp
 326:	0000                	unimp
 328:	0e42                	slli	t3,t3,0x10
 32a:	0240                	addi	s0,sp,260
 32c:	0e48                	addi	a0,sp,788
	...
