
/home/hjkwon/chipyard/generators/velasaturn/software/build/vfpid_4d.riscv:     file format elf64-littleriscv


Disassembly of section .text:

0000000080000000 <_start>:
    80000000:	4081                	li	ra,0
    80000002:	4101                	li	sp,0
    80000004:	4181                	li	gp,0
    80000006:	4201                	li	tp,0
    80000008:	4281                	li	t0,0
    8000000a:	4301                	li	t1,0
    8000000c:	4381                	li	t2,0
    8000000e:	4401                	li	s0,0
    80000010:	4481                	li	s1,0
    80000012:	4501                	li	a0,0
    80000014:	4581                	li	a1,0
    80000016:	4601                	li	a2,0
    80000018:	4681                	li	a3,0
    8000001a:	4701                	li	a4,0
    8000001c:	4781                	li	a5,0
    8000001e:	4801                	li	a6,0
    80000020:	4881                	li	a7,0
    80000022:	4901                	li	s2,0
    80000024:	4981                	li	s3,0
    80000026:	4a01                	li	s4,0
    80000028:	4a81                	li	s5,0
    8000002a:	4b01                	li	s6,0
    8000002c:	4b81                	li	s7,0
    8000002e:	4c01                	li	s8,0
    80000030:	4c81                	li	s9,0
    80000032:	4d01                	li	s10,0
    80000034:	4d81                	li	s11,0
    80000036:	4e01                	li	t3,0
    80000038:	4e81                	li	t4,0
    8000003a:	4f01                	li	t5,0
    8000003c:	4f81                	li	t6,0
    8000003e:	62f9                	lui	t0,0x1e
    80000040:	6002829b          	addiw	t0,t0,1536 # 1e600 <__stack_size+0x16600>
    80000044:	3002a073          	csrs	mstatus,t0
    80000048:	00000297          	auipc	t0,0x0
    8000004c:	09028293          	addi	t0,t0,144 # 800000d8 <_start+0xd8>
    80000050:	30529073          	csrw	mtvec,t0
    80000054:	00301073          	fscsr	zero
    80000058:	f0000053          	fmv.w.x	ft0,zero
    8000005c:	f00000d3          	fmv.w.x	ft1,zero
    80000060:	f0000153          	fmv.w.x	ft2,zero
    80000064:	f00001d3          	fmv.w.x	ft3,zero
    80000068:	f0000253          	fmv.w.x	ft4,zero
    8000006c:	f00002d3          	fmv.w.x	ft5,zero
    80000070:	f0000353          	fmv.w.x	ft6,zero
    80000074:	f00003d3          	fmv.w.x	ft7,zero
    80000078:	f0000453          	fmv.w.x	fs0,zero
    8000007c:	f00004d3          	fmv.w.x	fs1,zero
    80000080:	f0000553          	fmv.w.x	fa0,zero
    80000084:	f00005d3          	fmv.w.x	fa1,zero
    80000088:	f0000653          	fmv.w.x	fa2,zero
    8000008c:	f00006d3          	fmv.w.x	fa3,zero
    80000090:	f0000753          	fmv.w.x	fa4,zero
    80000094:	f00007d3          	fmv.w.x	fa5,zero
    80000098:	f0000853          	fmv.w.x	fa6,zero
    8000009c:	f00008d3          	fmv.w.x	fa7,zero
    800000a0:	f0000953          	fmv.w.x	fs2,zero
    800000a4:	f00009d3          	fmv.w.x	fs3,zero
    800000a8:	f0000a53          	fmv.w.x	fs4,zero
    800000ac:	f0000ad3          	fmv.w.x	fs5,zero
    800000b0:	f0000b53          	fmv.w.x	fs6,zero
    800000b4:	f0000bd3          	fmv.w.x	fs7,zero
    800000b8:	f0000c53          	fmv.w.x	fs8,zero
    800000bc:	f0000cd3          	fmv.w.x	fs9,zero
    800000c0:	f0000d53          	fmv.w.x	fs10,zero
    800000c4:	f0000dd3          	fmv.w.x	fs11,zero
    800000c8:	f0000e53          	fmv.w.x	ft8,zero
    800000cc:	f0000ed3          	fmv.w.x	ft9,zero
    800000d0:	f0000f53          	fmv.w.x	ft10,zero
    800000d4:	f0000fd3          	fmv.w.x	ft11,zero
    800000d8:	00005197          	auipc	gp,0x5
    800000dc:	14818193          	addi	gp,gp,328 # 80005220 <__global_pointer$>
    800000e0:	f1402473          	csrr	s0,mhartid
    800000e4:	00f00293          	li	t0,15
    800000e8:	00025217          	auipc	tp,0x25
    800000ec:	f1820213          	addi	tp,tp,-232 # 80025000 <__heap_end>
    800000f0:	005412b3          	sll	t0,s0,t0
    800000f4:	9216                	add	tp,tp,t0
    800000f6:	62a1                	lui	t0,0x8
    800000f8:	00028293          	mv	t0,t0
    800000fc:	00520133          	add	sp,tp,t0
    80000100:	00000297          	auipc	t0,0x0
    80000104:	04428293          	addi	t0,t0,68 # 80000144 <trap_entry>
    80000108:	30529073          	csrw	mtvec,t0
    8000010c:	5c1030ef          	jal	80003ecc <__init_tls>
    80000110:	00000293          	li	t0,0
    80000114:	00540463          	beq	s0,t0,8000011c <_start+0x11c>
    80000118:	0f60006f          	j	8000020e <_start_secondary>
    8000011c:	87818293          	addi	t0,gp,-1928 # 80004a98 <__malloc_sbrk_start>
    80000120:	be818313          	addi	t1,gp,-1048 # 80004e08 <_end>
    80000124:	0062f763          	bgeu	t0,t1,80000132 <_start+0x132>
    80000128:	0002b023          	sd	zero,0(t0)
    8000012c:	02a1                	addi	t0,t0,8
    8000012e:	fe62ede3          	bltu	t0,t1,80000128 <_start+0x128>
    80000132:	00004517          	auipc	a0,0x4
    80000136:	eb450513          	addi	a0,a0,-332 # 80003fe6 <__libc_fini_array>
    8000013a:	615030ef          	jal	80003f4e <atexit>
    8000013e:	64b030ef          	jal	80003f88 <__libc_init_array>
    80000142:	a075                	j	800001ee <_start_main>

0000000080000144 <trap_entry>:
    80000144:	34011073          	csrw	mscratch,sp
    80000148:	7111                	addi	sp,sp,-256
    8000014a:	e406                	sd	ra,8(sp)
    8000014c:	340020f3          	csrr	ra,mscratch
    80000150:	e806                	sd	ra,16(sp)
    80000152:	ec0e                	sd	gp,24(sp)
    80000154:	f012                	sd	tp,32(sp)
    80000156:	f416                	sd	t0,40(sp)
    80000158:	f81a                	sd	t1,48(sp)
    8000015a:	fc1e                	sd	t2,56(sp)
    8000015c:	e0a2                	sd	s0,64(sp)
    8000015e:	e4a6                	sd	s1,72(sp)
    80000160:	e8aa                	sd	a0,80(sp)
    80000162:	ecae                	sd	a1,88(sp)
    80000164:	f0b2                	sd	a2,96(sp)
    80000166:	f4b6                	sd	a3,104(sp)
    80000168:	f8ba                	sd	a4,112(sp)
    8000016a:	fcbe                	sd	a5,120(sp)
    8000016c:	e142                	sd	a6,128(sp)
    8000016e:	e546                	sd	a7,136(sp)
    80000170:	e94a                	sd	s2,144(sp)
    80000172:	ed4e                	sd	s3,152(sp)
    80000174:	f152                	sd	s4,160(sp)
    80000176:	f556                	sd	s5,168(sp)
    80000178:	f95a                	sd	s6,176(sp)
    8000017a:	fd5e                	sd	s7,184(sp)
    8000017c:	e1e2                	sd	s8,192(sp)
    8000017e:	e5e6                	sd	s9,200(sp)
    80000180:	e9ea                	sd	s10,208(sp)
    80000182:	edee                	sd	s11,216(sp)
    80000184:	f1f2                	sd	t3,224(sp)
    80000186:	f5f6                	sd	t4,232(sp)
    80000188:	f9fa                	sd	t5,240(sp)
    8000018a:	fdfe                	sd	t6,248(sp)
    8000018c:	34102573          	csrr	a0,mepc
    80000190:	342025f3          	csrr	a1,mcause
    80000194:	34302673          	csrr	a2,mtval
    80000198:	868a                	mv	a3,sp
    8000019a:	51d030ef          	jal	80003eb6 <handle_trap>
    8000019e:	34151073          	csrw	mepc,a0
    800001a2:	6289                	lui	t0,0x2
    800001a4:	8002829b          	addiw	t0,t0,-2048 # 1800 <__stack_align+0x17f0>
    800001a8:	3002a073          	csrs	mstatus,t0
    800001ac:	60a2                	ld	ra,8(sp)
    800001ae:	61e2                	ld	gp,24(sp)
    800001b0:	7202                	ld	tp,32(sp)
    800001b2:	72a2                	ld	t0,40(sp)
    800001b4:	7342                	ld	t1,48(sp)
    800001b6:	73e2                	ld	t2,56(sp)
    800001b8:	6406                	ld	s0,64(sp)
    800001ba:	64a6                	ld	s1,72(sp)
    800001bc:	6546                	ld	a0,80(sp)
    800001be:	65e6                	ld	a1,88(sp)
    800001c0:	7606                	ld	a2,96(sp)
    800001c2:	76a6                	ld	a3,104(sp)
    800001c4:	7746                	ld	a4,112(sp)
    800001c6:	77e6                	ld	a5,120(sp)
    800001c8:	680a                	ld	a6,128(sp)
    800001ca:	68aa                	ld	a7,136(sp)
    800001cc:	694a                	ld	s2,144(sp)
    800001ce:	69ea                	ld	s3,152(sp)
    800001d0:	7a0a                	ld	s4,160(sp)
    800001d2:	7aaa                	ld	s5,168(sp)
    800001d4:	7b4a                	ld	s6,176(sp)
    800001d6:	7bea                	ld	s7,184(sp)
    800001d8:	6c0e                	ld	s8,192(sp)
    800001da:	6cae                	ld	s9,200(sp)
    800001dc:	6d4e                	ld	s10,208(sp)
    800001de:	6dee                	ld	s11,216(sp)
    800001e0:	7e0e                	ld	t3,224(sp)
    800001e2:	7eae                	ld	t4,232(sp)
    800001e4:	7f4e                	ld	t5,240(sp)
    800001e6:	7fee                	ld	t6,248(sp)
    800001e8:	6142                	ld	sp,16(sp)
    800001ea:	30200073          	mret

00000000800001ee <_start_main>:
    800001ee:	52fd                	li	t0,-1
    800001f0:	0110000f          	fence	w,w
    800001f4:	ac51a423          	sw	t0,-1336(gp) # 80004ce8 <__boot_sync>
    800001f8:	4505                	li	a0,1
    800001fa:	00004597          	auipc	a1,0x4
    800001fe:	54658593          	addi	a1,a1,1350 # 80004740 <argv>
    80000202:	8101b603          	ld	a2,-2032(gp) # 80004a30 <environ>
    80000206:	02a000ef          	jal	80000230 <main>
    8000020a:	54f0306f          	j	80003f58 <exit>

000000008000020e <_start_secondary>:
    8000020e:	ac81a283          	lw	t0,-1336(gp) # 80004ce8 <__boot_sync>
    80000212:	fe028ee3          	beqz	t0,8000020e <_start_secondary>
    80000216:	0220000f          	fence	r,r
    8000021a:	4505                	li	a0,1
    8000021c:	00004597          	auipc	a1,0x4
    80000220:	52458593          	addi	a1,a1,1316 # 80004740 <argv>
    80000224:	8101b603          	ld	a2,-2032(gp) # 80004a30 <environ>
    80000228:	4d5030ef          	jal	80003efc <__main>
    8000022c:	52d0306f          	j	80003f58 <exit>

0000000080000230 <main>:
    80000230:	eb010113          	addi	sp,sp,-336
    80000234:	01010893          	addi	a7,sp,16
    80000238:	14113423          	sd	ra,328(sp)
    8000023c:	14813023          	sd	s0,320(sp)
    80000240:	12913c23          	sd	s1,312(sp)
    80000244:	13213823          	sd	s2,304(sp)
    80000248:	13313423          	sd	s3,296(sp)
    8000024c:	13413023          	sd	s4,288(sp)
    80000250:	11513c23          	sd	s5,280(sp)
    80000254:	11613823          	sd	s6,272(sp)
    80000258:	00004797          	auipc	a5,0x4
    8000025c:	16078793          	addi	a5,a5,352 # 800043b8 <__tbss_end+0x25e>
    80000260:	00088713          	mv	a4,a7
    80000264:	00004817          	auipc	a6,0x4
    80000268:	25480813          	addi	a6,a6,596 # 800044b8 <__tbss_end+0x35e>
    8000026c:	0007b503          	ld	a0,0(a5)
    80000270:	0087b583          	ld	a1,8(a5)
    80000274:	0107b603          	ld	a2,16(a5)
    80000278:	0187b683          	ld	a3,24(a5)
    8000027c:	00a73023          	sd	a0,0(a4)
    80000280:	00b73423          	sd	a1,8(a4)
    80000284:	00c73823          	sd	a2,16(a4)
    80000288:	00d73c23          	sd	a3,24(a4)
    8000028c:	02078793          	addi	a5,a5,32
    80000290:	02070713          	addi	a4,a4,32
    80000294:	fd079ce3          	bne	a5,a6,8000026c <main+0x3c>
    80000298:	00004797          	auipc	a5,0x4
    8000029c:	7a87b787          	fld	fa5,1960(a5) # 80004a40 <__atexit_dummy+0x8>
    800002a0:	00f13427          	fsd	fa5,8(sp)
    800002a4:	c00027f3          	rdcycle	a5
    800002a8:	00810713          	addi	a4,sp,8
    800002ac:	cd8472d7          	vsetivli	t0,8,e64,m1,ta,ma
    800002b0:	00073507          	fld	fa0,0(a4)
    800002b4:	0208f087          	vle64.v	v1,(a7)
    800002b8:	04088313          	addi	t1,a7,64
    800002bc:	02037107          	vle64.v	v2,(t1)
    800002c0:	04030393          	addi	t2,t1,64
    800002c4:	0203f187          	vle64.v	v3,(t2)
    800002c8:	04038e13          	addi	t3,t2,64
    800002cc:	020e7207          	vle64.v	v4,(t3)
    800002d0:	0e155257          	.insn	4, 0x0e155257
    800002d4:	0208f0a7          	vse64.v	v1,(a7)
    800002d8:	02037127          	vse64.v	v2,(t1)
    800002dc:	0203f1a7          	vse64.v	v3,(t2)
    800002e0:	020e7227          	vse64.v	v4,(t3)
    800002e4:	c00025f3          	rdcycle	a1
    800002e8:	00004517          	auipc	a0,0x4
    800002ec:	e7850513          	addi	a0,a0,-392 # 80004160 <__tbss_end+0x6>
    800002f0:	40f585bb          	subw	a1,a1,a5
    800002f4:	26b000ef          	jal	80000d5e <iprintf>
    800002f8:	05010493          	addi	s1,sp,80
    800002fc:	00000993          	li	s3,0
    80000300:	00004b17          	auipc	s6,0x4
    80000304:	e78b0b13          	addi	s6,s6,-392 # 80004178 <__tbss_end+0x1e>
    80000308:	00004917          	auipc	s2,0x4
    8000030c:	e7890913          	addi	s2,s2,-392 # 80004180 <__tbss_end+0x26>
    80000310:	00004a97          	auipc	s5,0x4
    80000314:	e78a8a93          	addi	s5,s5,-392 # 80004188 <__tbss_end+0x2e>
    80000318:	00400a13          	li	s4,4
    8000031c:	0019899b          	addiw	s3,s3,1
    80000320:	00098593          	mv	a1,s3
    80000324:	000b0513          	mv	a0,s6
    80000328:	237000ef          	jal	80000d5e <iprintf>
    8000032c:	fc048413          	addi	s0,s1,-64
    80000330:	00043583          	ld	a1,0(s0)
    80000334:	00090513          	mv	a0,s2
    80000338:	00840413          	addi	s0,s0,8
    8000033c:	223000ef          	jal	80000d5e <iprintf>
    80000340:	fe9418e3          	bne	s0,s1,80000330 <main+0x100>
    80000344:	000a8513          	mv	a0,s5
    80000348:	217000ef          	jal	80000d5e <iprintf>
    8000034c:	04040493          	addi	s1,s0,64
    80000350:	fd4996e3          	bne	s3,s4,8000031c <main+0xec>
    80000354:	14813083          	ld	ra,328(sp)
    80000358:	14013403          	ld	s0,320(sp)
    8000035c:	13813483          	ld	s1,312(sp)
    80000360:	13013903          	ld	s2,304(sp)
    80000364:	12813983          	ld	s3,296(sp)
    80000368:	12013a03          	ld	s4,288(sp)
    8000036c:	11813a83          	ld	s5,280(sp)
    80000370:	11013b03          	ld	s6,272(sp)
    80000374:	00000513          	li	a0,0
    80000378:	15010113          	addi	sp,sp,336
    8000037c:	00008067          	ret

0000000080000380 <__cvt>:
    80000380:	715d                	addi	sp,sp,-80
    80000382:	e0a2                	sd	s0,64(sp)
    80000384:	e2050453          	fmv.x.d	s0,fa0
    80000388:	fc26                	sd	s1,56(sp)
    8000038a:	f44e                	sd	s3,40(sp)
    8000038c:	f052                	sd	s4,32(sp)
    8000038e:	ec56                	sd	s5,24(sp)
    80000390:	e486                	sd	ra,72(sp)
    80000392:	f84a                	sd	s2,48(sp)
    80000394:	89ba                	mv	s3,a4
    80000396:	84ae                	mv	s1,a1
    80000398:	8a32                	mv	s4,a2
    8000039a:	8ac2                	mv	s5,a6
    8000039c:	4701                	li	a4,0
    8000039e:	00045863          	bgez	s0,800003ae <__cvt+0x2e>
    800003a2:	22a517d3          	fneg.d	fa5,fa0
    800003a6:	02d00713          	li	a4,45
    800003aa:	e2078453          	fmv.x.d	s0,fa5
    800003ae:	fdf7f913          	andi	s2,a5,-33
    800003b2:	00e68023          	sb	a4,0(a3)
    800003b6:	04600793          	li	a5,70
    800003ba:	458d                	li	a1,3
    800003bc:	00f90863          	beq	s2,a5,800003cc <__cvt+0x4c>
    800003c0:	04500793          	li	a5,69
    800003c4:	4589                	li	a1,2
    800003c6:	00f91363          	bne	s2,a5,800003cc <__cvt+0x4c>
    800003ca:	2485                	addiw	s1,s1,1
    800003cc:	f2040553          	fmv.d.x	fa0,s0
    800003d0:	003c                	addi	a5,sp,8
    800003d2:	0058                	addi	a4,sp,4
    800003d4:	86ce                	mv	a3,s3
    800003d6:	8626                	mv	a2,s1
    800003d8:	347000ef          	jal	80000f1e <_dtoa_r>
    800003dc:	04700793          	li	a5,71
    800003e0:	02f91563          	bne	s2,a5,8000040a <__cvt+0x8a>
    800003e4:	001a7a13          	andi	s4,s4,1
    800003e8:	009507b3          	add	a5,a0,s1
    800003ec:	040a1963          	bnez	s4,8000043e <__cvt+0xbe>
    800003f0:	67a2                	ld	a5,8(sp)
    800003f2:	60a6                	ld	ra,72(sp)
    800003f4:	6406                	ld	s0,64(sp)
    800003f6:	8f89                	sub	a5,a5,a0
    800003f8:	00faa023          	sw	a5,0(s5)
    800003fc:	74e2                	ld	s1,56(sp)
    800003fe:	7942                	ld	s2,48(sp)
    80000400:	79a2                	ld	s3,40(sp)
    80000402:	7a02                	ld	s4,32(sp)
    80000404:	6ae2                	ld	s5,24(sp)
    80000406:	6161                	addi	sp,sp,80
    80000408:	8082                	ret
    8000040a:	04600713          	li	a4,70
    8000040e:	009507b3          	add	a5,a0,s1
    80000412:	02e91663          	bne	s2,a4,8000043e <__cvt+0xbe>
    80000416:	00054683          	lbu	a3,0(a0)
    8000041a:	03000713          	li	a4,48
    8000041e:	00e69d63          	bne	a3,a4,80000438 <__cvt+0xb8>
    80000422:	f20007d3          	fmv.d.x	fa5,zero
    80000426:	f2040753          	fmv.d.x	fa4,s0
    8000042a:	a2f72753          	feq.d	a4,fa4,fa5
    8000042e:	e709                	bnez	a4,80000438 <__cvt+0xb8>
    80000430:	4705                	li	a4,1
    80000432:	9f05                	subw	a4,a4,s1
    80000434:	00e9a023          	sw	a4,0(s3)
    80000438:	0009a703          	lw	a4,0(s3)
    8000043c:	97ba                	add	a5,a5,a4
    8000043e:	f20007d3          	fmv.d.x	fa5,zero
    80000442:	f2040753          	fmv.d.x	fa4,s0
    80000446:	a2f72753          	feq.d	a4,fa4,fa5
    8000044a:	c311                	beqz	a4,8000044e <__cvt+0xce>
    8000044c:	e43e                	sd	a5,8(sp)
    8000044e:	03000693          	li	a3,48
    80000452:	6722                	ld	a4,8(sp)
    80000454:	f8f77ee3          	bgeu	a4,a5,800003f0 <__cvt+0x70>
    80000458:	00170613          	addi	a2,a4,1
    8000045c:	e432                	sd	a2,8(sp)
    8000045e:	00d70023          	sb	a3,0(a4)
    80000462:	bfc5                	j	80000452 <__cvt+0xd2>

0000000080000464 <__exponent>:
    80000464:	00c50023          	sb	a2,0(a0)
    80000468:	02b00793          	li	a5,43
    8000046c:	0005d663          	bgez	a1,80000478 <__exponent+0x14>
    80000470:	40b005bb          	negw	a1,a1
    80000474:	02d00793          	li	a5,45
    80000478:	00f500a3          	sb	a5,1(a0)
    8000047c:	47a5                	li	a5,9
    8000047e:	06b7d563          	bge	a5,a1,800004e8 <__exponent+0x84>
    80000482:	1141                	addi	sp,sp,-16
    80000484:	00f10713          	addi	a4,sp,15
    80000488:	883a                	mv	a6,a4
    8000048a:	48a9                	li	a7,10
    8000048c:	06300313          	li	t1,99
    80000490:	0315e7bb          	remw	a5,a1,a7
    80000494:	86ba                	mv	a3,a4
    80000496:	177d                	addi	a4,a4,-1
    80000498:	0307879b          	addiw	a5,a5,48
    8000049c:	fef68fa3          	sb	a5,-1(a3)
    800004a0:	87ae                	mv	a5,a1
    800004a2:	0315c5bb          	divw	a1,a1,a7
    800004a6:	862e                	mv	a2,a1
    800004a8:	fef344e3          	blt	t1,a5,80000490 <__exponent+0x2c>
    800004ac:	0306061b          	addiw	a2,a2,48
    800004b0:	00250793          	addi	a5,a0,2
    800004b4:	ffe68593          	addi	a1,a3,-2
    800004b8:	fec70fa3          	sb	a2,-1(a4)
    800004bc:	872e                	mv	a4,a1
    800004be:	863e                	mv	a2,a5
    800004c0:	01076d63          	bltu	a4,a6,800004da <__exponent+0x76>
    800004c4:	4701                	li	a4,0
    800004c6:	00b86563          	bltu	a6,a1,800004d0 <__exponent+0x6c>
    800004ca:	01110713          	addi	a4,sp,17
    800004ce:	8f15                	sub	a4,a4,a3
    800004d0:	97ba                	add	a5,a5,a4
    800004d2:	40a7853b          	subw	a0,a5,a0
    800004d6:	0141                	addi	sp,sp,16
    800004d8:	8082                	ret
    800004da:	00074883          	lbu	a7,0(a4)
    800004de:	0705                	addi	a4,a4,1
    800004e0:	0605                	addi	a2,a2,1
    800004e2:	ff160fa3          	sb	a7,-1(a2)
    800004e6:	bfe9                	j	800004c0 <__exponent+0x5c>
    800004e8:	03000793          	li	a5,48
    800004ec:	00f50123          	sb	a5,2(a0)
    800004f0:	0305859b          	addiw	a1,a1,48
    800004f4:	00450793          	addi	a5,a0,4
    800004f8:	00b501a3          	sb	a1,3(a0)
    800004fc:	40a7853b          	subw	a0,a5,a0
    80000500:	8082                	ret

0000000080000502 <_printf_float>:
    80000502:	7175                	addi	sp,sp,-144
    80000504:	e506                	sd	ra,136(sp)
    80000506:	e122                	sd	s0,128(sp)
    80000508:	f4ce                	sd	s3,104(sp)
    8000050a:	842e                	mv	s0,a1
    8000050c:	f0d2                	sd	s4,96(sp)
    8000050e:	ecd6                	sd	s5,88(sp)
    80000510:	8a3a                	mv	s4,a4
    80000512:	e8da                	sd	s6,80(sp)
    80000514:	e4de                	sd	s7,72(sp)
    80000516:	e0e2                	sd	s8,64(sp)
    80000518:	e432                	sd	a2,8(sp)
    8000051a:	89b6                	mv	s3,a3
    8000051c:	fca6                	sd	s1,120(sp)
    8000051e:	f8ca                	sd	s2,112(sp)
    80000520:	fc66                	sd	s9,56(sp)
    80000522:	f86a                	sd	s10,48(sp)
    80000524:	f46e                	sd	s11,40(sp)
    80000526:	e02a                	sd	a0,0(sp)
    80000528:	085000ef          	jal	80000dac <_localeconv_r>
    8000052c:	00053c03          	ld	s8,0(a0)
    80000530:	8562                	mv	a0,s8
    80000532:	08f000ef          	jal	80000dc0 <strlen>
    80000536:	00042b03          	lw	s6,0(s0)
    8000053a:	cc02                	sw	zero,24(sp)
    8000053c:	01844a83          	lbu	s5,24(s0)
    80000540:	100b7713          	andi	a4,s6,256
    80000544:	000a3783          	ld	a5,0(s4)
    80000548:	8baa                	mv	s7,a0
    8000054a:	c755                	beqz	a4,800005f6 <_printf_float+0xf4>
    8000054c:	07bd                	addi	a5,a5,15
    8000054e:	9bc1                	andi	a5,a5,-16
    80000550:	6388                	ld	a0,0(a5)
    80000552:	678c                	ld	a1,8(a5)
    80000554:	01078713          	addi	a4,a5,16
    80000558:	00ea3023          	sd	a4,0(s4)
    8000055c:	664030ef          	jal	80003bc0 <__trunctfdf2>
    80000560:	e2050353          	fmv.x.d	t1,fa0
    80000564:	00004797          	auipc	a5,0x4
    80000568:	4e47b707          	fld	fa4,1252(a5) # 80004a48 <__atexit_dummy+0x10>
    8000056c:	04643423          	sd	t1,72(s0)
    80000570:	00102773          	frflags	a4
    80000574:	f20307d3          	fmv.d.x	fa5,t1
    80000578:	22f7a7d3          	fabs.d	fa5,fa5
    8000057c:	a2f717d3          	flt.d	a5,fa4,fa5
    80000580:	00171073          	fsflags	a4
    80000584:	c3c1                	beqz	a5,80000604 <_printf_float+0x102>
    80000586:	f20007d3          	fmv.d.x	fa5,zero
    8000058a:	f2030753          	fmv.d.x	fa4,t1
    8000058e:	a2f717d3          	flt.d	a5,fa4,fa5
    80000592:	c789                	beqz	a5,8000059c <_printf_float+0x9a>
    80000594:	02d00793          	li	a5,45
    80000598:	04f401a3          	sb	a5,67(s0)
    8000059c:	04700793          	li	a5,71
    800005a0:	00004a17          	auipc	s4,0x4
    800005a4:	bf8a0a13          	addi	s4,s4,-1032 # 80004198 <__tbss_end+0x3e>
    800005a8:	0157e663          	bltu	a5,s5,800005b4 <_printf_float+0xb2>
    800005ac:	00004a17          	auipc	s4,0x4
    800005b0:	be4a0a13          	addi	s4,s4,-1052 # 80004190 <__tbss_end+0x36>
    800005b4:	ffbb7b13          	andi	s6,s6,-5
    800005b8:	478d                	li	a5,3
    800005ba:	01642023          	sw	s6,0(s0)
    800005be:	c81c                	sw	a5,16(s0)
    800005c0:	4b01                	li	s6,0
    800005c2:	66a2                	ld	a3,8(sp)
    800005c4:	6502                	ld	a0,0(sp)
    800005c6:	874e                	mv	a4,s3
    800005c8:	0870                	addi	a2,sp,28
    800005ca:	85a2                	mv	a1,s0
    800005cc:	3c8000ef          	jal	80000994 <_printf_common>
    800005d0:	5cfd                	li	s9,-1
    800005d2:	15951b63          	bne	a0,s9,80000728 <_printf_float+0x226>
    800005d6:	557d                	li	a0,-1
    800005d8:	60aa                	ld	ra,136(sp)
    800005da:	640a                	ld	s0,128(sp)
    800005dc:	74e6                	ld	s1,120(sp)
    800005de:	7946                	ld	s2,112(sp)
    800005e0:	79a6                	ld	s3,104(sp)
    800005e2:	7a06                	ld	s4,96(sp)
    800005e4:	6ae6                	ld	s5,88(sp)
    800005e6:	6b46                	ld	s6,80(sp)
    800005e8:	6ba6                	ld	s7,72(sp)
    800005ea:	6c06                	ld	s8,64(sp)
    800005ec:	7ce2                	ld	s9,56(sp)
    800005ee:	7d42                	ld	s10,48(sp)
    800005f0:	7da2                	ld	s11,40(sp)
    800005f2:	6149                	addi	sp,sp,144
    800005f4:	8082                	ret
    800005f6:	00878713          	addi	a4,a5,8
    800005fa:	0007b303          	ld	t1,0(a5)
    800005fe:	00ea3023          	sd	a4,0(s4)
    80000602:	b78d                	j	80000564 <_printf_float+0x62>
    80000604:	f20307d3          	fmv.d.x	fa5,t1
    80000608:	a2f7a7d3          	feq.d	a5,fa5,fa5
    8000060c:	e785                	bnez	a5,80000634 <_printf_float+0x132>
    8000060e:	00035663          	bgez	t1,8000061a <_printf_float+0x118>
    80000612:	02d00793          	li	a5,45
    80000616:	04f401a3          	sb	a5,67(s0)
    8000061a:	04700793          	li	a5,71
    8000061e:	00004a17          	auipc	s4,0x4
    80000622:	b8aa0a13          	addi	s4,s4,-1142 # 800041a8 <__tbss_end+0x4e>
    80000626:	f957e7e3          	bltu	a5,s5,800005b4 <_printf_float+0xb2>
    8000062a:	00004a17          	auipc	s4,0x4
    8000062e:	b76a0a13          	addi	s4,s4,-1162 # 800041a0 <__tbss_end+0x46>
    80000632:	b749                	j	800005b4 <_printf_float+0xb2>
    80000634:	405c                	lw	a5,4(s0)
    80000636:	577d                	li	a4,-1
    80000638:	0dfafc93          	andi	s9,s5,223
    8000063c:	06e79f63          	bne	a5,a4,800006ba <_printf_float+0x1b8>
    80000640:	4799                	li	a5,6
    80000642:	c05c                	sw	a5,4(s0)
    80000644:	404c                	lw	a1,4(s0)
    80000646:	f2030553          	fmv.d.x	fa0,t1
    8000064a:	6502                	ld	a0,0(sp)
    8000064c:	400b6613          	ori	a2,s6,1024
    80000650:	87d6                	mv	a5,s5
    80000652:	c010                	sw	a2,0(s0)
    80000654:	4881                	li	a7,0
    80000656:	01810813          	addi	a6,sp,24
    8000065a:	0858                	addi	a4,sp,20
    8000065c:	01310693          	addi	a3,sp,19
    80000660:	d21ff0ef          	jal	80000380 <__cvt>
    80000664:	04700793          	li	a5,71
    80000668:	45d2                	lw	a1,20(sp)
    8000066a:	8a2a                	mv	s4,a0
    8000066c:	04fc9e63          	bne	s9,a5,800006c8 <_printf_float+0x1c6>
    80000670:	57f5                	li	a5,-3
    80000672:	00f5c563          	blt	a1,a5,8000067c <_printf_float+0x17a>
    80000676:	405c                	lw	a5,4(s0)
    80000678:	08b7d563          	bge	a5,a1,80000702 <_printf_float+0x200>
    8000067c:	3af9                	addiw	s5,s5,-2
    8000067e:	0ffafa93          	zext.b	s5,s5
    80000682:	35fd                	addiw	a1,a1,-1
    80000684:	8656                	mv	a2,s5
    80000686:	05040513          	addi	a0,s0,80
    8000068a:	ca2e                	sw	a1,20(sp)
    8000068c:	dd9ff0ef          	jal	80000464 <__exponent>
    80000690:	4762                	lw	a4,24(sp)
    80000692:	4685                	li	a3,1
    80000694:	8b2a                	mv	s6,a0
    80000696:	00a707bb          	addw	a5,a4,a0
    8000069a:	c81c                	sw	a5,16(s0)
    8000069c:	00e6c563          	blt	a3,a4,800006a6 <_printf_float+0x1a4>
    800006a0:	4018                	lw	a4,0(s0)
    800006a2:	8b05                	andi	a4,a4,1
    800006a4:	c319                	beqz	a4,800006aa <_printf_float+0x1a8>
    800006a6:	2785                	addiw	a5,a5,1
    800006a8:	c81c                	sw	a5,16(s0)
    800006aa:	01314783          	lbu	a5,19(sp)
    800006ae:	db91                	beqz	a5,800005c2 <_printf_float+0xc0>
    800006b0:	02d00793          	li	a5,45
    800006b4:	04f401a3          	sb	a5,67(s0)
    800006b8:	b729                	j	800005c2 <_printf_float+0xc0>
    800006ba:	04700713          	li	a4,71
    800006be:	f8ec93e3          	bne	s9,a4,80000644 <_printf_float+0x142>
    800006c2:	f3c9                	bnez	a5,80000644 <_printf_float+0x142>
    800006c4:	4785                	li	a5,1
    800006c6:	bfb5                	j	80000642 <_printf_float+0x140>
    800006c8:	06500793          	li	a5,101
    800006cc:	fb57fbe3          	bgeu	a5,s5,80000682 <_printf_float+0x180>
    800006d0:	06600793          	li	a5,102
    800006d4:	02fa9963          	bne	s5,a5,80000706 <_printf_float+0x204>
    800006d8:	6018                	ld	a4,0(s0)
    800006da:	57fd                	li	a5,-1
    800006dc:	1782                	slli	a5,a5,0x20
    800006de:	0785                	addi	a5,a5,1
    800006e0:	8f7d                	and	a4,a4,a5
    800006e2:	00b05b63          	blez	a1,800006f8 <_printf_float+0x1f6>
    800006e6:	c80c                	sw	a1,16(s0)
    800006e8:	c709                	beqz	a4,800006f2 <_printf_float+0x1f0>
    800006ea:	405c                	lw	a5,4(s0)
    800006ec:	2785                	addiw	a5,a5,1
    800006ee:	9fad                	addw	a5,a5,a1
    800006f0:	c81c                	sw	a5,16(s0)
    800006f2:	cc2c                	sw	a1,88(s0)
    800006f4:	4b01                	li	s6,0
    800006f6:	bf55                	j	800006aa <_printf_float+0x1a8>
    800006f8:	4785                	li	a5,1
    800006fa:	db7d                	beqz	a4,800006f0 <_printf_float+0x1ee>
    800006fc:	405c                	lw	a5,4(s0)
    800006fe:	2789                	addiw	a5,a5,2
    80000700:	bfc5                	j	800006f0 <_printf_float+0x1ee>
    80000702:	06700a93          	li	s5,103
    80000706:	47e2                	lw	a5,24(sp)
    80000708:	00f5c963          	blt	a1,a5,8000071a <_printf_float+0x218>
    8000070c:	401c                	lw	a5,0(s0)
    8000070e:	c80c                	sw	a1,16(s0)
    80000710:	8b85                	andi	a5,a5,1
    80000712:	d3e5                	beqz	a5,800006f2 <_printf_float+0x1f0>
    80000714:	0015879b          	addiw	a5,a1,1
    80000718:	bfe1                	j	800006f0 <_printf_float+0x1ee>
    8000071a:	4705                	li	a4,1
    8000071c:	00b04463          	bgtz	a1,80000724 <_printf_float+0x222>
    80000720:	4709                	li	a4,2
    80000722:	9f0d                	subw	a4,a4,a1
    80000724:	9fb9                	addw	a5,a5,a4
    80000726:	b7e9                	j	800006f0 <_printf_float+0x1ee>
    80000728:	401c                	lw	a5,0(s0)
    8000072a:	4007f713          	andi	a4,a5,1024
    8000072e:	e70d                	bnez	a4,80000758 <_printf_float+0x256>
    80000730:	4814                	lw	a3,16(s0)
    80000732:	65a2                	ld	a1,8(sp)
    80000734:	6502                	ld	a0,0(sp)
    80000736:	8652                	mv	a2,s4
    80000738:	9982                	jalr	s3
    8000073a:	e9950ee3          	beq	a0,s9,800005d6 <_printf_float+0xd4>
    8000073e:	401c                	lw	a5,0(s0)
    80000740:	8b89                	andi	a5,a5,2
    80000742:	24079463          	bnez	a5,8000098a <_printf_float+0x488>
    80000746:	4458                	lw	a4,12(s0)
    80000748:	47f2                	lw	a5,28(sp)
    8000074a:	0007051b          	sext.w	a0,a4
    8000074e:	e8f755e3          	bge	a4,a5,800005d8 <_printf_float+0xd6>
    80000752:	0007851b          	sext.w	a0,a5
    80000756:	b549                	j	800005d8 <_printf_float+0xd6>
    80000758:	06500713          	li	a4,101
    8000075c:	1b577163          	bgeu	a4,s5,800008fe <_printf_float+0x3fc>
    80000760:	2438                	fld	fa4,72(s0)
    80000762:	f20007d3          	fmv.d.x	fa5,zero
    80000766:	a2f727d3          	feq.d	a5,fa4,fa5
    8000076a:	cbb1                	beqz	a5,800007be <_printf_float+0x2bc>
    8000076c:	65a2                	ld	a1,8(sp)
    8000076e:	6502                	ld	a0,0(sp)
    80000770:	4685                	li	a3,1
    80000772:	00004617          	auipc	a2,0x4
    80000776:	a3e60613          	addi	a2,a2,-1474 # 800041b0 <__tbss_end+0x56>
    8000077a:	9982                	jalr	s3
    8000077c:	e5950de3          	beq	a0,s9,800005d6 <_printf_float+0xd4>
    80000780:	4a62                	lw	s4,24(sp)
    80000782:	47d2                	lw	a5,20(sp)
    80000784:	0147c563          	blt	a5,s4,8000078e <_printf_float+0x28c>
    80000788:	401c                	lw	a5,0(s0)
    8000078a:	8b85                	andi	a5,a5,1
    8000078c:	dbcd                	beqz	a5,8000073e <_printf_float+0x23c>
    8000078e:	65a2                	ld	a1,8(sp)
    80000790:	6502                	ld	a0,0(sp)
    80000792:	86de                	mv	a3,s7
    80000794:	8662                	mv	a2,s8
    80000796:	9982                	jalr	s3
    80000798:	57fd                	li	a5,-1
    8000079a:	e2f50ee3          	beq	a0,a5,800005d6 <_printf_float+0xd4>
    8000079e:	4a81                	li	s5,0
    800007a0:	3a7d                	addiw	s4,s4,-1
    800007a2:	01a40b13          	addi	s6,s0,26
    800007a6:	5bfd                	li	s7,-1
    800007a8:	f94adbe3          	bge	s5,s4,8000073e <_printf_float+0x23c>
    800007ac:	65a2                	ld	a1,8(sp)
    800007ae:	6502                	ld	a0,0(sp)
    800007b0:	4685                	li	a3,1
    800007b2:	865a                	mv	a2,s6
    800007b4:	9982                	jalr	s3
    800007b6:	e37500e3          	beq	a0,s7,800005d6 <_printf_float+0xd4>
    800007ba:	2a85                	addiw	s5,s5,1
    800007bc:	b7f5                	j	800007a8 <_printf_float+0x2a6>
    800007be:	47d2                	lw	a5,20(sp)
    800007c0:	06f04763          	bgtz	a5,8000082e <_printf_float+0x32c>
    800007c4:	65a2                	ld	a1,8(sp)
    800007c6:	6502                	ld	a0,0(sp)
    800007c8:	4685                	li	a3,1
    800007ca:	00004617          	auipc	a2,0x4
    800007ce:	9e660613          	addi	a2,a2,-1562 # 800041b0 <__tbss_end+0x56>
    800007d2:	9982                	jalr	s3
    800007d4:	e19501e3          	beq	a0,s9,800005d6 <_printf_float+0xd4>
    800007d8:	4b62                	lw	s6,24(sp)
    800007da:	47d2                	lw	a5,20(sp)
    800007dc:	00fb67b3          	or	a5,s6,a5
    800007e0:	e781                	bnez	a5,800007e8 <_printf_float+0x2e6>
    800007e2:	401c                	lw	a5,0(s0)
    800007e4:	8b85                	andi	a5,a5,1
    800007e6:	dfa1                	beqz	a5,8000073e <_printf_float+0x23c>
    800007e8:	65a2                	ld	a1,8(sp)
    800007ea:	6502                	ld	a0,0(sp)
    800007ec:	86de                	mv	a3,s7
    800007ee:	8662                	mv	a2,s8
    800007f0:	9982                	jalr	s3
    800007f2:	57fd                	li	a5,-1
    800007f4:	def501e3          	beq	a0,a5,800005d6 <_printf_float+0xd4>
    800007f8:	4a81                	li	s5,0
    800007fa:	01a40b93          	addi	s7,s0,26
    800007fe:	5c7d                	li	s8,-1
    80000800:	47d2                	lw	a5,20(sp)
    80000802:	40f007bb          	negw	a5,a5
    80000806:	00facb63          	blt	s5,a5,8000081c <_printf_float+0x31a>
    8000080a:	86da                	mv	a3,s6
    8000080c:	8652                	mv	a2,s4
    8000080e:	65a2                	ld	a1,8(sp)
    80000810:	6502                	ld	a0,0(sp)
    80000812:	9982                	jalr	s3
    80000814:	57fd                	li	a5,-1
    80000816:	f2f514e3          	bne	a0,a5,8000073e <_printf_float+0x23c>
    8000081a:	bb75                	j	800005d6 <_printf_float+0xd4>
    8000081c:	65a2                	ld	a1,8(sp)
    8000081e:	6502                	ld	a0,0(sp)
    80000820:	4685                	li	a3,1
    80000822:	865e                	mv	a2,s7
    80000824:	9982                	jalr	s3
    80000826:	db8508e3          	beq	a0,s8,800005d6 <_printf_float+0xd4>
    8000082a:	2a85                	addiw	s5,s5,1
    8000082c:	bfd1                	j	80000800 <_printf_float+0x2fe>
    8000082e:	4c3c                	lw	a5,88(s0)
    80000830:	4b62                	lw	s6,24(sp)
    80000832:	00078a9b          	sext.w	s5,a5
    80000836:	00fb5463          	bge	s6,a5,8000083e <_printf_float+0x33c>
    8000083a:	000b0a9b          	sext.w	s5,s6
    8000083e:	07504b63          	bgtz	s5,800008b4 <_printf_float+0x3b2>
    80000842:	4c81                	li	s9,0
    80000844:	84d6                	mv	s1,s5
    80000846:	01a40d13          	addi	s10,s0,26
    8000084a:	597d                	li	s2,-1
    8000084c:	05842d83          	lw	s11,88(s0)
    80000850:	87a6                	mv	a5,s1
    80000852:	000ad363          	bgez	s5,80000858 <_printf_float+0x356>
    80000856:	4781                	li	a5,0
    80000858:	40fd87bb          	subw	a5,s11,a5
    8000085c:	06fcc563          	blt	s9,a5,800008c6 <_printf_float+0x3c4>
    80000860:	47d2                	lw	a5,20(sp)
    80000862:	0767cb63          	blt	a5,s6,800008d8 <_printf_float+0x3d6>
    80000866:	401c                	lw	a5,0(s0)
    80000868:	8b85                	andi	a5,a5,1
    8000086a:	e7bd                	bnez	a5,800008d8 <_printf_float+0x3d6>
    8000086c:	4ad2                	lw	s5,20(sp)
    8000086e:	41bb073b          	subw	a4,s6,s11
    80000872:	415b06bb          	subw	a3,s6,s5
    80000876:	8ab6                	mv	s5,a3
    80000878:	00d75463          	bge	a4,a3,80000880 <_printf_float+0x37e>
    8000087c:	00070a9b          	sext.w	s5,a4
    80000880:	07504563          	bgtz	s5,800008ea <_printf_float+0x3e8>
    80000884:	4a01                	li	s4,0
    80000886:	8bd6                	mv	s7,s5
    80000888:	01a40c13          	addi	s8,s0,26
    8000088c:	5cfd                	li	s9,-1
    8000088e:	47d2                	lw	a5,20(sp)
    80000890:	875e                	mv	a4,s7
    80000892:	40fb07bb          	subw	a5,s6,a5
    80000896:	000ad363          	bgez	s5,8000089c <_printf_float+0x39a>
    8000089a:	4701                	li	a4,0
    8000089c:	9f99                	subw	a5,a5,a4
    8000089e:	eafa50e3          	bge	s4,a5,8000073e <_printf_float+0x23c>
    800008a2:	65a2                	ld	a1,8(sp)
    800008a4:	6502                	ld	a0,0(sp)
    800008a6:	4685                	li	a3,1
    800008a8:	8662                	mv	a2,s8
    800008aa:	9982                	jalr	s3
    800008ac:	d39505e3          	beq	a0,s9,800005d6 <_printf_float+0xd4>
    800008b0:	2a05                	addiw	s4,s4,1
    800008b2:	bff1                	j	8000088e <_printf_float+0x38c>
    800008b4:	65a2                	ld	a1,8(sp)
    800008b6:	6502                	ld	a0,0(sp)
    800008b8:	86d6                	mv	a3,s5
    800008ba:	8652                	mv	a2,s4
    800008bc:	9982                	jalr	s3
    800008be:	57fd                	li	a5,-1
    800008c0:	f8f511e3          	bne	a0,a5,80000842 <_printf_float+0x340>
    800008c4:	bb09                	j	800005d6 <_printf_float+0xd4>
    800008c6:	65a2                	ld	a1,8(sp)
    800008c8:	6502                	ld	a0,0(sp)
    800008ca:	4685                	li	a3,1
    800008cc:	866a                	mv	a2,s10
    800008ce:	9982                	jalr	s3
    800008d0:	d12503e3          	beq	a0,s2,800005d6 <_printf_float+0xd4>
    800008d4:	2c85                	addiw	s9,s9,1
    800008d6:	bf9d                	j	8000084c <_printf_float+0x34a>
    800008d8:	65a2                	ld	a1,8(sp)
    800008da:	6502                	ld	a0,0(sp)
    800008dc:	86de                	mv	a3,s7
    800008de:	8662                	mv	a2,s8
    800008e0:	9982                	jalr	s3
    800008e2:	57fd                	li	a5,-1
    800008e4:	f8f514e3          	bne	a0,a5,8000086c <_printf_float+0x36a>
    800008e8:	b1fd                	j	800005d6 <_printf_float+0xd4>
    800008ea:	65a2                	ld	a1,8(sp)
    800008ec:	6502                	ld	a0,0(sp)
    800008ee:	86d6                	mv	a3,s5
    800008f0:	01ba0633          	add	a2,s4,s11
    800008f4:	9982                	jalr	s3
    800008f6:	57fd                	li	a5,-1
    800008f8:	f8f516e3          	bne	a0,a5,80000884 <_printf_float+0x382>
    800008fc:	b9e9                	j	800005d6 <_printf_float+0xd4>
    800008fe:	4ae2                	lw	s5,24(sp)
    80000900:	4705                	li	a4,1
    80000902:	4685                	li	a3,1
    80000904:	8652                	mv	a2,s4
    80000906:	01574463          	blt	a4,s5,8000090e <_printf_float+0x40c>
    8000090a:	8b85                	andi	a5,a5,1
    8000090c:	cb85                	beqz	a5,8000093c <_printf_float+0x43a>
    8000090e:	65a2                	ld	a1,8(sp)
    80000910:	6502                	ld	a0,0(sp)
    80000912:	5cfd                	li	s9,-1
    80000914:	9982                	jalr	s3
    80000916:	cd9500e3          	beq	a0,s9,800005d6 <_printf_float+0xd4>
    8000091a:	65a2                	ld	a1,8(sp)
    8000091c:	6502                	ld	a0,0(sp)
    8000091e:	86de                	mv	a3,s7
    80000920:	8662                	mv	a2,s8
    80000922:	9982                	jalr	s3
    80000924:	cb9509e3          	beq	a0,s9,800005d6 <_printf_float+0xd4>
    80000928:	2438                	fld	fa4,72(s0)
    8000092a:	f20007d3          	fmv.d.x	fa5,zero
    8000092e:	3afd                	addiw	s5,s5,-1
    80000930:	a2f727d3          	feq.d	a5,fa4,fa5
    80000934:	eb85                	bnez	a5,80000964 <_printf_float+0x462>
    80000936:	86d6                	mv	a3,s5
    80000938:	001a0613          	addi	a2,s4,1
    8000093c:	65a2                	ld	a1,8(sp)
    8000093e:	6502                	ld	a0,0(sp)
    80000940:	9982                	jalr	s3
    80000942:	01951d63          	bne	a0,s9,8000095c <_printf_float+0x45a>
    80000946:	b941                	j	800005d6 <_printf_float+0xd4>
    80000948:	65a2                	ld	a1,8(sp)
    8000094a:	6502                	ld	a0,0(sp)
    8000094c:	4685                	li	a3,1
    8000094e:	865e                	mv	a2,s7
    80000950:	9982                	jalr	s3
    80000952:	c98502e3          	beq	a0,s8,800005d6 <_printf_float+0xd4>
    80000956:	2a05                	addiw	s4,s4,1
    80000958:	ff5a48e3          	blt	s4,s5,80000948 <_printf_float+0x446>
    8000095c:	86da                	mv	a3,s6
    8000095e:	05040613          	addi	a2,s0,80
    80000962:	b575                	j	8000080e <_printf_float+0x30c>
    80000964:	4a01                	li	s4,0
    80000966:	01a40b93          	addi	s7,s0,26
    8000096a:	5c7d                	li	s8,-1
    8000096c:	b7f5                	j	80000958 <_printf_float+0x456>
    8000096e:	65a2                	ld	a1,8(sp)
    80000970:	6502                	ld	a0,0(sp)
    80000972:	4685                	li	a3,1
    80000974:	8656                	mv	a2,s5
    80000976:	9982                	jalr	s3
    80000978:	c5650fe3          	beq	a0,s6,800005d6 <_printf_float+0xd4>
    8000097c:	2a05                	addiw	s4,s4,1
    8000097e:	445c                	lw	a5,12(s0)
    80000980:	4772                	lw	a4,28(sp)
    80000982:	9f99                	subw	a5,a5,a4
    80000984:	fefa45e3          	blt	s4,a5,8000096e <_printf_float+0x46c>
    80000988:	bb7d                	j	80000746 <_printf_float+0x244>
    8000098a:	4a01                	li	s4,0
    8000098c:	01940a93          	addi	s5,s0,25
    80000990:	5b7d                	li	s6,-1
    80000992:	b7f5                	j	8000097e <_printf_float+0x47c>

0000000080000994 <_printf_common>:
    80000994:	715d                	addi	sp,sp,-80
    80000996:	f052                	sd	s4,32(sp)
    80000998:	ec56                	sd	s5,24(sp)
    8000099a:	8a36                	mv	s4,a3
    8000099c:	8aba                	mv	s5,a4
    8000099e:	4994                	lw	a3,16(a1)
    800009a0:	4598                	lw	a4,8(a1)
    800009a2:	e0a2                	sd	s0,64(sp)
    800009a4:	f84a                	sd	s2,48(sp)
    800009a6:	f44e                	sd	s3,40(sp)
    800009a8:	e486                	sd	ra,72(sp)
    800009aa:	fc26                	sd	s1,56(sp)
    800009ac:	e85a                	sd	s6,16(sp)
    800009ae:	e45e                	sd	s7,8(sp)
    800009b0:	89aa                	mv	s3,a0
    800009b2:	842e                	mv	s0,a1
    800009b4:	8932                	mv	s2,a2
    800009b6:	87ba                	mv	a5,a4
    800009b8:	00e6c363          	blt	a3,a4,800009be <_printf_common+0x2a>
    800009bc:	87b6                	mv	a5,a3
    800009be:	00f92023          	sw	a5,0(s2)
    800009c2:	04344703          	lbu	a4,67(s0)
    800009c6:	c701                	beqz	a4,800009ce <_printf_common+0x3a>
    800009c8:	2785                	addiw	a5,a5,1
    800009ca:	00f92023          	sw	a5,0(s2)
    800009ce:	401c                	lw	a5,0(s0)
    800009d0:	0207f793          	andi	a5,a5,32
    800009d4:	c791                	beqz	a5,800009e0 <_printf_common+0x4c>
    800009d6:	00092783          	lw	a5,0(s2)
    800009da:	2789                	addiw	a5,a5,2
    800009dc:	00f92023          	sw	a5,0(s2)
    800009e0:	4004                	lw	s1,0(s0)
    800009e2:	8899                	andi	s1,s1,6
    800009e4:	e891                	bnez	s1,800009f8 <_printf_common+0x64>
    800009e6:	01940b13          	addi	s6,s0,25
    800009ea:	5bfd                	li	s7,-1
    800009ec:	445c                	lw	a5,12(s0)
    800009ee:	00092703          	lw	a4,0(s2)
    800009f2:	9f99                	subw	a5,a5,a4
    800009f4:	06f4c063          	blt	s1,a5,80000a54 <_printf_common+0xc0>
    800009f8:	04344783          	lbu	a5,67(s0)
    800009fc:	00f03633          	snez	a2,a5
    80000a00:	00f036b3          	snez	a3,a5
    80000a04:	401c                	lw	a5,0(s0)
    80000a06:	0207f793          	andi	a5,a5,32
    80000a0a:	ebb5                	bnez	a5,80000a7e <_printf_common+0xea>
    80000a0c:	04340613          	addi	a2,s0,67
    80000a10:	85d2                	mv	a1,s4
    80000a12:	854e                	mv	a0,s3
    80000a14:	9a82                	jalr	s5
    80000a16:	57fd                	li	a5,-1
    80000a18:	04f50563          	beq	a0,a5,80000a62 <_printf_common+0xce>
    80000a1c:	401c                	lw	a5,0(s0)
    80000a1e:	4711                	li	a4,4
    80000a20:	4481                	li	s1,0
    80000a22:	8b99                	andi	a5,a5,6
    80000a24:	00e79b63          	bne	a5,a4,80000a3a <_printf_common+0xa6>
    80000a28:	00092783          	lw	a5,0(s2)
    80000a2c:	4444                	lw	s1,12(s0)
    80000a2e:	9c9d                	subw	s1,s1,a5
    80000a30:	02049793          	slli	a5,s1,0x20
    80000a34:	0007d363          	bgez	a5,80000a3a <_printf_common+0xa6>
    80000a38:	4481                	li	s1,0
    80000a3a:	441c                	lw	a5,8(s0)
    80000a3c:	4818                	lw	a4,16(s0)
    80000a3e:	00f75463          	bge	a4,a5,80000a46 <_printf_common+0xb2>
    80000a42:	9f99                	subw	a5,a5,a4
    80000a44:	9cbd                	addw	s1,s1,a5
    80000a46:	4901                	li	s2,0
    80000a48:	0469                	addi	s0,s0,26
    80000a4a:	5b7d                	li	s6,-1
    80000a4c:	05249a63          	bne	s1,s2,80000aa0 <_printf_common+0x10c>
    80000a50:	4501                	li	a0,0
    80000a52:	a809                	j	80000a64 <_printf_common+0xd0>
    80000a54:	4685                	li	a3,1
    80000a56:	865a                	mv	a2,s6
    80000a58:	85d2                	mv	a1,s4
    80000a5a:	854e                	mv	a0,s3
    80000a5c:	9a82                	jalr	s5
    80000a5e:	01751e63          	bne	a0,s7,80000a7a <_printf_common+0xe6>
    80000a62:	557d                	li	a0,-1
    80000a64:	60a6                	ld	ra,72(sp)
    80000a66:	6406                	ld	s0,64(sp)
    80000a68:	74e2                	ld	s1,56(sp)
    80000a6a:	7942                	ld	s2,48(sp)
    80000a6c:	79a2                	ld	s3,40(sp)
    80000a6e:	7a02                	ld	s4,32(sp)
    80000a70:	6ae2                	ld	s5,24(sp)
    80000a72:	6b42                	ld	s6,16(sp)
    80000a74:	6ba2                	ld	s7,8(sp)
    80000a76:	6161                	addi	sp,sp,80
    80000a78:	8082                	ret
    80000a7a:	2485                	addiw	s1,s1,1
    80000a7c:	bf85                	j	800009ec <_printf_common+0x58>
    80000a7e:	00d407b3          	add	a5,s0,a3
    80000a82:	03000693          	li	a3,48
    80000a86:	04d781a3          	sb	a3,67(a5)
    80000a8a:	0016071b          	addiw	a4,a2,1
    80000a8e:	0026069b          	addiw	a3,a2,2
    80000a92:	04544603          	lbu	a2,69(s0)
    80000a96:	00e407b3          	add	a5,s0,a4
    80000a9a:	04c781a3          	sb	a2,67(a5)
    80000a9e:	b7bd                	j	80000a0c <_printf_common+0x78>
    80000aa0:	4685                	li	a3,1
    80000aa2:	8622                	mv	a2,s0
    80000aa4:	85d2                	mv	a1,s4
    80000aa6:	854e                	mv	a0,s3
    80000aa8:	9a82                	jalr	s5
    80000aaa:	fb650ce3          	beq	a0,s6,80000a62 <_printf_common+0xce>
    80000aae:	2905                	addiw	s2,s2,1
    80000ab0:	bf71                	j	80000a4c <_printf_common+0xb8>

0000000080000ab2 <_printf_i>:
    80000ab2:	715d                	addi	sp,sp,-80
    80000ab4:	e0a2                	sd	s0,64(sp)
    80000ab6:	f84a                	sd	s2,48(sp)
    80000ab8:	f44e                	sd	s3,40(sp)
    80000aba:	f052                	sd	s4,32(sp)
    80000abc:	e486                	sd	ra,72(sp)
    80000abe:	fc26                	sd	s1,56(sp)
    80000ac0:	ec56                	sd	s5,24(sp)
    80000ac2:	e85a                	sd	s6,16(sp)
    80000ac4:	0185c803          	lbu	a6,24(a1)
    80000ac8:	07800793          	li	a5,120
    80000acc:	892a                	mv	s2,a0
    80000ace:	842e                	mv	s0,a1
    80000ad0:	89b2                	mv	s3,a2
    80000ad2:	8a36                	mv	s4,a3
    80000ad4:	0307e263          	bltu	a5,a6,80000af8 <_printf_i+0x46>
    80000ad8:	06200793          	li	a5,98
    80000adc:	04358693          	addi	a3,a1,67
    80000ae0:	0307e163          	bltu	a5,a6,80000b02 <_printf_i+0x50>
    80000ae4:	1c080663          	beqz	a6,80000cb0 <_printf_i+0x1fe>
    80000ae8:	05800793          	li	a5,88
    80000aec:	00003617          	auipc	a2,0x3
    80000af0:	6cc60613          	addi	a2,a2,1740 # 800041b8 <__tbss_end+0x5e>
    80000af4:	14f80a63          	beq	a6,a5,80000c48 <_printf_i+0x196>
    80000af8:	04240493          	addi	s1,s0,66
    80000afc:	05040123          	sb	a6,66(s0)
    80000b00:	a815                	j	80000b34 <_printf_i+0x82>
    80000b02:	f9d8079b          	addiw	a5,a6,-99
    80000b06:	0ff7f793          	zext.b	a5,a5
    80000b0a:	4655                	li	a2,21
    80000b0c:	fef666e3          	bltu	a2,a5,80000af8 <_printf_i+0x46>
    80000b10:	00004617          	auipc	a2,0x4
    80000b14:	9a860613          	addi	a2,a2,-1624 # 800044b8 <__tbss_end+0x35e>
    80000b18:	078a                	slli	a5,a5,0x2
    80000b1a:	97b2                	add	a5,a5,a2
    80000b1c:	439c                	lw	a5,0(a5)
    80000b1e:	97b2                	add	a5,a5,a2
    80000b20:	8782                	jr	a5
    80000b22:	631c                	ld	a5,0(a4)
    80000b24:	04258493          	addi	s1,a1,66
    80000b28:	00878693          	addi	a3,a5,8
    80000b2c:	439c                	lw	a5,0(a5)
    80000b2e:	e314                	sd	a3,0(a4)
    80000b30:	04f58123          	sb	a5,66(a1)
    80000b34:	4785                	li	a5,1
    80000b36:	aa4d                	j	80000ce8 <_printf_i+0x236>
    80000b38:	419c                	lw	a5,0(a1)
    80000b3a:	6308                	ld	a0,0(a4)
    80000b3c:	0807f613          	andi	a2,a5,128
    80000b40:	00850593          	addi	a1,a0,8
    80000b44:	c20d                	beqz	a2,80000b66 <_printf_i+0xb4>
    80000b46:	611c                	ld	a5,0(a0)
    80000b48:	e30c                	sd	a1,0(a4)
    80000b4a:	0007d863          	bgez	a5,80000b5a <_printf_i+0xa8>
    80000b4e:	02d00713          	li	a4,45
    80000b52:	40f007b3          	neg	a5,a5
    80000b56:	04e401a3          	sb	a4,67(s0)
    80000b5a:	00003617          	auipc	a2,0x3
    80000b5e:	65e60613          	addi	a2,a2,1630 # 800041b8 <__tbss_end+0x5e>
    80000b62:	4829                	li	a6,10
    80000b64:	a83d                	j	80000ba2 <_printf_i+0xf0>
    80000b66:	0407f613          	andi	a2,a5,64
    80000b6a:	411c                	lw	a5,0(a0)
    80000b6c:	e30c                	sd	a1,0(a4)
    80000b6e:	de71                	beqz	a2,80000b4a <_printf_i+0x98>
    80000b70:	0107979b          	slliw	a5,a5,0x10
    80000b74:	4107d79b          	sraiw	a5,a5,0x10
    80000b78:	bfc9                	j	80000b4a <_printf_i+0x98>
    80000b7a:	4190                	lw	a2,0(a1)
    80000b7c:	631c                	ld	a5,0(a4)
    80000b7e:	08067513          	andi	a0,a2,128
    80000b82:	00878593          	addi	a1,a5,8
    80000b86:	cd41                	beqz	a0,80000c1e <_printf_i+0x16c>
    80000b88:	639c                	ld	a5,0(a5)
    80000b8a:	e30c                	sd	a1,0(a4)
    80000b8c:	06f00713          	li	a4,111
    80000b90:	00003617          	auipc	a2,0x3
    80000b94:	62860613          	addi	a2,a2,1576 # 800041b8 <__tbss_end+0x5e>
    80000b98:	0ee81e63          	bne	a6,a4,80000c94 <_printf_i+0x1e2>
    80000b9c:	4821                	li	a6,8
    80000b9e:	040401a3          	sb	zero,67(s0)
    80000ba2:	4058                	lw	a4,4(s0)
    80000ba4:	c418                	sw	a4,8(s0)
    80000ba6:	00074563          	bltz	a4,80000bb0 <_printf_i+0xfe>
    80000baa:	400c                	lw	a1,0(s0)
    80000bac:	99ed                	andi	a1,a1,-5
    80000bae:	c00c                	sw	a1,0(s0)
    80000bb0:	e399                	bnez	a5,80000bb6 <_printf_i+0x104>
    80000bb2:	84b6                	mv	s1,a3
    80000bb4:	cf19                	beqz	a4,80000bd2 <_printf_i+0x120>
    80000bb6:	84b6                	mv	s1,a3
    80000bb8:	0307f733          	remu	a4,a5,a6
    80000bbc:	14fd                	addi	s1,s1,-1
    80000bbe:	9732                	add	a4,a4,a2
    80000bc0:	00074703          	lbu	a4,0(a4)
    80000bc4:	00e48023          	sb	a4,0(s1)
    80000bc8:	873e                	mv	a4,a5
    80000bca:	0307d7b3          	divu	a5,a5,a6
    80000bce:	ff0775e3          	bgeu	a4,a6,80000bb8 <_printf_i+0x106>
    80000bd2:	47a1                	li	a5,8
    80000bd4:	00f81e63          	bne	a6,a5,80000bf0 <_printf_i+0x13e>
    80000bd8:	401c                	lw	a5,0(s0)
    80000bda:	8b85                	andi	a5,a5,1
    80000bdc:	cb91                	beqz	a5,80000bf0 <_printf_i+0x13e>
    80000bde:	4058                	lw	a4,4(s0)
    80000be0:	481c                	lw	a5,16(s0)
    80000be2:	00e7c763          	blt	a5,a4,80000bf0 <_printf_i+0x13e>
    80000be6:	03000793          	li	a5,48
    80000bea:	fef48fa3          	sb	a5,-1(s1)
    80000bee:	14fd                	addi	s1,s1,-1
    80000bf0:	8e85                	sub	a3,a3,s1
    80000bf2:	c814                	sw	a3,16(s0)
    80000bf4:	8752                	mv	a4,s4
    80000bf6:	86ce                	mv	a3,s3
    80000bf8:	0070                	addi	a2,sp,12
    80000bfa:	85a2                	mv	a1,s0
    80000bfc:	854a                	mv	a0,s2
    80000bfe:	d97ff0ef          	jal	80000994 <_printf_common>
    80000c02:	5afd                	li	s5,-1
    80000c04:	0f551663          	bne	a0,s5,80000cf0 <_printf_i+0x23e>
    80000c08:	557d                	li	a0,-1
    80000c0a:	60a6                	ld	ra,72(sp)
    80000c0c:	6406                	ld	s0,64(sp)
    80000c0e:	74e2                	ld	s1,56(sp)
    80000c10:	7942                	ld	s2,48(sp)
    80000c12:	79a2                	ld	s3,40(sp)
    80000c14:	7a02                	ld	s4,32(sp)
    80000c16:	6ae2                	ld	s5,24(sp)
    80000c18:	6b42                	ld	s6,16(sp)
    80000c1a:	6161                	addi	sp,sp,80
    80000c1c:	8082                	ret
    80000c1e:	439c                	lw	a5,0(a5)
    80000c20:	04067613          	andi	a2,a2,64
    80000c24:	e30c                	sd	a1,0(a4)
    80000c26:	c601                	beqz	a2,80000c2e <_printf_i+0x17c>
    80000c28:	17c2                	slli	a5,a5,0x30
    80000c2a:	93c1                	srli	a5,a5,0x30
    80000c2c:	b785                	j	80000b8c <_printf_i+0xda>
    80000c2e:	1782                	slli	a5,a5,0x20
    80000c30:	9381                	srli	a5,a5,0x20
    80000c32:	bfa9                	j	80000b8c <_printf_i+0xda>
    80000c34:	419c                	lw	a5,0(a1)
    80000c36:	0a07e793          	ori	a5,a5,160
    80000c3a:	c19c                	sw	a5,0(a1)
    80000c3c:	07800813          	li	a6,120
    80000c40:	00003617          	auipc	a2,0x3
    80000c44:	59060613          	addi	a2,a2,1424 # 800041d0 <__tbss_end+0x76>
    80000c48:	050402a3          	sb	a6,69(s0)
    80000c4c:	400c                	lw	a1,0(s0)
    80000c4e:	631c                	ld	a5,0(a4)
    80000c50:	0805f813          	andi	a6,a1,128
    80000c54:	00878513          	addi	a0,a5,8
    80000c58:	00080d63          	beqz	a6,80000c72 <_printf_i+0x1c0>
    80000c5c:	639c                	ld	a5,0(a5)
    80000c5e:	e308                	sd	a0,0(a4)
    80000c60:	0015f713          	andi	a4,a1,1
    80000c64:	c701                	beqz	a4,80000c6c <_printf_i+0x1ba>
    80000c66:	0205e593          	ori	a1,a1,32
    80000c6a:	c00c                	sw	a1,0(s0)
    80000c6c:	cf99                	beqz	a5,80000c8a <_printf_i+0x1d8>
    80000c6e:	4841                	li	a6,16
    80000c70:	b73d                	j	80000b9e <_printf_i+0xec>
    80000c72:	439c                	lw	a5,0(a5)
    80000c74:	0405f813          	andi	a6,a1,64
    80000c78:	e308                	sd	a0,0(a4)
    80000c7a:	00080563          	beqz	a6,80000c84 <_printf_i+0x1d2>
    80000c7e:	17c2                	slli	a5,a5,0x30
    80000c80:	93c1                	srli	a5,a5,0x30
    80000c82:	bff9                	j	80000c60 <_printf_i+0x1ae>
    80000c84:	1782                	slli	a5,a5,0x20
    80000c86:	9381                	srli	a5,a5,0x20
    80000c88:	bfe1                	j	80000c60 <_printf_i+0x1ae>
    80000c8a:	4018                	lw	a4,0(s0)
    80000c8c:	fdf77713          	andi	a4,a4,-33
    80000c90:	c018                	sw	a4,0(s0)
    80000c92:	bff1                	j	80000c6e <_printf_i+0x1bc>
    80000c94:	4829                	li	a6,10
    80000c96:	b721                	j	80000b9e <_printf_i+0xec>
    80000c98:	4190                	lw	a2,0(a1)
    80000c9a:	631c                	ld	a5,0(a4)
    80000c9c:	49cc                	lw	a1,20(a1)
    80000c9e:	08067813          	andi	a6,a2,128
    80000ca2:	00878513          	addi	a0,a5,8
    80000ca6:	00080963          	beqz	a6,80000cb8 <_printf_i+0x206>
    80000caa:	e308                	sd	a0,0(a4)
    80000cac:	639c                	ld	a5,0(a5)
    80000cae:	e38c                	sd	a1,0(a5)
    80000cb0:	00042823          	sw	zero,16(s0)
    80000cb4:	84b6                	mv	s1,a3
    80000cb6:	bf3d                	j	80000bf4 <_printf_i+0x142>
    80000cb8:	e308                	sd	a0,0(a4)
    80000cba:	04067613          	andi	a2,a2,64
    80000cbe:	639c                	ld	a5,0(a5)
    80000cc0:	c601                	beqz	a2,80000cc8 <_printf_i+0x216>
    80000cc2:	00b79023          	sh	a1,0(a5)
    80000cc6:	b7ed                	j	80000cb0 <_printf_i+0x1fe>
    80000cc8:	c38c                	sw	a1,0(a5)
    80000cca:	b7dd                	j	80000cb0 <_printf_i+0x1fe>
    80000ccc:	631c                	ld	a5,0(a4)
    80000cce:	41d0                	lw	a2,4(a1)
    80000cd0:	4581                	li	a1,0
    80000cd2:	00878693          	addi	a3,a5,8
    80000cd6:	e314                	sd	a3,0(a4)
    80000cd8:	6384                	ld	s1,0(a5)
    80000cda:	8526                	mv	a0,s1
    80000cdc:	0b0000ef          	jal	80000d8c <memchr>
    80000ce0:	c119                	beqz	a0,80000ce6 <_printf_i+0x234>
    80000ce2:	8d05                	sub	a0,a0,s1
    80000ce4:	c048                	sw	a0,4(s0)
    80000ce6:	405c                	lw	a5,4(s0)
    80000ce8:	c81c                	sw	a5,16(s0)
    80000cea:	040401a3          	sb	zero,67(s0)
    80000cee:	b719                	j	80000bf4 <_printf_i+0x142>
    80000cf0:	4814                	lw	a3,16(s0)
    80000cf2:	8626                	mv	a2,s1
    80000cf4:	85ce                	mv	a1,s3
    80000cf6:	854a                	mv	a0,s2
    80000cf8:	9a02                	jalr	s4
    80000cfa:	f15507e3          	beq	a0,s5,80000c08 <_printf_i+0x156>
    80000cfe:	401c                	lw	a5,0(s0)
    80000d00:	8b89                	andi	a5,a5,2
    80000d02:	eb85                	bnez	a5,80000d32 <_printf_i+0x280>
    80000d04:	4458                	lw	a4,12(s0)
    80000d06:	47b2                	lw	a5,12(sp)
    80000d08:	0007051b          	sext.w	a0,a4
    80000d0c:	eef75fe3          	bge	a4,a5,80000c0a <_printf_i+0x158>
    80000d10:	0007851b          	sext.w	a0,a5
    80000d14:	bddd                	j	80000c0a <_printf_i+0x158>
    80000d16:	4685                	li	a3,1
    80000d18:	8656                	mv	a2,s5
    80000d1a:	85ce                	mv	a1,s3
    80000d1c:	854a                	mv	a0,s2
    80000d1e:	9a02                	jalr	s4
    80000d20:	ef6504e3          	beq	a0,s6,80000c08 <_printf_i+0x156>
    80000d24:	2485                	addiw	s1,s1,1
    80000d26:	445c                	lw	a5,12(s0)
    80000d28:	4732                	lw	a4,12(sp)
    80000d2a:	9f99                	subw	a5,a5,a4
    80000d2c:	fef4c5e3          	blt	s1,a5,80000d16 <_printf_i+0x264>
    80000d30:	bfd1                	j	80000d04 <_printf_i+0x252>
    80000d32:	4481                	li	s1,0
    80000d34:	01940a93          	addi	s5,s0,25
    80000d38:	5b7d                	li	s6,-1
    80000d3a:	b7f5                	j	80000d26 <_printf_i+0x274>

0000000080000d3c <_iprintf_r>:
    80000d3c:	715d                	addi	sp,sp,-80
    80000d3e:	f032                	sd	a2,32(sp)
    80000d40:	f436                	sd	a3,40(sp)
    80000d42:	f83a                	sd	a4,48(sp)
    80000d44:	fc3e                	sd	a5,56(sp)
    80000d46:	e0c2                	sd	a6,64(sp)
    80000d48:	e4c6                	sd	a7,72(sp)
    80000d4a:	862e                	mv	a2,a1
    80000d4c:	690c                	ld	a1,16(a0)
    80000d4e:	1014                	addi	a3,sp,32
    80000d50:	ec06                	sd	ra,24(sp)
    80000d52:	e436                	sd	a3,8(sp)
    80000d54:	2e9010ef          	jal	8000283c <_vfiprintf_r>
    80000d58:	60e2                	ld	ra,24(sp)
    80000d5a:	6161                	addi	sp,sp,80
    80000d5c:	8082                	ret

0000000080000d5e <iprintf>:
    80000d5e:	711d                	addi	sp,sp,-96
    80000d60:	f832                	sd	a2,48(sp)
    80000d62:	fc36                	sd	a3,56(sp)
    80000d64:	e4be                	sd	a5,72(sp)
    80000d66:	f42e                	sd	a1,40(sp)
    80000d68:	e0ba                	sd	a4,64(sp)
    80000d6a:	e8c2                	sd	a6,80(sp)
    80000d6c:	ecc6                	sd	a7,88(sp)
    80000d6e:	00004797          	auipc	a5,0x4
    80000d72:	cb27b783          	ld	a5,-846(a5) # 80004a20 <_impure_ptr>
    80000d76:	6b8c                	ld	a1,16(a5)
    80000d78:	1034                	addi	a3,sp,40
    80000d7a:	862a                	mv	a2,a0
    80000d7c:	853e                	mv	a0,a5
    80000d7e:	ec06                	sd	ra,24(sp)
    80000d80:	e436                	sd	a3,8(sp)
    80000d82:	2bb010ef          	jal	8000283c <_vfiprintf_r>
    80000d86:	60e2                	ld	ra,24(sp)
    80000d88:	6125                	addi	sp,sp,96
    80000d8a:	8082                	ret

0000000080000d8c <memchr>:
    80000d8c:	0ff5f593          	zext.b	a1,a1
    80000d90:	962a                	add	a2,a2,a0
    80000d92:	00c51463          	bne	a0,a2,80000d9a <memchr+0xe>
    80000d96:	4501                	li	a0,0
    80000d98:	8082                	ret
    80000d9a:	00054783          	lbu	a5,0(a0)
    80000d9e:	feb78de3          	beq	a5,a1,80000d98 <memchr+0xc>
    80000da2:	0505                	addi	a0,a0,1
    80000da4:	b7fd                	j	80000d92 <memchr+0x6>

0000000080000da6 <__localeconv_l>:
    80000da6:	10050513          	addi	a0,a0,256
    80000daa:	8082                	ret

0000000080000dac <_localeconv_r>:
    80000dac:	00004517          	auipc	a0,0x4
    80000db0:	bcc50513          	addi	a0,a0,-1076 # 80004978 <__global_locale+0x100>
    80000db4:	8082                	ret

0000000080000db6 <localeconv>:
    80000db6:	00004517          	auipc	a0,0x4
    80000dba:	bc250513          	addi	a0,a0,-1086 # 80004978 <__global_locale+0x100>
    80000dbe:	8082                	ret

0000000080000dc0 <strlen>:
    80000dc0:	87aa                	mv	a5,a0
    80000dc2:	0007c703          	lbu	a4,0(a5)
    80000dc6:	0785                	addi	a5,a5,1
    80000dc8:	ff6d                	bnez	a4,80000dc2 <strlen+0x2>
    80000dca:	40a78533          	sub	a0,a5,a0
    80000dce:	157d                	addi	a0,a0,-1
    80000dd0:	8082                	ret

0000000080000dd2 <quorem>:
    80000dd2:	7139                	addi	sp,sp,-64
    80000dd4:	f822                	sd	s0,48(sp)
    80000dd6:	495c                	lw	a5,20(a0)
    80000dd8:	49c0                	lw	s0,20(a1)
    80000dda:	fc06                	sd	ra,56(sp)
    80000ddc:	f426                	sd	s1,40(sp)
    80000dde:	f04a                	sd	s2,32(sp)
    80000de0:	ec4e                	sd	s3,24(sp)
    80000de2:	e852                	sd	s4,16(sp)
    80000de4:	e456                	sd	s5,8(sp)
    80000de6:	e05a                	sd	s6,0(sp)
    80000de8:	1287c963          	blt	a5,s0,80000f1a <quorem+0x148>
    80000dec:	347d                	addiw	s0,s0,-1
    80000dee:	00241613          	slli	a2,s0,0x2
    80000df2:	01858a93          	addi	s5,a1,24
    80000df6:	00ca8a33          	add	s4,s5,a2
    80000dfa:	01850993          	addi	s3,a0,24
    80000dfe:	000a2483          	lw	s1,0(s4)
    80000e02:	964e                	add	a2,a2,s3
    80000e04:	421c                	lw	a5,0(a2)
    80000e06:	0014871b          	addiw	a4,s1,1
    80000e0a:	892a                	mv	s2,a0
    80000e0c:	02e7db3b          	divuw	s6,a5,a4
    80000e10:	84da                	mv	s1,s6
    80000e12:	06e7e863          	bltu	a5,a4,80000e82 <quorem+0xb0>
    80000e16:	6541                	lui	a0,0x10
    80000e18:	834e                	mv	t1,s3
    80000e1a:	88d6                	mv	a7,s5
    80000e1c:	4e01                	li	t3,0
    80000e1e:	4e81                	li	t4,0
    80000e20:	157d                	addi	a0,a0,-1 # ffff <__stack_size+0x7fff>
    80000e22:	0008a703          	lw	a4,0(a7)
    80000e26:	0891                	addi	a7,a7,4
    80000e28:	0311                	addi	t1,t1,4
    80000e2a:	00a77833          	and	a6,a4,a0
    80000e2e:	0368083b          	mulw	a6,a6,s6
    80000e32:	0107571b          	srliw	a4,a4,0x10
    80000e36:	0367073b          	mulw	a4,a4,s6
    80000e3a:	01c8083b          	addw	a6,a6,t3
    80000e3e:	0108579b          	srliw	a5,a6,0x10
    80000e42:	01057833          	and	a6,a0,a6
    80000e46:	9f3d                	addw	a4,a4,a5
    80000e48:	ffc32783          	lw	a5,-4(t1)
    80000e4c:	01075e1b          	srliw	t3,a4,0x10
    80000e50:	8f69                	and	a4,a4,a0
    80000e52:	00a7f6b3          	and	a3,a5,a0
    80000e56:	410686bb          	subw	a3,a3,a6
    80000e5a:	01d686bb          	addw	a3,a3,t4
    80000e5e:	0107d79b          	srliw	a5,a5,0x10
    80000e62:	9f99                	subw	a5,a5,a4
    80000e64:	4106d71b          	sraiw	a4,a3,0x10
    80000e68:	9fb9                	addw	a5,a5,a4
    80000e6a:	4107de9b          	sraiw	t4,a5,0x10
    80000e6e:	8ee9                	and	a3,a3,a0
    80000e70:	0107979b          	slliw	a5,a5,0x10
    80000e74:	8edd                	or	a3,a3,a5
    80000e76:	fed32e23          	sw	a3,-4(t1)
    80000e7a:	fb1a74e3          	bgeu	s4,a7,80000e22 <quorem+0x50>
    80000e7e:	421c                	lw	a5,0(a2)
    80000e80:	cfb5                	beqz	a5,80000efc <quorem+0x12a>
    80000e82:	854a                	mv	a0,s2
    80000e84:	416010ef          	jal	8000229a <__mcmp>
    80000e88:	04054b63          	bltz	a0,80000ede <quorem+0x10c>
    80000e8c:	6641                	lui	a2,0x10
    80000e8e:	85ce                	mv	a1,s3
    80000e90:	86d6                	mv	a3,s5
    80000e92:	4801                	li	a6,0
    80000e94:	167d                	addi	a2,a2,-1 # ffff <__stack_size+0x7fff>
    80000e96:	4288                	lw	a0,0(a3)
    80000e98:	419c                	lw	a5,0(a1)
    80000e9a:	0691                	addi	a3,a3,4
    80000e9c:	00c578b3          	and	a7,a0,a2
    80000ea0:	00c7f733          	and	a4,a5,a2
    80000ea4:	4117073b          	subw	a4,a4,a7
    80000ea8:	0107073b          	addw	a4,a4,a6
    80000eac:	0105551b          	srliw	a0,a0,0x10
    80000eb0:	0107d79b          	srliw	a5,a5,0x10
    80000eb4:	9f89                	subw	a5,a5,a0
    80000eb6:	4107551b          	sraiw	a0,a4,0x10
    80000eba:	9fa9                	addw	a5,a5,a0
    80000ebc:	4107d81b          	sraiw	a6,a5,0x10
    80000ec0:	8f71                	and	a4,a4,a2
    80000ec2:	0107979b          	slliw	a5,a5,0x10
    80000ec6:	8f5d                	or	a4,a4,a5
    80000ec8:	c198                	sw	a4,0(a1)
    80000eca:	0591                	addi	a1,a1,4
    80000ecc:	fcda75e3          	bgeu	s4,a3,80000e96 <quorem+0xc4>
    80000ed0:	00241793          	slli	a5,s0,0x2
    80000ed4:	97ce                	add	a5,a5,s3
    80000ed6:	4398                	lw	a4,0(a5)
    80000ed8:	cb1d                	beqz	a4,80000f0e <quorem+0x13c>
    80000eda:	00148b1b          	addiw	s6,s1,1
    80000ede:	000b051b          	sext.w	a0,s6
    80000ee2:	70e2                	ld	ra,56(sp)
    80000ee4:	7442                	ld	s0,48(sp)
    80000ee6:	74a2                	ld	s1,40(sp)
    80000ee8:	7902                	ld	s2,32(sp)
    80000eea:	69e2                	ld	s3,24(sp)
    80000eec:	6a42                	ld	s4,16(sp)
    80000eee:	6aa2                	ld	s5,8(sp)
    80000ef0:	6b02                	ld	s6,0(sp)
    80000ef2:	6121                	addi	sp,sp,64
    80000ef4:	8082                	ret
    80000ef6:	421c                	lw	a5,0(a2)
    80000ef8:	e789                	bnez	a5,80000f02 <quorem+0x130>
    80000efa:	347d                	addiw	s0,s0,-1
    80000efc:	1671                	addi	a2,a2,-4
    80000efe:	fec9ece3          	bltu	s3,a2,80000ef6 <quorem+0x124>
    80000f02:	00892a23          	sw	s0,20(s2)
    80000f06:	bfb5                	j	80000e82 <quorem+0xb0>
    80000f08:	4398                	lw	a4,0(a5)
    80000f0a:	e709                	bnez	a4,80000f14 <quorem+0x142>
    80000f0c:	347d                	addiw	s0,s0,-1
    80000f0e:	17f1                	addi	a5,a5,-4
    80000f10:	fef9ece3          	bltu	s3,a5,80000f08 <quorem+0x136>
    80000f14:	00892a23          	sw	s0,20(s2)
    80000f18:	b7c9                	j	80000eda <quorem+0x108>
    80000f1a:	4501                	li	a0,0
    80000f1c:	b7d9                	j	80000ee2 <quorem+0x110>

0000000080000f1e <_dtoa_r>:
    80000f1e:	7155                	addi	sp,sp,-208
    80000f20:	f54e                	sd	s3,168(sp)
    80000f22:	e20509d3          	fmv.x.d	s3,fa0
    80000f26:	f43e                	sd	a5,40(sp)
    80000f28:	7d1c                	ld	a5,56(a0)
    80000f2a:	e1a2                	sd	s0,192(sp)
    80000f2c:	e55e                	sd	s7,136(sp)
    80000f2e:	e586                	sd	ra,200(sp)
    80000f30:	fd26                	sd	s1,184(sp)
    80000f32:	f94a                	sd	s2,176(sp)
    80000f34:	f152                	sd	s4,160(sp)
    80000f36:	ed56                	sd	s5,152(sp)
    80000f38:	e95a                	sd	s6,144(sp)
    80000f3a:	e162                	sd	s8,128(sp)
    80000f3c:	fce6                	sd	s9,120(sp)
    80000f3e:	f8ea                	sd	s10,112(sp)
    80000f40:	f4ee                	sd	s11,104(sp)
    80000f42:	e42a                	sd	a0,8(sp)
    80000f44:	f032                	sd	a2,32(sp)
    80000f46:	e4b6                	sd	a3,72(sp)
    80000f48:	ec4e                	sd	s3,24(sp)
    80000f4a:	8bae                	mv	s7,a1
    80000f4c:	843a                	mv	s0,a4
    80000f4e:	ef8d                	bnez	a5,80000f88 <_dtoa_r+0x6a>
    80000f50:	02000513          	li	a0,32
    80000f54:	295000ef          	jal	800019e8 <malloc>
    80000f58:	67a2                	ld	a5,8(sp)
    80000f5a:	ff88                	sd	a0,56(a5)
    80000f5c:	ed11                	bnez	a0,80000f78 <_dtoa_r+0x5a>
    80000f5e:	00003697          	auipc	a3,0x3
    80000f62:	2a268693          	addi	a3,a3,674 # 80004200 <__tbss_end+0xa6>
    80000f66:	4601                	li	a2,0
    80000f68:	0ef00593          	li	a1,239
    80000f6c:	00003517          	auipc	a0,0x3
    80000f70:	2ac50513          	addi	a0,a0,684 # 80004218 <__tbss_end+0xbe>
    80000f74:	54c020ef          	jal	800034c0 <__assert_func>
    80000f78:	00052423          	sw	zero,8(a0)
    80000f7c:	00053823          	sd	zero,16(a0)
    80000f80:	00053023          	sd	zero,0(a0)
    80000f84:	00053c23          	sd	zero,24(a0)
    80000f88:	67a2                	ld	a5,8(sp)
    80000f8a:	7f9c                	ld	a5,56(a5)
    80000f8c:	638c                	ld	a1,0(a5)
    80000f8e:	cd91                	beqz	a1,80000faa <_dtoa_r+0x8c>
    80000f90:	4798                	lw	a4,8(a5)
    80000f92:	6522                	ld	a0,8(sp)
    80000f94:	4785                	li	a5,1
    80000f96:	00e797bb          	sllw	a5,a5,a4
    80000f9a:	c5dc                	sw	a5,12(a1)
    80000f9c:	c598                	sw	a4,8(a1)
    80000f9e:	49f000ef          	jal	80001c3c <_Bfree>
    80000fa2:	67a2                	ld	a5,8(sp)
    80000fa4:	7f9c                	ld	a5,56(a5)
    80000fa6:	0007b023          	sd	zero,0(a5)
    80000faa:	4209d793          	srai	a5,s3,0x20
    80000fae:	0409dd63          	bgez	s3,80001008 <_dtoa_r+0xea>
    80000fb2:	4705                	li	a4,1
    80000fb4:	c018                	sw	a4,0(s0)
    80000fb6:	577d                	li	a4,-1
    80000fb8:	1786                	slli	a5,a5,0x21
    80000fba:	9301                	srli	a4,a4,0x20
    80000fbc:	8385                	srli	a5,a5,0x1
    80000fbe:	01377733          	and	a4,a4,s3
    80000fc2:	8fd9                	or	a5,a5,a4
    80000fc4:	ec3e                	sd	a5,24(sp)
    80000fc6:	67e2                	ld	a5,24(sp)
    80000fc8:	7ff00737          	lui	a4,0x7ff00
    80000fcc:	4207da13          	srai	s4,a5,0x20
    80000fd0:	7ff007b7          	lui	a5,0x7ff00
    80000fd4:	00fa77b3          	and	a5,s4,a5
    80000fd8:	02e79b63          	bne	a5,a4,8000100e <_dtoa_r+0xf0>
    80000fdc:	6726                	ld	a4,72(sp)
    80000fde:	6789                	lui	a5,0x2
    80000fe0:	70f78793          	addi	a5,a5,1807 # 270f <__stack_align+0x26ff>
    80000fe4:	c31c                	sw	a5,0(a4)
    80000fe6:	67e2                	ld	a5,24(sp)
    80000fe8:	07b2                	slli	a5,a5,0xc
    80000fea:	180783e3          	beqz	a5,80001970 <_dtoa_r+0xa52>
    80000fee:	77a2                	ld	a5,40(sp)
    80000ff0:	00003997          	auipc	s3,0x3
    80000ff4:	20898993          	addi	s3,s3,520 # 800041f8 <__tbss_end+0x9e>
    80000ff8:	180788e3          	beqz	a5,80001988 <_dtoa_r+0xa6a>
    80000ffc:	00003797          	auipc	a5,0x3
    80001000:	1ff78793          	addi	a5,a5,511 # 800041fb <__tbss_end+0xa1>
    80001004:	1810006f          	j	80001984 <_dtoa_r+0xa66>
    80001008:	00042023          	sw	zero,0(s0)
    8000100c:	bf6d                	j	80000fc6 <_dtoa_r+0xa8>
    8000100e:	6962                	ld	s2,24(sp)
    80001010:	f20007d3          	fmv.d.x	fa5,zero
    80001014:	f2090753          	fmv.d.x	fa4,s2
    80001018:	a2f727d3          	feq.d	a5,fa4,fa5
    8000101c:	c395                	beqz	a5,80001040 <_dtoa_r+0x122>
    8000101e:	6726                	ld	a4,72(sp)
    80001020:	4785                	li	a5,1
    80001022:	c31c                	sw	a5,0(a4)
    80001024:	77a2                	ld	a5,40(sp)
    80001026:	c799                	beqz	a5,80001034 <_dtoa_r+0x116>
    80001028:	7722                	ld	a4,40(sp)
    8000102a:	00003797          	auipc	a5,0x3
    8000102e:	18778793          	addi	a5,a5,391 # 800041b1 <__tbss_end+0x57>
    80001032:	e31c                	sd	a5,0(a4)
    80001034:	00003997          	auipc	s3,0x3
    80001038:	17c98993          	addi	s3,s3,380 # 800041b0 <__tbss_end+0x56>
    8000103c:	14d0006f          	j	80001988 <_dtoa_r+0xa6a>
    80001040:	2562                	fld	fa0,24(sp)
    80001042:	6522                	ld	a0,8(sp)
    80001044:	08b0                	addi	a2,sp,88
    80001046:	08ec                	addi	a1,sp,92
    80001048:	526010ef          	jal	8000256e <__d2b>
    8000104c:	014a579b          	srliw	a5,s4,0x14
    80001050:	e82a                	sd	a0,16(sp)
    80001052:	7ff7f793          	andi	a5,a5,2047
    80001056:	4666                	lw	a2,88(sp)
    80001058:	cfed                	beqz	a5,80001152 <_dtoa_r+0x234>
    8000105a:	00c91713          	slli	a4,s2,0xc
    8000105e:	65e2                	ld	a1,24(sp)
    80001060:	9331                	srli	a4,a4,0x2c
    80001062:	3ff006b7          	lui	a3,0x3ff00
    80001066:	8f55                	or	a4,a4,a3
    80001068:	c017879b          	addiw	a5,a5,-1023
    8000106c:	4a01                	li	s4,0
    8000106e:	02071693          	slli	a3,a4,0x20
    80001072:	577d                	li	a4,-1
    80001074:	9301                	srli	a4,a4,0x20
    80001076:	8f6d                	and	a4,a4,a1
    80001078:	8f55                	or	a4,a4,a3
    8000107a:	f2070753          	fmv.d.x	fa4,a4
    8000107e:	00004697          	auipc	a3,0x4
    80001082:	9d26b787          	fld	fa5,-1582(a3) # 80004a50 <__atexit_dummy+0x18>
    80001086:	00004717          	auipc	a4,0x4
    8000108a:	9d273687          	fld	fa3,-1582(a4) # 80004a58 <__atexit_dummy+0x20>
    8000108e:	0af777d3          	fsub.d	fa5,fa4,fa5
    80001092:	00004717          	auipc	a4,0x4
    80001096:	9ce73707          	fld	fa4,-1586(a4) # 80004a60 <__atexit_dummy+0x28>
    8000109a:	72d7f7c3          	fmadd.d	fa5,fa5,fa3,fa4
    8000109e:	d2078753          	fcvt.d.w	fa4,a5
    800010a2:	00004717          	auipc	a4,0x4
    800010a6:	9c673687          	fld	fa3,-1594(a4) # 80004a68 <__atexit_dummy+0x30>
    800010aa:	7ad777c3          	fmadd.d	fa5,fa4,fa3,fa5
    800010ae:	f2000753          	fmv.d.x	fa4,zero
    800010b2:	c20796d3          	fcvt.w.d	a3,fa5,rtz
    800010b6:	a2e795d3          	flt.d	a1,fa5,fa4
    800010ba:	0006849b          	sext.w	s1,a3
    800010be:	c981                	beqz	a1,800010ce <_dtoa_r+0x1b0>
    800010c0:	d2068753          	fcvt.d.w	fa4,a3
    800010c4:	a2f725d3          	feq.d	a1,fa4,fa5
    800010c8:	e199                	bnez	a1,800010ce <_dtoa_r+0x1b0>
    800010ca:	fff6849b          	addiw	s1,a3,-1
    800010ce:	4705                	li	a4,1
    800010d0:	0004869b          	sext.w	a3,s1
    800010d4:	45d9                	li	a1,22
    800010d6:	fc3a                	sd	a4,56(sp)
    800010d8:	02d5e163          	bltu	a1,a3,800010fa <_dtoa_r+0x1dc>
    800010dc:	00349593          	slli	a1,s1,0x3
    800010e0:	00003697          	auipc	a3,0x3
    800010e4:	49068693          	addi	a3,a3,1168 # 80004570 <__mprec_tens>
    800010e8:	96ae                	add	a3,a3,a1
    800010ea:	229c                	fld	fa5,0(a3)
    800010ec:	f2090753          	fmv.d.x	fa4,s2
    800010f0:	a2f716d3          	flt.d	a3,fa4,fa5
    800010f4:	c291                	beqz	a3,800010f8 <_dtoa_r+0x1da>
    800010f6:	34fd                	addiw	s1,s1,-1
    800010f8:	fc02                	sd	zero,56(sp)
    800010fa:	9e1d                	subw	a2,a2,a5
    800010fc:	fff60d1b          	addiw	s10,a2,-1
    80001100:	4401                	li	s0,0
    80001102:	000d5663          	bgez	s10,8000110e <_dtoa_r+0x1f0>
    80001106:	4685                	li	a3,1
    80001108:	40c6843b          	subw	s0,a3,a2
    8000110c:	4d01                	li	s10,0
    8000110e:	0804ca63          	bltz	s1,800011a2 <_dtoa_r+0x284>
    80001112:	01a48d3b          	addw	s10,s1,s10
    80001116:	f826                	sd	s1,48(sp)
    80001118:	4881                	li	a7,0
    8000111a:	47a5                	li	a5,9
    8000111c:	0f77e363          	bltu	a5,s7,80001202 <_dtoa_r+0x2e4>
    80001120:	4795                	li	a5,5
    80001122:	4a85                	li	s5,1
    80001124:	0177d463          	bge	a5,s7,8000112c <_dtoa_r+0x20e>
    80001128:	3bf1                	addiw	s7,s7,-4
    8000112a:	4a81                	li	s5,0
    8000112c:	4791                	li	a5,4
    8000112e:	06fb8f63          	beq	s7,a5,800011ac <_dtoa_r+0x28e>
    80001132:	4795                	li	a5,5
    80001134:	0afb8c63          	beq	s7,a5,800011ec <_dtoa_r+0x2ce>
    80001138:	4789                	li	a5,2
    8000113a:	0afb8763          	beq	s7,a5,800011e8 <_dtoa_r+0x2ca>
    8000113e:	478d                	li	a5,3
    80001140:	4d81                	li	s11,0
    80001142:	0afb8663          	beq	s7,a5,800011ee <_dtoa_r+0x2d0>
    80001146:	4d85                	li	s11,1
    80001148:	5cfd                	li	s9,-1
    8000114a:	5b7d                	li	s6,-1
    8000114c:	47c9                	li	a5,18
    8000114e:	f002                	sd	zero,32(sp)
    80001150:	a0a5                	j	800011b8 <_dtoa_r+0x29a>
    80001152:	47f6                	lw	a5,92(sp)
    80001154:	02000713          	li	a4,32
    80001158:	2981                	sext.w	s3,s3
    8000115a:	9fb1                	addw	a5,a5,a2
    8000115c:	4327859b          	addiw	a1,a5,1074
    80001160:	02b75b63          	bge	a4,a1,80001196 <_dtoa_r+0x278>
    80001164:	04000713          	li	a4,64
    80001168:	9f0d                	subw	a4,a4,a1
    8000116a:	00ea1a3b          	sllw	s4,s4,a4
    8000116e:	4127871b          	addiw	a4,a5,1042
    80001172:	00e9d9bb          	srlw	s3,s3,a4
    80001176:	013a6a33          	or	s4,s4,s3
    8000117a:	000a099b          	sext.w	s3,s4
    8000117e:	d21987d3          	fcvt.d.wu	fa5,s3
    80001182:	fe100737          	lui	a4,0xfe100
    80001186:	37fd                	addiw	a5,a5,-1
    80001188:	e20785d3          	fmv.x.d	a1,fa5
    8000118c:	4a05                	li	s4,1
    8000118e:	0205d693          	srli	a3,a1,0x20
    80001192:	9f35                	addw	a4,a4,a3
    80001194:	bde9                	j	8000106e <_dtoa_r+0x150>
    80001196:	02000713          	li	a4,32
    8000119a:	9f0d                	subw	a4,a4,a1
    8000119c:	00e999bb          	sllw	s3,s3,a4
    800011a0:	bff9                	j	8000117e <_dtoa_r+0x260>
    800011a2:	9c05                	subw	s0,s0,s1
    800011a4:	409008bb          	negw	a7,s1
    800011a8:	f802                	sd	zero,48(sp)
    800011aa:	bf85                	j	8000111a <_dtoa_r+0x1fc>
    800011ac:	4d85                	li	s11,1
    800011ae:	7782                	ld	a5,32(sp)
    800011b0:	04f05c63          	blez	a5,80001208 <_dtoa_r+0x2ea>
    800011b4:	8cbe                	mv	s9,a5
    800011b6:	8b3e                	mv	s6,a5
    800011b8:	6722                	ld	a4,8(sp)
    800011ba:	4581                	li	a1,0
    800011bc:	4611                	li	a2,4
    800011be:	7f08                	ld	a0,56(a4)
    800011c0:	01c60313          	addi	t1,a2,28
    800011c4:	0467f863          	bgeu	a5,t1,80001214 <_dtoa_r+0x2f6>
    800011c8:	c50c                	sw	a1,8(a0)
    800011ca:	6522                	ld	a0,8(sp)
    800011cc:	e0c6                	sd	a7,64(sp)
    800011ce:	1c3000ef          	jal	80001b90 <_Balloc>
    800011d2:	6886                	ld	a7,64(sp)
    800011d4:	89aa                	mv	s3,a0
    800011d6:	e139                	bnez	a0,8000121c <_dtoa_r+0x2fe>
    800011d8:	00003697          	auipc	a3,0x3
    800011dc:	0c868693          	addi	a3,a3,200 # 800042a0 <__tbss_end+0x146>
    800011e0:	4601                	li	a2,0
    800011e2:	1af00593          	li	a1,431
    800011e6:	b359                	j	80000f6c <_dtoa_r+0x4e>
    800011e8:	4d81                	li	s11,0
    800011ea:	b7d1                	j	800011ae <_dtoa_r+0x290>
    800011ec:	4d85                	li	s11,1
    800011ee:	7782                	ld	a5,32(sp)
    800011f0:	00f48cbb          	addw	s9,s1,a5
    800011f4:	001c8b1b          	addiw	s6,s9,1
    800011f8:	87da                	mv	a5,s6
    800011fa:	fb604fe3          	bgtz	s6,800011b8 <_dtoa_r+0x29a>
    800011fe:	4785                	li	a5,1
    80001200:	bf65                	j	800011b8 <_dtoa_r+0x29a>
    80001202:	4a85                	li	s5,1
    80001204:	4b81                	li	s7,0
    80001206:	b781                	j	80001146 <_dtoa_r+0x228>
    80001208:	4705                	li	a4,1
    8000120a:	4c85                	li	s9,1
    8000120c:	4b05                	li	s6,1
    8000120e:	4785                	li	a5,1
    80001210:	f03a                	sd	a4,32(sp)
    80001212:	b75d                	j	800011b8 <_dtoa_r+0x29a>
    80001214:	2585                	addiw	a1,a1,1
    80001216:	0016161b          	slliw	a2,a2,0x1
    8000121a:	b75d                	j	800011c0 <_dtoa_r+0x2a2>
    8000121c:	67a2                	ld	a5,8(sp)
    8000121e:	4639                	li	a2,14
    80001220:	7f9c                	ld	a5,56(a5)
    80001222:	e388                	sd	a0,0(a5)
    80001224:	000b079b          	sext.w	a5,s6
    80001228:	0cf66e63          	bltu	a2,a5,80001304 <_dtoa_r+0x3e6>
    8000122c:	0c0a8c63          	beqz	s5,80001304 <_dtoa_r+0x3e6>
    80001230:	14905e63          	blez	s1,8000138c <_dtoa_r+0x46e>
    80001234:	00f4f613          	andi	a2,s1,15
    80001238:	060e                	slli	a2,a2,0x3
    8000123a:	00003797          	auipc	a5,0x3
    8000123e:	33678793          	addi	a5,a5,822 # 80004570 <__mprec_tens>
    80001242:	97b2                	add	a5,a5,a2
    80001244:	239c                	fld	fa5,0(a5)
    80001246:	4044d79b          	sraiw	a5,s1,0x4
    8000124a:	0107f613          	andi	a2,a5,16
    8000124e:	4509                	li	a0,2
    80001250:	ce01                	beqz	a2,80001268 <_dtoa_r+0x34a>
    80001252:	f20906d3          	fmv.d.x	fa3,s2
    80001256:	00003717          	auipc	a4,0x3
    8000125a:	31273707          	fld	fa4,786(a4) # 80004568 <__mprec_bigtens+0x20>
    8000125e:	8bbd                	andi	a5,a5,15
    80001260:	1ae6f753          	fdiv.d	fa4,fa3,fa4
    80001264:	450d                	li	a0,3
    80001266:	ac3a                	fsd	fa4,24(sp)
    80001268:	00003617          	auipc	a2,0x3
    8000126c:	2e060613          	addi	a2,a2,736 # 80004548 <__mprec_bigtens>
    80001270:	10079463          	bnez	a5,80001378 <_dtoa_r+0x45a>
    80001274:	2762                	fld	fa4,24(sp)
    80001276:	1af777d3          	fdiv.d	fa5,fa4,fa5
    8000127a:	ac3e                	fsd	fa5,24(sp)
    8000127c:	77e2                	ld	a5,56(sp)
    8000127e:	2762                	fld	fa4,24(sp)
    80001280:	16078763          	beqz	a5,800013ee <_dtoa_r+0x4d0>
    80001284:	00003797          	auipc	a5,0x3
    80001288:	7ec7b787          	fld	fa5,2028(a5) # 80004a70 <__atexit_dummy+0x38>
    8000128c:	a2f717d3          	flt.d	a5,fa4,fa5
    80001290:	14078f63          	beqz	a5,800013ee <_dtoa_r+0x4d0>
    80001294:	160b0063          	beqz	s6,800013f4 <_dtoa_r+0x4d6>
    80001298:	07905563          	blez	s9,80001302 <_dtoa_r+0x3e4>
    8000129c:	00003797          	auipc	a5,0x3
    800012a0:	7dc7b787          	fld	fa5,2012(a5) # 80004a78 <__atexit_dummy+0x40>
    800012a4:	12f777d3          	fmul.d	fa5,fa4,fa5
    800012a8:	fff48a9b          	addiw	s5,s1,-1
    800012ac:	2505                	addiw	a0,a0,1
    800012ae:	85e6                	mv	a1,s9
    800012b0:	ac3e                	fsd	fa5,24(sp)
    800012b2:	d2050753          	fcvt.d.w	fa4,a0
    800012b6:	27e2                	fld	fa5,24(sp)
    800012b8:	00003797          	auipc	a5,0x3
    800012bc:	7c87b687          	fld	fa3,1992(a5) # 80004a80 <__atexit_dummy+0x48>
    800012c0:	fcc00637          	lui	a2,0xfcc00
    800012c4:	6af77743          	fmadd.d	fa4,fa4,fa5,fa3
    800012c8:	e2070553          	fmv.x.d	a0,fa4
    800012cc:	02055793          	srli	a5,a0,0x20
    800012d0:	9e3d                	addw	a2,a2,a5
    800012d2:	57fd                	li	a5,-1
    800012d4:	9381                	srli	a5,a5,0x20
    800012d6:	1602                	slli	a2,a2,0x20
    800012d8:	8fe9                	and	a5,a5,a0
    800012da:	8fd1                	or	a5,a5,a2
    800012dc:	10059f63          	bnez	a1,800013fa <_dtoa_r+0x4dc>
    800012e0:	00003717          	auipc	a4,0x3
    800012e4:	7a873707          	fld	fa4,1960(a4) # 80004a88 <__atexit_dummy+0x50>
    800012e8:	0ae7f753          	fsub.d	fa4,fa5,fa4
    800012ec:	f20787d3          	fmv.d.x	fa5,a5
    800012f0:	a2e79653          	flt.d	a2,fa5,fa4
    800012f4:	48061a63          	bnez	a2,80001788 <_dtoa_r+0x86a>
    800012f8:	22f797d3          	fneg.d	fa5,fa5
    800012fc:	a2f717d3          	flt.d	a5,fa4,fa5
    80001300:	e3b1                	bnez	a5,80001344 <_dtoa_r+0x426>
    80001302:	ec4a                	sd	s2,24(sp)
    80001304:	47f6                	lw	a5,92(sp)
    80001306:	2807c263          	bltz	a5,8000158a <_dtoa_r+0x66c>
    8000130a:	4639                	li	a2,14
    8000130c:	26964f63          	blt	a2,s1,8000158a <_dtoa_r+0x66c>
    80001310:	00349693          	slli	a3,s1,0x3
    80001314:	00003797          	auipc	a5,0x3
    80001318:	25c78793          	addi	a5,a5,604 # 80004570 <__mprec_tens>
    8000131c:	97b6                	add	a5,a5,a3
    8000131e:	2398                	fld	fa4,0(a5)
    80001320:	7782                	ld	a5,32(sp)
    80001322:	1c07d163          	bgez	a5,800014e4 <_dtoa_r+0x5c6>
    80001326:	1b604f63          	bgtz	s6,800014e4 <_dtoa_r+0x5c6>
    8000132a:	000b1d63          	bnez	s6,80001344 <_dtoa_r+0x426>
    8000132e:	00003797          	auipc	a5,0x3
    80001332:	75a7b787          	fld	fa5,1882(a5) # 80004a88 <__atexit_dummy+0x50>
    80001336:	12f77753          	fmul.d	fa4,fa4,fa5
    8000133a:	27e2                	fld	fa5,24(sp)
    8000133c:	a2e787d3          	fle.d	a5,fa5,fa4
    80001340:	44078363          	beqz	a5,80001786 <_dtoa_r+0x868>
    80001344:	4a01                	li	s4,0
    80001346:	4901                	li	s2,0
    80001348:	7782                	ld	a5,32(sp)
    8000134a:	8c4e                	mv	s8,s3
    8000134c:	fff7ca93          	not	s5,a5
    80001350:	4b01                	li	s6,0
    80001352:	6522                	ld	a0,8(sp)
    80001354:	85d2                	mv	a1,s4
    80001356:	0e7000ef          	jal	80001c3c <_Bfree>
    8000135a:	18090063          	beqz	s2,800014da <_dtoa_r+0x5bc>
    8000135e:	000b0863          	beqz	s6,8000136e <_dtoa_r+0x450>
    80001362:	012b0663          	beq	s6,s2,8000136e <_dtoa_r+0x450>
    80001366:	6522                	ld	a0,8(sp)
    80001368:	85da                	mv	a1,s6
    8000136a:	0d3000ef          	jal	80001c3c <_Bfree>
    8000136e:	6522                	ld	a0,8(sp)
    80001370:	85ca                	mv	a1,s2
    80001372:	0cb000ef          	jal	80001c3c <_Bfree>
    80001376:	a295                	j	800014da <_dtoa_r+0x5bc>
    80001378:	0017f593          	andi	a1,a5,1
    8000137c:	c589                	beqz	a1,80001386 <_dtoa_r+0x468>
    8000137e:	2218                	fld	fa4,0(a2)
    80001380:	2505                	addiw	a0,a0,1
    80001382:	12e7f7d3          	fmul.d	fa5,fa5,fa4
    80001386:	8785                	srai	a5,a5,0x1
    80001388:	0621                	addi	a2,a2,8 # fffffffffcc00008 <__heap_end+0xffffffff7cbdb008>
    8000138a:	b5dd                	j	80001270 <_dtoa_r+0x352>
    8000138c:	4509                	li	a0,2
    8000138e:	ee0487e3          	beqz	s1,8000127c <_dtoa_r+0x35e>
    80001392:	409007bb          	negw	a5,s1
    80001396:	00f7f593          	andi	a1,a5,15
    8000139a:	058e                	slli	a1,a1,0x3
    8000139c:	00003617          	auipc	a2,0x3
    800013a0:	1d460613          	addi	a2,a2,468 # 80004570 <__mprec_tens>
    800013a4:	962e                	add	a2,a2,a1
    800013a6:	221c                	fld	fa5,0(a2)
    800013a8:	f2090753          	fmv.d.x	fa4,s2
    800013ac:	4047d79b          	sraiw	a5,a5,0x4
    800013b0:	00003597          	auipc	a1,0x3
    800013b4:	19858593          	addi	a1,a1,408 # 80004548 <__mprec_bigtens>
    800013b8:	12f777d3          	fmul.d	fa5,fa4,fa5
    800013bc:	4301                	li	t1,0
    800013be:	e2078653          	fmv.x.d	a2,fa5
    800013c2:	ec32                	sd	a2,24(sp)
    800013c4:	e789                	bnez	a5,800013ce <_dtoa_r+0x4b0>
    800013c6:	ea030be3          	beqz	t1,8000127c <_dtoa_r+0x35e>
    800013ca:	ec32                	sd	a2,24(sp)
    800013cc:	bd45                	j	8000127c <_dtoa_r+0x35e>
    800013ce:	0017fe13          	andi	t3,a5,1
    800013d2:	000e0b63          	beqz	t3,800013e8 <_dtoa_r+0x4ca>
    800013d6:	f2060753          	fmv.d.x	fa4,a2
    800013da:	219c                	fld	fa5,0(a1)
    800013dc:	2505                	addiw	a0,a0,1
    800013de:	4305                	li	t1,1
    800013e0:	12f777d3          	fmul.d	fa5,fa4,fa5
    800013e4:	e2078653          	fmv.x.d	a2,fa5
    800013e8:	8785                	srai	a5,a5,0x1
    800013ea:	05a1                	addi	a1,a1,8
    800013ec:	bfe1                	j	800013c4 <_dtoa_r+0x4a6>
    800013ee:	8aa6                	mv	s5,s1
    800013f0:	85da                	mv	a1,s6
    800013f2:	b5c1                	j	800012b2 <_dtoa_r+0x394>
    800013f4:	8aa6                	mv	s5,s1
    800013f6:	4581                	li	a1,0
    800013f8:	bd6d                	j	800012b2 <_dtoa_r+0x394>
    800013fa:	fff5851b          	addiw	a0,a1,-1
    800013fe:	050e                	slli	a0,a0,0x3
    80001400:	00003617          	auipc	a2,0x3
    80001404:	17060613          	addi	a2,a2,368 # 80004570 <__mprec_tens>
    80001408:	962a                	add	a2,a2,a0
    8000140a:	2214                	fld	fa3,0(a2)
    8000140c:	060d8163          	beqz	s11,8000146e <_dtoa_r+0x550>
    80001410:	00003717          	auipc	a4,0x3
    80001414:	68073707          	fld	fa4,1664(a4) # 80004a90 <__atexit_dummy+0x58>
    80001418:	1ad77753          	fdiv.d	fa4,fa4,fa3
    8000141c:	f20786d3          	fmv.d.x	fa3,a5
    80001420:	8c4e                	mv	s8,s3
    80001422:	00003797          	auipc	a5,0x3
    80001426:	64e7b607          	fld	fa2,1614(a5) # 80004a70 <__atexit_dummy+0x38>
    8000142a:	0ad77753          	fsub.d	fa4,fa4,fa3
    8000142e:	00003797          	auipc	a5,0x3
    80001432:	64a7b687          	fld	fa3,1610(a5) # 80004a78 <__atexit_dummy+0x40>
    80001436:	c2079653          	fcvt.w.d	a2,fa5,rtz
    8000143a:	0c05                	addi	s8,s8,1
    8000143c:	d20605d3          	fcvt.d.w	fa1,a2
    80001440:	0306061b          	addiw	a2,a2,48
    80001444:	fecc0fa3          	sb	a2,-1(s8)
    80001448:	0ab7f7d3          	fsub.d	fa5,fa5,fa1
    8000144c:	a2e79653          	flt.d	a2,fa5,fa4
    80001450:	e649                	bnez	a2,800014da <_dtoa_r+0x5bc>
    80001452:	0af675d3          	fsub.d	fa1,fa2,fa5
    80001456:	a2e59653          	flt.d	a2,fa1,fa4
    8000145a:	ee65                	bnez	a2,80001552 <_dtoa_r+0x634>
    8000145c:	413c063b          	subw	a2,s8,s3
    80001460:	eab651e3          	bge	a2,a1,80001302 <_dtoa_r+0x3e4>
    80001464:	12d77753          	fmul.d	fa4,fa4,fa3
    80001468:	12d7f7d3          	fmul.d	fa5,fa5,fa3
    8000146c:	b7e9                	j	80001436 <_dtoa_r+0x518>
    8000146e:	f2078753          	fmv.d.x	fa4,a5
    80001472:	4781                	li	a5,0
    80001474:	12e6f753          	fmul.d	fa4,fa3,fa4
    80001478:	00003717          	auipc	a4,0x3
    8000147c:	60073687          	fld	fa3,1536(a4) # 80004a78 <__atexit_dummy+0x40>
    80001480:	c2079653          	fcvt.w.d	a2,fa5,rtz
    80001484:	00f98533          	add	a0,s3,a5
    80001488:	0785                	addi	a5,a5,1
    8000148a:	d2060653          	fcvt.d.w	fa2,a2
    8000148e:	0306061b          	addiw	a2,a2,48
    80001492:	00c50023          	sb	a2,0(a0)
    80001496:	0007861b          	sext.w	a2,a5
    8000149a:	0ac7f7d3          	fsub.d	fa5,fa5,fa2
    8000149e:	04c59063          	bne	a1,a2,800014de <_dtoa_r+0x5c0>
    800014a2:	00003797          	auipc	a5,0x3
    800014a6:	5ee7b687          	fld	fa3,1518(a5) # 80004a90 <__atexit_dummy+0x58>
    800014aa:	02d77653          	fadd.d	fa2,fa4,fa3
    800014ae:	1582                	slli	a1,a1,0x20
    800014b0:	9181                	srli	a1,a1,0x20
    800014b2:	00b98c33          	add	s8,s3,a1
    800014b6:	a2f61653          	flt.d	a2,fa2,fa5
    800014ba:	ee41                	bnez	a2,80001552 <_dtoa_r+0x634>
    800014bc:	0ae6f6d3          	fsub.d	fa3,fa3,fa4
    800014c0:	a2d79653          	flt.d	a2,fa5,fa3
    800014c4:	e2060fe3          	beqz	a2,80001302 <_dtoa_r+0x3e4>
    800014c8:	03000693          	li	a3,48
    800014cc:	8762                	mv	a4,s8
    800014ce:	fffc4603          	lbu	a2,-1(s8)
    800014d2:	1c7d                	addi	s8,s8,-1
    800014d4:	fed60ce3          	beq	a2,a3,800014cc <_dtoa_r+0x5ae>
    800014d8:	8c3a                	mv	s8,a4
    800014da:	84d6                	mv	s1,s5
    800014dc:	a891                	j	80001530 <_dtoa_r+0x612>
    800014de:	12d7f7d3          	fmul.d	fa5,fa5,fa3
    800014e2:	bf79                	j	80001480 <_dtoa_r+0x562>
    800014e4:	27e2                	fld	fa5,24(sp)
    800014e6:	f20006d3          	fmv.d.x	fa3,zero
    800014ea:	8c4e                	mv	s8,s3
    800014ec:	00003797          	auipc	a5,0x3
    800014f0:	58c7b607          	fld	fa2,1420(a5) # 80004a78 <__atexit_dummy+0x40>
    800014f4:	1ae7f5d3          	fdiv.d	fa1,fa5,fa4
    800014f8:	0c05                	addi	s8,s8,1
    800014fa:	c20596d3          	fcvt.w.d	a3,fa1,rtz
    800014fe:	d20685d3          	fcvt.d.w	fa1,a3
    80001502:	0006861b          	sext.w	a2,a3
    80001506:	0306869b          	addiw	a3,a3,48
    8000150a:	fedc0fa3          	sb	a3,-1(s8)
    8000150e:	413c06bb          	subw	a3,s8,s3
    80001512:	7ae5f7cb          	fnmsub.d	fa5,fa1,fa4,fa5
    80001516:	07669463          	bne	a3,s6,8000157e <_dtoa_r+0x660>
    8000151a:	02f7f7d3          	fadd.d	fa5,fa5,fa5
    8000151e:	a2f716d3          	flt.d	a3,fa4,fa5
    80001522:	e69d                	bnez	a3,80001550 <_dtoa_r+0x632>
    80001524:	a2e7a6d3          	feq.d	a3,fa5,fa4
    80001528:	c681                	beqz	a3,80001530 <_dtoa_r+0x612>
    8000152a:	00167693          	andi	a3,a2,1
    8000152e:	e28d                	bnez	a3,80001550 <_dtoa_r+0x632>
    80001530:	65c2                	ld	a1,16(sp)
    80001532:	6522                	ld	a0,8(sp)
    80001534:	708000ef          	jal	80001c3c <_Bfree>
    80001538:	67a6                	ld	a5,72(sp)
    8000153a:	000c0023          	sb	zero,0(s8)
    8000153e:	0014871b          	addiw	a4,s1,1
    80001542:	c398                	sw	a4,0(a5)
    80001544:	77a2                	ld	a5,40(sp)
    80001546:	44078163          	beqz	a5,80001988 <_dtoa_r+0xa6a>
    8000154a:	0187b023          	sd	s8,0(a5)
    8000154e:	a92d                	j	80001988 <_dtoa_r+0xa6a>
    80001550:	8aa6                	mv	s5,s1
    80001552:	8762                	mv	a4,s8
    80001554:	03900693          	li	a3,57
    80001558:	8c3a                	mv	s8,a4
    8000155a:	fff74603          	lbu	a2,-1(a4)
    8000155e:	177d                	addi	a4,a4,-1
    80001560:	00d61963          	bne	a2,a3,80001572 <_dtoa_r+0x654>
    80001564:	fee99ae3          	bne	s3,a4,80001558 <_dtoa_r+0x63a>
    80001568:	03000693          	li	a3,48
    8000156c:	2a85                	addiw	s5,s5,1
    8000156e:	00d98023          	sb	a3,0(s3)
    80001572:	00074683          	lbu	a3,0(a4)
    80001576:	2685                	addiw	a3,a3,1
    80001578:	00d70023          	sb	a3,0(a4)
    8000157c:	bfb9                	j	800014da <_dtoa_r+0x5bc>
    8000157e:	12c7f7d3          	fmul.d	fa5,fa5,fa2
    80001582:	a2d7a6d3          	feq.d	a3,fa5,fa3
    80001586:	d6bd                	beqz	a3,800014f4 <_dtoa_r+0x5d6>
    80001588:	b765                	j	80001530 <_dtoa_r+0x612>
    8000158a:	1a0d8463          	beqz	s11,80001732 <_dtoa_r+0x814>
    8000158e:	4605                	li	a2,1
    80001590:	17764763          	blt	a2,s7,800016fe <_dtoa_r+0x7e0>
    80001594:	160a0063          	beqz	s4,800016f4 <_dtoa_r+0x7d6>
    80001598:	4337879b          	addiw	a5,a5,1075
    8000159c:	8a46                	mv	s4,a7
    8000159e:	8c22                	mv	s8,s0
    800015a0:	6522                	ld	a0,8(sp)
    800015a2:	4585                	li	a1,1
    800015a4:	e0c6                	sd	a7,64(sp)
    800015a6:	9c3d                	addw	s0,s0,a5
    800015a8:	01a78d3b          	addw	s10,a5,s10
    800015ac:	13d000ef          	jal	80001ee8 <__i2b>
    800015b0:	6886                	ld	a7,64(sp)
    800015b2:	892a                	mv	s2,a0
    800015b4:	000c0d63          	beqz	s8,800015ce <_dtoa_r+0x6b0>
    800015b8:	01a05b63          	blez	s10,800015ce <_dtoa_r+0x6b0>
    800015bc:	87e2                	mv	a5,s8
    800015be:	018d5363          	bge	s10,s8,800015c4 <_dtoa_r+0x6a6>
    800015c2:	87ea                	mv	a5,s10
    800015c4:	9c1d                	subw	s0,s0,a5
    800015c6:	40fc0c3b          	subw	s8,s8,a5
    800015ca:	40fd0d3b          	subw	s10,s10,a5
    800015ce:	04088163          	beqz	a7,80001610 <_dtoa_r+0x6f2>
    800015d2:	160d8463          	beqz	s11,8000173a <_dtoa_r+0x81c>
    800015d6:	020a0563          	beqz	s4,80001600 <_dtoa_r+0x6e2>
    800015da:	6522                	ld	a0,8(sp)
    800015dc:	85ca                	mv	a1,s2
    800015de:	8652                	mv	a2,s4
    800015e0:	e0c6                	sd	a7,64(sp)
    800015e2:	2d5000ef          	jal	800020b6 <__pow5mult>
    800015e6:	85aa                	mv	a1,a0
    800015e8:	6642                	ld	a2,16(sp)
    800015ea:	892a                	mv	s2,a0
    800015ec:	6522                	ld	a0,8(sp)
    800015ee:	133000ef          	jal	80001f20 <__multiply>
    800015f2:	8aaa                	mv	s5,a0
    800015f4:	65c2                	ld	a1,16(sp)
    800015f6:	6522                	ld	a0,8(sp)
    800015f8:	644000ef          	jal	80001c3c <_Bfree>
    800015fc:	6886                	ld	a7,64(sp)
    800015fe:	e856                	sd	s5,16(sp)
    80001600:	4148863b          	subw	a2,a7,s4
    80001604:	c611                	beqz	a2,80001610 <_dtoa_r+0x6f2>
    80001606:	65c2                	ld	a1,16(sp)
    80001608:	6522                	ld	a0,8(sp)
    8000160a:	2ad000ef          	jal	800020b6 <__pow5mult>
    8000160e:	e82a                	sd	a0,16(sp)
    80001610:	6522                	ld	a0,8(sp)
    80001612:	4585                	li	a1,1
    80001614:	0d5000ef          	jal	80001ee8 <__i2b>
    80001618:	77c2                	ld	a5,48(sp)
    8000161a:	8a2a                	mv	s4,a0
    8000161c:	38078663          	beqz	a5,800019a8 <_dtoa_r+0xa8a>
    80001620:	85aa                	mv	a1,a0
    80001622:	6522                	ld	a0,8(sp)
    80001624:	863e                	mv	a2,a5
    80001626:	291000ef          	jal	800020b6 <__pow5mult>
    8000162a:	4785                	li	a5,1
    8000162c:	e082                	sd	zero,64(sp)
    8000162e:	8a2a                	mv	s4,a0
    80001630:	0377c463          	blt	a5,s7,80001658 <_dtoa_r+0x73a>
    80001634:	67e2                	ld	a5,24(sp)
    80001636:	e082                	sd	zero,64(sp)
    80001638:	07b2                	slli	a5,a5,0xc
    8000163a:	ef81                	bnez	a5,80001652 <_dtoa_r+0x734>
    8000163c:	67e2                	ld	a5,24(sp)
    8000163e:	9381                	srli	a5,a5,0x20
    80001640:	0147d613          	srli	a2,a5,0x14
    80001644:	7ff67613          	andi	a2,a2,2047
    80001648:	c609                	beqz	a2,80001652 <_dtoa_r+0x734>
    8000164a:	4785                	li	a5,1
    8000164c:	2405                	addiw	s0,s0,1
    8000164e:	2d05                	addiw	s10,s10,1
    80001650:	e0be                	sd	a5,64(sp)
    80001652:	77c2                	ld	a5,48(sp)
    80001654:	4505                	li	a0,1
    80001656:	cf91                	beqz	a5,80001672 <_dtoa_r+0x754>
    80001658:	014a2783          	lw	a5,20(s4)
    8000165c:	37fd                	addiw	a5,a5,-1
    8000165e:	0791                	addi	a5,a5,4
    80001660:	078a                	slli	a5,a5,0x2
    80001662:	97d2                	add	a5,a5,s4
    80001664:	4788                	lw	a0,8(a5)
    80001666:	7bc000ef          	jal	80001e22 <__hi0bits>
    8000166a:	02000793          	li	a5,32
    8000166e:	40a7853b          	subw	a0,a5,a0
    80001672:	00ad053b          	addw	a0,s10,a0
    80001676:	897d                	andi	a0,a0,31
    80001678:	c579                	beqz	a0,80001746 <_dtoa_r+0x828>
    8000167a:	02000793          	li	a5,32
    8000167e:	9f89                	subw	a5,a5,a0
    80001680:	4611                	li	a2,4
    80001682:	0af65e63          	bge	a2,a5,8000173e <_dtoa_r+0x820>
    80001686:	47f1                	li	a5,28
    80001688:	9f89                	subw	a5,a5,a0
    8000168a:	9c3d                	addw	s0,s0,a5
    8000168c:	01878c3b          	addw	s8,a5,s8
    80001690:	01a78d3b          	addw	s10,a5,s10
    80001694:	00805863          	blez	s0,800016a4 <_dtoa_r+0x786>
    80001698:	65c2                	ld	a1,16(sp)
    8000169a:	6522                	ld	a0,8(sp)
    8000169c:	8622                	mv	a2,s0
    8000169e:	2f5000ef          	jal	80002192 <__lshift>
    800016a2:	e82a                	sd	a0,16(sp)
    800016a4:	01a05863          	blez	s10,800016b4 <_dtoa_r+0x796>
    800016a8:	6522                	ld	a0,8(sp)
    800016aa:	85d2                	mv	a1,s4
    800016ac:	866a                	mv	a2,s10
    800016ae:	2e5000ef          	jal	80002192 <__lshift>
    800016b2:	8a2a                	mv	s4,a0
    800016b4:	77e2                	ld	a5,56(sp)
    800016b6:	cbd1                	beqz	a5,8000174a <_dtoa_r+0x82c>
    800016b8:	6542                	ld	a0,16(sp)
    800016ba:	85d2                	mv	a1,s4
    800016bc:	3df000ef          	jal	8000229a <__mcmp>
    800016c0:	08055563          	bgez	a0,8000174a <_dtoa_r+0x82c>
    800016c4:	65c2                	ld	a1,16(sp)
    800016c6:	6522                	ld	a0,8(sp)
    800016c8:	4681                	li	a3,0
    800016ca:	4629                	li	a2,10
    800016cc:	5d2000ef          	jal	80001c9e <__multadd>
    800016d0:	e82a                	sd	a0,16(sp)
    800016d2:	fff48a9b          	addiw	s5,s1,-1
    800016d6:	2c0d8f63          	beqz	s11,800019b4 <_dtoa_r+0xa96>
    800016da:	6522                	ld	a0,8(sp)
    800016dc:	85ca                	mv	a1,s2
    800016de:	4681                	li	a3,0
    800016e0:	4629                	li	a2,10
    800016e2:	5bc000ef          	jal	80001c9e <__multadd>
    800016e6:	892a                	mv	s2,a0
    800016e8:	0b904563          	bgtz	s9,80001792 <_dtoa_r+0x874>
    800016ec:	4789                	li	a5,2
    800016ee:	0777c563          	blt	a5,s7,80001758 <_dtoa_r+0x83a>
    800016f2:	a045                	j	80001792 <_dtoa_r+0x874>
    800016f4:	4666                	lw	a2,88(sp)
    800016f6:	03600793          	li	a5,54
    800016fa:	9f91                	subw	a5,a5,a2
    800016fc:	b545                	j	8000159c <_dtoa_r+0x67e>
    800016fe:	fffb061b          	addiw	a2,s6,-1
    80001702:	00c8c963          	blt	a7,a2,80001714 <_dtoa_r+0x7f6>
    80001706:	40c88a3b          	subw	s4,a7,a2
    8000170a:	020b4063          	bltz	s6,8000172a <_dtoa_r+0x80c>
    8000170e:	8c22                	mv	s8,s0
    80001710:	87da                	mv	a5,s6
    80001712:	b579                	j	800015a0 <_dtoa_r+0x682>
    80001714:	77c2                	ld	a5,48(sp)
    80001716:	41160a3b          	subw	s4,a2,a7
    8000171a:	8c22                	mv	s8,s0
    8000171c:	00fa07bb          	addw	a5,s4,a5
    80001720:	f83e                	sd	a5,48(sp)
    80001722:	88b2                	mv	a7,a2
    80001724:	87da                	mv	a5,s6
    80001726:	4a01                	li	s4,0
    80001728:	bda5                	j	800015a0 <_dtoa_r+0x682>
    8000172a:	41640c3b          	subw	s8,s0,s6
    8000172e:	4781                	li	a5,0
    80001730:	bd85                	j	800015a0 <_dtoa_r+0x682>
    80001732:	8a46                	mv	s4,a7
    80001734:	8c22                	mv	s8,s0
    80001736:	4901                	li	s2,0
    80001738:	bdb5                	j	800015b4 <_dtoa_r+0x696>
    8000173a:	8646                	mv	a2,a7
    8000173c:	b5e9                	j	80001606 <_dtoa_r+0x6e8>
    8000173e:	f4c78be3          	beq	a5,a2,80001694 <_dtoa_r+0x776>
    80001742:	27f1                	addiw	a5,a5,28
    80001744:	b799                	j	8000168a <_dtoa_r+0x76c>
    80001746:	4781                	li	a5,0
    80001748:	bfed                	j	80001742 <_dtoa_r+0x824>
    8000174a:	8aa6                	mv	s5,s1
    8000174c:	8cda                	mv	s9,s6
    8000174e:	05604063          	bgtz	s6,8000178e <_dtoa_r+0x870>
    80001752:	4789                	li	a5,2
    80001754:	0377dd63          	bge	a5,s7,8000178e <_dtoa_r+0x870>
    80001758:	be0c98e3          	bnez	s9,80001348 <_dtoa_r+0x42a>
    8000175c:	6522                	ld	a0,8(sp)
    8000175e:	85d2                	mv	a1,s4
    80001760:	4681                	li	a3,0
    80001762:	4615                	li	a2,5
    80001764:	53a000ef          	jal	80001c9e <__multadd>
    80001768:	8a2a                	mv	s4,a0
    8000176a:	85aa                	mv	a1,a0
    8000176c:	6542                	ld	a0,16(sp)
    8000176e:	32d000ef          	jal	8000229a <__mcmp>
    80001772:	bca05be3          	blez	a0,80001348 <_dtoa_r+0x42a>
    80001776:	03100713          	li	a4,49
    8000177a:	00198c13          	addi	s8,s3,1
    8000177e:	00e98023          	sb	a4,0(s3)
    80001782:	2a85                	addiw	s5,s5,1
    80001784:	b6f1                	j	80001350 <_dtoa_r+0x432>
    80001786:	8aa6                	mv	s5,s1
    80001788:	4a01                	li	s4,0
    8000178a:	4901                	li	s2,0
    8000178c:	b7ed                	j	80001776 <_dtoa_r+0x858>
    8000178e:	220d8563          	beqz	s11,800019b8 <_dtoa_r+0xa9a>
    80001792:	01805863          	blez	s8,800017a2 <_dtoa_r+0x884>
    80001796:	6522                	ld	a0,8(sp)
    80001798:	85ca                	mv	a1,s2
    8000179a:	8662                	mv	a2,s8
    8000179c:	1f7000ef          	jal	80002192 <__lshift>
    800017a0:	892a                	mv	s2,a0
    800017a2:	6786                	ld	a5,64(sp)
    800017a4:	854a                	mv	a0,s2
    800017a6:	cf9d                	beqz	a5,800017e4 <_dtoa_r+0x8c6>
    800017a8:	00892583          	lw	a1,8(s2)
    800017ac:	6522                	ld	a0,8(sp)
    800017ae:	3e2000ef          	jal	80001b90 <_Balloc>
    800017b2:	8b2a                	mv	s6,a0
    800017b4:	e911                	bnez	a0,800017c8 <_dtoa_r+0x8aa>
    800017b6:	00003697          	auipc	a3,0x3
    800017ba:	aea68693          	addi	a3,a3,-1302 # 800042a0 <__tbss_end+0x146>
    800017be:	4601                	li	a2,0
    800017c0:	2ef00593          	li	a1,751
    800017c4:	fa8ff06f          	j	80000f6c <_dtoa_r+0x4e>
    800017c8:	01492603          	lw	a2,20(s2)
    800017cc:	01090593          	addi	a1,s2,16
    800017d0:	0541                	addi	a0,a0,16
    800017d2:	0609                	addi	a2,a2,2
    800017d4:	060a                	slli	a2,a2,0x2
    800017d6:	4bd010ef          	jal	80003492 <memcpy>
    800017da:	6522                	ld	a0,8(sp)
    800017dc:	4605                	li	a2,1
    800017de:	85da                	mv	a1,s6
    800017e0:	1b3000ef          	jal	80002192 <__lshift>
    800017e4:	67e2                	ld	a5,24(sp)
    800017e6:	8b4a                	mv	s6,s2
    800017e8:	84ce                	mv	s1,s3
    800017ea:	8b85                	andi	a5,a5,1
    800017ec:	892a                	mv	s2,a0
    800017ee:	ec3e                	sd	a5,24(sp)
    800017f0:	6542                	ld	a0,16(sp)
    800017f2:	85d2                	mv	a1,s4
    800017f4:	ddeff0ef          	jal	80000dd2 <quorem>
    800017f8:	0305041b          	addiw	s0,a0,48
    800017fc:	8daa                	mv	s11,a0
    800017fe:	6542                	ld	a0,16(sp)
    80001800:	85da                	mv	a1,s6
    80001802:	d022                	sw	s0,32(sp)
    80001804:	297000ef          	jal	8000229a <__mcmp>
    80001808:	8d2a                	mv	s10,a0
    8000180a:	6522                	ld	a0,8(sp)
    8000180c:	85d2                	mv	a1,s4
    8000180e:	864a                	mv	a2,s2
    80001810:	2bd000ef          	jal	800022cc <__mdiff>
    80001814:	491c                	lw	a5,16(a0)
    80001816:	85aa                	mv	a1,a0
    80001818:	4685                	li	a3,1
    8000181a:	e799                	bnez	a5,80001828 <_dtoa_r+0x90a>
    8000181c:	f82a                	sd	a0,48(sp)
    8000181e:	6542                	ld	a0,16(sp)
    80001820:	27b000ef          	jal	8000229a <__mcmp>
    80001824:	75c2                	ld	a1,48(sp)
    80001826:	86aa                	mv	a3,a0
    80001828:	6522                	ld	a0,8(sp)
    8000182a:	f836                	sd	a3,48(sp)
    8000182c:	00148c13          	addi	s8,s1,1
    80001830:	40c000ef          	jal	80001c3c <_Bfree>
    80001834:	76c2                	ld	a3,48(sp)
    80001836:	67e2                	ld	a5,24(sp)
    80001838:	0176e633          	or	a2,a3,s7
    8000183c:	8e5d                	or	a2,a2,a5
    8000183e:	2601                	sext.w	a2,a2
    80001840:	ee01                	bnez	a2,80001858 <_dtoa_r+0x93a>
    80001842:	03900693          	li	a3,57
    80001846:	04d40863          	beq	s0,a3,80001896 <_dtoa_r+0x978>
    8000184a:	01a05463          	blez	s10,80001852 <_dtoa_r+0x934>
    8000184e:	031d841b          	addiw	s0,s11,49
    80001852:	00848023          	sb	s0,0(s1)
    80001856:	bcf5                	j	80001352 <_dtoa_r+0x434>
    80001858:	000d4a63          	bltz	s10,8000186c <_dtoa_r+0x94e>
    8000185c:	67e2                	ld	a5,24(sp)
    8000185e:	01abed33          	or	s10,s7,s10
    80001862:	01a7ed33          	or	s10,a5,s10
    80001866:	2d01                	sext.w	s10,s10
    80001868:	040d1863          	bnez	s10,800018b8 <_dtoa_r+0x99a>
    8000186c:	fed053e3          	blez	a3,80001852 <_dtoa_r+0x934>
    80001870:	65c2                	ld	a1,16(sp)
    80001872:	6522                	ld	a0,8(sp)
    80001874:	4605                	li	a2,1
    80001876:	11d000ef          	jal	80002192 <__lshift>
    8000187a:	85d2                	mv	a1,s4
    8000187c:	e82a                	sd	a0,16(sp)
    8000187e:	21d000ef          	jal	8000229a <__mcmp>
    80001882:	00a04663          	bgtz	a0,8000188e <_dtoa_r+0x970>
    80001886:	f571                	bnez	a0,80001852 <_dtoa_r+0x934>
    80001888:	00147693          	andi	a3,s0,1
    8000188c:	d2f9                	beqz	a3,80001852 <_dtoa_r+0x934>
    8000188e:	03900693          	li	a3,57
    80001892:	fad41ee3          	bne	s0,a3,8000184e <_dtoa_r+0x930>
    80001896:	03900713          	li	a4,57
    8000189a:	00e48023          	sb	a4,0(s1)
    8000189e:	8762                	mv	a4,s8
    800018a0:	03900613          	li	a2,57
    800018a4:	8c3a                	mv	s8,a4
    800018a6:	fffc4683          	lbu	a3,-1(s8)
    800018aa:	177d                	addi	a4,a4,-1
    800018ac:	0ac68a63          	beq	a3,a2,80001960 <_dtoa_r+0xa42>
    800018b0:	2685                	addiw	a3,a3,1
    800018b2:	00d70023          	sb	a3,0(a4)
    800018b6:	bc71                	j	80001352 <_dtoa_r+0x434>
    800018b8:	00d05c63          	blez	a3,800018d0 <_dtoa_r+0x9b2>
    800018bc:	03900693          	li	a3,57
    800018c0:	fcd40be3          	beq	s0,a3,80001896 <_dtoa_r+0x978>
    800018c4:	5782                	lw	a5,32(sp)
    800018c6:	0017871b          	addiw	a4,a5,1
    800018ca:	00e48023          	sb	a4,0(s1)
    800018ce:	b451                	j	80001352 <_dtoa_r+0x434>
    800018d0:	fe8c0fa3          	sb	s0,-1(s8)
    800018d4:	413c06bb          	subw	a3,s8,s3
    800018d8:	05968b63          	beq	a3,s9,8000192e <_dtoa_r+0xa10>
    800018dc:	65c2                	ld	a1,16(sp)
    800018de:	6522                	ld	a0,8(sp)
    800018e0:	4681                	li	a3,0
    800018e2:	4629                	li	a2,10
    800018e4:	3ba000ef          	jal	80001c9e <__multadd>
    800018e8:	e82a                	sd	a0,16(sp)
    800018ea:	4681                	li	a3,0
    800018ec:	6522                	ld	a0,8(sp)
    800018ee:	4629                	li	a2,10
    800018f0:	85da                	mv	a1,s6
    800018f2:	012b1863          	bne	s6,s2,80001902 <_dtoa_r+0x9e4>
    800018f6:	3a8000ef          	jal	80001c9e <__multadd>
    800018fa:	8b2a                	mv	s6,a0
    800018fc:	892a                	mv	s2,a0
    800018fe:	84e2                	mv	s1,s8
    80001900:	bdc5                	j	800017f0 <_dtoa_r+0x8d2>
    80001902:	39c000ef          	jal	80001c9e <__multadd>
    80001906:	8b2a                	mv	s6,a0
    80001908:	6522                	ld	a0,8(sp)
    8000190a:	85ca                	mv	a1,s2
    8000190c:	4681                	li	a3,0
    8000190e:	4629                	li	a2,10
    80001910:	38e000ef          	jal	80001c9e <__multadd>
    80001914:	892a                	mv	s2,a0
    80001916:	b7e5                	j	800018fe <_dtoa_r+0x9e0>
    80001918:	4785                	li	a5,1
    8000191a:	01905763          	blez	s9,80001928 <_dtoa_r+0xa0a>
    8000191e:	fffc879b          	addiw	a5,s9,-1
    80001922:	1782                	slli	a5,a5,0x20
    80001924:	9381                	srli	a5,a5,0x20
    80001926:	0785                	addi	a5,a5,1
    80001928:	00f98c33          	add	s8,s3,a5
    8000192c:	4b01                	li	s6,0
    8000192e:	65c2                	ld	a1,16(sp)
    80001930:	6522                	ld	a0,8(sp)
    80001932:	4605                	li	a2,1
    80001934:	05f000ef          	jal	80002192 <__lshift>
    80001938:	85d2                	mv	a1,s4
    8000193a:	e82a                	sd	a0,16(sp)
    8000193c:	15f000ef          	jal	8000229a <__mcmp>
    80001940:	f4a04fe3          	bgtz	a0,8000189e <_dtoa_r+0x980>
    80001944:	e501                	bnez	a0,8000194c <_dtoa_r+0xa2e>
    80001946:	00147713          	andi	a4,s0,1
    8000194a:	fb31                	bnez	a4,8000189e <_dtoa_r+0x980>
    8000194c:	8762                	mv	a4,s8
    8000194e:	03000693          	li	a3,48
    80001952:	8c3a                	mv	s8,a4
    80001954:	fff74603          	lbu	a2,-1(a4)
    80001958:	177d                	addi	a4,a4,-1
    8000195a:	fed60ce3          	beq	a2,a3,80001952 <_dtoa_r+0xa34>
    8000195e:	bad5                	j	80001352 <_dtoa_r+0x434>
    80001960:	f4e992e3          	bne	s3,a4,800018a4 <_dtoa_r+0x986>
    80001964:	03100713          	li	a4,49
    80001968:	2a85                	addiw	s5,s5,1
    8000196a:	00e98023          	sb	a4,0(s3)
    8000196e:	b2d5                	j	80001352 <_dtoa_r+0x434>
    80001970:	77a2                	ld	a5,40(sp)
    80001972:	00003997          	auipc	s3,0x3
    80001976:	87698993          	addi	s3,s3,-1930 # 800041e8 <__tbss_end+0x8e>
    8000197a:	c799                	beqz	a5,80001988 <_dtoa_r+0xa6a>
    8000197c:	00003797          	auipc	a5,0x3
    80001980:	87478793          	addi	a5,a5,-1932 # 800041f0 <__tbss_end+0x96>
    80001984:	7722                	ld	a4,40(sp)
    80001986:	e31c                	sd	a5,0(a4)
    80001988:	60ae                	ld	ra,200(sp)
    8000198a:	640e                	ld	s0,192(sp)
    8000198c:	74ea                	ld	s1,184(sp)
    8000198e:	794a                	ld	s2,176(sp)
    80001990:	7a0a                	ld	s4,160(sp)
    80001992:	6aea                	ld	s5,152(sp)
    80001994:	6b4a                	ld	s6,144(sp)
    80001996:	6baa                	ld	s7,136(sp)
    80001998:	6c0a                	ld	s8,128(sp)
    8000199a:	7ce6                	ld	s9,120(sp)
    8000199c:	7d46                	ld	s10,112(sp)
    8000199e:	7da6                	ld	s11,104(sp)
    800019a0:	854e                	mv	a0,s3
    800019a2:	79aa                	ld	s3,168(sp)
    800019a4:	6169                	addi	sp,sp,208
    800019a6:	8082                	ret
    800019a8:	4785                	li	a5,1
    800019aa:	c977d5e3          	bge	a5,s7,80001634 <_dtoa_r+0x716>
    800019ae:	e082                	sd	zero,64(sp)
    800019b0:	4505                	li	a0,1
    800019b2:	b1c1                	j	80001672 <_dtoa_r+0x754>
    800019b4:	d9905fe3          	blez	s9,80001752 <_dtoa_r+0x834>
    800019b8:	4b01                	li	s6,0
    800019ba:	6542                	ld	a0,16(sp)
    800019bc:	85d2                	mv	a1,s4
    800019be:	c14ff0ef          	jal	80000dd2 <quorem>
    800019c2:	016987b3          	add	a5,s3,s6
    800019c6:	0305041b          	addiw	s0,a0,48
    800019ca:	0b05                	addi	s6,s6,1
    800019cc:	00878023          	sb	s0,0(a5)
    800019d0:	000b079b          	sext.w	a5,s6
    800019d4:	f597d2e3          	bge	a5,s9,80001918 <_dtoa_r+0x9fa>
    800019d8:	65c2                	ld	a1,16(sp)
    800019da:	6522                	ld	a0,8(sp)
    800019dc:	4681                	li	a3,0
    800019de:	4629                	li	a2,10
    800019e0:	2be000ef          	jal	80001c9e <__multadd>
    800019e4:	e82a                	sd	a0,16(sp)
    800019e6:	bfd1                	j	800019ba <_dtoa_r+0xa9c>

00000000800019e8 <malloc>:
    800019e8:	85aa                	mv	a1,a0
    800019ea:	00003517          	auipc	a0,0x3
    800019ee:	03653503          	ld	a0,54(a0) # 80004a20 <_impure_ptr>
    800019f2:	a0ad                	j	80001a5c <_malloc_r>

00000000800019f4 <free>:
    800019f4:	85aa                	mv	a1,a0
    800019f6:	00003517          	auipc	a0,0x3
    800019fa:	02a53503          	ld	a0,42(a0) # 80004a20 <_impure_ptr>
    800019fe:	3430106f          	j	80003540 <_free_r>

0000000080001a02 <sbrk_aligned>:
    80001a02:	1101                	addi	sp,sp,-32
    80001a04:	e04a                	sd	s2,0(sp)
    80001a06:	87818913          	addi	s2,gp,-1928 # 80004a98 <__malloc_sbrk_start>
    80001a0a:	00093783          	ld	a5,0(s2)
    80001a0e:	e822                	sd	s0,16(sp)
    80001a10:	e426                	sd	s1,8(sp)
    80001a12:	ec06                	sd	ra,24(sp)
    80001a14:	84aa                	mv	s1,a0
    80001a16:	842e                	mv	s0,a1
    80001a18:	e791                	bnez	a5,80001a24 <sbrk_aligned+0x22>
    80001a1a:	4581                	li	a1,0
    80001a1c:	1ed010ef          	jal	80003408 <_sbrk_r>
    80001a20:	00a93023          	sd	a0,0(s2)
    80001a24:	85a2                	mv	a1,s0
    80001a26:	8526                	mv	a0,s1
    80001a28:	1e1010ef          	jal	80003408 <_sbrk_r>
    80001a2c:	597d                	li	s2,-1
    80001a2e:	01251a63          	bne	a0,s2,80001a42 <sbrk_aligned+0x40>
    80001a32:	547d                	li	s0,-1
    80001a34:	60e2                	ld	ra,24(sp)
    80001a36:	8522                	mv	a0,s0
    80001a38:	6442                	ld	s0,16(sp)
    80001a3a:	64a2                	ld	s1,8(sp)
    80001a3c:	6902                	ld	s2,0(sp)
    80001a3e:	6105                	addi	sp,sp,32
    80001a40:	8082                	ret
    80001a42:	00750413          	addi	s0,a0,7
    80001a46:	9861                	andi	s0,s0,-8
    80001a48:	fe8506e3          	beq	a0,s0,80001a34 <sbrk_aligned+0x32>
    80001a4c:	40a405b3          	sub	a1,s0,a0
    80001a50:	8526                	mv	a0,s1
    80001a52:	1b7010ef          	jal	80003408 <_sbrk_r>
    80001a56:	fd251fe3          	bne	a0,s2,80001a34 <sbrk_aligned+0x32>
    80001a5a:	bfe1                	j	80001a32 <sbrk_aligned+0x30>

0000000080001a5c <_malloc_r>:
    80001a5c:	00758793          	addi	a5,a1,7
    80001a60:	7179                	addi	sp,sp,-48
    80001a62:	9be1                	andi	a5,a5,-8
    80001a64:	ec26                	sd	s1,24(sp)
    80001a66:	e84a                	sd	s2,16(sp)
    80001a68:	f406                	sd	ra,40(sp)
    80001a6a:	f022                	sd	s0,32(sp)
    80001a6c:	e44e                	sd	s3,8(sp)
    80001a6e:	e052                	sd	s4,0(sp)
    80001a70:	07a1                	addi	a5,a5,8
    80001a72:	4741                	li	a4,16
    80001a74:	892a                	mv	s2,a0
    80001a76:	44c1                	li	s1,16
    80001a78:	00e7e363          	bltu	a5,a4,80001a7e <_malloc_r+0x22>
    80001a7c:	84be                	mv	s1,a5
    80001a7e:	80000737          	lui	a4,0x80000
    80001a82:	fff74713          	not	a4,a4
    80001a86:	00f76463          	bltu	a4,a5,80001a8e <_malloc_r+0x32>
    80001a8a:	00b4fe63          	bgeu	s1,a1,80001aa6 <_malloc_r+0x4a>
    80001a8e:	47b1                	li	a5,12
    80001a90:	00f92023          	sw	a5,0(s2)
    80001a94:	4501                	li	a0,0
    80001a96:	70a2                	ld	ra,40(sp)
    80001a98:	7402                	ld	s0,32(sp)
    80001a9a:	64e2                	ld	s1,24(sp)
    80001a9c:	6942                	ld	s2,16(sp)
    80001a9e:	69a2                	ld	s3,8(sp)
    80001aa0:	6a02                	ld	s4,0(sp)
    80001aa2:	6145                	addi	sp,sp,48
    80001aa4:	8082                	ret
    80001aa6:	854a                	mv	a0,s2
    80001aa8:	0e4000ef          	jal	80001b8c <__malloc_lock>
    80001aac:	88018993          	addi	s3,gp,-1920 # 80004aa0 <__malloc_free_list>
    80001ab0:	0009b783          	ld	a5,0(s3)
    80001ab4:	843e                	mv	s0,a5
    80001ab6:	ec21                	bnez	s0,80001b0e <_malloc_r+0xb2>
    80001ab8:	85a6                	mv	a1,s1
    80001aba:	854a                	mv	a0,s2
    80001abc:	f47ff0ef          	jal	80001a02 <sbrk_aligned>
    80001ac0:	57fd                	li	a5,-1
    80001ac2:	842a                	mv	s0,a0
    80001ac4:	0af51f63          	bne	a0,a5,80001b82 <_malloc_r+0x126>
    80001ac8:	0009b403          	ld	s0,0(s3)
    80001acc:	87a2                	mv	a5,s0
    80001ace:	efd1                	bnez	a5,80001b6a <_malloc_r+0x10e>
    80001ad0:	c055                	beqz	s0,80001b74 <_malloc_r+0x118>
    80001ad2:	00043a03          	ld	s4,0(s0)
    80001ad6:	4581                	li	a1,0
    80001ad8:	854a                	mv	a0,s2
    80001ada:	9a22                	add	s4,s4,s0
    80001adc:	12d010ef          	jal	80003408 <_sbrk_r>
    80001ae0:	08aa1a63          	bne	s4,a0,80001b74 <_malloc_r+0x118>
    80001ae4:	601c                	ld	a5,0(s0)
    80001ae6:	854a                	mv	a0,s2
    80001ae8:	8c9d                	sub	s1,s1,a5
    80001aea:	85a6                	mv	a1,s1
    80001aec:	f17ff0ef          	jal	80001a02 <sbrk_aligned>
    80001af0:	57fd                	li	a5,-1
    80001af2:	08f50163          	beq	a0,a5,80001b74 <_malloc_r+0x118>
    80001af6:	601c                	ld	a5,0(s0)
    80001af8:	97a6                	add	a5,a5,s1
    80001afa:	e01c                	sd	a5,0(s0)
    80001afc:	0009b783          	ld	a5,0(s3)
    80001b00:	c3d9                	beqz	a5,80001b86 <_malloc_r+0x12a>
    80001b02:	6798                	ld	a4,8(a5)
    80001b04:	06871663          	bne	a4,s0,80001b70 <_malloc_r+0x114>
    80001b08:	0007b423          	sd	zero,8(a5)
    80001b0c:	a015                	j	80001b30 <_malloc_r+0xd4>
    80001b0e:	6014                	ld	a3,0(s0)
    80001b10:	9e85                	subw	a3,a3,s1
    80001b12:	0406c963          	bltz	a3,80001b64 <_malloc_r+0x108>
    80001b16:	473d                	li	a4,15
    80001b18:	02d75e63          	bge	a4,a3,80001b54 <_malloc_r+0xf8>
    80001b1c:	e004                	sd	s1,0(s0)
    80001b1e:	00940733          	add	a4,s0,s1
    80001b22:	02879763          	bne	a5,s0,80001b50 <_malloc_r+0xf4>
    80001b26:	00e9b023          	sd	a4,0(s3)
    80001b2a:	641c                	ld	a5,8(s0)
    80001b2c:	e314                	sd	a3,0(a4)
    80001b2e:	e71c                	sd	a5,8(a4)
    80001b30:	854a                	mv	a0,s2
    80001b32:	05c000ef          	jal	80001b8e <__malloc_unlock>
    80001b36:	00f40513          	addi	a0,s0,15
    80001b3a:	00840793          	addi	a5,s0,8
    80001b3e:	9961                	andi	a0,a0,-8
    80001b40:	40f507bb          	subw	a5,a0,a5
    80001b44:	dba9                	beqz	a5,80001a96 <_malloc_r+0x3a>
    80001b46:	943e                	add	s0,s0,a5
    80001b48:	40f007bb          	negw	a5,a5
    80001b4c:	e01c                	sd	a5,0(s0)
    80001b4e:	b7a1                	j	80001a96 <_malloc_r+0x3a>
    80001b50:	e798                	sd	a4,8(a5)
    80001b52:	bfe1                	j	80001b2a <_malloc_r+0xce>
    80001b54:	6418                	ld	a4,8(s0)
    80001b56:	00879563          	bne	a5,s0,80001b60 <_malloc_r+0x104>
    80001b5a:	00e9b023          	sd	a4,0(s3)
    80001b5e:	bfc9                	j	80001b30 <_malloc_r+0xd4>
    80001b60:	e798                	sd	a4,8(a5)
    80001b62:	b7f9                	j	80001b30 <_malloc_r+0xd4>
    80001b64:	87a2                	mv	a5,s0
    80001b66:	6400                	ld	s0,8(s0)
    80001b68:	b7b9                	j	80001ab6 <_malloc_r+0x5a>
    80001b6a:	843e                	mv	s0,a5
    80001b6c:	679c                	ld	a5,8(a5)
    80001b6e:	b785                	j	80001ace <_malloc_r+0x72>
    80001b70:	87ba                	mv	a5,a4
    80001b72:	b779                	j	80001b00 <_malloc_r+0xa4>
    80001b74:	47b1                	li	a5,12
    80001b76:	00f92023          	sw	a5,0(s2)
    80001b7a:	854a                	mv	a0,s2
    80001b7c:	012000ef          	jal	80001b8e <__malloc_unlock>
    80001b80:	bf11                	j	80001a94 <_malloc_r+0x38>
    80001b82:	e104                	sd	s1,0(a0)
    80001b84:	b775                	j	80001b30 <_malloc_r+0xd4>
    80001b86:	00003423          	sd	zero,8(zero) # 8 <__boot_hart+0x8>
    80001b8a:	9002                	ebreak

0000000080001b8c <__malloc_lock>:
    80001b8c:	8082                	ret

0000000080001b8e <__malloc_unlock>:
    80001b8e:	8082                	ret

0000000080001b90 <_Balloc>:
    80001b90:	7d1c                	ld	a5,56(a0)
    80001b92:	1101                	addi	sp,sp,-32
    80001b94:	e822                	sd	s0,16(sp)
    80001b96:	e426                	sd	s1,8(sp)
    80001b98:	ec06                	sd	ra,24(sp)
    80001b9a:	e04a                	sd	s2,0(sp)
    80001b9c:	842a                	mv	s0,a0
    80001b9e:	84ae                	mv	s1,a1
    80001ba0:	ef85                	bnez	a5,80001bd8 <_Balloc+0x48>
    80001ba2:	02000513          	li	a0,32
    80001ba6:	e43ff0ef          	jal	800019e8 <malloc>
    80001baa:	fc08                	sd	a0,56(s0)
    80001bac:	ed11                	bnez	a0,80001bc8 <_Balloc+0x38>
    80001bae:	00002697          	auipc	a3,0x2
    80001bb2:	65268693          	addi	a3,a3,1618 # 80004200 <__tbss_end+0xa6>
    80001bb6:	4601                	li	a2,0
    80001bb8:	06b00593          	li	a1,107
    80001bbc:	00002517          	auipc	a0,0x2
    80001bc0:	6fc50513          	addi	a0,a0,1788 # 800042b8 <__tbss_end+0x15e>
    80001bc4:	0fd010ef          	jal	800034c0 <__assert_func>
    80001bc8:	00052423          	sw	zero,8(a0)
    80001bcc:	00053823          	sd	zero,16(a0)
    80001bd0:	00053023          	sd	zero,0(a0)
    80001bd4:	00053c23          	sd	zero,24(a0)
    80001bd8:	03843903          	ld	s2,56(s0)
    80001bdc:	01893783          	ld	a5,24(s2)
    80001be0:	c79d                	beqz	a5,80001c0e <_Balloc+0x7e>
    80001be2:	7c1c                	ld	a5,56(s0)
    80001be4:	00349713          	slli	a4,s1,0x3
    80001be8:	6f9c                	ld	a5,24(a5)
    80001bea:	97ba                	add	a5,a5,a4
    80001bec:	6388                	ld	a0,0(a5)
    80001bee:	e131                	bnez	a0,80001c32 <_Balloc+0xa2>
    80001bf0:	4905                	li	s2,1
    80001bf2:	0099163b          	sllw	a2,s2,s1
    80001bf6:	8932                	mv	s2,a2
    80001bf8:	061d                	addi	a2,a2,7
    80001bfa:	060a                	slli	a2,a2,0x2
    80001bfc:	4585                	li	a1,1
    80001bfe:	8522                	mv	a0,s0
    80001c00:	10b010ef          	jal	8000350a <_calloc_r>
    80001c04:	c105                	beqz	a0,80001c24 <_Balloc+0x94>
    80001c06:	c504                	sw	s1,8(a0)
    80001c08:	01252623          	sw	s2,12(a0)
    80001c0c:	a02d                	j	80001c36 <_Balloc+0xa6>
    80001c0e:	04100613          	li	a2,65
    80001c12:	45a1                	li	a1,8
    80001c14:	8522                	mv	a0,s0
    80001c16:	0f5010ef          	jal	8000350a <_calloc_r>
    80001c1a:	7c1c                	ld	a5,56(s0)
    80001c1c:	00a93c23          	sd	a0,24(s2)
    80001c20:	6f9c                	ld	a5,24(a5)
    80001c22:	f3e1                	bnez	a5,80001be2 <_Balloc+0x52>
    80001c24:	4501                	li	a0,0
    80001c26:	60e2                	ld	ra,24(sp)
    80001c28:	6442                	ld	s0,16(sp)
    80001c2a:	64a2                	ld	s1,8(sp)
    80001c2c:	6902                	ld	s2,0(sp)
    80001c2e:	6105                	addi	sp,sp,32
    80001c30:	8082                	ret
    80001c32:	6118                	ld	a4,0(a0)
    80001c34:	e398                	sd	a4,0(a5)
    80001c36:	00053823          	sd	zero,16(a0)
    80001c3a:	b7f5                	j	80001c26 <_Balloc+0x96>

0000000080001c3c <_Bfree>:
    80001c3c:	7d1c                	ld	a5,56(a0)
    80001c3e:	1101                	addi	sp,sp,-32
    80001c40:	e822                	sd	s0,16(sp)
    80001c42:	e426                	sd	s1,8(sp)
    80001c44:	ec06                	sd	ra,24(sp)
    80001c46:	84aa                	mv	s1,a0
    80001c48:	842e                	mv	s0,a1
    80001c4a:	ef85                	bnez	a5,80001c82 <_Bfree+0x46>
    80001c4c:	02000513          	li	a0,32
    80001c50:	d99ff0ef          	jal	800019e8 <malloc>
    80001c54:	fc88                	sd	a0,56(s1)
    80001c56:	ed11                	bnez	a0,80001c72 <_Bfree+0x36>
    80001c58:	00002697          	auipc	a3,0x2
    80001c5c:	5a868693          	addi	a3,a3,1448 # 80004200 <__tbss_end+0xa6>
    80001c60:	4601                	li	a2,0
    80001c62:	08f00593          	li	a1,143
    80001c66:	00002517          	auipc	a0,0x2
    80001c6a:	65250513          	addi	a0,a0,1618 # 800042b8 <__tbss_end+0x15e>
    80001c6e:	053010ef          	jal	800034c0 <__assert_func>
    80001c72:	00052423          	sw	zero,8(a0)
    80001c76:	00053823          	sd	zero,16(a0)
    80001c7a:	00053023          	sd	zero,0(a0)
    80001c7e:	00053c23          	sd	zero,24(a0)
    80001c82:	c809                	beqz	s0,80001c94 <_Bfree+0x58>
    80001c84:	7c9c                	ld	a5,56(s1)
    80001c86:	4418                	lw	a4,8(s0)
    80001c88:	6f9c                	ld	a5,24(a5)
    80001c8a:	070e                	slli	a4,a4,0x3
    80001c8c:	97ba                	add	a5,a5,a4
    80001c8e:	6398                	ld	a4,0(a5)
    80001c90:	e018                	sd	a4,0(s0)
    80001c92:	e380                	sd	s0,0(a5)
    80001c94:	60e2                	ld	ra,24(sp)
    80001c96:	6442                	ld	s0,16(sp)
    80001c98:	64a2                	ld	s1,8(sp)
    80001c9a:	6105                	addi	sp,sp,32
    80001c9c:	8082                	ret

0000000080001c9e <__multadd>:
    80001c9e:	7179                	addi	sp,sp,-48
    80001ca0:	ec26                	sd	s1,24(sp)
    80001ca2:	84aa                	mv	s1,a0
    80001ca4:	6541                	lui	a0,0x10
    80001ca6:	f022                	sd	s0,32(sp)
    80001ca8:	e84a                	sd	s2,16(sp)
    80001caa:	842e                	mv	s0,a1
    80001cac:	0145a903          	lw	s2,20(a1)
    80001cb0:	f406                	sd	ra,40(sp)
    80001cb2:	e44e                	sd	s3,8(sp)
    80001cb4:	e052                	sd	s4,0(sp)
    80001cb6:	05e1                	addi	a1,a1,24
    80001cb8:	4801                	li	a6,0
    80001cba:	157d                	addi	a0,a0,-1 # ffff <__stack_size+0x7fff>
    80001cbc:	419c                	lw	a5,0(a1)
    80001cbe:	2805                	addiw	a6,a6,1
    80001cc0:	00a7f733          	and	a4,a5,a0
    80001cc4:	02c7073b          	mulw	a4,a4,a2
    80001cc8:	0107d79b          	srliw	a5,a5,0x10
    80001ccc:	02c787bb          	mulw	a5,a5,a2
    80001cd0:	9f35                	addw	a4,a4,a3
    80001cd2:	0107569b          	srliw	a3,a4,0x10
    80001cd6:	8f69                	and	a4,a4,a0
    80001cd8:	9fb5                	addw	a5,a5,a3
    80001cda:	0107d99b          	srliw	s3,a5,0x10
    80001cde:	0107d69b          	srliw	a3,a5,0x10
    80001ce2:	0107979b          	slliw	a5,a5,0x10
    80001ce6:	9fb9                	addw	a5,a5,a4
    80001ce8:	c19c                	sw	a5,0(a1)
    80001cea:	0591                	addi	a1,a1,4
    80001cec:	fd2848e3          	blt	a6,s2,80001cbc <__multadd+0x1e>
    80001cf0:	ceb1                	beqz	a3,80001d4c <__multadd+0xae>
    80001cf2:	445c                	lw	a5,12(s0)
    80001cf4:	04f94363          	blt	s2,a5,80001d3a <__multadd+0x9c>
    80001cf8:	440c                	lw	a1,8(s0)
    80001cfa:	8526                	mv	a0,s1
    80001cfc:	2585                	addiw	a1,a1,1
    80001cfe:	e93ff0ef          	jal	80001b90 <_Balloc>
    80001d02:	8a2a                	mv	s4,a0
    80001d04:	ed11                	bnez	a0,80001d20 <__multadd+0x82>
    80001d06:	00002697          	auipc	a3,0x2
    80001d0a:	59a68693          	addi	a3,a3,1434 # 800042a0 <__tbss_end+0x146>
    80001d0e:	4601                	li	a2,0
    80001d10:	0ba00593          	li	a1,186
    80001d14:	00002517          	auipc	a0,0x2
    80001d18:	5a450513          	addi	a0,a0,1444 # 800042b8 <__tbss_end+0x15e>
    80001d1c:	7a4010ef          	jal	800034c0 <__assert_func>
    80001d20:	4850                	lw	a2,20(s0)
    80001d22:	01040593          	addi	a1,s0,16
    80001d26:	0541                	addi	a0,a0,16
    80001d28:	0609                	addi	a2,a2,2
    80001d2a:	060a                	slli	a2,a2,0x2
    80001d2c:	766010ef          	jal	80003492 <memcpy>
    80001d30:	85a2                	mv	a1,s0
    80001d32:	8526                	mv	a0,s1
    80001d34:	f09ff0ef          	jal	80001c3c <_Bfree>
    80001d38:	8452                	mv	s0,s4
    80001d3a:	00490793          	addi	a5,s2,4
    80001d3e:	078a                	slli	a5,a5,0x2
    80001d40:	97a2                	add	a5,a5,s0
    80001d42:	0137a423          	sw	s3,8(a5)
    80001d46:	2905                	addiw	s2,s2,1
    80001d48:	01242a23          	sw	s2,20(s0)
    80001d4c:	70a2                	ld	ra,40(sp)
    80001d4e:	8522                	mv	a0,s0
    80001d50:	7402                	ld	s0,32(sp)
    80001d52:	64e2                	ld	s1,24(sp)
    80001d54:	6942                	ld	s2,16(sp)
    80001d56:	69a2                	ld	s3,8(sp)
    80001d58:	6a02                	ld	s4,0(sp)
    80001d5a:	6145                	addi	sp,sp,48
    80001d5c:	8082                	ret

0000000080001d5e <__s2b>:
    80001d5e:	7139                	addi	sp,sp,-64
    80001d60:	47a5                	li	a5,9
    80001d62:	f426                	sd	s1,40(sp)
    80001d64:	84ba                	mv	s1,a4
    80001d66:	0086871b          	addiw	a4,a3,8
    80001d6a:	02f7473b          	divw	a4,a4,a5
    80001d6e:	f822                	sd	s0,48(sp)
    80001d70:	f04a                	sd	s2,32(sp)
    80001d72:	ec4e                	sd	s3,24(sp)
    80001d74:	e852                	sd	s4,16(sp)
    80001d76:	842e                	mv	s0,a1
    80001d78:	fc06                	sd	ra,56(sp)
    80001d7a:	e456                	sd	s5,8(sp)
    80001d7c:	892a                	mv	s2,a0
    80001d7e:	8a32                	mv	s4,a2
    80001d80:	89b6                	mv	s3,a3
    80001d82:	4785                	li	a5,1
    80001d84:	4581                	li	a1,0
    80001d86:	02e7c363          	blt	a5,a4,80001dac <__s2b+0x4e>
    80001d8a:	854a                	mv	a0,s2
    80001d8c:	e05ff0ef          	jal	80001b90 <_Balloc>
    80001d90:	e115                	bnez	a0,80001db4 <__s2b+0x56>
    80001d92:	00002697          	auipc	a3,0x2
    80001d96:	50e68693          	addi	a3,a3,1294 # 800042a0 <__tbss_end+0x146>
    80001d9a:	4601                	li	a2,0
    80001d9c:	0d300593          	li	a1,211
    80001da0:	00002517          	auipc	a0,0x2
    80001da4:	51850513          	addi	a0,a0,1304 # 800042b8 <__tbss_end+0x15e>
    80001da8:	718010ef          	jal	800034c0 <__assert_func>
    80001dac:	0017979b          	slliw	a5,a5,0x1
    80001db0:	2585                	addiw	a1,a1,1
    80001db2:	bfd1                	j	80001d86 <__s2b+0x28>
    80001db4:	4785                	li	a5,1
    80001db6:	c95c                	sw	a5,20(a0)
    80001db8:	cd04                	sw	s1,24(a0)
    80001dba:	47a5                	li	a5,9
    80001dbc:	0547d563          	bge	a5,s4,80001e06 <__s2b+0xa8>
    80001dc0:	0425                	addi	s0,s0,9
    80001dc2:	8aa2                	mv	s5,s0
    80001dc4:	44a5                	li	s1,9
    80001dc6:	000ac683          	lbu	a3,0(s5)
    80001dca:	85aa                	mv	a1,a0
    80001dcc:	4629                	li	a2,10
    80001dce:	fd06869b          	addiw	a3,a3,-48
    80001dd2:	854a                	mv	a0,s2
    80001dd4:	ecbff0ef          	jal	80001c9e <__multadd>
    80001dd8:	87a6                	mv	a5,s1
    80001dda:	2485                	addiw	s1,s1,1
    80001ddc:	0a85                	addi	s5,s5,1
    80001dde:	fe9a14e3          	bne	s4,s1,80001dc6 <__s2b+0x68>
    80001de2:	37e5                	addiw	a5,a5,-7
    80001de4:	1782                	slli	a5,a5,0x20
    80001de6:	9381                	srli	a5,a5,0x20
    80001de8:	943e                	add	s0,s0,a5
    80001dea:	9c81                	subw	s1,s1,s0
    80001dec:	008487bb          	addw	a5,s1,s0
    80001df0:	0137ce63          	blt	a5,s3,80001e0c <__s2b+0xae>
    80001df4:	70e2                	ld	ra,56(sp)
    80001df6:	7442                	ld	s0,48(sp)
    80001df8:	74a2                	ld	s1,40(sp)
    80001dfa:	7902                	ld	s2,32(sp)
    80001dfc:	69e2                	ld	s3,24(sp)
    80001dfe:	6a42                	ld	s4,16(sp)
    80001e00:	6aa2                	ld	s5,8(sp)
    80001e02:	6121                	addi	sp,sp,64
    80001e04:	8082                	ret
    80001e06:	0429                	addi	s0,s0,10
    80001e08:	44a5                	li	s1,9
    80001e0a:	b7c5                	j	80001dea <__s2b+0x8c>
    80001e0c:	00044683          	lbu	a3,0(s0)
    80001e10:	85aa                	mv	a1,a0
    80001e12:	4629                	li	a2,10
    80001e14:	fd06869b          	addiw	a3,a3,-48
    80001e18:	854a                	mv	a0,s2
    80001e1a:	0405                	addi	s0,s0,1
    80001e1c:	e83ff0ef          	jal	80001c9e <__multadd>
    80001e20:	b7f1                	j	80001dec <__s2b+0x8e>

0000000080001e22 <__hi0bits>:
    80001e22:	87aa                	mv	a5,a0
    80001e24:	6741                	lui	a4,0x10
    80001e26:	4501                	li	a0,0
    80001e28:	00e7f563          	bgeu	a5,a4,80001e32 <__hi0bits+0x10>
    80001e2c:	0107979b          	slliw	a5,a5,0x10
    80001e30:	4541                	li	a0,16
    80001e32:	01000737          	lui	a4,0x1000
    80001e36:	00e7f563          	bgeu	a5,a4,80001e40 <__hi0bits+0x1e>
    80001e3a:	2521                	addiw	a0,a0,8
    80001e3c:	0087979b          	slliw	a5,a5,0x8
    80001e40:	10000737          	lui	a4,0x10000
    80001e44:	00e7f563          	bgeu	a5,a4,80001e4e <__hi0bits+0x2c>
    80001e48:	2511                	addiw	a0,a0,4
    80001e4a:	0047979b          	slliw	a5,a5,0x4
    80001e4e:	40000737          	lui	a4,0x40000
    80001e52:	00e7f563          	bgeu	a5,a4,80001e5c <__hi0bits+0x3a>
    80001e56:	2509                	addiw	a0,a0,2
    80001e58:	0027979b          	slliw	a5,a5,0x2
    80001e5c:	0007c963          	bltz	a5,80001e6e <__hi0bits+0x4c>
    80001e60:	02179713          	slli	a4,a5,0x21
    80001e64:	2505                	addiw	a0,a0,1
    80001e66:	00074463          	bltz	a4,80001e6e <__hi0bits+0x4c>
    80001e6a:	02000513          	li	a0,32
    80001e6e:	8082                	ret

0000000080001e70 <__lo0bits>:
    80001e70:	411c                	lw	a5,0(a0)
    80001e72:	872a                	mv	a4,a0
    80001e74:	0077f613          	andi	a2,a5,7
    80001e78:	86be                	mv	a3,a5
    80001e7a:	c20d                	beqz	a2,80001e9c <__lo0bits+0x2c>
    80001e7c:	0017f613          	andi	a2,a5,1
    80001e80:	4501                	li	a0,0
    80001e82:	e235                	bnez	a2,80001ee6 <__lo0bits+0x76>
    80001e84:	8a89                	andi	a3,a3,2
    80001e86:	c691                	beqz	a3,80001e92 <__lo0bits+0x22>
    80001e88:	0017d79b          	srliw	a5,a5,0x1
    80001e8c:	c31c                	sw	a5,0(a4)
    80001e8e:	4505                	li	a0,1
    80001e90:	8082                	ret
    80001e92:	0027d79b          	srliw	a5,a5,0x2
    80001e96:	c31c                	sw	a5,0(a4)
    80001e98:	4509                	li	a0,2
    80001e9a:	8082                	ret
    80001e9c:	03079693          	slli	a3,a5,0x30
    80001ea0:	92c1                	srli	a3,a3,0x30
    80001ea2:	4501                	li	a0,0
    80001ea4:	e681                	bnez	a3,80001eac <__lo0bits+0x3c>
    80001ea6:	0107d79b          	srliw	a5,a5,0x10
    80001eaa:	4541                	li	a0,16
    80001eac:	0ff7f693          	zext.b	a3,a5
    80001eb0:	e681                	bnez	a3,80001eb8 <__lo0bits+0x48>
    80001eb2:	2521                	addiw	a0,a0,8
    80001eb4:	0087d79b          	srliw	a5,a5,0x8
    80001eb8:	00f7f693          	andi	a3,a5,15
    80001ebc:	e681                	bnez	a3,80001ec4 <__lo0bits+0x54>
    80001ebe:	2511                	addiw	a0,a0,4
    80001ec0:	0047d79b          	srliw	a5,a5,0x4
    80001ec4:	0037f693          	andi	a3,a5,3
    80001ec8:	e681                	bnez	a3,80001ed0 <__lo0bits+0x60>
    80001eca:	2509                	addiw	a0,a0,2
    80001ecc:	0027d79b          	srliw	a5,a5,0x2
    80001ed0:	0017f693          	andi	a3,a5,1
    80001ed4:	e689                	bnez	a3,80001ede <__lo0bits+0x6e>
    80001ed6:	0017d79b          	srliw	a5,a5,0x1
    80001eda:	2505                	addiw	a0,a0,1
    80001edc:	c399                	beqz	a5,80001ee2 <__lo0bits+0x72>
    80001ede:	c31c                	sw	a5,0(a4)
    80001ee0:	8082                	ret
    80001ee2:	02000513          	li	a0,32
    80001ee6:	8082                	ret

0000000080001ee8 <__i2b>:
    80001ee8:	1141                	addi	sp,sp,-16
    80001eea:	e022                	sd	s0,0(sp)
    80001eec:	842e                	mv	s0,a1
    80001eee:	4585                	li	a1,1
    80001ef0:	e406                	sd	ra,8(sp)
    80001ef2:	c9fff0ef          	jal	80001b90 <_Balloc>
    80001ef6:	ed11                	bnez	a0,80001f12 <__i2b+0x2a>
    80001ef8:	00002697          	auipc	a3,0x2
    80001efc:	3a868693          	addi	a3,a3,936 # 800042a0 <__tbss_end+0x146>
    80001f00:	4601                	li	a2,0
    80001f02:	14500593          	li	a1,325
    80001f06:	00002517          	auipc	a0,0x2
    80001f0a:	3b250513          	addi	a0,a0,946 # 800042b8 <__tbss_end+0x15e>
    80001f0e:	5b2010ef          	jal	800034c0 <__assert_func>
    80001f12:	60a2                	ld	ra,8(sp)
    80001f14:	cd00                	sw	s0,24(a0)
    80001f16:	6402                	ld	s0,0(sp)
    80001f18:	4705                	li	a4,1
    80001f1a:	c958                	sw	a4,20(a0)
    80001f1c:	0141                	addi	sp,sp,16
    80001f1e:	8082                	ret

0000000080001f20 <__multiply>:
    80001f20:	49d8                	lw	a4,20(a1)
    80001f22:	4a5c                	lw	a5,20(a2)
    80001f24:	7179                	addi	sp,sp,-48
    80001f26:	f022                	sd	s0,32(sp)
    80001f28:	e84a                	sd	s2,16(sp)
    80001f2a:	f406                	sd	ra,40(sp)
    80001f2c:	ec26                	sd	s1,24(sp)
    80001f2e:	e44e                	sd	s3,8(sp)
    80001f30:	e052                	sd	s4,0(sp)
    80001f32:	892e                	mv	s2,a1
    80001f34:	8432                	mv	s0,a2
    80001f36:	00f74463          	blt	a4,a5,80001f3e <__multiply+0x1e>
    80001f3a:	842e                	mv	s0,a1
    80001f3c:	8932                	mv	s2,a2
    80001f3e:	01442a03          	lw	s4,20(s0)
    80001f42:	01492983          	lw	s3,20(s2)
    80001f46:	445c                	lw	a5,12(s0)
    80001f48:	440c                	lw	a1,8(s0)
    80001f4a:	013a04bb          	addw	s1,s4,s3
    80001f4e:	0097d363          	bge	a5,s1,80001f54 <__multiply+0x34>
    80001f52:	2585                	addiw	a1,a1,1
    80001f54:	c3dff0ef          	jal	80001b90 <_Balloc>
    80001f58:	ed11                	bnez	a0,80001f74 <__multiply+0x54>
    80001f5a:	00002697          	auipc	a3,0x2
    80001f5e:	34668693          	addi	a3,a3,838 # 800042a0 <__tbss_end+0x146>
    80001f62:	4601                	li	a2,0
    80001f64:	16200593          	li	a1,354
    80001f68:	00002517          	auipc	a0,0x2
    80001f6c:	35050513          	addi	a0,a0,848 # 800042b8 <__tbss_end+0x15e>
    80001f70:	550010ef          	jal	800034c0 <__assert_func>
    80001f74:	01850693          	addi	a3,a0,24
    80001f78:	00249813          	slli	a6,s1,0x2
    80001f7c:	9836                	add	a6,a6,a3
    80001f7e:	87b6                	mv	a5,a3
    80001f80:	0507ea63          	bltu	a5,a6,80001fd4 <__multiply+0xb4>
    80001f84:	01840313          	addi	t1,s0,24
    80001f88:	002a1613          	slli	a2,s4,0x2
    80001f8c:	01890593          	addi	a1,s2,24
    80001f90:	00299893          	slli	a7,s3,0x2
    80001f94:	961a                	add	a2,a2,t1
    80001f96:	01940793          	addi	a5,s0,25
    80001f9a:	98ae                	add	a7,a7,a1
    80001f9c:	4e11                	li	t3,4
    80001f9e:	00f66863          	bltu	a2,a5,80001fae <__multiply+0x8e>
    80001fa2:	40860433          	sub	s0,a2,s0
    80001fa6:	141d                	addi	s0,s0,-25
    80001fa8:	9871                	andi	s0,s0,-4
    80001faa:	00440e13          	addi	t3,s0,4
    80001fae:	6ec1                	lui	t4,0x10
    80001fb0:	1efd                	addi	t4,t4,-1 # ffff <__stack_size+0x7fff>
    80001fb2:	0315e563          	bltu	a1,a7,80001fdc <__multiply+0xbc>
    80001fb6:	00905663          	blez	s1,80001fc2 <__multiply+0xa2>
    80001fba:	ffc82783          	lw	a5,-4(a6)
    80001fbe:	1871                	addi	a6,a6,-4
    80001fc0:	cbed                	beqz	a5,800020b2 <__multiply+0x192>
    80001fc2:	70a2                	ld	ra,40(sp)
    80001fc4:	7402                	ld	s0,32(sp)
    80001fc6:	c944                	sw	s1,20(a0)
    80001fc8:	6942                	ld	s2,16(sp)
    80001fca:	64e2                	ld	s1,24(sp)
    80001fcc:	69a2                	ld	s3,8(sp)
    80001fce:	6a02                	ld	s4,0(sp)
    80001fd0:	6145                	addi	sp,sp,48
    80001fd2:	8082                	ret
    80001fd4:	0007a023          	sw	zero,0(a5)
    80001fd8:	0791                	addi	a5,a5,4
    80001fda:	b75d                	j	80001f80 <__multiply+0x60>
    80001fdc:	0005af03          	lw	t5,0(a1)
    80001fe0:	01df7f33          	and	t5,t5,t4
    80001fe4:	060f0163          	beqz	t5,80002046 <__multiply+0x126>
    80001fe8:	82b6                	mv	t0,a3
    80001fea:	8f9a                	mv	t6,t1
    80001fec:	4401                	li	s0,0
    80001fee:	000fa783          	lw	a5,0(t6)
    80001ff2:	0002a383          	lw	t2,0(t0)
    80001ff6:	0f91                	addi	t6,t6,4
    80001ff8:	01d7f733          	and	a4,a5,t4
    80001ffc:	03e7073b          	mulw	a4,a4,t5
    80002000:	0107d79b          	srliw	a5,a5,0x10
    80002004:	01d3f933          	and	s2,t2,t4
    80002008:	0103d39b          	srliw	t2,t2,0x10
    8000200c:	0291                	addi	t0,t0,4
    8000200e:	03e787bb          	mulw	a5,a5,t5
    80002012:	0127073b          	addw	a4,a4,s2
    80002016:	9f21                	addw	a4,a4,s0
    80002018:	007787bb          	addw	a5,a5,t2
    8000201c:	0107539b          	srliw	t2,a4,0x10
    80002020:	007787bb          	addw	a5,a5,t2
    80002024:	0107d39b          	srliw	t2,a5,0x10
    80002028:	0107d41b          	srliw	s0,a5,0x10
    8000202c:	00eef733          	and	a4,t4,a4
    80002030:	0107979b          	slliw	a5,a5,0x10
    80002034:	8f5d                	or	a4,a4,a5
    80002036:	fee2ae23          	sw	a4,-4(t0)
    8000203a:	facfeae3          	bltu	t6,a2,80001fee <__multiply+0xce>
    8000203e:	01c687b3          	add	a5,a3,t3
    80002042:	0077a023          	sw	t2,0(a5)
    80002046:	0025d383          	lhu	t2,2(a1)
    8000204a:	06038163          	beqz	t2,800020ac <__multiply+0x18c>
    8000204e:	4298                	lw	a4,0(a3)
    80002050:	8f1a                	mv	t5,t1
    80002052:	8fb6                	mv	t6,a3
    80002054:	4281                	li	t0,0
    80002056:	000f2783          	lw	a5,0(t5)
    8000205a:	002fd403          	lhu	s0,2(t6)
    8000205e:	01d77733          	and	a4,a4,t4
    80002062:	01d7f7b3          	and	a5,a5,t4
    80002066:	027787bb          	mulw	a5,a5,t2
    8000206a:	0f11                	addi	t5,t5,4
    8000206c:	0f91                	addi	t6,t6,4
    8000206e:	9fa1                	addw	a5,a5,s0
    80002070:	005787bb          	addw	a5,a5,t0
    80002074:	0107929b          	slliw	t0,a5,0x10
    80002078:	00576733          	or	a4,a4,t0
    8000207c:	feefae23          	sw	a4,-4(t6)
    80002080:	ffef5703          	lhu	a4,-2(t5)
    80002084:	000fa283          	lw	t0,0(t6)
    80002088:	0107d79b          	srliw	a5,a5,0x10
    8000208c:	0277073b          	mulw	a4,a4,t2
    80002090:	01d2f2b3          	and	t0,t0,t4
    80002094:	0057073b          	addw	a4,a4,t0
    80002098:	9fb9                	addw	a5,a5,a4
    8000209a:	0007871b          	sext.w	a4,a5
    8000209e:	0107d29b          	srliw	t0,a5,0x10
    800020a2:	facf6ae3          	bltu	t5,a2,80002056 <__multiply+0x136>
    800020a6:	01c68733          	add	a4,a3,t3
    800020aa:	c31c                	sw	a5,0(a4)
    800020ac:	0591                	addi	a1,a1,4
    800020ae:	0691                	addi	a3,a3,4
    800020b0:	b709                	j	80001fb2 <__multiply+0x92>
    800020b2:	34fd                	addiw	s1,s1,-1
    800020b4:	b709                	j	80001fb6 <__multiply+0x96>

00000000800020b6 <__pow5mult>:
    800020b6:	7179                	addi	sp,sp,-48
    800020b8:	ec26                	sd	s1,24(sp)
    800020ba:	e84a                	sd	s2,16(sp)
    800020bc:	e44e                	sd	s3,8(sp)
    800020be:	f406                	sd	ra,40(sp)
    800020c0:	f022                	sd	s0,32(sp)
    800020c2:	e052                	sd	s4,0(sp)
    800020c4:	00367793          	andi	a5,a2,3
    800020c8:	892a                	mv	s2,a0
    800020ca:	84b2                	mv	s1,a2
    800020cc:	89ae                	mv	s3,a1
    800020ce:	cf89                	beqz	a5,800020e8 <__pow5mult+0x32>
    800020d0:	37fd                	addiw	a5,a5,-1
    800020d2:	00002717          	auipc	a4,0x2
    800020d6:	43e70713          	addi	a4,a4,1086 # 80004510 <p05.0>
    800020da:	078a                	slli	a5,a5,0x2
    800020dc:	97ba                	add	a5,a5,a4
    800020de:	4390                	lw	a2,0(a5)
    800020e0:	4681                	li	a3,0
    800020e2:	bbdff0ef          	jal	80001c9e <__multadd>
    800020e6:	89aa                	mv	s3,a0
    800020e8:	8489                	srai	s1,s1,0x2
    800020ea:	c8d9                	beqz	s1,80002180 <__pow5mult+0xca>
    800020ec:	03893783          	ld	a5,56(s2)
    800020f0:	ef8d                	bnez	a5,8000212a <__pow5mult+0x74>
    800020f2:	02000513          	li	a0,32
    800020f6:	8f3ff0ef          	jal	800019e8 <malloc>
    800020fa:	02a93c23          	sd	a0,56(s2)
    800020fe:	ed11                	bnez	a0,8000211a <__pow5mult+0x64>
    80002100:	00002697          	auipc	a3,0x2
    80002104:	10068693          	addi	a3,a3,256 # 80004200 <__tbss_end+0xa6>
    80002108:	4601                	li	a2,0
    8000210a:	1b300593          	li	a1,435
    8000210e:	00002517          	auipc	a0,0x2
    80002112:	1aa50513          	addi	a0,a0,426 # 800042b8 <__tbss_end+0x15e>
    80002116:	3aa010ef          	jal	800034c0 <__assert_func>
    8000211a:	00052423          	sw	zero,8(a0)
    8000211e:	00053823          	sd	zero,16(a0)
    80002122:	00053023          	sd	zero,0(a0)
    80002126:	00053c23          	sd	zero,24(a0)
    8000212a:	03893a03          	ld	s4,56(s2)
    8000212e:	010a3403          	ld	s0,16(s4)
    80002132:	e819                	bnez	s0,80002148 <__pow5mult+0x92>
    80002134:	27100593          	li	a1,625
    80002138:	854a                	mv	a0,s2
    8000213a:	dafff0ef          	jal	80001ee8 <__i2b>
    8000213e:	00aa3823          	sd	a0,16(s4)
    80002142:	842a                	mv	s0,a0
    80002144:	00053023          	sd	zero,0(a0)
    80002148:	0014f793          	andi	a5,s1,1
    8000214c:	cf81                	beqz	a5,80002164 <__pow5mult+0xae>
    8000214e:	85ce                	mv	a1,s3
    80002150:	8622                	mv	a2,s0
    80002152:	854a                	mv	a0,s2
    80002154:	dcdff0ef          	jal	80001f20 <__multiply>
    80002158:	8a2a                	mv	s4,a0
    8000215a:	85ce                	mv	a1,s3
    8000215c:	854a                	mv	a0,s2
    8000215e:	adfff0ef          	jal	80001c3c <_Bfree>
    80002162:	89d2                	mv	s3,s4
    80002164:	8485                	srai	s1,s1,0x1
    80002166:	cc89                	beqz	s1,80002180 <__pow5mult+0xca>
    80002168:	6008                	ld	a0,0(s0)
    8000216a:	e909                	bnez	a0,8000217c <__pow5mult+0xc6>
    8000216c:	8622                	mv	a2,s0
    8000216e:	85a2                	mv	a1,s0
    80002170:	854a                	mv	a0,s2
    80002172:	dafff0ef          	jal	80001f20 <__multiply>
    80002176:	e008                	sd	a0,0(s0)
    80002178:	00053023          	sd	zero,0(a0)
    8000217c:	842a                	mv	s0,a0
    8000217e:	b7e9                	j	80002148 <__pow5mult+0x92>
    80002180:	70a2                	ld	ra,40(sp)
    80002182:	7402                	ld	s0,32(sp)
    80002184:	64e2                	ld	s1,24(sp)
    80002186:	6942                	ld	s2,16(sp)
    80002188:	6a02                	ld	s4,0(sp)
    8000218a:	854e                	mv	a0,s3
    8000218c:	69a2                	ld	s3,8(sp)
    8000218e:	6145                	addi	sp,sp,48
    80002190:	8082                	ret

0000000080002192 <__lshift>:
    80002192:	715d                	addi	sp,sp,-80
    80002194:	e0a2                	sd	s0,64(sp)
    80002196:	842e                	mv	s0,a1
    80002198:	e85a                	sd	s6,16(sp)
    8000219a:	01442b03          	lw	s6,20(s0)
    8000219e:	f44e                	sd	s3,40(sp)
    800021a0:	458c                	lw	a1,8(a1)
    800021a2:	4056599b          	sraiw	s3,a2,0x5
    800021a6:	445c                	lw	a5,12(s0)
    800021a8:	01698b3b          	addw	s6,s3,s6
    800021ac:	fc26                	sd	s1,56(sp)
    800021ae:	f84a                	sd	s2,48(sp)
    800021b0:	ec56                	sd	s5,24(sp)
    800021b2:	e45e                	sd	s7,8(sp)
    800021b4:	e486                	sd	ra,72(sp)
    800021b6:	f052                	sd	s4,32(sp)
    800021b8:	892a                	mv	s2,a0
    800021ba:	84b2                	mv	s1,a2
    800021bc:	40565b93          	srai	s7,a2,0x5
    800021c0:	001b0a9b          	addiw	s5,s6,1
    800021c4:	0357c463          	blt	a5,s5,800021ec <__lshift+0x5a>
    800021c8:	854a                	mv	a0,s2
    800021ca:	9c7ff0ef          	jal	80001b90 <_Balloc>
    800021ce:	8a2a                	mv	s4,a0
    800021d0:	e115                	bnez	a0,800021f4 <__lshift+0x62>
    800021d2:	00002697          	auipc	a3,0x2
    800021d6:	0ce68693          	addi	a3,a3,206 # 800042a0 <__tbss_end+0x146>
    800021da:	4601                	li	a2,0
    800021dc:	1de00593          	li	a1,478
    800021e0:	00002517          	auipc	a0,0x2
    800021e4:	0d850513          	addi	a0,a0,216 # 800042b8 <__tbss_end+0x15e>
    800021e8:	2d8010ef          	jal	800034c0 <__assert_func>
    800021ec:	2585                	addiw	a1,a1,1
    800021ee:	0017979b          	slliw	a5,a5,0x1
    800021f2:	bfc9                	j	800021c4 <__lshift+0x32>
    800021f4:	01850693          	addi	a3,a0,24
    800021f8:	8736                	mv	a4,a3
    800021fa:	4781                	li	a5,0
    800021fc:	0977c363          	blt	a5,s7,80002282 <__lshift+0xf0>
    80002200:	000bd363          	bgez	s7,80002206 <__lshift+0x74>
    80002204:	4981                	li	s3,0
    80002206:	4858                	lw	a4,20(s0)
    80002208:	098a                	slli	s3,s3,0x2
    8000220a:	01840793          	addi	a5,s0,24
    8000220e:	070a                	slli	a4,a4,0x2
    80002210:	88fd                	andi	s1,s1,31
    80002212:	96ce                	add	a3,a3,s3
    80002214:	973e                	add	a4,a4,a5
    80002216:	c8bd                	beqz	s1,8000228c <__lshift+0xfa>
    80002218:	02000813          	li	a6,32
    8000221c:	4098083b          	subw	a6,a6,s1
    80002220:	8536                	mv	a0,a3
    80002222:	4601                	li	a2,0
    80002224:	438c                	lw	a1,0(a5)
    80002226:	009595bb          	sllw	a1,a1,s1
    8000222a:	8e4d                	or	a2,a2,a1
    8000222c:	c110                	sw	a2,0(a0)
    8000222e:	438c                	lw	a1,0(a5)
    80002230:	0791                	addi	a5,a5,4
    80002232:	0511                	addi	a0,a0,4
    80002234:	0105d63b          	srlw	a2,a1,a6
    80002238:	85b2                	mv	a1,a2
    8000223a:	fee7e5e3          	bltu	a5,a4,80002224 <__lshift+0x92>
    8000223e:	01940513          	addi	a0,s0,25
    80002242:	4791                	li	a5,4
    80002244:	00a76763          	bltu	a4,a0,80002252 <__lshift+0xc0>
    80002248:	8f01                	sub	a4,a4,s0
    8000224a:	171d                	addi	a4,a4,-25
    8000224c:	9b71                	andi	a4,a4,-4
    8000224e:	00470793          	addi	a5,a4,4
    80002252:	97b6                	add	a5,a5,a3
    80002254:	c38c                	sw	a1,0(a5)
    80002256:	c219                	beqz	a2,8000225c <__lshift+0xca>
    80002258:	002b0a9b          	addiw	s5,s6,2
    8000225c:	3afd                	addiw	s5,s5,-1
    8000225e:	015a2a23          	sw	s5,20(s4)
    80002262:	854a                	mv	a0,s2
    80002264:	85a2                	mv	a1,s0
    80002266:	9d7ff0ef          	jal	80001c3c <_Bfree>
    8000226a:	60a6                	ld	ra,72(sp)
    8000226c:	6406                	ld	s0,64(sp)
    8000226e:	74e2                	ld	s1,56(sp)
    80002270:	7942                	ld	s2,48(sp)
    80002272:	79a2                	ld	s3,40(sp)
    80002274:	6ae2                	ld	s5,24(sp)
    80002276:	6b42                	ld	s6,16(sp)
    80002278:	6ba2                	ld	s7,8(sp)
    8000227a:	8552                	mv	a0,s4
    8000227c:	7a02                	ld	s4,32(sp)
    8000227e:	6161                	addi	sp,sp,80
    80002280:	8082                	ret
    80002282:	00072023          	sw	zero,0(a4)
    80002286:	2785                	addiw	a5,a5,1
    80002288:	0711                	addi	a4,a4,4
    8000228a:	bf8d                	j	800021fc <__lshift+0x6a>
    8000228c:	4390                	lw	a2,0(a5)
    8000228e:	0791                	addi	a5,a5,4
    80002290:	c290                	sw	a2,0(a3)
    80002292:	0691                	addi	a3,a3,4
    80002294:	fee7ece3          	bltu	a5,a4,8000228c <__lshift+0xfa>
    80002298:	b7d1                	j	8000225c <__lshift+0xca>

000000008000229a <__mcmp>:
    8000229a:	49d8                	lw	a4,20(a1)
    8000229c:	87aa                	mv	a5,a0
    8000229e:	4948                	lw	a0,20(a0)
    800022a0:	9d19                	subw	a0,a0,a4
    800022a2:	e505                	bnez	a0,800022ca <__mcmp+0x30>
    800022a4:	070a                	slli	a4,a4,0x2
    800022a6:	07e1                	addi	a5,a5,24
    800022a8:	05e1                	addi	a1,a1,24
    800022aa:	00e786b3          	add	a3,a5,a4
    800022ae:	95ba                	add	a1,a1,a4
    800022b0:	16f1                	addi	a3,a3,-4
    800022b2:	15f1                	addi	a1,a1,-4
    800022b4:	4290                	lw	a2,0(a3)
    800022b6:	4198                	lw	a4,0(a1)
    800022b8:	00e60763          	beq	a2,a4,800022c6 <__mcmp+0x2c>
    800022bc:	4505                	li	a0,1
    800022be:	00e67663          	bgeu	a2,a4,800022ca <__mcmp+0x30>
    800022c2:	557d                	li	a0,-1
    800022c4:	8082                	ret
    800022c6:	fed7e5e3          	bltu	a5,a3,800022b0 <__mcmp+0x16>
    800022ca:	8082                	ret

00000000800022cc <__mdiff>:
    800022cc:	7179                	addi	sp,sp,-48
    800022ce:	ec26                	sd	s1,24(sp)
    800022d0:	84ae                	mv	s1,a1
    800022d2:	e84a                	sd	s2,16(sp)
    800022d4:	85b2                	mv	a1,a2
    800022d6:	892a                	mv	s2,a0
    800022d8:	8526                	mv	a0,s1
    800022da:	f022                	sd	s0,32(sp)
    800022dc:	f406                	sd	ra,40(sp)
    800022de:	e44e                	sd	s3,8(sp)
    800022e0:	8432                	mv	s0,a2
    800022e2:	fb9ff0ef          	jal	8000229a <__mcmp>
    800022e6:	ed15                	bnez	a0,80002322 <__mdiff+0x56>
    800022e8:	4581                	li	a1,0
    800022ea:	854a                	mv	a0,s2
    800022ec:	8a5ff0ef          	jal	80001b90 <_Balloc>
    800022f0:	ed11                	bnez	a0,8000230c <__mdiff+0x40>
    800022f2:	00002697          	auipc	a3,0x2
    800022f6:	fae68693          	addi	a3,a3,-82 # 800042a0 <__tbss_end+0x146>
    800022fa:	4601                	li	a2,0
    800022fc:	23700593          	li	a1,567
    80002300:	00002517          	auipc	a0,0x2
    80002304:	fb850513          	addi	a0,a0,-72 # 800042b8 <__tbss_end+0x15e>
    80002308:	1b8010ef          	jal	800034c0 <__assert_func>
    8000230c:	4785                	li	a5,1
    8000230e:	c95c                	sw	a5,20(a0)
    80002310:	00052c23          	sw	zero,24(a0)
    80002314:	70a2                	ld	ra,40(sp)
    80002316:	7402                	ld	s0,32(sp)
    80002318:	64e2                	ld	s1,24(sp)
    8000231a:	6942                	ld	s2,16(sp)
    8000231c:	69a2                	ld	s3,8(sp)
    8000231e:	6145                	addi	sp,sp,48
    80002320:	8082                	ret
    80002322:	4981                	li	s3,0
    80002324:	00055663          	bgez	a0,80002330 <__mdiff+0x64>
    80002328:	87a6                	mv	a5,s1
    8000232a:	4985                	li	s3,1
    8000232c:	84a2                	mv	s1,s0
    8000232e:	843e                	mv	s0,a5
    80002330:	448c                	lw	a1,8(s1)
    80002332:	854a                	mv	a0,s2
    80002334:	85dff0ef          	jal	80001b90 <_Balloc>
    80002338:	e909                	bnez	a0,8000234a <__mdiff+0x7e>
    8000233a:	00002697          	auipc	a3,0x2
    8000233e:	f6668693          	addi	a3,a3,-154 # 800042a0 <__tbss_end+0x146>
    80002342:	4601                	li	a2,0
    80002344:	24500593          	li	a1,581
    80002348:	bf65                	j	80002300 <__mdiff+0x34>
    8000234a:	0144a803          	lw	a6,20(s1)
    8000234e:	4858                	lw	a4,20(s0)
    80002350:	01848313          	addi	t1,s1,24
    80002354:	00281613          	slli	a2,a6,0x2
    80002358:	01840793          	addi	a5,s0,24
    8000235c:	070a                	slli	a4,a4,0x2
    8000235e:	6ec1                	lui	t4,0x10
    80002360:	01352823          	sw	s3,16(a0)
    80002364:	961a                	add	a2,a2,t1
    80002366:	97ba                	add	a5,a5,a4
    80002368:	01850593          	addi	a1,a0,24
    8000236c:	4e61                	li	t3,24
    8000236e:	4881                	li	a7,0
    80002370:	1efd                	addi	t4,t4,-1 # ffff <__stack_size+0x7fff>
    80002372:	01c406b3          	add	a3,s0,t3
    80002376:	01c48733          	add	a4,s1,t3
    8000237a:	0006af03          	lw	t5,0(a3)
    8000237e:	4318                	lw	a4,0(a4)
    80002380:	01df7fb3          	and	t6,t5,t4
    80002384:	01d776b3          	and	a3,a4,t4
    80002388:	41f686bb          	subw	a3,a3,t6
    8000238c:	011686bb          	addw	a3,a3,a7
    80002390:	010f5f1b          	srliw	t5,t5,0x10
    80002394:	0107571b          	srliw	a4,a4,0x10
    80002398:	4106d89b          	sraiw	a7,a3,0x10
    8000239c:	41e7073b          	subw	a4,a4,t5
    800023a0:	0117073b          	addw	a4,a4,a7
    800023a4:	4107589b          	sraiw	a7,a4,0x10
    800023a8:	00def6b3          	and	a3,t4,a3
    800023ac:	0107171b          	slliw	a4,a4,0x10
    800023b0:	01c50f33          	add	t5,a0,t3
    800023b4:	8ed9                	or	a3,a3,a4
    800023b6:	0e11                	addi	t3,t3,4
    800023b8:	00df2023          	sw	a3,0(t5)
    800023bc:	008e0733          	add	a4,t3,s0
    800023c0:	faf769e3          	bltu	a4,a5,80002372 <__mdiff+0xa6>
    800023c4:	01940693          	addi	a3,s0,25
    800023c8:	4711                	li	a4,4
    800023ca:	00d7e763          	bltu	a5,a3,800023d8 <__mdiff+0x10c>
    800023ce:	8f81                	sub	a5,a5,s0
    800023d0:	179d                	addi	a5,a5,-25
    800023d2:	9bf1                	andi	a5,a5,-4
    800023d4:	00478713          	addi	a4,a5,4
    800023d8:	00e586b3          	add	a3,a1,a4
    800023dc:	933a                	add	t1,t1,a4
    800023de:	6e41                	lui	t3,0x10
    800023e0:	8eb6                	mv	t4,a3
    800023e2:	859a                	mv	a1,t1
    800023e4:	1e7d                	addi	t3,t3,-1 # ffff <__stack_size+0x7fff>
    800023e6:	02c5e463          	bltu	a1,a2,8000240e <__mdiff+0x142>
    800023ea:	ffd30793          	addi	a5,t1,-3
    800023ee:	4701                	li	a4,0
    800023f0:	00f66763          	bltu	a2,a5,800023fe <__mdiff+0x132>
    800023f4:	060d                	addi	a2,a2,3
    800023f6:	40660633          	sub	a2,a2,t1
    800023fa:	ffc67713          	andi	a4,a2,-4
    800023fe:	00e687b3          	add	a5,a3,a4
    80002402:	17f1                	addi	a5,a5,-4
    80002404:	4398                	lw	a4,0(a5)
    80002406:	cf1d                	beqz	a4,80002444 <__mdiff+0x178>
    80002408:	01052a23          	sw	a6,20(a0)
    8000240c:	b721                	j	80002314 <__mdiff+0x48>
    8000240e:	4198                	lw	a4,0(a1)
    80002410:	00088f1b          	sext.w	t5,a7
    80002414:	0591                	addi	a1,a1,4
    80002416:	01c777b3          	and	a5,a4,t3
    8000241a:	011787bb          	addw	a5,a5,a7
    8000241e:	4107d79b          	sraiw	a5,a5,0x10
    80002422:	0107589b          	srliw	a7,a4,0x10
    80002426:	011787bb          	addw	a5,a5,a7
    8000242a:	01e7073b          	addw	a4,a4,t5
    8000242e:	4107d89b          	sraiw	a7,a5,0x10
    80002432:	01c77733          	and	a4,a4,t3
    80002436:	0107979b          	slliw	a5,a5,0x10
    8000243a:	8f5d                	or	a4,a4,a5
    8000243c:	00eea023          	sw	a4,0(t4)
    80002440:	0e91                	addi	t4,t4,4
    80002442:	b755                	j	800023e6 <__mdiff+0x11a>
    80002444:	387d                	addiw	a6,a6,-1
    80002446:	bf75                	j	80002402 <__mdiff+0x136>

0000000080002448 <__ulp>:
    80002448:	e20507d3          	fmv.x.d	a5,fa0
    8000244c:	7ff00737          	lui	a4,0x7ff00
    80002450:	9381                	srli	a5,a5,0x20
    80002452:	8f7d                	and	a4,a4,a5
    80002454:	fcc007b7          	lui	a5,0xfcc00
    80002458:	9f3d                	addw	a4,a4,a5
    8000245a:	00e04d63          	bgtz	a4,80002474 <__ulp+0x2c>
    8000245e:	40e007bb          	negw	a5,a4
    80002462:	4147d69b          	sraiw	a3,a5,0x14
    80002466:	474d                	li	a4,19
    80002468:	00d74863          	blt	a4,a3,80002478 <__ulp+0x30>
    8000246c:	00080737          	lui	a4,0x80
    80002470:	40d7573b          	sraw	a4,a4,a3
    80002474:	4681                	li	a3,0
    80002476:	a821                	j	8000248e <__ulp+0x46>
    80002478:	fec6879b          	addiw	a5,a3,-20
    8000247c:	4779                	li	a4,30
    8000247e:	4685                	li	a3,1
    80002480:	00f74663          	blt	a4,a5,8000248c <__ulp+0x44>
    80002484:	800006b7          	lui	a3,0x80000
    80002488:	00f6d6bb          	srlw	a3,a3,a5
    8000248c:	4701                	li	a4,0
    8000248e:	1682                	slli	a3,a3,0x20
    80002490:	9281                	srli	a3,a3,0x20
    80002492:	1702                	slli	a4,a4,0x20
    80002494:	8f55                	or	a4,a4,a3
    80002496:	f2070553          	fmv.d.x	fa0,a4
    8000249a:	8082                	ret

000000008000249c <__b2d>:
    8000249c:	7179                	addi	sp,sp,-48
    8000249e:	ec26                	sd	s1,24(sp)
    800024a0:	4944                	lw	s1,20(a0)
    800024a2:	e44e                	sd	s3,8(sp)
    800024a4:	01850993          	addi	s3,a0,24
    800024a8:	048a                	slli	s1,s1,0x2
    800024aa:	94ce                	add	s1,s1,s3
    800024ac:	f022                	sd	s0,32(sp)
    800024ae:	ffc4a403          	lw	s0,-4(s1)
    800024b2:	e84a                	sd	s2,16(sp)
    800024b4:	e052                	sd	s4,0(sp)
    800024b6:	8522                	mv	a0,s0
    800024b8:	8a2e                	mv	s4,a1
    800024ba:	f406                	sd	ra,40(sp)
    800024bc:	967ff0ef          	jal	80001e22 <__hi0bits>
    800024c0:	02000793          	li	a5,32
    800024c4:	9f89                	subw	a5,a5,a0
    800024c6:	00fa2023          	sw	a5,0(s4)
    800024ca:	47a9                	li	a5,10
    800024cc:	ffc48913          	addi	s2,s1,-4
    800024d0:	04a7c663          	blt	a5,a0,8000251c <__b2d+0x80>
    800024d4:	46ad                	li	a3,11
    800024d6:	9e89                	subw	a3,a3,a0
    800024d8:	3ff00737          	lui	a4,0x3ff00
    800024dc:	00d457bb          	srlw	a5,s0,a3
    800024e0:	8fd9                	or	a5,a5,a4
    800024e2:	1782                	slli	a5,a5,0x20
    800024e4:	4701                	li	a4,0
    800024e6:	0129f463          	bgeu	s3,s2,800024ee <__b2d+0x52>
    800024ea:	ff84a703          	lw	a4,-8(s1)
    800024ee:	2555                	addiw	a0,a0,21
    800024f0:	00d7573b          	srlw	a4,a4,a3
    800024f4:	00a4143b          	sllw	s0,s0,a0
    800024f8:	8c59                	or	s0,s0,a4
    800024fa:	0004071b          	sext.w	a4,s0
    800024fe:	70a2                	ld	ra,40(sp)
    80002500:	7402                	ld	s0,32(sp)
    80002502:	1702                	slli	a4,a4,0x20
    80002504:	9381                	srli	a5,a5,0x20
    80002506:	9301                	srli	a4,a4,0x20
    80002508:	1782                	slli	a5,a5,0x20
    8000250a:	8fd9                	or	a5,a5,a4
    8000250c:	64e2                	ld	s1,24(sp)
    8000250e:	6942                	ld	s2,16(sp)
    80002510:	69a2                	ld	s3,8(sp)
    80002512:	6a02                	ld	s4,0(sp)
    80002514:	f2078553          	fmv.d.x	fa0,a5
    80002518:	6145                	addi	sp,sp,48
    8000251a:	8082                	ret
    8000251c:	4701                	li	a4,0
    8000251e:	0129f663          	bgeu	s3,s2,8000252a <__b2d+0x8e>
    80002522:	ff84a703          	lw	a4,-8(s1)
    80002526:	ff848913          	addi	s2,s1,-8
    8000252a:	ff55059b          	addiw	a1,a0,-11
    8000252e:	c995                	beqz	a1,80002562 <__b2d+0xc6>
    80002530:	02000613          	li	a2,32
    80002534:	9e0d                	subw	a2,a2,a1
    80002536:	00c757bb          	srlw	a5,a4,a2
    8000253a:	00b4143b          	sllw	s0,s0,a1
    8000253e:	8c5d                	or	s0,s0,a5
    80002540:	3ff007b7          	lui	a5,0x3ff00
    80002544:	8c5d                	or	s0,s0,a5
    80002546:	02041793          	slli	a5,s0,0x20
    8000254a:	4681                	li	a3,0
    8000254c:	0129f463          	bgeu	s3,s2,80002554 <__b2d+0xb8>
    80002550:	ffc92683          	lw	a3,-4(s2)
    80002554:	00b7173b          	sllw	a4,a4,a1
    80002558:	00c6d6bb          	srlw	a3,a3,a2
    8000255c:	8f55                	or	a4,a4,a3
    8000255e:	2701                	sext.w	a4,a4
    80002560:	bf79                	j	800024fe <__b2d+0x62>
    80002562:	3ff007b7          	lui	a5,0x3ff00
    80002566:	8c5d                	or	s0,s0,a5
    80002568:	02041793          	slli	a5,s0,0x20
    8000256c:	bf49                	j	800024fe <__b2d+0x62>

000000008000256e <__d2b>:
    8000256e:	7139                	addi	sp,sp,-64
    80002570:	ec4e                	sd	s3,24(sp)
    80002572:	89ae                	mv	s3,a1
    80002574:	4585                	li	a1,1
    80002576:	f822                	sd	s0,48(sp)
    80002578:	f04a                	sd	s2,32(sp)
    8000257a:	fc06                	sd	ra,56(sp)
    8000257c:	f426                	sd	s1,40(sp)
    8000257e:	e852                	sd	s4,16(sp)
    80002580:	e2050453          	fmv.x.d	s0,fa0
    80002584:	8932                	mv	s2,a2
    80002586:	e0aff0ef          	jal	80001b90 <_Balloc>
    8000258a:	ed11                	bnez	a0,800025a6 <__d2b+0x38>
    8000258c:	00002697          	auipc	a3,0x2
    80002590:	d1468693          	addi	a3,a3,-748 # 800042a0 <__tbss_end+0x146>
    80002594:	4601                	li	a2,0
    80002596:	30f00593          	li	a1,783
    8000259a:	00002517          	auipc	a0,0x2
    8000259e:	d1e50513          	addi	a0,a0,-738 # 800042b8 <__tbss_end+0x15e>
    800025a2:	71f000ef          	jal	800034c0 <__assert_func>
    800025a6:	42045493          	srai	s1,s0,0x20
    800025aa:	02c49793          	slli	a5,s1,0x2c
    800025ae:	0144d49b          	srliw	s1,s1,0x14
    800025b2:	7ff4f493          	andi	s1,s1,2047
    800025b6:	8a2a                	mv	s4,a0
    800025b8:	93b1                	srli	a5,a5,0x2c
    800025ba:	c481                	beqz	s1,800025c2 <__d2b+0x54>
    800025bc:	00100737          	lui	a4,0x100
    800025c0:	8fd9                	or	a5,a5,a4
    800025c2:	c63e                	sw	a5,12(sp)
    800025c4:	2401                	sext.w	s0,s0
    800025c6:	c035                	beqz	s0,8000262a <__d2b+0xbc>
    800025c8:	0028                	addi	a0,sp,8
    800025ca:	c422                	sw	s0,8(sp)
    800025cc:	8a5ff0ef          	jal	80001e70 <__lo0bits>
    800025d0:	46b2                	lw	a3,12(sp)
    800025d2:	4722                	lw	a4,8(sp)
    800025d4:	c921                	beqz	a0,80002624 <__d2b+0xb6>
    800025d6:	02000793          	li	a5,32
    800025da:	9f89                	subw	a5,a5,a0
    800025dc:	00f697bb          	sllw	a5,a3,a5
    800025e0:	8f5d                	or	a4,a4,a5
    800025e2:	00a6d6bb          	srlw	a3,a3,a0
    800025e6:	00ea2c23          	sw	a4,24(s4)
    800025ea:	c636                	sw	a3,12(sp)
    800025ec:	4432                	lw	s0,12(sp)
    800025ee:	008a2e23          	sw	s0,28(s4)
    800025f2:	00803433          	snez	s0,s0
    800025f6:	0405                	addi	s0,s0,1
    800025f8:	008a2a23          	sw	s0,20(s4)
    800025fc:	c0a9                	beqz	s1,8000263e <__d2b+0xd0>
    800025fe:	bcd4849b          	addiw	s1,s1,-1075
    80002602:	9ca9                	addw	s1,s1,a0
    80002604:	0099a023          	sw	s1,0(s3)
    80002608:	03500413          	li	s0,53
    8000260c:	9c09                	subw	s0,s0,a0
    8000260e:	00892023          	sw	s0,0(s2)
    80002612:	70e2                	ld	ra,56(sp)
    80002614:	7442                	ld	s0,48(sp)
    80002616:	74a2                	ld	s1,40(sp)
    80002618:	7902                	ld	s2,32(sp)
    8000261a:	69e2                	ld	s3,24(sp)
    8000261c:	8552                	mv	a0,s4
    8000261e:	6a42                	ld	s4,16(sp)
    80002620:	6121                	addi	sp,sp,64
    80002622:	8082                	ret
    80002624:	00ea2c23          	sw	a4,24(s4)
    80002628:	b7d1                	j	800025ec <__d2b+0x7e>
    8000262a:	0068                	addi	a0,sp,12
    8000262c:	845ff0ef          	jal	80001e70 <__lo0bits>
    80002630:	47b2                	lw	a5,12(sp)
    80002632:	0205051b          	addiw	a0,a0,32
    80002636:	4405                	li	s0,1
    80002638:	00fa2c23          	sw	a5,24(s4)
    8000263c:	bf75                	j	800025f8 <__d2b+0x8a>
    8000263e:	bce5079b          	addiw	a5,a0,-1074
    80002642:	00f9a023          	sw	a5,0(s3)
    80002646:	00241793          	slli	a5,s0,0x2
    8000264a:	97d2                	add	a5,a5,s4
    8000264c:	4bc8                	lw	a0,20(a5)
    8000264e:	0054141b          	slliw	s0,s0,0x5
    80002652:	fd0ff0ef          	jal	80001e22 <__hi0bits>
    80002656:	bf5d                	j	8000260c <__d2b+0x9e>

0000000080002658 <__ratio>:
    80002658:	7139                	addi	sp,sp,-64
    8000265a:	f04a                	sd	s2,32(sp)
    8000265c:	892e                	mv	s2,a1
    8000265e:	002c                	addi	a1,sp,8
    80002660:	fc06                	sd	ra,56(sp)
    80002662:	f426                	sd	s1,40(sp)
    80002664:	ec4e                	sd	s3,24(sp)
    80002666:	f822                	sd	s0,48(sp)
    80002668:	89aa                	mv	s3,a0
    8000266a:	e33ff0ef          	jal	8000249c <__b2d>
    8000266e:	006c                	addi	a1,sp,12
    80002670:	854a                	mv	a0,s2
    80002672:	e20504d3          	fmv.x.d	s1,fa0
    80002676:	e27ff0ef          	jal	8000249c <__b2d>
    8000267a:	01492603          	lw	a2,20(s2)
    8000267e:	0149a783          	lw	a5,20(s3)
    80002682:	45b2                	lw	a1,12(sp)
    80002684:	e20506d3          	fmv.x.d	a3,fa0
    80002688:	9f91                	subw	a5,a5,a2
    8000268a:	4622                	lw	a2,8(sp)
    8000268c:	0057979b          	slliw	a5,a5,0x5
    80002690:	9e0d                	subw	a2,a2,a1
    80002692:	9e3d                	addw	a2,a2,a5
    80002694:	02c05a63          	blez	a2,800026c8 <__ratio+0x70>
    80002698:	8736                	mv	a4,a3
    8000269a:	0146179b          	slliw	a5,a2,0x14
    8000269e:	0204d693          	srli	a3,s1,0x20
    800026a2:	547d                	li	s0,-1
    800026a4:	9fb5                	addw	a5,a5,a3
    800026a6:	9001                	srli	s0,s0,0x20
    800026a8:	1782                	slli	a5,a5,0x20
    800026aa:	8c65                	and	s0,s0,s1
    800026ac:	8c5d                	or	s0,s0,a5
    800026ae:	f20407d3          	fmv.d.x	fa5,s0
    800026b2:	70e2                	ld	ra,56(sp)
    800026b4:	7442                	ld	s0,48(sp)
    800026b6:	f2070753          	fmv.d.x	fa4,a4
    800026ba:	74a2                	ld	s1,40(sp)
    800026bc:	7902                	ld	s2,32(sp)
    800026be:	69e2                	ld	s3,24(sp)
    800026c0:	1ae7f553          	fdiv.d	fa0,fa5,fa4
    800026c4:	6121                	addi	sp,sp,64
    800026c6:	8082                	ret
    800026c8:	fff00737          	lui	a4,0xfff00
    800026cc:	02c707bb          	mulw	a5,a4,a2
    800026d0:	0206d713          	srli	a4,a3,0x20
    800026d4:	8426                	mv	s0,s1
    800026d6:	9fb9                	addw	a5,a5,a4
    800026d8:	577d                	li	a4,-1
    800026da:	9301                	srli	a4,a4,0x20
    800026dc:	1782                	slli	a5,a5,0x20
    800026de:	8f75                	and	a4,a4,a3
    800026e0:	8f5d                	or	a4,a4,a5
    800026e2:	b7f1                	j	800026ae <__ratio+0x56>

00000000800026e4 <_mprec_log10>:
    800026e4:	47dd                	li	a5,23
    800026e6:	00a7ca63          	blt	a5,a0,800026fa <_mprec_log10+0x16>
    800026ea:	050e                	slli	a0,a0,0x3
    800026ec:	00002797          	auipc	a5,0x2
    800026f0:	e8478793          	addi	a5,a5,-380 # 80004570 <__mprec_tens>
    800026f4:	97aa                	add	a5,a5,a0
    800026f6:	2388                	fld	fa0,0(a5)
    800026f8:	8082                	ret
    800026fa:	00002797          	auipc	a5,0x2
    800026fe:	3767b507          	fld	fa0,886(a5) # 80004a70 <__atexit_dummy+0x38>
    80002702:	00002797          	auipc	a5,0x2
    80002706:	3767b787          	fld	fa5,886(a5) # 80004a78 <__atexit_dummy+0x40>
    8000270a:	357d                	addiw	a0,a0,-1
    8000270c:	12f57553          	fmul.d	fa0,fa0,fa5
    80002710:	fd6d                	bnez	a0,8000270a <_mprec_log10+0x26>
    80002712:	8082                	ret

0000000080002714 <__copybits>:
    80002714:	fff5879b          	addiw	a5,a1,-1
    80002718:	4a58                	lw	a4,20(a2)
    8000271a:	4057d79b          	sraiw	a5,a5,0x5
    8000271e:	2785                	addiw	a5,a5,1
    80002720:	078a                	slli	a5,a5,0x2
    80002722:	01860693          	addi	a3,a2,24
    80002726:	070a                	slli	a4,a4,0x2
    80002728:	97aa                	add	a5,a5,a0
    8000272a:	9736                	add	a4,a4,a3
    8000272c:	85aa                	mv	a1,a0
    8000272e:	00e6ef63          	bltu	a3,a4,8000274c <__copybits+0x38>
    80002732:	01560693          	addi	a3,a2,21
    80002736:	4581                	li	a1,0
    80002738:	00d76663          	bltu	a4,a3,80002744 <__copybits+0x30>
    8000273c:	8f11                	sub	a4,a4,a2
    8000273e:	172d                	addi	a4,a4,-21 # ffffffffffefffeb <__heap_end+0xffffffff7fedafeb>
    80002740:	ffc77593          	andi	a1,a4,-4
    80002744:	952e                	add	a0,a0,a1
    80002746:	00f56a63          	bltu	a0,a5,8000275a <__copybits+0x46>
    8000274a:	8082                	ret
    8000274c:	0006a803          	lw	a6,0(a3)
    80002750:	0691                	addi	a3,a3,4
    80002752:	0105a023          	sw	a6,0(a1)
    80002756:	0591                	addi	a1,a1,4
    80002758:	bfd9                	j	8000272e <__copybits+0x1a>
    8000275a:	00052023          	sw	zero,0(a0)
    8000275e:	0511                	addi	a0,a0,4
    80002760:	b7dd                	j	80002746 <__copybits+0x32>

0000000080002762 <__any_on>:
    80002762:	4954                	lw	a3,20(a0)
    80002764:	4055d793          	srai	a5,a1,0x5
    80002768:	01850713          	addi	a4,a0,24
    8000276c:	02f6c763          	blt	a3,a5,8000279a <__any_on+0x38>
    80002770:	00d7df63          	bge	a5,a3,8000278e <__any_on+0x2c>
    80002774:	89fd                	andi	a1,a1,31
    80002776:	cd81                	beqz	a1,8000278e <__any_on+0x2c>
    80002778:	00279693          	slli	a3,a5,0x2
    8000277c:	96ba                	add	a3,a3,a4
    8000277e:	4290                	lw	a2,0(a3)
    80002780:	4505                	li	a0,1
    80002782:	00b656bb          	srlw	a3,a2,a1
    80002786:	00b696bb          	sllw	a3,a3,a1
    8000278a:	00c69e63          	bne	a3,a2,800027a6 <__any_on+0x44>
    8000278e:	078a                	slli	a5,a5,0x2
    80002790:	97ba                	add	a5,a5,a4
    80002792:	00f76663          	bltu	a4,a5,8000279e <__any_on+0x3c>
    80002796:	4501                	li	a0,0
    80002798:	8082                	ret
    8000279a:	87b6                	mv	a5,a3
    8000279c:	bfcd                	j	8000278e <__any_on+0x2c>
    8000279e:	17f1                	addi	a5,a5,-4
    800027a0:	4394                	lw	a3,0(a5)
    800027a2:	dae5                	beqz	a3,80002792 <__any_on+0x30>
    800027a4:	4505                	li	a0,1
    800027a6:	8082                	ret

00000000800027a8 <__sfputc_r>:
    800027a8:	465c                	lw	a5,12(a2)
    800027aa:	fff7871b          	addiw	a4,a5,-1
    800027ae:	c658                	sw	a4,12(a2)
    800027b0:	00075a63          	bgez	a4,800027c4 <__sfputc_r+0x1c>
    800027b4:	561c                	lw	a5,40(a2)
    800027b6:	00f74563          	blt	a4,a5,800027c0 <__sfputc_r+0x18>
    800027ba:	47a9                	li	a5,10
    800027bc:	00f59463          	bne	a1,a5,800027c4 <__sfputc_r+0x1c>
    800027c0:	1110006f          	j	800030d0 <__swbuf_r>
    800027c4:	621c                	ld	a5,0(a2)
    800027c6:	852e                	mv	a0,a1
    800027c8:	00178713          	addi	a4,a5,1
    800027cc:	e218                	sd	a4,0(a2)
    800027ce:	00b78023          	sb	a1,0(a5)
    800027d2:	8082                	ret

00000000800027d4 <__sfputs_r>:
    800027d4:	7179                	addi	sp,sp,-48
    800027d6:	f022                	sd	s0,32(sp)
    800027d8:	ec26                	sd	s1,24(sp)
    800027da:	e84a                	sd	s2,16(sp)
    800027dc:	e44e                	sd	s3,8(sp)
    800027de:	e052                	sd	s4,0(sp)
    800027e0:	f406                	sd	ra,40(sp)
    800027e2:	892a                	mv	s2,a0
    800027e4:	89ae                	mv	s3,a1
    800027e6:	8432                	mv	s0,a2
    800027e8:	00d604b3          	add	s1,a2,a3
    800027ec:	5a7d                	li	s4,-1
    800027ee:	00941463          	bne	s0,s1,800027f6 <__sfputs_r+0x22>
    800027f2:	4501                	li	a0,0
    800027f4:	a811                	j	80002808 <__sfputs_r+0x34>
    800027f6:	00044583          	lbu	a1,0(s0)
    800027fa:	864e                	mv	a2,s3
    800027fc:	854a                	mv	a0,s2
    800027fe:	fabff0ef          	jal	800027a8 <__sfputc_r>
    80002802:	0405                	addi	s0,s0,1
    80002804:	ff4515e3          	bne	a0,s4,800027ee <__sfputs_r+0x1a>
    80002808:	70a2                	ld	ra,40(sp)
    8000280a:	7402                	ld	s0,32(sp)
    8000280c:	64e2                	ld	s1,24(sp)
    8000280e:	6942                	ld	s2,16(sp)
    80002810:	69a2                	ld	s3,8(sp)
    80002812:	6a02                	ld	s4,0(sp)
    80002814:	6145                	addi	sp,sp,48
    80002816:	8082                	ret

0000000080002818 <__sprint_r>:
    80002818:	6a1c                	ld	a5,16(a2)
    8000281a:	1141                	addi	sp,sp,-16
    8000281c:	e022                	sd	s0,0(sp)
    8000281e:	e406                	sd	ra,8(sp)
    80002820:	8432                	mv	s0,a2
    80002822:	cb99                	beqz	a5,80002838 <__sprint_r+0x20>
    80002824:	4a8000ef          	jal	80002ccc <__sfvwrite_r>
    80002828:	00043823          	sd	zero,16(s0)
    8000282c:	60a2                	ld	ra,8(sp)
    8000282e:	00042423          	sw	zero,8(s0)
    80002832:	6402                	ld	s0,0(sp)
    80002834:	0141                	addi	sp,sp,16
    80002836:	8082                	ret
    80002838:	4501                	li	a0,0
    8000283a:	bfcd                	j	8000282c <__sprint_r+0x14>

000000008000283c <_vfiprintf_r>:
    8000283c:	7155                	addi	sp,sp,-208
    8000283e:	e1a2                	sd	s0,192(sp)
    80002840:	fd26                	sd	s1,184(sp)
    80002842:	f94a                	sd	s2,176(sp)
    80002844:	f54e                	sd	s3,168(sp)
    80002846:	f152                	sd	s4,160(sp)
    80002848:	e586                	sd	ra,200(sp)
    8000284a:	ed56                	sd	s5,152(sp)
    8000284c:	e95a                	sd	s6,144(sp)
    8000284e:	e55e                	sd	s7,136(sp)
    80002850:	e162                	sd	s8,128(sp)
    80002852:	fce6                	sd	s9,120(sp)
    80002854:	f8ea                	sd	s10,112(sp)
    80002856:	8a2a                	mv	s4,a0
    80002858:	892e                	mv	s2,a1
    8000285a:	84b2                	mv	s1,a2
    8000285c:	8436                	mv	s0,a3
    8000285e:	4981                	li	s3,0
    80002860:	c509                	beqz	a0,8000286a <_vfiprintf_r+0x2e>
    80002862:	613c                	ld	a5,64(a0)
    80002864:	e399                	bnez	a5,8000286a <_vfiprintf_r+0x2e>
    80002866:	422000ef          	jal	80002c88 <__sinit>
    8000286a:	01095783          	lhu	a5,16(s2)
    8000286e:	8ba1                	andi	a5,a5,8
    80002870:	cbe1                	beqz	a5,80002940 <_vfiprintf_r+0x104>
    80002872:	01893783          	ld	a5,24(s2)
    80002876:	c7e9                	beqz	a5,80002940 <_vfiprintf_r+0x104>
    80002878:	02000793          	li	a5,32
    8000287c:	02f104a3          	sb	a5,41(sp)
    80002880:	5afd                	li	s5,-1
    80002882:	03000793          	li	a5,48
    80002886:	d202                	sw	zero,36(sp)
    80002888:	02f10523          	sb	a5,42(sp)
    8000288c:	e422                	sd	s0,8(sp)
    8000288e:	02500b93          	li	s7,37
    80002892:	020a9c13          	slli	s8,s5,0x20
    80002896:	00002b17          	auipc	s6,0x2
    8000289a:	ab2b0b13          	addi	s6,s6,-1358 # 80004348 <__tbss_end+0x1ee>
    8000289e:	4c85                	li	s9,1
    800028a0:	8426                	mv	s0,s1
    800028a2:	00044783          	lbu	a5,0(s0)
    800028a6:	c399                	beqz	a5,800028ac <_vfiprintf_r+0x70>
    800028a8:	0d779063          	bne	a5,s7,80002968 <_vfiprintf_r+0x12c>
    800028ac:	40940d3b          	subw	s10,s0,s1
    800028b0:	000d0e63          	beqz	s10,800028cc <_vfiprintf_r+0x90>
    800028b4:	86ea                	mv	a3,s10
    800028b6:	8626                	mv	a2,s1
    800028b8:	85ca                	mv	a1,s2
    800028ba:	8552                	mv	a0,s4
    800028bc:	f19ff0ef          	jal	800027d4 <__sfputs_r>
    800028c0:	1d550963          	beq	a0,s5,80002a92 <_vfiprintf_r+0x256>
    800028c4:	5792                	lw	a5,36(sp)
    800028c6:	01a787bb          	addw	a5,a5,s10
    800028ca:	d23e                	sw	a5,36(sp)
    800028cc:	00044783          	lbu	a5,0(s0)
    800028d0:	1c078163          	beqz	a5,80002a92 <_vfiprintf_r+0x256>
    800028d4:	00140493          	addi	s1,s0,1
    800028d8:	e862                	sd	s8,16(sp)
    800028da:	ec02                	sd	zero,24(sp)
    800028dc:	040109a3          	sb	zero,83(sp)
    800028e0:	d482                	sw	zero,104(sp)
    800028e2:	0004c583          	lbu	a1,0(s1)
    800028e6:	4615                	li	a2,5
    800028e8:	855a                	mv	a0,s6
    800028ea:	ca2fe0ef          	jal	80000d8c <memchr>
    800028ee:	47c2                	lw	a5,16(sp)
    800028f0:	00148413          	addi	s0,s1,1
    800028f4:	ed25                	bnez	a0,8000296c <_vfiprintf_r+0x130>
    800028f6:	0107f713          	andi	a4,a5,16
    800028fa:	c709                	beqz	a4,80002904 <_vfiprintf_r+0xc8>
    800028fc:	02000713          	li	a4,32
    80002900:	04e109a3          	sb	a4,83(sp)
    80002904:	0087f713          	andi	a4,a5,8
    80002908:	c709                	beqz	a4,80002912 <_vfiprintf_r+0xd6>
    8000290a:	02b00713          	li	a4,43
    8000290e:	04e109a3          	sb	a4,83(sp)
    80002912:	0004c683          	lbu	a3,0(s1)
    80002916:	02a00713          	li	a4,42
    8000291a:	06e68163          	beq	a3,a4,8000297c <_vfiprintf_r+0x140>
    8000291e:	47f2                	lw	a5,28(sp)
    80002920:	8426                	mv	s0,s1
    80002922:	4681                	li	a3,0
    80002924:	4625                	li	a2,9
    80002926:	4829                	li	a6,10
    80002928:	00044703          	lbu	a4,0(s0)
    8000292c:	00140513          	addi	a0,s0,1
    80002930:	fd07059b          	addiw	a1,a4,-48
    80002934:	872e                	mv	a4,a1
    80002936:	08b67a63          	bgeu	a2,a1,800029ca <_vfiprintf_r+0x18e>
    8000293a:	caa9                	beqz	a3,8000298c <_vfiprintf_r+0x150>
    8000293c:	ce3e                	sw	a5,28(sp)
    8000293e:	a0b9                	j	8000298c <_vfiprintf_r+0x150>
    80002940:	85ca                	mv	a1,s2
    80002942:	8552                	mv	a0,s4
    80002944:	037000ef          	jal	8000317a <__swsetup_r>
    80002948:	d905                	beqz	a0,80002878 <_vfiprintf_r+0x3c>
    8000294a:	557d                	li	a0,-1
    8000294c:	60ae                	ld	ra,200(sp)
    8000294e:	640e                	ld	s0,192(sp)
    80002950:	74ea                	ld	s1,184(sp)
    80002952:	794a                	ld	s2,176(sp)
    80002954:	79aa                	ld	s3,168(sp)
    80002956:	7a0a                	ld	s4,160(sp)
    80002958:	6aea                	ld	s5,152(sp)
    8000295a:	6b4a                	ld	s6,144(sp)
    8000295c:	6baa                	ld	s7,136(sp)
    8000295e:	6c0a                	ld	s8,128(sp)
    80002960:	7ce6                	ld	s9,120(sp)
    80002962:	7d46                	ld	s10,112(sp)
    80002964:	6169                	addi	sp,sp,208
    80002966:	8082                	ret
    80002968:	0405                	addi	s0,s0,1
    8000296a:	bf25                	j	800028a2 <_vfiprintf_r+0x66>
    8000296c:	41650533          	sub	a0,a0,s6
    80002970:	00ac953b          	sllw	a0,s9,a0
    80002974:	8fc9                	or	a5,a5,a0
    80002976:	c83e                	sw	a5,16(sp)
    80002978:	84a2                	mv	s1,s0
    8000297a:	b7a5                	j	800028e2 <_vfiprintf_r+0xa6>
    8000297c:	6722                	ld	a4,8(sp)
    8000297e:	00870693          	addi	a3,a4,8
    80002982:	4318                	lw	a4,0(a4)
    80002984:	e436                	sd	a3,8(sp)
    80002986:	02074b63          	bltz	a4,800029bc <_vfiprintf_r+0x180>
    8000298a:	ce3a                	sw	a4,28(sp)
    8000298c:	00044703          	lbu	a4,0(s0)
    80002990:	02e00793          	li	a5,46
    80002994:	06f71163          	bne	a4,a5,800029f6 <_vfiprintf_r+0x1ba>
    80002998:	00144703          	lbu	a4,1(s0)
    8000299c:	02a00793          	li	a5,42
    800029a0:	02f71b63          	bne	a4,a5,800029d6 <_vfiprintf_r+0x19a>
    800029a4:	67a2                	ld	a5,8(sp)
    800029a6:	0409                	addi	s0,s0,2
    800029a8:	00878713          	addi	a4,a5,8
    800029ac:	e43a                	sd	a4,8(sp)
    800029ae:	4398                	lw	a4,0(a5)
    800029b0:	87ba                	mv	a5,a4
    800029b2:	00075363          	bgez	a4,800029b8 <_vfiprintf_r+0x17c>
    800029b6:	57fd                	li	a5,-1
    800029b8:	ca3e                	sw	a5,20(sp)
    800029ba:	a835                	j	800029f6 <_vfiprintf_r+0x1ba>
    800029bc:	40e0073b          	negw	a4,a4
    800029c0:	0027e793          	ori	a5,a5,2
    800029c4:	ce3a                	sw	a4,28(sp)
    800029c6:	c83e                	sw	a5,16(sp)
    800029c8:	b7d1                	j	8000298c <_vfiprintf_r+0x150>
    800029ca:	02f807bb          	mulw	a5,a6,a5
    800029ce:	842a                	mv	s0,a0
    800029d0:	4685                	li	a3,1
    800029d2:	9fb9                	addw	a5,a5,a4
    800029d4:	bf91                	j	80002928 <_vfiprintf_r+0xec>
    800029d6:	0405                	addi	s0,s0,1
    800029d8:	ca02                	sw	zero,20(sp)
    800029da:	4681                	li	a3,0
    800029dc:	4781                	li	a5,0
    800029de:	4625                	li	a2,9
    800029e0:	4829                	li	a6,10
    800029e2:	00044703          	lbu	a4,0(s0)
    800029e6:	00140513          	addi	a0,s0,1
    800029ea:	fd07059b          	addiw	a1,a4,-48
    800029ee:	872e                	mv	a4,a1
    800029f0:	06b67e63          	bgeu	a2,a1,80002a6c <_vfiprintf_r+0x230>
    800029f4:	f2f1                	bnez	a3,800029b8 <_vfiprintf_r+0x17c>
    800029f6:	00044583          	lbu	a1,0(s0)
    800029fa:	460d                	li	a2,3
    800029fc:	00002517          	auipc	a0,0x2
    80002a00:	95450513          	addi	a0,a0,-1708 # 80004350 <__tbss_end+0x1f6>
    80002a04:	b88fe0ef          	jal	80000d8c <memchr>
    80002a08:	cd11                	beqz	a0,80002a24 <_vfiprintf_r+0x1e8>
    80002a0a:	00002797          	auipc	a5,0x2
    80002a0e:	94678793          	addi	a5,a5,-1722 # 80004350 <__tbss_end+0x1f6>
    80002a12:	8d1d                	sub	a0,a0,a5
    80002a14:	47c2                	lw	a5,16(sp)
    80002a16:	04000713          	li	a4,64
    80002a1a:	00a7173b          	sllw	a4,a4,a0
    80002a1e:	8fd9                	or	a5,a5,a4
    80002a20:	0405                	addi	s0,s0,1
    80002a22:	c83e                	sw	a5,16(sp)
    80002a24:	00044583          	lbu	a1,0(s0)
    80002a28:	4619                	li	a2,6
    80002a2a:	00002517          	auipc	a0,0x2
    80002a2e:	92e50513          	addi	a0,a0,-1746 # 80004358 <__tbss_end+0x1fe>
    80002a32:	00140493          	addi	s1,s0,1
    80002a36:	02b10423          	sb	a1,40(sp)
    80002a3a:	b52fe0ef          	jal	80000d8c <memchr>
    80002a3e:	c135                	beqz	a0,80002aa2 <_vfiprintf_r+0x266>
    80002a40:	ffffe797          	auipc	a5,0xffffe
    80002a44:	ac278793          	addi	a5,a5,-1342 # 80000502 <_printf_float>
    80002a48:	eb85                	bnez	a5,80002a78 <_vfiprintf_r+0x23c>
    80002a4a:	4742                	lw	a4,16(sp)
    80002a4c:	67a2                	ld	a5,8(sp)
    80002a4e:	10077713          	andi	a4,a4,256
    80002a52:	00878693          	addi	a3,a5,8
    80002a56:	c709                	beqz	a4,80002a60 <_vfiprintf_r+0x224>
    80002a58:	07bd                	addi	a5,a5,15
    80002a5a:	9bc1                	andi	a5,a5,-16
    80002a5c:	01078693          	addi	a3,a5,16
    80002a60:	e436                	sd	a3,8(sp)
    80002a62:	5792                	lw	a5,36(sp)
    80002a64:	013787bb          	addw	a5,a5,s3
    80002a68:	d23e                	sw	a5,36(sp)
    80002a6a:	bd1d                	j	800028a0 <_vfiprintf_r+0x64>
    80002a6c:	02f807bb          	mulw	a5,a6,a5
    80002a70:	842a                	mv	s0,a0
    80002a72:	4685                	li	a3,1
    80002a74:	9fb9                	addw	a5,a5,a4
    80002a76:	b7b5                	j	800029e2 <_vfiprintf_r+0x1a6>
    80002a78:	0038                	addi	a4,sp,8
    80002a7a:	00000697          	auipc	a3,0x0
    80002a7e:	d5a68693          	addi	a3,a3,-678 # 800027d4 <__sfputs_r>
    80002a82:	864a                	mv	a2,s2
    80002a84:	080c                	addi	a1,sp,16
    80002a86:	8552                	mv	a0,s4
    80002a88:	a7bfd0ef          	jal	80000502 <_printf_float>
    80002a8c:	89aa                	mv	s3,a0
    80002a8e:	fd551ae3          	bne	a0,s5,80002a62 <_vfiprintf_r+0x226>
    80002a92:	01095783          	lhu	a5,16(s2)
    80002a96:	0407f793          	andi	a5,a5,64
    80002a9a:	ea0798e3          	bnez	a5,8000294a <_vfiprintf_r+0x10e>
    80002a9e:	5512                	lw	a0,36(sp)
    80002aa0:	b575                	j	8000294c <_vfiprintf_r+0x110>
    80002aa2:	0038                	addi	a4,sp,8
    80002aa4:	00000697          	auipc	a3,0x0
    80002aa8:	d3068693          	addi	a3,a3,-720 # 800027d4 <__sfputs_r>
    80002aac:	864a                	mv	a2,s2
    80002aae:	080c                	addi	a1,sp,16
    80002ab0:	8552                	mv	a0,s4
    80002ab2:	800fe0ef          	jal	80000ab2 <_printf_i>
    80002ab6:	bfd9                	j	80002a8c <_vfiprintf_r+0x250>

0000000080002ab8 <vfiprintf>:
    80002ab8:	86b2                	mv	a3,a2
    80002aba:	862e                	mv	a2,a1
    80002abc:	85aa                	mv	a1,a0
    80002abe:	00002517          	auipc	a0,0x2
    80002ac2:	f6253503          	ld	a0,-158(a0) # 80004a20 <_impure_ptr>
    80002ac6:	bb9d                	j	8000283c <_vfiprintf_r>

0000000080002ac8 <__fp_lock>:
    80002ac8:	4501                	li	a0,0
    80002aca:	8082                	ret

0000000080002acc <std>:
    80002acc:	1141                	addi	sp,sp,-16
    80002ace:	e022                	sd	s0,0(sp)
    80002ad0:	e406                	sd	ra,8(sp)
    80002ad2:	842a                	mv	s0,a0
    80002ad4:	00b51823          	sh	a1,16(a0)
    80002ad8:	00c51923          	sh	a2,18(a0)
    80002adc:	00053023          	sd	zero,0(a0)
    80002ae0:	00053423          	sd	zero,8(a0)
    80002ae4:	0a052623          	sw	zero,172(a0)
    80002ae8:	00053c23          	sd	zero,24(a0)
    80002aec:	02052023          	sw	zero,32(a0)
    80002af0:	02052423          	sw	zero,40(a0)
    80002af4:	4621                	li	a2,8
    80002af6:	4581                	li	a1,0
    80002af8:	0a450513          	addi	a0,a0,164
    80002afc:	187000ef          	jal	80003482 <memset>
    80002b00:	00000797          	auipc	a5,0x0
    80002b04:	50c78793          	addi	a5,a5,1292 # 8000300c <__sread>
    80002b08:	e03c                	sd	a5,64(s0)
    80002b0a:	00000797          	auipc	a5,0x0
    80002b0e:	53878793          	addi	a5,a5,1336 # 80003042 <__swrite>
    80002b12:	e43c                	sd	a5,72(s0)
    80002b14:	00000797          	auipc	a5,0x0
    80002b18:	57e78793          	addi	a5,a5,1406 # 80003092 <__sseek>
    80002b1c:	e83c                	sd	a5,80(s0)
    80002b1e:	00000797          	auipc	a5,0x0
    80002b22:	5ac78793          	addi	a5,a5,1452 # 800030ca <__sclose>
    80002b26:	60a2                	ld	ra,8(sp)
    80002b28:	fc00                	sd	s0,56(s0)
    80002b2a:	ec3c                	sd	a5,88(s0)
    80002b2c:	6402                	ld	s0,0(sp)
    80002b2e:	0141                	addi	sp,sp,16
    80002b30:	8082                	ret

0000000080002b32 <stdio_exit_handler>:
    80002b32:	00002617          	auipc	a2,0x2
    80002b36:	d2e60613          	addi	a2,a2,-722 # 80004860 <__sglue>
    80002b3a:	00001597          	auipc	a1,0x1
    80002b3e:	cda58593          	addi	a1,a1,-806 # 80003814 <_fflush_r>
    80002b42:	00002517          	auipc	a0,0x2
    80002b46:	c8e50513          	addi	a0,a0,-882 # 800047d0 <_impure_data>
    80002b4a:	a9a1                	j	80002fa2 <_fwalk_sglue>

0000000080002b4c <cleanup_stdio>:
    80002b4c:	650c                	ld	a1,8(a0)
    80002b4e:	1141                	addi	sp,sp,-16
    80002b50:	e022                	sd	s0,0(sp)
    80002b52:	e406                	sd	ra,8(sp)
    80002b54:	00002797          	auipc	a5,0x2
    80002b58:	f8478793          	addi	a5,a5,-124 # 80004ad8 <__sf>
    80002b5c:	842a                	mv	s0,a0
    80002b5e:	00f58463          	beq	a1,a5,80002b66 <cleanup_stdio+0x1a>
    80002b62:	4b3000ef          	jal	80003814 <_fflush_r>
    80002b66:	680c                	ld	a1,16(s0)
    80002b68:	96818793          	addi	a5,gp,-1688 # 80004b88 <__sf+0xb0>
    80002b6c:	00f58563          	beq	a1,a5,80002b76 <cleanup_stdio+0x2a>
    80002b70:	8522                	mv	a0,s0
    80002b72:	4a3000ef          	jal	80003814 <_fflush_r>
    80002b76:	6c0c                	ld	a1,24(s0)
    80002b78:	a1818793          	addi	a5,gp,-1512 # 80004c38 <__sf+0x160>
    80002b7c:	00f58863          	beq	a1,a5,80002b8c <cleanup_stdio+0x40>
    80002b80:	8522                	mv	a0,s0
    80002b82:	6402                	ld	s0,0(sp)
    80002b84:	60a2                	ld	ra,8(sp)
    80002b86:	0141                	addi	sp,sp,16
    80002b88:	48d0006f          	j	80003814 <_fflush_r>
    80002b8c:	60a2                	ld	ra,8(sp)
    80002b8e:	6402                	ld	s0,0(sp)
    80002b90:	0141                	addi	sp,sp,16
    80002b92:	8082                	ret

0000000080002b94 <global_stdio_init.part.0>:
    80002b94:	1141                	addi	sp,sp,-16
    80002b96:	00000797          	auipc	a5,0x0
    80002b9a:	f9c78793          	addi	a5,a5,-100 # 80002b32 <stdio_exit_handler>
    80002b9e:	4601                	li	a2,0
    80002ba0:	4591                	li	a1,4
    80002ba2:	00002517          	auipc	a0,0x2
    80002ba6:	f3650513          	addi	a0,a0,-202 # 80004ad8 <__sf>
    80002baa:	e406                	sd	ra,8(sp)
    80002bac:	88f1b423          	sd	a5,-1912(gp) # 80004aa8 <__stdio_exit_handler>
    80002bb0:	f1dff0ef          	jal	80002acc <std>
    80002bb4:	4605                	li	a2,1
    80002bb6:	45a5                	li	a1,9
    80002bb8:	96818513          	addi	a0,gp,-1688 # 80004b88 <__sf+0xb0>
    80002bbc:	f11ff0ef          	jal	80002acc <std>
    80002bc0:	60a2                	ld	ra,8(sp)
    80002bc2:	4609                	li	a2,2
    80002bc4:	45c9                	li	a1,18
    80002bc6:	a1818513          	addi	a0,gp,-1512 # 80004c38 <__sf+0x160>
    80002bca:	0141                	addi	sp,sp,16
    80002bcc:	b701                	j	80002acc <std>

0000000080002bce <__fp_unlock>:
    80002bce:	4501                	li	a0,0
    80002bd0:	8082                	ret

0000000080002bd2 <__sfp>:
    80002bd2:	1101                	addi	sp,sp,-32
    80002bd4:	e04a                	sd	s2,0(sp)
    80002bd6:	ec06                	sd	ra,24(sp)
    80002bd8:	e822                	sd	s0,16(sp)
    80002bda:	e426                	sd	s1,8(sp)
    80002bdc:	8881b783          	ld	a5,-1912(gp) # 80004aa8 <__stdio_exit_handler>
    80002be0:	892a                	mv	s2,a0
    80002be2:	e399                	bnez	a5,80002be8 <__sfp+0x16>
    80002be4:	fb1ff0ef          	jal	80002b94 <global_stdio_init.part.0>
    80002be8:	00002497          	auipc	s1,0x2
    80002bec:	c7848493          	addi	s1,s1,-904 # 80004860 <__sglue>
    80002bf0:	6880                	ld	s0,16(s1)
    80002bf2:	449c                	lw	a5,8(s1)
    80002bf4:	37fd                	addiw	a5,a5,-1
    80002bf6:	0207d163          	bgez	a5,80002c18 <__sfp+0x46>
    80002bfa:	609c                	ld	a5,0(s1)
    80002bfc:	e7c1                	bnez	a5,80002c84 <__sfp+0xb2>
    80002bfe:	2d800593          	li	a1,728
    80002c02:	854a                	mv	a0,s2
    80002c04:	e59fe0ef          	jal	80001a5c <_malloc_r>
    80002c08:	842a                	mv	s0,a0
    80002c0a:	e12d                	bnez	a0,80002c6c <__sfp+0x9a>
    80002c0c:	0004b023          	sd	zero,0(s1)
    80002c10:	47b1                	li	a5,12
    80002c12:	00f92023          	sw	a5,0(s2)
    80002c16:	a089                	j	80002c58 <__sfp+0x86>
    80002c18:	01041703          	lh	a4,16(s0)
    80002c1c:	e729                	bnez	a4,80002c66 <__sfp+0x94>
    80002c1e:	77c1                	lui	a5,0xffff0
    80002c20:	0785                	addi	a5,a5,1 # ffffffffffff0001 <__heap_end+0xffffffff7ffcb001>
    80002c22:	0a042623          	sw	zero,172(s0)
    80002c26:	00043023          	sd	zero,0(s0)
    80002c2a:	00043423          	sd	zero,8(s0)
    80002c2e:	c81c                	sw	a5,16(s0)
    80002c30:	00043c23          	sd	zero,24(s0)
    80002c34:	02042023          	sw	zero,32(s0)
    80002c38:	02042423          	sw	zero,40(s0)
    80002c3c:	4621                	li	a2,8
    80002c3e:	4581                	li	a1,0
    80002c40:	0a440513          	addi	a0,s0,164
    80002c44:	03f000ef          	jal	80003482 <memset>
    80002c48:	06043023          	sd	zero,96(s0)
    80002c4c:	06042423          	sw	zero,104(s0)
    80002c50:	08043023          	sd	zero,128(s0)
    80002c54:	08042423          	sw	zero,136(s0)
    80002c58:	60e2                	ld	ra,24(sp)
    80002c5a:	8522                	mv	a0,s0
    80002c5c:	6442                	ld	s0,16(sp)
    80002c5e:	64a2                	ld	s1,8(sp)
    80002c60:	6902                	ld	s2,0(sp)
    80002c62:	6105                	addi	sp,sp,32
    80002c64:	8082                	ret
    80002c66:	0b040413          	addi	s0,s0,176
    80002c6a:	b769                	j	80002bf4 <__sfp+0x22>
    80002c6c:	4791                	li	a5,4
    80002c6e:	00053023          	sd	zero,0(a0)
    80002c72:	c51c                	sw	a5,8(a0)
    80002c74:	0561                	addi	a0,a0,24
    80002c76:	e808                	sd	a0,16(s0)
    80002c78:	2c000613          	li	a2,704
    80002c7c:	4581                	li	a1,0
    80002c7e:	005000ef          	jal	80003482 <memset>
    80002c82:	e080                	sd	s0,0(s1)
    80002c84:	6084                	ld	s1,0(s1)
    80002c86:	b7ad                	j	80002bf0 <__sfp+0x1e>

0000000080002c88 <__sinit>:
    80002c88:	613c                	ld	a5,64(a0)
    80002c8a:	eb91                	bnez	a5,80002c9e <__sinit+0x16>
    80002c8c:	00000797          	auipc	a5,0x0
    80002c90:	ec078793          	addi	a5,a5,-320 # 80002b4c <cleanup_stdio>
    80002c94:	e13c                	sd	a5,64(a0)
    80002c96:	8881b783          	ld	a5,-1912(gp) # 80004aa8 <__stdio_exit_handler>
    80002c9a:	e391                	bnez	a5,80002c9e <__sinit+0x16>
    80002c9c:	bde5                	j	80002b94 <global_stdio_init.part.0>
    80002c9e:	8082                	ret

0000000080002ca0 <__sfp_lock_acquire>:
    80002ca0:	8082                	ret

0000000080002ca2 <__sfp_lock_release>:
    80002ca2:	8082                	ret

0000000080002ca4 <__fp_lock_all>:
    80002ca4:	00002617          	auipc	a2,0x2
    80002ca8:	bbc60613          	addi	a2,a2,-1092 # 80004860 <__sglue>
    80002cac:	00000597          	auipc	a1,0x0
    80002cb0:	e1c58593          	addi	a1,a1,-484 # 80002ac8 <__fp_lock>
    80002cb4:	4501                	li	a0,0
    80002cb6:	a4f5                	j	80002fa2 <_fwalk_sglue>

0000000080002cb8 <__fp_unlock_all>:
    80002cb8:	00002617          	auipc	a2,0x2
    80002cbc:	ba860613          	addi	a2,a2,-1112 # 80004860 <__sglue>
    80002cc0:	00000597          	auipc	a1,0x0
    80002cc4:	f0e58593          	addi	a1,a1,-242 # 80002bce <__fp_unlock>
    80002cc8:	4501                	li	a0,0
    80002cca:	ace1                	j	80002fa2 <_fwalk_sglue>

0000000080002ccc <__sfvwrite_r>:
    80002ccc:	6a1c                	ld	a5,16(a2)
    80002cce:	e399                	bnez	a5,80002cd4 <__sfvwrite_r+0x8>
    80002cd0:	4501                	li	a0,0
    80002cd2:	8082                	ret
    80002cd4:	0105d783          	lhu	a5,16(a1)
    80002cd8:	7159                	addi	sp,sp,-112
    80002cda:	f0a2                	sd	s0,96(sp)
    80002cdc:	e8ca                	sd	s2,80(sp)
    80002cde:	e0d2                	sd	s4,64(sp)
    80002ce0:	f486                	sd	ra,104(sp)
    80002ce2:	eca6                	sd	s1,88(sp)
    80002ce4:	e4ce                	sd	s3,72(sp)
    80002ce6:	fc56                	sd	s5,56(sp)
    80002ce8:	f85a                	sd	s6,48(sp)
    80002cea:	f45e                	sd	s7,40(sp)
    80002cec:	f062                	sd	s8,32(sp)
    80002cee:	ec66                	sd	s9,24(sp)
    80002cf0:	e86a                	sd	s10,16(sp)
    80002cf2:	e46e                	sd	s11,8(sp)
    80002cf4:	8ba1                	andi	a5,a5,8
    80002cf6:	892a                	mv	s2,a0
    80002cf8:	842e                	mv	s0,a1
    80002cfa:	8a32                	mv	s4,a2
    80002cfc:	cfc1                	beqz	a5,80002d94 <__sfvwrite_r+0xc8>
    80002cfe:	6d9c                	ld	a5,24(a1)
    80002d00:	cbd1                	beqz	a5,80002d94 <__sfvwrite_r+0xc8>
    80002d02:	01041783          	lh	a5,16(s0)
    80002d06:	000a3983          	ld	s3,0(s4)
    80002d0a:	0027f713          	andi	a4,a5,2
    80002d0e:	e765                	bnez	a4,80002df6 <__sfvwrite_r+0x12a>
    80002d10:	8b85                	andi	a5,a5,1
    80002d12:	4a81                	li	s5,0
    80002d14:	16078063          	beqz	a5,80002e74 <__sfvwrite_r+0x1a8>
    80002d18:	4501                	li	a0,0
    80002d1a:	4b81                	li	s7,0
    80002d1c:	4b01                	li	s6,0
    80002d1e:	240b0063          	beqz	s6,80002f5e <__sfvwrite_r+0x292>
    80002d22:	e919                	bnez	a0,80002d38 <__sfvwrite_r+0x6c>
    80002d24:	865a                	mv	a2,s6
    80002d26:	45a9                	li	a1,10
    80002d28:	855e                	mv	a0,s7
    80002d2a:	862fe0ef          	jal	80000d8c <memchr>
    80002d2e:	22050f63          	beqz	a0,80002f6c <__sfvwrite_r+0x2a0>
    80002d32:	0505                	addi	a0,a0,1
    80002d34:	41750abb          	subw	s5,a0,s7
    80002d38:	8c56                	mv	s8,s5
    80002d3a:	015b7363          	bgeu	s6,s5,80002d40 <__sfvwrite_r+0x74>
    80002d3e:	8c5a                	mv	s8,s6
    80002d40:	6008                	ld	a0,0(s0)
    80002d42:	6c1c                	ld	a5,24(s0)
    80002d44:	4444                	lw	s1,12(s0)
    80002d46:	5014                	lw	a3,32(s0)
    80002d48:	22a7f563          	bgeu	a5,a0,80002f72 <__sfvwrite_r+0x2a6>
    80002d4c:	9cb5                	addw	s1,s1,a3
    80002d4e:	2384d263          	bge	s1,s8,80002f72 <__sfvwrite_r+0x2a6>
    80002d52:	85de                	mv	a1,s7
    80002d54:	8626                	mv	a2,s1
    80002d56:	706000ef          	jal	8000345c <memmove>
    80002d5a:	601c                	ld	a5,0(s0)
    80002d5c:	85a2                	mv	a1,s0
    80002d5e:	854a                	mv	a0,s2
    80002d60:	97a6                	add	a5,a5,s1
    80002d62:	e01c                	sd	a5,0(s0)
    80002d64:	2b1000ef          	jal	80003814 <_fflush_r>
    80002d68:	0e051f63          	bnez	a0,80002e66 <__sfvwrite_r+0x19a>
    80002d6c:	409a8abb          	subw	s5,s5,s1
    80002d70:	4505                	li	a0,1
    80002d72:	000a9763          	bnez	s5,80002d80 <__sfvwrite_r+0xb4>
    80002d76:	85a2                	mv	a1,s0
    80002d78:	854a                	mv	a0,s2
    80002d7a:	29b000ef          	jal	80003814 <_fflush_r>
    80002d7e:	e565                	bnez	a0,80002e66 <__sfvwrite_r+0x19a>
    80002d80:	010a3783          	ld	a5,16(s4)
    80002d84:	9ba6                	add	s7,s7,s1
    80002d86:	409b0b33          	sub	s6,s6,s1
    80002d8a:	8f85                	sub	a5,a5,s1
    80002d8c:	00fa3823          	sd	a5,16(s4)
    80002d90:	f7d9                	bnez	a5,80002d1e <__sfvwrite_r+0x52>
    80002d92:	a091                	j	80002dd6 <__sfvwrite_r+0x10a>
    80002d94:	85a2                	mv	a1,s0
    80002d96:	854a                	mv	a0,s2
    80002d98:	3e2000ef          	jal	8000317a <__swsetup_r>
    80002d9c:	d13d                	beqz	a0,80002d02 <__sfvwrite_r+0x36>
    80002d9e:	557d                	li	a0,-1
    80002da0:	a825                	j	80002dd8 <__sfvwrite_r+0x10c>
    80002da2:	0009ba83          	ld	s5,0(s3)
    80002da6:	0089b483          	ld	s1,8(s3)
    80002daa:	09c1                	addi	s3,s3,16
    80002dac:	643c                	ld	a5,72(s0)
    80002dae:	7c0c                	ld	a1,56(s0)
    80002db0:	d8ed                	beqz	s1,80002da2 <__sfvwrite_r+0xd6>
    80002db2:	86a6                	mv	a3,s1
    80002db4:	009b7363          	bgeu	s6,s1,80002dba <__sfvwrite_r+0xee>
    80002db8:	86da                	mv	a3,s6
    80002dba:	2681                	sext.w	a3,a3
    80002dbc:	8656                	mv	a2,s5
    80002dbe:	854a                	mv	a0,s2
    80002dc0:	9782                	jalr	a5
    80002dc2:	0aa05263          	blez	a0,80002e66 <__sfvwrite_r+0x19a>
    80002dc6:	010a3783          	ld	a5,16(s4)
    80002dca:	9aaa                	add	s5,s5,a0
    80002dcc:	8c89                	sub	s1,s1,a0
    80002dce:	8f89                	sub	a5,a5,a0
    80002dd0:	00fa3823          	sd	a5,16(s4)
    80002dd4:	ffe1                	bnez	a5,80002dac <__sfvwrite_r+0xe0>
    80002dd6:	4501                	li	a0,0
    80002dd8:	70a6                	ld	ra,104(sp)
    80002dda:	7406                	ld	s0,96(sp)
    80002ddc:	64e6                	ld	s1,88(sp)
    80002dde:	6946                	ld	s2,80(sp)
    80002de0:	69a6                	ld	s3,72(sp)
    80002de2:	6a06                	ld	s4,64(sp)
    80002de4:	7ae2                	ld	s5,56(sp)
    80002de6:	7b42                	ld	s6,48(sp)
    80002de8:	7ba2                	ld	s7,40(sp)
    80002dea:	7c02                	ld	s8,32(sp)
    80002dec:	6ce2                	ld	s9,24(sp)
    80002dee:	6d42                	ld	s10,16(sp)
    80002df0:	6da2                	ld	s11,8(sp)
    80002df2:	6165                	addi	sp,sp,112
    80002df4:	8082                	ret
    80002df6:	80000b37          	lui	s6,0x80000
    80002dfa:	4a81                	li	s5,0
    80002dfc:	4481                	li	s1,0
    80002dfe:	c00b4b13          	xori	s6,s6,-1024
    80002e02:	b76d                	j	80002dac <__sfvwrite_r+0xe0>
    80002e04:	0009ba83          	ld	s5,0(s3)
    80002e08:	0089bc83          	ld	s9,8(s3)
    80002e0c:	09c1                	addi	s3,s3,16
    80002e0e:	4444                	lw	s1,12(s0)
    80002e10:	01041783          	lh	a5,16(s0)
    80002e14:	6008                	ld	a0,0(s0)
    80002e16:	8d26                	mv	s10,s1
    80002e18:	fe0c86e3          	beqz	s9,80002e04 <__sfvwrite_r+0x138>
    80002e1c:	2007f713          	andi	a4,a5,512
    80002e20:	c37d                	beqz	a4,80002f06 <__sfvwrite_r+0x23a>
    80002e22:	089ce763          	bltu	s9,s1,80002eb0 <__sfvwrite_r+0x1e4>
    80002e26:	4807f713          	andi	a4,a5,1152
    80002e2a:	c359                	beqz	a4,80002eb0 <__sfvwrite_r+0x1e4>
    80002e2c:	5004                	lw	s1,32(s0)
    80002e2e:	6c0c                	ld	a1,24(s0)
    80002e30:	029b84bb          	mulw	s1,s7,s1
    80002e34:	8d0d                	sub	a0,a0,a1
    80002e36:	00050d9b          	sext.w	s11,a0
    80002e3a:	001d8713          	addi	a4,s11,1
    80002e3e:	9766                	add	a4,a4,s9
    80002e40:	0384c4bb          	divw	s1,s1,s8
    80002e44:	00e4f563          	bgeu	s1,a4,80002e4e <__sfvwrite_r+0x182>
    80002e48:	2505                	addiw	a0,a0,1
    80002e4a:	019504bb          	addw	s1,a0,s9
    80002e4e:	4007f793          	andi	a5,a5,1024
    80002e52:	cbc9                	beqz	a5,80002ee4 <__sfvwrite_r+0x218>
    80002e54:	85a6                	mv	a1,s1
    80002e56:	854a                	mv	a0,s2
    80002e58:	c05fe0ef          	jal	80001a5c <_malloc_r>
    80002e5c:	8d2a                	mv	s10,a0
    80002e5e:	e11d                	bnez	a0,80002e84 <__sfvwrite_r+0x1b8>
    80002e60:	47b1                	li	a5,12
    80002e62:	00f92023          	sw	a5,0(s2)
    80002e66:	01045783          	lhu	a5,16(s0)
    80002e6a:	0407e793          	ori	a5,a5,64
    80002e6e:	00f41823          	sh	a5,16(s0)
    80002e72:	b735                	j	80002d9e <__sfvwrite_r+0xd2>
    80002e74:	80000b37          	lui	s6,0x80000
    80002e78:	4c81                	li	s9,0
    80002e7a:	fffb4b13          	not	s6,s6
    80002e7e:	4b8d                	li	s7,3
    80002e80:	4c09                	li	s8,2
    80002e82:	b771                	j	80002e0e <__sfvwrite_r+0x142>
    80002e84:	6c0c                	ld	a1,24(s0)
    80002e86:	866e                	mv	a2,s11
    80002e88:	60a000ef          	jal	80003492 <memcpy>
    80002e8c:	01045783          	lhu	a5,16(s0)
    80002e90:	b7f7f793          	andi	a5,a5,-1153
    80002e94:	0807e793          	ori	a5,a5,128
    80002e98:	00f41823          	sh	a5,16(s0)
    80002e9c:	01a43c23          	sd	s10,24(s0)
    80002ea0:	d004                	sw	s1,32(s0)
    80002ea2:	9d6e                	add	s10,s10,s11
    80002ea4:	41b484bb          	subw	s1,s1,s11
    80002ea8:	01a43023          	sd	s10,0(s0)
    80002eac:	c444                	sw	s1,12(s0)
    80002eae:	8d66                	mv	s10,s9
    80002eb0:	84e6                	mv	s1,s9
    80002eb2:	01acf363          	bgeu	s9,s10,80002eb8 <__sfvwrite_r+0x1ec>
    80002eb6:	8d66                	mv	s10,s9
    80002eb8:	6008                	ld	a0,0(s0)
    80002eba:	866a                	mv	a2,s10
    80002ebc:	85d6                	mv	a1,s5
    80002ebe:	59e000ef          	jal	8000345c <memmove>
    80002ec2:	445c                	lw	a5,12(s0)
    80002ec4:	41a787bb          	subw	a5,a5,s10
    80002ec8:	c45c                	sw	a5,12(s0)
    80002eca:	601c                	ld	a5,0(s0)
    80002ecc:	97ea                	add	a5,a5,s10
    80002ece:	e01c                	sd	a5,0(s0)
    80002ed0:	010a3783          	ld	a5,16(s4)
    80002ed4:	9aa6                	add	s5,s5,s1
    80002ed6:	409c8cb3          	sub	s9,s9,s1
    80002eda:	8f85                	sub	a5,a5,s1
    80002edc:	00fa3823          	sd	a5,16(s4)
    80002ee0:	f79d                	bnez	a5,80002e0e <__sfvwrite_r+0x142>
    80002ee2:	bdd5                	j	80002dd6 <__sfvwrite_r+0x10a>
    80002ee4:	8626                	mv	a2,s1
    80002ee6:	854a                	mv	a0,s2
    80002ee8:	73e000ef          	jal	80003626 <_realloc_r>
    80002eec:	8d2a                	mv	s10,a0
    80002eee:	f55d                	bnez	a0,80002e9c <__sfvwrite_r+0x1d0>
    80002ef0:	6c0c                	ld	a1,24(s0)
    80002ef2:	854a                	mv	a0,s2
    80002ef4:	64c000ef          	jal	80003540 <_free_r>
    80002ef8:	01045783          	lhu	a5,16(s0)
    80002efc:	f7f7f793          	andi	a5,a5,-129
    80002f00:	00f41823          	sh	a5,16(s0)
    80002f04:	bfb1                	j	80002e60 <__sfvwrite_r+0x194>
    80002f06:	6c1c                	ld	a5,24(s0)
    80002f08:	00a7e563          	bltu	a5,a0,80002f12 <__sfvwrite_r+0x246>
    80002f0c:	5014                	lw	a3,32(s0)
    80002f0e:	02dcf763          	bgeu	s9,a3,80002f3c <__sfvwrite_r+0x270>
    80002f12:	009cf363          	bgeu	s9,s1,80002f18 <__sfvwrite_r+0x24c>
    80002f16:	84e6                	mv	s1,s9
    80002f18:	8626                	mv	a2,s1
    80002f1a:	85d6                	mv	a1,s5
    80002f1c:	540000ef          	jal	8000345c <memmove>
    80002f20:	445c                	lw	a5,12(s0)
    80002f22:	4097873b          	subw	a4,a5,s1
    80002f26:	601c                	ld	a5,0(s0)
    80002f28:	c458                	sw	a4,12(s0)
    80002f2a:	97a6                	add	a5,a5,s1
    80002f2c:	e01c                	sd	a5,0(s0)
    80002f2e:	f34d                	bnez	a4,80002ed0 <__sfvwrite_r+0x204>
    80002f30:	85a2                	mv	a1,s0
    80002f32:	854a                	mv	a0,s2
    80002f34:	0e1000ef          	jal	80003814 <_fflush_r>
    80002f38:	dd41                	beqz	a0,80002ed0 <__sfvwrite_r+0x204>
    80002f3a:	b735                	j	80002e66 <__sfvwrite_r+0x19a>
    80002f3c:	87e6                	mv	a5,s9
    80002f3e:	019b7363          	bgeu	s6,s9,80002f44 <__sfvwrite_r+0x278>
    80002f42:	87da                	mv	a5,s6
    80002f44:	02d7c7bb          	divw	a5,a5,a3
    80002f48:	6438                	ld	a4,72(s0)
    80002f4a:	7c0c                	ld	a1,56(s0)
    80002f4c:	8656                	mv	a2,s5
    80002f4e:	854a                	mv	a0,s2
    80002f50:	02d786bb          	mulw	a3,a5,a3
    80002f54:	9702                	jalr	a4
    80002f56:	84aa                	mv	s1,a0
    80002f58:	f6a04ce3          	bgtz	a0,80002ed0 <__sfvwrite_r+0x204>
    80002f5c:	b729                	j	80002e66 <__sfvwrite_r+0x19a>
    80002f5e:	0009bb83          	ld	s7,0(s3)
    80002f62:	0089bb03          	ld	s6,8(s3)
    80002f66:	4501                	li	a0,0
    80002f68:	09c1                	addi	s3,s3,16
    80002f6a:	bb55                	j	80002d1e <__sfvwrite_r+0x52>
    80002f6c:	001b0a9b          	addiw	s5,s6,1 # ffffffff80000001 <__heap_end+0xfffffffefffdb001>
    80002f70:	b3e1                	j	80002d38 <__sfvwrite_r+0x6c>
    80002f72:	00dc4b63          	blt	s8,a3,80002f88 <__sfvwrite_r+0x2bc>
    80002f76:	643c                	ld	a5,72(s0)
    80002f78:	7c0c                	ld	a1,56(s0)
    80002f7a:	865e                	mv	a2,s7
    80002f7c:	854a                	mv	a0,s2
    80002f7e:	9782                	jalr	a5
    80002f80:	84aa                	mv	s1,a0
    80002f82:	dea045e3          	bgtz	a0,80002d6c <__sfvwrite_r+0xa0>
    80002f86:	b5c5                	j	80002e66 <__sfvwrite_r+0x19a>
    80002f88:	8662                	mv	a2,s8
    80002f8a:	85de                	mv	a1,s7
    80002f8c:	4d0000ef          	jal	8000345c <memmove>
    80002f90:	445c                	lw	a5,12(s0)
    80002f92:	84e2                	mv	s1,s8
    80002f94:	418787bb          	subw	a5,a5,s8
    80002f98:	c45c                	sw	a5,12(s0)
    80002f9a:	601c                	ld	a5,0(s0)
    80002f9c:	97e2                	add	a5,a5,s8
    80002f9e:	e01c                	sd	a5,0(s0)
    80002fa0:	b3f1                	j	80002d6c <__sfvwrite_r+0xa0>

0000000080002fa2 <_fwalk_sglue>:
    80002fa2:	715d                	addi	sp,sp,-80
    80002fa4:	e0a2                	sd	s0,64(sp)
    80002fa6:	fc26                	sd	s1,56(sp)
    80002fa8:	f44e                	sd	s3,40(sp)
    80002faa:	f052                	sd	s4,32(sp)
    80002fac:	e85a                	sd	s6,16(sp)
    80002fae:	e45e                	sd	s7,8(sp)
    80002fb0:	e486                	sd	ra,72(sp)
    80002fb2:	f84a                	sd	s2,48(sp)
    80002fb4:	ec56                	sd	s5,24(sp)
    80002fb6:	89aa                	mv	s3,a0
    80002fb8:	8a2e                	mv	s4,a1
    80002fba:	8432                	mv	s0,a2
    80002fbc:	4481                	li	s1,0
    80002fbe:	4b05                	li	s6,1
    80002fc0:	5bfd                	li	s7,-1
    80002fc2:	01043903          	ld	s2,16(s0)
    80002fc6:	00842a83          	lw	s5,8(s0)
    80002fca:	3afd                	addiw	s5,s5,-1
    80002fcc:	020ad063          	bgez	s5,80002fec <_fwalk_sglue+0x4a>
    80002fd0:	6000                	ld	s0,0(s0)
    80002fd2:	f865                	bnez	s0,80002fc2 <_fwalk_sglue+0x20>
    80002fd4:	60a6                	ld	ra,72(sp)
    80002fd6:	6406                	ld	s0,64(sp)
    80002fd8:	7942                	ld	s2,48(sp)
    80002fda:	79a2                	ld	s3,40(sp)
    80002fdc:	7a02                	ld	s4,32(sp)
    80002fde:	6ae2                	ld	s5,24(sp)
    80002fe0:	6b42                	ld	s6,16(sp)
    80002fe2:	6ba2                	ld	s7,8(sp)
    80002fe4:	8526                	mv	a0,s1
    80002fe6:	74e2                	ld	s1,56(sp)
    80002fe8:	6161                	addi	sp,sp,80
    80002fea:	8082                	ret
    80002fec:	01095783          	lhu	a5,16(s2)
    80002ff0:	00fb7b63          	bgeu	s6,a5,80003006 <_fwalk_sglue+0x64>
    80002ff4:	01291783          	lh	a5,18(s2)
    80002ff8:	01778763          	beq	a5,s7,80003006 <_fwalk_sglue+0x64>
    80002ffc:	85ca                	mv	a1,s2
    80002ffe:	854e                	mv	a0,s3
    80003000:	9a02                	jalr	s4
    80003002:	8cc9                	or	s1,s1,a0
    80003004:	2481                	sext.w	s1,s1
    80003006:	0b090913          	addi	s2,s2,176
    8000300a:	b7c1                	j	80002fca <_fwalk_sglue+0x28>

000000008000300c <__sread>:
    8000300c:	1141                	addi	sp,sp,-16
    8000300e:	e022                	sd	s0,0(sp)
    80003010:	842e                	mv	s0,a1
    80003012:	01259583          	lh	a1,18(a1)
    80003016:	e406                	sd	ra,8(sp)
    80003018:	3c4000ef          	jal	800033dc <_read_r>
    8000301c:	00054963          	bltz	a0,8000302e <__sread+0x22>
    80003020:	6c5c                	ld	a5,152(s0)
    80003022:	97aa                	add	a5,a5,a0
    80003024:	ec5c                	sd	a5,152(s0)
    80003026:	60a2                	ld	ra,8(sp)
    80003028:	6402                	ld	s0,0(sp)
    8000302a:	0141                	addi	sp,sp,16
    8000302c:	8082                	ret
    8000302e:	01045783          	lhu	a5,16(s0)
    80003032:	777d                	lui	a4,0xfffff
    80003034:	177d                	addi	a4,a4,-1 # ffffffffffffefff <__heap_end+0xffffffff7ffd9fff>
    80003036:	8ff9                	and	a5,a5,a4
    80003038:	00f41823          	sh	a5,16(s0)
    8000303c:	b7ed                	j	80003026 <__sread+0x1a>

000000008000303e <__seofread>:
    8000303e:	4501                	li	a0,0
    80003040:	8082                	ret

0000000080003042 <__swrite>:
    80003042:	0105d783          	lhu	a5,16(a1)
    80003046:	7179                	addi	sp,sp,-48
    80003048:	f022                	sd	s0,32(sp)
    8000304a:	ec26                	sd	s1,24(sp)
    8000304c:	e84a                	sd	s2,16(sp)
    8000304e:	e44e                	sd	s3,8(sp)
    80003050:	f406                	sd	ra,40(sp)
    80003052:	1007f793          	andi	a5,a5,256
    80003056:	84aa                	mv	s1,a0
    80003058:	842e                	mv	s0,a1
    8000305a:	8932                	mv	s2,a2
    8000305c:	89b6                	mv	s3,a3
    8000305e:	c799                	beqz	a5,8000306c <__swrite+0x2a>
    80003060:	01259583          	lh	a1,18(a1)
    80003064:	4689                	li	a3,2
    80003066:	4601                	li	a2,0
    80003068:	348000ef          	jal	800033b0 <_lseek_r>
    8000306c:	01045783          	lhu	a5,16(s0)
    80003070:	777d                	lui	a4,0xfffff
    80003072:	177d                	addi	a4,a4,-1 # ffffffffffffefff <__heap_end+0xffffffff7ffd9fff>
    80003074:	8ff9                	and	a5,a5,a4
    80003076:	01241583          	lh	a1,18(s0)
    8000307a:	00f41823          	sh	a5,16(s0)
    8000307e:	7402                	ld	s0,32(sp)
    80003080:	70a2                	ld	ra,40(sp)
    80003082:	86ce                	mv	a3,s3
    80003084:	864a                	mv	a2,s2
    80003086:	69a2                	ld	s3,8(sp)
    80003088:	6942                	ld	s2,16(sp)
    8000308a:	8526                	mv	a0,s1
    8000308c:	64e2                	ld	s1,24(sp)
    8000308e:	6145                	addi	sp,sp,48
    80003090:	a645                	j	80003430 <_write_r>

0000000080003092 <__sseek>:
    80003092:	1141                	addi	sp,sp,-16
    80003094:	e022                	sd	s0,0(sp)
    80003096:	842e                	mv	s0,a1
    80003098:	01259583          	lh	a1,18(a1)
    8000309c:	e406                	sd	ra,8(sp)
    8000309e:	312000ef          	jal	800033b0 <_lseek_r>
    800030a2:	577d                	li	a4,-1
    800030a4:	01045783          	lhu	a5,16(s0)
    800030a8:	00e51b63          	bne	a0,a4,800030be <__sseek+0x2c>
    800030ac:	777d                	lui	a4,0xfffff
    800030ae:	177d                	addi	a4,a4,-1 # ffffffffffffefff <__heap_end+0xffffffff7ffd9fff>
    800030b0:	8ff9                	and	a5,a5,a4
    800030b2:	00f41823          	sh	a5,16(s0)
    800030b6:	60a2                	ld	ra,8(sp)
    800030b8:	6402                	ld	s0,0(sp)
    800030ba:	0141                	addi	sp,sp,16
    800030bc:	8082                	ret
    800030be:	6705                	lui	a4,0x1
    800030c0:	8fd9                	or	a5,a5,a4
    800030c2:	00f41823          	sh	a5,16(s0)
    800030c6:	ec48                	sd	a0,152(s0)
    800030c8:	b7fd                	j	800030b6 <__sseek+0x24>

00000000800030ca <__sclose>:
    800030ca:	01259583          	lh	a1,18(a1)
    800030ce:	a2ed                	j	800032b8 <_close_r>

00000000800030d0 <__swbuf_r>:
    800030d0:	7179                	addi	sp,sp,-48
    800030d2:	f022                	sd	s0,32(sp)
    800030d4:	ec26                	sd	s1,24(sp)
    800030d6:	e84a                	sd	s2,16(sp)
    800030d8:	f406                	sd	ra,40(sp)
    800030da:	e44e                	sd	s3,8(sp)
    800030dc:	892a                	mv	s2,a0
    800030de:	84ae                	mv	s1,a1
    800030e0:	8432                	mv	s0,a2
    800030e2:	c509                	beqz	a0,800030ec <__swbuf_r+0x1c>
    800030e4:	613c                	ld	a5,64(a0)
    800030e6:	e399                	bnez	a5,800030ec <__swbuf_r+0x1c>
    800030e8:	ba1ff0ef          	jal	80002c88 <__sinit>
    800030ec:	541c                	lw	a5,40(s0)
    800030ee:	c45c                	sw	a5,12(s0)
    800030f0:	01045783          	lhu	a5,16(s0)
    800030f4:	8ba1                	andi	a5,a5,8
    800030f6:	c399                	beqz	a5,800030fc <__swbuf_r+0x2c>
    800030f8:	6c1c                	ld	a5,24(s0)
    800030fa:	ef99                	bnez	a5,80003118 <__swbuf_r+0x48>
    800030fc:	85a2                	mv	a1,s0
    800030fe:	854a                	mv	a0,s2
    80003100:	07a000ef          	jal	8000317a <__swsetup_r>
    80003104:	c911                	beqz	a0,80003118 <__swbuf_r+0x48>
    80003106:	54fd                	li	s1,-1
    80003108:	70a2                	ld	ra,40(sp)
    8000310a:	7402                	ld	s0,32(sp)
    8000310c:	6942                	ld	s2,16(sp)
    8000310e:	69a2                	ld	s3,8(sp)
    80003110:	8526                	mv	a0,s1
    80003112:	64e2                	ld	s1,24(sp)
    80003114:	6145                	addi	sp,sp,48
    80003116:	8082                	ret
    80003118:	601c                	ld	a5,0(s0)
    8000311a:	6c18                	ld	a4,24(s0)
    8000311c:	0ff4f993          	zext.b	s3,s1
    80003120:	84ce                	mv	s1,s3
    80003122:	40e7853b          	subw	a0,a5,a4
    80003126:	501c                	lw	a5,32(s0)
    80003128:	00f54763          	blt	a0,a5,80003136 <__swbuf_r+0x66>
    8000312c:	85a2                	mv	a1,s0
    8000312e:	854a                	mv	a0,s2
    80003130:	6e4000ef          	jal	80003814 <_fflush_r>
    80003134:	f969                	bnez	a0,80003106 <__swbuf_r+0x36>
    80003136:	445c                	lw	a5,12(s0)
    80003138:	37fd                	addiw	a5,a5,-1
    8000313a:	c45c                	sw	a5,12(s0)
    8000313c:	601c                	ld	a5,0(s0)
    8000313e:	00178713          	addi	a4,a5,1
    80003142:	e018                	sd	a4,0(s0)
    80003144:	01378023          	sb	s3,0(a5)
    80003148:	5018                	lw	a4,32(s0)
    8000314a:	0015079b          	addiw	a5,a0,1
    8000314e:	00f70963          	beq	a4,a5,80003160 <__swbuf_r+0x90>
    80003152:	01045783          	lhu	a5,16(s0)
    80003156:	8b85                	andi	a5,a5,1
    80003158:	dbc5                	beqz	a5,80003108 <__swbuf_r+0x38>
    8000315a:	47a9                	li	a5,10
    8000315c:	faf496e3          	bne	s1,a5,80003108 <__swbuf_r+0x38>
    80003160:	85a2                	mv	a1,s0
    80003162:	854a                	mv	a0,s2
    80003164:	6b0000ef          	jal	80003814 <_fflush_r>
    80003168:	d145                	beqz	a0,80003108 <__swbuf_r+0x38>
    8000316a:	bf71                	j	80003106 <__swbuf_r+0x36>

000000008000316c <__swbuf>:
    8000316c:	862e                	mv	a2,a1
    8000316e:	85aa                	mv	a1,a0
    80003170:	00002517          	auipc	a0,0x2
    80003174:	8b053503          	ld	a0,-1872(a0) # 80004a20 <_impure_ptr>
    80003178:	bfa1                	j	800030d0 <__swbuf_r>

000000008000317a <__swsetup_r>:
    8000317a:	1101                	addi	sp,sp,-32
    8000317c:	e822                	sd	s0,16(sp)
    8000317e:	e426                	sd	s1,8(sp)
    80003180:	ec06                	sd	ra,24(sp)
    80003182:	84aa                	mv	s1,a0
    80003184:	00002517          	auipc	a0,0x2
    80003188:	89c53503          	ld	a0,-1892(a0) # 80004a20 <_impure_ptr>
    8000318c:	842e                	mv	s0,a1
    8000318e:	c509                	beqz	a0,80003198 <__swsetup_r+0x1e>
    80003190:	613c                	ld	a5,64(a0)
    80003192:	e399                	bnez	a5,80003198 <__swsetup_r+0x1e>
    80003194:	af5ff0ef          	jal	80002c88 <__sinit>
    80003198:	01041783          	lh	a5,16(s0)
    8000319c:	0087f713          	andi	a4,a5,8
    800031a0:	eb29                	bnez	a4,800031f2 <__swsetup_r+0x78>
    800031a2:	0107f713          	andi	a4,a5,16
    800031a6:	eb09                	bnez	a4,800031b8 <__swsetup_r+0x3e>
    800031a8:	4725                	li	a4,9
    800031aa:	c098                	sw	a4,0(s1)
    800031ac:	0407e793          	ori	a5,a5,64
    800031b0:	00f41823          	sh	a5,16(s0)
    800031b4:	557d                	li	a0,-1
    800031b6:	a8ad                	j	80003230 <__swsetup_r+0xb6>
    800031b8:	8b91                	andi	a5,a5,4
    800031ba:	c795                	beqz	a5,800031e6 <__swsetup_r+0x6c>
    800031bc:	702c                	ld	a1,96(s0)
    800031be:	c991                	beqz	a1,800031d2 <__swsetup_r+0x58>
    800031c0:	07c40793          	addi	a5,s0,124
    800031c4:	00f58563          	beq	a1,a5,800031ce <__swsetup_r+0x54>
    800031c8:	8526                	mv	a0,s1
    800031ca:	376000ef          	jal	80003540 <_free_r>
    800031ce:	06043023          	sd	zero,96(s0)
    800031d2:	01045783          	lhu	a5,16(s0)
    800031d6:	00042423          	sw	zero,8(s0)
    800031da:	fdb7f793          	andi	a5,a5,-37
    800031de:	00f41823          	sh	a5,16(s0)
    800031e2:	6c1c                	ld	a5,24(s0)
    800031e4:	e01c                	sd	a5,0(s0)
    800031e6:	01045783          	lhu	a5,16(s0)
    800031ea:	0087e793          	ori	a5,a5,8
    800031ee:	00f41823          	sh	a5,16(s0)
    800031f2:	6c1c                	ld	a5,24(s0)
    800031f4:	ef89                	bnez	a5,8000320e <__swsetup_r+0x94>
    800031f6:	01045783          	lhu	a5,16(s0)
    800031fa:	20000713          	li	a4,512
    800031fe:	2807f793          	andi	a5,a5,640
    80003202:	00e78663          	beq	a5,a4,8000320e <__swsetup_r+0x94>
    80003206:	85a2                	mv	a1,s0
    80003208:	8526                	mv	a0,s1
    8000320a:	70e000ef          	jal	80003918 <__smakebuf_r>
    8000320e:	01041783          	lh	a5,16(s0)
    80003212:	0017f713          	andi	a4,a5,1
    80003216:	c315                	beqz	a4,8000323a <__swsetup_r+0xc0>
    80003218:	5018                	lw	a4,32(s0)
    8000321a:	00042623          	sw	zero,12(s0)
    8000321e:	40e0073b          	negw	a4,a4
    80003222:	d418                	sw	a4,40(s0)
    80003224:	6c18                	ld	a4,24(s0)
    80003226:	4501                	li	a0,0
    80003228:	e701                	bnez	a4,80003230 <__swsetup_r+0xb6>
    8000322a:	0807f713          	andi	a4,a5,128
    8000322e:	ff3d                	bnez	a4,800031ac <__swsetup_r+0x32>
    80003230:	60e2                	ld	ra,24(sp)
    80003232:	6442                	ld	s0,16(sp)
    80003234:	64a2                	ld	s1,8(sp)
    80003236:	6105                	addi	sp,sp,32
    80003238:	8082                	ret
    8000323a:	0027f713          	andi	a4,a5,2
    8000323e:	4681                	li	a3,0
    80003240:	e311                	bnez	a4,80003244 <__swsetup_r+0xca>
    80003242:	5014                	lw	a3,32(s0)
    80003244:	c454                	sw	a3,12(s0)
    80003246:	bff9                	j	80003224 <__swsetup_r+0xaa>

0000000080003248 <_setlocale_r>:
    80003248:	c639                	beqz	a2,80003296 <_setlocale_r+0x4e>
    8000324a:	1141                	addi	sp,sp,-16
    8000324c:	00001597          	auipc	a1,0x1
    80003250:	11c58593          	addi	a1,a1,284 # 80004368 <__tbss_end+0x20e>
    80003254:	8532                	mv	a0,a2
    80003256:	e022                	sd	s0,0(sp)
    80003258:	e406                	sd	ra,8(sp)
    8000325a:	8432                	mv	s0,a2
    8000325c:	24c000ef          	jal	800034a8 <strcmp>
    80003260:	e909                	bnez	a0,80003272 <_setlocale_r+0x2a>
    80003262:	00001517          	auipc	a0,0x1
    80003266:	0fe50513          	addi	a0,a0,254 # 80004360 <__tbss_end+0x206>
    8000326a:	60a2                	ld	ra,8(sp)
    8000326c:	6402                	ld	s0,0(sp)
    8000326e:	0141                	addi	sp,sp,16
    80003270:	8082                	ret
    80003272:	00001597          	auipc	a1,0x1
    80003276:	0ee58593          	addi	a1,a1,238 # 80004360 <__tbss_end+0x206>
    8000327a:	8522                	mv	a0,s0
    8000327c:	22c000ef          	jal	800034a8 <strcmp>
    80003280:	d16d                	beqz	a0,80003262 <_setlocale_r+0x1a>
    80003282:	00001597          	auipc	a1,0x1
    80003286:	f4658593          	addi	a1,a1,-186 # 800041c8 <__tbss_end+0x6e>
    8000328a:	8522                	mv	a0,s0
    8000328c:	21c000ef          	jal	800034a8 <strcmp>
    80003290:	d969                	beqz	a0,80003262 <_setlocale_r+0x1a>
    80003292:	4501                	li	a0,0
    80003294:	bfd9                	j	8000326a <_setlocale_r+0x22>
    80003296:	00001517          	auipc	a0,0x1
    8000329a:	0ca50513          	addi	a0,a0,202 # 80004360 <__tbss_end+0x206>
    8000329e:	8082                	ret

00000000800032a0 <__locale_mb_cur_max>:
    800032a0:	00001517          	auipc	a0,0x1
    800032a4:	73854503          	lbu	a0,1848(a0) # 800049d8 <__global_locale+0x160>
    800032a8:	8082                	ret

00000000800032aa <setlocale>:
    800032aa:	862e                	mv	a2,a1
    800032ac:	85aa                	mv	a1,a0
    800032ae:	00001517          	auipc	a0,0x1
    800032b2:	77253503          	ld	a0,1906(a0) # 80004a20 <_impure_ptr>
    800032b6:	bf49                	j	80003248 <_setlocale_r>

00000000800032b8 <_close_r>:
    800032b8:	1141                	addi	sp,sp,-16
    800032ba:	e022                	sd	s0,0(sp)
    800032bc:	842a                	mv	s0,a0
    800032be:	852e                	mv	a0,a1
    800032c0:	8801ac23          	sw	zero,-1896(gp) # 80004ab8 <errno>
    800032c4:	e406                	sd	ra,8(sp)
    800032c6:	31b000ef          	jal	80003de0 <_close>
    800032ca:	57fd                	li	a5,-1
    800032cc:	00f51663          	bne	a0,a5,800032d8 <_close_r+0x20>
    800032d0:	8981a783          	lw	a5,-1896(gp) # 80004ab8 <errno>
    800032d4:	c391                	beqz	a5,800032d8 <_close_r+0x20>
    800032d6:	c01c                	sw	a5,0(s0)
    800032d8:	60a2                	ld	ra,8(sp)
    800032da:	6402                	ld	s0,0(sp)
    800032dc:	0141                	addi	sp,sp,16
    800032de:	8082                	ret

00000000800032e0 <_reclaim_reent>:
    800032e0:	00001797          	auipc	a5,0x1
    800032e4:	7407b783          	ld	a5,1856(a5) # 80004a20 <_impure_ptr>
    800032e8:	0ca78363          	beq	a5,a0,800033ae <_reclaim_reent+0xce>
    800032ec:	7d1c                	ld	a5,56(a0)
    800032ee:	7179                	addi	sp,sp,-48
    800032f0:	f022                	sd	s0,32(sp)
    800032f2:	f406                	sd	ra,40(sp)
    800032f4:	ec26                	sd	s1,24(sp)
    800032f6:	e84a                	sd	s2,16(sp)
    800032f8:	e44e                	sd	s3,8(sp)
    800032fa:	842a                	mv	s0,a0
    800032fc:	cb8d                	beqz	a5,8000332e <_reclaim_reent+0x4e>
    800032fe:	6f9c                	ld	a5,24(a5)
    80003300:	c38d                	beqz	a5,80003322 <_reclaim_reent+0x42>
    80003302:	4481                	li	s1,0
    80003304:	20000913          	li	s2,512
    80003308:	7c1c                	ld	a5,56(s0)
    8000330a:	6f9c                	ld	a5,24(a5)
    8000330c:	97a6                	add	a5,a5,s1
    8000330e:	638c                	ld	a1,0(a5)
    80003310:	e1c9                	bnez	a1,80003392 <_reclaim_reent+0xb2>
    80003312:	04a1                	addi	s1,s1,8
    80003314:	ff249ae3          	bne	s1,s2,80003308 <_reclaim_reent+0x28>
    80003318:	7c1c                	ld	a5,56(s0)
    8000331a:	8522                	mv	a0,s0
    8000331c:	6f8c                	ld	a1,24(a5)
    8000331e:	222000ef          	jal	80003540 <_free_r>
    80003322:	7c1c                	ld	a5,56(s0)
    80003324:	638c                	ld	a1,0(a5)
    80003326:	c581                	beqz	a1,8000332e <_reclaim_reent+0x4e>
    80003328:	8522                	mv	a0,s0
    8000332a:	216000ef          	jal	80003540 <_free_r>
    8000332e:	740c                	ld	a1,40(s0)
    80003330:	c581                	beqz	a1,80003338 <_reclaim_reent+0x58>
    80003332:	8522                	mv	a0,s0
    80003334:	20c000ef          	jal	80003540 <_free_r>
    80003338:	7c0c                	ld	a1,56(s0)
    8000333a:	c581                	beqz	a1,80003342 <_reclaim_reent+0x62>
    8000333c:	8522                	mv	a0,s0
    8000333e:	202000ef          	jal	80003540 <_free_r>
    80003342:	6c2c                	ld	a1,88(s0)
    80003344:	c581                	beqz	a1,8000334c <_reclaim_reent+0x6c>
    80003346:	8522                	mv	a0,s0
    80003348:	1f8000ef          	jal	80003540 <_free_r>
    8000334c:	702c                	ld	a1,96(s0)
    8000334e:	c581                	beqz	a1,80003356 <_reclaim_reent+0x76>
    80003350:	8522                	mv	a0,s0
    80003352:	1ee000ef          	jal	80003540 <_free_r>
    80003356:	742c                	ld	a1,104(s0)
    80003358:	c581                	beqz	a1,80003360 <_reclaim_reent+0x80>
    8000335a:	8522                	mv	a0,s0
    8000335c:	1e4000ef          	jal	80003540 <_free_r>
    80003360:	644c                	ld	a1,136(s0)
    80003362:	c581                	beqz	a1,8000336a <_reclaim_reent+0x8a>
    80003364:	8522                	mv	a0,s0
    80003366:	1da000ef          	jal	80003540 <_free_r>
    8000336a:	604c                	ld	a1,128(s0)
    8000336c:	c581                	beqz	a1,80003374 <_reclaim_reent+0x94>
    8000336e:	8522                	mv	a0,s0
    80003370:	1d0000ef          	jal	80003540 <_free_r>
    80003374:	682c                	ld	a1,80(s0)
    80003376:	c581                	beqz	a1,8000337e <_reclaim_reent+0x9e>
    80003378:	8522                	mv	a0,s0
    8000337a:	1c6000ef          	jal	80003540 <_free_r>
    8000337e:	603c                	ld	a5,64(s0)
    80003380:	c385                	beqz	a5,800033a0 <_reclaim_reent+0xc0>
    80003382:	8522                	mv	a0,s0
    80003384:	7402                	ld	s0,32(sp)
    80003386:	70a2                	ld	ra,40(sp)
    80003388:	64e2                	ld	s1,24(sp)
    8000338a:	6942                	ld	s2,16(sp)
    8000338c:	69a2                	ld	s3,8(sp)
    8000338e:	6145                	addi	sp,sp,48
    80003390:	8782                	jr	a5
    80003392:	0005b983          	ld	s3,0(a1)
    80003396:	8522                	mv	a0,s0
    80003398:	1a8000ef          	jal	80003540 <_free_r>
    8000339c:	85ce                	mv	a1,s3
    8000339e:	bf8d                	j	80003310 <_reclaim_reent+0x30>
    800033a0:	70a2                	ld	ra,40(sp)
    800033a2:	7402                	ld	s0,32(sp)
    800033a4:	64e2                	ld	s1,24(sp)
    800033a6:	6942                	ld	s2,16(sp)
    800033a8:	69a2                	ld	s3,8(sp)
    800033aa:	6145                	addi	sp,sp,48
    800033ac:	8082                	ret
    800033ae:	8082                	ret

00000000800033b0 <_lseek_r>:
    800033b0:	1141                	addi	sp,sp,-16
    800033b2:	e022                	sd	s0,0(sp)
    800033b4:	842a                	mv	s0,a0
    800033b6:	852e                	mv	a0,a1
    800033b8:	85b2                	mv	a1,a2
    800033ba:	8636                	mv	a2,a3
    800033bc:	8801ac23          	sw	zero,-1896(gp) # 80004ab8 <errno>
    800033c0:	e406                	sd	ra,8(sp)
    800033c2:	289000ef          	jal	80003e4a <_lseek>
    800033c6:	57fd                	li	a5,-1
    800033c8:	00f51663          	bne	a0,a5,800033d4 <_lseek_r+0x24>
    800033cc:	8981a783          	lw	a5,-1896(gp) # 80004ab8 <errno>
    800033d0:	c391                	beqz	a5,800033d4 <_lseek_r+0x24>
    800033d2:	c01c                	sw	a5,0(s0)
    800033d4:	60a2                	ld	ra,8(sp)
    800033d6:	6402                	ld	s0,0(sp)
    800033d8:	0141                	addi	sp,sp,16
    800033da:	8082                	ret

00000000800033dc <_read_r>:
    800033dc:	1141                	addi	sp,sp,-16
    800033de:	e022                	sd	s0,0(sp)
    800033e0:	842a                	mv	s0,a0
    800033e2:	852e                	mv	a0,a1
    800033e4:	85b2                	mv	a1,a2
    800033e6:	8636                	mv	a2,a3
    800033e8:	8801ac23          	sw	zero,-1896(gp) # 80004ab8 <errno>
    800033ec:	e406                	sd	ra,8(sp)
    800033ee:	271000ef          	jal	80003e5e <_read>
    800033f2:	57fd                	li	a5,-1
    800033f4:	00f51663          	bne	a0,a5,80003400 <_read_r+0x24>
    800033f8:	8981a783          	lw	a5,-1896(gp) # 80004ab8 <errno>
    800033fc:	c391                	beqz	a5,80003400 <_read_r+0x24>
    800033fe:	c01c                	sw	a5,0(s0)
    80003400:	60a2                	ld	ra,8(sp)
    80003402:	6402                	ld	s0,0(sp)
    80003404:	0141                	addi	sp,sp,16
    80003406:	8082                	ret

0000000080003408 <_sbrk_r>:
    80003408:	1141                	addi	sp,sp,-16
    8000340a:	e022                	sd	s0,0(sp)
    8000340c:	842a                	mv	s0,a0
    8000340e:	852e                	mv	a0,a1
    80003410:	8801ac23          	sw	zero,-1896(gp) # 80004ab8 <errno>
    80003414:	e406                	sd	ra,8(sp)
    80003416:	25f000ef          	jal	80003e74 <_sbrk>
    8000341a:	57fd                	li	a5,-1
    8000341c:	00f51663          	bne	a0,a5,80003428 <_sbrk_r+0x20>
    80003420:	8981a783          	lw	a5,-1896(gp) # 80004ab8 <errno>
    80003424:	c391                	beqz	a5,80003428 <_sbrk_r+0x20>
    80003426:	c01c                	sw	a5,0(s0)
    80003428:	60a2                	ld	ra,8(sp)
    8000342a:	6402                	ld	s0,0(sp)
    8000342c:	0141                	addi	sp,sp,16
    8000342e:	8082                	ret

0000000080003430 <_write_r>:
    80003430:	1141                	addi	sp,sp,-16
    80003432:	e022                	sd	s0,0(sp)
    80003434:	842a                	mv	s0,a0
    80003436:	852e                	mv	a0,a1
    80003438:	85b2                	mv	a1,a2
    8000343a:	8636                	mv	a2,a3
    8000343c:	8801ac23          	sw	zero,-1896(gp) # 80004ab8 <errno>
    80003440:	e406                	sd	ra,8(sp)
    80003442:	26f000ef          	jal	80003eb0 <_write>
    80003446:	57fd                	li	a5,-1
    80003448:	00f51663          	bne	a0,a5,80003454 <_write_r+0x24>
    8000344c:	8981a783          	lw	a5,-1896(gp) # 80004ab8 <errno>
    80003450:	c391                	beqz	a5,80003454 <_write_r+0x24>
    80003452:	c01c                	sw	a5,0(s0)
    80003454:	60a2                	ld	ra,8(sp)
    80003456:	6402                	ld	s0,0(sp)
    80003458:	0141                	addi	sp,sp,16
    8000345a:	8082                	ret

000000008000345c <memmove>:
    8000345c:	c215                	beqz	a2,80003480 <memmove+0x24>
    8000345e:	832a                	mv	t1,a0
    80003460:	4685                	li	a3,1
    80003462:	00b56763          	bltu	a0,a1,80003470 <memmove+0x14>
    80003466:	56fd                	li	a3,-1
    80003468:	fff60713          	addi	a4,a2,-1
    8000346c:	933a                	add	t1,t1,a4
    8000346e:	95ba                	add	a1,a1,a4
    80003470:	00058383          	lb	t2,0(a1)
    80003474:	00730023          	sb	t2,0(t1)
    80003478:	167d                	addi	a2,a2,-1
    8000347a:	9336                	add	t1,t1,a3
    8000347c:	95b6                	add	a1,a1,a3
    8000347e:	fa6d                	bnez	a2,80003470 <memmove+0x14>
    80003480:	8082                	ret

0000000080003482 <memset>:
    80003482:	832a                	mv	t1,a0
    80003484:	c611                	beqz	a2,80003490 <memset+0xe>
    80003486:	00b30023          	sb	a1,0(t1)
    8000348a:	167d                	addi	a2,a2,-1
    8000348c:	0305                	addi	t1,t1,1
    8000348e:	fe65                	bnez	a2,80003486 <memset+0x4>
    80003490:	8082                	ret

0000000080003492 <memcpy>:
    80003492:	832a                	mv	t1,a0
    80003494:	ca09                	beqz	a2,800034a6 <memcpy+0x14>
    80003496:	00058383          	lb	t2,0(a1)
    8000349a:	00730023          	sb	t2,0(t1)
    8000349e:	167d                	addi	a2,a2,-1
    800034a0:	0305                	addi	t1,t1,1
    800034a2:	0585                	addi	a1,a1,1
    800034a4:	fa6d                	bnez	a2,80003496 <memcpy+0x4>
    800034a6:	8082                	ret

00000000800034a8 <strcmp>:
    800034a8:	00054603          	lbu	a2,0(a0)
    800034ac:	0005c683          	lbu	a3,0(a1)
    800034b0:	0505                	addi	a0,a0,1
    800034b2:	0585                	addi	a1,a1,1
    800034b4:	00d61363          	bne	a2,a3,800034ba <strcmp+0x12>
    800034b8:	fa65                	bnez	a2,800034a8 <strcmp>
    800034ba:	40d60533          	sub	a0,a2,a3
    800034be:	8082                	ret

00000000800034c0 <__assert_func>:
    800034c0:	1141                	addi	sp,sp,-16
    800034c2:	00001797          	auipc	a5,0x1
    800034c6:	55e7b783          	ld	a5,1374(a5) # 80004a20 <_impure_ptr>
    800034ca:	8832                	mv	a6,a2
    800034cc:	e406                	sd	ra,8(sp)
    800034ce:	88aa                	mv	a7,a0
    800034d0:	872e                	mv	a4,a1
    800034d2:	6f88                	ld	a0,24(a5)
    800034d4:	8636                	mv	a2,a3
    800034d6:	00001797          	auipc	a5,0x1
    800034da:	ea278793          	addi	a5,a5,-350 # 80004378 <__tbss_end+0x21e>
    800034de:	00081763          	bnez	a6,800034ec <__assert_func+0x2c>
    800034e2:	00001797          	auipc	a5,0x1
    800034e6:	ce678793          	addi	a5,a5,-794 # 800041c8 <__tbss_end+0x6e>
    800034ea:	883e                	mv	a6,a5
    800034ec:	86c6                	mv	a3,a7
    800034ee:	00001597          	auipc	a1,0x1
    800034f2:	e9a58593          	addi	a1,a1,-358 # 80004388 <__tbss_end+0x22e>
    800034f6:	39c000ef          	jal	80003892 <fiprintf>
    800034fa:	50e000ef          	jal	80003a08 <abort>

00000000800034fe <__assert>:
    800034fe:	1141                	addi	sp,sp,-16
    80003500:	86b2                	mv	a3,a2
    80003502:	4601                	li	a2,0
    80003504:	e406                	sd	ra,8(sp)
    80003506:	fbbff0ef          	jal	800034c0 <__assert_func>

000000008000350a <_calloc_r>:
    8000350a:	02c5b733          	mulhu	a4,a1,a2
    8000350e:	1101                	addi	sp,sp,-32
    80003510:	ec06                	sd	ra,24(sp)
    80003512:	e822                	sd	s0,16(sp)
    80003514:	02c58633          	mul	a2,a1,a2
    80003518:	cb09                	beqz	a4,8000352a <_calloc_r+0x20>
    8000351a:	4731                	li	a4,12
    8000351c:	c118                	sw	a4,0(a0)
    8000351e:	4401                	li	s0,0
    80003520:	60e2                	ld	ra,24(sp)
    80003522:	8522                	mv	a0,s0
    80003524:	6442                	ld	s0,16(sp)
    80003526:	6105                	addi	sp,sp,32
    80003528:	8082                	ret
    8000352a:	85b2                	mv	a1,a2
    8000352c:	e432                	sd	a2,8(sp)
    8000352e:	d2efe0ef          	jal	80001a5c <_malloc_r>
    80003532:	842a                	mv	s0,a0
    80003534:	d575                	beqz	a0,80003520 <_calloc_r+0x16>
    80003536:	6622                	ld	a2,8(sp)
    80003538:	4581                	li	a1,0
    8000353a:	f49ff0ef          	jal	80003482 <memset>
    8000353e:	b7cd                	j	80003520 <_calloc_r+0x16>

0000000080003540 <_free_r>:
    80003540:	c1c5                	beqz	a1,800035e0 <_free_r+0xa0>
    80003542:	ff85b783          	ld	a5,-8(a1)
    80003546:	1101                	addi	sp,sp,-32
    80003548:	e822                	sd	s0,16(sp)
    8000354a:	ec06                	sd	ra,24(sp)
    8000354c:	ff858413          	addi	s0,a1,-8
    80003550:	0007d363          	bgez	a5,80003556 <_free_r+0x16>
    80003554:	943e                	add	s0,s0,a5
    80003556:	e42a                	sd	a0,8(sp)
    80003558:	e34fe0ef          	jal	80001b8c <__malloc_lock>
    8000355c:	88018713          	addi	a4,gp,-1920 # 80004aa0 <__malloc_free_list>
    80003560:	631c                	ld	a5,0(a4)
    80003562:	6522                	ld	a0,8(sp)
    80003564:	eb89                	bnez	a5,80003576 <_free_r+0x36>
    80003566:	00043423          	sd	zero,8(s0)
    8000356a:	e300                	sd	s0,0(a4)
    8000356c:	6442                	ld	s0,16(sp)
    8000356e:	60e2                	ld	ra,24(sp)
    80003570:	6105                	addi	sp,sp,32
    80003572:	e1cfe06f          	j	80001b8e <__malloc_unlock>
    80003576:	00f47d63          	bgeu	s0,a5,80003590 <_free_r+0x50>
    8000357a:	6010                	ld	a2,0(s0)
    8000357c:	00c406b3          	add	a3,s0,a2
    80003580:	00d79663          	bne	a5,a3,8000358c <_free_r+0x4c>
    80003584:	6394                	ld	a3,0(a5)
    80003586:	679c                	ld	a5,8(a5)
    80003588:	96b2                	add	a3,a3,a2
    8000358a:	e014                	sd	a3,0(s0)
    8000358c:	e41c                	sd	a5,8(s0)
    8000358e:	bff1                	j	8000356a <_free_r+0x2a>
    80003590:	873e                	mv	a4,a5
    80003592:	679c                	ld	a5,8(a5)
    80003594:	c399                	beqz	a5,8000359a <_free_r+0x5a>
    80003596:	fef47de3          	bgeu	s0,a5,80003590 <_free_r+0x50>
    8000359a:	6314                	ld	a3,0(a4)
    8000359c:	00d70633          	add	a2,a4,a3
    800035a0:	00861f63          	bne	a2,s0,800035be <_free_r+0x7e>
    800035a4:	6010                	ld	a2,0(s0)
    800035a6:	96b2                	add	a3,a3,a2
    800035a8:	e314                	sd	a3,0(a4)
    800035aa:	00d70633          	add	a2,a4,a3
    800035ae:	fac79fe3          	bne	a5,a2,8000356c <_free_r+0x2c>
    800035b2:	6390                	ld	a2,0(a5)
    800035b4:	679c                	ld	a5,8(a5)
    800035b6:	96b2                	add	a3,a3,a2
    800035b8:	e314                	sd	a3,0(a4)
    800035ba:	e71c                	sd	a5,8(a4)
    800035bc:	bf45                	j	8000356c <_free_r+0x2c>
    800035be:	00c47563          	bgeu	s0,a2,800035c8 <_free_r+0x88>
    800035c2:	47b1                	li	a5,12
    800035c4:	c11c                	sw	a5,0(a0)
    800035c6:	b75d                	j	8000356c <_free_r+0x2c>
    800035c8:	6010                	ld	a2,0(s0)
    800035ca:	00c406b3          	add	a3,s0,a2
    800035ce:	00d79663          	bne	a5,a3,800035da <_free_r+0x9a>
    800035d2:	6394                	ld	a3,0(a5)
    800035d4:	679c                	ld	a5,8(a5)
    800035d6:	96b2                	add	a3,a3,a2
    800035d8:	e014                	sd	a3,0(s0)
    800035da:	e41c                	sd	a5,8(s0)
    800035dc:	e700                	sd	s0,8(a4)
    800035de:	b779                	j	8000356c <_free_r+0x2c>
    800035e0:	8082                	ret

00000000800035e2 <_mbtowc_r>:
    800035e2:	00001797          	auipc	a5,0x1
    800035e6:	37e7b783          	ld	a5,894(a5) # 80004960 <__global_locale+0xe8>
    800035ea:	8782                	jr	a5

00000000800035ec <__ascii_mbtowc>:
    800035ec:	e185                	bnez	a1,8000360c <__ascii_mbtowc+0x20>
    800035ee:	1141                	addi	sp,sp,-16
    800035f0:	006c                	addi	a1,sp,12
    800035f2:	4501                	li	a0,0
    800035f4:	ca11                	beqz	a2,80003608 <__ascii_mbtowc+0x1c>
    800035f6:	5579                	li	a0,-2
    800035f8:	ca81                	beqz	a3,80003608 <__ascii_mbtowc+0x1c>
    800035fa:	00064783          	lbu	a5,0(a2)
    800035fe:	c19c                	sw	a5,0(a1)
    80003600:	00064503          	lbu	a0,0(a2)
    80003604:	00a03533          	snez	a0,a0
    80003608:	0141                	addi	sp,sp,16
    8000360a:	8082                	ret
    8000360c:	4501                	li	a0,0
    8000360e:	ca19                	beqz	a2,80003624 <__ascii_mbtowc+0x38>
    80003610:	5579                	li	a0,-2
    80003612:	ca89                	beqz	a3,80003624 <__ascii_mbtowc+0x38>
    80003614:	00064783          	lbu	a5,0(a2)
    80003618:	c19c                	sw	a5,0(a1)
    8000361a:	00064503          	lbu	a0,0(a2)
    8000361e:	00a03533          	snez	a0,a0
    80003622:	8082                	ret
    80003624:	8082                	ret

0000000080003626 <_realloc_r>:
    80003626:	7179                	addi	sp,sp,-48
    80003628:	f022                	sd	s0,32(sp)
    8000362a:	f406                	sd	ra,40(sp)
    8000362c:	ec26                	sd	s1,24(sp)
    8000362e:	e84a                	sd	s2,16(sp)
    80003630:	e44e                	sd	s3,8(sp)
    80003632:	e052                	sd	s4,0(sp)
    80003634:	8432                	mv	s0,a2
    80003636:	e999                	bnez	a1,8000364c <_realloc_r+0x26>
    80003638:	7402                	ld	s0,32(sp)
    8000363a:	70a2                	ld	ra,40(sp)
    8000363c:	64e2                	ld	s1,24(sp)
    8000363e:	6942                	ld	s2,16(sp)
    80003640:	69a2                	ld	s3,8(sp)
    80003642:	6a02                	ld	s4,0(sp)
    80003644:	85b2                	mv	a1,a2
    80003646:	6145                	addi	sp,sp,48
    80003648:	c14fe06f          	j	80001a5c <_malloc_r>
    8000364c:	ee09                	bnez	a2,80003666 <_realloc_r+0x40>
    8000364e:	ef3ff0ef          	jal	80003540 <_free_r>
    80003652:	4481                	li	s1,0
    80003654:	70a2                	ld	ra,40(sp)
    80003656:	7402                	ld	s0,32(sp)
    80003658:	6942                	ld	s2,16(sp)
    8000365a:	69a2                	ld	s3,8(sp)
    8000365c:	6a02                	ld	s4,0(sp)
    8000365e:	8526                	mv	a0,s1
    80003660:	64e2                	ld	s1,24(sp)
    80003662:	6145                	addi	sp,sp,48
    80003664:	8082                	ret
    80003666:	8a2a                	mv	s4,a0
    80003668:	84ae                	mv	s1,a1
    8000366a:	3ae000ef          	jal	80003a18 <_malloc_usable_size_r>
    8000366e:	892a                	mv	s2,a0
    80003670:	00856663          	bltu	a0,s0,8000367c <_realloc_r+0x56>
    80003674:	00155793          	srli	a5,a0,0x1
    80003678:	fc87eee3          	bltu	a5,s0,80003654 <_realloc_r+0x2e>
    8000367c:	85a2                	mv	a1,s0
    8000367e:	8552                	mv	a0,s4
    80003680:	bdcfe0ef          	jal	80001a5c <_malloc_r>
    80003684:	89aa                	mv	s3,a0
    80003686:	e119                	bnez	a0,8000368c <_realloc_r+0x66>
    80003688:	84ce                	mv	s1,s3
    8000368a:	b7e9                	j	80003654 <_realloc_r+0x2e>
    8000368c:	8622                	mv	a2,s0
    8000368e:	00897363          	bgeu	s2,s0,80003694 <_realloc_r+0x6e>
    80003692:	864a                	mv	a2,s2
    80003694:	85a6                	mv	a1,s1
    80003696:	854e                	mv	a0,s3
    80003698:	dfbff0ef          	jal	80003492 <memcpy>
    8000369c:	85a6                	mv	a1,s1
    8000369e:	8552                	mv	a0,s4
    800036a0:	ea1ff0ef          	jal	80003540 <_free_r>
    800036a4:	b7d5                	j	80003688 <_realloc_r+0x62>

00000000800036a6 <_wctomb_r>:
    800036a6:	00001797          	auipc	a5,0x1
    800036aa:	2b27b783          	ld	a5,690(a5) # 80004958 <__global_locale+0xe0>
    800036ae:	8782                	jr	a5

00000000800036b0 <__ascii_wctomb>:
    800036b0:	0006071b          	sext.w	a4,a2
    800036b4:	cd91                	beqz	a1,800036d0 <__ascii_wctomb+0x20>
    800036b6:	0ff00793          	li	a5,255
    800036ba:	00e7f763          	bgeu	a5,a4,800036c8 <__ascii_wctomb+0x18>
    800036be:	08a00793          	li	a5,138
    800036c2:	c11c                	sw	a5,0(a0)
    800036c4:	557d                	li	a0,-1
    800036c6:	8082                	ret
    800036c8:	00c58023          	sb	a2,0(a1)
    800036cc:	4505                	li	a0,1
    800036ce:	8082                	ret
    800036d0:	4501                	li	a0,0
    800036d2:	8082                	ret

00000000800036d4 <__sflush_r>:
    800036d4:	01059783          	lh	a5,16(a1)
    800036d8:	7179                	addi	sp,sp,-48
    800036da:	f022                	sd	s0,32(sp)
    800036dc:	ec26                	sd	s1,24(sp)
    800036de:	f406                	sd	ra,40(sp)
    800036e0:	e84a                	sd	s2,16(sp)
    800036e2:	e44e                	sd	s3,8(sp)
    800036e4:	0087f713          	andi	a4,a5,8
    800036e8:	84aa                	mv	s1,a0
    800036ea:	842e                	mv	s0,a1
    800036ec:	eb69                	bnez	a4,800037be <__sflush_r+0xea>
    800036ee:	4598                	lw	a4,8(a1)
    800036f0:	00e04563          	bgtz	a4,800036fa <__sflush_r+0x26>
    800036f4:	5db8                	lw	a4,120(a1)
    800036f6:	0ae05b63          	blez	a4,800037ac <__sflush_r+0xd8>
    800036fa:	6838                	ld	a4,80(s0)
    800036fc:	cb45                	beqz	a4,800037ac <__sflush_r+0xd8>
    800036fe:	0004a903          	lw	s2,0(s1)
    80003702:	03379693          	slli	a3,a5,0x33
    80003706:	0004a023          	sw	zero,0(s1)
    8000370a:	7c0c                	ld	a1,56(s0)
    8000370c:	0606de63          	bgez	a3,80003788 <__sflush_r+0xb4>
    80003710:	6c50                	ld	a2,152(s0)
    80003712:	01045783          	lhu	a5,16(s0)
    80003716:	8b91                	andi	a5,a5,4
    80003718:	c799                	beqz	a5,80003726 <__sflush_r+0x52>
    8000371a:	441c                	lw	a5,8(s0)
    8000371c:	8e1d                	sub	a2,a2,a5
    8000371e:	703c                	ld	a5,96(s0)
    80003720:	c399                	beqz	a5,80003726 <__sflush_r+0x52>
    80003722:	5c3c                	lw	a5,120(s0)
    80003724:	8e1d                	sub	a2,a2,a5
    80003726:	683c                	ld	a5,80(s0)
    80003728:	7c0c                	ld	a1,56(s0)
    8000372a:	4681                	li	a3,0
    8000372c:	8526                	mv	a0,s1
    8000372e:	9782                	jalr	a5
    80003730:	577d                	li	a4,-1
    80003732:	01045783          	lhu	a5,16(s0)
    80003736:	00e51d63          	bne	a0,a4,80003750 <__sflush_r+0x7c>
    8000373a:	4094                	lw	a3,0(s1)
    8000373c:	4775                	li	a4,29
    8000373e:	06d76963          	bltu	a4,a3,800037b0 <__sflush_r+0xdc>
    80003742:	20400737          	lui	a4,0x20400
    80003746:	0705                	addi	a4,a4,1 # 20400001 <__heap_size+0x203e0001>
    80003748:	00d75733          	srl	a4,a4,a3
    8000374c:	8b05                	andi	a4,a4,1
    8000374e:	c32d                	beqz	a4,800037b0 <__sflush_r+0xdc>
    80003750:	6c18                	ld	a4,24(s0)
    80003752:	00042423          	sw	zero,8(s0)
    80003756:	e018                	sd	a4,0(s0)
    80003758:	03379713          	slli	a4,a5,0x33
    8000375c:	00075863          	bgez	a4,8000376c <__sflush_r+0x98>
    80003760:	57fd                	li	a5,-1
    80003762:	00f51463          	bne	a0,a5,8000376a <__sflush_r+0x96>
    80003766:	409c                	lw	a5,0(s1)
    80003768:	e391                	bnez	a5,8000376c <__sflush_r+0x98>
    8000376a:	ec48                	sd	a0,152(s0)
    8000376c:	702c                	ld	a1,96(s0)
    8000376e:	0124a023          	sw	s2,0(s1)
    80003772:	cd8d                	beqz	a1,800037ac <__sflush_r+0xd8>
    80003774:	07c40793          	addi	a5,s0,124
    80003778:	00f58563          	beq	a1,a5,80003782 <__sflush_r+0xae>
    8000377c:	8526                	mv	a0,s1
    8000377e:	dc3ff0ef          	jal	80003540 <_free_r>
    80003782:	06043023          	sd	zero,96(s0)
    80003786:	a01d                	j	800037ac <__sflush_r+0xd8>
    80003788:	4601                	li	a2,0
    8000378a:	4685                	li	a3,1
    8000378c:	8526                	mv	a0,s1
    8000378e:	9702                	jalr	a4
    80003790:	57fd                	li	a5,-1
    80003792:	862a                	mv	a2,a0
    80003794:	f6f51fe3          	bne	a0,a5,80003712 <__sflush_r+0x3e>
    80003798:	409c                	lw	a5,0(s1)
    8000379a:	dfa5                	beqz	a5,80003712 <__sflush_r+0x3e>
    8000379c:	4775                	li	a4,29
    8000379e:	00e78563          	beq	a5,a4,800037a8 <__sflush_r+0xd4>
    800037a2:	4759                	li	a4,22
    800037a4:	04e79663          	bne	a5,a4,800037f0 <__sflush_r+0x11c>
    800037a8:	0124a023          	sw	s2,0(s1)
    800037ac:	4501                	li	a0,0
    800037ae:	a881                	j	800037fe <__sflush_r+0x12a>
    800037b0:	0407e793          	ori	a5,a5,64
    800037b4:	0107979b          	slliw	a5,a5,0x10
    800037b8:	4107d79b          	sraiw	a5,a5,0x10
    800037bc:	a835                	j	800037f8 <__sflush_r+0x124>
    800037be:	0185b983          	ld	s3,24(a1)
    800037c2:	fe0985e3          	beqz	s3,800037ac <__sflush_r+0xd8>
    800037c6:	0005b903          	ld	s2,0(a1)
    800037ca:	8b8d                	andi	a5,a5,3
    800037cc:	0135b023          	sd	s3,0(a1)
    800037d0:	4139093b          	subw	s2,s2,s3
    800037d4:	4701                	li	a4,0
    800037d6:	e391                	bnez	a5,800037da <__sflush_r+0x106>
    800037d8:	5198                	lw	a4,32(a1)
    800037da:	c458                	sw	a4,12(s0)
    800037dc:	fd2058e3          	blez	s2,800037ac <__sflush_r+0xd8>
    800037e0:	643c                	ld	a5,72(s0)
    800037e2:	7c0c                	ld	a1,56(s0)
    800037e4:	86ca                	mv	a3,s2
    800037e6:	864e                	mv	a2,s3
    800037e8:	8526                	mv	a0,s1
    800037ea:	9782                	jalr	a5
    800037ec:	02a04063          	bgtz	a0,8000380c <__sflush_r+0x138>
    800037f0:	01041783          	lh	a5,16(s0)
    800037f4:	0407e793          	ori	a5,a5,64
    800037f8:	00f41823          	sh	a5,16(s0)
    800037fc:	557d                	li	a0,-1
    800037fe:	70a2                	ld	ra,40(sp)
    80003800:	7402                	ld	s0,32(sp)
    80003802:	64e2                	ld	s1,24(sp)
    80003804:	6942                	ld	s2,16(sp)
    80003806:	69a2                	ld	s3,8(sp)
    80003808:	6145                	addi	sp,sp,48
    8000380a:	8082                	ret
    8000380c:	99aa                	add	s3,s3,a0
    8000380e:	40a9093b          	subw	s2,s2,a0
    80003812:	b7e9                	j	800037dc <__sflush_r+0x108>

0000000080003814 <_fflush_r>:
    80003814:	6d9c                	ld	a5,24(a1)
    80003816:	cb8d                	beqz	a5,80003848 <_fflush_r+0x34>
    80003818:	1101                	addi	sp,sp,-32
    8000381a:	e822                	sd	s0,16(sp)
    8000381c:	ec06                	sd	ra,24(sp)
    8000381e:	842a                	mv	s0,a0
    80003820:	c519                	beqz	a0,8000382e <_fflush_r+0x1a>
    80003822:	613c                	ld	a5,64(a0)
    80003824:	e789                	bnez	a5,8000382e <_fflush_r+0x1a>
    80003826:	e42e                	sd	a1,8(sp)
    80003828:	c60ff0ef          	jal	80002c88 <__sinit>
    8000382c:	65a2                	ld	a1,8(sp)
    8000382e:	01059783          	lh	a5,16(a1)
    80003832:	c791                	beqz	a5,8000383e <_fflush_r+0x2a>
    80003834:	8522                	mv	a0,s0
    80003836:	6442                	ld	s0,16(sp)
    80003838:	60e2                	ld	ra,24(sp)
    8000383a:	6105                	addi	sp,sp,32
    8000383c:	bd61                	j	800036d4 <__sflush_r>
    8000383e:	60e2                	ld	ra,24(sp)
    80003840:	6442                	ld	s0,16(sp)
    80003842:	4501                	li	a0,0
    80003844:	6105                	addi	sp,sp,32
    80003846:	8082                	ret
    80003848:	4501                	li	a0,0
    8000384a:	8082                	ret

000000008000384c <fflush>:
    8000384c:	85aa                	mv	a1,a0
    8000384e:	ed19                	bnez	a0,8000386c <fflush+0x20>
    80003850:	00001617          	auipc	a2,0x1
    80003854:	01060613          	addi	a2,a2,16 # 80004860 <__sglue>
    80003858:	00000597          	auipc	a1,0x0
    8000385c:	fbc58593          	addi	a1,a1,-68 # 80003814 <_fflush_r>
    80003860:	00001517          	auipc	a0,0x1
    80003864:	f7050513          	addi	a0,a0,-144 # 800047d0 <_impure_data>
    80003868:	f3aff06f          	j	80002fa2 <_fwalk_sglue>
    8000386c:	00001517          	auipc	a0,0x1
    80003870:	1b453503          	ld	a0,436(a0) # 80004a20 <_impure_ptr>
    80003874:	b745                	j	80003814 <_fflush_r>

0000000080003876 <_fiprintf_r>:
    80003876:	715d                	addi	sp,sp,-80
    80003878:	f436                	sd	a3,40(sp)
    8000387a:	1034                	addi	a3,sp,40
    8000387c:	ec06                	sd	ra,24(sp)
    8000387e:	f83a                	sd	a4,48(sp)
    80003880:	fc3e                	sd	a5,56(sp)
    80003882:	e0c2                	sd	a6,64(sp)
    80003884:	e4c6                	sd	a7,72(sp)
    80003886:	e436                	sd	a3,8(sp)
    80003888:	fb5fe0ef          	jal	8000283c <_vfiprintf_r>
    8000388c:	60e2                	ld	ra,24(sp)
    8000388e:	6161                	addi	sp,sp,80
    80003890:	8082                	ret

0000000080003892 <fiprintf>:
    80003892:	715d                	addi	sp,sp,-80
    80003894:	f032                	sd	a2,32(sp)
    80003896:	f436                	sd	a3,40(sp)
    80003898:	862e                	mv	a2,a1
    8000389a:	1014                	addi	a3,sp,32
    8000389c:	85aa                	mv	a1,a0
    8000389e:	00001517          	auipc	a0,0x1
    800038a2:	18253503          	ld	a0,386(a0) # 80004a20 <_impure_ptr>
    800038a6:	ec06                	sd	ra,24(sp)
    800038a8:	f83a                	sd	a4,48(sp)
    800038aa:	fc3e                	sd	a5,56(sp)
    800038ac:	e0c2                	sd	a6,64(sp)
    800038ae:	e4c6                	sd	a7,72(sp)
    800038b0:	e436                	sd	a3,8(sp)
    800038b2:	f8bfe0ef          	jal	8000283c <_vfiprintf_r>
    800038b6:	60e2                	ld	ra,24(sp)
    800038b8:	6161                	addi	sp,sp,80
    800038ba:	8082                	ret

00000000800038bc <__swhatbuf_r>:
    800038bc:	7175                	addi	sp,sp,-144
    800038be:	e122                	sd	s0,128(sp)
    800038c0:	842e                	mv	s0,a1
    800038c2:	01259583          	lh	a1,18(a1)
    800038c6:	fca6                	sd	s1,120(sp)
    800038c8:	f8ca                	sd	s2,112(sp)
    800038ca:	e506                	sd	ra,136(sp)
    800038cc:	84b2                	mv	s1,a2
    800038ce:	8936                	mv	s2,a3
    800038d0:	0205d363          	bgez	a1,800038f6 <__swhatbuf_r+0x3a>
    800038d4:	01045783          	lhu	a5,16(s0)
    800038d8:	0807f793          	andi	a5,a5,128
    800038dc:	eb95                	bnez	a5,80003910 <__swhatbuf_r+0x54>
    800038de:	40000713          	li	a4,1024
    800038e2:	60aa                	ld	ra,136(sp)
    800038e4:	640a                	ld	s0,128(sp)
    800038e6:	00f92023          	sw	a5,0(s2)
    800038ea:	e098                	sd	a4,0(s1)
    800038ec:	7946                	ld	s2,112(sp)
    800038ee:	74e6                	ld	s1,120(sp)
    800038f0:	4501                	li	a0,0
    800038f2:	6149                	addi	sp,sp,144
    800038f4:	8082                	ret
    800038f6:	0030                	addi	a2,sp,8
    800038f8:	0be000ef          	jal	800039b6 <_fstat_r>
    800038fc:	fc054ce3          	bltz	a0,800038d4 <__swhatbuf_r+0x18>
    80003900:	47b2                	lw	a5,12(sp)
    80003902:	673d                	lui	a4,0xf
    80003904:	8ff9                	and	a5,a5,a4
    80003906:	6709                	lui	a4,0x2
    80003908:	8f99                	sub	a5,a5,a4
    8000390a:	0017b793          	seqz	a5,a5
    8000390e:	bfc1                	j	800038de <__swhatbuf_r+0x22>
    80003910:	4781                	li	a5,0
    80003912:	04000713          	li	a4,64
    80003916:	b7f1                	j	800038e2 <__swhatbuf_r+0x26>

0000000080003918 <__smakebuf_r>:
    80003918:	0105d783          	lhu	a5,16(a1)
    8000391c:	7139                	addi	sp,sp,-64
    8000391e:	f822                	sd	s0,48(sp)
    80003920:	fc06                	sd	ra,56(sp)
    80003922:	f426                	sd	s1,40(sp)
    80003924:	f04a                	sd	s2,32(sp)
    80003926:	ec4e                	sd	s3,24(sp)
    80003928:	8b89                	andi	a5,a5,2
    8000392a:	842e                	mv	s0,a1
    8000392c:	cf91                	beqz	a5,80003948 <__smakebuf_r+0x30>
    8000392e:	07f40793          	addi	a5,s0,127
    80003932:	e01c                	sd	a5,0(s0)
    80003934:	ec1c                	sd	a5,24(s0)
    80003936:	4785                	li	a5,1
    80003938:	d01c                	sw	a5,32(s0)
    8000393a:	70e2                	ld	ra,56(sp)
    8000393c:	7442                	ld	s0,48(sp)
    8000393e:	74a2                	ld	s1,40(sp)
    80003940:	7902                	ld	s2,32(sp)
    80003942:	69e2                	ld	s3,24(sp)
    80003944:	6121                	addi	sp,sp,64
    80003946:	8082                	ret
    80003948:	0054                	addi	a3,sp,4
    8000394a:	0030                	addi	a2,sp,8
    8000394c:	84aa                	mv	s1,a0
    8000394e:	f6fff0ef          	jal	800038bc <__swhatbuf_r>
    80003952:	69a2                	ld	s3,8(sp)
    80003954:	892a                	mv	s2,a0
    80003956:	8526                	mv	a0,s1
    80003958:	85ce                	mv	a1,s3
    8000395a:	902fe0ef          	jal	80001a5c <_malloc_r>
    8000395e:	ed01                	bnez	a0,80003976 <__smakebuf_r+0x5e>
    80003960:	01041783          	lh	a5,16(s0)
    80003964:	2007f713          	andi	a4,a5,512
    80003968:	fb69                	bnez	a4,8000393a <__smakebuf_r+0x22>
    8000396a:	9bf1                	andi	a5,a5,-4
    8000396c:	0027e793          	ori	a5,a5,2
    80003970:	00f41823          	sh	a5,16(s0)
    80003974:	bf6d                	j	8000392e <__smakebuf_r+0x16>
    80003976:	01045783          	lhu	a5,16(s0)
    8000397a:	e008                	sd	a0,0(s0)
    8000397c:	ec08                	sd	a0,24(s0)
    8000397e:	0807e793          	ori	a5,a5,128
    80003982:	00f41823          	sh	a5,16(s0)
    80003986:	4792                	lw	a5,4(sp)
    80003988:	03342023          	sw	s3,32(s0)
    8000398c:	cf91                	beqz	a5,800039a8 <__smakebuf_r+0x90>
    8000398e:	01241583          	lh	a1,18(s0)
    80003992:	8526                	mv	a0,s1
    80003994:	04c000ef          	jal	800039e0 <_isatty_r>
    80003998:	c901                	beqz	a0,800039a8 <__smakebuf_r+0x90>
    8000399a:	01045783          	lhu	a5,16(s0)
    8000399e:	9bf1                	andi	a5,a5,-4
    800039a0:	0017e793          	ori	a5,a5,1
    800039a4:	00f41823          	sh	a5,16(s0)
    800039a8:	01045783          	lhu	a5,16(s0)
    800039ac:	0127e533          	or	a0,a5,s2
    800039b0:	00a41823          	sh	a0,16(s0)
    800039b4:	b759                	j	8000393a <__smakebuf_r+0x22>

00000000800039b6 <_fstat_r>:
    800039b6:	1141                	addi	sp,sp,-16
    800039b8:	e022                	sd	s0,0(sp)
    800039ba:	842a                	mv	s0,a0
    800039bc:	852e                	mv	a0,a1
    800039be:	85b2                	mv	a1,a2
    800039c0:	8801ac23          	sw	zero,-1896(gp) # 80004ab8 <errno>
    800039c4:	e406                	sd	ra,8(sp)
    800039c6:	450000ef          	jal	80003e16 <_fstat>
    800039ca:	57fd                	li	a5,-1
    800039cc:	00f51663          	bne	a0,a5,800039d8 <_fstat_r+0x22>
    800039d0:	8981a783          	lw	a5,-1896(gp) # 80004ab8 <errno>
    800039d4:	c391                	beqz	a5,800039d8 <_fstat_r+0x22>
    800039d6:	c01c                	sw	a5,0(s0)
    800039d8:	60a2                	ld	ra,8(sp)
    800039da:	6402                	ld	s0,0(sp)
    800039dc:	0141                	addi	sp,sp,16
    800039de:	8082                	ret

00000000800039e0 <_isatty_r>:
    800039e0:	1141                	addi	sp,sp,-16
    800039e2:	e022                	sd	s0,0(sp)
    800039e4:	842a                	mv	s0,a0
    800039e6:	852e                	mv	a0,a1
    800039e8:	8801ac23          	sw	zero,-1896(gp) # 80004ab8 <errno>
    800039ec:	e406                	sd	ra,8(sp)
    800039ee:	440000ef          	jal	80003e2e <_isatty>
    800039f2:	57fd                	li	a5,-1
    800039f4:	00f51663          	bne	a0,a5,80003a00 <_isatty_r+0x20>
    800039f8:	8981a783          	lw	a5,-1896(gp) # 80004ab8 <errno>
    800039fc:	c391                	beqz	a5,80003a00 <_isatty_r+0x20>
    800039fe:	c01c                	sw	a5,0(s0)
    80003a00:	60a2                	ld	ra,8(sp)
    80003a02:	6402                	ld	s0,0(sp)
    80003a04:	0141                	addi	sp,sp,16
    80003a06:	8082                	ret

0000000080003a08 <abort>:
    80003a08:	1141                	addi	sp,sp,-16
    80003a0a:	4519                	li	a0,6
    80003a0c:	e406                	sd	ra,8(sp)
    80003a0e:	156000ef          	jal	80003b64 <raise>
    80003a12:	4505                	li	a0,1
    80003a14:	3e0000ef          	jal	80003df4 <_exit>

0000000080003a18 <_malloc_usable_size_r>:
    80003a18:	ff85b503          	ld	a0,-8(a1)
    80003a1c:	0005079b          	sext.w	a5,a0
    80003a20:	1561                	addi	a0,a0,-8
    80003a22:	0007d663          	bgez	a5,80003a2e <_malloc_usable_size_r+0x16>
    80003a26:	95aa                	add	a1,a1,a0
    80003a28:	6188                	ld	a0,0(a1)
    80003a2a:	17e1                	addi	a5,a5,-8
    80003a2c:	953e                	add	a0,a0,a5
    80003a2e:	8082                	ret

0000000080003a30 <_init_signal_r>:
    80003a30:	793c                	ld	a5,112(a0)
    80003a32:	eb95                	bnez	a5,80003a66 <_init_signal_r+0x36>
    80003a34:	1141                	addi	sp,sp,-16
    80003a36:	10000593          	li	a1,256
    80003a3a:	e022                	sd	s0,0(sp)
    80003a3c:	e406                	sd	ra,8(sp)
    80003a3e:	842a                	mv	s0,a0
    80003a40:	81cfe0ef          	jal	80001a5c <_malloc_r>
    80003a44:	87aa                	mv	a5,a0
    80003a46:	f828                	sd	a0,112(s0)
    80003a48:	557d                	li	a0,-1
    80003a4a:	cb91                	beqz	a5,80003a5e <_init_signal_r+0x2e>
    80003a4c:	853e                	mv	a0,a5
    80003a4e:	10078793          	addi	a5,a5,256
    80003a52:	00053023          	sd	zero,0(a0)
    80003a56:	0521                	addi	a0,a0,8
    80003a58:	fef51de3          	bne	a0,a5,80003a52 <_init_signal_r+0x22>
    80003a5c:	4501                	li	a0,0
    80003a5e:	60a2                	ld	ra,8(sp)
    80003a60:	6402                	ld	s0,0(sp)
    80003a62:	0141                	addi	sp,sp,16
    80003a64:	8082                	ret
    80003a66:	4501                	li	a0,0
    80003a68:	8082                	ret

0000000080003a6a <_signal_r>:
    80003a6a:	1101                	addi	sp,sp,-32
    80003a6c:	e426                	sd	s1,8(sp)
    80003a6e:	ec06                	sd	ra,24(sp)
    80003a70:	e822                	sd	s0,16(sp)
    80003a72:	e04a                	sd	s2,0(sp)
    80003a74:	47fd                	li	a5,31
    80003a76:	84aa                	mv	s1,a0
    80003a78:	00b7f663          	bgeu	a5,a1,80003a84 <_signal_r+0x1a>
    80003a7c:	47d9                	li	a5,22
    80003a7e:	c11c                	sw	a5,0(a0)
    80003a80:	557d                	li	a0,-1
    80003a82:	a819                	j	80003a98 <_signal_r+0x2e>
    80003a84:	793c                	ld	a5,112(a0)
    80003a86:	842e                	mv	s0,a1
    80003a88:	8932                	mv	s2,a2
    80003a8a:	cf89                	beqz	a5,80003aa4 <_signal_r+0x3a>
    80003a8c:	78bc                	ld	a5,112(s1)
    80003a8e:	040e                	slli	s0,s0,0x3
    80003a90:	97a2                	add	a5,a5,s0
    80003a92:	6388                	ld	a0,0(a5)
    80003a94:	0127b023          	sd	s2,0(a5)
    80003a98:	60e2                	ld	ra,24(sp)
    80003a9a:	6442                	ld	s0,16(sp)
    80003a9c:	64a2                	ld	s1,8(sp)
    80003a9e:	6902                	ld	s2,0(sp)
    80003aa0:	6105                	addi	sp,sp,32
    80003aa2:	8082                	ret
    80003aa4:	f8dff0ef          	jal	80003a30 <_init_signal_r>
    80003aa8:	d175                	beqz	a0,80003a8c <_signal_r+0x22>
    80003aaa:	bfd9                	j	80003a80 <_signal_r+0x16>

0000000080003aac <_raise_r>:
    80003aac:	1101                	addi	sp,sp,-32
    80003aae:	e822                	sd	s0,16(sp)
    80003ab0:	ec06                	sd	ra,24(sp)
    80003ab2:	47fd                	li	a5,31
    80003ab4:	842a                	mv	s0,a0
    80003ab6:	00b7f963          	bgeu	a5,a1,80003ac8 <_raise_r+0x1c>
    80003aba:	47d9                	li	a5,22
    80003abc:	c11c                	sw	a5,0(a0)
    80003abe:	557d                	li	a0,-1
    80003ac0:	60e2                	ld	ra,24(sp)
    80003ac2:	6442                	ld	s0,16(sp)
    80003ac4:	6105                	addi	sp,sp,32
    80003ac6:	8082                	ret
    80003ac8:	793c                	ld	a5,112(a0)
    80003aca:	862e                	mv	a2,a1
    80003acc:	c791                	beqz	a5,80003ad8 <_raise_r+0x2c>
    80003ace:	00359713          	slli	a4,a1,0x3
    80003ad2:	97ba                	add	a5,a5,a4
    80003ad4:	6398                	ld	a4,0(a5)
    80003ad6:	ef01                	bnez	a4,80003aee <_raise_r+0x42>
    80003ad8:	8522                	mv	a0,s0
    80003ada:	e432                	sd	a2,8(sp)
    80003adc:	0e2000ef          	jal	80003bbe <_getpid_r>
    80003ae0:	85aa                	mv	a1,a0
    80003ae2:	8522                	mv	a0,s0
    80003ae4:	6442                	ld	s0,16(sp)
    80003ae6:	6622                	ld	a2,8(sp)
    80003ae8:	60e2                	ld	ra,24(sp)
    80003aea:	6105                	addi	sp,sp,32
    80003aec:	a065                	j	80003b94 <_kill_r>
    80003aee:	4685                	li	a3,1
    80003af0:	00d70d63          	beq	a4,a3,80003b0a <_raise_r+0x5e>
    80003af4:	56fd                	li	a3,-1
    80003af6:	00d71663          	bne	a4,a3,80003b02 <_raise_r+0x56>
    80003afa:	47d9                	li	a5,22
    80003afc:	c11c                	sw	a5,0(a0)
    80003afe:	4505                	li	a0,1
    80003b00:	b7c1                	j	80003ac0 <_raise_r+0x14>
    80003b02:	0007b023          	sd	zero,0(a5)
    80003b06:	852e                	mv	a0,a1
    80003b08:	9702                	jalr	a4
    80003b0a:	4501                	li	a0,0
    80003b0c:	bf55                	j	80003ac0 <_raise_r+0x14>

0000000080003b0e <__sigtramp_r>:
    80003b0e:	47fd                	li	a5,31
    80003b10:	00b7f463          	bgeu	a5,a1,80003b18 <__sigtramp_r+0xa>
    80003b14:	557d                	li	a0,-1
    80003b16:	8082                	ret
    80003b18:	793c                	ld	a5,112(a0)
    80003b1a:	1101                	addi	sp,sp,-32
    80003b1c:	e822                	sd	s0,16(sp)
    80003b1e:	e426                	sd	s1,8(sp)
    80003b20:	ec06                	sd	ra,24(sp)
    80003b22:	84aa                	mv	s1,a0
    80003b24:	842e                	mv	s0,a1
    80003b26:	c795                	beqz	a5,80003b52 <__sigtramp_r+0x44>
    80003b28:	78b8                	ld	a4,112(s1)
    80003b2a:	00341793          	slli	a5,s0,0x3
    80003b2e:	4505                	li	a0,1
    80003b30:	973e                	add	a4,a4,a5
    80003b32:	631c                	ld	a5,0(a4)
    80003b34:	c39d                	beqz	a5,80003b5a <__sigtramp_r+0x4c>
    80003b36:	56fd                	li	a3,-1
    80003b38:	4509                	li	a0,2
    80003b3a:	02d78063          	beq	a5,a3,80003b5a <__sigtramp_r+0x4c>
    80003b3e:	4685                	li	a3,1
    80003b40:	450d                	li	a0,3
    80003b42:	00d78c63          	beq	a5,a3,80003b5a <__sigtramp_r+0x4c>
    80003b46:	8522                	mv	a0,s0
    80003b48:	00073023          	sd	zero,0(a4) # 2000 <__stack_align+0x1ff0>
    80003b4c:	9782                	jalr	a5
    80003b4e:	4501                	li	a0,0
    80003b50:	a029                	j	80003b5a <__sigtramp_r+0x4c>
    80003b52:	edfff0ef          	jal	80003a30 <_init_signal_r>
    80003b56:	d969                	beqz	a0,80003b28 <__sigtramp_r+0x1a>
    80003b58:	557d                	li	a0,-1
    80003b5a:	60e2                	ld	ra,24(sp)
    80003b5c:	6442                	ld	s0,16(sp)
    80003b5e:	64a2                	ld	s1,8(sp)
    80003b60:	6105                	addi	sp,sp,32
    80003b62:	8082                	ret

0000000080003b64 <raise>:
    80003b64:	85aa                	mv	a1,a0
    80003b66:	00001517          	auipc	a0,0x1
    80003b6a:	eba53503          	ld	a0,-326(a0) # 80004a20 <_impure_ptr>
    80003b6e:	bf3d                	j	80003aac <_raise_r>

0000000080003b70 <signal>:
    80003b70:	862e                	mv	a2,a1
    80003b72:	85aa                	mv	a1,a0
    80003b74:	00001517          	auipc	a0,0x1
    80003b78:	eac53503          	ld	a0,-340(a0) # 80004a20 <_impure_ptr>
    80003b7c:	b5fd                	j	80003a6a <_signal_r>

0000000080003b7e <_init_signal>:
    80003b7e:	00001517          	auipc	a0,0x1
    80003b82:	ea253503          	ld	a0,-350(a0) # 80004a20 <_impure_ptr>
    80003b86:	b56d                	j	80003a30 <_init_signal_r>

0000000080003b88 <__sigtramp>:
    80003b88:	85aa                	mv	a1,a0
    80003b8a:	00001517          	auipc	a0,0x1
    80003b8e:	e9653503          	ld	a0,-362(a0) # 80004a20 <_impure_ptr>
    80003b92:	bfb5                	j	80003b0e <__sigtramp_r>

0000000080003b94 <_kill_r>:
    80003b94:	1141                	addi	sp,sp,-16
    80003b96:	e022                	sd	s0,0(sp)
    80003b98:	842a                	mv	s0,a0
    80003b9a:	852e                	mv	a0,a1
    80003b9c:	85b2                	mv	a1,a2
    80003b9e:	8801ac23          	sw	zero,-1896(gp) # 80004ab8 <errno>
    80003ba2:	e406                	sd	ra,8(sp)
    80003ba4:	292000ef          	jal	80003e36 <_kill>
    80003ba8:	57fd                	li	a5,-1
    80003baa:	00f51663          	bne	a0,a5,80003bb6 <_kill_r+0x22>
    80003bae:	8981a783          	lw	a5,-1896(gp) # 80004ab8 <errno>
    80003bb2:	c391                	beqz	a5,80003bb6 <_kill_r+0x22>
    80003bb4:	c01c                	sw	a5,0(s0)
    80003bb6:	60a2                	ld	ra,8(sp)
    80003bb8:	6402                	ld	s0,0(sp)
    80003bba:	0141                	addi	sp,sp,16
    80003bbc:	8082                	ret

0000000080003bbe <_getpid_r>:
    80003bbe:	a4b5                	j	80003e2a <_getpid>

0000000080003bc0 <__trunctfdf2>:
    80003bc0:	00202673          	frrm	a2
    80003bc4:	6821                	lui	a6,0x8
    80003bc6:	0305d713          	srli	a4,a1,0x30
    80003bca:	187d                	addi	a6,a6,-1 # 7fff <__stack_size_min+0x1fff>
    80003bcc:	010778b3          	and	a7,a4,a6
    80003bd0:	03f5d693          	srli	a3,a1,0x3f
    80003bd4:	05c2                	slli	a1,a1,0x10
    80003bd6:	81b5                	srli	a1,a1,0xd
    80003bd8:	03d55713          	srli	a4,a0,0x3d
    80003bdc:	00188793          	addi	a5,a7,1
    80003be0:	8f4d                	or	a4,a4,a1
    80003be2:	03179593          	slli	a1,a5,0x31
    80003be6:	91c9                	srli	a1,a1,0x32
    80003be8:	2601                	sext.w	a2,a2
    80003bea:	00351313          	slli	t1,a0,0x3
    80003bee:	16058763          	beqz	a1,80003d5c <__trunctfdf2+0x19c>
    80003bf2:	77f1                	lui	a5,0xffffc
    80003bf4:	40078793          	addi	a5,a5,1024 # ffffffffffffc400 <__heap_end+0xffffffff7ffd7400>
    80003bf8:	98be                	add	a7,a7,a5
    80003bfa:	7fe00793          	li	a5,2046
    80003bfe:	0317d463          	bge	a5,a7,80003c26 <__trunctfdf2+0x66>
    80003c02:	ce11                	beqz	a2,80003c1e <__trunctfdf2+0x5e>
    80003c04:	478d                	li	a5,3
    80003c06:	00f61863          	bne	a2,a5,80003c16 <__trunctfdf2+0x56>
    80003c0a:	ca91                	beqz	a3,80003c1e <__trunctfdf2+0x5e>
    80003c0c:	57fd                	li	a5,-1
    80003c0e:	7fe00893          	li	a7,2046
    80003c12:	4595                	li	a1,5
    80003c14:	aabd                	j	80003d92 <__trunctfdf2+0x1d2>
    80003c16:	4789                	li	a5,2
    80003c18:	fef61ae3          	bne	a2,a5,80003c0c <__trunctfdf2+0x4c>
    80003c1c:	dae5                	beqz	a3,80003c0c <__trunctfdf2+0x4c>
    80003c1e:	4781                	li	a5,0
    80003c20:	7ff00893          	li	a7,2047
    80003c24:	b7fd                	j	80003c12 <__trunctfdf2+0x52>
    80003c26:	11104f63          	bgtz	a7,80003d44 <__trunctfdf2+0x184>
    80003c2a:	fcc00593          	li	a1,-52
    80003c2e:	4785                	li	a5,1
    80003c30:	02b8ce63          	blt	a7,a1,80003c6c <__trunctfdf2+0xac>
    80003c34:	17ce                	slli	a5,a5,0x33
    80003c36:	03d00813          	li	a6,61
    80003c3a:	8f5d                	or	a4,a4,a5
    80003c3c:	41180833          	sub	a6,a6,a7
    80003c40:	03f00793          	li	a5,63
    80003c44:	0008851b          	sext.w	a0,a7
    80003c48:	0d07cb63          	blt	a5,a6,80003d1e <__trunctfdf2+0x15e>
    80003c4c:	03d00793          	li	a5,61
    80003c50:	0035059b          	addiw	a1,a0,3
    80003c54:	9f89                	subw	a5,a5,a0
    80003c56:	00f357b3          	srl	a5,t1,a5
    80003c5a:	00b31333          	sll	t1,t1,a1
    80003c5e:	00603333          	snez	t1,t1
    80003c62:	0067e7b3          	or	a5,a5,t1
    80003c66:	00b71733          	sll	a4,a4,a1
    80003c6a:	8fd9                	or	a5,a5,a4
    80003c6c:	00179713          	slli	a4,a5,0x1
    80003c70:	00777513          	andi	a0,a4,7
    80003c74:	4581                	li	a1,0
    80003c76:	cd19                	beqz	a0,80003c94 <__trunctfdf2+0xd4>
    80003c78:	4589                	li	a1,2
    80003c7a:	12b60363          	beq	a2,a1,80003da0 <__trunctfdf2+0x1e0>
    80003c7e:	458d                	li	a1,3
    80003c80:	10b60b63          	beq	a2,a1,80003d96 <__trunctfdf2+0x1d6>
    80003c84:	4585                	li	a1,1
    80003c86:	e619                	bnez	a2,80003c94 <__trunctfdf2+0xd4>
    80003c88:	00f77513          	andi	a0,a4,15
    80003c8c:	4811                	li	a6,4
    80003c8e:	01050363          	beq	a0,a6,80003c94 <__trunctfdf2+0xd4>
    80003c92:	0711                	addi	a4,a4,4
    80003c94:	9361                	srli	a4,a4,0x38
    80003c96:	00174713          	xori	a4,a4,1
    80003c9a:	8b05                	andi	a4,a4,1
    80003c9c:	4881                	li	a7,0
    80003c9e:	0077f513          	andi	a0,a5,7
    80003ca2:	12050963          	beqz	a0,80003dd4 <__trunctfdf2+0x214>
    80003ca6:	4509                	li	a0,2
    80003ca8:	0015e593          	ori	a1,a1,1
    80003cac:	10a60163          	beq	a2,a0,80003dae <__trunctfdf2+0x1ee>
    80003cb0:	450d                	li	a0,3
    80003cb2:	0ea60b63          	beq	a2,a0,80003da8 <__trunctfdf2+0x1e8>
    80003cb6:	e619                	bnez	a2,80003cc4 <__trunctfdf2+0x104>
    80003cb8:	00f7f813          	andi	a6,a5,15
    80003cbc:	4511                	li	a0,4
    80003cbe:	10a80b63          	beq	a6,a0,80003dd4 <__trunctfdf2+0x214>
    80003cc2:	0791                	addi	a5,a5,4
    80003cc4:	c711                	beqz	a4,80003cd0 <__trunctfdf2+0x110>
    80003cc6:	0015f813          	andi	a6,a1,1
    80003cca:	0806                	slli	a6,a6,0x1
    80003ccc:	00b865b3          	or	a1,a6,a1
    80003cd0:	00879713          	slli	a4,a5,0x8
    80003cd4:	00075b63          	bgez	a4,80003cea <__trunctfdf2+0x12a>
    80003cd8:	0885                	addi	a7,a7,1
    80003cda:	7ff00713          	li	a4,2047
    80003cde:	0ce88a63          	beq	a7,a4,80003db2 <__trunctfdf2+0x1f2>
    80003ce2:	567d                	li	a2,-1
    80003ce4:	165e                	slli	a2,a2,0x37
    80003ce6:	167d                	addi	a2,a2,-1
    80003ce8:	8ff1                	and	a5,a5,a2
    80003cea:	7ff00713          	li	a4,2047
    80003cee:	838d                	srli	a5,a5,0x3
    80003cf0:	00e89663          	bne	a7,a4,80003cfc <__trunctfdf2+0x13c>
    80003cf4:	c781                	beqz	a5,80003cfc <__trunctfdf2+0x13c>
    80003cf6:	4785                	li	a5,1
    80003cf8:	17ce                	slli	a5,a5,0x33
    80003cfa:	4681                	li	a3,0
    80003cfc:	7ff00613          	li	a2,2047
    80003d00:	03489713          	slli	a4,a7,0x34
    80003d04:	1652                	slli	a2,a2,0x34
    80003d06:	07b2                	slli	a5,a5,0xc
    80003d08:	8f71                	and	a4,a4,a2
    80003d0a:	83b1                	srli	a5,a5,0xc
    80003d0c:	8fd9                	or	a5,a5,a4
    80003d0e:	16fe                	slli	a3,a3,0x3f
    80003d10:	8fd5                	or	a5,a5,a3
    80003d12:	c199                	beqz	a1,80003d18 <__trunctfdf2+0x158>
    80003d14:	0015a073          	csrs	fflags,a1
    80003d18:	f2078553          	fmv.d.x	fa0,a5
    80003d1c:	8082                	ret
    80003d1e:	57f5                	li	a5,-3
    80003d20:	9f89                	subw	a5,a5,a0
    80003d22:	04000893          	li	a7,64
    80003d26:	00f757b3          	srl	a5,a4,a5
    80003d2a:	4581                	li	a1,0
    80003d2c:	01180663          	beq	a6,a7,80003d38 <__trunctfdf2+0x178>
    80003d30:	0435051b          	addiw	a0,a0,67
    80003d34:	00a715b3          	sll	a1,a4,a0
    80003d38:	0065e5b3          	or	a1,a1,t1
    80003d3c:	00b035b3          	snez	a1,a1
    80003d40:	8fcd                	or	a5,a5,a1
    80003d42:	b72d                	j	80003c6c <__trunctfdf2+0xac>
    80003d44:	00751793          	slli	a5,a0,0x7
    80003d48:	00f037b3          	snez	a5,a5
    80003d4c:	03c35313          	srli	t1,t1,0x3c
    80003d50:	0067e7b3          	or	a5,a5,t1
    80003d54:	0712                	slli	a4,a4,0x4
    80003d56:	8fd9                	or	a5,a5,a4
    80003d58:	4581                	li	a1,0
    80003d5a:	a825                	j	80003d92 <__trunctfdf2+0x1d2>
    80003d5c:	006767b3          	or	a5,a4,t1
    80003d60:	00089663          	bnez	a7,80003d6c <__trunctfdf2+0x1ac>
    80003d64:	4581                	li	a1,0
    80003d66:	d3d1                	beqz	a5,80003cea <__trunctfdf2+0x12a>
    80003d68:	4785                	li	a5,1
    80003d6a:	b709                	j	80003c6c <__trunctfdf2+0xac>
    80003d6c:	c7bd                	beqz	a5,80003dda <__trunctfdf2+0x21a>
    80003d6e:	4581                	li	a1,0
    80003d70:	01089763          	bne	a7,a6,80003d7e <__trunctfdf2+0x1be>
    80003d74:	03275593          	srli	a1,a4,0x32
    80003d78:	0015c593          	xori	a1,a1,1
    80003d7c:	0592                	slli	a1,a1,0x4
    80003d7e:	03c35793          	srli	a5,t1,0x3c
    80003d82:	0712                	slli	a4,a4,0x4
    80003d84:	8f5d                	or	a4,a4,a5
    80003d86:	4785                	li	a5,1
    80003d88:	9b61                	andi	a4,a4,-8
    80003d8a:	17da                	slli	a5,a5,0x36
    80003d8c:	8fd9                	or	a5,a5,a4
    80003d8e:	7ff00893          	li	a7,2047
    80003d92:	4701                	li	a4,0
    80003d94:	b729                	j	80003c9e <__trunctfdf2+0xde>
    80003d96:	4585                	li	a1,1
    80003d98:	ee069ee3          	bnez	a3,80003c94 <__trunctfdf2+0xd4>
    80003d9c:	0721                	addi	a4,a4,8
    80003d9e:	bddd                	j	80003c94 <__trunctfdf2+0xd4>
    80003da0:	4585                	li	a1,1
    80003da2:	ee0689e3          	beqz	a3,80003c94 <__trunctfdf2+0xd4>
    80003da6:	bfdd                	j	80003d9c <__trunctfdf2+0x1dc>
    80003da8:	fe91                	bnez	a3,80003cc4 <__trunctfdf2+0x104>
    80003daa:	07a1                	addi	a5,a5,8
    80003dac:	bf21                	j	80003cc4 <__trunctfdf2+0x104>
    80003dae:	da99                	beqz	a3,80003cc4 <__trunctfdf2+0x104>
    80003db0:	bfed                	j	80003daa <__trunctfdf2+0x1ea>
    80003db2:	4781                	li	a5,0
    80003db4:	ce09                	beqz	a2,80003dce <__trunctfdf2+0x20e>
    80003db6:	470d                	li	a4,3
    80003db8:	00e61763          	bne	a2,a4,80003dc6 <__trunctfdf2+0x206>
    80003dbc:	ca89                	beqz	a3,80003dce <__trunctfdf2+0x20e>
    80003dbe:	57fd                	li	a5,-1
    80003dc0:	7fe00893          	li	a7,2046
    80003dc4:	a029                	j	80003dce <__trunctfdf2+0x20e>
    80003dc6:	4709                	li	a4,2
    80003dc8:	fee61be3          	bne	a2,a4,80003dbe <__trunctfdf2+0x1fe>
    80003dcc:	daed                	beqz	a3,80003dbe <__trunctfdf2+0x1fe>
    80003dce:	0055e593          	ori	a1,a1,5
    80003dd2:	bf21                	j	80003cea <__trunctfdf2+0x12a>
    80003dd4:	ee0719e3          	bnez	a4,80003cc6 <__trunctfdf2+0x106>
    80003dd8:	bf09                	j	80003cea <__trunctfdf2+0x12a>
    80003dda:	7ff00893          	li	a7,2047
    80003dde:	bfad                	j	80003d58 <__trunctfdf2+0x198>

0000000080003de0 <_close>:
    80003de0:	1141                	addi	sp,sp,-16
    80003de2:	e406                	sd	ra,8(sp)
    80003de4:	19a000ef          	jal	80003f7e <__errno>
    80003de8:	60a2                	ld	ra,8(sp)
    80003dea:	47a5                	li	a5,9
    80003dec:	c11c                	sw	a5,0(a0)
    80003dee:	557d                	li	a0,-1
    80003df0:	0141                	addi	sp,sp,16
    80003df2:	8082                	ret

0000000080003df4 <_exit>:
    80003df4:	0015179b          	slliw	a5,a0,0x1
    80003df8:	0017e793          	ori	a5,a5,1
    80003dfc:	2781                	sext.w	a5,a5
    80003dfe:	07c2                	slli	a5,a5,0x10
    80003e00:	83c1                	srli	a5,a5,0x10
    80003e02:	00001717          	auipc	a4,0x1
    80003e06:	9be70713          	addi	a4,a4,-1602 # 800047c0 <tohost>
    80003e0a:	00001697          	auipc	a3,0x1
    80003e0e:	9a06bf23          	sd	zero,-1602(a3) # 800047c8 <fromhost>
    80003e12:	e31c                	sd	a5,0(a4)
    80003e14:	bfdd                	j	80003e0a <_exit+0x16>

0000000080003e16 <_fstat>:
    80003e16:	1141                	addi	sp,sp,-16
    80003e18:	e406                	sd	ra,8(sp)
    80003e1a:	164000ef          	jal	80003f7e <__errno>
    80003e1e:	60a2                	ld	ra,8(sp)
    80003e20:	47a5                	li	a5,9
    80003e22:	c11c                	sw	a5,0(a0)
    80003e24:	557d                	li	a0,-1
    80003e26:	0141                	addi	sp,sp,16
    80003e28:	8082                	ret

0000000080003e2a <_getpid>:
    80003e2a:	4505                	li	a0,1
    80003e2c:	8082                	ret

0000000080003e2e <_isatty>:
    80003e2e:	357d                	addiw	a0,a0,-1
    80003e30:	00253513          	sltiu	a0,a0,2
    80003e34:	8082                	ret

0000000080003e36 <_kill>:
    80003e36:	1141                	addi	sp,sp,-16
    80003e38:	e406                	sd	ra,8(sp)
    80003e3a:	144000ef          	jal	80003f7e <__errno>
    80003e3e:	60a2                	ld	ra,8(sp)
    80003e40:	47d9                	li	a5,22
    80003e42:	c11c                	sw	a5,0(a0)
    80003e44:	557d                	li	a0,-1
    80003e46:	0141                	addi	sp,sp,16
    80003e48:	8082                	ret

0000000080003e4a <_lseek>:
    80003e4a:	1141                	addi	sp,sp,-16
    80003e4c:	e406                	sd	ra,8(sp)
    80003e4e:	130000ef          	jal	80003f7e <__errno>
    80003e52:	60a2                	ld	ra,8(sp)
    80003e54:	47a5                	li	a5,9
    80003e56:	c11c                	sw	a5,0(a0)
    80003e58:	557d                	li	a0,-1
    80003e5a:	0141                	addi	sp,sp,16
    80003e5c:	8082                	ret

0000000080003e5e <_read>:
    80003e5e:	1141                	addi	sp,sp,-16
    80003e60:	e406                	sd	ra,8(sp)
    80003e62:	11c000ef          	jal	80003f7e <__errno>
    80003e66:	60a2                	ld	ra,8(sp)
    80003e68:	05800793          	li	a5,88
    80003e6c:	c11c                	sw	a5,0(a0)
    80003e6e:	557d                	li	a0,-1
    80003e70:	0141                	addi	sp,sp,16
    80003e72:	8082                	ret

0000000080003e74 <_sbrk>:
    80003e74:	00001717          	auipc	a4,0x1
    80003e78:	bb470713          	addi	a4,a4,-1100 # 80004a28 <curbrk>
    80003e7c:	631c                	ld	a5,0(a4)
    80003e7e:	be818693          	addi	a3,gp,-1048 # 80004e08 <_end>
    80003e82:	953e                	add	a0,a0,a5
    80003e84:	00d56b63          	bltu	a0,a3,80003e9a <_sbrk+0x26>
    80003e88:	00021697          	auipc	a3,0x21
    80003e8c:	17868693          	addi	a3,a3,376 # 80025000 <__heap_end>
    80003e90:	00d57563          	bgeu	a0,a3,80003e9a <_sbrk+0x26>
    80003e94:	e308                	sd	a0,0(a4)
    80003e96:	853e                	mv	a0,a5
    80003e98:	8082                	ret
    80003e9a:	1141                	addi	sp,sp,-16
    80003e9c:	e406                	sd	ra,8(sp)
    80003e9e:	0e0000ef          	jal	80003f7e <__errno>
    80003ea2:	60a2                	ld	ra,8(sp)
    80003ea4:	47b1                	li	a5,12
    80003ea6:	c11c                	sw	a5,0(a0)
    80003ea8:	57fd                	li	a5,-1
    80003eaa:	853e                	mv	a0,a5
    80003eac:	0141                	addi	sp,sp,16
    80003eae:	8082                	ret

0000000080003eb0 <_write>:
    80003eb0:	04000693          	li	a3,64
    80003eb4:	a0b9                	j	80003f02 <htif_syscall>

0000000080003eb6 <handle_trap>:
    80003eb6:	1141                	addi	sp,sp,-16
    80003eb8:	02159513          	slli	a0,a1,0x21
    80003ebc:	e406                	sd	ra,8(sp)
    80003ebe:	9105                	srli	a0,a0,0x21
    80003ec0:	0005d463          	bgez	a1,80003ec8 <handle_trap+0x12>
    80003ec4:	40a0053b          	negw	a0,a0
    80003ec8:	f2dff0ef          	jal	80003df4 <_exit>

0000000080003ecc <__init_tls>:
    80003ecc:	1141                	addi	sp,sp,-16
    80003ece:	00000613          	li	a2,0
    80003ed2:	00000597          	auipc	a1,0x0
    80003ed6:	28858593          	addi	a1,a1,648 # 8000415a <__tbss_end>
    80003eda:	8512                	mv	a0,tp
    80003edc:	e022                	sd	s0,0(sp)
    80003ede:	e406                	sd	ra,8(sp)
    80003ee0:	8412                	mv	s0,tp
    80003ee2:	db0ff0ef          	jal	80003492 <memcpy>
    80003ee6:	00000513          	li	a0,0
    80003eea:	9522                	add	a0,a0,s0
    80003eec:	6402                	ld	s0,0(sp)
    80003eee:	60a2                	ld	ra,8(sp)
    80003ef0:	00000613          	li	a2,0
    80003ef4:	4581                	li	a1,0
    80003ef6:	0141                	addi	sp,sp,16
    80003ef8:	d8aff06f          	j	80003482 <memset>

0000000080003efc <__main>:
    80003efc:	10500073          	wfi
    80003f00:	bff5                	j	80003efc <__main>

0000000080003f02 <htif_syscall>:
    80003f02:	7139                	addi	sp,sp,-64
    80003f04:	e036                	sd	a3,0(sp)
    80003f06:	e42a                	sd	a0,8(sp)
    80003f08:	fff007b7          	lui	a5,0xfff00
    80003f0c:	e82e                	sd	a1,16(sp)
    80003f0e:	83c1                	srli	a5,a5,0x10
    80003f10:	ec32                	sd	a2,24(sp)
    80003f12:	860a                	mv	a2,sp
    80003f14:	8e7d                	and	a2,a2,a5
    80003f16:	8a018713          	addi	a4,gp,-1888 # 80004ac0 <htif_lock>
    80003f1a:	56fd                	li	a3,-1
    80003f1c:	431c                	lw	a5,0(a4)
    80003f1e:	fffd                	bnez	a5,80003f1c <htif_syscall+0x1a>
    80003f20:	0cd727af          	amoswap.w.aq	a5,a3,(a4)
    80003f24:	ffe5                	bnez	a5,80003f1c <htif_syscall+0x1a>
    80003f26:	0110000f          	fence	w,w
    80003f2a:	00001697          	auipc	a3,0x1
    80003f2e:	89668693          	addi	a3,a3,-1898 # 800047c0 <tohost>
    80003f32:	e290                	sd	a2,0(a3)
    80003f34:	669c                	ld	a5,8(a3)
    80003f36:	dffd                	beqz	a5,80003f34 <htif_syscall+0x32>
    80003f38:	00001797          	auipc	a5,0x1
    80003f3c:	8807b823          	sd	zero,-1904(a5) # 800047c8 <fromhost>
    80003f40:	0a07202f          	amoswap.w.rl	zero,zero,(a4)
    80003f44:	0220000f          	fence	r,r
    80003f48:	6502                	ld	a0,0(sp)
    80003f4a:	6121                	addi	sp,sp,64
    80003f4c:	8082                	ret

0000000080003f4e <atexit>:
    80003f4e:	85aa                	mv	a1,a0
    80003f50:	4681                	li	a3,0
    80003f52:	4601                	li	a2,0
    80003f54:	4501                	li	a0,0
    80003f56:	a0d9                	j	8000401c <__register_exitproc>

0000000080003f58 <exit>:
    80003f58:	1141                	addi	sp,sp,-16
    80003f5a:	e022                	sd	s0,0(sp)
    80003f5c:	e406                	sd	ra,8(sp)
    80003f5e:	00000797          	auipc	a5,0x0
    80003f62:	13478793          	addi	a5,a5,308 # 80004092 <__call_exitprocs>
    80003f66:	842a                	mv	s0,a0
    80003f68:	c781                	beqz	a5,80003f70 <exit+0x18>
    80003f6a:	4581                	li	a1,0
    80003f6c:	126000ef          	jal	80004092 <__call_exitprocs>
    80003f70:	8881b783          	ld	a5,-1912(gp) # 80004aa8 <__stdio_exit_handler>
    80003f74:	c391                	beqz	a5,80003f78 <exit+0x20>
    80003f76:	9782                	jalr	a5
    80003f78:	8522                	mv	a0,s0
    80003f7a:	e7bff0ef          	jal	80003df4 <_exit>

0000000080003f7e <__errno>:
    80003f7e:	00001517          	auipc	a0,0x1
    80003f82:	aa253503          	ld	a0,-1374(a0) # 80004a20 <_impure_ptr>
    80003f86:	8082                	ret

0000000080003f88 <__libc_init_array>:
    80003f88:	1101                	addi	sp,sp,-32
    80003f8a:	e822                	sd	s0,16(sp)
    80003f8c:	e426                	sd	s1,8(sp)
    80003f8e:	00000417          	auipc	s0,0x0
    80003f92:	7fa40413          	addi	s0,s0,2042 # 80004788 <__fini_array_end>
    80003f96:	00000497          	auipc	s1,0x0
    80003f9a:	7f248493          	addi	s1,s1,2034 # 80004788 <__fini_array_end>
    80003f9e:	8c81                	sub	s1,s1,s0
    80003fa0:	e04a                	sd	s2,0(sp)
    80003fa2:	ec06                	sd	ra,24(sp)
    80003fa4:	848d                	srai	s1,s1,0x3
    80003fa6:	4901                	li	s2,0
    80003fa8:	02991563          	bne	s2,s1,80003fd2 <__libc_init_array+0x4a>
    80003fac:	00000417          	auipc	s0,0x0
    80003fb0:	7dc40413          	addi	s0,s0,2012 # 80004788 <__fini_array_end>
    80003fb4:	00000497          	auipc	s1,0x0
    80003fb8:	7d448493          	addi	s1,s1,2004 # 80004788 <__fini_array_end>
    80003fbc:	8c81                	sub	s1,s1,s0
    80003fbe:	848d                	srai	s1,s1,0x3
    80003fc0:	4901                	li	s2,0
    80003fc2:	00991d63          	bne	s2,s1,80003fdc <__libc_init_array+0x54>
    80003fc6:	60e2                	ld	ra,24(sp)
    80003fc8:	6442                	ld	s0,16(sp)
    80003fca:	64a2                	ld	s1,8(sp)
    80003fcc:	6902                	ld	s2,0(sp)
    80003fce:	6105                	addi	sp,sp,32
    80003fd0:	8082                	ret
    80003fd2:	601c                	ld	a5,0(s0)
    80003fd4:	0905                	addi	s2,s2,1
    80003fd6:	0421                	addi	s0,s0,8
    80003fd8:	9782                	jalr	a5
    80003fda:	b7f9                	j	80003fa8 <__libc_init_array+0x20>
    80003fdc:	601c                	ld	a5,0(s0)
    80003fde:	0905                	addi	s2,s2,1
    80003fe0:	0421                	addi	s0,s0,8
    80003fe2:	9782                	jalr	a5
    80003fe4:	bff9                	j	80003fc2 <__libc_init_array+0x3a>

0000000080003fe6 <__libc_fini_array>:
    80003fe6:	1101                	addi	sp,sp,-32
    80003fe8:	e822                	sd	s0,16(sp)
    80003fea:	e426                	sd	s1,8(sp)
    80003fec:	00000417          	auipc	s0,0x0
    80003ff0:	79c40413          	addi	s0,s0,1948 # 80004788 <__fini_array_end>
    80003ff4:	00000497          	auipc	s1,0x0
    80003ff8:	79448493          	addi	s1,s1,1940 # 80004788 <__fini_array_end>
    80003ffc:	8c05                	sub	s0,s0,s1
    80003ffe:	ec06                	sd	ra,24(sp)
    80004000:	840d                	srai	s0,s0,0x3
    80004002:	e411                	bnez	s0,8000400e <__libc_fini_array+0x28>
    80004004:	60e2                	ld	ra,24(sp)
    80004006:	6442                	ld	s0,16(sp)
    80004008:	64a2                	ld	s1,8(sp)
    8000400a:	6105                	addi	sp,sp,32
    8000400c:	8082                	ret
    8000400e:	147d                	addi	s0,s0,-1
    80004010:	00341793          	slli	a5,s0,0x3
    80004014:	97a6                	add	a5,a5,s1
    80004016:	639c                	ld	a5,0(a5)
    80004018:	9782                	jalr	a5
    8000401a:	b7e5                	j	80004002 <__libc_fini_array+0x1c>

000000008000401c <__register_exitproc>:
    8000401c:	88aa                	mv	a7,a0
    8000401e:	8b018513          	addi	a0,gp,-1872 # 80004ad0 <__atexit>
    80004022:	6118                	ld	a4,0(a0)
    80004024:	ef01                	bnez	a4,8000403c <__register_exitproc+0x20>
    80004026:	ad018793          	addi	a5,gp,-1328 # 80004cf0 <__atexit0>
    8000402a:	e11c                	sd	a5,0(a0)
    8000402c:	00000713          	li	a4,0
    80004030:	c701                	beqz	a4,80004038 <__register_exitproc+0x1c>
    80004032:	6318                	ld	a4,0(a4)
    80004034:	10e7b823          	sd	a4,272(a5)
    80004038:	ad018713          	addi	a4,gp,-1328 # 80004cf0 <__atexit0>
    8000403c:	471c                	lw	a5,8(a4)
    8000403e:	487d                	li	a6,31
    80004040:	557d                	li	a0,-1
    80004042:	04f84763          	blt	a6,a5,80004090 <__register_exitproc+0x74>
    80004046:	02088d63          	beqz	a7,80004080 <__register_exitproc+0x64>
    8000404a:	11073803          	ld	a6,272(a4)
    8000404e:	04080163          	beqz	a6,80004090 <__register_exitproc+0x74>
    80004052:	00379513          	slli	a0,a5,0x3
    80004056:	9542                	add	a0,a0,a6
    80004058:	e110                	sd	a2,0(a0)
    8000405a:	20082303          	lw	t1,512(a6)
    8000405e:	4605                	li	a2,1
    80004060:	00f6163b          	sllw	a2,a2,a5
    80004064:	00c36333          	or	t1,t1,a2
    80004068:	20682023          	sw	t1,512(a6)
    8000406c:	10d53023          	sd	a3,256(a0)
    80004070:	4689                	li	a3,2
    80004072:	00d89763          	bne	a7,a3,80004080 <__register_exitproc+0x64>
    80004076:	20482683          	lw	a3,516(a6)
    8000407a:	8ed1                	or	a3,a3,a2
    8000407c:	20d82223          	sw	a3,516(a6)
    80004080:	0017869b          	addiw	a3,a5,1
    80004084:	0789                	addi	a5,a5,2
    80004086:	078e                	slli	a5,a5,0x3
    80004088:	c714                	sw	a3,8(a4)
    8000408a:	973e                	add	a4,a4,a5
    8000408c:	e30c                	sd	a1,0(a4)
    8000408e:	4501                	li	a0,0
    80004090:	8082                	ret

0000000080004092 <__call_exitprocs>:
    80004092:	711d                	addi	sp,sp,-96
    80004094:	f852                	sd	s4,48(sp)
    80004096:	f456                	sd	s5,40(sp)
    80004098:	f05a                	sd	s6,32(sp)
    8000409a:	ec5e                	sd	s7,24(sp)
    8000409c:	ec86                	sd	ra,88(sp)
    8000409e:	e8a2                	sd	s0,80(sp)
    800040a0:	e4a6                	sd	s1,72(sp)
    800040a2:	e0ca                	sd	s2,64(sp)
    800040a4:	fc4e                	sd	s3,56(sp)
    800040a6:	e862                	sd	s8,16(sp)
    800040a8:	e466                	sd	s9,8(sp)
    800040aa:	8aaa                	mv	s5,a0
    800040ac:	8a2e                	mv	s4,a1
    800040ae:	8b018b13          	addi	s6,gp,-1872 # 80004ad0 <__atexit>
    800040b2:	4b85                	li	s7,1
    800040b4:	000b3483          	ld	s1,0(s6)
    800040b8:	cc81                	beqz	s1,800040d0 <__call_exitprocs+0x3e>
    800040ba:	4480                	lw	s0,8(s1)
    800040bc:	1104b983          	ld	s3,272(s1)
    800040c0:	fff4091b          	addiw	s2,s0,-1
    800040c4:	040e                	slli	s0,s0,0x3
    800040c6:	00898cb3          	add	s9,s3,s0
    800040ca:	9426                	add	s0,s0,s1
    800040cc:	00095f63          	bgez	s2,800040ea <__call_exitprocs+0x58>
    800040d0:	60e6                	ld	ra,88(sp)
    800040d2:	6446                	ld	s0,80(sp)
    800040d4:	64a6                	ld	s1,72(sp)
    800040d6:	6906                	ld	s2,64(sp)
    800040d8:	79e2                	ld	s3,56(sp)
    800040da:	7a42                	ld	s4,48(sp)
    800040dc:	7aa2                	ld	s5,40(sp)
    800040de:	7b02                	ld	s6,32(sp)
    800040e0:	6be2                	ld	s7,24(sp)
    800040e2:	6c42                	ld	s8,16(sp)
    800040e4:	6ca2                	ld	s9,8(sp)
    800040e6:	6125                	addi	sp,sp,96
    800040e8:	8082                	ret
    800040ea:	000a0c63          	beqz	s4,80004102 <__call_exitprocs+0x70>
    800040ee:	00099663          	bnez	s3,800040fa <__call_exitprocs+0x68>
    800040f2:	397d                	addiw	s2,s2,-1
    800040f4:	1ce1                	addi	s9,s9,-8
    800040f6:	1461                	addi	s0,s0,-8
    800040f8:	bfd1                	j	800040cc <__call_exitprocs+0x3a>
    800040fa:	0f8cb783          	ld	a5,248(s9)
    800040fe:	ff479ae3          	bne	a5,s4,800040f2 <__call_exitprocs+0x60>
    80004102:	449c                	lw	a5,8(s1)
    80004104:	6418                	ld	a4,8(s0)
    80004106:	37fd                	addiw	a5,a5,-1
    80004108:	03279963          	bne	a5,s2,8000413a <__call_exitprocs+0xa8>
    8000410c:	0124a423          	sw	s2,8(s1)
    80004110:	d36d                	beqz	a4,800040f2 <__call_exitprocs+0x60>
    80004112:	0084ac03          	lw	s8,8(s1)
    80004116:	00098963          	beqz	s3,80004128 <__call_exitprocs+0x96>
    8000411a:	2009a783          	lw	a5,512(s3)
    8000411e:	012b96bb          	sllw	a3,s7,s2
    80004122:	8ff5                	and	a5,a5,a3
    80004124:	2781                	sext.w	a5,a5
    80004126:	ef89                	bnez	a5,80004140 <__call_exitprocs+0xae>
    80004128:	9702                	jalr	a4
    8000412a:	4498                	lw	a4,8(s1)
    8000412c:	000b3783          	ld	a5,0(s6)
    80004130:	f98712e3          	bne	a4,s8,800040b4 <__call_exitprocs+0x22>
    80004134:	faf48fe3          	beq	s1,a5,800040f2 <__call_exitprocs+0x60>
    80004138:	bfb5                	j	800040b4 <__call_exitprocs+0x22>
    8000413a:	00043423          	sd	zero,8(s0)
    8000413e:	bfc9                	j	80004110 <__call_exitprocs+0x7e>
    80004140:	2049a783          	lw	a5,516(s3)
    80004144:	ff8cb583          	ld	a1,-8(s9)
    80004148:	8ff5                	and	a5,a5,a3
    8000414a:	2781                	sext.w	a5,a5
    8000414c:	e781                	bnez	a5,80004154 <__call_exitprocs+0xc2>
    8000414e:	8556                	mv	a0,s5
    80004150:	9702                	jalr	a4
    80004152:	bfe1                	j	8000412a <__call_exitprocs+0x98>
    80004154:	852e                	mv	a0,a1
    80004156:	9702                	jalr	a4
    80004158:	bfc9                	j	8000412a <__call_exitprocs+0x98>

Disassembly of section .rodata:

0000000080004160 <__tbss_end+0x6>:
    80004160:	6676                	ld	a2,344(sp)
    80004162:	6970                	ld	a2,208(a0)
    80004164:	5f64                	lw	s1,124(a4)
    80004166:	6434                	ld	a3,72(s0)
    80004168:	6320                	ld	s0,64(a4)
    8000416a:	6379                	lui	t1,0x1e
    8000416c:	656c                	ld	a1,200(a0)
    8000416e:	25203a73          	csrrc	s4,0x252,zero
    80004172:	0a64                	addi	s1,sp,284
    80004174:	0000                	unimp
    80004176:	0000                	unimp
    80004178:	2576                	fld	fa0,344(sp)
    8000417a:	3a64                	fld	fs1,240(a2)
    8000417c:	0000                	unimp
    8000417e:	0000                	unimp
    80004180:	2520                	fld	fs0,72(a0)
    80004182:	0066                	c.slli	zero,0x19
    80004184:	0000                	unimp
    80004186:	0000                	unimp
    80004188:	000a                	c.slli	zero,0x2
    8000418a:	0000                	unimp
    8000418c:	0000                	unimp
    8000418e:	0000                	unimp
    80004190:	4e49                	li	t3,18
    80004192:	0046                	c.slli	zero,0x11
    80004194:	0000                	unimp
    80004196:	0000                	unimp
    80004198:	6e69                	lui	t3,0x1a
    8000419a:	0066                	c.slli	zero,0x19
    8000419c:	0000                	unimp
    8000419e:	0000                	unimp
    800041a0:	414e                	lw	sp,208(sp)
    800041a2:	004e                	c.slli	zero,0x13
    800041a4:	0000                	unimp
    800041a6:	0000                	unimp
    800041a8:	616e                	ld	sp,216(sp)
    800041aa:	006e                	c.slli	zero,0x1b
    800041ac:	0000                	unimp
    800041ae:	0000                	unimp
    800041b0:	0030                	addi	a2,sp,8
    800041b2:	0000                	unimp
    800041b4:	0000                	unimp
    800041b6:	0000                	unimp
    800041b8:	3130                	fld	fa2,96(a0)
    800041ba:	3332                	fld	ft6,296(sp)
    800041bc:	3534                	fld	fa3,104(a0)
    800041be:	3736                	fld	fa4,360(sp)
    800041c0:	3938                	fld	fa4,112(a0)
    800041c2:	4241                	li	tp,16
    800041c4:	46454443          	.insn	4, 0x46454443
	...
    800041d0:	3130                	fld	fa2,96(a0)
    800041d2:	3332                	fld	ft6,296(sp)
    800041d4:	3534                	fld	fa3,104(a0)
    800041d6:	3736                	fld	fa4,360(sp)
    800041d8:	3938                	fld	fa4,112(a0)
    800041da:	6261                	lui	tp,0x18
    800041dc:	66656463          	bltu	a0,t1,80004844 <_impure_data+0x74>
	...
    800041e8:	6e49                	lui	t3,0x12
    800041ea:	6966                	ld	s2,88(sp)
    800041ec:	696e                	ld	s2,216(sp)
    800041ee:	7974                	ld	a3,240(a0)
	...
    800041f8:	614e                	ld	sp,208(sp)
    800041fa:	004e                	c.slli	zero,0x13
    800041fc:	0000                	unimp
    800041fe:	0000                	unimp
    80004200:	4552                	lw	a0,20(sp)
    80004202:	4e45                	li	t3,17
    80004204:	2054                	fld	fa3,128(s0)
    80004206:	616d                	addi	sp,sp,240
    80004208:	6c6c                	ld	a1,216(s0)
    8000420a:	7320636f          	jal	t1,8000a93c <__global_pointer$+0x571c>
    8000420e:	6375                	lui	t1,0x1d
    80004210:	64656563          	bltu	a0,t1,8000485a <_impure_data+0x8a>
    80004214:	6465                	lui	s0,0x19
    80004216:	0000                	unimp
    80004218:	6d6f682f          	.insn	4, 0x6d6f682f
    8000421c:	2f65                	addiw	t5,t5,25
    8000421e:	646e6f63          	bltu	t3,t1,8000487c <__global_locale+0x4>
    80004222:	2f61                	addiw	t5,t5,24
    80004224:	6566                	ld	a0,88(sp)
    80004226:	6465                	lui	s0,0x19
    80004228:	636f7473          	csrrci	s0,0x636,30
    8000422c:	6f725f6b          	.insn	4, 0x6f725f6b
    80004230:	622f746f          	jal	s0,800fb852 <__heap_end+0xd6852>
    80004234:	6975                	lui	s2,0x1d
    80004236:	646c                	ld	a1,200(s0)
    80004238:	615f 7472 6669      	.insn	6, 0x66697472615f
    8000423e:	6361                	lui	t1,0x18
    80004240:	7374                	ld	a3,224(a4)
    80004242:	7369722f          	.insn	4, 0x7369722f
    80004246:	742d7663          	bgeu	s10,sp,80004992 <__global_locale+0x11a>
    8000424a:	736c6f6f          	jal	t5,800ca980 <__heap_end+0xa5980>
    8000424e:	315f 3137 3130      	.insn	6, 0x31303137315f
    80004254:	3439                	addiw	s0,s0,-18 # 18fee <__stack_size+0x10fee>
    80004256:	3236                	fld	ft4,360(sp)
    80004258:	3738                	fld	fa4,104(a4)
    8000425a:	3636                	fld	fa2,360(sp)
    8000425c:	726f772f          	.insn	4, 0x726f772f
    80004260:	69722f6b          	.insn	4, 0x69722f6b
    80004264:	2d766373          	csrrsi	t1,0x2d7,12
    80004268:	2d756e67          	.insn	4, 0x2d756e67
    8000426c:	6f74                	ld	a3,216(a4)
    8000426e:	68636c6f          	jal	s8,8003a8f4 <__heap_end+0x158f4>
    80004272:	6961                	lui	s2,0x18
    80004274:	2f6e                	fld	ft10,216(sp)
    80004276:	7562                	ld	a0,56(sp)
    80004278:	6c69                	lui	s8,0x1a
    8000427a:	2f64                	fld	fs1,216(a4)
    8000427c:	2e2e                	fld	ft8,200(sp)
    8000427e:	77656e2f          	.insn	4, 0x77656e2f
    80004282:	696c                	ld	a1,208(a0)
    80004284:	2f62                	fld	ft10,24(sp)
    80004286:	656e                	ld	a0,216(sp)
    80004288:	62696c77          	.insn	4, 0x62696c77
    8000428c:	62696c2f          	.insn	4, 0x62696c2f
    80004290:	74732f63          	.insn	4, 0x74732f63
    80004294:	6c64                	ld	s1,216(s0)
    80004296:	6269                	lui	tp,0x1a
    80004298:	6f74642f          	.insn	4, 0x6f74642f
    8000429c:	2e61                	addiw	t3,t3,24 # 12018 <__stack_size+0xa018>
    8000429e:	61420063          	beq	tp,s4,8000489e <__global_locale+0x26>
    800042a2:	6c6c                	ld	a1,216(s0)
    800042a4:	7320636f          	jal	t1,8000a9d6 <__global_pointer$+0x57b6>
    800042a8:	6375                	lui	t1,0x1d
    800042aa:	64656563          	bltu	a0,t1,800048f4 <__global_locale+0x7c>
    800042ae:	6465                	lui	s0,0x19
	...
    800042b8:	6d6f682f          	.insn	4, 0x6d6f682f
    800042bc:	2f65                	addiw	t5,t5,25
    800042be:	646e6f63          	bltu	t3,t1,8000491c <__global_locale+0xa4>
    800042c2:	2f61                	addiw	t5,t5,24
    800042c4:	6566                	ld	a0,88(sp)
    800042c6:	6465                	lui	s0,0x19
    800042c8:	636f7473          	csrrci	s0,0x636,30
    800042cc:	6f725f6b          	.insn	4, 0x6f725f6b
    800042d0:	622f746f          	jal	s0,800fb8f2 <__heap_end+0xd68f2>
    800042d4:	6975                	lui	s2,0x1d
    800042d6:	646c                	ld	a1,200(s0)
    800042d8:	615f 7472 6669      	.insn	6, 0x66697472615f
    800042de:	6361                	lui	t1,0x18
    800042e0:	7374                	ld	a3,224(a4)
    800042e2:	7369722f          	.insn	4, 0x7369722f
    800042e6:	742d7663          	bgeu	s10,sp,80004a32 <environ+0x2>
    800042ea:	736c6f6f          	jal	t5,800caa20 <__heap_end+0xa5a20>
    800042ee:	315f 3137 3130      	.insn	6, 0x31303137315f
    800042f4:	3439                	addiw	s0,s0,-18 # 18fee <__stack_size+0x10fee>
    800042f6:	3236                	fld	ft4,360(sp)
    800042f8:	3738                	fld	fa4,104(a4)
    800042fa:	3636                	fld	fa2,360(sp)
    800042fc:	726f772f          	.insn	4, 0x726f772f
    80004300:	69722f6b          	.insn	4, 0x69722f6b
    80004304:	2d766373          	csrrsi	t1,0x2d7,12
    80004308:	2d756e67          	.insn	4, 0x2d756e67
    8000430c:	6f74                	ld	a3,216(a4)
    8000430e:	68636c6f          	jal	s8,8003a994 <__heap_end+0x15994>
    80004312:	6961                	lui	s2,0x18
    80004314:	2f6e                	fld	ft10,216(sp)
    80004316:	7562                	ld	a0,56(sp)
    80004318:	6c69                	lui	s8,0x1a
    8000431a:	2f64                	fld	fs1,216(a4)
    8000431c:	2e2e                	fld	ft8,200(sp)
    8000431e:	77656e2f          	.insn	4, 0x77656e2f
    80004322:	696c                	ld	a1,208(a0)
    80004324:	2f62                	fld	ft10,24(sp)
    80004326:	656e                	ld	a0,216(sp)
    80004328:	62696c77          	.insn	4, 0x62696c77
    8000432c:	62696c2f          	.insn	4, 0x62696c2f
    80004330:	74732f63          	.insn	4, 0x74732f63
    80004334:	6c64                	ld	s1,216(s0)
    80004336:	6269                	lui	tp,0x1a
    80004338:	72706d2f          	.insn	4, 0x72706d2f
    8000433c:	6365                	lui	t1,0x19
    8000433e:	632e                	ld	t1,200(sp)
	...
    80004348:	2b302d23          	sw	s3,698(zero) # 2ba <__stack_align+0x2aa>
    8000434c:	0020                	addi	s0,sp,8
    8000434e:	0000                	unimp
    80004350:	6c68                	ld	a0,216(s0)
    80004352:	004c                	addi	a1,sp,4
    80004354:	0000                	unimp
    80004356:	0000                	unimp
    80004358:	6665                	lui	a2,0x19
    8000435a:	47464567          	.insn	4, 0x47464567
    8000435e:	0000                	unimp
    80004360:	00000043          	fmadd.s	ft0,ft0,ft0,ft0,rne
    80004364:	0000                	unimp
    80004366:	0000                	unimp
    80004368:	4f50                	lw	a2,28(a4)
    8000436a:	00584953          	fadd.s	fs2,fa6,ft5,rmm
    8000436e:	0000                	unimp
    80004370:	002e                	c.slli	zero,0xb
    80004372:	0000                	unimp
    80004374:	0000                	unimp
    80004376:	0000                	unimp
    80004378:	202c                	fld	fa1,64(s0)
    8000437a:	7566                	ld	a0,120(sp)
    8000437c:	636e                	ld	t1,216(sp)
    8000437e:	6974                	ld	a3,208(a0)
    80004380:	203a6e6f          	jal	t3,800aad82 <__heap_end+0x85d82>
    80004384:	0000                	unimp
    80004386:	0000                	unimp
    80004388:	7361                	lui	t1,0xffff8
    8000438a:	74726573          	csrrsi	a0,0x747,4
    8000438e:	6f69                	lui	t5,0x1a
    80004390:	206e                	fld	ft0,216(sp)
    80004392:	2522                	fld	fa0,8(sp)
    80004394:	66202273          	csrr	tp,0x662
    80004398:	6961                	lui	s2,0x18
    8000439a:	656c                	ld	a1,200(a0)
    8000439c:	3a64                	fld	fs1,240(a2)
    8000439e:	6620                	ld	s0,72(a2)
    800043a0:	6c69                	lui	s8,0x1a
    800043a2:	2065                	.insn	2, 0x2065
    800043a4:	2522                	fld	fa0,8(sp)
    800043a6:	202c2273          	csrrs	tp,0x202,s8
    800043aa:	696c                	ld	a1,208(a0)
    800043ac:	656e                	ld	a0,216(sp)
    800043ae:	2520                	fld	fs0,72(a0)
    800043b0:	2564                	fld	fs1,200(a0)
    800043b2:	0a732573          	csrrs	a0,0xa7,t1
	...
    800043be:	3ff0                	fld	fa2,248(a5)
    800043c0:	0000                	unimp
    800043c2:	0000                	unimp
    800043c4:	0000                	unimp
    800043c6:	4000                	lw	s0,0(s0)
    800043c8:	0000                	unimp
    800043ca:	0000                	unimp
    800043cc:	0000                	unimp
    800043ce:	4008                	lw	a0,0(s0)
    800043d0:	0000                	unimp
    800043d2:	0000                	unimp
    800043d4:	0000                	unimp
    800043d6:	4010                	lw	a2,0(s0)
    800043d8:	0000                	unimp
    800043da:	0000                	unimp
    800043dc:	0000                	unimp
    800043de:	4014                	lw	a3,0(s0)
    800043e0:	0000                	unimp
    800043e2:	0000                	unimp
    800043e4:	0000                	unimp
    800043e6:	4018                	lw	a4,0(s0)
    800043e8:	0000                	unimp
    800043ea:	0000                	unimp
    800043ec:	0000                	unimp
    800043ee:	401c                	lw	a5,0(s0)
    800043f0:	0000                	unimp
    800043f2:	0000                	unimp
    800043f4:	0000                	unimp
    800043f6:	4020                	lw	s0,64(s0)
    800043f8:	0000                	unimp
    800043fa:	0000                	unimp
    800043fc:	0000                	unimp
    800043fe:	4026                	.insn	2, 0x4026
    80004400:	0000                	unimp
    80004402:	0000                	unimp
    80004404:	0000                	unimp
    80004406:	4028                	lw	a0,64(s0)
    80004408:	0000                	unimp
    8000440a:	0000                	unimp
    8000440c:	0000                	unimp
    8000440e:	402a                	.insn	2, 0x402a
    80004410:	0000                	unimp
    80004412:	0000                	unimp
    80004414:	0000                	unimp
    80004416:	402c                	lw	a1,64(s0)
    80004418:	0000                	unimp
    8000441a:	0000                	unimp
    8000441c:	0000                	unimp
    8000441e:	402e                	.insn	2, 0x402e
    80004420:	0000                	unimp
    80004422:	0000                	unimp
    80004424:	0000                	unimp
    80004426:	4030                	lw	a2,64(s0)
    80004428:	0000                	unimp
    8000442a:	0000                	unimp
    8000442c:	0000                	unimp
    8000442e:	4031                	c.li	zero,12
    80004430:	0000                	unimp
    80004432:	0000                	unimp
    80004434:	0000                	unimp
    80004436:	4032                	.insn	2, 0x4032
    80004438:	0000                	unimp
    8000443a:	0000                	unimp
    8000443c:	0000                	unimp
    8000443e:	4035                	c.li	zero,13
    80004440:	0000                	unimp
    80004442:	0000                	unimp
    80004444:	0000                	unimp
    80004446:	4036                	.insn	2, 0x4036
    80004448:	0000                	unimp
    8000444a:	0000                	unimp
    8000444c:	0000                	unimp
    8000444e:	00004037          	lui	zero,0x4
    80004452:	0000                	unimp
    80004454:	0000                	unimp
    80004456:	4038                	lw	a4,64(s0)
    80004458:	0000                	unimp
    8000445a:	0000                	unimp
    8000445c:	0000                	unimp
    8000445e:	4039                	c.li	zero,14
    80004460:	0000                	unimp
    80004462:	0000                	unimp
    80004464:	0000                	unimp
    80004466:	403a                	.insn	2, 0x403a
    80004468:	0000                	unimp
    8000446a:	0000                	unimp
    8000446c:	0000                	unimp
    8000446e:	0000403b          	.insn	4, 0x403b
    80004472:	0000                	unimp
    80004474:	0000                	unimp
    80004476:	403c                	lw	a5,64(s0)
    80004478:	0000                	unimp
    8000447a:	0000                	unimp
    8000447c:	0000                	unimp
    8000447e:	0000403f 00000000 	.insn	8, 0x403f
    80004486:	4040                	lw	s0,4(s0)
    80004488:	0000                	unimp
    8000448a:	0000                	unimp
    8000448c:	8000                	.insn	2, 0x8000
    8000448e:	4040                	lw	s0,4(s0)
    80004490:	0000                	unimp
    80004492:	0000                	unimp
    80004494:	0000                	unimp
    80004496:	4041                	c.li	zero,16
    80004498:	0000                	unimp
    8000449a:	0000                	unimp
    8000449c:	8000                	.insn	2, 0x8000
    8000449e:	4041                	c.li	zero,16
    800044a0:	0000                	unimp
    800044a2:	0000                	unimp
    800044a4:	0000                	unimp
    800044a6:	4042                	.insn	2, 0x4042
    800044a8:	0000                	unimp
    800044aa:	0000                	unimp
    800044ac:	8000                	.insn	2, 0x8000
    800044ae:	4042                	.insn	2, 0x4042
    800044b0:	0000                	unimp
    800044b2:	0000                	unimp
    800044b4:	0000                	unimp
    800044b6:	c66a4043          	.insn	4, 0xc66a4043
    800044ba:	ffff                	.insn	2, 0xffff
    800044bc:	c680                	sw	s0,8(a3)
    800044be:	ffff                	.insn	2, 0xffff
    800044c0:	c640                	sw	s0,12(a2)
    800044c2:	ffff                	.insn	2, 0xffff
    800044c4:	c640                	sw	s0,12(a2)
    800044c6:	ffff                	.insn	2, 0xffff
    800044c8:	c640                	sw	s0,12(a2)
    800044ca:	ffff                	.insn	2, 0xffff
    800044cc:	c640                	sw	s0,12(a2)
    800044ce:	ffff                	.insn	2, 0xffff
    800044d0:	c680                	sw	s0,8(a3)
    800044d2:	ffff                	.insn	2, 0xffff
    800044d4:	c640                	sw	s0,12(a2)
    800044d6:	ffff                	.insn	2, 0xffff
    800044d8:	c640                	sw	s0,12(a2)
    800044da:	ffff                	.insn	2, 0xffff
    800044dc:	c640                	sw	s0,12(a2)
    800044de:	ffff                	.insn	2, 0xffff
    800044e0:	c640                	sw	s0,12(a2)
    800044e2:	ffff                	.insn	2, 0xffff
    800044e4:	c7e0                	sw	s0,76(a5)
    800044e6:	ffff                	.insn	2, 0xffff
    800044e8:	c6c2                	sw	a6,76(sp)
    800044ea:	ffff                	.insn	2, 0xffff
    800044ec:	c77c                	sw	a5,76(a4)
    800044ee:	ffff                	.insn	2, 0xffff
    800044f0:	c640                	sw	s0,12(a2)
    800044f2:	ffff                	.insn	2, 0xffff
    800044f4:	c640                	sw	s0,12(a2)
    800044f6:	ffff                	.insn	2, 0xffff
    800044f8:	c814                	sw	a3,16(s0)
    800044fa:	ffff                	.insn	2, 0xffff
    800044fc:	c640                	sw	s0,12(a2)
    800044fe:	ffff                	.insn	2, 0xffff
    80004500:	c6c2                	sw	a6,76(sp)
    80004502:	ffff                	.insn	2, 0xffff
    80004504:	c640                	sw	s0,12(a2)
    80004506:	ffff                	.insn	2, 0xffff
    80004508:	c640                	sw	s0,12(a2)
    8000450a:	ffff                	.insn	2, 0xffff
    8000450c:	c784                	sw	s1,8(a5)
    8000450e:	ffff                	.insn	2, 0xffff

0000000080004510 <p05.0>:
    80004510:	0005                	c.nop	1
    80004512:	0000                	unimp
    80004514:	0019                	c.nop	6
    80004516:	0000                	unimp
    80004518:	007d                	c.nop	31
    8000451a:	0000                	unimp
    8000451c:	0000                	unimp
	...

0000000080004520 <__mprec_tinytens>:
    80004520:	89bc                	.insn	2, 0x89bc
    80004522:	97d8                	.insn	2, 0x97d8
    80004524:	d2b2                	sw	a2,100(sp)
    80004526:	3c9c                	fld	fa5,56(s1)
    80004528:	d5a8a733          	.insn	4, 0xd5a8a733
    8000452c:	3949f623          	.insn	4, 0x3949f623
    80004530:	a73d                	j	80004c5e <__sf+0x186>
    80004532:	44f4                	lw	a3,76(s1)
    80004534:	0ffd                	addi	t6,t6,31
    80004536:	32a5                	addiw	t0,t0,-23
    80004538:	979d                	srai	a5,a5,0x27
    8000453a:	cf8c                	sw	a1,24(a5)
    8000453c:	ba08                	fsd	fa0,48(a2)
    8000453e:	6f43255b          	.insn	4, 0x6f43255b
    80004542:	64ac                	ld	a1,72(s1)
    80004544:	0628                	addi	a0,sp,776
    80004546:	0ac8                	addi	a0,sp,340

0000000080004548 <__mprec_bigtens>:
    80004548:	8000                	.insn	2, 0x8000
    8000454a:	37e0                	fld	fs0,232(a5)
    8000454c:	c379                	beqz	a4,80004612 <__mprec_tens+0xa2>
    8000454e:	4341                	li	t1,16
    80004550:	b5056e17          	auipc	t3,0xb5056
    80004554:	b8b5                	j	80003dd0 <__trunctfdf2+0x210>
    80004556:	f9f54693          	xori	a3,a0,-97
    8000455a:	4f03e93f 1d324d38 	.insn	8, 0x1d324d384f03e93f
    80004562:	f930                	sd	a2,112(a0)
    80004564:	7748                	ld	a0,168(a4)
    80004566:	5a82                	lw	s5,32(sp)
    80004568:	bf3c                	fsd	fa5,120(a4)
    8000456a:	4fdd7f73          	csrrci	t5,0x4fd,26
    8000456e:	7515                	lui	a0,0xfffe5

0000000080004570 <__mprec_tens>:
    80004570:	0000                	unimp
    80004572:	0000                	unimp
    80004574:	0000                	unimp
    80004576:	3ff0                	fld	fa2,248(a5)
    80004578:	0000                	unimp
    8000457a:	0000                	unimp
    8000457c:	0000                	unimp
    8000457e:	4024                	lw	s1,64(s0)
    80004580:	0000                	unimp
    80004582:	0000                	unimp
    80004584:	0000                	unimp
    80004586:	4059                	c.li	zero,22
    80004588:	0000                	unimp
    8000458a:	0000                	unimp
    8000458c:	4000                	lw	s0,0(s0)
    8000458e:	0000408f          	.insn	4, 0x408f
    80004592:	0000                	unimp
    80004594:	8800                	.insn	2, 0x8800
    80004596:	000040c3          	fmadd.s	ft1,ft0,ft0,ft0,rmm
    8000459a:	0000                	unimp
    8000459c:	6a00                	ld	s0,16(a2)
    8000459e:	40f8                	lw	a4,68(s1)
    800045a0:	0000                	unimp
    800045a2:	0000                	unimp
    800045a4:	8480                	.insn	2, 0x8480
    800045a6:	412e                	lw	sp,200(sp)
    800045a8:	0000                	unimp
    800045aa:	0000                	unimp
    800045ac:	12d0                	addi	a2,sp,356
    800045ae:	00004163          	bltz	zero,800045b0 <__mprec_tens+0x40>
    800045b2:	0000                	unimp
    800045b4:	d784                	sw	s1,40(a5)
    800045b6:	00004197          	auipc	gp,0x4
    800045ba:	0000                	unimp
    800045bc:	cd65                	beqz	a0,800046b4 <_ctype_+0x7c>
    800045be:	41cd                	li	gp,19
    800045c0:	0000                	unimp
    800045c2:	2000                	fld	fs0,0(s0)
    800045c4:	a05f 4202 0000      	.insn	6, 0x4202a05f
    800045ca:	e800                	sd	s0,16(s0)
    800045cc:	4876                	lw	a6,92(sp)
    800045ce:	00004237          	lui	tp,0x4
    800045d2:	a200                	fsd	fs0,0(a2)
    800045d4:	1a94                	addi	a3,sp,368
    800045d6:	426d                	li	tp,27
    800045d8:	0000                	unimp
    800045da:	e540                	sd	s0,136(a0)
    800045dc:	309c                	fld	fa5,32(s1)
    800045de:	42a2                	lw	t0,8(sp)
    800045e0:	0000                	unimp
    800045e2:	1e90                	addi	a2,sp,880
    800045e4:	bcc4                	fsd	fs1,184(s1)
    800045e6:	42d6                	lw	t0,84(sp)
    800045e8:	0000                	unimp
    800045ea:	2634                	fld	fa3,72(a2)
    800045ec:	6bf5                	lui	s7,0x1d
    800045ee:	430c                	lw	a1,0(a4)
    800045f0:	8000                	.insn	2, 0x8000
    800045f2:	37e0                	fld	fs0,232(a5)
    800045f4:	c379                	beqz	a4,800046ba <_ctype_+0x82>
    800045f6:	4341                	li	t1,16
    800045f8:	a000                	fsd	fs0,0(s0)
    800045fa:	85d8                	.insn	2, 0x85d8
    800045fc:	43763457          	.insn	4, 0x43763457
    80004600:	c800                	sw	s0,16(s0)
    80004602:	674e                	ld	a4,208(sp)
    80004604:	c16d                	beqz	a0,800046e6 <_ctype_+0xae>
    80004606:	3d0043ab          	.insn	4, 0x3d0043ab
    8000460a:	6091                	lui	ra,0x4
    8000460c:	58e4                	lw	s1,116(s1)
    8000460e:	43e1                	li	t2,24
    80004610:	8c40                	.insn	2, 0x8c40
    80004612:	78b5                	lui	a7,0xfffed
    80004614:	af1d                	j	80004d4a <__atexit0+0x5a>
    80004616:	4415                	li	s0,5
    80004618:	ef50                	sd	a2,152(a4)
    8000461a:	d6e2                	sw	s8,108(sp)
    8000461c:	1ae4                	addi	s1,sp,380
    8000461e:	d592444b          	.insn	4, 0xd592444b
    80004622:	064d                	addi	a2,a2,19 # 19013 <__stack_size+0x11013>
    80004624:	4480f0cf          	.insn	4, 0x4480f0cf
    80004628:	4af6                	lw	s5,92(sp)
    8000462a:	c7e1                	beqz	a5,800046f2 <_ctype_+0xba>
    8000462c:	2d02                	fld	fs10,0(sp)
    8000462e:	44b5                	li	s1,13
    80004630:	9db4                	.insn	2, 0x9db4
    80004632:	79d9                	lui	s3,0xffff6
    80004634:	44ea7843          	.insn	4, 0x44ea7843

0000000080004638 <_ctype_>:
    80004638:	2000                	fld	fs0,0(s0)
    8000463a:	2020                	fld	fs0,64(s0)
    8000463c:	2020                	fld	fs0,64(s0)
    8000463e:	2020                	fld	fs0,64(s0)
    80004640:	2020                	fld	fs0,64(s0)
    80004642:	2828                	fld	fa0,80(s0)
    80004644:	2828                	fld	fa0,80(s0)
    80004646:	2028                	fld	fa0,64(s0)
    80004648:	2020                	fld	fs0,64(s0)
    8000464a:	2020                	fld	fs0,64(s0)
    8000464c:	2020                	fld	fs0,64(s0)
    8000464e:	2020                	fld	fs0,64(s0)
    80004650:	2020                	fld	fs0,64(s0)
    80004652:	2020                	fld	fs0,64(s0)
    80004654:	2020                	fld	fs0,64(s0)
    80004656:	2020                	fld	fs0,64(s0)
    80004658:	8820                	.insn	2, 0x8820
    8000465a:	1010                	addi	a2,sp,32
    8000465c:	1010                	addi	a2,sp,32
    8000465e:	1010                	addi	a2,sp,32
    80004660:	1010                	addi	a2,sp,32
    80004662:	1010                	addi	a2,sp,32
    80004664:	1010                	addi	a2,sp,32
    80004666:	1010                	addi	a2,sp,32
    80004668:	0410                	addi	a2,sp,512
    8000466a:	0404                	addi	s1,sp,512
    8000466c:	0404                	addi	s1,sp,512
    8000466e:	0404                	addi	s1,sp,512
    80004670:	0404                	addi	s1,sp,512
    80004672:	1004                	addi	s1,sp,32
    80004674:	1010                	addi	a2,sp,32
    80004676:	1010                	addi	a2,sp,32
    80004678:	1010                	addi	a2,sp,32
    8000467a:	4141                	li	sp,16
    8000467c:	4141                	li	sp,16
    8000467e:	4141                	li	sp,16
    80004680:	0101                	addi	sp,sp,0
    80004682:	0101                	addi	sp,sp,0
    80004684:	0101                	addi	sp,sp,0
    80004686:	0101                	addi	sp,sp,0
    80004688:	0101                	addi	sp,sp,0
    8000468a:	0101                	addi	sp,sp,0
    8000468c:	0101                	addi	sp,sp,0
    8000468e:	0101                	addi	sp,sp,0
    80004690:	0101                	addi	sp,sp,0
    80004692:	0101                	addi	sp,sp,0
    80004694:	1010                	addi	a2,sp,32
    80004696:	1010                	addi	a2,sp,32
    80004698:	1010                	addi	a2,sp,32
    8000469a:	4242                	lw	tp,16(sp)
    8000469c:	4242                	lw	tp,16(sp)
    8000469e:	4242                	lw	tp,16(sp)
    800046a0:	0202                	c.slli64	tp
    800046a2:	0202                	c.slli64	tp
    800046a4:	0202                	c.slli64	tp
    800046a6:	0202                	c.slli64	tp
    800046a8:	0202                	c.slli64	tp
    800046aa:	0202                	c.slli64	tp
    800046ac:	0202                	c.slli64	tp
    800046ae:	0202                	c.slli64	tp
    800046b0:	0202                	c.slli64	tp
    800046b2:	0202                	c.slli64	tp
    800046b4:	1010                	addi	a2,sp,32
    800046b6:	1010                	addi	a2,sp,32
    800046b8:	0020                	addi	s0,sp,8
	...

0000000080004740 <argv>:
    80004740:	4750                	lw	a2,12(a4)
    80004742:	8000                	.insn	2, 0x8000
	...

0000000080004750 <name>:
    80004750:	70696863          	bltu	s2,t1,80004e60 <_end+0x58>
    80004754:	6179                	addi	sp,sp,464
    80004756:	6472                	ld	s0,280(sp)
	...

Disassembly of section .eh_frame:

0000000080004760 <.eh_frame>:
    80004760:	0010                	.insn	2, 0x0010
    80004762:	0000                	unimp
    80004764:	0000                	unimp
    80004766:	0000                	unimp
    80004768:	00527a03          	.insn	4, 0x00527a03
    8000476c:	7c01                	lui	s8,0xfffe0
    8000476e:	0101                	addi	sp,sp,0
    80004770:	00020d1b          	sext.w	s10,tp
    80004774:	0010                	.insn	2, 0x0010
    80004776:	0000                	unimp
    80004778:	0018                	.insn	2, 0x0018
    8000477a:	0000                	unimp
    8000477c:	b884                	fsd	fs1,48(s1)
    8000477e:	ffff                	.insn	2, 0xffff
    80004780:	0144                	addi	s1,sp,132
    80004782:	0000                	unimp
    80004784:	0000                	unimp
	...

Disassembly of section .htif:

00000000800047c0 <tohost>:
	...

00000000800047c8 <fromhost>:
	...

Disassembly of section .data._impure_data:

00000000800047d0 <_impure_data>:
	...
    800047d8:	4ad8                	lw	a4,20(a3)
    800047da:	8000                	.insn	2, 0x8000
    800047dc:	0000                	unimp
    800047de:	0000                	unimp
    800047e0:	4b88                	lw	a0,16(a5)
    800047e2:	8000                	.insn	2, 0x8000
    800047e4:	0000                	unimp
    800047e6:	0000                	unimp
    800047e8:	4c38                	lw	a4,88(s0)
    800047ea:	8000                	.insn	2, 0x8000
	...

Disassembly of section .data.__sglue:

0000000080004860 <__sglue>:
	...
    80004868:	00000003          	lb	zero,0(zero) # 0 <__boot_hart>
    8000486c:	0000                	unimp
    8000486e:	0000                	unimp
    80004870:	4ad8                	lw	a4,20(a3)
    80004872:	8000                	.insn	2, 0x8000
    80004874:	0000                	unimp
	...

Disassembly of section .data.__global_locale:

0000000080004878 <__global_locale>:
    80004878:	00000043          	fmadd.s	ft0,ft0,ft0,ft0,rne
	...
    80004898:	00000043          	fmadd.s	ft0,ft0,ft0,ft0,rne
	...
    800048b8:	00000043          	fmadd.s	ft0,ft0,ft0,ft0,rne
	...
    800048d8:	00000043          	fmadd.s	ft0,ft0,ft0,ft0,rne
	...
    800048f8:	00000043          	fmadd.s	ft0,ft0,ft0,ft0,rne
	...
    80004918:	00000043          	fmadd.s	ft0,ft0,ft0,ft0,rne
	...
    80004938:	00000043          	fmadd.s	ft0,ft0,ft0,ft0,rne
	...
    80004958:	36b0                	fld	fa2,104(a3)
    8000495a:	8000                	.insn	2, 0x8000
    8000495c:	0000                	unimp
    8000495e:	0000                	unimp
    80004960:	35ec                	fld	fa1,232(a1)
    80004962:	8000                	.insn	2, 0x8000
	...
    80004970:	4638                	lw	a4,72(a2)
    80004972:	8000                	.insn	2, 0x8000
    80004974:	0000                	unimp
    80004976:	0000                	unimp
    80004978:	4370                	lw	a2,68(a4)
    8000497a:	8000                	.insn	2, 0x8000
    8000497c:	0000                	unimp
    8000497e:	0000                	unimp
    80004980:	41c8                	lw	a0,4(a1)
    80004982:	8000                	.insn	2, 0x8000
    80004984:	0000                	unimp
    80004986:	0000                	unimp
    80004988:	41c8                	lw	a0,4(a1)
    8000498a:	8000                	.insn	2, 0x8000
    8000498c:	0000                	unimp
    8000498e:	0000                	unimp
    80004990:	41c8                	lw	a0,4(a1)
    80004992:	8000                	.insn	2, 0x8000
    80004994:	0000                	unimp
    80004996:	0000                	unimp
    80004998:	41c8                	lw	a0,4(a1)
    8000499a:	8000                	.insn	2, 0x8000
    8000499c:	0000                	unimp
    8000499e:	0000                	unimp
    800049a0:	41c8                	lw	a0,4(a1)
    800049a2:	8000                	.insn	2, 0x8000
    800049a4:	0000                	unimp
    800049a6:	0000                	unimp
    800049a8:	41c8                	lw	a0,4(a1)
    800049aa:	8000                	.insn	2, 0x8000
    800049ac:	0000                	unimp
    800049ae:	0000                	unimp
    800049b0:	41c8                	lw	a0,4(a1)
    800049b2:	8000                	.insn	2, 0x8000
    800049b4:	0000                	unimp
    800049b6:	0000                	unimp
    800049b8:	41c8                	lw	a0,4(a1)
    800049ba:	8000                	.insn	2, 0x8000
    800049bc:	0000                	unimp
    800049be:	0000                	unimp
    800049c0:	41c8                	lw	a0,4(a1)
    800049c2:	8000                	.insn	2, 0x8000
    800049c4:	0000                	unimp
    800049c6:	0000                	unimp
    800049c8:	ffff                	.insn	2, 0xffff
    800049ca:	ffff                	.insn	2, 0xffff
    800049cc:	ffff                	.insn	2, 0xffff
    800049ce:	ffff                	.insn	2, 0xffff
    800049d0:	ffff                	.insn	2, 0xffff
    800049d2:	ffff                	.insn	2, 0xffff
    800049d4:	ffff                	.insn	2, 0xffff
    800049d6:	0000                	unimp
    800049d8:	0001                	nop
    800049da:	5341                	li	t1,-16
    800049dc:	00494943          	fmadd.s	fs2,fs2,ft4,ft0,rmm
	...
    800049f8:	0000                	unimp
    800049fa:	5341                	li	t1,-16
    800049fc:	00494943          	fmadd.s	fs2,fs2,ft4,ft0,rmm
	...

Disassembly of section .sdata:

0000000080004a20 <_impure_ptr>:
    80004a20:	47d0                	lw	a2,12(a5)
    80004a22:	8000                	.insn	2, 0x8000
    80004a24:	0000                	unimp
	...

0000000080004a28 <curbrk>:
    80004a28:	4e08                	lw	a0,24(a2)
    80004a2a:	8000                	.insn	2, 0x8000
    80004a2c:	0000                	unimp
	...

0000000080004a30 <environ>:
    80004a30:	4ac8                	lw	a0,20(a3)
    80004a32:	8000                	.insn	2, 0x8000
    80004a34:	0000                	unimp
	...

0000000080004a38 <__atexit_dummy>:
    80004a38:	4092                	lw	ra,4(sp)
    80004a3a:	8000                	.insn	2, 0x8000
    80004a3c:	0000                	unimp
    80004a3e:	0000                	unimp
    80004a40:	999a                	add	s3,s3,t1
    80004a42:	9999                	andi	a1,a1,-26
    80004a44:	9999                	andi	a1,a1,-26
    80004a46:	3fb9                	addiw	t6,t6,-18
    80004a48:	ffff                	.insn	2, 0xffff
    80004a4a:	ffff                	.insn	2, 0xffff
    80004a4c:	ffff                	.insn	2, 0xffff
    80004a4e:	00007fef          	jal	t6,8000ba4e <__global_pointer$+0x682e>
    80004a52:	0000                	unimp
    80004a54:	0000                	unimp
    80004a56:	3ff8                	fld	fa4,248(a5)
    80004a58:	4361                	li	t1,24
    80004a5a:	87a7636f          	jal	t1,7ff7aad4 <__heap_size+0x7ff5aad4>
    80004a5e:	3fd2                	fld	ft11,304(sp)
    80004a60:	8b60c8b3          	.insn	4, 0x8b60c8b3
    80004a64:	8a28                	.insn	2, 0x8a28
    80004a66:	3fc6                	fld	ft11,112(sp)
    80004a68:	509f79fb          	.insn	4, 0x509f79fb
    80004a6c:	3fd34413          	xori	s0,t1,1021
    80004a70:	0000                	unimp
    80004a72:	0000                	unimp
    80004a74:	0000                	unimp
    80004a76:	3ff0                	fld	fa2,248(a5)
    80004a78:	0000                	unimp
    80004a7a:	0000                	unimp
    80004a7c:	0000                	unimp
    80004a7e:	4024                	lw	s1,64(s0)
    80004a80:	0000                	unimp
    80004a82:	0000                	unimp
    80004a84:	0000                	unimp
    80004a86:	401c                	lw	a5,0(s0)
    80004a88:	0000                	unimp
    80004a8a:	0000                	unimp
    80004a8c:	0000                	unimp
    80004a8e:	4014                	lw	a3,0(s0)
    80004a90:	0000                	unimp
    80004a92:	0000                	unimp
    80004a94:	0000                	unimp
    80004a96:	3fe0                	fld	fs0,248(a5)

Disassembly of section .debug_info:

0000000000000000 <.debug_info>:
       0:	0000022b          	.insn	4, 0x022b
       4:	0005                	c.nop	1
       6:	0801                	addi	a6,a6,0
       8:	0000                	unimp
       a:	0000                	unimp
       c:	0008                	.insn	2, 0x0008
       e:	0000                	unimp
      10:	0c00                	addi	s0,sp,528
      12:	0000003b          	addw	zero,zero,zero
      16:	0000                	unimp
      18:	0000                	unimp
      1a:	001c                	.insn	2, 0x001c
	...
      28:	0000                	unimp
      2a:	0101                	addi	sp,sp,0
      2c:	ec06                	sd	ra,24(sp)
      2e:	0000                	unimp
      30:	0100                	addi	s0,sp,128
      32:	0801                	addi	a6,a6,0
      34:	00ea                	slli	ra,ra,0x1a
      36:	0000                	unimp
      38:	0201                	addi	tp,tp,0 # 4000 <__stack_align+0x3ff0>
      3a:	5e05                	li	t3,-31
      3c:	0001                	nop
      3e:	0100                	addi	s0,sp,128
      40:	0702                	c.slli64	a4
      42:	00f8                	addi	a4,sp,76
      44:	0000                	unimp
      46:	0409                	addi	s0,s0,2
      48:	6905                	lui	s2,0x1
      4a:	746e                	ld	s0,248(sp)
      4c:	0100                	addi	s0,sp,128
      4e:	0704                	addi	s1,sp,896
      50:	0139                	addi	sp,sp,14
      52:	0000                	unimp
      54:	0801                	addi	a6,a6,0
      56:	5505                	li	a0,-31
      58:	0001                	nop
      5a:	0100                	addi	s0,sp,128
      5c:	0708                	addi	a0,sp,896
      5e:	0134                	addi	a3,sp,136
      60:	0000                	unimp
      62:	0801                	addi	a6,a6,0
      64:	5005                	c.li	zero,-31
      66:	0001                	nop
      68:	0100                	addi	s0,sp,128
      6a:	0801                	addi	a6,a6,0
      6c:	000000f3          	.insn	4, 0x00f3
      70:	690a                	ld	s2,128(sp)
      72:	0000                	unimp
      74:	0700                	addi	s0,sp,896
      76:	0070                	addi	a2,sp,12
      78:	0000                	unimp
      7a:	0000750b          	.insn	4, 0x750b
      7e:	0100                	addi	s0,sp,128
      80:	0708                	addi	a0,sp,896
      82:	0000012f          	.insn	4, 0x012f
      86:	400c                	lw	a1,0(s0)
      88:	0401                	addi	s0,s0,0
      8a:	e509                	bnez	a0,94 <__stack_align+0x84>
      8c:	0000                	unimp
      8e:	0200                	addi	s0,sp,256
      90:	0126                	slli	sp,sp,0x9
      92:	0000                	unimp
      94:	e505                	bnez	a0,bc <__stack_align+0xac>
      96:	0000                	unimp
      98:	0000                	unimp
      9a:	e002                	sd	zero,0(sp)
      9c:	0000                	unimp
      9e:	0600                	addi	s0,sp,768
      a0:	00e5                	addi	ra,ra,25 # 4019 <__stack_align+0x4009>
      a2:	0000                	unimp
      a4:	0508                	addi	a0,sp,640
      a6:	0c00704b          	.insn	4, 0x0c00704b
      aa:	00e5                	addi	ra,ra,25
      ac:	0000                	unimp
      ae:	0510                	addi	a2,sp,640
      b0:	1000694b          	fnmsub.s	fs2,ft0,ft0,ft2,unknown
      b4:	00e5                	addi	ra,ra,25
      b6:	0000                	unimp
      b8:	0518                	addi	a4,sp,640
      ba:	1400644b          	.insn	4, 0x1400644b
      be:	00e5                	addi	ra,ra,25
      c0:	0000                	unimp
      c2:	0220                	addi	s0,sp,264
      c4:	0114                	addi	a3,sp,128
      c6:	0000                	unimp
      c8:	e508                	sd	a0,8(a0)
      ca:	0000                	unimp
      cc:	2800                	fld	fs0,16(s0)
      ce:	1b02                	slli	s6,s6,0x20
      d0:	0001                	nop
      d2:	0900                	addi	s0,sp,144
      d4:	00e5                	addi	ra,ra,25
      d6:	0000                	unimp
      d8:	0230                	addi	a2,sp,264
      da:	0168                	addi	a0,sp,140
      dc:	0000                	unimp
      de:	e50a                	sd	sp,136(sp)
      e0:	0000                	unimp
      e2:	3800                	fld	fs0,48(s0)
      e4:	0100                	addi	s0,sp,128
      e6:	0408                	addi	a0,sp,512
      e8:	0341                	addi	t1,t1,16 # ffffffffffff8010 <__heap_end+0xffffffff7ffd3010>
      ea:	0000                	unimp
      ec:	0b0d                	addi	s6,s6,3
      ee:	0001                	nop
      f0:	0100                	addi	s0,sp,128
      f2:	0086030b          	.insn	4, 0x0086030b
      f6:	0000                	unimp
      f8:	d90e                	sw	gp,176(sp)
      fa:	0000                	unimp
      fc:	0200                	addi	s0,sp,256
      fe:	05ce                	slli	a1,a1,0x13
     100:	0046                	c.slli	zero,0x11
     102:	0000                	unimp
     104:	0000010f          	.insn	4, 0x010f
     108:	00007a0f          	.insn	4, 0x7a0f
     10c:	1000                	addi	s0,sp,32
     10e:	1100                	addi	s0,sp,160
     110:	0674                	addi	a3,sp,780
     112:	0000                	unimp
     114:	0d01                	addi	s10,s10,0
     116:	4605                	li	a2,1
     118:	0000                	unimp
     11a:	3000                	fld	fs0,32(s0)
     11c:	0002                	c.slli64	zero
     11e:	0080                	addi	s0,sp,64
     120:	0000                	unimp
     122:	5000                	lw	s0,32(s0)
     124:	0001                	nop
     126:	0000                	unimp
     128:	0000                	unimp
     12a:	0100                	addi	s0,sp,128
     12c:	199c                	addi	a5,sp,240
     12e:	0002                	c.slli64	zero
     130:	1200                	addi	s0,sp,288
     132:	0146                	slli	sp,sp,0x11
     134:	0000                	unimp
     136:	0e01                	addi	t3,t3,0 # 3505a550 <__heap_size+0x3503a550>
     138:	190e                	slli	s2,s2,0x23
     13a:	0002                	c.slli64	zero
     13c:	0300                	addi	s0,sp,384
     13e:	c091                	beqz	s1,142 <__stack_align+0x132>
     140:	137d                	addi	t1,t1,-1
     142:	7464                	ld	s1,232(s0)
     144:	0100                	addi	s0,sp,128
     146:	0c15                	addi	s8,s8,5 # fffffffffffe0005 <__heap_end+0xffffffff7ffbb005>
     148:	00e5                	addi	ra,ra,25
     14a:	0000                	unimp
     14c:	7db89103          	lh	sp,2011(a7) # fffffffffffed7db <__heap_end+0xffffffff7ffc87db>
     150:	6514                	ld	a3,8(a0)
     152:	0006                	c.slli	zero,0x1
     154:	0100                	addi	s0,sp,128
     156:	0916                	slli	s2,s2,0x5
     158:	0046                	c.slli	zero,0x11
     15a:	0000                	unimp
     15c:	000c                	.insn	2, 0x000c
     15e:	0000                	unimp
     160:	6504                	ld	s1,8(a0)
     162:	646e                	ld	s0,216(sp)
     164:	1600                	addi	s0,sp,800
     166:	4610                	lw	a2,8(a2)
     168:	0000                	unimp
     16a:	1900                	addi	s0,sp,176
     16c:	0000                	unimp
     16e:	0400                	addi	s0,sp,512
     170:	7076                	.insn	2, 0x7076
     172:	3900                	fld	fs0,48(a0)
     174:	290d                	addiw	s2,s2,3 # 1003 <__stack_align+0xff3>
     176:	0002                	c.slli64	zero
     178:	2600                	fld	fs0,8(a2)
     17a:	0000                	unimp
     17c:	1500                	addi	s0,sp,672
     17e:	02f8                	addi	a4,sp,332
     180:	8000                	.insn	2, 0x8000
     182:	0000                	unimp
     184:	0000                	unimp
     186:	005c                	addi	a5,sp,4
     188:	0000                	unimp
     18a:	0000                	unimp
     18c:	0000                	unimp
     18e:	01fd                	addi	gp,gp,31 # 800085d5 <__global_pointer$+0x33b5>
     190:	0000                	unimp
     192:	7604                	ld	s1,40(a2)
     194:	3a00                	fld	fs0,48(a2)
     196:	460e                	lw	a2,192(sp)
     198:	0000                	unimp
     19a:	4300                	lw	s0,0(a4)
     19c:	0000                	unimp
     19e:	1600                	addi	s0,sp,800
     1a0:	000c                	.insn	2, 0x000c
     1a2:	0000                	unimp
     1a4:	01ca                	slli	gp,gp,0x12
     1a6:	0000                	unimp
     1a8:	6504                	ld	s1,8(a0)
     1aa:	3c00                	fld	fs0,56(s0)
     1ac:	4612                	lw	a2,4(sp)
     1ae:	0000                	unimp
     1b0:	5800                	lw	s0,48(s0)
     1b2:	0000                	unimp
     1b4:	0600                	addi	s0,sp,768
     1b6:	0340                	addi	s0,sp,388
     1b8:	8000                	.insn	2, 0x8000
     1ba:	0000                	unimp
     1bc:	0000                	unimp
     1be:	00f8                	addi	a4,sp,76
     1c0:	0000                	unimp
     1c2:	025a0103          	lb	sp,37(s4)
     1c6:	0082                	c.slli64	ra
     1c8:	0000                	unimp
     1ca:	00032c17          	auipc	s8,0x32
     1ce:	0080                	addi	s0,sp,64
     1d0:	0000                	unimp
     1d2:	f800                	sd	s0,48(s0)
     1d4:	0000                	unimp
     1d6:	e800                	sd	s0,16(s0)
     1d8:	0001                	nop
     1da:	0300                	addi	s0,sp,384
     1dc:	5a01                	li	s4,-32
     1de:	8602                	jr	a2
     1e0:	0300                	addi	s0,sp,384
     1e2:	5b01                	li	s6,-32
     1e4:	8302                	jr	t1
     1e6:	0000                	unimp
     1e8:	4c06                	lw	s8,64(sp)
     1ea:	00800003          	lb	zero,8(zero) # 8 <__boot_hart+0x8>
     1ee:	0000                	unimp
     1f0:	f800                	sd	s0,48(s0)
     1f2:	0000                	unimp
     1f4:	0300                	addi	s0,sp,384
     1f6:	5a01                	li	s4,-32
     1f8:	8502                	jr	a0
     1fa:	0000                	unimp
     1fc:	0600                	addi	s0,sp,768
     1fe:	02f8                	addi	a4,sp,332
     200:	8000                	.insn	2, 0x8000
     202:	0000                	unimp
     204:	0000                	unimp
     206:	00f8                	addi	a4,sp,76
     208:	0000                	unimp
     20a:	095a0103          	lb	sp,149(s4)
     20e:	00416003          	lwu	zero,4(sp)
     212:	0080                	addi	s0,sp,64
     214:	0000                	unimp
     216:	0000                	unimp
     218:	1800                	addi	s0,sp,48
     21a:	00ec                	addi	a1,sp,76
     21c:	0000                	unimp
     21e:	0229                	addi	tp,tp,10 # a <__boot_hart+0xa>
     220:	0000                	unimp
     222:	5b19                	li	s6,-26
     224:	0000                	unimp
     226:	0300                	addi	s0,sp,384
     228:	0700                	addi	s0,sp,896
     22a:	00e5                	addi	ra,ra,25
     22c:	0000                	unimp
     22e:	cc00                	sw	s0,24(s0)
     230:	0002                	c.slli64	zero
     232:	0500                	addi	s0,sp,640
     234:	0100                	addi	s0,sp,128
     236:	4c08                	lw	a0,24(s0)
     238:	0001                	nop
     23a:	0f00                	addi	s0,sp,912
     23c:	0181                	addi	gp,gp,0 # 80005220 <__global_pointer$>
     23e:	0000                	unimp
     240:	011d                	addi	sp,sp,7
     242:	0001                	nop
     244:	2d00                	fld	fs0,24(a0)
     246:	0001                	nop
     248:	c000                	sw	s0,0(s0)
     24a:	0080003b          	addw	zero,zero,s0
     24e:	0000                	unimp
     250:	2000                	fld	fs0,0(s0)
     252:	0002                	c.slli64	zero
     254:	0000                	unimp
     256:	0000                	unimp
     258:	8c00                	.insn	2, 0x8c00
     25a:	0001                	nop
     25c:	0100                	addi	s0,sp,128
     25e:	0410                	addi	a2,sp,512
     260:	033c                	addi	a5,sp,392
     262:	0000                	unimp
     264:	1001                	c.nop	-32
     266:	a705                	j	986 <__stack_align+0x976>
     268:	0002                	c.slli64	zero
     26a:	0100                	addi	s0,sp,128
     26c:	0710                	addi	a2,sp,896
     26e:	0000016f          	jal	sp,26e <__stack_align+0x25e>
     272:	0801                	addi	a6,a6,0
     274:	5505                	li	a0,-31
     276:	0001                	nop
     278:	0100                	addi	s0,sp,128
     27a:	0601                	addi	a2,a2,0
     27c:	00ec                	addi	a1,sp,76
     27e:	0000                	unimp
     280:	0410                	addi	a2,sp,512
     282:	6905                	lui	s2,0x1
     284:	746e                	ld	s0,248(sp)
     286:	0100                	addi	s0,sp,128
     288:	0801                	addi	a6,a6,0
     28a:	00ea                	slli	ra,ra,0x1a
     28c:	0000                	unimp
     28e:	0401                	addi	s0,s0,0
     290:	00013907          	fld	fs2,0(sp)
     294:	0100                	addi	s0,sp,128
     296:	0708                	addi	a0,sp,896
     298:	0134                	addi	a3,sp,136
     29a:	0000                	unimp
     29c:	6508                	ld	a0,8(a0)
     29e:	0002                	c.slli64	zero
     2a0:	0200                	addi	s0,sp,256
     2a2:	7844                	ld	s1,176(s0)
     2a4:	0000                	unimp
     2a6:	0100                	addi	s0,sp,128
     2a8:	0408                	addi	a0,sp,512
     2aa:	0341                	addi	t1,t1,16
     2ac:	0000                	unimp
     2ae:	0805                	addi	a6,a6,1
     2b0:	c602                	sw	zero,12(sp)
     2b2:	00b1                	addi	ra,ra,12
     2b4:	0000                	unimp
     2b6:	f404                	sd	s1,40(s0)
     2b8:	0002                	c.slli64	zero
     2ba:	0200                	addi	s0,sp,256
     2bc:	10cd                	addi	ra,ra,-13
     2be:	00b1                	addi	ra,ra,12
     2c0:	0000                	unimp
     2c2:	0034                	addi	a3,sp,8
     2c4:	6509                	lui	a0,0x2
     2c6:	7078                	ld	a4,224(s0)
     2c8:	0200                	addi	s0,sp,256
     2ca:	5fce                	lw	t6,240(sp)
     2cc:	0000                	unimp
     2ce:	0b00                	addi	s0,sp,400
     2d0:	0434                	addi	a3,sp,520
     2d2:	00000337          	lui	t1,0x0
     2d6:	cf02                	sw	zero,156(sp)
     2d8:	5f0e                	lw	t5,224(sp)
     2da:	0000                	unimp
     2dc:	0100                	addi	s0,sp,128
     2de:	0801003f 00012f07 	.insn	8, 0x00012f070801003f
     2e6:	0a00                	addi	s0,sp,272
     2e8:	0312                	slli	t1,t1,0x4
     2ea:	0000                	unimp
     2ec:	0208                	addi	a0,sp,256
     2ee:	0000dbc3          	fmadd.s	fs7,ft1,ft0,ft0,unknown
     2f2:	0b00                	addi	s0,sp,400
     2f4:	6c66                	ld	s8,88(sp)
     2f6:	0074                	addi	a3,sp,12
     2f8:	c502                	sw	zero,136(sp)
     2fa:	006d                	c.nop	27
     2fc:	0000                	unimp
     2fe:	4806                	lw	a6,64(sp)
     300:	02000003          	lb	zero,32(zero) # 20 <__stack_align+0x10>
     304:	7fd1                	lui	t6,0xffff4
     306:	0000                	unimp
     308:	0000                	unimp
     30a:	8108                	.insn	2, 0x8108
     30c:	0002                	c.slli64	zero
     30e:	0300                	addi	s0,sp,384
     310:	2e45                	addiw	t3,t3,17
     312:	0000                	unimp
     314:	0500                	addi	s0,sp,640
     316:	0310                	addi	a2,sp,384
     318:	03cc                	addi	a1,sp,452
     31a:	0001                	nop
     31c:	0c00                	addi	s0,sp,528
     31e:	0061                	c.nop	24
     320:	10ce                	slli	ra,ra,0x33
     322:	00b1                	addi	ra,ra,12
     324:	0000                	unimp
     326:	0c00                	addi	s0,sp,528
     328:	0062                	c.slli	zero,0x18
     32a:	13ce                	slli	t2,t2,0x33
     32c:	00b1                	addi	ra,ra,12
     32e:	0000                	unimp
     330:	0008                	.insn	2, 0x0008
     332:	1005                	c.nop	-31
     334:	0143d003          	lhu	zero,20(t2)
     338:	0000                	unimp
     33a:	5904                	lw	s1,48(a0)
     33c:	0002                	c.slli64	zero
     33e:	0300                	addi	s0,sp,384
     340:	10d8                	addi	a4,sp,100
     342:	00b1                	addi	ra,ra,12
     344:	0000                	unimp
     346:	0040                	addi	s0,sp,4
     348:	5f04                	lw	s1,56(a4)
     34a:	0002                	c.slli64	zero
     34c:	0300                	addi	s0,sp,384
     34e:	10d9                	addi	ra,ra,-10
     350:	00b1                	addi	ra,ra,12
     352:	0000                	unimp
     354:	4030                	lw	a2,64(s0)
     356:	6509                	lui	a0,0x2
     358:	7078                	ld	a4,224(s0)
     35a:	0300                	addi	s0,sp,384
     35c:	5fda                	lw	t6,180(sp)
     35e:	0000                	unimp
     360:	0f00                	addi	s0,sp,912
     362:	0470                	addi	a2,sp,524
     364:	00000337          	lui	t1,0x0
     368:	5f0edb03          	lhu	s6,1520(t4)
     36c:	0000                	unimp
     36e:	0100                	addi	s0,sp,128
     370:	007f 2b0a 0003 1000 	.insn	10, 0xc903100000032b0a007f
     378:	c903 
     37a:	0171                	addi	sp,sp,28
     37c:	0000                	unimp
     37e:	746c660b          	.insn	4, 0x746c660b
     382:	0300                	addi	s0,sp,384
     384:	0000dbcb          	fnmsub.s	fs7,ft1,ft0,ft0,unknown
     388:	0600                	addi	s0,sp,768
     38a:	00000253          	fadd.s	ft4,ft0,ft0,rne
     38e:	00e6cf03          	lbu	t5,14(a3)
     392:	0000                	unimp
     394:	4806                	lw	a6,64(sp)
     396:	03000003          	lb	zero,48(zero) # 30 <__stack_align+0x20>
     39a:	03dd                	addi	t2,t2,23
     39c:	0001                	nop
     39e:	0000                	unimp
     3a0:	1e11                	addi	t3,t3,-28
     3a2:	01000003          	lb	zero,16(zero) # 10 <__stack_align>
     3a6:	0122                	slli	sp,sp,0x8
     3a8:	006d                	c.nop	27
     3aa:	0000                	unimp
     3ac:	3bc0                	fld	fs0,176(a5)
     3ae:	8000                	.insn	2, 0x8000
     3b0:	0000                	unimp
     3b2:	0000                	unimp
     3b4:	0220                	addi	s0,sp,264
     3b6:	0000                	unimp
     3b8:	0000                	unimp
     3ba:	0000                	unimp
     3bc:	9c01                	subw	s0,s0,s0
     3be:	02c8                	addi	a0,sp,324
     3c0:	0000                	unimp
     3c2:	6112                	ld	sp,256(sp)
     3c4:	0100                	addi	s0,sp,128
     3c6:	1622                	slli	a2,a2,0x28
     3c8:	000000db          	.insn	4, 0x00db
     3cc:	00ac                	addi	a1,sp,72
     3ce:	0000                	unimp
     3d0:	b002                	fsd	ft0,32(sp)
     3d2:	0002                	c.slli64	zero
     3d4:	2400                	fld	fs0,8(s0)
     3d6:	0051                	c.nop	20
     3d8:	0000                	unimp
     3da:	00e8                	addi	a0,sp,76
     3dc:	0000                	unimp
     3de:	4d02                	lw	s10,0(sp)
     3e0:	24000003          	lb	zero,576(zero) # 240 <__stack_align+0x230>
     3e4:	0051                	c.nop	20
     3e6:	0000                	unimp
     3e8:	00000137          	lui	sp,0x0
     3ec:	410d                	li	sp,3
     3ee:	635f 2500 02c8      	.insn	6, 0x02c82500635f
     3f4:	0000                	unimp
     3f6:	735f4103          	lbu	sp,1845(t5) # 1a735 <__stack_size+0x12735>
     3fa:	2500                	fld	fs0,8(a0)
     3fc:	0002c803          	lbu	a6,0(t0)
     400:	4500                	lw	s0,8(a0)
     402:	0001                	nop
     404:	0300                	addi	s0,sp,384
     406:	5f41                	li	t5,-16
     408:	0065                	c.nop	25
     40a:	0325                	addi	t1,t1,9 # 9 <__boot_hart+0x9>
     40c:	02c8                	addi	a0,sp,324
     40e:	0000                	unimp
     410:	00000153          	fadd.s	ft2,ft0,ft0,rne
     414:	9d02                	jalr	s10
     416:	0002                	c.slli64	zero
     418:	2500                	fld	fs0,8(a0)
     41a:	00b1                	addi	ra,ra,12
     41c:	0000                	unimp
     41e:	0199                	addi	gp,gp,6 # 80005226 <__global_pointer$+0x6>
     420:	0000                	unimp
     422:	a202                	fsd	ft0,256(sp)
     424:	0002                	c.slli64	zero
     426:	2500                	fld	fs0,8(a0)
     428:	00b1                	addi	ra,ra,12
     42a:	0000                	unimp
     42c:	000001ef          	jal	gp,42c <__stack_align+0x41c>
     430:	520d                	li	tp,-29
     432:	635f 2600 02c8      	.insn	6, 0x02c82600635f
     438:	0000                	unimp
     43a:	735f5203          	lhu	tp,1845(t5)
     43e:	2600                	fld	fs0,8(a2)
     440:	0002c803          	lbu	a6,0(t0)
     444:	2900                	fld	fs0,16(a0)
     446:	0002                	c.slli64	zero
     448:	0300                	addi	s0,sp,384
     44a:	5f52                	lw	t5,52(sp)
     44c:	0065                	c.nop	25
     44e:	0326                	slli	t1,t1,0x9
     450:	02c8                	addi	a0,sp,324
     452:	0000                	unimp
     454:	00000237          	lui	tp,0x0
     458:	665f5203          	lhu	tp,1637(t5)
     45c:	2600                	fld	fs0,8(a2)
     45e:	0000b103          	ld	sp,0(ra)
     462:	9700                	.insn	2, 0x9700
     464:	0002                	c.slli64	zero
     466:	0300                	addi	s0,sp,384
     468:	0072                	c.slli	zero,0x1c
     46a:	006d0a27          	.insn	4, 0x006d0a27
     46e:	0000                	unimp
     470:	00000317          	auipc	t1,0x0
     474:	340e                	fld	fs0,224(sp)
     476:	0000                	unimp
     478:	5900                	lw	s0,48(a0)
     47a:	0002                	c.slli64	zero
     47c:	0700                	addi	s0,sp,896
     47e:	02df 0000 432a      	.insn	6, 0x432a000002df
     484:	0001                	nop
     486:	0000                	unimp
     488:	3b0e                	fld	fs6,224(sp)
     48a:	0000                	unimp
     48c:	ab00                	fsd	fs0,16(a4)
     48e:	0002                	c.slli64	zero
     490:	0200                	addi	s0,sp,256
     492:	02f9                	addi	t0,t0,30
     494:	0000                	unimp
     496:	5130                	lw	a2,96(a0)
     498:	0000                	unimp
     49a:	1f00                	addi	s0,sp,944
     49c:	13000003          	lb	zero,304(zero) # 130 <__stack_align+0x120>
     4a0:	0050                	addi	a2,sp,4
     4a2:	0000                	unimp
     4a4:	0002ca07          	.insn	4, 0x0002ca07
     4a8:	3000                	fld	fs0,32(s0)
     4aa:	02c8                	addi	a0,sp,324
     4ac:	0000                	unimp
     4ae:	8802                	jr	a6
     4b0:	0002                	c.slli64	zero
     4b2:	3000                	fld	fs0,32(s0)
     4b4:	02c8                	addi	a0,sp,324
     4b6:	0000                	unimp
     4b8:	0345                	addi	t1,t1,17 # 481 <__stack_align+0x471>
     4ba:	0000                	unimp
     4bc:	b502                	fsd	ft0,168(sp)
     4be:	0002                	c.slli64	zero
     4c0:	3000                	fld	fs0,32(s0)
     4c2:	02c8                	addi	a0,sp,324
     4c4:	0000                	unimp
     4c6:	0354                	addi	a3,sp,388
     4c8:	0000                	unimp
     4ca:	6c02                	ld	s8,0(sp)
     4cc:	0002                	c.slli64	zero
     4ce:	3000                	fld	fs0,32(s0)
     4d0:	00b1                	addi	ra,ra,12
     4d2:	0000                	unimp
     4d4:	0365                	addi	t1,t1,25
     4d6:	0000                	unimp
     4d8:	0000                	unimp
     4da:	fc14                	sd	a3,56(s0)
     4dc:	003c                	addi	a5,sp,8
     4de:	0080                	addi	s0,sp,64
     4e0:	0000                	unimp
     4e2:	1600                	addi	s0,sp,800
     4e4:	0000                	unimp
     4e6:	0000                	unimp
     4e8:	0000                	unimp
     4ea:	0700                	addi	s0,sp,896
     4ec:	0240                	addi	s0,sp,260
     4ee:	0000                	unimp
     4f0:	b830                	fsd	fa2,112(s0)
     4f2:	0000                	unimp
     4f4:	0000                	unimp
     4f6:	0100                	addi	s0,sp,128
     4f8:	0508                	addi	a0,sp,640
     4fa:	0150                	addi	a2,sp,132
     4fc:	0000                	unimp
     4fe:	cd00                	sw	s0,24(a0)
     500:	0000                	unimp
     502:	0500                	addi	s0,sp,640
     504:	0100                	addi	s0,sp,128
     506:	8f08                	.insn	2, 0x8f08
     508:	0002                	c.slli64	zero
     50a:	0200                	addi	s0,sp,256
     50c:	035e                	slli	t1,t1,0x17
     50e:	0000                	unimp
     510:	231d                	addiw	t1,t1,7
     512:	0002                	c.slli64	zero
     514:	f300                	sd	s0,32(a4)
     516:	0001                	nop
     518:	e000                	sd	s0,0(s0)
     51a:	003d                	c.nop	15
     51c:	0080                	addi	s0,sp,64
     51e:	0000                	unimp
     520:	1400                	addi	s0,sp,544
     522:	0000                	unimp
     524:	0000                	unimp
     526:	0000                	unimp
     528:	3100                	fld	fs0,32(a0)
     52a:	0009                	c.nop	2
     52c:	0300                	addi	s0,sp,384
     52e:	0504                	addi	s1,sp,640
     530:	6e69                	lui	t3,0x1a
     532:	0074                	addi	a3,sp,12
     534:	0801                	addi	a6,a6,0
     536:	5505                	li	a0,-31
     538:	0001                	nop
     53a:	0100                	addi	s0,sp,128
     53c:	0708                	addi	a0,sp,896
     53e:	0134                	addi	a3,sp,136
     540:	0000                	unimp
     542:	0801                	addi	a6,a6,0
     544:	5005                	c.li	zero,-31
     546:	0001                	nop
     548:	0100                	addi	s0,sp,128
     54a:	0410                	addi	a2,sp,512
     54c:	033c                	addi	a5,sp,392
     54e:	0000                	unimp
     550:	0401                	addi	s0,s0,0
     552:	00013907          	fld	fs2,0(sp) # 0 <__boot_hart>
     556:	0100                	addi	s0,sp,128
     558:	0601                	addi	a2,a2,0
     55a:	00ec                	addi	a1,sp,76
     55c:	0000                	unimp
     55e:	0101                	addi	sp,sp,0
     560:	ea08                	sd	a0,16(a2)
     562:	0000                	unimp
     564:	0100                	addi	s0,sp,128
     566:	0502                	c.slli64	a0
     568:	015e                	slli	sp,sp,0x17
     56a:	0000                	unimp
     56c:	0201                	addi	tp,tp,0 # 0 <__boot_hart>
     56e:	0000f807          	.insn	4, 0xf807
     572:	0100                	addi	s0,sp,128
     574:	0801                	addi	a6,a6,0
     576:	000000f3          	.insn	4, 0x00f3
     57a:	0801                	addi	a6,a6,0
     57c:	00012f07          	flw	ft10,0(sp)
     580:	0400                	addi	s0,sp,512
     582:	03ec                	addi	a1,sp,460
     584:	0000                	unimp
     586:	1302                	slli	t1,t1,0x20
     588:	8e0d                	sub	a2,a2,a1
     58a:	0000                	unimp
     58c:	0500                	addi	s0,sp,640
     58e:	2e08                	fld	fa0,24(a2)
     590:	0000                	unimp
     592:	0600                	addi	s0,sp,768
     594:	0352                	slli	t1,t1,0x14
     596:	0000                	unimp
     598:	0401                	addi	s0,s0,0
     59a:	2e05                	addiw	t3,t3,1 # 1a001 <__stack_size+0x12001>
     59c:	0000                	unimp
     59e:	e000                	sd	s0,0(s0)
     5a0:	003d                	c.nop	15
     5a2:	0080                	addi	s0,sp,64
     5a4:	0000                	unimp
     5a6:	1400                	addi	s0,sp,544
     5a8:	0000                	unimp
     5aa:	0000                	unimp
     5ac:	0000                	unimp
     5ae:	0100                	addi	s0,sp,128
     5b0:	079c                	addi	a5,sp,960
     5b2:	0359                	addi	t1,t1,22
     5b4:	0000                	unimp
     5b6:	0401                	addi	s0,s0,0
     5b8:	2e10                	fld	fa2,24(a2)
     5ba:	0000                	unimp
     5bc:	8700                	.insn	2, 0x8700
     5be:	08000003          	lb	zero,128(zero) # 80 <__stack_align+0x70>
     5c2:	3de8                	fld	fa0,248(a1)
     5c4:	8000                	.insn	2, 0x8000
     5c6:	0000                	unimp
     5c8:	0000                	unimp
     5ca:	0082                	c.slli64	ra
     5cc:	0000                	unimp
     5ce:	0000                	unimp
     5d0:	00e0                	addi	s0,sp,76
     5d2:	0000                	unimp
     5d4:	0005                	c.nop	1
     5d6:	0801                	addi	a6,a6,0
     5d8:	030c                	addi	a1,sp,384
     5da:	0000                	unimp
     5dc:	5e04                	lw	s1,56(a2)
     5de:	1d000003          	lb	zero,464(zero) # 1d0 <__stack_align+0x1c0>
     5e2:	028e                	slli	t0,t0,0x3
     5e4:	0000                	unimp
     5e6:	000001f3          	.insn	4, 0x01f3
     5ea:	3df4                	fld	fa3,248(a1)
     5ec:	8000                	.insn	2, 0x8000
     5ee:	0000                	unimp
     5f0:	0000                	unimp
     5f2:	0022                	c.slli	zero,0x8
     5f4:	0000                	unimp
     5f6:	0000                	unimp
     5f8:	0000                	unimp
     5fa:	000009c7          	fmsub.s	fs3,ft0,ft0,ft0,rne
     5fe:	0801                	addi	a6,a6,0
     600:	5505                	li	a0,-31
     602:	0001                	nop
     604:	0100                	addi	s0,sp,128
     606:	0708                	addi	a0,sp,896
     608:	0134                	addi	a3,sp,136
     60a:	0000                	unimp
     60c:	0405                	addi	s0,s0,1
     60e:	6905                	lui	s2,0x1
     610:	746e                	ld	s0,248(sp)
     612:	0100                	addi	s0,sp,128
     614:	0508                	addi	a0,sp,640
     616:	0150                	addi	a2,sp,132
     618:	0000                	unimp
     61a:	1001                	c.nop	-32
     61c:	3c04                	fld	fs1,56(s0)
     61e:	01000003          	lb	zero,16(zero) # 10 <__stack_align>
     622:	0601                	addi	a2,a2,0
     624:	00ec                	addi	a1,sp,76
     626:	0000                	unimp
     628:	0101                	addi	sp,sp,0
     62a:	ea08                	sd	a0,16(a2)
     62c:	0000                	unimp
     62e:	0100                	addi	s0,sp,128
     630:	0502                	c.slli64	a0
     632:	015e                	slli	sp,sp,0x17
     634:	0000                	unimp
     636:	0201                	addi	tp,tp,0 # 0 <__boot_hart>
     638:	0000f807          	.insn	4, 0xf807
     63c:	0100                	addi	s0,sp,128
     63e:	0704                	addi	s1,sp,896
     640:	0139                	addi	sp,sp,14
     642:	0000                	unimp
     644:	0f02                	c.slli64	t5
     646:	0004                	.insn	2, 0x0004
     648:	0200                	addi	s0,sp,256
     64a:	1969                	addi	s2,s2,-6 # ffa <__stack_align+0xfea>
     64c:	0035                	c.nop	13
     64e:	0000                	unimp
     650:	1102                	slli	sp,sp,0x20
     652:	0004                	.insn	2, 0x0004
     654:	0300                	addi	s0,sp,384
     656:	143c                	addi	a5,sp,552
     658:	0074                	addi	a3,sp,12
     65a:	0000                	unimp
     65c:	8006                	c.mv	zero,ra
     65e:	0000                	unimp
     660:	0100                	addi	s0,sp,128
     662:	0801                	addi	a6,a6,0
     664:	000000f3          	.insn	4, 0x00f3
     668:	0003f403          	.insn	4, 0x0003f403
     66c:	0600                	addi	s0,sp,768
     66e:	008c                	addi	a1,sp,64
     670:	0000                	unimp
     672:	00040103          	lb	sp,0(s0)
     676:	0700                	addi	s0,sp,896
     678:	008c                	addi	a1,sp,64
     67a:	0000                	unimp
     67c:	0003fb07          	.insn	4, 0x0003fb07
     680:	0100                	addi	s0,sp,128
     682:	2104                	fld	fs1,0(a0)
     684:	3df4                	fld	fa3,248(a1)
     686:	8000                	.insn	2, 0x8000
     688:	0000                	unimp
     68a:	0000                	unimp
     68c:	0022                	c.slli	zero,0x8
     68e:	0000                	unimp
     690:	0000                	unimp
     692:	0000                	unimp
     694:	9c01                	subw	s0,s0,s0
     696:	0a08                	addi	a0,sp,272
     698:	0004                	.insn	2, 0x0004
     69a:	0100                	addi	s0,sp,128
     69c:	2b04                	fld	fs1,16(a4)
     69e:	003c                	addi	a5,sp,8
     6a0:	0000                	unimp
     6a2:	5a01                	li	s4,-32
     6a4:	6309                	lui	t1,0x2
     6a6:	646d                	lui	s0,0x1b
     6a8:	0100                	addi	s0,sp,128
     6aa:	0e06                	slli	t3,t3,0x1
     6ac:	0080                	addi	s0,sp,64
     6ae:	0000                	unimp
     6b0:	5f01                	li	t5,-32
     6b2:	0000                	unimp
     6b4:	02da                	slli	t0,t0,0x16
     6b6:	0000                	unimp
     6b8:	0005                	c.nop	1
     6ba:	0801                	addi	a6,a6,0
     6bc:	039f 0000 5e06      	.insn	6, 0x5e060000039f
     6c2:	1d000003          	lb	zero,464(zero) # 1d0 <__stack_align+0x1c0>
     6c6:	031a                	slli	t1,t1,0x6
     6c8:	0000                	unimp
     6ca:	000001f3          	.insn	4, 0x01f3
     6ce:	3e16                	fld	ft8,352(sp)
     6d0:	8000                	.insn	2, 0x8000
     6d2:	0000                	unimp
     6d4:	0000                	unimp
     6d6:	0014                	.insn	2, 0x0014
     6d8:	0000                	unimp
     6da:	0000                	unimp
     6dc:	0000                	unimp
     6de:	0a86                	slli	s5,s5,0x1
     6e0:	0000                	unimp
     6e2:	69050407          	.insn	4, 0x69050407
     6e6:	746e                	ld	s0,248(sp)
     6e8:	0300                	addi	s0,sp,384
     6ea:	0508                	addi	a0,sp,640
     6ec:	0155                	addi	sp,sp,21
     6ee:	0000                	unimp
     6f0:	34070803          	lb	a6,832(a4)
     6f4:	0001                	nop
     6f6:	0300                	addi	s0,sp,384
     6f8:	0508                	addi	a0,sp,640
     6fa:	0150                	addi	a2,sp,132
     6fc:	0000                	unimp
     6fe:	3c041003          	lh	zero,960(s0) # 1b3c0 <__stack_size+0x133c0>
     702:	03000003          	lb	zero,48(zero) # 30 <__stack_align+0x20>
     706:	0704                	addi	s1,sp,896
     708:	0139                	addi	sp,sp,14
     70a:	0000                	unimp
     70c:	ec060103          	lb	sp,-320(a2)
     710:	0000                	unimp
     712:	0300                	addi	s0,sp,384
     714:	0801                	addi	a6,a6,0
     716:	00ea                	slli	ra,ra,0x1a
     718:	0000                	unimp
     71a:	5e050203          	lb	tp,1504(a0) # 25e0 <__stack_align+0x25d0>
     71e:	0001                	nop
     720:	0300                	addi	s0,sp,384
     722:	0702                	c.slli64	a4
     724:	00f8                	addi	a4,sp,76
     726:	0000                	unimp
     728:	9201                	srli	a2,a2,0x20
     72a:	0004                	.insn	2, 0x0004
     72c:	0200                	addi	s0,sp,256
     72e:	0051194f          	fnmadd.s	fs2,ft2,ft5,ft0,rtz
     732:	0000                	unimp
     734:	b101                	j	334 <__stack_align+0x324>
     736:	0004                	.insn	2, 0x0004
     738:	0300                	addi	s0,sp,384
     73a:	0e1e                	slli	t3,t3,0x7
     73c:	0035                	c.nop	13
     73e:	0000                	unimp
     740:	a501                	j	d40 <__stack_align+0xd30>
     742:	0004                	.insn	2, 0x0004
     744:	0300                	addi	s0,sp,384
     746:	0e22                	slli	t3,t3,0x8
     748:	0035                	c.nop	13
     74a:	0000                	unimp
     74c:	d401                	beqz	s0,654 <__stack_align+0x644>
     74e:	0004                	.insn	2, 0x0004
     750:	0300                	addi	s0,sp,384
     752:	0e2e                	slli	t3,t3,0xb
     754:	0035                	c.nop	13
     756:	0000                	unimp
     758:	5f01                	li	t5,-32
     75a:	0004                	.insn	2, 0x0004
     75c:	0300                	addi	s0,sp,384
     75e:	0f38                	addi	a4,sp,920
     760:	0066                	c.slli	zero,0x19
     762:	0000                	unimp
     764:	1a01                	addi	s4,s4,-32
     766:	0004                	.insn	2, 0x0004
     768:	0300                	addi	s0,sp,384
     76a:	183c                	addi	a5,sp,56
     76c:	006d                	c.nop	27
     76e:	0000                	unimp
     770:	cb01                	beqz	a4,780 <__stack_align+0x770>
     772:	0004                	.insn	2, 0x0004
     774:	0300                	addi	s0,sp,384
     776:	006d183f fb010000 	.insn	8, 0xfb010000006d183f
     77e:	0004                	.insn	2, 0x0004
     780:	0300                	addi	s0,sp,384
     782:	006d184b          	fnmsub.s	fa6,fs10,ft6,ft0,rtz
     786:	0000                	unimp
     788:	f201                	bnez	a2,688 <__stack_align+0x678>
     78a:	0004                	.insn	2, 0x0004
     78c:	0300                	addi	s0,sp,384
     78e:	145a                	slli	s0,s0,0x36
     790:	0074                	addi	a3,sp,12
     792:	0000                	unimp
     794:	d301                	beqz	a4,694 <__stack_align+0x684>
     796:	0004                	.insn	2, 0x0004
     798:	0300                	addi	s0,sp,384
     79a:	1066                	c.slli	zero,0x39
     79c:	0098                	addi	a4,sp,64
     79e:	0000                	unimp
     7a0:	8801                	andi	s0,s0,0
     7a2:	0004                	.insn	2, 0x0004
     7a4:	0300                	addi	s0,sp,384
     7a6:	18d5                	addi	a7,a7,-11
     7a8:	006d                	c.nop	27
     7aa:	0000                	unimp
     7ac:	f3080103          	lb	sp,-208(a6)
     7b0:	0000                	unimp
     7b2:	0300                	addi	s0,sp,384
     7b4:	0708                	addi	a0,sp,896
     7b6:	0000012f          	.insn	4, 0x012f
     7ba:	b301                	j	4ba <__stack_align+0x4aa>
     7bc:	0004                	.insn	2, 0x0004
     7be:	0400                	addi	s0,sp,512
     7c0:	1461                	addi	s0,s0,-8
     7c2:	0080                	addi	s0,sp,64
     7c4:	0000                	unimp
     7c6:	a701                	j	ec6 <__stack_align+0xeb6>
     7c8:	0004                	.insn	2, 0x0004
     7ca:	0400                	addi	s0,sp,512
     7cc:	1566                	slli	a0,a0,0x39
     7ce:	008c                	addi	a1,sp,64
     7d0:	0000                	unimp
     7d2:	8101                	c.srli64	a0
     7d4:	0004                	.insn	2, 0x0004
     7d6:	0400                	addi	s0,sp,512
     7d8:	1271                	addi	tp,tp,-4 # fffffffffffffffc <__heap_end+0xffffffff7ffdaffc>
     7da:	0035                	c.nop	13
     7dc:	0000                	unimp
     7de:	fd01                	bnez	a0,6f6 <__stack_align+0x6e6>
     7e0:	0004                	.insn	2, 0x0004
     7e2:	0400                	addi	s0,sp,512
     7e4:	1289                	addi	t0,t0,-30
     7e6:	00c8                	addi	a0,sp,68
     7e8:	0000                	unimp
     7ea:	d501                	beqz	a0,6f2 <__stack_align+0x6e2>
     7ec:	0004                	.insn	2, 0x0004
     7ee:	0400                	addi	s0,sp,512
     7f0:	00e0129b          	slliw	t0,zero,0xe
     7f4:	0000                	unimp
     7f6:	6101                	addi	sp,sp,0
     7f8:	0004                	.insn	2, 0x0004
     7fa:	0400                	addi	s0,sp,512
     7fc:	129f 00a4 0000      	.insn	6, 0x00a4129f
     802:	1c01                	addi	s8,s8,-32 # 321aa <__heap_size+0x121aa>
     804:	0004                	.insn	2, 0x0004
     806:	0400                	addi	s0,sp,512
     808:	00b012a3          	sh	a1,5(zero) # 5 <__boot_hart+0x5>
     80c:	0000                	unimp
     80e:	cd01                	beqz	a0,826 <__stack_align+0x816>
     810:	0004                	.insn	2, 0x0004
     812:	0400                	addi	s0,sp,512
     814:	00bc12a7          	.insn	4, 0x00bc12a7
     818:	0000                	unimp
     81a:	f401                	bnez	s0,722 <__stack_align+0x712>
     81c:	0004                	.insn	2, 0x0004
     81e:	0400                	addi	s0,sp,512
     820:	00d412bb          	sllw	t0,s0,a3
     824:	0000                	unimp
     826:	8a01                	andi	a2,a2,0
     828:	0004                	.insn	2, 0x0004
     82a:	0400                	addi	s0,sp,512
     82c:	13c0                	addi	s0,sp,484
     82e:	00ec                	addi	a1,sp,76
     830:	0000                	unimp
     832:	e204                	sd	s1,0(a2)
     834:	0004                	.insn	2, 0x0004
     836:	1000                	addi	s0,sp,32
     838:	2f05                	addiw	t5,t5,1
     83a:	01a5                	addi	gp,gp,9 # 80005229 <__global_pointer$+0x9>
     83c:	0000                	unimp
     83e:	db02                	sw	zero,180(sp)
     840:	0004                	.insn	2, 0x0004
     842:	0500                	addi	s0,sp,640
     844:	0930                	addi	a2,sp,152
     846:	011e                	slli	sp,sp,0x7
     848:	0000                	unimp
     84a:	0200                	addi	s0,sp,256
     84c:	0000042b          	.insn	4, 0x042b
     850:	3105                	addiw	sp,sp,-31
     852:	00003507          	fld	fa0,0(zero) # 0 <__boot_hart>
     856:	0800                	addi	s0,sp,16
     858:	0400                	addi	s0,sp,512
     85a:	04ed                	addi	s1,s1,27
     85c:	0000                	unimp
     85e:	0668                	addi	a0,sp,780
     860:	0002681b          	.insn	4, 0x0002681b
     864:	0200                	addi	s0,sp,256
     866:	00000503          	lb	a0,0(zero) # 0 <__boot_hart>
     86a:	1d06                	slli	s10,s10,0x21
     86c:	420a                	lw	tp,128(sp)
     86e:	0001                	nop
     870:	0000                	unimp
     872:	4302                	lw	t1,0(sp)
     874:	0004                	.insn	2, 0x0004
     876:	0600                	addi	s0,sp,768
     878:	0a1e                	slli	s4,s4,0x7
     87a:	012a                	slli	sp,sp,0xa
     87c:	0000                	unimp
     87e:	0202                	c.slli64	tp
     880:	0471                	addi	s0,s0,28
     882:	0000                	unimp
     884:	1f06                	slli	t5,t5,0x21
     886:	660a                	ld	a2,128(sp)
     888:	0001                	nop
     88a:	0400                	addi	s0,sp,512
     88c:	2202                	fld	ft4,0(sp)
     88e:	0004                	.insn	2, 0x0004
     890:	0600                	addi	s0,sp,768
     892:	0b20                	addi	s0,sp,408
     894:	0172                	slli	sp,sp,0x1c
     896:	0000                	unimp
     898:	0208                	addi	a0,sp,256
     89a:	04c4                	addi	s1,sp,580
     89c:	0000                	unimp
     89e:	2106                	fld	ft2,64(sp)
     8a0:	4e0a                	lw	t3,128(sp)
     8a2:	0001                	nop
     8a4:	0a00                	addi	s0,sp,272
     8a6:	0a02                	c.slli64	s4
     8a8:	0005                	c.nop	1
     8aa:	0600                	addi	s0,sp,768
     8ac:	0a22                	slli	s4,s4,0x8
     8ae:	015a                	slli	sp,sp,0x16
     8b0:	0000                	unimp
     8b2:	020c                	addi	a1,sp,256
     8b4:	049d                	addi	s1,s1,7
     8b6:	0000                	unimp
     8b8:	2306                	fld	ft6,64(sp)
     8ba:	420a                	lw	tp,128(sp)
     8bc:	0001                	nop
     8be:	0e00                	addi	s0,sp,784
     8c0:	3302                	fld	ft6,32(sp)
     8c2:	0004                	.insn	2, 0x0004
     8c4:	0600                	addi	s0,sp,768
     8c6:	0a24                	addi	s1,sp,280
     8c8:	0136                	slli	sp,sp,0xd
     8ca:	0000                	unimp
     8cc:	0210                	addi	a2,sp,256
     8ce:	0479                	addi	s0,s0,30
     8d0:	0000                	unimp
     8d2:	2a06                	fld	fs4,64(sp)
     8d4:	00017e13          	andi	t3,sp,0
     8d8:	1800                	addi	s0,sp,48
     8da:	3b02                	fld	fs6,32(sp)
     8dc:	0004                	.insn	2, 0x0004
     8de:	0600                	addi	s0,sp,768
     8e0:	017e132b          	.insn	4, 0x017e132b
     8e4:	0000                	unimp
     8e6:	0228                	addi	a0,sp,264
     8e8:	04bc                	addi	a5,sp,584
     8ea:	0000                	unimp
     8ec:	2c06                	fld	fs8,64(sp)
     8ee:	00017e13          	andi	t3,sp,0
     8f2:	3800                	fld	fs0,48(s0)
     8f4:	4a02                	lw	s4,0(sp)
     8f6:	0004                	.insn	2, 0x0004
     8f8:	0600                	addi	s0,sp,768
     8fa:	112d                	addi	sp,sp,-21
     8fc:	0112                	slli	sp,sp,0x4
     8fe:	0000                	unimp
     900:	0248                	addi	a0,sp,260
     902:	00000467          	jalr	s0,zero # 0 <__boot_hart>
     906:	2e06                	fld	ft8,64(sp)
     908:	060c                	addi	a1,sp,768
     90a:	0001                	nop
     90c:	5000                	lw	s0,32(s0)
     90e:	5502                	lw	a0,32(sp)
     910:	0004                	.insn	2, 0x0004
     912:	0600                	addi	s0,sp,768
     914:	0930                	addi	a2,sp,152
     916:	0268                	addi	a0,sp,268
     918:	0000                	unimp
     91a:	0058                	addi	a4,sp,4
     91c:	3508                	fld	fa0,40(a0)
     91e:	0000                	unimp
     920:	7800                	ld	s0,48(s0)
     922:	0002                	c.slli64	zero
     924:	0900                	addi	s0,sp,144
     926:	003c                	addi	a5,sp,8
     928:	0000                	unimp
     92a:	0001                	nop
     92c:	ec0a                	sd	sp,24(sp)
     92e:	07000003          	lb	zero,112(zero) # 70 <__stack_align+0x60>
     932:	02840d13          	addi	s10,s0,40
     936:	0000                	unimp
     938:	2e05                	addiw	t3,t3,1
     93a:	0000                	unimp
     93c:	0b00                	addi	s0,sp,400
     93e:	000004eb          	.insn	4, 0x04eb
     942:	0501                	addi	a0,a0,0
     944:	2e05                	addiw	t3,t3,1
     946:	0000                	unimp
     948:	1600                	addi	s0,sp,800
     94a:	003e                	c.slli	zero,0xf
     94c:	0080                	addi	s0,sp,64
     94e:	0000                	unimp
     950:	1400                	addi	s0,sp,544
     952:	0000                	unimp
     954:	0000                	unimp
     956:	0000                	unimp
     958:	0100                	addi	s0,sp,128
     95a:	d89c                	sw	a5,48(s1)
     95c:	0002                	c.slli64	zero
     95e:	0c00                	addi	s0,sp,528
     960:	0359                	addi	t1,t1,22 # 2016 <__stack_align+0x2006>
     962:	0000                	unimp
     964:	0501                	addi	a0,a0,0
     966:	2e10                	fld	fa2,24(a2)
     968:	0000                	unimp
     96a:	a100                	fsd	fs0,0(a0)
     96c:	0d000003          	lb	zero,208(zero) # d0 <__stack_align+0xc0>
     970:	01007473          	csrrci	s0,0x10,0
     974:	2305                	addiw	t1,t1,1
     976:	02d8                	addi	a4,sp,324
     978:	0000                	unimp
     97a:	000003af          	.insn	4, 0x03af
     97e:	1e0e                	slli	t3,t3,0x23
     980:	003e                	c.slli	zero,0xf
     982:	0080                	addi	s0,sp,64
     984:	0000                	unimp
     986:	7800                	ld	s0,48(s0)
     988:	0002                	c.slli64	zero
     98a:	0000                	unimp
     98c:	a505                	j	fac <__stack_align+0xf9c>
     98e:	0001                	nop
     990:	0000                	unimp
     992:	009d                	addi	ra,ra,7
     994:	0000                	unimp
     996:	0005                	c.nop	1
     998:	0801                	addi	a6,a6,0
     99a:	0474                	addi	a3,sp,524
     99c:	0000                	unimp
     99e:	5e02                	lw	t3,32(sp)
     9a0:	1d000003          	lb	zero,464(zero) # 1d0 <__stack_align+0x1c0>
     9a4:	033c                	addi	a5,sp,392
     9a6:	0000                	unimp
     9a8:	000001f3          	.insn	4, 0x01f3
     9ac:	3e2a                	fld	ft8,168(sp)
     9ae:	8000                	.insn	2, 0x8000
     9b0:	0000                	unimp
     9b2:	0000                	unimp
     9b4:	0004                	.insn	2, 0x0004
     9b6:	0000                	unimp
     9b8:	0000                	unimp
     9ba:	0000                	unimp
     9bc:	0b39                	addi	s6,s6,14
     9be:	0000                	unimp
     9c0:	69050403          	lb	s0,1680(a0)
     9c4:	746e                	ld	s0,248(sp)
     9c6:	0100                	addi	s0,sp,128
     9c8:	0508                	addi	a0,sp,640
     9ca:	0155                	addi	sp,sp,21
     9cc:	0000                	unimp
     9ce:	0801                	addi	a6,a6,0
     9d0:	00013407          	fld	fs0,0(sp)
     9d4:	0100                	addi	s0,sp,128
     9d6:	0508                	addi	a0,sp,640
     9d8:	0150                	addi	a2,sp,132
     9da:	0000                	unimp
     9dc:	1001                	c.nop	-32
     9de:	3c04                	fld	fs1,56(s0)
     9e0:	01000003          	lb	zero,16(zero) # 10 <__stack_align>
     9e4:	0704                	addi	s1,sp,896
     9e6:	0139                	addi	sp,sp,14
     9e8:	0000                	unimp
     9ea:	0101                	addi	sp,sp,0
     9ec:	ec06                	sd	ra,24(sp)
     9ee:	0000                	unimp
     9f0:	0100                	addi	s0,sp,128
     9f2:	0801                	addi	a6,a6,0
     9f4:	00ea                	slli	ra,ra,0x1a
     9f6:	0000                	unimp
     9f8:	0201                	addi	tp,tp,0 # 0 <__boot_hart>
     9fa:	5e05                	li	t3,-31
     9fc:	0001                	nop
     9fe:	0100                	addi	s0,sp,128
     a00:	0702                	c.slli64	a4
     a02:	00f8                	addi	a4,sp,76
     a04:	0000                	unimp
     a06:	0101                	addi	sp,sp,0
     a08:	f308                	sd	a0,32(a4)
     a0a:	0000                	unimp
     a0c:	0100                	addi	s0,sp,128
     a0e:	0708                	addi	a0,sp,896
     a10:	0000012f          	.insn	4, 0x012f
     a14:	1104                	addi	s1,sp,160
     a16:	0005                	c.nop	1
     a18:	0100                	addi	s0,sp,128
     a1a:	0504                	addi	s1,sp,640
     a1c:	002e                	c.slli	zero,0xb
     a1e:	0000                	unimp
     a20:	3e2a                	fld	ft8,168(sp)
     a22:	8000                	.insn	2, 0x8000
     a24:	0000                	unimp
     a26:	0000                	unimp
     a28:	0004                	.insn	2, 0x0004
     a2a:	0000                	unimp
     a2c:	0000                	unimp
     a2e:	0000                	unimp
     a30:	9c01                	subw	s0,s0,s0
     a32:	a700                	fsd	fs0,8(a4)
     a34:	0000                	unimp
     a36:	0500                	addi	s0,sp,640
     a38:	0100                	addi	s0,sp,128
     a3a:	b908                	fsd	fa0,48(a0)
     a3c:	0004                	.insn	2, 0x0004
     a3e:	0200                	addi	s0,sp,256
     a40:	035e                	slli	t1,t1,0x17
     a42:	0000                	unimp
     a44:	4c1d                	li	s8,7
     a46:	f3000003          	lb	zero,-208(zero) # ffffffffffffff30 <__heap_end+0xffffffff7ffdaf30>
     a4a:	0001                	nop
     a4c:	2e00                	fld	fs0,24(a2)
     a4e:	003e                	c.slli	zero,0xf
     a50:	0080                	addi	s0,sp,64
     a52:	0000                	unimp
     a54:	0800                	addi	s0,sp,16
     a56:	0000                	unimp
     a58:	0000                	unimp
     a5a:	0000                	unimp
     a5c:	9800                	.insn	2, 0x9800
     a5e:	0100000b          	.insn	4, 0x0100000b
     a62:	0601                	addi	a2,a2,0
     a64:	00ec                	addi	a1,sp,76
     a66:	0000                	unimp
     a68:	0101                	addi	sp,sp,0
     a6a:	ea08                	sd	a0,16(a2)
     a6c:	0000                	unimp
     a6e:	0100                	addi	s0,sp,128
     a70:	0502                	c.slli64	a0
     a72:	015e                	slli	sp,sp,0x17
     a74:	0000                	unimp
     a76:	0201                	addi	tp,tp,0 # 0 <__boot_hart>
     a78:	0000f807          	.insn	4, 0xf807
     a7c:	0300                	addi	s0,sp,384
     a7e:	0504                	addi	s1,sp,640
     a80:	6e69                	lui	t3,0x1a
     a82:	0074                	addi	a3,sp,12
     a84:	0401                	addi	s0,s0,0
     a86:	00013907          	fld	fs2,0(sp)
     a8a:	0100                	addi	s0,sp,128
     a8c:	0508                	addi	a0,sp,640
     a8e:	0155                	addi	sp,sp,21
     a90:	0000                	unimp
     a92:	0801                	addi	a6,a6,0
     a94:	00013407          	fld	fs0,0(sp)
     a98:	0100                	addi	s0,sp,128
     a9a:	0508                	addi	a0,sp,640
     a9c:	0150                	addi	a2,sp,132
     a9e:	0000                	unimp
     aa0:	0101                	addi	sp,sp,0
     aa2:	f308                	sd	a0,32(a4)
     aa4:	0000                	unimp
     aa6:	0100                	addi	s0,sp,128
     aa8:	0410                	addi	a2,sp,512
     aaa:	033c                	addi	a5,sp,392
     aac:	0000                	unimp
     aae:	1904                	addi	s1,sp,176
     ab0:	0005                	c.nop	1
     ab2:	0100                	addi	s0,sp,128
     ab4:	0504                	addi	s1,sp,640
     ab6:	004a                	c.slli	zero,0x12
     ab8:	0000                	unimp
     aba:	3e2e                	fld	ft8,232(sp)
     abc:	8000                	.insn	2, 0x8000
     abe:	0000                	unimp
     ac0:	0000                	unimp
     ac2:	0008                	.insn	2, 0x0008
     ac4:	0000                	unimp
     ac6:	0000                	unimp
     ac8:	0000                	unimp
     aca:	9c01                	subw	s0,s0,s0
     acc:	5905                	li	s2,-31
     ace:	01000003          	lb	zero,16(zero) # 10 <__stack_align>
     ad2:	1104                	addi	s1,sp,160
     ad4:	004a                	c.slli	zero,0x12
     ad6:	0000                	unimp
     ad8:	03c9                	addi	t2,t2,18
     ada:	0000                	unimp
     adc:	0000                	unimp
     ade:	00d9                	addi	ra,ra,22
     ae0:	0000                	unimp
     ae2:	0005                	c.nop	1
     ae4:	0801                	addi	a6,a6,0
     ae6:	0000050f          	.insn	4, 0x050f
     aea:	00035e03          	lhu	t3,0(t1)
     aee:	1d00                	addi	s0,sp,688
     af0:	035c                	addi	a5,sp,388
     af2:	0000                	unimp
     af4:	000001f3          	.insn	4, 0x01f3
     af8:	3e36                	fld	ft8,360(sp)
     afa:	8000                	.insn	2, 0x8000
     afc:	0000                	unimp
     afe:	0000                	unimp
     b00:	0014                	.insn	2, 0x0014
     b02:	0000                	unimp
     b04:	0000                	unimp
     b06:	0000                	unimp
     b08:	0bff 0000 0404 6905 	.insn	10, 0x746e6905040400000bff
     b10:	746e 
     b12:	0100                	addi	s0,sp,128
     b14:	0508                	addi	a0,sp,640
     b16:	0155                	addi	sp,sp,21
     b18:	0000                	unimp
     b1a:	0801                	addi	a6,a6,0
     b1c:	00013407          	fld	fs0,0(sp)
     b20:	0100                	addi	s0,sp,128
     b22:	0508                	addi	a0,sp,640
     b24:	0150                	addi	a2,sp,132
     b26:	0000                	unimp
     b28:	1001                	c.nop	-32
     b2a:	3c04                	fld	fs1,56(s0)
     b2c:	01000003          	lb	zero,16(zero) # 10 <__stack_align>
     b30:	0704                	addi	s1,sp,896
     b32:	0139                	addi	sp,sp,14
     b34:	0000                	unimp
     b36:	0101                	addi	sp,sp,0
     b38:	ec06                	sd	ra,24(sp)
     b3a:	0000                	unimp
     b3c:	0100                	addi	s0,sp,128
     b3e:	0801                	addi	a6,a6,0
     b40:	00ea                	slli	ra,ra,0x1a
     b42:	0000                	unimp
     b44:	0201                	addi	tp,tp,0 # 0 <__boot_hart>
     b46:	5e05                	li	t3,-31
     b48:	0001                	nop
     b4a:	0100                	addi	s0,sp,128
     b4c:	0702                	c.slli64	a4
     b4e:	00f8                	addi	a4,sp,76
     b50:	0000                	unimp
     b52:	0101                	addi	sp,sp,0
     b54:	f308                	sd	a0,32(a4)
     b56:	0000                	unimp
     b58:	0100                	addi	s0,sp,128
     b5a:	0708                	addi	a0,sp,896
     b5c:	0000012f          	.insn	4, 0x012f
     b60:	ec05                	bnez	s0,b98 <__stack_align+0xb88>
     b62:	02000003          	lb	zero,32(zero) # 20 <__stack_align+0x10>
     b66:	008e0d13          	addi	s10,t3,8 # 1a008 <__stack_size+0x12008>
     b6a:	0000                	unimp
     b6c:	0806                	slli	a6,a6,0x1
     b6e:	002e                	c.slli	zero,0xb
     b70:	0000                	unimp
     b72:	00052107          	flw	ft2,0(a0)
     b76:	0100                	addi	s0,sp,128
     b78:	0504                	addi	s1,sp,640
     b7a:	002e                	c.slli	zero,0xb
     b7c:	0000                	unimp
     b7e:	3e36                	fld	ft8,360(sp)
     b80:	8000                	.insn	2, 0x8000
     b82:	0000                	unimp
     b84:	0000                	unimp
     b86:	0014                	.insn	2, 0x0014
     b88:	0000                	unimp
     b8a:	0000                	unimp
     b8c:	0000                	unimp
     b8e:	9c01                	subw	s0,s0,s0
     b90:	7002                	.insn	2, 0x7002
     b92:	6469                	lui	s0,0x1a
     b94:	0f00                	addi	s0,sp,912
     b96:	002e                	c.slli	zero,0xb
     b98:	0000                	unimp
     b9a:	000003e3          	beqz	zero,13a0 <__stack_align+0x1390>
     b9e:	7302                	ld	t1,32(sp)
     ba0:	6769                	lui	a4,0x1a
     ba2:	1800                	addi	s0,sp,48
     ba4:	002e                	c.slli	zero,0xb
     ba6:	0000                	unimp
     ba8:	03f1                	addi	t2,t2,28
     baa:	0000                	unimp
     bac:	3e08                	fld	fa0,56(a2)
     bae:	003e                	c.slli	zero,0xf
     bb0:	0080                	addi	s0,sp,64
     bb2:	0000                	unimp
     bb4:	8200                	.insn	2, 0x8200
     bb6:	0000                	unimp
     bb8:	0000                	unimp
     bba:	0d00                	addi	s0,sp,656
     bbc:	0001                	nop
     bbe:	0500                	addi	s0,sp,640
     bc0:	0100                	addi	s0,sp,128
     bc2:	8e08                	.insn	2, 0x8e08
     bc4:	0005                	c.nop	1
     bc6:	0400                	addi	s0,sp,512
     bc8:	035e                	slli	t1,t1,0x17
     bca:	0000                	unimp
     bcc:	6a1d                	lui	s4,0x7
     bce:	f3000003          	lb	zero,-208(zero) # ffffffffffffff30 <__heap_end+0xffffffff7ffdaf30>
     bd2:	0001                	nop
     bd4:	4a00                	lw	s0,16(a2)
     bd6:	003e                	c.slli	zero,0xf
     bd8:	0080                	addi	s0,sp,64
     bda:	0000                	unimp
     bdc:	1400                	addi	s0,sp,544
     bde:	0000                	unimp
     be0:	0000                	unimp
     be2:	0000                	unimp
     be4:	9500                	.insn	2, 0x9500
     be6:	000c                	.insn	2, 0x000c
     be8:	0500                	addi	s0,sp,640
     bea:	0504                	addi	s1,sp,640
     bec:	6e69                	lui	t3,0x1a
     bee:	0074                	addi	a3,sp,12
     bf0:	0801                	addi	a6,a6,0
     bf2:	5505                	li	a0,-31
     bf4:	0001                	nop
     bf6:	0100                	addi	s0,sp,128
     bf8:	0708                	addi	a0,sp,896
     bfa:	0134                	addi	a3,sp,136
     bfc:	0000                	unimp
     bfe:	0801                	addi	a6,a6,0
     c00:	5005                	c.li	zero,-31
     c02:	0001                	nop
     c04:	0100                	addi	s0,sp,128
     c06:	0410                	addi	a2,sp,512
     c08:	033c                	addi	a5,sp,392
     c0a:	0000                	unimp
     c0c:	0401                	addi	s0,s0,0 # 1a000 <__stack_size+0x12000>
     c0e:	00013907          	fld	fs2,0(sp)
     c12:	0100                	addi	s0,sp,128
     c14:	0601                	addi	a2,a2,0
     c16:	00ec                	addi	a1,sp,76
     c18:	0000                	unimp
     c1a:	0101                	addi	sp,sp,0
     c1c:	ea08                	sd	a0,16(a2)
     c1e:	0000                	unimp
     c20:	0100                	addi	s0,sp,128
     c22:	0502                	c.slli64	a0
     c24:	015e                	slli	sp,sp,0x17
     c26:	0000                	unimp
     c28:	0201                	addi	tp,tp,0 # 0 <__boot_hart>
     c2a:	0000f807          	.insn	4, 0xf807
     c2e:	0200                	addi	s0,sp,256
     c30:	04d4                	addi	a3,sp,580
     c32:	0000                	unimp
     c34:	2e02                	fld	ft8,0(sp)
     c36:	350e                	fld	fa0,224(sp)
     c38:	0000                	unimp
     c3a:	0200                	addi	s0,sp,256
     c3c:	000004d3          	fadd.s	fs1,ft0,ft0,rne
     c40:	6602                	ld	a2,0(sp)
     c42:	7410                	ld	a2,40(s0)
     c44:	0000                	unimp
     c46:	0100                	addi	s0,sp,128
     c48:	0801                	addi	a6,a6,0
     c4a:	000000f3          	.insn	4, 0x00f3
     c4e:	0801                	addi	a6,a6,0
     c50:	00012f07          	flw	ft10,0(sp)
     c54:	0200                	addi	s0,sp,256
     c56:	04d5                	addi	s1,s1,21
     c58:	0000                	unimp
     c5a:	80129b03          	lh	s6,-2047(t0)
     c5e:	0000                	unimp
     c60:	0600                	addi	s0,sp,768
     c62:	03ec                	addi	a1,sp,460
     c64:	0000                	unimp
     c66:	1304                	addi	s1,sp,416
     c68:	b20d                	j	58a <__stack_align+0x57a>
     c6a:	0000                	unimp
     c6c:	0700                	addi	s0,sp,896
     c6e:	2e08                	fld	fa0,24(a2)
     c70:	0000                	unimp
     c72:	0800                	addi	s0,sp,16
     c74:	00000527          	.insn	4, 0x0527
     c78:	0501                	addi	a0,a0,0
     c7a:	00009a07          	.insn	4, 0x9a07
     c7e:	4a00                	lw	s0,16(a2)
     c80:	003e                	c.slli	zero,0xf
     c82:	0080                	addi	s0,sp,64
     c84:	0000                	unimp
     c86:	1400                	addi	s0,sp,544
     c88:	0000                	unimp
     c8a:	0000                	unimp
     c8c:	0000                	unimp
     c8e:	0100                	addi	s0,sp,128
     c90:	099c                	addi	a5,sp,208
     c92:	0359                	addi	t1,t1,22
     c94:	0000                	unimp
     c96:	0501                	addi	a0,a0,0
     c98:	2e12                	fld	ft8,256(sp)
     c9a:	0000                	unimp
     c9c:	0b00                	addi	s0,sp,400
     c9e:	0004                	.insn	2, 0x0004
     ca0:	0300                	addi	s0,sp,384
     ca2:	7470                	ld	a2,232(s0)
     ca4:	0072                	c.slli	zero,0x1c
     ca6:	9a1e                	add	s4,s4,t2
     ca8:	0000                	unimp
     caa:	1900                	addi	s0,sp,176
     cac:	0004                	.insn	2, 0x0004
     cae:	0300                	addi	s0,sp,384
     cb0:	6964                	ld	s1,208(a0)
     cb2:	0072                	c.slli	zero,0x1c
     cb4:	00002e27          	fsw	ft0,28(zero) # 1c <__stack_align+0xc>
     cb8:	2700                	fld	fs0,8(a4)
     cba:	0004                	.insn	2, 0x0004
     cbc:	0a00                	addi	s0,sp,272
     cbe:	3e52                	fld	ft8,304(sp)
     cc0:	8000                	.insn	2, 0x8000
     cc2:	0000                	unimp
     cc4:	0000                	unimp
     cc6:	00a6                	slli	ra,ra,0x9
     cc8:	0000                	unimp
     cca:	0000                	unimp
     ccc:	0000010f          	.insn	4, 0x010f
     cd0:	0005                	c.nop	1
     cd2:	0801                	addi	a6,a6,0
     cd4:	062d                	addi	a2,a2,11
     cd6:	0000                	unimp
     cd8:	5e04                	lw	s1,56(a2)
     cda:	1d000003          	lb	zero,464(zero) # 1d0 <__stack_align+0x1c0>
     cde:	0379                	addi	t1,t1,30
     ce0:	0000                	unimp
     ce2:	000001f3          	.insn	4, 0x01f3
     ce6:	3e5e                	fld	ft8,496(sp)
     ce8:	8000                	.insn	2, 0x8000
     cea:	0000                	unimp
     cec:	0000                	unimp
     cee:	0016                	c.slli	zero,0x5
     cf0:	0000                	unimp
     cf2:	0000                	unimp
     cf4:	0000                	unimp
     cf6:	0d35                	addi	s10,s10,13
     cf8:	0000                	unimp
     cfa:	0405                	addi	s0,s0,1
     cfc:	6905                	lui	s2,0x1
     cfe:	746e                	ld	s0,248(sp)
     d00:	0100                	addi	s0,sp,128
     d02:	0508                	addi	a0,sp,640
     d04:	0155                	addi	sp,sp,21
     d06:	0000                	unimp
     d08:	aa02                	fsd	ft0,272(sp)
     d0a:	0004                	.insn	2, 0x0004
     d0c:	0200                	addi	s0,sp,256
     d0e:	17d6                	slli	a5,a5,0x35
     d10:	0048                	addi	a0,sp,4
     d12:	0000                	unimp
     d14:	0801                	addi	a6,a6,0
     d16:	00013407          	fld	fs0,0(sp)
     d1a:	0100                	addi	s0,sp,128
     d1c:	0508                	addi	a0,sp,640
     d1e:	0150                	addi	a2,sp,132
     d20:	0000                	unimp
     d22:	1001                	c.nop	-32
     d24:	3c04                	fld	fs1,56(s0)
     d26:	01000003          	lb	zero,16(zero) # 10 <__stack_align>
     d2a:	0704                	addi	s1,sp,896
     d2c:	0139                	addi	sp,sp,14
     d2e:	0000                	unimp
     d30:	0101                	addi	sp,sp,0
     d32:	ec06                	sd	ra,24(sp)
     d34:	0000                	unimp
     d36:	0100                	addi	s0,sp,128
     d38:	0801                	addi	a6,a6,0
     d3a:	00ea                	slli	ra,ra,0x1a
     d3c:	0000                	unimp
     d3e:	0201                	addi	tp,tp,0 # 0 <__boot_hart>
     d40:	5e05                	li	t3,-31
     d42:	0001                	nop
     d44:	0100                	addi	s0,sp,128
     d46:	0702                	c.slli64	a4
     d48:	00f8                	addi	a4,sp,76
     d4a:	0000                	unimp
     d4c:	3402                	fld	fs0,32(sp)
     d4e:	0005                	c.nop	1
     d50:	0300                	addi	s0,sp,384
     d52:	00351793          	slli	a5,a0,0x3
     d56:	0000                	unimp
     d58:	0806                	slli	a6,a6,0x1
     d5a:	0101                	addi	sp,sp,0
     d5c:	f308                	sd	a0,32(a4)
     d5e:	0000                	unimp
     d60:	0100                	addi	s0,sp,128
     d62:	0708                	addi	a0,sp,896
     d64:	0000012f          	.insn	4, 0x012f
     d68:	3502                	fld	fa0,32(sp)
     d6a:	0005                	c.nop	1
     d6c:	0400                	addi	s0,sp,512
     d6e:	12b6                	slli	t0,t0,0x2d
     d70:	0080                	addi	s0,sp,64
     d72:	0000                	unimp
     d74:	0003ec07          	.insn	4, 0x0003ec07
     d78:	0500                	addi	s0,sp,640
     d7a:	00b40d13          	addi	s10,s0,11
     d7e:	0000                	unimp
     d80:	0808                	addi	a0,sp,16
     d82:	002e                	c.slli	zero,0xb
     d84:	0000                	unimp
     d86:	2e09                	addiw	t3,t3,2 # 1a002 <__stack_size+0x12002>
     d88:	0005                	c.nop	1
     d8a:	0100                	addi	s0,sp,128
     d8c:	0905                	addi	s2,s2,1 # 1001 <__stack_align+0xff1>
     d8e:	009c                	addi	a5,sp,64
     d90:	0000                	unimp
     d92:	3e5e                	fld	ft8,496(sp)
     d94:	8000                	.insn	2, 0x8000
     d96:	0000                	unimp
     d98:	0000                	unimp
     d9a:	0016                	c.slli	zero,0x5
     d9c:	0000                	unimp
     d9e:	0000                	unimp
     da0:	0000                	unimp
     da2:	9c01                	subw	s0,s0,s0
     da4:	590a                	lw	s2,160(sp)
     da6:	01000003          	lb	zero,16(zero) # 10 <__stack_align>
     daa:	1305                	addi	t1,t1,-31
     dac:	002e                	c.slli	zero,0xb
     dae:	0000                	unimp
     db0:	0441                	addi	s0,s0,16
     db2:	0000                	unimp
     db4:	72747003          	.insn	4, 0x72747003
     db8:	1f00                	addi	s0,sp,944
     dba:	008c                	addi	a1,sp,64
     dbc:	0000                	unimp
     dbe:	0000044f          	fnmadd.s	fs0,ft0,ft0,ft0,rne
     dc2:	6e656c03          	lwu	s8,1766(a0)
     dc6:	2b00                	fld	fs0,16(a4)
     dc8:	003c                	addi	a5,sp,8
     dca:	0000                	unimp
     dcc:	045d                	addi	s0,s0,23
     dce:	0000                	unimp
     dd0:	003e660b          	.insn	4, 0x003e660b
     dd4:	0080                	addi	s0,sp,64
     dd6:	0000                	unimp
     dd8:	a800                	fsd	fs0,16(s0)
     dda:	0000                	unimp
     ddc:	0000                	unimp
     dde:	3200                	fld	fs0,32(a2)
     de0:	0001                	nop
     de2:	0500                	addi	s0,sp,640
     de4:	0100                	addi	s0,sp,128
     de6:	d308                	sw	a0,32(a4)
     de8:	0006                	c.slli	zero,0x1
     dea:	0500                	addi	s0,sp,640
     dec:	035e                	slli	t1,t1,0x17
     dee:	0000                	unimp
     df0:	e81d                	bnez	s0,e26 <__stack_align+0xe16>
     df2:	f3000003          	lb	zero,-208(zero) # ffffffffffffff30 <__heap_end+0xffffffff7ffdaf30>
     df6:	0001                	nop
     df8:	7400                	ld	s0,40(s0)
     dfa:	003e                	c.slli	zero,0xf
     dfc:	0080                	addi	s0,sp,64
     dfe:	0000                	unimp
     e00:	3c00                	fld	fs0,56(s0)
     e02:	0000                	unimp
     e04:	0000                	unimp
     e06:	0000                	unimp
     e08:	de00                	sw	s0,56(a2)
     e0a:	000d                	c.nop	3
     e0c:	0600                	addi	s0,sp,768
     e0e:	053d                	addi	a0,a0,15
     e10:	0000                	unimp
     e12:	9102                	jalr	sp
     e14:	3a1a                	fld	fs4,416(sp)
     e16:	0000                	unimp
     e18:	0100                	addi	s0,sp,128
     e1a:	0508                	addi	a0,sp,640
     e1c:	0155                	addi	sp,sp,21
     e1e:	0000                	unimp
     e20:	0801                	addi	a6,a6,0
     e22:	00013407          	fld	fs0,0(sp)
     e26:	0700                	addi	s0,sp,896
     e28:	0504                	addi	s1,sp,640
     e2a:	6e69                	lui	t3,0x1a
     e2c:	0074                	addi	a3,sp,12
     e2e:	0801                	addi	a6,a6,0
     e30:	5005                	c.li	zero,-31
     e32:	0001                	nop
     e34:	0100                	addi	s0,sp,128
     e36:	0410                	addi	a2,sp,512
     e38:	033c                	addi	a5,sp,392
     e3a:	0000                	unimp
     e3c:	0401                	addi	s0,s0,0
     e3e:	00013907          	fld	fs2,0(sp)
     e42:	0100                	addi	s0,sp,128
     e44:	0601                	addi	a2,a2,0
     e46:	00ec                	addi	a1,sp,76
     e48:	0000                	unimp
     e4a:	0101                	addi	sp,sp,0
     e4c:	ea08                	sd	a0,16(a2)
     e4e:	0000                	unimp
     e50:	0100                	addi	s0,sp,128
     e52:	0502                	c.slli64	a0
     e54:	015e                	slli	sp,sp,0x17
     e56:	0000                	unimp
     e58:	0201                	addi	tp,tp,0 # 0 <__boot_hart>
     e5a:	0000f807          	.insn	4, 0xf807
     e5e:	0800                	addi	s0,sp,16
     e60:	0208                	addi	a0,sp,256
     e62:	00000087          	.insn	4, 0x0087
     e66:	0101                	addi	sp,sp,0
     e68:	f308                	sd	a0,32(a4)
     e6a:	0000                	unimp
     e6c:	0100                	addi	s0,sp,128
     e6e:	0708                	addi	a0,sp,896
     e70:	0000012f          	.insn	4, 0x012f
     e74:	8709                	srai	a4,a4,0x2
     e76:	0000                	unimp
     e78:	a000                	fsd	fs0,0(s0)
     e7a:	0000                	unimp
     e7c:	0a00                	addi	s0,sp,272
     e7e:	0300                	addi	s0,sp,384
     e80:	054d                	addi	a0,a0,19
     e82:	0000                	unimp
     e84:	0d06                	slli	s10,s10,0x1
     e86:	0095                	addi	ra,ra,5
     e88:	0000                	unimp
     e8a:	0005520b          	.insn	4, 0x0005520b
     e8e:	0100                	addi	s0,sp,128
     e90:	00820e07          	.insn	4, 0x00820e07
     e94:	0000                	unimp
     e96:	0309                	addi	t1,t1,2
     e98:	4a28                	lw	a0,80(a2)
     e9a:	8000                	.insn	2, 0x8000
     e9c:	0000                	unimp
     e9e:	0000                	unimp
     ea0:	ec0c                	sd	a1,24(s0)
     ea2:	03000003          	lb	zero,48(zero) # 30 <__stack_align+0x20>
     ea6:	00cd0d13          	addi	s10,s10,12
     eaa:	0000                	unimp
     eac:	4802                	lw	a6,0(sp)
     eae:	0000                	unimp
     eb0:	0d00                	addi	s0,sp,656
     eb2:	0559                	addi	a0,a0,22
     eb4:	0000                	unimp
     eb6:	0901                	addi	s2,s2,0
     eb8:	00008007          	.insn	4, 0x8007
     ebc:	7400                	ld	s0,40(s0)
     ebe:	003e                	c.slli	zero,0xf
     ec0:	0080                	addi	s0,sp,64
     ec2:	0000                	unimp
     ec4:	3c00                	fld	fs0,56(s0)
     ec6:	0000                	unimp
     ec8:	0000                	unimp
     eca:	0000                	unimp
     ecc:	0100                	addi	s0,sp,128
     ece:	0e9c                	addi	a5,sp,848
     ed0:	055f 0000 0901      	.insn	6, 0x09010000055f
     ed6:	00002e17          	auipc	t3,0x2
     eda:	7700                	ld	s0,40(a4)
     edc:	0004                	.insn	2, 0x0004
     ede:	0300                	addi	s0,sp,384
     ee0:	00000547          	fmsub.s	fa0,ft0,ft0,ft0,rne
     ee4:	0095110b          	.insn	4, 0x0095110b
     ee8:	0000                	unimp
     eea:	6b04                	ld	s1,16(a4)
     eec:	0005                	c.nop	1
     eee:	0c00                	addi	s0,sp,528
     ef0:	0082                	c.slli64	ra
     ef2:	0000                	unimp
     ef4:	0485                	addi	s1,s1,1
     ef6:	0000                	unimp
     ef8:	6404                	ld	s1,8(s0)
     efa:	0005                	c.nop	1
     efc:	0d00                	addi	s0,sp,656
     efe:	0082                	c.slli64	ra
     f00:	0000                	unimp
     f02:	049d                	addi	s1,s1,7
     f04:	0000                	unimp
     f06:	003ea20f          	.insn	4, 0x003ea20f
     f0a:	0080                	addi	s0,sp,64
     f0c:	0000                	unimp
     f0e:	c100                	sw	s0,0(a0)
     f10:	0000                	unimp
     f12:	0000                	unimp
     f14:	7400                	ld	s0,40(s0)
     f16:	0001                	nop
     f18:	0500                	addi	s0,sp,640
     f1a:	0100                	addi	s0,sp,128
     f1c:	ad08                	fsd	fa0,24(a0)
     f1e:	06000007          	.insn	4, 0x06000007
     f22:	035e                	slli	t1,t1,0x17
     f24:	0000                	unimp
     f26:	f61d                	bnez	a2,e54 <__stack_align+0xe44>
     f28:	f3000003          	lb	zero,-208(zero) # ffffffffffffff30 <__heap_end+0xffffffff7ffdaf30>
     f2c:	0001                	nop
     f2e:	b000                	fsd	fs0,32(s0)
     f30:	003e                	c.slli	zero,0xf
     f32:	0080                	addi	s0,sp,64
     f34:	0000                	unimp
     f36:	0600                	addi	s0,sp,768
     f38:	0000                	unimp
     f3a:	0000                	unimp
     f3c:	0000                	unimp
     f3e:	0300                	addi	s0,sp,384
     f40:	0700000f          	fence	orw,unknown
     f44:	0504                	addi	s1,sp,640
     f46:	6e69                	lui	t3,0x1a
     f48:	0074                	addi	a3,sp,12
     f4a:	0801                	addi	a6,a6,0
     f4c:	5505                	li	a0,-31
     f4e:	0001                	nop
     f50:	0200                	addi	s0,sp,256
     f52:	04aa                	slli	s1,s1,0xa
     f54:	0000                	unimp
     f56:	d602                	sw	zero,44(sp)
     f58:	00004817          	auipc	a6,0x4
     f5c:	0100                	addi	s0,sp,128
     f5e:	0708                	addi	a0,sp,896
     f60:	0134                	addi	a3,sp,136
     f62:	0000                	unimp
     f64:	0801                	addi	a6,a6,0 # 4f58 <__stack_align+0x4f48>
     f66:	5005                	c.li	zero,-31
     f68:	0001                	nop
     f6a:	0100                	addi	s0,sp,128
     f6c:	0410                	addi	a2,sp,512
     f6e:	033c                	addi	a5,sp,392
     f70:	0000                	unimp
     f72:	0401                	addi	s0,s0,0
     f74:	00013907          	fld	fs2,0(sp)
     f78:	0100                	addi	s0,sp,128
     f7a:	0601                	addi	a2,a2,0
     f7c:	00ec                	addi	a1,sp,76
     f7e:	0000                	unimp
     f80:	0101                	addi	sp,sp,0
     f82:	ea08                	sd	a0,16(a2)
     f84:	0000                	unimp
     f86:	0100                	addi	s0,sp,128
     f88:	0502                	c.slli64	a0
     f8a:	015e                	slli	sp,sp,0x17
     f8c:	0000                	unimp
     f8e:	0201                	addi	tp,tp,0 # 0 <__boot_hart>
     f90:	0000f807          	.insn	4, 0xf807
     f94:	0200                	addi	s0,sp,256
     f96:	0000040f          	.insn	4, 0x040f
     f9a:	48196903          	lwu	s2,1153(s2)
     f9e:	0000                	unimp
     fa0:	0200                	addi	s0,sp,256
     fa2:	057f 0000 e803 481a 	.insn	10, 0x481ae8030000057f
     faa:	0000 
     fac:	0200                	addi	s0,sp,256
     fae:	0534                	addi	a3,sp,648
     fb0:	0000                	unimp
     fb2:	9304                	.insn	2, 0x9304
     fb4:	00003517          	auipc	a0,0x3
     fb8:	0100                	addi	s0,sp,128
     fba:	0801                	addi	a6,a6,0
     fbc:	000000f3          	.insn	4, 0x00f3
     fc0:	0801                	addi	a6,a6,0
     fc2:	00012f07          	flw	ft10,0(sp)
     fc6:	0200                	addi	s0,sp,256
     fc8:	0411                	addi	s0,s0,4
     fca:	0000                	unimp
     fcc:	3c05                	addiw	s8,s8,-31
     fce:	8014                	.insn	2, 0x8014
     fd0:	0000                	unimp
     fd2:	0200                	addi	s0,sp,256
     fd4:	0581                	addi	a1,a1,0
     fd6:	0000                	unimp
     fd8:	5205                	li	tp,-31
     fda:	8c15                	sub	s0,s0,a3
     fdc:	0000                	unimp
     fde:	0200                	addi	s0,sp,256
     fe0:	0535                	addi	a0,a0,13 # 3fc1 <__stack_align+0x3fb1>
     fe2:	0000                	unimp
     fe4:	b606                	fsd	ft1,296(sp)
     fe6:	9812                	add	a6,a6,tp
     fe8:	0000                	unimp
     fea:	0800                	addi	s0,sp,16
     fec:	0572                	slli	a0,a0,0x1c
     fee:	0000                	unimp
     ff0:	350d1a07          	.insn	4, 0x350d1a07
     ff4:	0000                	unimp
     ff6:	fb00                	sd	s0,48(a4)
     ff8:	0000                	unimp
     ffa:	0300                	addi	s0,sp,384
     ffc:	00b2                	slli	ra,ra,0xc
     ffe:	0000                	unimp
    1000:	0000b203          	ld	tp,0(ra)
    1004:	0300                	addi	s0,sp,384
    1006:	00b2                	slli	ra,ra,0xc
    1008:	0000                	unimp
    100a:	00004803          	lbu	a6,0(zero) # 0 <__boot_hart>
    100e:	0000                	unimp
    1010:	8b09                	andi	a4,a4,2
    1012:	0005                	c.nop	1
    1014:	0100                	addi	s0,sp,128
    1016:	0906                	slli	s2,s2,0x1
    1018:	00ca                	slli	ra,ra,0x12
    101a:	0000                	unimp
    101c:	3eb0                	fld	fa2,120(a3)
    101e:	8000                	.insn	2, 0x8000
    1020:	0000                	unimp
    1022:	0000                	unimp
    1024:	0006                	c.slli	zero,0x1
    1026:	0000                	unimp
    1028:	0000                	unimp
    102a:	0000                	unimp
    102c:	9c01                	subw	s0,s0,s0
    102e:	0170                	addi	a2,sp,140
    1030:	0000                	unimp
    1032:	6605                	lui	a2,0x1
    1034:	0064                	addi	s1,sp,12
    1036:	2e14                	fld	fa3,24(a2)
    1038:	0000                	unimp
    103a:	af00                	fsd	fs0,24(a4)
    103c:	0004                	.insn	2, 0x0004
    103e:	0500                	addi	s0,sp,640
    1040:	7470                	ld	a2,232(s0)
    1042:	0072                	c.slli	zero,0x1c
    1044:	7024                	ld	s1,96(s0)
    1046:	0001                	nop
    1048:	bd00                	fsd	fs0,56(a0)
    104a:	0004                	.insn	2, 0x0004
    104c:	0500                	addi	s0,sp,640
    104e:	656c                	ld	a1,200(a0)
    1050:	006e                	c.slli	zero,0x1b
    1052:	3c30                	fld	fa2,120(s0)
    1054:	0000                	unimp
    1056:	cb00                	sw	s0,16(a4)
    1058:	0004                	.insn	2, 0x0004
    105a:	0a00                	addi	s0,sp,272
    105c:	3eb6                	fld	ft9,360(sp)
    105e:	8000                	.insn	2, 0x8000
    1060:	0000                	unimp
    1062:	0000                	unimp
    1064:	00d6                	slli	ra,ra,0x15
    1066:	0000                	unimp
    1068:	0104                	addi	s1,sp,128
    106a:	035a                	slli	t1,t1,0x16
    106c:	045a01a3          	sb	t0,67(s4) # 7043 <__stack_size_min+0x1043>
    1070:	5b01                	li	s6,-32
    1072:	5b01a303          	lw	t1,1456(gp) # 800057d0 <__global_pointer$+0x5b0>
    1076:	0104                	addi	s1,sp,128
    1078:	035c                	addi	a5,sp,388
    107a:	045c01a3          	sb	t0,67(s8)
    107e:	5d01                	li	s10,-32
    1080:	0802                	c.slli64	a6
    1082:	0040                	addi	s0,sp,4
    1084:	0b00                	addi	s0,sp,400
    1086:	7608                	ld	a0,40(a2)
    1088:	0001                	nop
    108a:	0c00                	addi	s0,sp,528
    108c:	2500                	fld	fs0,8(a0)
    108e:	0000                	unimp
    1090:	0500                	addi	s0,sp,640
    1092:	0100                	addi	s0,sp,128
    1094:	5708                	lw	a0,40(a4)
    1096:	0008                	.insn	2, 0x0008
    1098:	0100                	addi	s0,sp,128
    109a:	0f90                	addi	a2,sp,976
    109c:	0000                	unimp
    109e:	0000                	unimp
    10a0:	8000                	.insn	2, 0x8000
    10a2:	0000                	unimp
    10a4:	0000                	unimp
    10a6:	0498                	addi	a4,sp,576
    10a8:	0592                	slli	a1,a1,0x4
    10aa:	0000                	unimp
    10ac:	05a1                	addi	a1,a1,8
    10ae:	0000                	unimp
    10b0:	05d1                	addi	a1,a1,20
    10b2:	0000                	unimp
    10b4:	8001                	c.srli64	s0
    10b6:	0024                	addi	s1,sp,8
    10b8:	0000                	unimp
    10ba:	0005                	c.nop	1
    10bc:	0801                	addi	a6,a6,0
    10be:	0000086b          	.insn	4, 0x086b
    10c2:	c201                	beqz	a2,10c2 <__stack_align+0x10b2>
    10c4:	ee000013          	li	zero,-288
    10c8:	0001                	nop
    10ca:	0080                	addi	s0,sp,64
    10cc:	0000                	unimp
    10ce:	6200                	ld	s0,0(a2)
    10d0:	05dd                	addi	a1,a1,23
    10d2:	0000                	unimp
    10d4:	05a1                	addi	a1,a1,8
    10d6:	0000                	unimp
    10d8:	05d1                	addi	a1,a1,20
    10da:	0000                	unimp
    10dc:	8001                	c.srli64	s0
    10de:	0136                	slli	sp,sp,0xd
    10e0:	0000                	unimp
    10e2:	0005                	c.nop	1
    10e4:	0801                	addi	a6,a6,0
    10e6:	087f 0000 5e04 0003 	.insn	10, 0x1d0000035e040000087f
    10ee:	1d00 
    10f0:	041e                	slli	s0,s0,0x7
    10f2:	0000                	unimp
    10f4:	000001f3          	.insn	4, 0x01f3
    10f8:	3eb6                	fld	ft9,360(sp)
    10fa:	8000                	.insn	2, 0x8000
    10fc:	0000                	unimp
    10fe:	0000                	unimp
    1100:	0016                	c.slli	zero,0x5
    1102:	0000                	unimp
    1104:	0000                	unimp
    1106:	0000                	unimp
    1108:	1422                	slli	s0,s0,0x28
    110a:	0000                	unimp
    110c:	0101                	addi	sp,sp,0
    110e:	ec06                	sd	ra,24(sp)
    1110:	0000                	unimp
    1112:	0100                	addi	s0,sp,128
    1114:	0801                	addi	a6,a6,0
    1116:	00ea                	slli	ra,ra,0x1a
    1118:	0000                	unimp
    111a:	0201                	addi	tp,tp,0 # 0 <__boot_hart>
    111c:	5e05                	li	t3,-31
    111e:	0001                	nop
    1120:	0100                	addi	s0,sp,128
    1122:	0702                	c.slli64	a4
    1124:	00f8                	addi	a4,sp,76
    1126:	0000                	unimp
    1128:	0405                	addi	s0,s0,1
    112a:	6905                	lui	s2,0x1
    112c:	746e                	ld	s0,248(sp)
    112e:	0100                	addi	s0,sp,128
    1130:	0704                	addi	s1,sp,896
    1132:	0139                	addi	sp,sp,14
    1134:	0000                	unimp
    1136:	0801                	addi	a6,a6,0
    1138:	5505                	li	a0,-31
    113a:	0001                	nop
    113c:	0100                	addi	s0,sp,128
    113e:	0708                	addi	a0,sp,896
    1140:	0134                	addi	a3,sp,136
    1142:	0000                	unimp
    1144:	0102                	c.slli64	sp
    1146:	0006                	c.slli	zero,0x1
    1148:	0200                	addi	s0,sp,256
    114a:	19e6                	slli	s3,s3,0x39
    114c:	0058                	addi	a4,sp,4
    114e:	0000                	unimp
    1150:	7f02                	ld	t5,32(sp)
    1152:	0005                	c.nop	1
    1154:	0200                	addi	s0,sp,256
    1156:	1ae8                	addi	a0,sp,380
    1158:	005f 0000 0302      	.insn	6, 0x03020000005f
    115e:	0006                	c.slli	zero,0x1
    1160:	0300                	addi	s0,sp,384
    1162:	144d                	addi	s0,s0,-13
    1164:	0066                	c.slli	zero,0x19
    1166:	0000                	unimp
    1168:	8102                	jr	sp
    116a:	0005                	c.nop	1
    116c:	0300                	addi	s0,sp,384
    116e:	1552                	slli	a0,a0,0x34
    1170:	0072                	c.slli	zero,0x1c
    1172:	0000                	unimp
    1174:	0801                	addi	a6,a6,0
    1176:	5005                	c.li	zero,-31
    1178:	0001                	nop
    117a:	0100                	addi	s0,sp,128
    117c:	0410                	addi	a2,sp,512
    117e:	033c                	addi	a5,sp,392
    1180:	0000                	unimp
    1182:	0101                	addi	sp,sp,0
    1184:	f308                	sd	a0,32(a4)
    1186:	0000                	unimp
    1188:	0600                	addi	s0,sp,768
    118a:	000003fb          	.insn	4, 0x03fb
    118e:	4104                	lw	s1,0(a0)
    1190:	bd0d                	j	fc2 <__stack_align+0xfb2>
    1192:	0000                	unimp
    1194:	0700                	addi	s0,sp,896
    1196:	004a                	c.slli	zero,0x12
    1198:	0000                	unimp
    119a:	0800                	addi	s0,sp,16
    119c:	000005ef          	jal	a1,119c <__stack_align+0x118c>
    11a0:	0401                	addi	s0,s0,0
    11a2:	b61c                	fsd	fa5,40(a2)
    11a4:	003e                	c.slli	zero,0xf
    11a6:	0080                	addi	s0,sp,64
    11a8:	0000                	unimp
    11aa:	1600                	addi	s0,sp,800
    11ac:	0000                	unimp
    11ae:	0000                	unimp
    11b0:	0000                	unimp
    11b2:	0100                	addi	s0,sp,128
    11b4:	339c                	fld	fa5,32(a5)
    11b6:	0001                	nop
    11b8:	0900                	addi	s0,sp,144
    11ba:	7065                	c.lui	zero,0xffff9
    11bc:	04010063          	beqz	sp,11fc <__stack_align+0x11ec>
    11c0:	8a32                	mv	s4,a2
    11c2:	0000                	unimp
    11c4:	e500                	sd	s0,8(a0)
    11c6:	0004                	.insn	2, 0x0004
    11c8:	0300                	addi	s0,sp,384
    11ca:	000005fb          	.insn	4, 0x05fb
    11ce:	8a41                	andi	a2,a2,16
    11d0:	0000                	unimp
    11d2:	f300                	sd	s0,32(a4)
    11d4:	0004                	.insn	2, 0x0004
    11d6:	0300                	addi	s0,sp,384
    11d8:	0611                	addi	a2,a2,4 # 1004 <__stack_align+0xff4>
    11da:	0000                	unimp
    11dc:	8a52                	mv	s4,s4
    11de:	0000                	unimp
    11e0:	0100                	addi	s0,sp,128
    11e2:	0005                	c.nop	1
    11e4:	0300                	addi	s0,sp,384
    11e6:	060c                	addi	a1,sp,768
    11e8:	0000                	unimp
    11ea:	3362                	fld	ft6,56(sp)
    11ec:	0001                	nop
    11ee:	0f00                	addi	s0,sp,912
    11f0:	0005                	c.nop	1
    11f2:	0a00                	addi	s0,sp,272
    11f4:	040a                	slli	s0,s0,0x2
    11f6:	0000                	unimp
    11f8:	0701                	addi	a4,a4,0 # 1a000 <__stack_size+0x12000>
    11fa:	4a09                	li	s4,2
    11fc:	0000                	unimp
    11fe:	1d00                	addi	s0,sp,688
    1200:	0005                	c.nop	1
    1202:	0b00                	addi	s0,sp,400
    1204:	3ecc                	fld	fa1,184(a3)
    1206:	8000                	.insn	2, 0x8000
    1208:	0000                	unimp
    120a:	0000                	unimp
    120c:	000000ab          	.insn	4, 0x00ab
    1210:	0c00                	addi	s0,sp,528
    1212:	8a08                	.insn	2, 0x8a08
    1214:	0000                	unimp
    1216:	0000                	unimp
    1218:	0165                	addi	sp,sp,25
    121a:	0000                	unimp
    121c:	0005                	c.nop	1
    121e:	0801                	addi	a6,a6,0
    1220:	0939                	addi	s2,s2,14 # 100e <__stack_align+0xffe>
    1222:	0000                	unimp
    1224:	5e08                	lw	a0,56(a2)
    1226:	1d000003          	lb	zero,464(zero) # 1d0 <__stack_align+0x1c0>
    122a:	0438                	addi	a4,sp,520
    122c:	0000                	unimp
    122e:	000001f3          	.insn	4, 0x01f3
    1232:	3ecc                	fld	fa1,184(a3)
    1234:	8000                	.insn	2, 0x8000
    1236:	0000                	unimp
    1238:	0000                	unimp
    123a:	0030                	addi	a2,sp,8
    123c:	0000                	unimp
    123e:	0000                	unimp
    1240:	0000                	unimp
    1242:	14d9                	addi	s1,s1,-10
    1244:	0000                	unimp
    1246:	0801                	addi	a6,a6,0
    1248:	5505                	li	a0,-31
    124a:	0001                	nop
    124c:	0900                	addi	s0,sp,144
    124e:	04aa                	slli	s1,s1,0xa
    1250:	0000                	unimp
    1252:	4117d603          	lhu	a2,1041(a5)
    1256:	0000                	unimp
    1258:	0100                	addi	s0,sp,128
    125a:	0708                	addi	a0,sp,896
    125c:	0134                	addi	a3,sp,136
    125e:	0000                	unimp
    1260:	040a                	slli	s0,s0,0x2
    1262:	6905                	lui	s2,0x1
    1264:	746e                	ld	s0,248(sp)
    1266:	0100                	addi	s0,sp,128
    1268:	0508                	addi	a0,sp,640
    126a:	0150                	addi	a2,sp,132
    126c:	0000                	unimp
    126e:	1001                	c.nop	-32
    1270:	3c04                	fld	fs1,56(s0)
    1272:	01000003          	lb	zero,16(zero) # 10 <__stack_align>
    1276:	0704                	addi	s1,sp,896
    1278:	0139                	addi	sp,sp,14
    127a:	0000                	unimp
    127c:	0101                	addi	sp,sp,0
    127e:	ec06                	sd	ra,24(sp)
    1280:	0000                	unimp
    1282:	0100                	addi	s0,sp,128
    1284:	0801                	addi	a6,a6,0
    1286:	00ea                	slli	ra,ra,0x1a
    1288:	0000                	unimp
    128a:	0201                	addi	tp,tp,0 # 0 <__boot_hart>
    128c:	5e05                	li	t3,-31
    128e:	0001                	nop
    1290:	0100                	addi	s0,sp,128
    1292:	0702                	c.slli64	a4
    1294:	00f8                	addi	a4,sp,76
    1296:	0000                	unimp
    1298:	8004080b          	.insn	4, 0x8004080b
    129c:	0000                	unimp
    129e:	0500                	addi	s0,sp,640
    12a0:	008c                	addi	a1,sp,64
    12a2:	0000                	unimp
    12a4:	0101                	addi	sp,sp,0
    12a6:	f308                	sd	a0,32(a4)
    12a8:	0000                	unimp
    12aa:	0100                	addi	s0,sp,128
    12ac:	0708                	addi	a0,sp,896
    12ae:	0000012f          	.insn	4, 0x012f
    12b2:	6b06                	ld	s6,64(sp)
    12b4:	0006                	c.slli	zero,0x1
    12b6:	2100                	fld	fs0,0(a0)
    12b8:	0080                	addi	s0,sp,64
    12ba:	0000                	unimp
    12bc:	00b8                	addi	a4,sp,72
    12be:	0000                	unimp
    12c0:	8002                	.insn	2, 0x8002
    12c2:	0000                	unimp
    12c4:	0200                	addi	s0,sp,256
    12c6:	0048                	addi	a0,sp,4
    12c8:	0000                	unimp
    12ca:	3502                	fld	fa0,32(sp)
    12cc:	0000                	unimp
    12ce:	0000                	unimp
    12d0:	5606                	lw	a2,96(sp)
    12d2:	0006                	c.slli	zero,0x1
    12d4:	1f00                	addi	s0,sp,944
    12d6:	0080                	addi	s0,sp,64
    12d8:	0000                	unimp
    12da:	00d6                	slli	ra,ra,0x15
    12dc:	0000                	unimp
    12de:	8202                	jr	tp
    12e0:	0000                	unimp
    12e2:	0200                	addi	s0,sp,256
    12e4:	000000db          	.insn	4, 0x00db
    12e8:	3502                	fld	fa0,32(sp)
    12ea:	0000                	unimp
    12ec:	0000                	unimp
    12ee:	e005                	bnez	s0,130e <__stack_align+0x12fe>
    12f0:	0000                	unimp
    12f2:	0400                	addi	s0,sp,512
    12f4:	00d6                	slli	ra,ra,0x15
    12f6:	0000                	unimp
    12f8:	0d0c                	addi	a1,sp,656
    12fa:	0616                	slli	a2,a2,0x5
    12fc:	0000                	unimp
    12fe:	0301                	addi	t1,t1,0
    1300:	cc06                	sw	ra,24(sp)
    1302:	003e                	c.slli	zero,0xf
    1304:	0080                	addi	s0,sp,64
    1306:	0000                	unimp
    1308:	3000                	fld	fs0,32(s0)
    130a:	0000                	unimp
    130c:	0000                	unimp
    130e:	0000                	unimp
    1310:	0100                	addi	s0,sp,128
    1312:	619c                	ld	a5,0(a1)
    1314:	0001                	nop
    1316:	0e00                	addi	s0,sp,784
    1318:	063c                	addi	a5,sp,776
    131a:	0000                	unimp
    131c:	0501                	addi	a0,a0,0
    131e:	8714                	.insn	2, 0x8714
    1320:	0000                	unimp
    1322:	0100                	addi	s0,sp,128
    1324:	0354                	addi	a3,sp,388
    1326:	065d                	addi	a2,a2,23
    1328:	0000                	unimp
    132a:	6106                	ld	sp,64(sp)
    132c:	0001                	nop
    132e:	0300                	addi	s0,sp,384
    1330:	062e                	slli	a2,a2,0xb
    1332:	0000                	unimp
    1334:	00016107          	.insn	4, 0x00016107
    1338:	0300                	addi	s0,sp,384
    133a:	0621                	addi	a2,a2,8
    133c:	0000                	unimp
    133e:	6108                	ld	a0,0(a0)
    1340:	0001                	nop
    1342:	0300                	addi	s0,sp,384
    1344:	064a                	slli	a2,a2,0x12
    1346:	0000                	unimp
    1348:	6109                	addi	sp,sp,128
    134a:	0001                	nop
    134c:	0f00                	addi	s0,sp,912
    134e:	3ee6                	fld	ft9,120(sp)
    1350:	8000                	.insn	2, 0x8000
    1352:	0000                	unimp
    1354:	0000                	unimp
    1356:	00b8                	addi	a4,sp,72
    1358:	0000                	unimp
    135a:	014d                	addi	sp,sp,19
    135c:	0000                	unimp
    135e:	025a0107          	.insn	4, 0x025a0107
    1362:	0078                	addi	a4,sp,12
    1364:	1000                	addi	s0,sp,32
    1366:	3efc                	fld	fa5,248(a3)
    1368:	8000                	.insn	2, 0x8000
    136a:	0000                	unimp
    136c:	0000                	unimp
    136e:	009a                	slli	ra,ra,0x6
    1370:	0000                	unimp
    1372:	015b0107          	.insn	4, 0x015b0107
    1376:	0030                	addi	a2,sp,8
    1378:	1100                	addi	s0,sp,160
    137a:	008c                	addi	a1,sp,64
    137c:	0000                	unimp
    137e:	0012                	c.slli	zero,0x4
    1380:	4500                	lw	s0,8(a0)
    1382:	0000                	unimp
    1384:	0500                	addi	s0,sp,640
    1386:	0100                	addi	s0,sp,128
    1388:	1c08                	addi	a0,sp,560
    138a:	000a                	c.slli	zero,0x2
    138c:	0100                	addi	s0,sp,128
    138e:	035e                	slli	t1,t1,0x17
    1390:	0000                	unimp
    1392:	4f1d                	li	t5,7
    1394:	0004                	.insn	2, 0x0004
    1396:	f300                	sd	s0,32(a4)
    1398:	0001                	nop
    139a:	fc00                	sd	s0,56(s0)
    139c:	003e                	c.slli	zero,0xf
    139e:	0080                	addi	s0,sp,64
    13a0:	0000                	unimp
    13a2:	0600                	addi	s0,sp,768
    13a4:	0000                	unimp
    13a6:	0000                	unimp
    13a8:	0000                	unimp
    13aa:	b800                	fsd	fs0,48(s0)
    13ac:	0015                	c.nop	5
    13ae:	0200                	addi	s0,sp,256
    13b0:	0672                	slli	a2,a2,0x1c
    13b2:	0000                	unimp
    13b4:	0701                	addi	a4,a4,0
    13b6:	003efc27          	.insn	4, 0x003efc27
    13ba:	0080                	addi	s0,sp,64
    13bc:	0000                	unimp
    13be:	0600                	addi	s0,sp,768
    13c0:	0000                	unimp
    13c2:	0000                	unimp
    13c4:	0000                	unimp
    13c6:	0100                	addi	s0,sp,128
    13c8:	009c                	addi	a5,sp,64
    13ca:	033c                	addi	a5,sp,392
    13cc:	0000                	unimp
    13ce:	0005                	c.nop	1
    13d0:	0801                	addi	a6,a6,0
    13d2:	0a4c                	addi	a1,sp,276
    13d4:	0000                	unimp
    13d6:	5e12                	lw	t3,36(sp)
    13d8:	1d000003          	lb	zero,464(zero) # 1d0 <__stack_align+0x1c0>
    13dc:	045e                	slli	s0,s0,0x17
    13de:	0000                	unimp
    13e0:	000001f3          	.insn	4, 0x01f3
    13e4:	3f02                	fld	ft10,32(sp)
    13e6:	8000                	.insn	2, 0x8000
    13e8:	0000                	unimp
    13ea:	0000                	unimp
    13ec:	004c                	addi	a1,sp,4
    13ee:	0000                	unimp
    13f0:	0000                	unimp
    13f2:	0000                	unimp
    13f4:	1622                	slli	a2,a2,0x28
    13f6:	0000                	unimp
    13f8:	0102                	c.slli64	sp
    13fa:	ec06                	sd	ra,24(sp)
    13fc:	0000                	unimp
    13fe:	0200                	addi	s0,sp,256
    1400:	0801                	addi	a6,a6,0
    1402:	00ea                	slli	ra,ra,0x1a
    1404:	0000                	unimp
    1406:	0202                	c.slli64	tp
    1408:	5e05                	li	t3,-31
    140a:	0001                	nop
    140c:	0200                	addi	s0,sp,256
    140e:	0702                	c.slli64	a4
    1410:	00f8                	addi	a4,sp,76
    1412:	0000                	unimp
    1414:	8401                	c.srai64	s0
    1416:	0006                	c.slli	zero,0x1
    1418:	0400                	addi	s0,sp,512
    141a:	184d                	addi	a6,a6,-13
    141c:	0056                	c.slli	zero,0x15
    141e:	0000                	unimp
    1420:	69050413          	addi	s0,a0,1680
    1424:	746e                	ld	s0,248(sp)
    1426:	0200                	addi	s0,sp,256
    1428:	0704                	addi	s1,sp,896
    142a:	0139                	addi	sp,sp,14
    142c:	0000                	unimp
    142e:	0802                	c.slli64	a6
    1430:	5505                	li	a0,-31
    1432:	0001                	nop
    1434:	0100                	addi	s0,sp,128
    1436:	0000040f          	.insn	4, 0x040f
    143a:	6904                	ld	s1,16(a0)
    143c:	7719                	lui	a4,0xfffe6
    143e:	0000                	unimp
    1440:	0200                	addi	s0,sp,256
    1442:	0708                	addi	a0,sp,896
    1444:	0134                	addi	a3,sp,136
    1446:	0000                	unimp
    1448:	7f01                	lui	t5,0xfffe0
    144a:	0005                	c.nop	1
    144c:	0400                	addi	s0,sp,512
    144e:	1ae8                	addi	a0,sp,380
    1450:	00000077          	.insn	4, 0x0077
    1454:	8601                	c.srai64	a2
    1456:	0006                	c.slli	zero,0x1
    1458:	0500                	addi	s0,sp,640
    145a:	132c                	addi	a1,sp,424
    145c:	004a                	c.slli	zero,0x12
    145e:	0000                	unimp
    1460:	1101                	addi	sp,sp,-32
    1462:	0004                	.insn	2, 0x0004
    1464:	0500                	addi	s0,sp,640
    1466:	143c                	addi	a5,sp,552
    1468:	0000006b          	.insn	4, 0x006b
    146c:	9608                	.insn	2, 0x9608
    146e:	0000                	unimp
    1470:	0100                	addi	s0,sp,128
    1472:	0581                	addi	a1,a1,0
    1474:	0000                	unimp
    1476:	5205                	li	tp,-31
    1478:	7e15                	lui	t3,0xfffe5
    147a:	0000                	unimp
    147c:	0100                	addi	s0,sp,128
    147e:	06ac                	addi	a1,sp,840
    1480:	0000                	unimp
    1482:	1b02                	slli	s6,s6,0x20
    1484:	8a11                	andi	a2,a2,4
    1486:	0000                	unimp
    1488:	1400                	addi	s0,sp,544
    148a:	000000b3          	add	ra,zero,zero
    148e:	0415                	addi	s0,s0,5
    1490:	db090603          	lb	a2,-592(s2) # db0 <__stack_align+0xda0>
    1494:	0000                	unimp
    1496:	1600                	addi	s0,sp,800
    1498:	00000693          	li	a3,0
    149c:	b30e0703          	lb	a4,-1232(t3) # fffffffffffe4b30 <__heap_end+0xffffffff7ffbfb30>
    14a0:	0000                	unimp
    14a2:	0000                	unimp
    14a4:	0100                	addi	s0,sp,128
    14a6:	0679                	addi	a2,a2,30
    14a8:	0000                	unimp
    14aa:	c4030803          	lb	a6,-960(t1)
    14ae:	0000                	unimp
    14b0:	0900                	addi	s0,sp,144
    14b2:	03f4                	addi	a3,sp,460
    14b4:	0000                	unimp
    14b6:	a206                	fsd	ft1,256(sp)
    14b8:	0000                	unimp
    14ba:	0900                	addi	s0,sp,144
    14bc:	0401                	addi	s0,s0,0
    14be:	0000                	unimp
    14c0:	0000a207          	flw	ft4,0(ra)
    14c4:	0a00                	addi	s0,sp,272
    14c6:	000000e7          	jalr	zero # 0 <__boot_hart>
    14ca:	c0030907          	.insn	4, 0xc0030907
    14ce:	00800047          	fmsub.s	ft0,ft0,fs0,ft0,rne
    14d2:	0000                	unimp
    14d4:	0a00                	addi	s0,sp,272
    14d6:	00f1                	addi	ra,ra,28
    14d8:	0000                	unimp
    14da:	0908                	addi	a0,sp,144
    14dc:	0047c803          	lbu	a6,4(a5)
    14e0:	0080                	addi	s0,sp,64
    14e2:	0000                	unimp
    14e4:	1700                	addi	s0,sp,928
    14e6:	068e                	slli	a3,a3,0x3
    14e8:	0000                	unimp
    14ea:	0a01                	addi	s4,s4,0
    14ec:	0000db13          	srli	s6,ra,0x0
    14f0:	0900                	addi	s0,sp,144
    14f2:	004ac003          	lbu	zero,4(s5)
    14f6:	0080                	addi	s0,sp,64
    14f8:	0000                	unimp
    14fa:	1800                	addi	s0,sp,48
    14fc:	0572                	slli	a0,a0,0x1c
    14fe:	0000                	unimp
    1500:	0c01                	addi	s8,s8,0
    1502:	6406                	ld	s0,64(sp)
    1504:	0000                	unimp
    1506:	0200                	addi	s0,sp,256
    1508:	0080003f 4c000000 	.insn	8, 0x4c0000000080003f
    1510:	0000                	unimp
    1512:	0000                	unimp
    1514:	0000                	unimp
    1516:	0100                	addi	s0,sp,128
    1518:	899c                	.insn	2, 0x899c
    151a:	0002                	c.slli64	zero
    151c:	0500                	addi	s0,sp,640
    151e:	3061                	.insn	2, 0x3061
    1520:	1c00                	addi	s0,sp,560
    1522:	0096                	slli	ra,ra,0x5
    1524:	0000                	unimp
    1526:	0000052f          	.insn	4, 0x052f
    152a:	6119                	addi	sp,sp,384
    152c:	0031                	c.nop	12
    152e:	0c01                	addi	s8,s8,0
    1530:	9629                	srai	a2,a2,0x2a
    1532:	0000                	unimp
    1534:	0100                	addi	s0,sp,128
    1536:	3261055b          	.insn	4, 0x3261055b
    153a:	3600                	fld	fs0,40(a2)
    153c:	0096                	slli	ra,ra,0x5
    153e:	0000                	unimp
    1540:	053d                	addi	a0,a0,15
    1542:	0000                	unimp
    1544:	6e05                	lui	t3,0x1
    1546:	4800                	lw	s0,16(s0)
    1548:	00000077          	.insn	4, 0x0077
    154c:	0551                	addi	a0,a0,20
    154e:	0000                	unimp
    1550:	6675620b          	.insn	4, 0x6675620b
    1554:	0e00                	addi	s0,sp,784
    1556:	00029917          	auipc	s2,0x29
    155a:	0200                	addi	s0,sp,256
    155c:	4091                	li	ra,4
    155e:	0063730b          	.insn	4, 0x0063730b
    1562:	00960e0f          	.insn	4, 0x00960e0f
    1566:	0000                	unimp
    1568:	5c01                	li	s8,-32
    156a:	ba0c                	fsd	fa1,48(a2)
    156c:	0002                	c.slli64	zero
    156e:	1a00                	addi	s0,sp,304
    1570:	0080003f 0c000000 	.insn	8, 0x0c0000000080003f
    1578:	0000                	unimp
    157a:	0000                	unimp
    157c:	0000                	unimp
    157e:	1700                	addi	s0,sp,928
    1580:	00000217          	auipc	tp,0x0
    1584:	0002c503          	lbu	a0,0(t0)
    1588:	5f00                	lw	s0,56(a4)
    158a:	0005                	c.nop	1
    158c:	1a00                	addi	s0,sp,304
    158e:	000002eb          	.insn	4, 0x02eb
    1592:	3f1a                	fld	ft10,416(sp)
    1594:	8000                	.insn	2, 0x8000
    1596:	0000                	unimp
    1598:	0000                	unimp
    159a:	00000067          	jr	zero # 0 <__boot_hart>
    159e:	f90e1203          	lh	tp,-112(t3) # f90 <__stack_align+0xf80>
    15a2:	0001                	nop
    15a4:	0300                	addi	s0,sp,384
    15a6:	0302                	c.slli64	t1
    15a8:	0000                	unimp
    15aa:	056e                	slli	a0,a0,0x1b
    15ac:	0000                	unimp
    15ae:	0002f903          	.insn	4, 0x0002f903
    15b2:	7600                	ld	s0,40(a2)
    15b4:	0005                	c.nop	1
    15b6:	1b00                	addi	s0,sp,432
    15b8:	00000067          	jr	zero # 0 <__boot_hart>
    15bc:	0b1c                	addi	a5,sp,400
    15be:	00000003          	lb	zero,0(zero) # 0 <__boot_hart>
    15c2:	0d00                	addi	s0,sp,656
    15c4:	0316                	slli	t1,t1,0x5
    15c6:	0000                	unimp
    15c8:	3f1c                	fld	fa5,56(a4)
    15ca:	8000                	.insn	2, 0x8000
    15cc:	0000                	unimp
    15ce:	0000                	unimp
    15d0:	0002                	c.slli64	zero
    15d2:	0000                	unimp
    15d4:	0000                	unimp
    15d6:	0000                	unimp
    15d8:	1010                	addi	a2,sp,32
    15da:	241d                	addiw	s0,s0,7
    15dc:	00000003          	lb	zero,0(zero) # 0 <__boot_hart>
    15e0:	0e00                	addi	s0,sp,784
    15e2:	00000333          	add	t1,zero,zero
    15e6:	3f26                	fld	ft10,104(sp)
    15e8:	8000                	.insn	2, 0x8000
    15ea:	0000                	unimp
    15ec:	0000                	unimp
    15ee:	0004                	.insn	2, 0x0004
    15f0:	0000                	unimp
    15f2:	0000                	unimp
    15f4:	0000                	unimp
    15f6:	0c18                	addi	a4,sp,528
    15f8:	029e                	slli	t0,t0,0x7
    15fa:	0000                	unimp
    15fc:	3f40                	fld	fs0,184(a4)
    15fe:	8000                	.insn	2, 0x8000
    1600:	0000                	unimp
    1602:	0000                	unimp
    1604:	0004                	.insn	2, 0x0004
    1606:	0000                	unimp
    1608:	0000                	unimp
    160a:	0000                	unimp
    160c:	721c                	ld	a5,32(a2)
    160e:	0002                	c.slli64	zero
    1610:	0300                	addi	s0,sp,384
    1612:	02a9                	addi	t0,t0,10
    1614:	0000                	unimp
    1616:	0585                	addi	a1,a1,1
    1618:	0000                	unimp
    161a:	d10d                	beqz	a0,153c <__stack_align+0x152c>
    161c:	0002                	c.slli64	zero
    161e:	4000                	lw	s0,0(s0)
    1620:	0080003f 04000000 	.insn	8, 0x040000000080003f
    1628:	0000                	unimp
    162a:	0000                	unimp
    162c:	0000                	unimp
    162e:	1700                	addi	s0,sp,928
    1630:	0305                	addi	t1,t1,1
    1632:	02dc                	addi	a5,sp,324
    1634:	0000                	unimp
    1636:	0585                	addi	a1,a1,1
    1638:	0000                	unimp
    163a:	0000                	unimp
    163c:	390e                	fld	fs2,224(sp)
    163e:	44000003          	lb	zero,1088(zero) # 440 <__stack_align+0x430>
    1642:	0080003f 04000000 	.insn	8, 0x040000000080003f
    164a:	0000                	unimp
    164c:	0000                	unimp
    164e:	0000                	unimp
    1650:	1e00                	addi	s0,sp,816
    1652:	1e00                	addi	s0,sp,816
    1654:	00a2                	slli	ra,ra,0x8
    1656:	0000                	unimp
    1658:	0299                	addi	t0,t0,6
    165a:	0000                	unimp
    165c:	771f 0000 0700      	.insn	6, 0x07000000771f
    1662:	0800                	addi	s0,sp,16
    1664:	0289                	addi	t0,t0,2
    1666:	0000                	unimp
    1668:	cb06                	sw	ra,148(sp)
    166a:	0006                	c.slli	zero,0x1
    166c:	0300                	addi	s0,sp,384
    166e:	b515                	j	1492 <__stack_align+0x1482>
    1670:	0002                	c.slli64	zero
    1672:	0f00                	addi	s0,sp,912
    1674:	00000693          	li	a3,0
    1678:	2c15                	addiw	s8,s8,5
    167a:	02b5                	addi	t0,t0,13
    167c:	0000                	unimp
    167e:	0700                	addi	s0,sp,896
    1680:	000000db          	.insn	4, 0x00db
    1684:	c106                	sw	ra,128(sp)
    1686:	0006                	c.slli	zero,0x1
    1688:	0300                	addi	s0,sp,384
    168a:	d10c                	sw	a1,32(a0)
    168c:	0002                	c.slli64	zero
    168e:	0f00                	addi	s0,sp,912
    1690:	00000693          	li	a3,0
    1694:	2a0c                	fld	fa1,16(a2)
    1696:	02b5                	addi	t0,t0,13
    1698:	0000                	unimp
    169a:	0600                	addi	s0,sp,768
    169c:	000006d7          	.insn	4, 0x06d7
    16a0:	3c02                	fld	fs8,32(sp)
    16a2:	02e6                	slli	t0,t0,0x19
    16a4:	0000                	unimp
    16a6:	7004                	ld	s1,32(s0)
    16a8:	3c00                	fld	fs0,56(s0)
    16aa:	0002e633          	or	a2,t0,zero
    16ae:	0000                	unimp
    16b0:	0000b307          	fld	ft6,0(ra)
    16b4:	1000                	addi	s0,sp,32
    16b6:	0698                	addi	a4,sp,832
    16b8:	0000                	unimp
    16ba:	6428                	ld	a0,72(s0)
    16bc:	0000                	unimp
    16be:	1600                	addi	s0,sp,800
    16c0:	04000003          	lb	zero,64(zero) # 40 <__stack_align+0x30>
    16c4:	0070                	addi	a2,sp,12
    16c6:	3228                	fld	fa0,96(a2)
    16c8:	02e6                	slli	t0,t0,0x19
    16ca:	0000                	unimp
    16cc:	7604                	ld	s1,40(a2)
    16ce:	2800                	fld	fs0,16(s0)
    16d0:	b33e                	fsd	fa5,416(sp)
    16d2:	0000                	unimp
    16d4:	2000                	fld	fs0,0(s0)
    16d6:	006e                	c.slli	zero,0x1b
    16d8:	2a02                	fld	fs4,0(sp)
    16da:	640a                	ld	s0,128(sp)
    16dc:	0000                	unimp
    16de:	0000                	unimp
    16e0:	b510                	fsd	fa2,40(a0)
    16e2:	0006                	c.slli	zero,0x1
    16e4:	1d00                	addi	s0,sp,688
    16e6:	0064                	addi	s1,sp,12
    16e8:	0000                	unimp
    16ea:	032e                	slli	t1,t1,0xb
    16ec:	0000                	unimp
    16ee:	7004                	ld	s1,32(s0)
    16f0:	1d00                	addi	s0,sp,688
    16f2:	2e30                	fld	fa2,88(a2)
    16f4:	00000003          	lb	zero,0(zero) # 0 <__boot_hart>
    16f8:	0000bf07          	fld	ft10,0(ra)
    16fc:	1100                	addi	s0,sp,160
    16fe:	00626d77          	.insn	4, 0x00626d77
    1702:	1116                	slli	sp,sp,0x25
    1704:	6d72                	ld	s10,280(sp)
    1706:	0062                	c.slli	zero,0x18
    1708:	0015                	c.nop	5

Disassembly of section .debug_abbrev:

0000000000000000 <.debug_abbrev>:
   0:	2401                	sext.w	s0,s0
   2:	0b00                	addi	s0,sp,400
   4:	030b3e0b          	.insn	4, 0x030b3e0b
   8:	000e                	c.slli	zero,0x3
   a:	0200                	addi	s0,sp,256
   c:	000d                	c.nop	3
   e:	213a0e03          	lb	t3,531(s4)
  12:	3b01                	addiw	s6,s6,-32
  14:	0c21390b          	.insn	4, 0x0c21390b
  18:	1349                	addi	t1,t1,-14
  1a:	0b38                	addi	a4,sp,408
  1c:	0000                	unimp
  1e:	02004903          	lbu	s2,32(zero) # 20 <__stack_align+0x10>
  22:	7e18                	ld	a4,56(a2)
  24:	0018                	.insn	2, 0x0018
  26:	0400                	addi	s0,sp,512
  28:	0034                	addi	a3,sp,8
  2a:	213a0803          	lb	a6,531(s4)
  2e:	3b01                	addiw	s6,s6,-32
  30:	490b390b          	.insn	4, 0x490b390b
  34:	00170213          	addi	tp,a4,1 # fffffffffffe6001 <__heap_end+0xffffffff7ffc1001>
  38:	0500                	addi	s0,sp,640
  3a:	000d                	c.nop	3
  3c:	213a0803          	lb	a6,531(s4)
  40:	3b01                	addiw	s6,s6,-32
  42:	0721                	addi	a4,a4,8
  44:	0b39                	addi	s6,s6,14
  46:	1349                	addi	t1,t1,-14
  48:	0b38                	addi	a4,sp,408
  4a:	0000                	unimp
  4c:	4806                	lw	a6,64(sp)
  4e:	7d01                	lui	s10,0xfffe0
  50:	7f01                	lui	t5,0xfffe0
  52:	07000013          	li	zero,112
  56:	210b000f          	.insn	4, 0x210b000f
  5a:	4908                	lw	a0,16(a0)
  5c:	08000013          	li	zero,128
  60:	0111                	addi	sp,sp,4
  62:	0e25                	addi	t3,t3,9
  64:	1f030b13          	addi	s6,t1,496
  68:	17551f1b          	.insn	4, 0x17551f1b
  6c:	0111                	addi	sp,sp,4
  6e:	1710                	addi	a2,sp,928
  70:	0000                	unimp
  72:	2409                	addiw	s0,s0,2
  74:	0b00                	addi	s0,sp,400
  76:	030b3e0b          	.insn	4, 0x030b3e0b
  7a:	0008                	.insn	2, 0x0008
  7c:	0a00                	addi	s0,sp,272
  7e:	0026                	c.slli	zero,0x9
  80:	1349                	addi	t1,t1,-14
  82:	0000                	unimp
  84:	4900370b          	.insn	4, 0x4900370b
  88:	0c000013          	li	zero,192
  8c:	0b0b0113          	addi	sp,s6,176
  90:	0b3a                	slli	s6,s6,0xe
  92:	0b390b3b          	.insn	4, 0x0b390b3b
  96:	1301                	addi	t1,t1,-32
  98:	0000                	unimp
  9a:	160d                	addi	a2,a2,-29
  9c:	0300                	addi	s0,sp,384
  9e:	3a0e                	fld	fs4,224(sp)
  a0:	390b3b0b          	.insn	4, 0x390b3b0b
  a4:	0013490b          	.insn	4, 0x0013490b
  a8:	0e00                	addi	s0,sp,784
  aa:	012e                	slli	sp,sp,0xb
  ac:	0e03193f 0b3b0b3a 	.insn	8, 0x0b3b0b3a0e03193f
  b4:	0b39                	addi	s6,s6,14
  b6:	13491927          	.insn	4, 0x13491927
  ba:	193c                	addi	a5,sp,184
  bc:	1301                	addi	t1,t1,-32
  be:	0000                	unimp
  c0:	4900050f          	.insn	4, 0x4900050f
  c4:	10000013          	li	zero,256
  c8:	0018                	.insn	2, 0x0018
  ca:	0000                	unimp
  cc:	2e11                	addiw	t3,t3,4
  ce:	3f01                	addiw	t5,t5,-32 # fffffffffffdffe0 <__heap_end+0xffffffff7ffbafe0>
  d0:	0319                	addi	t1,t1,6
  d2:	3a0e                	fld	fs4,224(sp)
  d4:	390b3b0b          	.insn	4, 0x390b3b0b
  d8:	1113490b          	.insn	4, 0x1113490b
  dc:	1201                	addi	tp,tp,-32 # 1560 <__stack_align+0x1550>
  de:	7a184007          	.insn	4, 0x7a184007
  e2:	0119                	addi	sp,sp,6
  e4:	12000013          	li	zero,288
  e8:	0034                	addi	a3,sp,8
  ea:	0b3a0e03          	lb	t3,179(s4)
  ee:	0b390b3b          	.insn	4, 0x0b390b3b
  f2:	1349                	addi	t1,t1,-14
  f4:	1802                	slli	a6,a6,0x20
  f6:	0000                	unimp
  f8:	03003413          	sltiu	s0,zero,48
  fc:	3a08                	fld	fa0,48(a2)
  fe:	390b3b0b          	.insn	4, 0x390b3b0b
 102:	0213490b          	.insn	4, 0x0213490b
 106:	0018                	.insn	2, 0x0018
 108:	1400                	addi	s0,sp,544
 10a:	0034                	addi	a3,sp,8
 10c:	0b3a0e03          	lb	t3,179(s4)
 110:	0b390b3b          	.insn	4, 0x0b390b3b
 114:	1349                	addi	t1,t1,-14
 116:	1702                	slli	a4,a4,0x20
 118:	0000                	unimp
 11a:	0b15                	addi	s6,s6,5
 11c:	1101                	addi	sp,sp,-32
 11e:	1201                	addi	tp,tp,-32 # ffffffffffffffe0 <__heap_end+0xffffffff7ffdafe0>
 120:	00130107          	.insn	4, 0x00130107
 124:	1600                	addi	s0,sp,800
 126:	1755010b          	.insn	4, 0x1755010b
 12a:	1301                	addi	t1,t1,-32
 12c:	0000                	unimp
 12e:	7d014817          	auipc	a6,0x7d014
 132:	7f01                	lui	t5,0xfffe0
 134:	00130113          	addi	sp,t1,1
 138:	1800                	addi	s0,sp,48
 13a:	0101                	addi	sp,sp,0
 13c:	1349                	addi	t1,t1,-14
 13e:	1301                	addi	t1,t1,-32
 140:	0000                	unimp
 142:	2119                	addiw	sp,sp,6
 144:	4900                	lw	s0,16(a0)
 146:	000b2f13          	slti	t5,s6,0
 14a:	0000                	unimp
 14c:	2401                	sext.w	s0,s0
 14e:	0b00                	addi	s0,sp,400
 150:	030b3e0b          	.insn	4, 0x030b3e0b
 154:	000e                	c.slli	zero,0x3
 156:	0200                	addi	s0,sp,256
 158:	0034                	addi	a3,sp,8
 15a:	213a0e03          	lb	t3,531(s4)
 15e:	3b01                	addiw	s6,s6,-32
 160:	0321390b          	.insn	4, 0x0321390b
 164:	1349                	addi	t1,t1,-14
 166:	1702                	slli	a4,a4,0x20
 168:	0000                	unimp
 16a:	03003403          	ld	s0,48(zero) # 30 <__stack_align+0x20>
 16e:	3a08                	fld	fa0,48(a2)
 170:	0121                	addi	sp,sp,8
 172:	0b390b3b          	.insn	4, 0x0b390b3b
 176:	1349                	addi	t1,t1,-14
 178:	1702                	slli	a4,a4,0x20
 17a:	0000                	unimp
 17c:	0d04                	addi	s1,sp,656
 17e:	0300                	addi	s0,sp,384
 180:	3a0e                	fld	fs4,224(sp)
 182:	390b3b0b          	.insn	4, 0x390b3b0b
 186:	0d13490b          	.insn	4, 0x0d13490b
 18a:	000b6b0b          	.insn	4, 0x000b6b0b
 18e:	0500                	addi	s0,sp,640
 190:	0b0b0113          	addi	sp,s6,176
 194:	0b3a                	slli	s6,s6,0xe
 196:	21390b3b          	.insn	4, 0x21390b3b
 19a:	00130103          	lb	sp,1(t1)
 19e:	0600                	addi	s0,sp,768
 1a0:	000d                	c.nop	3
 1a2:	0b3a0e03          	lb	t3,179(s4)
 1a6:	21390b3b          	.insn	4, 0x21390b3b
 1aa:	4905                	li	s2,1
 1ac:	07000013          	li	zero,112
 1b0:	0034                	addi	a3,sp,8
 1b2:	213a0e03          	lb	t3,531(s4)
 1b6:	3b01                	addiw	s6,s6,-32
 1b8:	0321390b          	.insn	4, 0x0321390b
 1bc:	1349                	addi	t1,t1,-14
 1be:	0000                	unimp
 1c0:	1608                	addi	a0,sp,800
 1c2:	0300                	addi	s0,sp,384
 1c4:	3a0e                	fld	fs4,224(sp)
 1c6:	390b3b0b          	.insn	4, 0x390b3b0b
 1ca:	0f21                	addi	t5,t5,8 # fffffffffffe0008 <__heap_end+0xffffffff7ffbb008>
 1cc:	1349                	addi	t1,t1,-14
 1ce:	0000                	unimp
 1d0:	0d09                	addi	s10,s10,2 # fffffffffffe0002 <__heap_end+0xffffffff7ffbb002>
 1d2:	0300                	addi	s0,sp,384
 1d4:	3a08                	fld	fa0,48(a2)
 1d6:	390b3b0b          	.insn	4, 0x390b3b0b
 1da:	0e21                	addi	t3,t3,8
 1dc:	1349                	addi	t1,t1,-14
 1de:	0b0d                	addi	s6,s6,3
 1e0:	00000b6b          	.insn	4, 0x0b6b
 1e4:	170a                	slli	a4,a4,0x22
 1e6:	0301                	addi	t1,t1,0
 1e8:	0b0e                	slli	s6,s6,0x3
 1ea:	3b0b3a0b          	.insn	4, 0x3b0b3a0b
 1ee:	0721390b          	.insn	4, 0x0721390b
 1f2:	1301                	addi	t1,t1,-32
 1f4:	0000                	unimp
 1f6:	03000d0b          	.insn	4, 0x03000d0b
 1fa:	3a08                	fld	fa0,48(a2)
 1fc:	390b3b0b          	.insn	4, 0x390b3b0b
 200:	0a21                	addi	s4,s4,8
 202:	1349                	addi	t1,t1,-14
 204:	0000                	unimp
 206:	0d0c                	addi	a1,sp,656
 208:	0300                	addi	s0,sp,384
 20a:	3a08                	fld	fa0,48(a2)
 20c:	0321                	addi	t1,t1,8
 20e:	0b390b3b          	.insn	4, 0x0b390b3b
 212:	1349                	addi	t1,t1,-14
 214:	0b38                	addi	a4,sp,408
 216:	0000                	unimp
 218:	340d                	addiw	s0,s0,-29
 21a:	0300                	addi	s0,sp,384
 21c:	3a08                	fld	fa0,48(a2)
 21e:	0121                	addi	sp,sp,8
 220:	21390b3b          	.insn	4, 0x21390b3b
 224:	00134903          	lbu	s2,1(t1)
 228:	0e00                	addi	s0,sp,784
 22a:	1755010b          	.insn	4, 0x1755010b
 22e:	1301                	addi	t1,t1,-32
 230:	0000                	unimp
 232:	2501110f          	.insn	4, 0x2501110f
 236:	130e                	slli	t1,t1,0x23
 238:	1b1f030b          	.insn	4, 0x1b1f030b
 23c:	111f 1201 1007      	.insn	6, 0x10071201111f
 242:	10000017          	auipc	zero,0x10000
 246:	0024                	addi	s1,sp,8
 248:	0b3e0b0b          	.insn	4, 0x0b3e0b0b
 24c:	00000803          	lb	a6,0(zero) # 0 <__boot_hart>
 250:	2e11                	addiw	t3,t3,4
 252:	3f01                	addiw	t5,t5,-32
 254:	0319                	addi	t1,t1,6
 256:	3a0e                	fld	fs4,224(sp)
 258:	390b3b0b          	.insn	4, 0x390b3b0b
 25c:	4919270b          	.insn	4, 0x4919270b
 260:	12011113          	.insn	4, 0x12011113
 264:	7a184007          	.insn	4, 0x7a184007
 268:	0119                	addi	sp,sp,6
 26a:	12000013          	li	zero,288
 26e:	0005                	c.nop	1
 270:	0b3a0803          	lb	a6,179(s4)
 274:	0b390b3b          	.insn	4, 0x0b390b3b
 278:	1349                	addi	t1,t1,-14
 27a:	1702                	slli	a4,a4,0x20
 27c:	0000                	unimp
 27e:	55010b13          	addi	s6,sp,1360
 282:	14000017          	auipc	zero,0x14000
 286:	0111010b          	.insn	4, 0x0111010b
 28a:	0712                	slli	a4,a4,0x4
 28c:	0000                	unimp
 28e:	0100                	addi	s0,sp,128
 290:	0024                	addi	s1,sp,8
 292:	0b3e0b0b          	.insn	4, 0x0b3e0b0b
 296:	00000e03          	lb	t3,0(zero) # 0 <__boot_hart>
 29a:	1102                	slli	sp,sp,0x20
 29c:	2501                	sext.w	a0,a0
 29e:	130e                	slli	t1,t1,0x23
 2a0:	1b1f030b          	.insn	4, 0x1b1f030b
 2a4:	111f 1201 1007      	.insn	6, 0x10071201111f
 2aa:	03000017          	auipc	zero,0x3000
 2ae:	0024                	addi	s1,sp,8
 2b0:	0b3e0b0b          	.insn	4, 0x0b3e0b0b
 2b4:	00000803          	lb	a6,0(zero) # 0 <__boot_hart>
 2b8:	2e04                	fld	fs1,24(a2)
 2ba:	3f00                	fld	fs0,56(a4)
 2bc:	0319                	addi	t1,t1,6
 2be:	3a0e                	fld	fs4,224(sp)
 2c0:	390b3b0b          	.insn	4, 0x390b3b0b
 2c4:	4919270b          	.insn	4, 0x4919270b
 2c8:	00193c13          	seqz	s8,s2
 2cc:	0500                	addi	s0,sp,640
 2ce:	0b0b000f          	.insn	4, 0x0b0b000f
 2d2:	1349                	addi	t1,t1,-14
 2d4:	0000                	unimp
 2d6:	2e06                	fld	ft8,64(sp)
 2d8:	3f01                	addiw	t5,t5,-32
 2da:	0319                	addi	t1,t1,6
 2dc:	3a0e                	fld	fs4,224(sp)
 2de:	390b3b0b          	.insn	4, 0x390b3b0b
 2e2:	4919270b          	.insn	4, 0x4919270b
 2e6:	12011113          	.insn	4, 0x12011113
 2ea:	7a184007          	.insn	4, 0x7a184007
 2ee:	0019                	c.nop	6
 2f0:	0700                	addi	s0,sp,896
 2f2:	0005                	c.nop	1
 2f4:	0b3a0e03          	lb	t3,179(s4)
 2f8:	0b390b3b          	.insn	4, 0x0b390b3b
 2fc:	1349                	addi	t1,t1,-14
 2fe:	1702                	slli	a4,a4,0x20
 300:	0000                	unimp
 302:	4808                	lw	a0,16(s0)
 304:	7d00                	ld	s0,56(a0)
 306:	7f01                	lui	t5,0xfffe0
 308:	00000013          	nop
 30c:	2401                	sext.w	s0,s0
 30e:	0b00                	addi	s0,sp,400
 310:	030b3e0b          	.insn	4, 0x030b3e0b
 314:	000e                	c.slli	zero,0x3
 316:	0200                	addi	s0,sp,256
 318:	0016                	c.slli	zero,0x5
 31a:	0b3a0e03          	lb	t3,179(s4)
 31e:	0b390b3b          	.insn	4, 0x0b390b3b
 322:	1349                	addi	t1,t1,-14
 324:	0000                	unimp
 326:	03003403          	ld	s0,48(zero) # 30 <__stack_align+0x20>
 32a:	3a0e                	fld	fs4,224(sp)
 32c:	0421                	addi	s0,s0,8
 32e:	21390b3b          	.insn	4, 0x21390b3b
 332:	491a                	lw	s2,132(sp)
 334:	3c193f13          	sltiu	t5,s2,961
 338:	0019                	c.nop	6
 33a:	0400                	addi	s0,sp,512
 33c:	0111                	addi	sp,sp,4
 33e:	0e25                	addi	t3,t3,9
 340:	1f030b13          	addi	s6,t1,496
 344:	01111f1b          	slliw	t5,sp,0x11
 348:	0712                	slli	a4,a4,0x4
 34a:	1710                	addi	a2,sp,928
 34c:	0000                	unimp
 34e:	2405                	addiw	s0,s0,1
 350:	0b00                	addi	s0,sp,400
 352:	030b3e0b          	.insn	4, 0x030b3e0b
 356:	0008                	.insn	2, 0x0008
 358:	0600                	addi	s0,sp,768
 35a:	0035                	c.nop	13
 35c:	1349                	addi	t1,t1,-14
 35e:	0000                	unimp
 360:	3f012e07          	flw	ft8,1008(sp)
 364:	0319                	addi	t1,t1,6
 366:	3a0e                	fld	fs4,224(sp)
 368:	390b3b0b          	.insn	4, 0x390b3b0b
 36c:	8719270b          	.insn	4, 0x8719270b
 370:	1901                	addi	s2,s2,-32 # 2a536 <__heap_size+0xa536>
 372:	0111                	addi	sp,sp,4
 374:	0712                	slli	a4,a4,0x4
 376:	1840                	addi	s0,sp,52
 378:	197a                	slli	s2,s2,0x3e
 37a:	0000                	unimp
 37c:	0508                	addi	a0,sp,640
 37e:	0300                	addi	s0,sp,384
 380:	3a0e                	fld	fs4,224(sp)
 382:	390b3b0b          	.insn	4, 0x390b3b0b
 386:	0213490b          	.insn	4, 0x0213490b
 38a:	0018                	.insn	2, 0x0018
 38c:	0900                	addi	s0,sp,144
 38e:	0034                	addi	a3,sp,8
 390:	0b3a0803          	lb	a6,179(s4)
 394:	0b390b3b          	.insn	4, 0x0b390b3b
 398:	1349                	addi	t1,t1,-14
 39a:	1802                	slli	a6,a6,0x20
 39c:	0000                	unimp
 39e:	0100                	addi	s0,sp,128
 3a0:	0016                	c.slli	zero,0x5
 3a2:	0b3a0e03          	lb	t3,179(s4)
 3a6:	0b390b3b          	.insn	4, 0x0b390b3b
 3aa:	1349                	addi	t1,t1,-14
 3ac:	0000                	unimp
 3ae:	0d02                	c.slli64	s10
 3b0:	0300                	addi	s0,sp,384
 3b2:	3a0e                	fld	fs4,224(sp)
 3b4:	390b3b0b          	.insn	4, 0x390b3b0b
 3b8:	3813490b          	.insn	4, 0x3813490b
 3bc:	0300000b          	.insn	4, 0x0300000b
 3c0:	0024                	addi	s1,sp,8
 3c2:	0b3e0b0b          	.insn	4, 0x0b3e0b0b
 3c6:	00000e03          	lb	t3,0(zero) # 0 <__boot_hart>
 3ca:	1304                	addi	s1,sp,416
 3cc:	0301                	addi	t1,t1,0
 3ce:	0b0e                	slli	s6,s6,0x3
 3d0:	3b0b3a0b          	.insn	4, 0x3b0b3a0b
 3d4:	0821390b          	.insn	4, 0x0821390b
 3d8:	1301                	addi	t1,t1,-32
 3da:	0000                	unimp
 3dc:	0f05                	addi	t5,t5,1 # fffffffffffe0001 <__heap_end+0xffffffff7ffbb001>
 3de:	0b00                	addi	s0,sp,400
 3e0:	0821                	addi	a6,a6,8 # 7d014136 <__heap_size+0x7cff4136>
 3e2:	1349                	addi	t1,t1,-14
 3e4:	0000                	unimp
 3e6:	1106                	slli	sp,sp,0x21
 3e8:	2501                	sext.w	a0,a0
 3ea:	130e                	slli	t1,t1,0x23
 3ec:	1b1f030b          	.insn	4, 0x1b1f030b
 3f0:	111f 1201 1007      	.insn	6, 0x10071201111f
 3f6:	07000017          	auipc	zero,0x7000
 3fa:	0024                	addi	s1,sp,8
 3fc:	0b3e0b0b          	.insn	4, 0x0b3e0b0b
 400:	00000803          	lb	a6,0(zero) # 0 <__boot_hart>
 404:	0108                	addi	a0,sp,128
 406:	4901                	li	s2,0
 408:	00130113          	addi	sp,t1,1
 40c:	0900                	addi	s0,sp,144
 40e:	0021                	c.nop	8
 410:	1349                	addi	t1,t1,-14
 412:	00000b2f          	.insn	4, 0x0b2f
 416:	2e0a                	fld	ft8,128(sp)
 418:	3f00                	fld	fs0,56(a4)
 41a:	0319                	addi	t1,t1,6
 41c:	3a0e                	fld	fs4,224(sp)
 41e:	390b3b0b          	.insn	4, 0x390b3b0b
 422:	4919270b          	.insn	4, 0x4919270b
 426:	00193c13          	seqz	s8,s2
 42a:	0b00                	addi	s0,sp,400
 42c:	012e                	slli	sp,sp,0xb
 42e:	0e03193f 0b3b0b3a 	.insn	8, 0x0b3b0b3a0e03193f
 436:	0b39                	addi	s6,s6,14
 438:	13491927          	.insn	4, 0x13491927
 43c:	0111                	addi	sp,sp,4
 43e:	0712                	slli	a4,a4,0x4
 440:	1840                	addi	s0,sp,52
 442:	197a                	slli	s2,s2,0x3e
 444:	1301                	addi	t1,t1,-32
 446:	0000                	unimp
 448:	050c                	addi	a1,sp,640
 44a:	0300                	addi	s0,sp,384
 44c:	3a0e                	fld	fs4,224(sp)
 44e:	390b3b0b          	.insn	4, 0x390b3b0b
 452:	0213490b          	.insn	4, 0x0213490b
 456:	0d000017          	auipc	zero,0xd000
 45a:	0005                	c.nop	1
 45c:	0b3a0803          	lb	a6,179(s4)
 460:	0b390b3b          	.insn	4, 0x0b390b3b
 464:	1349                	addi	t1,t1,-14
 466:	1702                	slli	a4,a4,0x20
 468:	0000                	unimp
 46a:	480e                	lw	a6,192(sp)
 46c:	7d00                	ld	s0,56(a0)
 46e:	7f01                	lui	t5,0xfffe0
 470:	00000013          	nop
 474:	2401                	sext.w	s0,s0
 476:	0b00                	addi	s0,sp,400
 478:	030b3e0b          	.insn	4, 0x030b3e0b
 47c:	000e                	c.slli	zero,0x3
 47e:	0200                	addi	s0,sp,256
 480:	0111                	addi	sp,sp,4
 482:	0e25                	addi	t3,t3,9
 484:	1f030b13          	addi	s6,t1,496
 488:	01111f1b          	slliw	t5,sp,0x11
 48c:	0712                	slli	a4,a4,0x4
 48e:	1710                	addi	a2,sp,928
 490:	0000                	unimp
 492:	0b002403          	lw	s0,176(zero) # b0 <__stack_align+0xa0>
 496:	030b3e0b          	.insn	4, 0x030b3e0b
 49a:	0008                	.insn	2, 0x0008
 49c:	0400                	addi	s0,sp,512
 49e:	002e                	c.slli	zero,0xb
 4a0:	0e03193f 0b3b0b3a 	.insn	8, 0x0b3b0b3a0e03193f
 4a8:	0b39                	addi	s6,s6,14
 4aa:	13491927          	.insn	4, 0x13491927
 4ae:	0111                	addi	sp,sp,4
 4b0:	0712                	slli	a4,a4,0x4
 4b2:	1840                	addi	s0,sp,52
 4b4:	197a                	slli	s2,s2,0x3e
 4b6:	0000                	unimp
 4b8:	0100                	addi	s0,sp,128
 4ba:	0024                	addi	s1,sp,8
 4bc:	0b3e0b0b          	.insn	4, 0x0b3e0b0b
 4c0:	00000e03          	lb	t3,0(zero) # 0 <__boot_hart>
 4c4:	1102                	slli	sp,sp,0x20
 4c6:	2501                	sext.w	a0,a0
 4c8:	130e                	slli	t1,t1,0x23
 4ca:	1b1f030b          	.insn	4, 0x1b1f030b
 4ce:	111f 1201 1007      	.insn	6, 0x10071201111f
 4d4:	03000017          	auipc	zero,0x3000
 4d8:	0024                	addi	s1,sp,8
 4da:	0b3e0b0b          	.insn	4, 0x0b3e0b0b
 4de:	00000803          	lb	a6,0(zero) # 0 <__boot_hart>
 4e2:	2e04                	fld	fs1,24(a2)
 4e4:	3f01                	addiw	t5,t5,-32 # fffffffffffdffe0 <__heap_end+0xffffffff7ffbafe0>
 4e6:	0319                	addi	t1,t1,6
 4e8:	3a0e                	fld	fs4,224(sp)
 4ea:	390b3b0b          	.insn	4, 0x390b3b0b
 4ee:	4919270b          	.insn	4, 0x4919270b
 4f2:	12011113          	.insn	4, 0x12011113
 4f6:	7a184007          	.insn	4, 0x7a184007
 4fa:	0019                	c.nop	6
 4fc:	0500                	addi	s0,sp,640
 4fe:	0005                	c.nop	1
 500:	0b3a0e03          	lb	t3,179(s4)
 504:	0b390b3b          	.insn	4, 0x0b390b3b
 508:	1349                	addi	t1,t1,-14
 50a:	1702                	slli	a4,a4,0x20
 50c:	0000                	unimp
 50e:	0100                	addi	s0,sp,128
 510:	0024                	addi	s1,sp,8
 512:	0b3e0b0b          	.insn	4, 0x0b3e0b0b
 516:	00000e03          	lb	t3,0(zero) # 0 <__boot_hart>
 51a:	0502                	c.slli64	a0
 51c:	0300                	addi	s0,sp,384
 51e:	3a08                	fld	fa0,48(a2)
 520:	0121                	addi	sp,sp,8
 522:	3904213b          	.insn	4, 0x3904213b
 526:	0213490b          	.insn	4, 0x0213490b
 52a:	03000017          	auipc	zero,0x3000
 52e:	0111                	addi	sp,sp,4
 530:	0e25                	addi	t3,t3,9
 532:	1f030b13          	addi	s6,t1,496
 536:	01111f1b          	slliw	t5,sp,0x11
 53a:	0712                	slli	a4,a4,0x4
 53c:	1710                	addi	a2,sp,928
 53e:	0000                	unimp
 540:	2404                	fld	fs1,8(s0)
 542:	0b00                	addi	s0,sp,400
 544:	030b3e0b          	.insn	4, 0x030b3e0b
 548:	0008                	.insn	2, 0x0008
 54a:	0500                	addi	s0,sp,640
 54c:	002e                	c.slli	zero,0xb
 54e:	0e03193f 0b3b0b3a 	.insn	8, 0x0b3b0b3a0e03193f
 556:	0b39                	addi	s6,s6,14
 558:	13491927          	.insn	4, 0x13491927
 55c:	193c                	addi	a5,sp,184
 55e:	0000                	unimp
 560:	0f06                	slli	t5,t5,0x1
 562:	0b00                	addi	s0,sp,400
 564:	0013490b          	.insn	4, 0x0013490b
 568:	0700                	addi	s0,sp,896
 56a:	012e                	slli	sp,sp,0xb
 56c:	0e03193f 0b3b0b3a 	.insn	8, 0x0b3b0b3a0e03193f
 574:	0b39                	addi	s6,s6,14
 576:	13491927          	.insn	4, 0x13491927
 57a:	0111                	addi	sp,sp,4
 57c:	0712                	slli	a4,a4,0x4
 57e:	1840                	addi	s0,sp,52
 580:	197a                	slli	s2,s2,0x3e
 582:	0000                	unimp
 584:	4808                	lw	a0,16(s0)
 586:	7d00                	ld	s0,56(a0)
 588:	7f01                	lui	t5,0xfffe0
 58a:	00000013          	nop
 58e:	2401                	sext.w	s0,s0
 590:	0b00                	addi	s0,sp,400
 592:	030b3e0b          	.insn	4, 0x030b3e0b
 596:	000e                	c.slli	zero,0x3
 598:	0200                	addi	s0,sp,256
 59a:	0016                	c.slli	zero,0x5
 59c:	0b3a0e03          	lb	t3,179(s4)
 5a0:	0b390b3b          	.insn	4, 0x0b390b3b
 5a4:	1349                	addi	t1,t1,-14
 5a6:	0000                	unimp
 5a8:	03000503          	lb	a0,48(zero) # 30 <__stack_align+0x20>
 5ac:	3a08                	fld	fa0,48(a2)
 5ae:	0121                	addi	sp,sp,8
 5b0:	3905213b          	.insn	4, 0x3905213b
 5b4:	0213490b          	.insn	4, 0x0213490b
 5b8:	04000017          	auipc	zero,0x4000
 5bc:	0111                	addi	sp,sp,4
 5be:	0e25                	addi	t3,t3,9
 5c0:	1f030b13          	addi	s6,t1,496
 5c4:	01111f1b          	slliw	t5,sp,0x11
 5c8:	0712                	slli	a4,a4,0x4
 5ca:	1710                	addi	a2,sp,928
 5cc:	0000                	unimp
 5ce:	2405                	addiw	s0,s0,1
 5d0:	0b00                	addi	s0,sp,400
 5d2:	030b3e0b          	.insn	4, 0x030b3e0b
 5d6:	0008                	.insn	2, 0x0008
 5d8:	0600                	addi	s0,sp,768
 5da:	002e                	c.slli	zero,0xb
 5dc:	0e03193f 0b3b0b3a 	.insn	8, 0x0b3b0b3a0e03193f
 5e4:	0b39                	addi	s6,s6,14
 5e6:	13491927          	.insn	4, 0x13491927
 5ea:	193c                	addi	a5,sp,184
 5ec:	0000                	unimp
 5ee:	0b000f07          	.insn	4, 0x0b000f07
 5f2:	0013490b          	.insn	4, 0x0013490b
 5f6:	0800                	addi	s0,sp,16
 5f8:	012e                	slli	sp,sp,0xb
 5fa:	0e03193f 0b3b0b3a 	.insn	8, 0x0b3b0b3a0e03193f
 602:	0b39                	addi	s6,s6,14
 604:	13491927          	.insn	4, 0x13491927
 608:	0111                	addi	sp,sp,4
 60a:	0712                	slli	a4,a4,0x4
 60c:	1840                	addi	s0,sp,52
 60e:	197a                	slli	s2,s2,0x3e
 610:	0000                	unimp
 612:	0509                	addi	a0,a0,2
 614:	0300                	addi	s0,sp,384
 616:	3a0e                	fld	fs4,224(sp)
 618:	390b3b0b          	.insn	4, 0x390b3b0b
 61c:	0213490b          	.insn	4, 0x0213490b
 620:	0a000017          	auipc	zero,0xa000
 624:	0048                	addi	a0,sp,4
 626:	017d                	addi	sp,sp,31
 628:	0000137f 00240100 	.insn	12, 0x0b3e0b0b002401000000137f
 630:	0b3e0b0b 
 634:	00000e03          	lb	t3,0(zero) # 0 <__boot_hart>
 638:	1602                	slli	a2,a2,0x20
 63a:	0300                	addi	s0,sp,384
 63c:	3a0e                	fld	fs4,224(sp)
 63e:	390b3b0b          	.insn	4, 0x390b3b0b
 642:	0013490b          	.insn	4, 0x0013490b
 646:	0300                	addi	s0,sp,384
 648:	0005                	c.nop	1
 64a:	213a0803          	lb	a6,531(s4)
 64e:	3b01                	addiw	s6,s6,-32
 650:	0521                	addi	a0,a0,8
 652:	0b39                	addi	s6,s6,14
 654:	1349                	addi	t1,t1,-14
 656:	1702                	slli	a4,a4,0x20
 658:	0000                	unimp
 65a:	1104                	addi	s1,sp,160
 65c:	2501                	sext.w	a0,a0
 65e:	130e                	slli	t1,t1,0x23
 660:	1b1f030b          	.insn	4, 0x1b1f030b
 664:	111f 1201 1007      	.insn	6, 0x10071201111f
 66a:	05000017          	auipc	zero,0x5000
 66e:	0024                	addi	s1,sp,8
 670:	0b3e0b0b          	.insn	4, 0x0b3e0b0b
 674:	00000803          	lb	a6,0(zero) # 0 <__boot_hart>
 678:	0f06                	slli	t5,t5,0x1
 67a:	0b00                	addi	s0,sp,400
 67c:	0700000b          	.insn	4, 0x0700000b
 680:	002e                	c.slli	zero,0xb
 682:	0e03193f 0b3b0b3a 	.insn	8, 0x0b3b0b3a0e03193f
 68a:	0b39                	addi	s6,s6,14
 68c:	13491927          	.insn	4, 0x13491927
 690:	193c                	addi	a5,sp,184
 692:	0000                	unimp
 694:	0f08                	addi	a0,sp,912
 696:	0b00                	addi	s0,sp,400
 698:	0013490b          	.insn	4, 0x0013490b
 69c:	0900                	addi	s0,sp,144
 69e:	012e                	slli	sp,sp,0xb
 6a0:	0e03193f 0b3b0b3a 	.insn	8, 0x0b3b0b3a0e03193f
 6a8:	0b39                	addi	s6,s6,14
 6aa:	13491927          	.insn	4, 0x13491927
 6ae:	0111                	addi	sp,sp,4
 6b0:	0712                	slli	a4,a4,0x4
 6b2:	1840                	addi	s0,sp,52
 6b4:	197a                	slli	s2,s2,0x3e
 6b6:	0000                	unimp
 6b8:	050a                	slli	a0,a0,0x2
 6ba:	0300                	addi	s0,sp,384
 6bc:	3a0e                	fld	fs4,224(sp)
 6be:	390b3b0b          	.insn	4, 0x390b3b0b
 6c2:	0213490b          	.insn	4, 0x0213490b
 6c6:	0b000017          	auipc	zero,0xb000
 6ca:	0048                	addi	a0,sp,4
 6cc:	017d                	addi	sp,sp,31
 6ce:	0000137f 00240100 	.insn	12, 0x0b3e0b0b002401000000137f
 6d6:	0b3e0b0b 
 6da:	00000e03          	lb	t3,0(zero) # 0 <__boot_hart>
 6de:	0f02                	c.slli64	t5
 6e0:	0b00                	addi	s0,sp,400
 6e2:	0821                	addi	a6,a6,8
 6e4:	1349                	addi	t1,t1,-14
 6e6:	0000                	unimp
 6e8:	03003403          	ld	s0,48(zero) # 30 <__stack_align+0x20>
 6ec:	3a0e                	fld	fs4,224(sp)
 6ee:	0121                	addi	sp,sp,8
 6f0:	0b390b3b          	.insn	4, 0x0b390b3b
 6f4:	1349                	addi	t1,t1,-14
 6f6:	193c193f 34040000 	.insn	8, 0x34040000193c193f
 6fe:	0300                	addi	s0,sp,384
 700:	3a0e                	fld	fs4,224(sp)
 702:	0121                	addi	sp,sp,8
 704:	21390b3b          	.insn	4, 0x21390b3b
 708:	0213490b          	.insn	4, 0x0213490b
 70c:	05000017          	auipc	zero,0x5000
 710:	0111                	addi	sp,sp,4
 712:	0e25                	addi	t3,t3,9
 714:	1f030b13          	addi	s6,t1,496
 718:	01111f1b          	slliw	t5,sp,0x11
 71c:	0712                	slli	a4,a4,0x4
 71e:	1710                	addi	a2,sp,928
 720:	0000                	unimp
 722:	1606                	slli	a2,a2,0x21
 724:	0300                	addi	s0,sp,384
 726:	3a0e                	fld	fs4,224(sp)
 728:	390b3b0b          	.insn	4, 0x390b3b0b
 72c:	0013490b          	.insn	4, 0x0013490b
 730:	0700                	addi	s0,sp,896
 732:	0024                	addi	s1,sp,8
 734:	0b3e0b0b          	.insn	4, 0x0b3e0b0b
 738:	00000803          	lb	a6,0(zero) # 0 <__boot_hart>
 73c:	0f08                	addi	a0,sp,912
 73e:	0b00                	addi	s0,sp,400
 740:	0900000b          	.insn	4, 0x0900000b
 744:	0101                	addi	sp,sp,0
 746:	1349                	addi	t1,t1,-14
 748:	1301                	addi	t1,t1,-32
 74a:	0000                	unimp
 74c:	210a                	fld	ft2,128(sp)
 74e:	0000                	unimp
 750:	0b00                	addi	s0,sp,400
 752:	0034                	addi	a3,sp,8
 754:	0b3a0e03          	lb	t3,179(s4)
 758:	0b390b3b          	.insn	4, 0x0b390b3b
 75c:	1349                	addi	t1,t1,-14
 75e:	1802                	slli	a6,a6,0x20
 760:	0000                	unimp
 762:	2e0c                	fld	fa1,24(a2)
 764:	3f00                	fld	fs0,56(a4)
 766:	0319                	addi	t1,t1,6
 768:	3a0e                	fld	fs4,224(sp)
 76a:	390b3b0b          	.insn	4, 0x390b3b0b
 76e:	4919270b          	.insn	4, 0x4919270b
 772:	00193c13          	seqz	s8,s2
 776:	0d00                	addi	s0,sp,656
 778:	012e                	slli	sp,sp,0xb
 77a:	0e03193f 0b3b0b3a 	.insn	8, 0x0b3b0b3a0e03193f
 782:	0b39                	addi	s6,s6,14
 784:	13491927          	.insn	4, 0x13491927
 788:	0111                	addi	sp,sp,4
 78a:	0712                	slli	a4,a4,0x4
 78c:	1840                	addi	s0,sp,52
 78e:	197a                	slli	s2,s2,0x3e
 790:	0000                	unimp
 792:	050e                	slli	a0,a0,0x3
 794:	0300                	addi	s0,sp,384
 796:	3a0e                	fld	fs4,224(sp)
 798:	390b3b0b          	.insn	4, 0x390b3b0b
 79c:	0213490b          	.insn	4, 0x0213490b
 7a0:	0f000017          	auipc	zero,0xf000
 7a4:	0048                	addi	a0,sp,4
 7a6:	017d                	addi	sp,sp,31
 7a8:	0000137f 00240100 	.insn	12, 0x0b3e0b0b002401000000137f
 7b0:	0b3e0b0b 
 7b4:	00000e03          	lb	t3,0(zero) # 0 <__boot_hart>
 7b8:	1602                	slli	a2,a2,0x20
 7ba:	0300                	addi	s0,sp,384
 7bc:	3a0e                	fld	fs4,224(sp)
 7be:	390b3b0b          	.insn	4, 0x390b3b0b
 7c2:	0013490b          	.insn	4, 0x0013490b
 7c6:	0300                	addi	s0,sp,384
 7c8:	0005                	c.nop	1
 7ca:	1349                	addi	t1,t1,-14
 7cc:	0000                	unimp
 7ce:	4904                	lw	s1,16(a0)
 7d0:	0200                	addi	s0,sp,256
 7d2:	7e18                	ld	a4,56(a2)
 7d4:	0018                	.insn	2, 0x0018
 7d6:	0500                	addi	s0,sp,640
 7d8:	0005                	c.nop	1
 7da:	213a0803          	lb	a6,531(s4)
 7de:	3b01                	addiw	s6,s6,-32
 7e0:	0621                	addi	a2,a2,8
 7e2:	0b39                	addi	s6,s6,14
 7e4:	1349                	addi	t1,t1,-14
 7e6:	1702                	slli	a4,a4,0x20
 7e8:	0000                	unimp
 7ea:	1106                	slli	sp,sp,0x21
 7ec:	2501                	sext.w	a0,a0
 7ee:	130e                	slli	t1,t1,0x23
 7f0:	1b1f030b          	.insn	4, 0x1b1f030b
 7f4:	111f 1201 1007      	.insn	6, 0x10071201111f
 7fa:	07000017          	auipc	zero,0x7000
 7fe:	0024                	addi	s1,sp,8
 800:	0b3e0b0b          	.insn	4, 0x0b3e0b0b
 804:	00000803          	lb	a6,0(zero) # 0 <__boot_hart>
 808:	2e08                	fld	fa0,24(a2)
 80a:	3f01                	addiw	t5,t5,-32 # fffffffffffdffe0 <__heap_end+0xffffffff7ffbafe0>
 80c:	0319                	addi	t1,t1,6
 80e:	3a0e                	fld	fs4,224(sp)
 810:	390b3b0b          	.insn	4, 0x390b3b0b
 814:	4919270b          	.insn	4, 0x4919270b
 818:	01193c13          	sltiu	s8,s2,17
 81c:	09000013          	li	zero,144
 820:	012e                	slli	sp,sp,0xb
 822:	0e03193f 0b3b0b3a 	.insn	8, 0x0b3b0b3a0e03193f
 82a:	0b39                	addi	s6,s6,14
 82c:	13491927          	.insn	4, 0x13491927
 830:	0111                	addi	sp,sp,4
 832:	0712                	slli	a4,a4,0x4
 834:	1840                	addi	s0,sp,52
 836:	197a                	slli	s2,s2,0x3e
 838:	1301                	addi	t1,t1,-32
 83a:	0000                	unimp
 83c:	480a                	lw	a6,128(sp)
 83e:	7d01                	lui	s10,0xfffe0
 840:	8201                	c.srli64	a2
 842:	1901                	addi	s2,s2,-32
 844:	0000137f 0b000f0b 	.insn	12, 0x0013490b0b000f0b0000137f
 84c:	0013490b 
 850:	0c00                	addi	s0,sp,528
 852:	0026                	c.slli	zero,0x9
 854:	0000                	unimp
 856:	0100                	addi	s0,sp,128
 858:	0011                	c.nop	4
 85a:	1710                	addi	a2,sp,928
 85c:	0111                	addi	sp,sp,4
 85e:	0f12                	slli	t5,t5,0x4
 860:	0e1b0e03          	lb	t3,225(s6)
 864:	0e25                	addi	t3,t3,9
 866:	00000513          	li	a0,0
 86a:	0100                	addi	s0,sp,128
 86c:	0011                	c.nop	4
 86e:	1710                	addi	a2,sp,928
 870:	0111                	addi	sp,sp,4
 872:	0f12                	slli	t5,t5,0x4
 874:	0e1b0e03          	lb	t3,225(s6)
 878:	0e25                	addi	t3,t3,9
 87a:	00000513          	li	a0,0
 87e:	0100                	addi	s0,sp,128
 880:	0024                	addi	s1,sp,8
 882:	0b3e0b0b          	.insn	4, 0x0b3e0b0b
 886:	00000e03          	lb	t3,0(zero) # 0 <__boot_hart>
 88a:	1602                	slli	a2,a2,0x20
 88c:	0300                	addi	s0,sp,384
 88e:	3a0e                	fld	fs4,224(sp)
 890:	390b3b0b          	.insn	4, 0x390b3b0b
 894:	0013490b          	.insn	4, 0x0013490b
 898:	0300                	addi	s0,sp,384
 89a:	0005                	c.nop	1
 89c:	213a0e03          	lb	t3,531(s4)
 8a0:	3b01                	addiw	s6,s6,-32
 8a2:	0421                	addi	s0,s0,8
 8a4:	0b39                	addi	s6,s6,14
 8a6:	1349                	addi	t1,t1,-14
 8a8:	1702                	slli	a4,a4,0x20
 8aa:	0000                	unimp
 8ac:	1104                	addi	s1,sp,160
 8ae:	2501                	sext.w	a0,a0
 8b0:	130e                	slli	t1,t1,0x23
 8b2:	1b1f030b          	.insn	4, 0x1b1f030b
 8b6:	111f 1201 1007      	.insn	6, 0x10071201111f
 8bc:	05000017          	auipc	zero,0x5000
 8c0:	0024                	addi	s1,sp,8
 8c2:	0b3e0b0b          	.insn	4, 0x0b3e0b0b
 8c6:	00000803          	lb	a6,0(zero) # 0 <__boot_hart>
 8ca:	2e06                	fld	ft8,64(sp)
 8cc:	3f01                	addiw	t5,t5,-32
 8ce:	0319                	addi	t1,t1,6
 8d0:	3a0e                	fld	fs4,224(sp)
 8d2:	390b3b0b          	.insn	4, 0x390b3b0b
 8d6:	8719270b          	.insn	4, 0x8719270b
 8da:	1901                	addi	s2,s2,-32
 8dc:	193c                	addi	a5,sp,184
 8de:	1301                	addi	t1,t1,-32
 8e0:	0000                	unimp
 8e2:	49000507          	.insn	4, 0x49000507
 8e6:	08000013          	li	zero,128
 8ea:	012e                	slli	sp,sp,0xb
 8ec:	0e03193f 0b3b0b3a 	.insn	8, 0x0b3b0b3a0e03193f
 8f4:	0b39                	addi	s6,s6,14
 8f6:	01111927          	.insn	4, 0x01111927
 8fa:	0712                	slli	a4,a4,0x4
 8fc:	1840                	addi	s0,sp,52
 8fe:	197a                	slli	s2,s2,0x3e
 900:	1301                	addi	t1,t1,-32
 902:	0000                	unimp
 904:	0509                	addi	a0,a0,2
 906:	0300                	addi	s0,sp,384
 908:	3a08                	fld	fa0,48(a2)
 90a:	390b3b0b          	.insn	4, 0x390b3b0b
 90e:	0213490b          	.insn	4, 0x0213490b
 912:	0a000017          	auipc	zero,0xa000
 916:	0034                	addi	a3,sp,8
 918:	0b3a0e03          	lb	t3,179(s4)
 91c:	0b390b3b          	.insn	4, 0x0b390b3b
 920:	1349                	addi	t1,t1,-14
 922:	1702                	slli	a4,a4,0x20
 924:	0000                	unimp
 926:	7d00480b          	.insn	4, 0x7d00480b
 92a:	7f01                	lui	t5,0xfffe0
 92c:	0c000013          	li	zero,192
 930:	0b0b000f          	.insn	4, 0x0b0b000f
 934:	1349                	addi	t1,t1,-14
 936:	0000                	unimp
 938:	0100                	addi	s0,sp,128
 93a:	0024                	addi	s1,sp,8
 93c:	0b3e0b0b          	.insn	4, 0x0b3e0b0b
 940:	00000e03          	lb	t3,0(zero) # 0 <__boot_hart>
 944:	0502                	c.slli64	a0
 946:	4900                	lw	s0,16(a0)
 948:	03000013          	li	zero,48
 94c:	0034                	addi	a3,sp,8
 94e:	213a0e03          	lb	t3,531(s4)
 952:	3b01                	addiw	s6,s6,-32
 954:	1121390b          	.insn	4, 0x1121390b
 958:	1349                	addi	t1,t1,-14
 95a:	193c193f 37040000 	.insn	8, 0x37040000193c193f
 962:	4900                	lw	s0,16(a0)
 964:	05000013          	li	zero,80
 968:	210b000f          	.insn	4, 0x210b000f
 96c:	4908                	lw	a0,16(a0)
 96e:	06000013          	li	zero,96
 972:	012e                	slli	sp,sp,0xb
 974:	0e03193f 3b02213a 	.insn	8, 0x3b02213a0e03193f
 97c:	0921390b          	.insn	4, 0x0921390b
 980:	13491927          	.insn	4, 0x13491927
 984:	193c                	addi	a5,sp,184
 986:	1301                	addi	t1,t1,-32
 988:	0000                	unimp
 98a:	02004907          	.insn	4, 0x02004907
 98e:	7e18                	ld	a4,56(a2)
 990:	0018                	.insn	2, 0x0018
 992:	0800                	addi	s0,sp,16
 994:	0111                	addi	sp,sp,4
 996:	0e25                	addi	t3,t3,9
 998:	1f030b13          	addi	s6,t1,496
 99c:	01111f1b          	slliw	t5,sp,0x11
 9a0:	0712                	slli	a4,a4,0x4
 9a2:	1710                	addi	a2,sp,928
 9a4:	0000                	unimp
 9a6:	1609                	addi	a2,a2,-30
 9a8:	0300                	addi	s0,sp,384
 9aa:	3a0e                	fld	fs4,224(sp)
 9ac:	390b3b0b          	.insn	4, 0x390b3b0b
 9b0:	0013490b          	.insn	4, 0x0013490b
 9b4:	0a00                	addi	s0,sp,272
 9b6:	0024                	addi	s1,sp,8
 9b8:	0b3e0b0b          	.insn	4, 0x0b3e0b0b
 9bc:	00000803          	lb	a6,0(zero) # 0 <__boot_hart>
 9c0:	0b000f0b          	.insn	4, 0x0b000f0b
 9c4:	0c00000b          	.insn	4, 0x0c00000b
 9c8:	0026                	c.slli	zero,0x9
 9ca:	0000                	unimp
 9cc:	2e0d                	addiw	t3,t3,3
 9ce:	3f01                	addiw	t5,t5,-32 # fffffffffffdffe0 <__heap_end+0xffffffff7ffbafe0>
 9d0:	0319                	addi	t1,t1,6
 9d2:	3a0e                	fld	fs4,224(sp)
 9d4:	390b3b0b          	.insn	4, 0x390b3b0b
 9d8:	1119270b          	.insn	4, 0x1119270b
 9dc:	1201                	addi	tp,tp,-32 # ffffffffffffffe0 <__heap_end+0xffffffff7ffdafe0>
 9de:	7a184007          	.insn	4, 0x7a184007
 9e2:	0119                	addi	sp,sp,6
 9e4:	0e000013          	li	zero,224
 9e8:	0034                	addi	a3,sp,8
 9ea:	0b3a0e03          	lb	t3,179(s4)
 9ee:	0b390b3b          	.insn	4, 0x0b390b3b
 9f2:	1349                	addi	t1,t1,-14
 9f4:	1802                	slli	a6,a6,0x20
 9f6:	0000                	unimp
 9f8:	7d01480f          	.insn	4, 0x7d01480f
 9fc:	7f01                	lui	t5,0xfffe0
 9fe:	00130113          	addi	sp,t1,1
 a02:	1000                	addi	s0,sp,32
 a04:	0148                	addi	a0,sp,132
 a06:	017d                	addi	sp,sp,31
 a08:	0182                	c.slli64	gp
 a0a:	7f19                	lui	t5,0xfffe6
 a0c:	11000013          	li	zero,272
 a10:	0101                	addi	sp,sp,0
 a12:	1349                	addi	t1,t1,-14
 a14:	0000                	unimp
 a16:	2112                	fld	ft2,256(sp)
 a18:	0000                	unimp
 a1a:	0000                	unimp
 a1c:	1101                	addi	sp,sp,-32
 a1e:	2501                	sext.w	a0,a0
 a20:	130e                	slli	t1,t1,0x23
 a22:	1b1f030b          	.insn	4, 0x1b1f030b
 a26:	111f 1201 1007      	.insn	6, 0x10071201111f
 a2c:	02000017          	auipc	zero,0x2000
 a30:	002e                	c.slli	zero,0xb
 a32:	0e03193f 0b3b0b3a 	.insn	8, 0x0b3b0b3a0e03193f
 a3a:	0b39                	addi	s6,s6,14
 a3c:	01871927          	.insn	4, 0x01871927
 a40:	1119                	addi	sp,sp,-26
 a42:	1201                	addi	tp,tp,-32 # ffffffffffffffe0 <__heap_end+0xffffffff7ffdafe0>
 a44:	7a184007          	.insn	4, 0x7a184007
 a48:	0019                	c.nop	6
 a4a:	0000                	unimp
 a4c:	1601                	addi	a2,a2,-32
 a4e:	0300                	addi	s0,sp,384
 a50:	3a0e                	fld	fs4,224(sp)
 a52:	390b3b0b          	.insn	4, 0x390b3b0b
 a56:	0013490b          	.insn	4, 0x0013490b
 a5a:	0200                	addi	s0,sp,256
 a5c:	0024                	addi	s1,sp,8
 a5e:	0b3e0b0b          	.insn	4, 0x0b3e0b0b
 a62:	00000e03          	lb	t3,0(zero) # 0 <__boot_hart>
 a66:	31000503          	lb	a0,784(zero) # 310 <__stack_align+0x300>
 a6a:	00170213          	addi	tp,a4,1
 a6e:	0400                	addi	s0,sp,512
 a70:	0005                	c.nop	1
 a72:	213a0803          	lb	a6,531(s4)
 a76:	3b02                	fld	fs6,32(sp)
 a78:	490b390b          	.insn	4, 0x490b390b
 a7c:	05000013          	li	zero,80
 a80:	0005                	c.nop	1
 a82:	213a0803          	lb	a6,531(s4)
 a86:	3b01                	addiw	s6,s6,-32
 a88:	0c21                	addi	s8,s8,8
 a8a:	0b39                	addi	s6,s6,14
 a8c:	1349                	addi	t1,t1,-14
 a8e:	1702                	slli	a4,a4,0x20
 a90:	0000                	unimp
 a92:	2e06                	fld	ft8,64(sp)
 a94:	0301                	addi	t1,t1,0
 a96:	3a0e                	fld	fs4,224(sp)
 a98:	390b3b0b          	.insn	4, 0x390b3b0b
 a9c:	1421                	addi	s0,s0,-24
 a9e:	21201927          	.insn	4, 0x21201927
 aa2:	00130103          	lb	sp,1(t1)
 aa6:	0700                	addi	s0,sp,896
 aa8:	210b000f          	.insn	4, 0x210b000f
 aac:	4908                	lw	a0,16(a0)
 aae:	08000013          	li	zero,128
 ab2:	0035                	c.nop	13
 ab4:	1349                	addi	t1,t1,-14
 ab6:	0000                	unimp
 ab8:	3409                	addiw	s0,s0,-30
 aba:	0300                	addi	s0,sp,384
 abc:	3a0e                	fld	fs4,224(sp)
 abe:	0621                	addi	a2,a2,8
 ac0:	21390b3b          	.insn	4, 0x21390b3b
 ac4:	491a                	lw	s2,132(sp)
 ac6:	3c193f13          	sltiu	t5,s2,961
 aca:	0019                	c.nop	6
 acc:	0a00                	addi	s0,sp,272
 ace:	0034                	addi	a3,sp,8
 ad0:	213a1347          	fmsub.s	ft6,fs4,fs3,ft4,rtz
 ad4:	3b01                	addiw	s6,s6,-32
 ad6:	1321390b          	.insn	4, 0x1321390b
 ada:	1802                	slli	a6,a6,0x20
 adc:	0000                	unimp
 ade:	0300340b          	.insn	4, 0x0300340b
 ae2:	3a08                	fld	fa0,48(a2)
 ae4:	0121                	addi	sp,sp,8
 ae6:	0b390b3b          	.insn	4, 0x0b390b3b
 aea:	1349                	addi	t1,t1,-14
 aec:	1802                	slli	a6,a6,0x20
 aee:	0000                	unimp
 af0:	1d0c                	addi	a1,sp,688
 af2:	3101                	addiw	sp,sp,-32
 af4:	12011113          	.insn	4, 0x12011113
 af8:	01215807          	.insn	4, 0x01215807
 afc:	0b59                	addi	s6,s6,22
 afe:	01052157          	.insn	4, 0x01052157
 b02:	0d000013          	li	zero,208
 b06:	011d                	addi	sp,sp,7
 b08:	1331                	addi	t1,t1,-20
 b0a:	0111                	addi	sp,sp,4
 b0c:	0712                	slli	a4,a4,0x4
 b0e:	2158                	fld	fa4,128(a0)
 b10:	570b5903          	lhu	s2,1392(s6)
 b14:	0e00000b          	.insn	4, 0x0e00000b
 b18:	001d                	c.nop	7
 b1a:	1331                	addi	t1,t1,-20
 b1c:	0111                	addi	sp,sp,4
 b1e:	0712                	slli	a4,a4,0x4
 b20:	2158                	fld	fa4,128(a0)
 b22:	5901                	li	s2,-32
 b24:	0521570b          	.insn	4, 0x0521570b
 b28:	0000                	unimp
 b2a:	0300050f          	.insn	4, 0x0300050f
 b2e:	3a0e                	fld	fs4,224(sp)
 b30:	0321                	addi	t1,t1,8
 b32:	0b390b3b          	.insn	4, 0x0b390b3b
 b36:	1349                	addi	t1,t1,-14
 b38:	0000                	unimp
 b3a:	2e10                	fld	fa2,24(a2)
 b3c:	0301                	addi	t1,t1,0
 b3e:	3a0e                	fld	fs4,224(sp)
 b40:	0221                	addi	tp,tp,8 # 8 <__boot_hart+0x8>
 b42:	21390b3b          	.insn	4, 0x21390b3b
 b46:	2714                	fld	fa3,8(a4)
 b48:	4919                	li	s2,6
 b4a:	03212013          	slti	zero,sp,50
 b4e:	1301                	addi	t1,t1,-32
 b50:	0000                	unimp
 b52:	2e11                	addiw	t3,t3,4
 b54:	0300                	addi	s0,sp,384
 b56:	3a08                	fld	fa0,48(a2)
 b58:	0221                	addi	tp,tp,8 # 8 <__boot_hart+0x8>
 b5a:	21390b3b          	.insn	4, 0x21390b3b
 b5e:	2714                	fld	fa3,8(a4)
 b60:	2019                	.insn	2, 0x2019
 b62:	0321                	addi	t1,t1,8
 b64:	0000                	unimp
 b66:	1112                	slli	sp,sp,0x24
 b68:	2501                	sext.w	a0,a0
 b6a:	130e                	slli	t1,t1,0x23
 b6c:	1b1f030b          	.insn	4, 0x1b1f030b
 b70:	111f 1201 1007      	.insn	6, 0x10071201111f
 b76:	13000017          	auipc	zero,0x13000
 b7a:	0024                	addi	s1,sp,8
 b7c:	0b3e0b0b          	.insn	4, 0x0b3e0b0b
 b80:	00000803          	lb	a6,0(zero) # 0 <__boot_hart>
 b84:	2614                	fld	fa3,8(a2)
 b86:	4900                	lw	s0,16(a0)
 b88:	15000013          	li	zero,336
 b8c:	0b0b0113          	addi	sp,s6,176
 b90:	0b3a                	slli	s6,s6,0xe
 b92:	0b390b3b          	.insn	4, 0x0b390b3b
 b96:	1301                	addi	t1,t1,-32
 b98:	0000                	unimp
 b9a:	0d16                	slli	s10,s10,0x5
 b9c:	0300                	addi	s0,sp,384
 b9e:	3a0e                	fld	fs4,224(sp)
 ba0:	390b3b0b          	.insn	4, 0x390b3b0b
 ba4:	3813490b          	.insn	4, 0x3813490b
 ba8:	1700000b          	.insn	4, 0x1700000b
 bac:	0034                	addi	a3,sp,8
 bae:	0b3a0e03          	lb	t3,179(s4)
 bb2:	0b390b3b          	.insn	4, 0x0b390b3b
 bb6:	1349                	addi	t1,t1,-14
 bb8:	1802                	slli	a6,a6,0x20
 bba:	0000                	unimp
 bbc:	2e18                	fld	fa4,24(a2)
 bbe:	3f01                	addiw	t5,t5,-32 # fffffffffffe5fe0 <__heap_end+0xffffffff7ffc0fe0>
 bc0:	0319                	addi	t1,t1,6
 bc2:	3a0e                	fld	fs4,224(sp)
 bc4:	390b3b0b          	.insn	4, 0x390b3b0b
 bc8:	4919270b          	.insn	4, 0x4919270b
 bcc:	12011113          	.insn	4, 0x12011113
 bd0:	7a184007          	.insn	4, 0x7a184007
 bd4:	0119                	addi	sp,sp,6
 bd6:	19000013          	li	zero,400
 bda:	0005                	c.nop	1
 bdc:	0b3a0803          	lb	a6,179(s4)
 be0:	0b390b3b          	.insn	4, 0x0b390b3b
 be4:	1349                	addi	t1,t1,-14
 be6:	1802                	slli	a6,a6,0x20
 be8:	0000                	unimp
 bea:	1d1a                	slli	s10,s10,0x26
 bec:	3101                	addiw	sp,sp,-32
 bee:	55015213          	.insn	4, 0x55015213
 bf2:	590b5817          	auipc	a6,0x590b5
 bf6:	010b570b          	.insn	4, 0x010b570b
 bfa:	1b000013          	li	zero,432
 bfe:	1755010b          	.insn	4, 0x1755010b
 c02:	0000                	unimp
 c04:	341c                	fld	fa5,40(s0)
 c06:	3100                	fld	fs0,32(a0)
 c08:	1d000013          	li	zero,464
 c0c:	0005                	c.nop	1
 c0e:	1331                	addi	t1,t1,-20
 c10:	0000                	unimp
 c12:	011e                	slli	sp,sp,0x7
 c14:	4901                	li	s2,0
 c16:	00130113          	addi	sp,t1,1
 c1a:	1f00                	addi	s0,sp,944
 c1c:	0021                	c.nop	8
 c1e:	1349                	addi	t1,t1,-14
 c20:	00000b2f          	.insn	4, 0x0b2f
 c24:	3420                	fld	fs0,104(s0)
 c26:	0300                	addi	s0,sp,384
 c28:	3a08                	fld	fa0,48(a2)
 c2a:	390b3b0b          	.insn	4, 0x390b3b0b
 c2e:	0013490b          	.insn	4, 0x0013490b
	...

Disassembly of section .debug_loclists:

0000000000000000 <.debug_loclists>:
   0:	009c                	addi	a5,sp,64
   2:	0000                	unimp
   4:	0005                	c.nop	1
   6:	0008                	.insn	2, 0x0008
   8:	0000                	unimp
   a:	0000                	unimp
   c:	a808                	fsd	fa0,16(s0)
   e:	0002                	c.slli64	zero
  10:	0080                	addi	s0,sp,64
  12:	0000                	unimp
  14:	4f00                	lw	s0,24(a4)
  16:	5f01                	li	t5,-32
  18:	0800                	addi	s0,sp,16
  1a:	02e8                	addi	a0,sp,332
  1c:	8000                	.insn	2, 0x8000
  1e:	0000                	unimp
  20:	0000                	unimp
  22:	010c                	addi	a1,sp,128
  24:	f806005b          	.insn	4, 0xf806005b
  28:	0002                	c.slli64	zero
  2a:	0080                	addi	s0,sp,64
  2c:	0000                	unimp
  2e:	0400                	addi	s0,sp,512
  30:	8400                	.insn	2, 0x8400
  32:	0401                	addi	s0,s0,0
  34:	c091                	beqz	s1,38 <__stack_align+0x28>
  36:	9f7d                	.insn	2, 0x9f7d
  38:	8404                	.insn	2, 0x8404
  3a:	8801                	andi	s0,s0,0
  3c:	0401                	addi	s0,s0,0
  3e:	c072                	sw	t3,0(sp)
  40:	9f7d                	.insn	2, 0x9f7d
  42:	0600                	addi	s0,sp,768
  44:	02f8                	addi	a4,sp,332
  46:	8000                	.insn	2, 0x8000
  48:	0000                	unimp
  4a:	0000                	unimp
  4c:	0004                	.insn	2, 0x0004
  4e:	0224                	addi	s1,sp,264
  50:	9f30                	.insn	2, 0x9f30
  52:	2404                	fld	fs1,8(s0)
  54:	0128                	addi	a0,sp,136
  56:	2c060063          	beqz	a2,316 <__stack_align+0x306>
  5a:	00800003          	lb	zero,8(zero) # 8 <__boot_hart+0x8>
  5e:	0000                	unimp
  60:	0400                	addi	s0,sp,512
  62:	0400                	addi	s0,sp,512
  64:	3002                	fld	ft0,32(sp)
  66:	049f 1004 7818      	.insn	6, 0x78181004049f
  6c:	9100                	.insn	2, 0x9100
  6e:	1c00                	addi	s0,sp,560
  70:	24330083          	lb	ra,579(t1)
  74:	2008                	fld	fa0,0(s0)
  76:	0824                	addi	s1,sp,24
  78:	2620                	fld	fs0,72(a2)
  7a:	231c2433          	.insn	4, 0x231c2433
  7e:	02c0                	addi	s0,sp,324
  80:	049f2533          	.insn	4, 0x049f2533
  84:	1410                	addi	a2,sp,544
  86:	7818                	ld	a4,48(s0)
  88:	9100                	.insn	2, 0x9100
  8a:	1c00                	addi	s0,sp,560
  8c:	24330083          	lb	ra,579(t1)
  90:	2008                	fld	fa0,0(s0)
  92:	0824                	addi	s1,sp,24
  94:	2620                	fld	fs0,72(a2)
  96:	231c2433          	.insn	4, 0x231c2433
  9a:	02b8                	addi	a4,sp,328
  9c:	009f2533          	slt	a0,t5,s1
  a0:	000002d7          	.insn	4, 0x02d7
  a4:	0005                	c.nop	1
  a6:	0008                	.insn	2, 0x0008
  a8:	0000                	unimp
  aa:	0000                	unimp
  ac:	0004                	.insn	2, 0x0004
  ae:	0188                	addi	a0,sp,192
  b0:	5a06                	lw	s4,96(sp)
  b2:	935b0893          	addi	a7,s6,-1739
  b6:	0408                	addi	a0,sp,512
  b8:	0188                	addi	a0,sp,192
  ba:	0384                	addi	s1,sp,448
  bc:	a306                	fsd	ft1,384(sp)
  be:	2e0aa503          	lw	a0,736(s5)
  c2:	049f 0384 03d6      	.insn	6, 0x03d60384049f
  c8:	5a06                	lw	s4,96(sp)
  ca:	935b0893          	addi	a7,s6,-1739
  ce:	0408                	addi	a0,sp,512
  d0:	03d6                	slli	t2,t2,0x15
  d2:	049a                	slli	s1,s1,0x6
  d4:	a306                	fsd	ft1,384(sp)
  d6:	2e0aa503          	lw	a0,736(s5)
  da:	049f 049a 04a0      	.insn	6, 0x04a0049a049f
  e0:	5a06                	lw	s4,96(sp)
  e2:	935b0893          	addi	a7,s6,-1739
  e6:	0008                	.insn	2, 0x0008
  e8:	0004                	.insn	2, 0x0004
  ea:	01b8                	addi	a4,sp,200
  ec:	3002                	fld	ft0,32(sp)
  ee:	049f 01b8 01d4      	.insn	6, 0x01d401b8049f
  f4:	3102                	fld	ft2,32(sp)
  f6:	049f 01d4 02de      	.insn	6, 0x02de01d4049f
  fc:	5b01                	li	s6,-32
  fe:	de04                	sw	s1,56(a2)
 100:	be02                	fsd	ft0,312(sp)
 102:	9f300203          	lb	tp,-1549(zero) # fffffffffffff9f3 <__heap_end+0xffffffff7ffda9f3>
 106:	be04                	fsd	fs1,56(a2)
 108:	0103d603          	lhu	a2,16(t2)
 10c:	03d6045b          	.insn	4, 0x03d6045b
 110:	03e8                	addi	a0,sp,460
 112:	3102                	fld	ft2,32(sp)
 114:	049f 03e8 048e      	.insn	6, 0x048e03e8049f
 11a:	5b01                	li	s6,-32
 11c:	8e04                	.insn	2, 0x8e04
 11e:	9204                	.insn	2, 0x9204
 120:	0504                	addi	s1,sp,640
 122:	2131007b          	.insn	4, 0x2131007b
 126:	049f 0492 049a      	.insn	6, 0x049a0492049f
 12c:	5b01                	li	s6,-32
 12e:	9a04                	.insn	2, 0x9a04
 130:	a004                	fsd	fs1,0(s0)
 132:	0204                	addi	s1,sp,256
 134:	9f30                	.insn	2, 0x9f30
 136:	0400                	addi	s0,sp,512
 138:	a42a                	fsd	fa0,8(sp)
 13a:	0102                	c.slli64	sp
 13c:	045c                	addi	a5,sp,516
 13e:	02de                	slli	t0,t0,0x17
 140:	04a0                	addi	s0,sp,584
 142:	5c01                	li	s8,-32
 144:	0400                	addi	s0,sp,512
 146:	bc2a                	fsd	fa0,56(sp)
 148:	0102                	c.slli64	sp
 14a:	045d                	addi	s0,s0,23
 14c:	02de                	slli	t0,t0,0x17
 14e:	04a0                	addi	s0,sp,584
 150:	5d01                	li	s10,-32
 152:	0400                	addi	s0,sp,512
 154:	3a2a                	fld	fs4,168(sp)
 156:	6101                	addi	sp,sp,0
 158:	3a04                	fld	fs1,48(a2)
 15a:	0552                	slli	a0,a0,0x14
 15c:	8081                	c.srli64	s1
 15e:	00f8                	addi	a4,sp,76
 160:	049f 6456 8105      	.insn	6, 0x81056456049f
 166:	f880                	sd	s0,48(s1)
 168:	9f00                	.insn	2, 0x9f00
 16a:	6604                	ld	s1,8(a2)
 16c:	01ac                	addi	a1,sp,200
 16e:	8105                	srli	a0,a0,0x1
 170:	f880                	sd	s0,48(s1)
 172:	9f00                	.insn	2, 0x9f00
 174:	de04                	sw	s1,56(a2)
 176:	e602                	sd	zero,264(sp)
 178:	0502                	c.slli64	a0
 17a:	8081                	c.srli64	s1
 17c:	00f8                	addi	a4,sp,76
 17e:	049f 0384 0398      	.insn	6, 0x03980384049f
 184:	8105                	srli	a0,a0,0x1
 186:	f880                	sd	s0,48(s1)
 188:	9f00                	.insn	2, 0x9f00
 18a:	9c04                	.insn	2, 0x9c04
 18c:	0103d203          	lhu	tp,16(t2)
 190:	0461                	addi	s0,s0,24
 192:	049a                	slli	s1,s1,0x6
 194:	049e                	slli	s1,s1,0x7
 196:	6101                	addi	sp,sp,0
 198:	0400                	addi	s0,sp,512
 19a:	2e2a                	fld	ft8,136(sp)
 19c:	5a01                	li	s4,-32
 19e:	2e04                	fld	fs1,24(a2)
 1a0:	019e                	slli	gp,gp,0x7
 1a2:	5601                	li	a2,-32
 1a4:	de04                	sw	s1,56(a2)
 1a6:	8202                	jr	tp
 1a8:	04560103          	lb	sp,69(a2)
 1ac:	0382                	c.slli64	t2
 1ae:	0384                	addi	s1,sp,448
 1b0:	5f01                	li	t5,-32
 1b2:	8404                	.insn	2, 0x8404
 1b4:	01039003          	lh	zero,16(t2)
 1b8:	0456                	slli	s0,s0,0x15
 1ba:	0390                	addi	a2,sp,448
 1bc:	0398                	addi	a4,sp,448
 1be:	7a05                	lui	s4,0xfffe1
 1c0:	3300                	fld	fs0,32(a4)
 1c2:	9f24                	.insn	2, 0x9f24
 1c4:	9c04                	.insn	2, 0x9c04
 1c6:	0103a403          	lw	s0,16(t2)
 1ca:	0456                	slli	s0,s0,0x15
 1cc:	03ac                	addi	a1,sp,456
 1ce:	03c2                	slli	t2,t2,0x10
 1d0:	5601                	li	a2,-32
 1d2:	c204                	sw	s1,0(a2)
 1d4:	0803c403          	lbu	s0,128(t2)
 1d8:	007e                	c.slli	zero,0x1f
 1da:	2434                	fld	fa3,72(s0)
 1dc:	007f 9f21 c604 ca03 	.insn	10, 0x0103ca03c6049f21007f
 1e4:	0103 
 1e6:	045e                	slli	s0,s0,0x17
 1e8:	049a                	slli	s1,s1,0x6
 1ea:	04a0                	addi	s0,sp,584
 1ec:	5601                	li	a2,-32
 1ee:	0400                	addi	s0,sp,512
 1f0:	aa2a                	fsd	fa0,272(sp)
 1f2:	0101                	addi	sp,sp,0
 1f4:	045e                	slli	s0,s0,0x17
 1f6:	02de                	slli	t0,t0,0x17
 1f8:	0382                	c.slli64	t2
 1fa:	5e01                	li	t3,-32
 1fc:	8204                	.insn	2, 0x8204
 1fe:	02038403          	lb	s0,32(t2)
 202:	9f30                	.insn	2, 0x9f30
 204:	8404                	.insn	2, 0x8404
 206:	01039603          	lh	a2,16(t2)
 20a:	045e                	slli	s0,s0,0x17
 20c:	039c                	addi	a5,sp,448
 20e:	03a4                	addi	s1,sp,456
 210:	5e01                	li	t3,-32
 212:	ac04                	fsd	fs1,24(s0)
 214:	0103c203          	lbu	tp,16(t2)
 218:	045e                	slli	s0,s0,0x17
 21a:	03c2                	slli	t2,t2,0x10
 21c:	03d2                	slli	t2,t2,0x14
 21e:	3002                	fld	ft0,32(sp)
 220:	049f 049a 04a0      	.insn	6, 0x04a0049a049f
 226:	5e01                	li	t3,-32
 228:	0400                	addi	s0,sp,512
 22a:	d02e                	sw	a1,32(sp)
 22c:	0102                	c.slli64	sp
 22e:	045d                	addi	s0,s0,23
 230:	02de                	slli	t0,t0,0x17
 232:	04a0                	addi	s0,sp,584
 234:	5d01                	li	s10,-32
 236:	0400                	addi	s0,sp,512
 238:	523a                	lw	tp,172(sp)
 23a:	6101                	addi	sp,sp,0
 23c:	5604                	lw	s1,40(a2)
 23e:	0164                	addi	s1,sp,140
 240:	0461                	addi	s0,s0,24
 242:	ac66                	fsd	fs9,24(sp)
 244:	0101                	addi	sp,sp,0
 246:	0461                	addi	s0,s0,24
 248:	01ac                	addi	a1,sp,200
 24a:	01de                	slli	gp,gp,0x17
 24c:	3002                	fld	ft0,32(sp)
 24e:	049f 029a 02e6      	.insn	6, 0x02e6029a049f
 254:	6101                	addi	sp,sp,0
 256:	8404                	.insn	2, 0x8404
 258:	01039803          	lh	a6,16(t2)
 25c:	0461                	addi	s0,s0,24
 25e:	03a4                	addi	s1,sp,456
 260:	03ac                	addi	a1,sp,456
 262:	3002                	fld	ft0,32(sp)
 264:	049f 03ac 03d2      	.insn	6, 0x03d203ac049f
 26a:	0a04                	addi	s1,sp,272
 26c:	07ff 049f 03d2 03d6 	.insn	10, 0x610103d603d2049f07ff
 274:	6101 
 276:	d604                	sw	s1,40(a2)
 278:	0203e803          	lwu	a6,32(t2)
 27c:	9f30                	.insn	2, 0x9f30
 27e:	f204                	sd	s1,32(a2)
 280:	01048403          	lb	s0,16(s1)
 284:	0461                	addi	s0,s0,24
 286:	0486                	slli	s1,s1,0x1
 288:	0494                	addi	a3,sp,576
 28a:	6101                	addi	sp,sp,0
 28c:	9a04                	.insn	2, 0x9a04
 28e:	a004                	fsd	fs1,0(s0)
 290:	0404                	addi	s1,sp,512
 292:	ff0a                	sd	sp,440(sp)
 294:	04009f07          	.insn	4, 0x04009f07
 298:	01ac                	addi	a1,sp,200
 29a:	0298                	addi	a4,sp,320
 29c:	5f01                	li	t5,-32
 29e:	9804                	.insn	2, 0x9804
 2a0:	aa02                	fsd	ft0,272(sp)
 2a2:	0e02                	c.slli64	t3
 2a4:	007f ff11 ffff ffff 	.insn	10, 0xffffffffffffff11007f
 2ac:	ffff 
 2ae:	9f1a7fbf b802aa04 	.insn	8, 0xb802aa049f1a7fbf
 2b6:	0102                	c.slli64	sp
 2b8:	045f 02bc 02c8      	.insn	6, 0x02c802bc045f
 2be:	5f01                	li	t5,-32
 2c0:	a404                	fsd	fs1,8(s0)
 2c2:	0803aa03          	lw	s4,128(t2)
 2c6:	007f 2e30 ff08 9f1a 	.insn	10, 0xaa049f1aff082e30007f
 2ce:	aa04 
 2d0:	0b03ac03          	lw	s8,176(t2)
 2d4:	007e                	c.slli	zero,0x1f
 2d6:	0076                	c.slli	zero,0x1d
 2d8:	3021                	.insn	2, 0x3021
 2da:	082e                	slli	a6,a6,0xb
 2dc:	049f1aff 03c403c2 	.insn	12, 0x34007e0803c403c2049f1aff
 2e4:	34007e08 
 2e8:	7f24                	ld	s1,120(a4)
 2ea:	2100                	fld	fs0,0(a0)
 2ec:	049f 03c6 03ce      	.insn	6, 0x03ce03c6049f
 2f2:	5e01                	li	t3,-32
 2f4:	ce04                	sw	s1,24(a2)
 2f6:	0103f203          	.insn	4, 0x0103f203
 2fa:	045f 03f2 03f4      	.insn	6, 0x03f403f2045f
 300:	7f0e                	ld	t5,224(sp)
 302:	1100                	addi	s0,sp,160
 304:	ffff                	.insn	2, 0xffff
 306:	ffff                	.insn	2, 0xffff
 308:	ffff                	.insn	2, 0xffff
 30a:	1a7fbfff 048e049f 	.insn	16, 0x02d204005f01049a048e049f1a7fbfff
 312:	5f01049a 02d20400 
 31a:	02de                	slli	t0,t0,0x17
 31c:	5f01                	li	t5,-32
 31e:	0400                	addi	s0,sp,512
 320:	01ac                	addi	a1,sp,200
 322:	01de                	slli	gp,gp,0x17
 324:	3102                	fld	ft2,32(sp)
 326:	049f 01de 0294      	.insn	6, 0x029401de049f
 32c:	5e01                	li	t3,-32
 32e:	d604                	sw	s1,40(a2)
 330:	0203e803          	lwu	a6,32(t2)
 334:	9f31                	addw	a4,a4,a2
 336:	e804                	sd	s1,16(s0)
 338:	0103f203          	.insn	4, 0x0103f203
 33c:	045e                	slli	s0,s0,0x17
 33e:	0494                	addi	a3,sp,576
 340:	049a                	slli	s1,s1,0x6
 342:	5e01                	li	t3,-32
 344:	0400                	addi	s0,sp,512
 346:	01ac                	addi	a1,sp,200
 348:	01de                	slli	gp,gp,0x17
 34a:	5d01                	li	s10,-32
 34c:	d604                	sw	s1,40(a2)
 34e:	0103e803          	lwu	a6,16(t2)
 352:	005d                	c.nop	23
 354:	ac04                	fsd	fs1,24(s0)
 356:	de01                	beqz	a2,26e <__stack_align+0x25e>
 358:	0201                	addi	tp,tp,0 # 0 <__boot_hart>
 35a:	9f30                	.insn	2, 0x9f30
 35c:	d604                	sw	s1,40(a2)
 35e:	0203e803          	lwu	a6,32(t2)
 362:	9f30                	.insn	2, 0x9f30
 364:	0400                	addi	s0,sp,512
 366:	01ac                	addi	a1,sp,200
 368:	01b0                	addi	a2,sp,200
 36a:	5f01                	li	t5,-32
 36c:	b004                	fsd	fs1,32(s0)
 36e:	d601                	beqz	a2,276 <__stack_align+0x266>
 370:	0101                	addi	sp,sp,0
 372:	045e                	slli	s0,s0,0x17
 374:	03d6                	slli	t2,t2,0x15
 376:	03e8                	addi	a0,sp,460
 378:	5e01                	li	t3,-32
 37a:	1600                	addi	s0,sp,800
 37c:	0000                	unimp
 37e:	0500                	addi	s0,sp,640
 380:	0800                	addi	s0,sp,16
 382:	0000                	unimp
 384:	0000                	unimp
 386:	0400                	addi	s0,sp,512
 388:	0700                	addi	s0,sp,896
 38a:	5a01                	li	s4,-32
 38c:	0704                	addi	s1,sp,896
 38e:	0414                	addi	a3,sp,512
 390:	9f5a01a3          	sb	s5,-1565(s4) # fffffffffffe09e3 <__heap_end+0xffffffff7ffbb9e3>
 394:	2400                	fld	fs0,8(s0)
 396:	0000                	unimp
 398:	0500                	addi	s0,sp,640
 39a:	0800                	addi	s0,sp,16
 39c:	0000                	unimp
 39e:	0000                	unimp
 3a0:	0400                	addi	s0,sp,512
 3a2:	0700                	addi	s0,sp,896
 3a4:	5a01                	li	s4,-32
 3a6:	0704                	addi	s1,sp,896
 3a8:	0414                	addi	a3,sp,512
 3aa:	9f5a01a3          	sb	s5,-1565(s4)
 3ae:	0400                	addi	s0,sp,512
 3b0:	0700                	addi	s0,sp,896
 3b2:	5b01                	li	s6,-32
 3b4:	0704                	addi	s1,sp,896
 3b6:	0414                	addi	a3,sp,512
 3b8:	9f5b01a3          	sb	s5,-1565(s6)
 3bc:	1600                	addi	s0,sp,800
 3be:	0000                	unimp
 3c0:	0500                	addi	s0,sp,640
 3c2:	0800                	addi	s0,sp,16
 3c4:	0000                	unimp
 3c6:	0000                	unimp
 3c8:	0400                	addi	s0,sp,512
 3ca:	0200                	addi	s0,sp,256
 3cc:	5a01                	li	s4,-32
 3ce:	0204                	addi	s1,sp,256
 3d0:	0408                	addi	a0,sp,512
 3d2:	9f5a01a3          	sb	s5,-1565(s4)
 3d6:	2400                	fld	fs0,8(s0)
 3d8:	0000                	unimp
 3da:	0500                	addi	s0,sp,640
 3dc:	0800                	addi	s0,sp,16
 3de:	0000                	unimp
 3e0:	0000                	unimp
 3e2:	0400                	addi	s0,sp,512
 3e4:	0700                	addi	s0,sp,896
 3e6:	5a01                	li	s4,-32
 3e8:	0704                	addi	s1,sp,896
 3ea:	0414                	addi	a3,sp,512
 3ec:	9f5a01a3          	sb	s5,-1565(s4)
 3f0:	0400                	addi	s0,sp,512
 3f2:	0700                	addi	s0,sp,896
 3f4:	5b01                	li	s6,-32
 3f6:	0704                	addi	s1,sp,896
 3f8:	0414                	addi	a3,sp,512
 3fa:	9f5b01a3          	sb	s5,-1565(s6)
 3fe:	3200                	fld	fs0,32(a2)
 400:	0000                	unimp
 402:	0500                	addi	s0,sp,640
 404:	0800                	addi	s0,sp,16
 406:	0000                	unimp
 408:	0000                	unimp
 40a:	0400                	addi	s0,sp,512
 40c:	0700                	addi	s0,sp,896
 40e:	5a01                	li	s4,-32
 410:	0704                	addi	s1,sp,896
 412:	0414                	addi	a3,sp,512
 414:	9f5a01a3          	sb	s5,-1565(s4)
 418:	0400                	addi	s0,sp,512
 41a:	0700                	addi	s0,sp,896
 41c:	5b01                	li	s6,-32
 41e:	0704                	addi	s1,sp,896
 420:	0414                	addi	a3,sp,512
 422:	9f5b01a3          	sb	s5,-1565(s6)
 426:	0400                	addi	s0,sp,512
 428:	0700                	addi	s0,sp,896
 42a:	5c01                	li	s8,-32
 42c:	0704                	addi	s1,sp,896
 42e:	0414                	addi	a3,sp,512
 430:	9f5c01a3          	sb	s5,-1565(s8)
 434:	3200                	fld	fs0,32(a2)
 436:	0000                	unimp
 438:	0500                	addi	s0,sp,640
 43a:	0800                	addi	s0,sp,16
 43c:	0000                	unimp
 43e:	0000                	unimp
 440:	0400                	addi	s0,sp,512
 442:	0700                	addi	s0,sp,896
 444:	5a01                	li	s4,-32
 446:	0704                	addi	s1,sp,896
 448:	0416                	slli	s0,s0,0x5
 44a:	9f5a01a3          	sb	s5,-1565(s4)
 44e:	0400                	addi	s0,sp,512
 450:	0700                	addi	s0,sp,896
 452:	5b01                	li	s6,-32
 454:	0704                	addi	s1,sp,896
 456:	0416                	slli	s0,s0,0x5
 458:	9f5b01a3          	sb	s5,-1565(s6)
 45c:	0400                	addi	s0,sp,512
 45e:	0700                	addi	s0,sp,896
 460:	5c01                	li	s8,-32
 462:	0704                	addi	s1,sp,896
 464:	0416                	slli	s0,s0,0x5
 466:	9f5c01a3          	sb	s5,-1565(s8)
 46a:	3400                	fld	fs0,40(s0)
 46c:	0000                	unimp
 46e:	0500                	addi	s0,sp,640
 470:	0800                	addi	s0,sp,16
 472:	0000                	unimp
 474:	0000                	unimp
 476:	0400                	addi	s0,sp,512
 478:	1000                	addi	s0,sp,32
 47a:	5a01                	li	s4,-32
 47c:	1004                	addi	s1,sp,32
 47e:	043c                	addi	a5,sp,520
 480:	9f5a01a3          	sb	s5,-1565(s4)
 484:	0400                	addi	s0,sp,512
 486:	2410                	fld	fa2,8(s0)
 488:	5a01                	li	s4,-32
 48a:	2404                	fld	fs1,8(s0)
 48c:	0926                	slli	s2,s2,0x9
 48e:	004a2803          	lw	a6,4(s4)
 492:	0080                	addi	s0,sp,64
 494:	0000                	unimp
 496:	0400                	addi	s0,sp,512
 498:	2d26                	fld	fs10,72(sp)
 49a:	5a01                	li	s4,-32
 49c:	0400                	addi	s0,sp,512
 49e:	2d0a                	fld	fs10,128(sp)
 4a0:	5f01                	li	t5,-32
 4a2:	3200                	fld	fs0,32(a2)
 4a4:	0000                	unimp
 4a6:	0500                	addi	s0,sp,640
 4a8:	0800                	addi	s0,sp,16
 4aa:	0000                	unimp
 4ac:	0000                	unimp
 4ae:	0400                	addi	s0,sp,512
 4b0:	0500                	addi	s0,sp,640
 4b2:	5a01                	li	s4,-32
 4b4:	0504                	addi	s1,sp,640
 4b6:	0406                	slli	s0,s0,0x1
 4b8:	9f5a01a3          	sb	s5,-1565(s4)
 4bc:	0400                	addi	s0,sp,512
 4be:	0500                	addi	s0,sp,640
 4c0:	5b01                	li	s6,-32
 4c2:	0504                	addi	s1,sp,640
 4c4:	0406                	slli	s0,s0,0x1
 4c6:	9f5b01a3          	sb	s5,-1565(s6)
 4ca:	0400                	addi	s0,sp,512
 4cc:	0500                	addi	s0,sp,640
 4ce:	5c01                	li	s8,-32
 4d0:	0504                	addi	s1,sp,640
 4d2:	0406                	slli	s0,s0,0x1
 4d4:	9f5c01a3          	sb	s5,-1565(s8)
 4d8:	4600                	lw	s0,8(a2)
 4da:	0000                	unimp
 4dc:	0500                	addi	s0,sp,640
 4de:	0800                	addi	s0,sp,16
 4e0:	0000                	unimp
 4e2:	0000                	unimp
 4e4:	0400                	addi	s0,sp,512
 4e6:	0600                	addi	s0,sp,768
 4e8:	5a01                	li	s4,-32
 4ea:	0604                	addi	s1,sp,768
 4ec:	0416                	slli	s0,s0,0x5
 4ee:	9f5a01a3          	sb	s5,-1565(s4)
 4f2:	0400                	addi	s0,sp,512
 4f4:	1500                	addi	s0,sp,672
 4f6:	5b01                	li	s6,-32
 4f8:	1504                	addi	s1,sp,672
 4fa:	0416                	slli	s0,s0,0x5
 4fc:	9f5b01a3          	sb	s5,-1565(s6)
 500:	0400                	addi	s0,sp,512
 502:	1500                	addi	s0,sp,672
 504:	5c01                	li	s8,-32
 506:	1504                	addi	s1,sp,672
 508:	0416                	slli	s0,s0,0x5
 50a:	9f5c01a3          	sb	s5,-1565(s8)
 50e:	0400                	addi	s0,sp,512
 510:	1500                	addi	s0,sp,672
 512:	5d01                	li	s10,-32
 514:	1504                	addi	s1,sp,672
 516:	0416                	slli	s0,s0,0x5
 518:	9f5d01a3          	sb	s5,-1565(s10) # fffffffffffdf9e3 <__heap_end+0xffffffff7ffba9e3>
 51c:	0400                	addi	s0,sp,512
 51e:	150a                	slli	a0,a0,0x22
 520:	5a01                	li	s4,-32
 522:	6d00                	ld	s0,24(a0)
 524:	0000                	unimp
 526:	0500                	addi	s0,sp,640
 528:	0800                	addi	s0,sp,16
 52a:	0000                	unimp
 52c:	0000                	unimp
 52e:	0400                	addi	s0,sp,512
 530:	4800                	lw	s0,16(s0)
 532:	5a01                	li	s4,-32
 534:	4804                	lw	s1,16(s0)
 536:	044c                	addi	a1,sp,516
 538:	9f5a01a3          	sb	s5,-1565(s4)
 53c:	0400                	addi	s0,sp,512
 53e:	1200                	addi	s0,sp,288
 540:	5c01                	li	s8,-32
 542:	1204                	addi	s1,sp,288
 544:	0232                	slli	tp,tp,0xc
 546:	5891                	li	a7,-28
 548:	3204                	fld	fs1,32(a2)
 54a:	044c                	addi	a1,sp,516
 54c:	9f5c01a3          	sb	s5,-1565(s8)
 550:	0400                	addi	s0,sp,512
 552:	1a00                	addi	s0,sp,304
 554:	5d01                	li	s10,-32
 556:	1a04                	addi	s1,sp,304
 558:	044c                	addi	a1,sp,516
 55a:	9f5d01a3          	sb	s5,-1565(s10)
 55e:	0400                	addi	s0,sp,512
 560:	2414                	fld	fa3,8(s0)
 562:	030a                	slli	t1,t1,0x2
 564:	4ac0                	lw	s0,20(a3)
 566:	8000                	.insn	2, 0x8000
 568:	0000                	unimp
 56a:	0000                	unimp
 56c:	009f 1e04 0322      	.insn	6, 0x03221e04009f
 572:	ff09                	bnez	a4,48c <__stack_align+0x47c>
 574:	009f 1e04 0a22      	.insn	6, 0x0a221e04009f
 57a:	004ac003          	lbu	zero,4(s5)
 57e:	0080                	addi	s0,sp,64
 580:	0000                	unimp
 582:	9f00                	.insn	2, 0x9f00
 584:	0400                	addi	s0,sp,512
 586:	423e                	lw	tp,204(sp)
 588:	030a                	slli	t1,t1,0x2
 58a:	4ac0                	lw	s0,20(a3)
 58c:	8000                	.insn	2, 0x8000
 58e:	0000                	unimp
 590:	0000                	unimp
 592:	Address 0x592 is out of bounds.


Disassembly of section .debug_aranges:

0000000000000000 <.debug_aranges>:
   0:	002c                	addi	a1,sp,8
   2:	0000                	unimp
   4:	0002                	c.slli64	zero
   6:	0000                	unimp
   8:	0000                	unimp
   a:	0008                	.insn	2, 0x0008
   c:	0000                	unimp
   e:	0000                	unimp
  10:	0230                	addi	a2,sp,264
  12:	8000                	.insn	2, 0x8000
  14:	0000                	unimp
  16:	0000                	unimp
  18:	0150                	addi	a2,sp,132
	...
  2e:	0000                	unimp
  30:	002c                	addi	a1,sp,8
  32:	0000                	unimp
  34:	0002                	c.slli64	zero
  36:	0000022f          	.insn	4, 0x022f
  3a:	0008                	.insn	2, 0x0008
  3c:	0000                	unimp
  3e:	0000                	unimp
  40:	3bc0                	fld	fs0,176(a5)
  42:	8000                	.insn	2, 0x8000
  44:	0000                	unimp
  46:	0000                	unimp
  48:	0220                	addi	s0,sp,264
	...
  5e:	0000                	unimp
  60:	002c                	addi	a1,sp,8
  62:	0000                	unimp
  64:	0002                	c.slli64	zero
  66:	04ff 0000 0008 0000 	.insn	10, 0x0008000004ff
  6e:	0000 
  70:	3de0                	fld	fs0,248(a1)
  72:	8000                	.insn	2, 0x8000
  74:	0000                	unimp
  76:	0000                	unimp
  78:	0014                	.insn	2, 0x0014
	...
  8e:	0000                	unimp
  90:	002c                	addi	a1,sp,8
  92:	0000                	unimp
  94:	0002                	c.slli64	zero
  96:	05d0                	addi	a2,sp,708
  98:	0000                	unimp
  9a:	0008                	.insn	2, 0x0008
  9c:	0000                	unimp
  9e:	0000                	unimp
  a0:	3df4                	fld	fa3,248(a1)
  a2:	8000                	.insn	2, 0x8000
  a4:	0000                	unimp
  a6:	0000                	unimp
  a8:	0022                	c.slli	zero,0x8
	...
  be:	0000                	unimp
  c0:	002c                	addi	a1,sp,8
  c2:	0000                	unimp
  c4:	0002                	c.slli64	zero
  c6:	06b4                	addi	a3,sp,840
  c8:	0000                	unimp
  ca:	0008                	.insn	2, 0x0008
  cc:	0000                	unimp
  ce:	0000                	unimp
  d0:	3e16                	fld	ft8,352(sp)
  d2:	8000                	.insn	2, 0x8000
  d4:	0000                	unimp
  d6:	0000                	unimp
  d8:	0014                	.insn	2, 0x0014
	...
  ee:	0000                	unimp
  f0:	002c                	addi	a1,sp,8
  f2:	0000                	unimp
  f4:	0002                	c.slli64	zero
  f6:	0992                	slli	s3,s3,0x4
  f8:	0000                	unimp
  fa:	0008                	.insn	2, 0x0008
  fc:	0000                	unimp
  fe:	0000                	unimp
 100:	3e2a                	fld	ft8,168(sp)
 102:	8000                	.insn	2, 0x8000
 104:	0000                	unimp
 106:	0000                	unimp
 108:	0004                	.insn	2, 0x0004
	...
 11e:	0000                	unimp
 120:	002c                	addi	a1,sp,8
 122:	0000                	unimp
 124:	0002                	c.slli64	zero
 126:	00000a33          	add	s4,zero,zero
 12a:	0008                	.insn	2, 0x0008
 12c:	0000                	unimp
 12e:	0000                	unimp
 130:	3e2e                	fld	ft8,232(sp)
 132:	8000                	.insn	2, 0x8000
 134:	0000                	unimp
 136:	0000                	unimp
 138:	0008                	.insn	2, 0x0008
	...
 14e:	0000                	unimp
 150:	002c                	addi	a1,sp,8
 152:	0000                	unimp
 154:	0002                	c.slli64	zero
 156:	0ade                	slli	s5,s5,0x17
 158:	0000                	unimp
 15a:	0008                	.insn	2, 0x0008
 15c:	0000                	unimp
 15e:	0000                	unimp
 160:	3e36                	fld	ft8,360(sp)
 162:	8000                	.insn	2, 0x8000
 164:	0000                	unimp
 166:	0000                	unimp
 168:	0014                	.insn	2, 0x0014
	...
 17e:	0000                	unimp
 180:	002c                	addi	a1,sp,8
 182:	0000                	unimp
 184:	0002                	c.slli64	zero
 186:	00000bbb          	addw	s7,zero,zero
 18a:	0008                	.insn	2, 0x0008
 18c:	0000                	unimp
 18e:	0000                	unimp
 190:	3e4a                	fld	ft8,176(sp)
 192:	8000                	.insn	2, 0x8000
 194:	0000                	unimp
 196:	0000                	unimp
 198:	0014                	.insn	2, 0x0014
	...
 1ae:	0000                	unimp
 1b0:	002c                	addi	a1,sp,8
 1b2:	0000                	unimp
 1b4:	0002                	c.slli64	zero
 1b6:	0ccc                	addi	a1,sp,596
 1b8:	0000                	unimp
 1ba:	0008                	.insn	2, 0x0008
 1bc:	0000                	unimp
 1be:	0000                	unimp
 1c0:	3e5e                	fld	ft8,496(sp)
 1c2:	8000                	.insn	2, 0x8000
 1c4:	0000                	unimp
 1c6:	0000                	unimp
 1c8:	0016                	c.slli	zero,0x5
	...
 1de:	0000                	unimp
 1e0:	002c                	addi	a1,sp,8
 1e2:	0000                	unimp
 1e4:	0002                	c.slli64	zero
 1e6:	0ddf 0000 0008      	.insn	6, 0x000800000ddf
 1ec:	0000                	unimp
 1ee:	0000                	unimp
 1f0:	3e74                	fld	fa3,248(a2)
 1f2:	8000                	.insn	2, 0x8000
 1f4:	0000                	unimp
 1f6:	0000                	unimp
 1f8:	003c                	addi	a5,sp,8
	...
 20e:	0000                	unimp
 210:	002c                	addi	a1,sp,8
 212:	0000                	unimp
 214:	0002                	c.slli64	zero
 216:	0f15                	addi	t5,t5,5
 218:	0000                	unimp
 21a:	0008                	.insn	2, 0x0008
 21c:	0000                	unimp
 21e:	0000                	unimp
 220:	3eb0                	fld	fa2,120(a3)
 222:	8000                	.insn	2, 0x8000
 224:	0000                	unimp
 226:	0000                	unimp
 228:	0006                	c.slli	zero,0x1
	...
 23e:	0000                	unimp
 240:	002c                	addi	a1,sp,8
 242:	0000                	unimp
 244:	0002                	c.slli64	zero
 246:	108d                	addi	ra,ra,-29
 248:	0000                	unimp
 24a:	0008                	.insn	2, 0x0008
 24c:	0000                	unimp
 24e:	0000                	unimp
 250:	0000                	unimp
 252:	8000                	.insn	2, 0x8000
 254:	0000                	unimp
 256:	0000                	unimp
 258:	01ee                	slli	gp,gp,0x1b
	...
 26e:	0000                	unimp
 270:	002c                	addi	a1,sp,8
 272:	0000                	unimp
 274:	0002                	c.slli64	zero
 276:	10b6                	slli	ra,ra,0x2d
 278:	0000                	unimp
 27a:	0008                	.insn	2, 0x0008
 27c:	0000                	unimp
 27e:	0000                	unimp
 280:	01ee                	slli	gp,gp,0x1b
 282:	8000                	.insn	2, 0x8000
 284:	0000                	unimp
 286:	0000                	unimp
 288:	0042                	c.slli	zero,0x10
	...
 29e:	0000                	unimp
 2a0:	002c                	addi	a1,sp,8
 2a2:	0000                	unimp
 2a4:	0002                	c.slli64	zero
 2a6:	10de                	slli	ra,ra,0x37
 2a8:	0000                	unimp
 2aa:	0008                	.insn	2, 0x0008
 2ac:	0000                	unimp
 2ae:	0000                	unimp
 2b0:	3eb6                	fld	ft9,360(sp)
 2b2:	8000                	.insn	2, 0x8000
 2b4:	0000                	unimp
 2b6:	0000                	unimp
 2b8:	0016                	c.slli	zero,0x5
	...
 2ce:	0000                	unimp
 2d0:	002c                	addi	a1,sp,8
 2d2:	0000                	unimp
 2d4:	0002                	c.slli64	zero
 2d6:	1218                	addi	a4,sp,288
 2d8:	0000                	unimp
 2da:	0008                	.insn	2, 0x0008
 2dc:	0000                	unimp
 2de:	0000                	unimp
 2e0:	3ecc                	fld	fa1,184(a3)
 2e2:	8000                	.insn	2, 0x8000
 2e4:	0000                	unimp
 2e6:	0000                	unimp
 2e8:	0030                	addi	a2,sp,8
	...
 2fe:	0000                	unimp
 300:	002c                	addi	a1,sp,8
 302:	0000                	unimp
 304:	0002                	c.slli64	zero
 306:	1381                	addi	t2,t2,-32
 308:	0000                	unimp
 30a:	0008                	.insn	2, 0x0008
 30c:	0000                	unimp
 30e:	0000                	unimp
 310:	3efc                	fld	fa5,248(a3)
 312:	8000                	.insn	2, 0x8000
 314:	0000                	unimp
 316:	0000                	unimp
 318:	0006                	c.slli	zero,0x1
	...
 32e:	0000                	unimp
 330:	002c                	addi	a1,sp,8
 332:	0000                	unimp
 334:	0002                	c.slli64	zero
 336:	13ca                	slli	t2,t2,0x32
 338:	0000                	unimp
 33a:	0008                	.insn	2, 0x0008
 33c:	0000                	unimp
 33e:	0000                	unimp
 340:	3f02                	fld	ft10,32(sp)
 342:	8000                	.insn	2, 0x8000
 344:	0000                	unimp
 346:	0000                	unimp
 348:	004c                	addi	a1,sp,4
	...

Disassembly of section .debug_rnglists:

0000000000000000 <.debug_rnglists>:
   0:	0024                	addi	s1,sp,8
   2:	0000                	unimp
   4:	0005                	c.nop	1
   6:	0008                	.insn	2, 0x0008
   8:	0000                	unimp
   a:	0000                	unimp
   c:	0805                	addi	a6,a6,1 # 590b5bf3 <__heap_size+0x59095bf3>
   e:	00800003          	lb	zero,8(zero) # 8 <__boot_hart+0x8>
  12:	0000                	unimp
  14:	0400                	addi	s0,sp,512
  16:	0800                	addi	s0,sp,16
  18:	2404                	fld	fs1,8(s0)
  1a:	003c                	addi	a5,sp,8
  1c:	00023007          	fld	ft0,0(tp) # 0 <__boot_hart>
  20:	0080                	addi	s0,sp,64
  22:	0000                	unimp
  24:	d000                	sw	s0,32(s0)
  26:	0002                	c.slli64	zero
  28:	0000002f          	.insn	4, 0x002f
  2c:	0005                	c.nop	1
  2e:	0008                	.insn	2, 0x0008
  30:	0000                	unimp
  32:	0000                	unimp
  34:	0404                	addi	s1,sp,512
  36:	0416                	slli	s0,s0,0x5
  38:	2a2a                	fld	fs4,136(sp)
  3a:	0400                	addi	s0,sp,512
  3c:	01ac                	addi	a1,sp,200
  3e:	02bc                	addi	a5,sp,328
  40:	a404                	fsd	fs1,8(s0)
  42:	0403a403          	lw	s0,64(t2)
  46:	03a6                	slli	t2,t2,0x9
  48:	03a8                	addi	a0,sp,456
  4a:	d204                	sw	s1,32(a2)
  4c:	00049a03          	lh	s4,0(s1)
  50:	ac04                	fsd	fs1,24(s0)
  52:	de01                	beqz	a2,ffffffffffffff6a <__heap_end+0xffffffff7ffdaf6a>
  54:	0401                	addi	s0,s0,0
  56:	03d6                	slli	t2,t2,0x15
  58:	03e8                	addi	a0,sp,460
  5a:	0f00                	addi	s0,sp,912
  5c:	0000                	unimp
  5e:	0500                	addi	s0,sp,640
  60:	0800                	addi	s0,sp,16
  62:	0000                	unimp
  64:	0000                	unimp
  66:	0400                	addi	s0,sp,512
  68:	1a18                	addi	a4,sp,304
  6a:	1e04                	addi	s1,sp,816
  6c:	0022                	c.slli	zero,0x8

Disassembly of section .debug_line:

0000000000000000 <.debug_line>:
       0:	0188                	addi	a0,sp,192
       2:	0000                	unimp
       4:	0005                	c.nop	1
       6:	0008                	.insn	2, 0x0008
       8:	00000037          	lui	zero,0x0
       c:	0101                	addi	sp,sp,0
       e:	fb01                	bnez	a4,ffffffffffffff1e <__heap_end+0xffffffff7ffdaf1e>
      10:	0d0e                	slli	s10,s10,0x3
      12:	0100                	addi	s0,sp,128
      14:	0101                	addi	sp,sp,0
      16:	0001                	nop
      18:	0000                	unimp
      1a:	0001                	nop
      1c:	0100                	addi	s0,sp,128
      1e:	0101                	addi	sp,sp,0
      20:	031f 0000 0000      	.insn	6, 0x031f
      26:	0000007b          	.insn	4, 0x007b
      2a:	00b0                	addi	a2,sp,72
      2c:	0000                	unimp
      2e:	0102                	c.slli64	sp
      30:	021f 030f 0070      	.insn	6, 0x0070030f021f
      36:	0000                	unimp
      38:	7001                	c.lui	zero,0xfffe0
      3a:	0000                	unimp
      3c:	0100                	addi	s0,sp,128
      3e:	00f9                	addi	ra,ra,30
      40:	0000                	unimp
      42:	0502                	c.slli64	a0
      44:	000c                	.insn	2, 0x000c
      46:	0209                	addi	tp,tp,2 # 2 <__boot_hart+0x2>
      48:	0230                	addi	a2,sp,264
      4a:	8000                	.insn	2, 0x8000
      4c:	0000                	unimp
      4e:	0000                	unimp
      50:	05010c03          	lb	s8,80(sp)
      54:	0305                	addi	t1,t1,1
      56:	0901                	addi	s2,s2,0
      58:	0000                	unimp
      5a:	0501                	addi	a0,a0,0
      5c:	060c                	addi	a1,sp,768
      5e:	00097f03          	.insn	4, 0x00097f03
      62:	0100                	addi	s0,sp,128
      64:	0e05                	addi	t3,t3,1
      66:	04090103          	lb	sp,64(s2)
      6a:	0100                	addi	s0,sp,128
      6c:	0c05                	addi	s8,s8,1
      6e:	04097f03          	.insn	4, 0x04097f03
      72:	0100                	addi	s0,sp,128
      74:	0e05                	addi	t3,t3,1
      76:	20090103          	lb	sp,512(s2)
      7a:	0100                	addi	s0,sp,128
      7c:	0505                	addi	a0,a0,1
      7e:	0306                	slli	t1,t1,0x1
      80:	00400907          	.insn	4, 0x00400907
      84:	0501                	addi	a0,a0,0
      86:	060c                	addi	a1,sp,768
      88:	00090003          	lb	zero,0(s2)
      8c:	0100                	addi	s0,sp,128
      8e:	0505                	addi	a0,a0,1
      90:	0306                	slli	t1,t1,0x1
      92:	0901                	addi	s2,s2,0
      94:	000c                	.insn	2, 0x000c
      96:	0301                	addi	t1,t1,0
      98:	0901                	addi	s2,s2,0
      9a:	0000                	unimp
      9c:	0301                	addi	t1,t1,0
      9e:	0901                	addi	s2,s2,0
      a0:	0004                	.insn	2, 0x0004
      a2:	0301                	addi	t1,t1,0
      a4:	091d                	addi	s2,s2,7
      a6:	003c                	addi	a5,sp,8
      a8:	0301                	addi	t1,t1,0
      aa:	00040903          	lb	s2,0(s0)
      ae:	0301                	addi	t1,t1,0
      b0:	0901                	addi	s2,s2,0
      b2:	0010                	.insn	2, 0x0010
      b4:	0301                	addi	t1,t1,0
      b6:	0901                	addi	s2,s2,0
      b8:	0000                	unimp
      ba:	0501                	addi	a0,a0,0
      bc:	030a                	slli	t1,t1,0x2
      be:	0900                	addi	s0,sp,144
      c0:	0000                	unimp
      c2:	0501                	addi	a0,a0,0
      c4:	04020017          	auipc	zero,0x4020
      c8:	0301                	addi	t1,t1,0
      ca:	0900                	addi	s0,sp,144
      cc:	0000                	unimp
      ce:	0501                	addi	a0,a0,0
      d0:	060e                	slli	a2,a2,0x3
      d2:	04090003          	lb	zero,64(s2)
      d6:	0100                	addi	s0,sp,128
      d8:	0905                	addi	s2,s2,1
      da:	04090103          	lb	sp,64(s2)
      de:	0100                	addi	s0,sp,128
      e0:	0d05                	addi	s10,s10,1
      e2:	08090203          	lb	tp,128(s2)
      e6:	0100                	addi	s0,sp,128
      e8:	0905                	addi	s2,s2,1
      ea:	08090203          	lb	tp,128(s2)
      ee:	0100                	addi	s0,sp,128
      f0:	1705                	addi	a4,a4,-31
      f2:	0200                	addi	s0,sp,256
      f4:	0104                	addi	s1,sp,128
      f6:	08097b03          	.insn	4, 0x08097b03
      fa:	0100                	addi	s0,sp,128
      fc:	0905                	addi	s2,s2,1
      fe:	0306                	slli	t1,t1,0x1
     100:	0901                	addi	s2,s2,0
     102:	0004                	.insn	2, 0x0004
     104:	0301                	addi	t1,t1,0
     106:	0901                	addi	s2,s2,0
     108:	0010                	.insn	2, 0x0010
     10a:	0501                	addi	a0,a0,0
     10c:	030e                	slli	t1,t1,0x3
     10e:	0900                	addi	s0,sp,144
     110:	0000                	unimp
     112:	0501                	addi	a0,a0,0
     114:	0402001b          	addiw	zero,tp,64 # 40 <__stack_align+0x30>
     118:	0301                	addi	t1,t1,0
     11a:	0900                	addi	s0,sp,144
     11c:	0000                	unimp
     11e:	0501                	addi	a0,a0,0
     120:	030d                	addi	t1,t1,3
     122:	0901                	addi	s2,s2,0
     124:	0004                	.insn	2, 0x0004
     126:	0501                	addi	a0,a0,0
     128:	0402001b          	addiw	zero,tp,64 # 40 <__stack_align+0x30>
     12c:	0601                	addi	a2,a2,0
     12e:	08097f03          	.insn	4, 0x08097f03
     132:	0100                	addi	s0,sp,128
     134:	0d05                	addi	s10,s10,1
     136:	04090103          	lb	sp,64(s2)
     13a:	0100                	addi	s0,sp,128
     13c:	2105                	addiw	sp,sp,1
     13e:	0200                	addi	s0,sp,256
     140:	0304                	addi	s1,sp,384
     142:	0306                	slli	t1,t1,0x1
     144:	097f 0004 0501 001b 	.insn	10, 0x0402001b05010004097f
     14c:	0402 
     14e:	0301                	addi	t1,t1,0
     150:	0900                	addi	s0,sp,144
     152:	0000                	unimp
     154:	0501                	addi	a0,a0,0
     156:	0309                	addi	t1,t1,2
     158:	00040903          	lb	s2,0(s0)
     15c:	0501                	addi	a0,a0,0
     15e:	001d                	c.nop	7
     160:	0402                	c.slli64	s0
     162:	0302                	c.slli64	t1
     164:	0008097b          	.insn	4, 0x0008097b
     168:	0501                	addi	a0,a0,0
     16a:	04020017          	auipc	zero,0x4020
     16e:	0301                	addi	t1,t1,0
     170:	0900                	addi	s0,sp,144
     172:	0000                	unimp
     174:	0501                	addi	a0,a0,0
     176:	0305                	addi	t1,t1,1
     178:	0908                	addi	a0,sp,144
     17a:	0008                	.insn	2, 0x0008
     17c:	0501                	addi	a0,a0,0
     17e:	0601                	addi	a2,a2,0
     180:	00090103          	lb	sp,0(s2)
     184:	0100                	addi	s0,sp,128
     186:	2c09                	addiw	s8,s8,2
     188:	0000                	unimp
     18a:	0101                	addi	sp,sp,0
     18c:	07a1                	addi	a5,a5,8
     18e:	0000                	unimp
     190:	0005                	c.nop	1
     192:	0008                	.insn	2, 0x0008
     194:	0038                	addi	a4,sp,8
     196:	0000                	unimp
     198:	0101                	addi	sp,sp,0
     19a:	fb01                	bnez	a4,aa <__stack_align+0x9a>
     19c:	0d0e                	slli	s10,s10,0x3
     19e:	0100                	addi	s0,sp,128
     1a0:	0101                	addi	sp,sp,0
     1a2:	0001                	nop
     1a4:	0000                	unimp
     1a6:	0001                	nop
     1a8:	0100                	addi	s0,sp,128
     1aa:	0101                	addi	sp,sp,0
     1ac:	021f 012d 0000      	.insn	6, 0x012d021f
     1b2:	01c4                	addi	s1,sp,196
     1b4:	0000                	unimp
     1b6:	0102                	c.slli64	sp
     1b8:	021f 040f 0120      	.insn	6, 0x0120040f021f
     1be:	0000                	unimp
     1c0:	2001                	.insn	2, 0x2001
     1c2:	0001                	nop
     1c4:	0100                	addi	s0,sp,128
     1c6:	000001e3          	beqz	zero,9c8 <__stack_align+0x9b8>
     1ca:	ec01                	bnez	s0,1e2 <__stack_align+0x1d2>
     1cc:	0001                	nop
     1ce:	0100                	addi	s0,sp,128
     1d0:	0105                	addi	sp,sp,1
     1d2:	0900                	addi	s0,sp,144
     1d4:	c002                	sw	zero,0(sp)
     1d6:	0080003b          	addw	zero,zero,s0
     1da:	0000                	unimp
     1dc:	0300                	addi	s0,sp,384
     1de:	0122                	slli	sp,sp,0x8
     1e0:	0305                	addi	t1,t1,1
     1e2:	00090103          	lb	sp,0(s2)
     1e6:	0100                	addi	s0,sp,128
     1e8:	00090003          	lb	zero,0(s2)
     1ec:	0100                	addi	s0,sp,128
     1ee:	0d05                	addi	s10,s10,1
     1f0:	00090003          	lb	zero,0(s2)
     1f4:	0100                	addi	s0,sp,128
     1f6:	0305                	addi	t1,t1,1
     1f8:	00090103          	lb	sp,0(s2)
     1fc:	0100                	addi	s0,sp,128
     1fe:	00090003          	lb	zero,0(s2)
     202:	0100                	addi	s0,sp,128
     204:	00090003          	lb	zero,0(s2)
     208:	0100                	addi	s0,sp,128
     20a:	00090003          	lb	zero,0(s2)
     20e:	0100                	addi	s0,sp,128
     210:	00090103          	lb	sp,0(s2)
     214:	0100                	addi	s0,sp,128
     216:	00090003          	lb	zero,0(s2)
     21a:	0100                	addi	s0,sp,128
     21c:	00090003          	lb	zero,0(s2)
     220:	0100                	addi	s0,sp,128
     222:	00090003          	lb	zero,0(s2)
     226:	0100                	addi	s0,sp,128
     228:	00090103          	lb	sp,0(s2)
     22c:	0100                	addi	s0,sp,128
     22e:	00090203          	lb	tp,0(s2)
     232:	0100                	addi	s0,sp,128
     234:	00090003          	lb	zero,0(s2)
     238:	0100                	addi	s0,sp,128
     23a:	0306                	slli	t1,t1,0x1
     23c:	0901                	addi	s2,s2,0
     23e:	0004                	.insn	2, 0x0004
     240:	0001                	nop
     242:	0402                	c.slli64	s0
     244:	0302                	c.slli64	t1
     246:	0900                	addi	s0,sp,144
     248:	0012                	c.slli	zero,0x4
     24a:	0301                	addi	t1,t1,0
     24c:	0904                	addi	s1,sp,144
     24e:	0006                	c.slli	zero,0x1
     250:	0001                	nop
     252:	0402                	c.slli64	s0
     254:	0302                	c.slli64	t1
     256:	097c                	addi	a5,sp,156
     258:	0004                	.insn	2, 0x0004
     25a:	0301                	addi	t1,t1,0
     25c:	0904                	addi	s1,sp,144
     25e:	0002                	c.slli64	zero
     260:	0301                	addi	t1,t1,0
     262:	0006097b          	.insn	4, 0x0006097b
     266:	0601                	addi	a2,a2,0
     268:	02090003          	lb	zero,32(s2)
     26c:	0100                	addi	s0,sp,128
     26e:	00090103          	lb	sp,0(s2)
     272:	0100                	addi	s0,sp,128
     274:	00090003          	lb	zero,0(s2)
     278:	0100                	addi	s0,sp,128
     27a:	00090003          	lb	zero,0(s2)
     27e:	0100                	addi	s0,sp,128
     280:	00090003          	lb	zero,0(s2)
     284:	0100                	addi	s0,sp,128
     286:	00090003          	lb	zero,0(s2)
     28a:	0100                	addi	s0,sp,128
     28c:	00090003          	lb	zero,0(s2)
     290:	0100                	addi	s0,sp,128
     292:	00090003          	lb	zero,0(s2)
     296:	0100                	addi	s0,sp,128
     298:	00090003          	lb	zero,0(s2)
     29c:	0100                	addi	s0,sp,128
     29e:	00090003          	lb	zero,0(s2)
     2a2:	0100                	addi	s0,sp,128
     2a4:	00090003          	lb	zero,0(s2)
     2a8:	0100                	addi	s0,sp,128
     2aa:	00090003          	lb	zero,0(s2)
     2ae:	0100                	addi	s0,sp,128
     2b0:	0200                	addi	s0,sp,256
     2b2:	0204                	addi	s1,sp,256
     2b4:	00090003          	lb	zero,0(s2)
     2b8:	0100                	addi	s0,sp,128
     2ba:	0200                	addi	s0,sp,256
     2bc:	0204                	addi	s1,sp,256
     2be:	00090003          	lb	zero,0(s2)
     2c2:	0100                	addi	s0,sp,128
     2c4:	0200                	addi	s0,sp,256
     2c6:	0404                	addi	s1,sp,512
     2c8:	04090003          	lb	zero,64(s2)
     2cc:	0100                	addi	s0,sp,128
     2ce:	0200                	addi	s0,sp,256
     2d0:	0404                	addi	s1,sp,512
     2d2:	00090003          	lb	zero,0(s2)
     2d6:	0100                	addi	s0,sp,128
     2d8:	00090403          	lb	s0,0(s2)
     2dc:	0100                	addi	s0,sp,128
     2de:	00090003          	lb	zero,0(s2)
     2e2:	0100                	addi	s0,sp,128
     2e4:	00090003          	lb	zero,0(s2)
     2e8:	0100                	addi	s0,sp,128
     2ea:	00090003          	lb	zero,0(s2)
     2ee:	0100                	addi	s0,sp,128
     2f0:	00090003          	lb	zero,0(s2)
     2f4:	0100                	addi	s0,sp,128
     2f6:	0200                	addi	s0,sp,256
     2f8:	0104                	addi	s1,sp,128
     2fa:	04090003          	lb	zero,64(s2)
     2fe:	0100                	addi	s0,sp,128
     300:	0200                	addi	s0,sp,256
     302:	0104                	addi	s1,sp,128
     304:	08090003          	lb	zero,128(s2)
     308:	0100                	addi	s0,sp,128
     30a:	0200                	addi	s0,sp,256
     30c:	0304                	addi	s1,sp,384
     30e:	08090003          	lb	zero,128(s2)
     312:	0100                	addi	s0,sp,128
     314:	0200                	addi	s0,sp,256
     316:	0304                	addi	s1,sp,384
     318:	00090003          	lb	zero,0(s2)
     31c:	0100                	addi	s0,sp,128
     31e:	0200                	addi	s0,sp,256
     320:	0604                	addi	s1,sp,768
     322:	0306                	slli	t1,t1,0x1
     324:	0900                	addi	s0,sp,144
     326:	0002                	c.slli64	zero
     328:	0001                	nop
     32a:	0402                	c.slli64	s0
     32c:	09000307          	.insn	4, 0x09000307
     330:	0006                	c.slli	zero,0x1
     332:	0001                	nop
     334:	0402                	c.slli64	s0
     336:	030e                	slli	t1,t1,0x3
     338:	0900                	addi	s0,sp,144
     33a:	0002                	c.slli64	zero
     33c:	0001                	nop
     33e:	0402                	c.slli64	s0
     340:	0310                	addi	a2,sp,384
     342:	0900                	addi	s0,sp,144
     344:	0006                	c.slli	zero,0x1
     346:	0001                	nop
     348:	0402                	c.slli64	s0
     34a:	030a                	slli	t1,t1,0x2
     34c:	0900                	addi	s0,sp,144
     34e:	0004                	.insn	2, 0x0004
     350:	0001                	nop
     352:	0402                	c.slli64	s0
     354:	0900030b          	.insn	4, 0x0900030b
     358:	0006                	c.slli	zero,0x1
     35a:	0001                	nop
     35c:	0402                	c.slli64	s0
     35e:	030d                	addi	t1,t1,3
     360:	0900                	addi	s0,sp,144
     362:	0002                	c.slli64	zero
     364:	0001                	nop
     366:	0402                	c.slli64	s0
     368:	0604                	addi	s1,sp,768
     36a:	08090003          	lb	zero,128(s2)
     36e:	0100                	addi	s0,sp,128
     370:	0200                	addi	s0,sp,256
     372:	1104                	addi	s1,sp,160
     374:	04090003          	lb	zero,64(s2)
     378:	0100                	addi	s0,sp,128
     37a:	0200                	addi	s0,sp,256
     37c:	1304                	addi	s1,sp,416
     37e:	0306                	slli	t1,t1,0x1
     380:	0900                	addi	s0,sp,144
     382:	0004                	.insn	2, 0x0004
     384:	0001                	nop
     386:	0402                	c.slli64	s0
     388:	0311                	addi	t1,t1,4
     38a:	0900                	addi	s0,sp,144
     38c:	0002                	c.slli64	zero
     38e:	0001                	nop
     390:	0402                	c.slli64	s0
     392:	0614                	addi	a3,sp,768
     394:	04090003          	lb	zero,64(s2)
     398:	0100                	addi	s0,sp,128
     39a:	0200                	addi	s0,sp,256
     39c:	1404                	addi	s1,sp,544
     39e:	08090003          	lb	zero,128(s2)
     3a2:	0100                	addi	s0,sp,128
     3a4:	0200                	addi	s0,sp,256
     3a6:	1604                	addi	s1,sp,800
     3a8:	0306                	slli	t1,t1,0x1
     3aa:	0900                	addi	s0,sp,144
     3ac:	0008                	.insn	2, 0x0008
     3ae:	0001                	nop
     3b0:	0402                	c.slli64	s0
     3b2:	0314                	addi	a3,sp,384
     3b4:	0900                	addi	s0,sp,144
     3b6:	0004                	.insn	2, 0x0004
     3b8:	0001                	nop
     3ba:	0402                	c.slli64	s0
     3bc:	0616                	slli	a2,a2,0x5
     3be:	04090003          	lb	zero,64(s2)
     3c2:	0100                	addi	s0,sp,128
     3c4:	0200                	addi	s0,sp,256
     3c6:	1b04                	addi	s1,sp,432
     3c8:	0306                	slli	t1,t1,0x1
     3ca:	0900                	addi	s0,sp,144
     3cc:	000e                	c.slli	zero,0x3
     3ce:	0001                	nop
     3d0:	0402                	c.slli64	s0
     3d2:	0316                	slli	t1,t1,0x5
     3d4:	0900                	addi	s0,sp,144
     3d6:	000c                	.insn	2, 0x000c
     3d8:	0001                	nop
     3da:	0402                	c.slli64	s0
     3dc:	031d                	addi	t1,t1,7
     3de:	0900                	addi	s0,sp,144
     3e0:	0004                	.insn	2, 0x0004
     3e2:	0001                	nop
     3e4:	0402                	c.slli64	s0
     3e6:	061d                	addi	a2,a2,7
     3e8:	02090003          	lb	zero,32(s2)
     3ec:	0100                	addi	s0,sp,128
     3ee:	0200                	addi	s0,sp,256
     3f0:	0604                	addi	s1,sp,768
     3f2:	00090203          	lb	tp,0(s2)
     3f6:	0100                	addi	s0,sp,128
     3f8:	0200                	addi	s0,sp,256
     3fa:	0704                	addi	s1,sp,896
     3fc:	00090003          	lb	zero,0(s2)
     400:	0100                	addi	s0,sp,128
     402:	0200                	addi	s0,sp,256
     404:	0704                	addi	s1,sp,896
     406:	00090003          	lb	zero,0(s2)
     40a:	0100                	addi	s0,sp,128
     40c:	0200                	addi	s0,sp,256
     40e:	0704                	addi	s1,sp,896
     410:	00090003          	lb	zero,0(s2)
     414:	0100                	addi	s0,sp,128
     416:	0200                	addi	s0,sp,256
     418:	0704                	addi	s1,sp,896
     41a:	00090003          	lb	zero,0(s2)
     41e:	0100                	addi	s0,sp,128
     420:	0200                	addi	s0,sp,256
     422:	0704                	addi	s1,sp,896
     424:	00090003          	lb	zero,0(s2)
     428:	0100                	addi	s0,sp,128
     42a:	0200                	addi	s0,sp,256
     42c:	0704                	addi	s1,sp,896
     42e:	00090003          	lb	zero,0(s2)
     432:	0100                	addi	s0,sp,128
     434:	0200                	addi	s0,sp,256
     436:	0704                	addi	s1,sp,896
     438:	00090003          	lb	zero,0(s2)
     43c:	0100                	addi	s0,sp,128
     43e:	0200                	addi	s0,sp,256
     440:	0704                	addi	s1,sp,896
     442:	00090003          	lb	zero,0(s2)
     446:	0100                	addi	s0,sp,128
     448:	0200                	addi	s0,sp,256
     44a:	0704                	addi	s1,sp,896
     44c:	00090003          	lb	zero,0(s2)
     450:	0100                	addi	s0,sp,128
     452:	0200                	addi	s0,sp,256
     454:	0904                	addi	s1,sp,144
     456:	00090003          	lb	zero,0(s2)
     45a:	0100                	addi	s0,sp,128
     45c:	0200                	addi	s0,sp,256
     45e:	0c04                	addi	s1,sp,528
     460:	04090003          	lb	zero,64(s2)
     464:	0100                	addi	s0,sp,128
     466:	0200                	addi	s0,sp,256
     468:	0c04                	addi	s1,sp,528
     46a:	00090003          	lb	zero,0(s2)
     46e:	0100                	addi	s0,sp,128
     470:	0200                	addi	s0,sp,256
     472:	0c04                	addi	s1,sp,528
     474:	00090003          	lb	zero,0(s2)
     478:	0100                	addi	s0,sp,128
     47a:	0200                	addi	s0,sp,256
     47c:	0d04                	addi	s1,sp,656
     47e:	08090003          	lb	zero,128(s2)
     482:	0100                	addi	s0,sp,128
     484:	0200                	addi	s0,sp,256
     486:	0d04                	addi	s1,sp,656
     488:	00090003          	lb	zero,0(s2)
     48c:	0100                	addi	s0,sp,128
     48e:	0200                	addi	s0,sp,256
     490:	1004                	addi	s1,sp,32
     492:	10090003          	lb	zero,256(s2)
     496:	0100                	addi	s0,sp,128
     498:	0200                	addi	s0,sp,256
     49a:	1004                	addi	s1,sp,32
     49c:	00090003          	lb	zero,0(s2)
     4a0:	0100                	addi	s0,sp,128
     4a2:	0200                	addi	s0,sp,256
     4a4:	1404                	addi	s1,sp,544
     4a6:	0a090003          	lb	zero,160(s2)
     4aa:	0100                	addi	s0,sp,128
     4ac:	0200                	addi	s0,sp,256
     4ae:	1704                	addi	s1,sp,928
     4b0:	02090003          	lb	zero,32(s2)
     4b4:	0100                	addi	s0,sp,128
     4b6:	0200                	addi	s0,sp,256
     4b8:	1704                	addi	s1,sp,928
     4ba:	00090003          	lb	zero,0(s2)
     4be:	0100                	addi	s0,sp,128
     4c0:	0200                	addi	s0,sp,256
     4c2:	2404                	fld	fs1,8(s0)
     4c4:	0a090003          	lb	zero,160(s2)
     4c8:	0100                	addi	s0,sp,128
     4ca:	0200                	addi	s0,sp,256
     4cc:	2404                	fld	fs1,8(s0)
     4ce:	00090003          	lb	zero,0(s2)
     4d2:	0100                	addi	s0,sp,128
     4d4:	0200                	addi	s0,sp,256
     4d6:	2504                	fld	fs1,8(a0)
     4d8:	08090003          	lb	zero,128(s2)
     4dc:	0100                	addi	s0,sp,128
     4de:	0200                	addi	s0,sp,256
     4e0:	2504                	fld	fs1,8(a0)
     4e2:	06090003          	lb	zero,96(s2)
     4e6:	0100                	addi	s0,sp,128
     4e8:	0200                	addi	s0,sp,256
     4ea:	2804                	fld	fs1,16(s0)
     4ec:	0c090003          	lb	zero,192(s2)
     4f0:	0100                	addi	s0,sp,128
     4f2:	0200                	addi	s0,sp,256
     4f4:	2804                	fld	fs1,16(s0)
     4f6:	00090003          	lb	zero,0(s2)
     4fa:	0100                	addi	s0,sp,128
     4fc:	0200                	addi	s0,sp,256
     4fe:	2c04                	fld	fs1,24(s0)
     500:	0a090003          	lb	zero,160(s2)
     504:	0100                	addi	s0,sp,128
     506:	0200                	addi	s0,sp,256
     508:	2f04                	fld	fs1,24(a4)
     50a:	02090003          	lb	zero,32(s2)
     50e:	0100                	addi	s0,sp,128
     510:	0200                	addi	s0,sp,256
     512:	2f04                	fld	fs1,24(a4)
     514:	00090003          	lb	zero,0(s2)
     518:	0100                	addi	s0,sp,128
     51a:	0200                	addi	s0,sp,256
     51c:	3a04                	fld	fs1,48(a2)
     51e:	02090003          	lb	zero,32(s2)
     522:	0100                	addi	s0,sp,128
     524:	0200                	addi	s0,sp,256
     526:	3e04                	fld	fs1,56(a2)
     528:	0a090003          	lb	zero,160(s2)
     52c:	0100                	addi	s0,sp,128
     52e:	0200                	addi	s0,sp,256
     530:	3f04                	fld	fs1,56(a4)
     532:	08090003          	lb	zero,128(s2)
     536:	0100                	addi	s0,sp,128
     538:	0200                	addi	s0,sp,256
     53a:	3f04                	fld	fs1,56(a4)
     53c:	00090003          	lb	zero,0(s2)
     540:	0100                	addi	s0,sp,128
     542:	0200                	addi	s0,sp,256
     544:	3f04                	fld	fs1,56(a4)
     546:	02090003          	lb	zero,32(s2)
     54a:	0100                	addi	s0,sp,128
     54c:	0200                	addi	s0,sp,256
     54e:	4f04                	lw	s1,24(a4)
     550:	10090003          	lb	zero,256(s2)
     554:	0100                	addi	s0,sp,128
     556:	0200                	addi	s0,sp,256
     558:	4f04                	lw	s1,24(a4)
     55a:	00090003          	lb	zero,0(s2)
     55e:	0100                	addi	s0,sp,128
     560:	0200                	addi	s0,sp,256
     562:	4f04                	lw	s1,24(a4)
     564:	06090003          	lb	zero,96(s2)
     568:	0100                	addi	s0,sp,128
     56a:	0200                	addi	s0,sp,256
     56c:	5004                	lw	s1,32(s0)
     56e:	0306                	slli	t1,t1,0x1
     570:	0900                	addi	s0,sp,144
     572:	0004                	.insn	2, 0x0004
     574:	0001                	nop
     576:	0402                	c.slli64	s0
     578:	0354                	addi	a3,sp,388
     57a:	0900                	addi	s0,sp,144
     57c:	0002                	c.slli64	zero
     57e:	0001                	nop
     580:	0402                	c.slli64	s0
     582:	065a                	slli	a2,a2,0x16
     584:	06090003          	lb	zero,96(s2)
     588:	0100                	addi	s0,sp,128
     58a:	0200                	addi	s0,sp,256
     58c:	5a04                	lw	s1,48(a2)
     58e:	00090003          	lb	zero,0(s2)
     592:	0100                	addi	s0,sp,128
     594:	0200                	addi	s0,sp,256
     596:	5a04                	lw	s1,48(a2)
     598:	00090003          	lb	zero,0(s2)
     59c:	0100                	addi	s0,sp,128
     59e:	0200                	addi	s0,sp,256
     5a0:	5a04                	lw	s1,48(a2)
     5a2:	00090003          	lb	zero,0(s2)
     5a6:	0100                	addi	s0,sp,128
     5a8:	0200                	addi	s0,sp,256
     5aa:	5a04                	lw	s1,48(a2)
     5ac:	00090003          	lb	zero,0(s2)
     5b0:	0100                	addi	s0,sp,128
     5b2:	0200                	addi	s0,sp,256
     5b4:	5a04                	lw	s1,48(a2)
     5b6:	00090003          	lb	zero,0(s2)
     5ba:	0100                	addi	s0,sp,128
     5bc:	0200                	addi	s0,sp,256
     5be:	5a04                	lw	s1,48(a2)
     5c0:	00090003          	lb	zero,0(s2)
     5c4:	0100                	addi	s0,sp,128
     5c6:	0200                	addi	s0,sp,256
     5c8:	5a04                	lw	s1,48(a2)
     5ca:	16090003          	lb	zero,352(s2)
     5ce:	0100                	addi	s0,sp,128
     5d0:	0200                	addi	s0,sp,256
     5d2:	5a04                	lw	s1,48(a2)
     5d4:	00090003          	lb	zero,0(s2)
     5d8:	0100                	addi	s0,sp,128
     5da:	0200                	addi	s0,sp,256
     5dc:	5a04                	lw	s1,48(a2)
     5de:	00090003          	lb	zero,0(s2)
     5e2:	0100                	addi	s0,sp,128
     5e4:	00090103          	lb	sp,0(s2)
     5e8:	0100                	addi	s0,sp,128
     5ea:	00090003          	lb	zero,0(s2)
     5ee:	0100                	addi	s0,sp,128
     5f0:	0200                	addi	s0,sp,256
     5f2:	0104                	addi	s1,sp,128
     5f4:	0306                	slli	t1,t1,0x1
     5f6:	0900                	addi	s0,sp,144
     5f8:	0000                	unimp
     5fa:	0001                	nop
     5fc:	0402                	c.slli64	s0
     5fe:	0601                	addi	a2,a2,0
     600:	02090003          	lb	zero,32(s2)
     604:	0100                	addi	s0,sp,128
     606:	0200                	addi	s0,sp,256
     608:	0304                	addi	s1,sp,384
     60a:	04090003          	lb	zero,64(s2)
     60e:	0100                	addi	s0,sp,128
     610:	00090203          	lb	tp,0(s2)
     614:	0100                	addi	s0,sp,128
     616:	0105                	addi	sp,sp,1
     618:	0306                	slli	t1,t1,0x1
     61a:	0901                	addi	s2,s2,0
     61c:	0000                	unimp
     61e:	0501                	addi	a0,a0,0
     620:	04020003          	lb	zero,64(tp) # 40 <__stack_align+0x30>
     624:	7a030617          	auipc	a2,0x7a030
     628:	0609                	addi	a2,a2,2 # 7a030626 <__heap_size+0x7a010626>
     62a:	0100                	addi	s0,sp,128
     62c:	0200                	addi	s0,sp,256
     62e:	2004                	fld	fs1,0(s0)
     630:	0306                	slli	t1,t1,0x1
     632:	0900                	addi	s0,sp,144
     634:	000c                	.insn	2, 0x000c
     636:	0001                	nop
     638:	0402                	c.slli64	s0
     63a:	09000317          	auipc	t1,0x9000
     63e:	0002                	c.slli64	zero
     640:	0001                	nop
     642:	0402                	c.slli64	s0
     644:	031f 0900 0004      	.insn	6, 0x00040900031f
     64a:	0001                	nop
     64c:	0402                	c.slli64	s0
     64e:	0322                	slli	t1,t1,0x8
     650:	0900                	addi	s0,sp,144
     652:	0008                	.insn	2, 0x0008
     654:	0001                	nop
     656:	0402                	c.slli64	s0
     658:	0622                	slli	a2,a2,0x8
     65a:	0a090003          	lb	zero,160(s2)
     65e:	0100                	addi	s0,sp,128
     660:	0200                	addi	s0,sp,256
     662:	1204                	addi	s1,sp,288
     664:	02090003          	lb	zero,32(s2)
     668:	0100                	addi	s0,sp,128
     66a:	0200                	addi	s0,sp,256
     66c:	1204                	addi	s1,sp,288
     66e:	00090003          	lb	zero,0(s2)
     672:	0100                	addi	s0,sp,128
     674:	0200                	addi	s0,sp,256
     676:	1204                	addi	s1,sp,288
     678:	14090003          	lb	zero,320(s2)
     67c:	0100                	addi	s0,sp,128
     67e:	0306                	slli	t1,t1,0x1
     680:	0976                	slli	s2,s2,0x1d
     682:	0000                	unimp
     684:	0001                	nop
     686:	0402                	c.slli64	s0
     688:	0602                	c.slli64	a2
     68a:	04090a03          	lb	s4,64(s2)
     68e:	0100                	addi	s0,sp,128
     690:	0200                	addi	s0,sp,256
     692:	2a04                	fld	fs1,16(a2)
     694:	0306                	slli	t1,t1,0x1
     696:	0900                	addi	s0,sp,144
     698:	0000                	unimp
     69a:	0001                	nop
     69c:	0402                	c.slli64	s0
     69e:	0302                	c.slli64	t1
     6a0:	0900                	addi	s0,sp,144
     6a2:	0004                	.insn	2, 0x0004
     6a4:	0001                	nop
     6a6:	0402                	c.slli64	s0
     6a8:	0626                	slli	a2,a2,0x9
     6aa:	04090003          	lb	zero,64(s2)
     6ae:	0100                	addi	s0,sp,128
     6b0:	0200                	addi	s0,sp,256
     6b2:	2604                	fld	fs1,8(a2)
     6b4:	00090003          	lb	zero,0(s2)
     6b8:	0100                	addi	s0,sp,128
     6ba:	0200                	addi	s0,sp,256
     6bc:	2a04                	fld	fs1,16(a2)
     6be:	00090003          	lb	zero,0(s2)
     6c2:	0100                	addi	s0,sp,128
     6c4:	0200                	addi	s0,sp,256
     6c6:	2a04                	fld	fs1,16(a2)
     6c8:	00090003          	lb	zero,0(s2)
     6cc:	0100                	addi	s0,sp,128
     6ce:	0200                	addi	s0,sp,256
     6d0:	2a04                	fld	fs1,16(a2)
     6d2:	00090003          	lb	zero,0(s2)
     6d6:	0100                	addi	s0,sp,128
     6d8:	0200                	addi	s0,sp,256
     6da:	4104                	lw	s1,0(a0)
     6dc:	00090003          	lb	zero,0(s2)
     6e0:	0100                	addi	s0,sp,128
     6e2:	0200                	addi	s0,sp,256
     6e4:	4104                	lw	s1,0(a0)
     6e6:	00090003          	lb	zero,0(s2)
     6ea:	0100                	addi	s0,sp,128
     6ec:	00090203          	lb	tp,0(s2)
     6f0:	0100                	addi	s0,sp,128
     6f2:	00090003          	lb	zero,0(s2)
     6f6:	0100                	addi	s0,sp,128
     6f8:	00090003          	lb	zero,0(s2)
     6fc:	0100                	addi	s0,sp,128
     6fe:	0306                	slli	t1,t1,0x1
     700:	0974                	addi	a3,sp,156
     702:	0000                	unimp
     704:	0001                	nop
     706:	0402                	c.slli64	s0
     708:	0301                	addi	t1,t1,0 # 900063a <__heap_size+0x8fe063a>
     70a:	090c                	addi	a1,sp,144
     70c:	0002                	c.slli64	zero
     70e:	0001                	nop
     710:	0402                	c.slli64	s0
     712:	097e032b          	.insn	4, 0x097e032b
     716:	0002                	c.slli64	zero
     718:	0001                	nop
     71a:	0402                	c.slli64	s0
     71c:	00030627          	.insn	4, 0x00030627
     720:	0409                	addi	s0,s0,2
     722:	0100                	addi	s0,sp,128
     724:	0200                	addi	s0,sp,256
     726:	2704                	fld	fs1,8(a4)
     728:	00090003          	lb	zero,0(s2)
     72c:	0100                	addi	s0,sp,128
     72e:	0200                	addi	s0,sp,256
     730:	3004                	fld	fs1,32(s0)
     732:	02090003          	lb	zero,32(s2)
     736:	0100                	addi	s0,sp,128
     738:	0200                	addi	s0,sp,256
     73a:	3004                	fld	fs1,32(s0)
     73c:	00090003          	lb	zero,0(s2)
     740:	0100                	addi	s0,sp,128
     742:	0306                	slli	t1,t1,0x1
     744:	0976                	slli	s2,s2,0x1d
     746:	0000                	unimp
     748:	0001                	nop
     74a:	0402                	c.slli64	s0
     74c:	0330                	addi	a2,sp,392
     74e:	090a                	slli	s2,s2,0x2
     750:	0002                	c.slli64	zero
     752:	0001                	nop
     754:	0402                	c.slli64	s0
     756:	0334                	addi	a3,sp,392
     758:	0900                	addi	s0,sp,144
     75a:	0004                	.insn	2, 0x0004
     75c:	0001                	nop
     75e:	0402                	c.slli64	s0
     760:	0638                	addi	a4,sp,776
     762:	0a090003          	lb	zero,160(s2)
     766:	0100                	addi	s0,sp,128
     768:	0200                	addi	s0,sp,256
     76a:	3804                	fld	fs1,48(s0)
     76c:	00090003          	lb	zero,0(s2)
     770:	0100                	addi	s0,sp,128
     772:	0200                	addi	s0,sp,256
     774:	3804                	fld	fs1,48(s0)
     776:	00090003          	lb	zero,0(s2)
     77a:	0100                	addi	s0,sp,128
     77c:	0200                	addi	s0,sp,256
     77e:	3804                	fld	fs1,48(s0)
     780:	04090003          	lb	zero,64(s2)
     784:	0100                	addi	s0,sp,128
     786:	0200                	addi	s0,sp,256
     788:	3804                	fld	fs1,48(s0)
     78a:	00090003          	lb	zero,0(s2)
     78e:	0100                	addi	s0,sp,128
     790:	0200                	addi	s0,sp,256
     792:	3804                	fld	fs1,48(s0)
     794:	00090003          	lb	zero,0(s2)
     798:	0100                	addi	s0,sp,128
     79a:	0200                	addi	s0,sp,256
     79c:	3a04                	fld	fs1,48(a2)
     79e:	0306                	slli	t1,t1,0x1
     7a0:	0900                	addi	s0,sp,144
     7a2:	0004                	.insn	2, 0x0004
     7a4:	0001                	nop
     7a6:	0402                	c.slli64	s0
     7a8:	0338                	addi	a4,sp,392
     7aa:	0900                	addi	s0,sp,144
     7ac:	0002                	c.slli64	zero
     7ae:	0001                	nop
     7b0:	0402                	c.slli64	s0
     7b2:	0638                	addi	a4,sp,776
     7b4:	02090003          	lb	zero,32(s2)
     7b8:	0100                	addi	s0,sp,128
     7ba:	0200                	addi	s0,sp,256
     7bc:	3804                	fld	fs1,48(s0)
     7be:	00090003          	lb	zero,0(s2)
     7c2:	0100                	addi	s0,sp,128
     7c4:	0200                	addi	s0,sp,256
     7c6:	3a04                	fld	fs1,48(a2)
     7c8:	00090003          	lb	zero,0(s2)
     7cc:	0100                	addi	s0,sp,128
     7ce:	0200                	addi	s0,sp,256
     7d0:	2704                	fld	fs1,8(a4)
     7d2:	0306                	slli	t1,t1,0x1
     7d4:	0900                	addi	s0,sp,144
     7d6:	0004                	.insn	2, 0x0004
     7d8:	0001                	nop
     7da:	0402                	c.slli64	s0
     7dc:	0641                	addi	a2,a2,16
     7de:	04090003          	lb	zero,64(s2)
     7e2:	0100                	addi	s0,sp,128
     7e4:	0200                	addi	s0,sp,256
     7e6:	4104                	lw	s1,0(a0)
     7e8:	00090003          	lb	zero,0(s2)
     7ec:	0100                	addi	s0,sp,128
     7ee:	00090203          	lb	tp,0(s2)
     7f2:	0100                	addi	s0,sp,128
     7f4:	00090003          	lb	zero,0(s2)
     7f8:	0100                	addi	s0,sp,128
     7fa:	00090003          	lb	zero,0(s2)
     7fe:	0100                	addi	s0,sp,128
     800:	0200                	addi	s0,sp,256
     802:	0604                	addi	s1,sp,768
     804:	0306                	slli	t1,t1,0x1
     806:	0900                	addi	s0,sp,144
     808:	0000                	unimp
     80a:	0001                	nop
     80c:	0402                	c.slli64	s0
     80e:	00030613          	mv	a2,t1
     812:	0409                	addi	s0,s0,2
     814:	0100                	addi	s0,sp,128
     816:	0200                	addi	s0,sp,256
     818:	1304                	addi	s1,sp,416
     81a:	00090003          	lb	zero,0(s2)
     81e:	0100                	addi	s0,sp,128
     820:	0200                	addi	s0,sp,256
     822:	0d04                	addi	s1,sp,656
     824:	0306                	slli	t1,t1,0x1
     826:	0900                	addi	s0,sp,144
     828:	0000                	unimp
     82a:	0001                	nop
     82c:	0402                	c.slli64	s0
     82e:	09000313          	li	t1,144
     832:	0002                	c.slli64	zero
     834:	0001                	nop
     836:	0402                	c.slli64	s0
     838:	061f 0003 0409      	.insn	6, 0x04090003061f
     83e:	0100                	addi	s0,sp,128
     840:	0200                	addi	s0,sp,256
     842:	1204                	addi	s1,sp,288
     844:	04090003          	lb	zero,64(s2)
     848:	0100                	addi	s0,sp,128
     84a:	0200                	addi	s0,sp,256
     84c:	1204                	addi	s1,sp,288
     84e:	00090003          	lb	zero,0(s2)
     852:	0100                	addi	s0,sp,128
     854:	0200                	addi	s0,sp,256
     856:	0d04                	addi	s1,sp,656
     858:	0306                	slli	t1,t1,0x1
     85a:	0900                	addi	s0,sp,144
     85c:	0000                	unimp
     85e:	0001                	nop
     860:	0402                	c.slli64	s0
     862:	0312                	slli	t1,t1,0x4
     864:	0900                	addi	s0,sp,144
     866:	0002                	c.slli64	zero
     868:	0001                	nop
     86a:	0402                	c.slli64	s0
     86c:	0003062b          	.insn	4, 0x0003062b
     870:	0609                	addi	a2,a2,2
     872:	0100                	addi	s0,sp,128
     874:	0200                	addi	s0,sp,256
     876:	2b04                	fld	fs1,16(a4)
     878:	00090003          	lb	zero,0(s2)
     87c:	0100                	addi	s0,sp,128
     87e:	0200                	addi	s0,sp,256
     880:	3704                	fld	fs1,40(a4)
     882:	02090003          	lb	zero,32(s2)
     886:	0100                	addi	s0,sp,128
     888:	0200                	addi	s0,sp,256
     88a:	2a04                	fld	fs1,16(a2)
     88c:	04090003          	lb	zero,64(s2)
     890:	0100                	addi	s0,sp,128
     892:	0200                	addi	s0,sp,256
     894:	2a04                	fld	fs1,16(a2)
     896:	00090003          	lb	zero,0(s2)
     89a:	0100                	addi	s0,sp,128
     89c:	0200                	addi	s0,sp,256
     89e:	4104                	lw	s1,0(a0)
     8a0:	04090003          	lb	zero,64(s2)
     8a4:	0100                	addi	s0,sp,128
     8a6:	0200                	addi	s0,sp,256
     8a8:	4104                	lw	s1,0(a0)
     8aa:	00090003          	lb	zero,0(s2)
     8ae:	0100                	addi	s0,sp,128
     8b0:	0200                	addi	s0,sp,256
     8b2:	4b04                	lw	s1,16(a4)
     8b4:	0306                	slli	t1,t1,0x1
     8b6:	0900                	addi	s0,sp,144
     8b8:	0000                	unimp
     8ba:	0001                	nop
     8bc:	0402                	c.slli64	s0
     8be:	0341                	addi	t1,t1,16
     8c0:	0900                	addi	s0,sp,144
     8c2:	0002                	c.slli64	zero
     8c4:	0001                	nop
     8c6:	0402                	c.slli64	s0
     8c8:	0344                	addi	s1,sp,388
     8ca:	0900                	addi	s0,sp,144
     8cc:	0002                	c.slli64	zero
     8ce:	0001                	nop
     8d0:	0402                	c.slli64	s0
     8d2:	0345                	addi	t1,t1,17
     8d4:	0900                	addi	s0,sp,144
     8d6:	0006                	c.slli	zero,0x1
     8d8:	0001                	nop
     8da:	0402                	c.slli64	s0
     8dc:	034c                	addi	a1,sp,388
     8de:	0900                	addi	s0,sp,144
     8e0:	0002                	c.slli64	zero
     8e2:	0001                	nop
     8e4:	0402                	c.slli64	s0
     8e6:	0348                	addi	a0,sp,388
     8e8:	0900                	addi	s0,sp,144
     8ea:	0008                	.insn	2, 0x0008
     8ec:	0001                	nop
     8ee:	0402                	c.slli64	s0
     8f0:	0349                	addi	t1,t1,18
     8f2:	0900                	addi	s0,sp,144
     8f4:	0006                	c.slli	zero,0x1
     8f6:	0001                	nop
     8f8:	0402                	c.slli64	s0
     8fa:	064e                	slli	a2,a2,0x13
     8fc:	02090003          	lb	zero,32(s2)
     900:	0100                	addi	s0,sp,128
     902:	0200                	addi	s0,sp,256
     904:	4e04                	lw	s1,24(a2)
     906:	00090003          	lb	zero,0(s2)
     90a:	0100                	addi	s0,sp,128
     90c:	0200                	addi	s0,sp,256
     90e:	2f04                	fld	fs1,24(a4)
     910:	06090003          	lb	zero,96(s2)
     914:	0100                	addi	s0,sp,128
     916:	0200                	addi	s0,sp,256
     918:	2f04                	fld	fs1,24(a4)
     91a:	00090003          	lb	zero,0(s2)
     91e:	0100                	addi	s0,sp,128
     920:	0200                	addi	s0,sp,256
     922:	2704                	fld	fs1,8(a4)
     924:	0306                	slli	t1,t1,0x1
     926:	097e                	slli	s2,s2,0x1f
     928:	0006                	c.slli	zero,0x1
     92a:	0901                	addi	s2,s2,0
     92c:	0006                	c.slli	zero,0x1
     92e:	0100                	addi	s0,sp,128
     930:	9201                	srli	a2,a2,0x20
     932:	0000                	unimp
     934:	0500                	addi	s0,sp,640
     936:	0800                	addi	s0,sp,16
     938:	3700                	fld	fs0,40(a4)
     93a:	0000                	unimp
     93c:	0100                	addi	s0,sp,128
     93e:	0101                	addi	sp,sp,0
     940:	000d0efb          	.insn	4, 0x000d0efb
     944:	0101                	addi	sp,sp,0
     946:	0101                	addi	sp,sp,0
     948:	0000                	unimp
     94a:	0100                	addi	s0,sp,128
     94c:	0000                	unimp
     94e:	0101                	addi	sp,sp,0
     950:	1f01                	addi	t5,t5,-32
     952:	0001f303          	.insn	4, 0x0001f303
     956:	3200                	fld	fs0,32(a2)
     958:	0002                	c.slli64	zero
     95a:	3900                	fld	fs0,48(a0)
     95c:	0002                	c.slli64	zero
     95e:	0200                	addi	s0,sp,256
     960:	1f01                	addi	t5,t5,-32
     962:	0f02                	c.slli64	t5
     964:	00022a03          	lw	s4,0(tp) # 0 <__boot_hart>
     968:	0100                	addi	s0,sp,128
     96a:	022a                	slli	tp,tp,0xa
     96c:	0000                	unimp
     96e:	8601                	c.srai64	a2
     970:	0002                	c.slli64	zero
     972:	0200                	addi	s0,sp,256
     974:	0105                	addi	sp,sp,1
     976:	0900                	addi	s0,sp,144
     978:	e002                	sd	zero,0(sp)
     97a:	003d                	c.nop	15
     97c:	0080                	addi	s0,sp,64
     97e:	0000                	unimp
     980:	1600                	addi	s0,sp,800
     982:	0505                	addi	a0,a0,1
     984:	00090103          	lb	sp,0(s2)
     988:	0100                	addi	s0,sp,128
     98a:	0105                	addi	sp,sp,1
     98c:	0306                	slli	t1,t1,0x1
     98e:	097f 0000 0501 0305 	.insn	10, 0x0901030505010000097f
     996:	0901 
     998:	0004                	.insn	2, 0x0004
     99a:	0501                	addi	a0,a0,0
     99c:	0301                	addi	t1,t1,0
     99e:	0902                	c.slli64	s2
     9a0:	0004                	.insn	2, 0x0004
     9a2:	0501                	addi	a0,a0,0
     9a4:	0402000b          	.insn	4, 0x0402000b
     9a8:	0301                	addi	t1,t1,0
     9aa:	097e                	slli	s2,s2,0x1f
     9ac:	0002                	c.slli64	zero
     9ae:	0501                	addi	a0,a0,0
     9b0:	0605                	addi	a2,a2,1
     9b2:	04090103          	lb	sp,64(s2)
     9b6:	0100                	addi	s0,sp,128
     9b8:	0105                	addi	sp,sp,1
     9ba:	0306                	slli	t1,t1,0x1
     9bc:	0901                	addi	s2,s2,0
     9be:	0000                	unimp
     9c0:	0901                	addi	s2,s2,0
     9c2:	0006                	c.slli	zero,0x1
     9c4:	0100                	addi	s0,sp,128
     9c6:	bb01                	j	6d6 <__stack_align+0x6c6>
     9c8:	0000                	unimp
     9ca:	0500                	addi	s0,sp,640
     9cc:	0800                	addi	s0,sp,16
     9ce:	4900                	lw	s0,16(a0)
     9d0:	0000                	unimp
     9d2:	0100                	addi	s0,sp,128
     9d4:	0101                	addi	sp,sp,0
     9d6:	000d0efb          	.insn	4, 0x000d0efb
     9da:	0101                	addi	sp,sp,0
     9dc:	0101                	addi	sp,sp,0
     9de:	0000                	unimp
     9e0:	0100                	addi	s0,sp,128
     9e2:	0000                	unimp
     9e4:	0101                	addi	sp,sp,0
     9e6:	1f01                	addi	t5,t5,-32
     9e8:	f305                	bnez	a4,908 <__stack_align+0x8f8>
     9ea:	0001                	nop
     9ec:	3200                	fld	fs0,32(a2)
     9ee:	0002                	c.slli64	zero
     9f0:	9c00                	.insn	2, 0x9c00
     9f2:	0002                	c.slli64	zero
     9f4:	3900                	fld	fs0,48(a0)
     9f6:	0002                	c.slli64	zero
     9f8:	ed00                	sd	s0,24(a0)
     9fa:	0002                	c.slli64	zero
     9fc:	0200                	addi	s0,sp,256
     9fe:	1f01                	addi	t5,t5,-32
     a00:	0f02                	c.slli64	t5
     a02:	9505                	srai	a0,a0,0x21
     a04:	0002                	c.slli64	zero
     a06:	0100                	addi	s0,sp,128
     a08:	0295                	addi	t0,t0,5
     a0a:	0000                	unimp
     a0c:	f801                	bnez	s0,91c <__stack_align+0x90c>
     a0e:	0002                	c.slli64	zero
     a10:	0200                	addi	s0,sp,256
     a12:	0309                	addi	t1,t1,2
     a14:	0000                	unimp
     a16:	00031303          	lh	t1,0(t1)
     a1a:	0400                	addi	s0,sp,512
     a1c:	0105                	addi	sp,sp,1
     a1e:	0900                	addi	s0,sp,144
     a20:	f402                	sd	zero,40(sp)
     a22:	003d                	c.nop	15
     a24:	0080                	addi	s0,sp,64
     a26:	0000                	unimp
     a28:	1600                	addi	s0,sp,800
     a2a:	0505                	addi	a0,a0,1
     a2c:	00090103          	lb	sp,0(s2)
     a30:	0100                	addi	s0,sp,128
     a32:	1405                	addi	s0,s0,-31
     a34:	0306                	slli	t1,t1,0x1
     a36:	0900                	addi	s0,sp,144
     a38:	0000                	unimp
     a3a:	0501                	addi	a0,a0,0
     a3c:	030e                	slli	t1,t1,0x3
     a3e:	0900                	addi	s0,sp,144
     a40:	000a                	c.slli	zero,0x2
     a42:	0501                	addi	a0,a0,0
     a44:	0605                	addi	a2,a2,1
     a46:	0c090103          	lb	sp,192(s2)
     a4a:	0100                	addi	s0,sp,128
     a4c:	0905                	addi	s2,s2,1
     a4e:	00090103          	lb	sp,0(s2)
     a52:	0100                	addi	s0,sp,128
     a54:	1205                	addi	tp,tp,-31 # ffffffffffffffe1 <__heap_end+0xffffffff7ffdafe1>
     a56:	0306                	slli	t1,t1,0x1
     a58:	0900                	addi	s0,sp,144
     a5a:	0000                	unimp
     a5c:	0501                	addi	a0,a0,0
     a5e:	0009                	c.nop	2
     a60:	0402                	c.slli64	s0
     a62:	0601                	addi	a2,a2,0
     a64:	08090103          	lb	sp,128(s2)
     a68:	0100                	addi	s0,sp,128
     a6a:	1005                	c.nop	-31
     a6c:	0200                	addi	s0,sp,256
     a6e:	0104                	addi	s1,sp,128
     a70:	0306                	slli	t1,t1,0x1
     a72:	0900                	addi	s0,sp,144
     a74:	0000                	unimp
     a76:	0501                	addi	a0,a0,0
     a78:	0605                	addi	a2,a2,1
     a7a:	02097e03          	.insn	4, 0x02097e03
     a7e:	0100                	addi	s0,sp,128
     a80:	0209                	addi	tp,tp,2 # 2 <__boot_hart+0x2>
     a82:	0000                	unimp
     a84:	0101                	addi	sp,sp,0
     a86:	000000af          	.insn	4, 0x00af
     a8a:	0005                	c.nop	1
     a8c:	0008                	.insn	2, 0x0008
     a8e:	0054                	addi	a3,sp,4
     a90:	0000                	unimp
     a92:	0101                	addi	sp,sp,0
     a94:	fb01                	bnez	a4,9a4 <__stack_align+0x994>
     a96:	0d0e                	slli	s10,s10,0x3
     a98:	0100                	addi	s0,sp,128
     a9a:	0101                	addi	sp,sp,0
     a9c:	0001                	nop
     a9e:	0000                	unimp
     aa0:	0001                	nop
     aa2:	0100                	addi	s0,sp,128
     aa4:	0101                	addi	sp,sp,0
     aa6:	041f 01f3 0000      	.insn	6, 0x01f3041f
     aac:	0232                	slli	tp,tp,0xc
     aae:	0000                	unimp
     ab0:	029c                	addi	a5,sp,320
     ab2:	0000                	unimp
     ab4:	0239                	addi	tp,tp,14 # e <__boot_hart+0xe>
     ab6:	0000                	unimp
     ab8:	0102                	c.slli64	sp
     aba:	021f 080f 0321      	.insn	6, 0x0321080f021f
     ac0:	0000                	unimp
     ac2:	2101                	sext.w	sp,sp
     ac4:	01000003          	lb	zero,16(zero) # 10 <__stack_align>
     ac8:	02f8                	addi	a4,sp,332
     aca:	0000                	unimp
     acc:	0002                	c.slli64	zero
     ace:	03000003          	lb	zero,48(zero) # 30 <__stack_align+0x20>
     ad2:	0301                	addi	t1,t1,0
     ad4:	0000                	unimp
     ad6:	00032903          	lw	s2,0(t1)
     ada:	0300                	addi	s0,sp,384
     adc:	0335                	addi	t1,t1,13
     ade:	0000                	unimp
     ae0:	00028603          	lb	a2,0(t0)
     ae4:	0300                	addi	s0,sp,384
     ae6:	0105                	addi	sp,sp,1
     ae8:	0900                	addi	s0,sp,144
     aea:	1602                	slli	a2,a2,0x20
     aec:	003e                	c.slli	zero,0xf
     aee:	0080                	addi	s0,sp,64
     af0:	0000                	unimp
     af2:	1700                	addi	s0,sp,928
     af4:	0505                	addi	a0,a0,1
     af6:	00090103          	lb	sp,0(s2)
     afa:	0100                	addi	s0,sp,128
     afc:	0105                	addi	sp,sp,1
     afe:	0306                	slli	t1,t1,0x1
     b00:	097f 0000 0501 0305 	.insn	10, 0x0901030505010000097f
     b08:	0901 
     b0a:	0004                	.insn	2, 0x0004
     b0c:	0501                	addi	a0,a0,0
     b0e:	0301                	addi	t1,t1,0
     b10:	0902                	c.slli64	s2
     b12:	0004                	.insn	2, 0x0004
     b14:	0501                	addi	a0,a0,0
     b16:	0402000b          	.insn	4, 0x0402000b
     b1a:	0301                	addi	t1,t1,0
     b1c:	097e                	slli	s2,s2,0x1f
     b1e:	0002                	c.slli64	zero
     b20:	0501                	addi	a0,a0,0
     b22:	0605                	addi	a2,a2,1
     b24:	04090103          	lb	sp,64(s2)
     b28:	0100                	addi	s0,sp,128
     b2a:	0105                	addi	sp,sp,1
     b2c:	0306                	slli	t1,t1,0x1
     b2e:	0901                	addi	s2,s2,0
     b30:	0000                	unimp
     b32:	0901                	addi	s2,s2,0
     b34:	0006                	c.slli	zero,0x1
     b36:	0100                	addi	s0,sp,128
     b38:	5b01                	li	s6,-32
     b3a:	0000                	unimp
     b3c:	0500                	addi	s0,sp,640
     b3e:	0800                	addi	s0,sp,16
     b40:	2e00                	fld	fs0,24(a2)
     b42:	0000                	unimp
     b44:	0100                	addi	s0,sp,128
     b46:	0101                	addi	sp,sp,0
     b48:	000d0efb          	.insn	4, 0x000d0efb
     b4c:	0101                	addi	sp,sp,0
     b4e:	0101                	addi	sp,sp,0
     b50:	0000                	unimp
     b52:	0100                	addi	s0,sp,128
     b54:	0000                	unimp
     b56:	0101                	addi	sp,sp,0
     b58:	1f01                	addi	t5,t5,-32
     b5a:	f302                	sd	zero,416(sp)
     b5c:	0001                	nop
     b5e:	3200                	fld	fs0,32(a2)
     b60:	0002                	c.slli64	zero
     b62:	0200                	addi	s0,sp,256
     b64:	1f01                	addi	t5,t5,-32
     b66:	0f02                	c.slli64	t5
     b68:	4302                	lw	t1,0(sp)
     b6a:	01000003          	lb	zero,16(zero) # 10 <__stack_align>
     b6e:	00000343          	fmadd.s	ft6,ft0,ft0,ft0,rne
     b72:	0501                	addi	a0,a0,0
     b74:	0001                	nop
     b76:	0209                	addi	tp,tp,2 # 2 <__boot_hart+0x2>
     b78:	3e2a                	fld	ft8,168(sp)
     b7a:	8000                	.insn	2, 0x8000
     b7c:	0000                	unimp
     b7e:	0000                	unimp
     b80:	0516                	slli	a0,a0,0x5
     b82:	0305                	addi	t1,t1,1
     b84:	0901                	addi	s2,s2,0
     b86:	0000                	unimp
     b88:	0501                	addi	a0,a0,0
     b8a:	0601                	addi	a2,a2,0
     b8c:	00090103          	lb	sp,0(s2)
     b90:	0100                	addi	s0,sp,128
     b92:	0409                	addi	s0,s0,2
     b94:	0000                	unimp
     b96:	0101                	addi	sp,sp,0
     b98:	00000063          	beqz	zero,b98 <__stack_align+0xb88>
     b9c:	0005                	c.nop	1
     b9e:	0008                	.insn	2, 0x0008
     ba0:	002e                	c.slli	zero,0xb
     ba2:	0000                	unimp
     ba4:	0101                	addi	sp,sp,0
     ba6:	fb01                	bnez	a4,ab6 <__stack_align+0xaa6>
     ba8:	0d0e                	slli	s10,s10,0x3
     baa:	0100                	addi	s0,sp,128
     bac:	0101                	addi	sp,sp,0
     bae:	0001                	nop
     bb0:	0000                	unimp
     bb2:	0001                	nop
     bb4:	0100                	addi	s0,sp,128
     bb6:	0101                	addi	sp,sp,0
     bb8:	021f 01f3 0000      	.insn	6, 0x01f3021f
     bbe:	0232                	slli	tp,tp,0xc
     bc0:	0000                	unimp
     bc2:	0102                	c.slli64	sp
     bc4:	021f 020f 0353      	.insn	6, 0x0353020f021f
     bca:	0000                	unimp
     bcc:	5301                	li	t1,-32
     bce:	01000003          	lb	zero,16(zero) # 10 <__stack_align>
     bd2:	0105                	addi	sp,sp,1
     bd4:	0900                	addi	s0,sp,144
     bd6:	2e02                	fld	ft8,0(sp)
     bd8:	003e                	c.slli	zero,0xf
     bda:	0080                	addi	s0,sp,64
     bdc:	0000                	unimp
     bde:	1600                	addi	s0,sp,800
     be0:	0505                	addi	a0,a0,1
     be2:	00090103          	lb	sp,0(s2)
     be6:	0100                	addi	s0,sp,128
     be8:	2305                	addiw	t1,t1,1
     bea:	0306                	slli	t1,t1,0x1
     bec:	0900                	addi	s0,sp,144
     bee:	0000                	unimp
     bf0:	0501                	addi	a0,a0,0
     bf2:	0301                	addi	t1,t1,0
     bf4:	0901                	addi	s2,s2,0
     bf6:	0002                	c.slli64	zero
     bf8:	0901                	addi	s2,s2,0
     bfa:	0006                	c.slli	zero,0x1
     bfc:	0100                	addi	s0,sp,128
     bfe:	9201                	srli	a2,a2,0x20
     c00:	0000                	unimp
     c02:	0500                	addi	s0,sp,640
     c04:	0800                	addi	s0,sp,16
     c06:	3700                	fld	fs0,40(a4)
     c08:	0000                	unimp
     c0a:	0100                	addi	s0,sp,128
     c0c:	0101                	addi	sp,sp,0
     c0e:	000d0efb          	.insn	4, 0x000d0efb
     c12:	0101                	addi	sp,sp,0
     c14:	0101                	addi	sp,sp,0
     c16:	0000                	unimp
     c18:	0100                	addi	s0,sp,128
     c1a:	0000                	unimp
     c1c:	0101                	addi	sp,sp,0
     c1e:	1f01                	addi	t5,t5,-32
     c20:	0001f303          	.insn	4, 0x0001f303
     c24:	3200                	fld	fs0,32(a2)
     c26:	0002                	c.slli64	zero
     c28:	3900                	fld	fs0,48(a0)
     c2a:	0002                	c.slli64	zero
     c2c:	0200                	addi	s0,sp,256
     c2e:	1f01                	addi	t5,t5,-32
     c30:	0f02                	c.slli64	t5
     c32:	00036303          	lwu	t1,0(t1)
     c36:	0100                	addi	s0,sp,128
     c38:	00000363          	beqz	zero,c3e <__stack_align+0xc2e>
     c3c:	8601                	c.srai64	a2
     c3e:	0002                	c.slli64	zero
     c40:	0200                	addi	s0,sp,256
     c42:	0105                	addi	sp,sp,1
     c44:	0900                	addi	s0,sp,144
     c46:	3602                	fld	fa2,32(sp)
     c48:	003e                	c.slli	zero,0xf
     c4a:	0080                	addi	s0,sp,64
     c4c:	0000                	unimp
     c4e:	1600                	addi	s0,sp,800
     c50:	0505                	addi	a0,a0,1
     c52:	00090103          	lb	sp,0(s2)
     c56:	0100                	addi	s0,sp,128
     c58:	0105                	addi	sp,sp,1
     c5a:	0306                	slli	t1,t1,0x1
     c5c:	097f 0000 0501 0305 	.insn	10, 0x0901030505010000097f
     c64:	0901 
     c66:	0004                	.insn	2, 0x0004
     c68:	0501                	addi	a0,a0,0
     c6a:	0301                	addi	t1,t1,0
     c6c:	0902                	c.slli64	s2
     c6e:	0004                	.insn	2, 0x0004
     c70:	0501                	addi	a0,a0,0
     c72:	0402000b          	.insn	4, 0x0402000b
     c76:	0301                	addi	t1,t1,0
     c78:	097e                	slli	s2,s2,0x1f
     c7a:	0002                	c.slli64	zero
     c7c:	0501                	addi	a0,a0,0
     c7e:	0605                	addi	a2,a2,1
     c80:	04090103          	lb	sp,64(s2)
     c84:	0100                	addi	s0,sp,128
     c86:	0105                	addi	sp,sp,1
     c88:	0306                	slli	t1,t1,0x1
     c8a:	0901                	addi	s2,s2,0
     c8c:	0000                	unimp
     c8e:	0901                	addi	s2,s2,0
     c90:	0006                	c.slli	zero,0x1
     c92:	0100                	addi	s0,sp,128
     c94:	9c01                	subw	s0,s0,s0
     c96:	0000                	unimp
     c98:	0500                	addi	s0,sp,640
     c9a:	0800                	addi	s0,sp,16
     c9c:	4100                	lw	s0,0(a0)
     c9e:	0000                	unimp
     ca0:	0100                	addi	s0,sp,128
     ca2:	0101                	addi	sp,sp,0
     ca4:	000d0efb          	.insn	4, 0x000d0efb
     ca8:	0101                	addi	sp,sp,0
     caa:	0101                	addi	sp,sp,0
     cac:	0000                	unimp
     cae:	0100                	addi	s0,sp,128
     cb0:	0000                	unimp
     cb2:	0101                	addi	sp,sp,0
     cb4:	1f01                	addi	t5,t5,-32
     cb6:	0001f303          	.insn	4, 0x0001f303
     cba:	3200                	fld	fs0,32(a2)
     cbc:	0002                	c.slli64	zero
     cbe:	3900                	fld	fs0,48(a0)
     cc0:	0002                	c.slli64	zero
     cc2:	0200                	addi	s0,sp,256
     cc4:	1f01                	addi	t5,t5,-32
     cc6:	0f02                	c.slli64	t5
     cc8:	7105                	addi	sp,sp,-480
     cca:	01000003          	lb	zero,16(zero) # 10 <__stack_align>
     cce:	0371                	addi	t1,t1,28
     cd0:	0000                	unimp
     cd2:	0001                	nop
     cd4:	02000003          	lb	zero,32(zero) # 20 <__stack_align+0x10>
     cd8:	0301                	addi	t1,t1,0
     cda:	0000                	unimp
     cdc:	8602                	jr	a2
     cde:	0002                	c.slli64	zero
     ce0:	0200                	addi	s0,sp,256
     ce2:	0105                	addi	sp,sp,1
     ce4:	0900                	addi	s0,sp,144
     ce6:	4a02                	lw	s4,0(sp)
     ce8:	003e                	c.slli	zero,0xf
     cea:	0080                	addi	s0,sp,64
     cec:	0000                	unimp
     cee:	1700                	addi	s0,sp,928
     cf0:	0505                	addi	a0,a0,1
     cf2:	00090103          	lb	sp,0(s2)
     cf6:	0100                	addi	s0,sp,128
     cf8:	0105                	addi	sp,sp,1
     cfa:	0306                	slli	t1,t1,0x1
     cfc:	097f 0000 0501 0305 	.insn	10, 0x0901030505010000097f
     d04:	0901 
     d06:	0004                	.insn	2, 0x0004
     d08:	0501                	addi	a0,a0,0
     d0a:	0301                	addi	t1,t1,0
     d0c:	0902                	c.slli64	s2
     d0e:	0004                	.insn	2, 0x0004
     d10:	0501                	addi	a0,a0,0
     d12:	0402000b          	.insn	4, 0x0402000b
     d16:	0301                	addi	t1,t1,0
     d18:	097e                	slli	s2,s2,0x1f
     d1a:	0002                	c.slli64	zero
     d1c:	0501                	addi	a0,a0,0
     d1e:	0605                	addi	a2,a2,1
     d20:	04090103          	lb	sp,64(s2)
     d24:	0100                	addi	s0,sp,128
     d26:	0105                	addi	sp,sp,1
     d28:	0306                	slli	t1,t1,0x1
     d2a:	0901                	addi	s2,s2,0
     d2c:	0000                	unimp
     d2e:	0901                	addi	s2,s2,0
     d30:	0006                	c.slli	zero,0x1
     d32:	0100                	addi	s0,sp,128
     d34:	a501                	j	1334 <__stack_align+0x1324>
     d36:	0000                	unimp
     d38:	0500                	addi	s0,sp,640
     d3a:	0800                	addi	s0,sp,16
     d3c:	4a00                	lw	s0,16(a2)
     d3e:	0000                	unimp
     d40:	0100                	addi	s0,sp,128
     d42:	0101                	addi	sp,sp,0
     d44:	000d0efb          	.insn	4, 0x000d0efb
     d48:	0101                	addi	sp,sp,0
     d4a:	0101                	addi	sp,sp,0
     d4c:	0000                	unimp
     d4e:	0100                	addi	s0,sp,128
     d50:	0000                	unimp
     d52:	0101                	addi	sp,sp,0
     d54:	1f01                	addi	t5,t5,-32
     d56:	f304                	sd	s1,32(a4)
     d58:	0001                	nop
     d5a:	3200                	fld	fs0,32(a2)
     d5c:	0002                	c.slli64	zero
     d5e:	8700                	.insn	2, 0x8700
     d60:	39000003          	lb	zero,912(zero) # 390 <__stack_align+0x380>
     d64:	0002                	c.slli64	zero
     d66:	0200                	addi	s0,sp,256
     d68:	1f01                	addi	t5,t5,-32
     d6a:	0f02                	c.slli64	t5
     d6c:	8006                	c.mv	zero,ra
     d6e:	01000003          	lb	zero,16(zero) # 10 <__stack_align>
     d72:	0380                	addi	s0,sp,448
     d74:	0000                	unimp
     d76:	df01                	beqz	a4,c8e <__stack_align+0xc7e>
     d78:	02000003          	lb	zero,32(zero) # 20 <__stack_align+0x10>
     d7c:	0300                	addi	s0,sp,384
     d7e:	0000                	unimp
     d80:	00030103          	lb	sp,0(t1)
     d84:	0300                	addi	s0,sp,384
     d86:	0286                	slli	t0,t0,0x1
     d88:	0000                	unimp
     d8a:	00010503          	lb	a0,0(sp)
     d8e:	0209                	addi	tp,tp,2 # 2 <__boot_hart+0x2>
     d90:	3e5e                	fld	ft8,496(sp)
     d92:	8000                	.insn	2, 0x8000
     d94:	0000                	unimp
     d96:	0000                	unimp
     d98:	03050517          	auipc	a0,0x3050
     d9c:	0901                	addi	s2,s2,0
     d9e:	0000                	unimp
     da0:	0501                	addi	a0,a0,0 # 3050d98 <__heap_size+0x3030d98>
     da2:	0601                	addi	a2,a2,0
     da4:	00097f03          	.insn	4, 0x00097f03
     da8:	0100                	addi	s0,sp,128
     daa:	0505                	addi	a0,a0,1
     dac:	04090103          	lb	sp,64(s2)
     db0:	0100                	addi	s0,sp,128
     db2:	0105                	addi	sp,sp,1
     db4:	04090203          	lb	tp,64(s2)
     db8:	0100                	addi	s0,sp,128
     dba:	0b05                	addi	s6,s6,1
     dbc:	0200                	addi	s0,sp,256
     dbe:	0104                	addi	s1,sp,128
     dc0:	02097e03          	.insn	4, 0x02097e03
     dc4:	0100                	addi	s0,sp,128
     dc6:	0505                	addi	a0,a0,1
     dc8:	0306                	slli	t1,t1,0x1
     dca:	0901                	addi	s2,s2,0
     dcc:	0006                	c.slli	zero,0x1
     dce:	0501                	addi	a0,a0,0
     dd0:	0601                	addi	a2,a2,0
     dd2:	00090103          	lb	sp,0(s2)
     dd6:	0100                	addi	s0,sp,128
     dd8:	0609                	addi	a2,a2,2
     dda:	0000                	unimp
     ddc:	0101                	addi	sp,sp,0
     dde:	0121                	addi	sp,sp,8
     de0:	0000                	unimp
     de2:	0005                	c.nop	1
     de4:	0008                	.insn	2, 0x0008
     de6:	0040                	addi	s0,sp,4
     de8:	0000                	unimp
     dea:	0101                	addi	sp,sp,0
     dec:	fb01                	bnez	a4,cfc <__stack_align+0xcec>
     dee:	0d0e                	slli	s10,s10,0x3
     df0:	0100                	addi	s0,sp,128
     df2:	0101                	addi	sp,sp,0
     df4:	0001                	nop
     df6:	0000                	unimp
     df8:	0001                	nop
     dfa:	0100                	addi	s0,sp,128
     dfc:	0101                	addi	sp,sp,0
     dfe:	041f 01f3 0000      	.insn	6, 0x01f3041f
     e04:	0232                	slli	tp,tp,0xc
     e06:	0000                	unimp
     e08:	00000387          	.insn	4, 0x0387
     e0c:	0239                	addi	tp,tp,14 # e <__boot_hart+0xe>
     e0e:	0000                	unimp
     e10:	0102                	c.slli64	sp
     e12:	021f 040f 03ef      	.insn	6, 0x03ef040f021f
     e18:	0000                	unimp
     e1a:	ef01                	bnez	a4,e32 <__stack_align+0xe22>
     e1c:	01000003          	lb	zero,16(zero) # 10 <__stack_align>
     e20:	03df 0000 8602      	.insn	6, 0x8602000003df
     e26:	0002                	c.slli64	zero
     e28:	0300                	addi	s0,sp,384
     e2a:	0105                	addi	sp,sp,1
     e2c:	0900                	addi	s0,sp,144
     e2e:	7402                	ld	s0,32(sp)
     e30:	003e                	c.slli	zero,0xf
     e32:	0080                	addi	s0,sp,64
     e34:	0000                	unimp
     e36:	0300                	addi	s0,sp,384
     e38:	0109                	addi	sp,sp,2
     e3a:	0505                	addi	a0,a0,1
     e3c:	00090103          	lb	sp,0(s2)
     e40:	0100                	addi	s0,sp,128
     e42:	00090103          	lb	sp,0(s2)
     e46:	0100                	addi	s0,sp,128
     e48:	00090103          	lb	sp,0(s2)
     e4c:	0100                	addi	s0,sp,128
     e4e:	00090203          	lb	tp,0(s2)
     e52:	0100                	addi	s0,sp,128
     e54:	0c05                	addi	s8,s8,1
     e56:	0306                	slli	t1,t1,0x1
     e58:	0900                	addi	s0,sp,144
     e5a:	0000                	unimp
     e5c:	0501                	addi	a0,a0,0
     e5e:	0605                	addi	a2,a2,1
     e60:	0a090103          	lb	sp,160(s2)
     e64:	0100                	addi	s0,sp,128
     e66:	0805                	addi	a6,a6,1
     e68:	0200                	addi	s0,sp,256
     e6a:	0104                	addi	s1,sp,128
     e6c:	0306                	slli	t1,t1,0x1
     e6e:	0901                	addi	s2,s2,0
     e70:	0000                	unimp
     e72:	0501                	addi	a0,a0,0
     e74:	030c                	addi	a1,sp,384
     e76:	097f 0004 0501 0605 	.insn	10, 0x0103060505010004097f
     e7e:	0103 
     e80:	0209                	addi	tp,tp,2 # 2 <__boot_hart+0x2>
     e82:	0100                	addi	s0,sp,128
     e84:	0805                	addi	a6,a6,1
     e86:	0200                	addi	s0,sp,256
     e88:	0104                	addi	s1,sp,128
     e8a:	0306                	slli	t1,t1,0x1
     e8c:	0900                	addi	s0,sp,144
     e8e:	0000                	unimp
     e90:	0501                	addi	a0,a0,0
     e92:	0605                	addi	a2,a2,1
     e94:	10090503          	lb	a0,256(s2)
     e98:	0100                	addi	s0,sp,128
     e9a:	0c05                	addi	s8,s8,1
     e9c:	0306                	slli	t1,t1,0x1
     e9e:	0900                	addi	s0,sp,144
     ea0:	0000                	unimp
     ea2:	0501                	addi	a0,a0,0
     ea4:	0605                	addi	a2,a2,1
     ea6:	02090103          	lb	sp,32(s2)
     eaa:	0100                	addi	s0,sp,128
     eac:	0105                	addi	sp,sp,1
     eae:	0306                	slli	t1,t1,0x1
     eb0:	0901                	addi	s2,s2,0
     eb2:	0000                	unimp
     eb4:	0501                	addi	a0,a0,0
     eb6:	0609                	addi	a2,a2,2
     eb8:	04097a03          	.insn	4, 0x04097a03
     ebc:	0100                	addi	s0,sp,128
     ebe:	0105                	addi	sp,sp,1
     ec0:	0306                	slli	t1,t1,0x1
     ec2:	0978                	addi	a4,sp,156
     ec4:	0000                	unimp
     ec6:	0501                	addi	a0,a0,0
     ec8:	0309                	addi	t1,t1,2
     eca:	0908                	addi	a0,sp,144
     ecc:	0004                	.insn	2, 0x0004
     ece:	0501                	addi	a0,a0,0
     ed0:	0301                	addi	t1,t1,0
     ed2:	0906                	slli	s2,s2,0x1
     ed4:	0004                	.insn	2, 0x0004
     ed6:	0501                	addi	a0,a0,0
     ed8:	0402000f          	.insn	4, 0x0402000f
     edc:	0301                	addi	t1,t1,0
     ede:	097a                	slli	s2,s2,0x1e
     ee0:	0002                	c.slli64	zero
     ee2:	0501                	addi	a0,a0,0
     ee4:	0609                	addi	a2,a2,2
     ee6:	04090103          	lb	sp,64(s2)
     eea:	0100                	addi	s0,sp,128
     eec:	1005                	c.nop	-31
     eee:	0306                	slli	t1,t1,0x1
     ef0:	0900                	addi	s0,sp,144
     ef2:	0000                	unimp
     ef4:	0501                	addi	a0,a0,0
     ef6:	0301                	addi	t1,t1,0
     ef8:	0905                	addi	s2,s2,1
     efa:	0002                	c.slli64	zero
     efc:	0901                	addi	s2,s2,0
     efe:	0006                	c.slli	zero,0x1
     f00:	0100                	addi	s0,sp,128
     f02:	8901                	andi	a0,a0,0
     f04:	0000                	unimp
     f06:	0500                	addi	s0,sp,640
     f08:	0800                	addi	s0,sp,16
     f0a:	5c00                	lw	s0,56(s0)
     f0c:	0000                	unimp
     f0e:	0100                	addi	s0,sp,128
     f10:	0101                	addi	sp,sp,0
     f12:	000d0efb          	.insn	4, 0x000d0efb
     f16:	0101                	addi	sp,sp,0
     f18:	0101                	addi	sp,sp,0
     f1a:	0000                	unimp
     f1c:	0100                	addi	s0,sp,128
     f1e:	0000                	unimp
     f20:	0101                	addi	sp,sp,0
     f22:	1f01                	addi	t5,t5,-32
     f24:	f306                	sd	ra,416(sp)
     f26:	0001                	nop
     f28:	3200                	fld	fs0,32(a2)
     f2a:	0002                	c.slli64	zero
     f2c:	8700                	.insn	2, 0x8700
     f2e:	9c000003          	lb	zero,-1600(zero) # fffffffffffff9c0 <__heap_end+0xffffffff7ffda9c0>
     f32:	0002                	c.slli64	zero
     f34:	3900                	fld	fs0,48(a0)
     f36:	0002                	c.slli64	zero
     f38:	ed00                	sd	s0,24(a0)
     f3a:	0002                	c.slli64	zero
     f3c:	0200                	addi	s0,sp,256
     f3e:	1f01                	addi	t5,t5,-32
     f40:	0f02                	c.slli64	t5
     f42:	fd08                	sd	a0,56(a0)
     f44:	01000003          	lb	zero,16(zero) # 10 <__stack_align>
     f48:	03fd                	addi	t2,t2,31
     f4a:	0000                	unimp
     f4c:	df01                	beqz	a4,e64 <__stack_align+0xe54>
     f4e:	02000003          	lb	zero,32(zero) # 20 <__stack_align+0x10>
     f52:	02f8                	addi	a4,sp,332
     f54:	0000                	unimp
     f56:	00030003          	lb	zero,0(t1)
     f5a:	0400                	addi	s0,sp,512
     f5c:	0309                	addi	t1,t1,2
     f5e:	0000                	unimp
     f60:	0104                	addi	s1,sp,128
     f62:	04000003          	lb	zero,64(zero) # 40 <__stack_align+0x30>
     f66:	00000313          	li	t1,0
     f6a:	0505                	addi	a0,a0,1
     f6c:	0001                	nop
     f6e:	0209                	addi	tp,tp,2 # 2 <__boot_hart+0x2>
     f70:	3eb0                	fld	fa2,120(a3)
     f72:	8000                	.insn	2, 0x8000
     f74:	0000                	unimp
     f76:	0000                	unimp
     f78:	0518                	addi	a4,sp,640
     f7a:	0305                	addi	t1,t1,1
     f7c:	0901                	addi	s2,s2,0
     f7e:	0000                	unimp
     f80:	0501                	addi	a0,a0,0
     f82:	060c                	addi	a1,sp,768
     f84:	00090003          	lb	zero,0(s2)
     f88:	0100                	addi	s0,sp,128
     f8a:	0609                	addi	a2,a2,2
     f8c:	0000                	unimp
     f8e:	0101                	addi	sp,sp,0
     f90:	042e                	slli	s0,s0,0xb
     f92:	0000                	unimp
     f94:	0005                	c.nop	1
     f96:	0008                	.insn	2, 0x0008
     f98:	002e                	c.slli	zero,0xb
     f9a:	0000                	unimp
     f9c:	0101                	addi	sp,sp,0
     f9e:	fb01                	bnez	a4,eae <__stack_align+0xe9e>
     fa0:	0d0e                	slli	s10,s10,0x3
     fa2:	0100                	addi	s0,sp,128
     fa4:	0101                	addi	sp,sp,0
     fa6:	0001                	nop
     fa8:	0000                	unimp
     faa:	0001                	nop
     fac:	0100                	addi	s0,sp,128
     fae:	0101                	addi	sp,sp,0
     fb0:	021f 01f3 0000      	.insn	6, 0x01f3021f
     fb6:	0405                	addi	s0,s0,1
     fb8:	0000                	unimp
     fba:	0102                	c.slli64	sp
     fbc:	021f 020f 040d      	.insn	6, 0x040d020f021f
     fc2:	0000                	unimp
     fc4:	0d01                	addi	s10,s10,0
     fc6:	0004                	.insn	2, 0x0004
     fc8:	0100                	addi	s0,sp,128
     fca:	0900                	addi	s0,sp,144
     fcc:	0002                	c.slli64	zero
     fce:	0000                	unimp
     fd0:	0080                	addi	s0,sp,64
     fd2:	0000                	unimp
     fd4:	0300                	addi	s0,sp,384
     fd6:	0109                	addi	sp,sp,2
     fd8:	02090103          	lb	sp,32(s2)
     fdc:	0100                	addi	s0,sp,128
     fde:	02090103          	lb	sp,32(s2)
     fe2:	0100                	addi	s0,sp,128
     fe4:	02090103          	lb	sp,32(s2)
     fe8:	0100                	addi	s0,sp,128
     fea:	02090103          	lb	sp,32(s2)
     fee:	0100                	addi	s0,sp,128
     ff0:	02090103          	lb	sp,32(s2)
     ff4:	0100                	addi	s0,sp,128
     ff6:	02090103          	lb	sp,32(s2)
     ffa:	0100                	addi	s0,sp,128
     ffc:	02090103          	lb	sp,32(s2)
    1000:	0100                	addi	s0,sp,128
    1002:	02090103          	lb	sp,32(s2)
    1006:	0100                	addi	s0,sp,128
    1008:	02090103          	lb	sp,32(s2)
    100c:	0100                	addi	s0,sp,128
    100e:	02090103          	lb	sp,32(s2)
    1012:	0100                	addi	s0,sp,128
    1014:	02090103          	lb	sp,32(s2)
    1018:	0100                	addi	s0,sp,128
    101a:	02090103          	lb	sp,32(s2)
    101e:	0100                	addi	s0,sp,128
    1020:	02090103          	lb	sp,32(s2)
    1024:	0100                	addi	s0,sp,128
    1026:	02090103          	lb	sp,32(s2)
    102a:	0100                	addi	s0,sp,128
    102c:	02090103          	lb	sp,32(s2)
    1030:	0100                	addi	s0,sp,128
    1032:	02090103          	lb	sp,32(s2)
    1036:	0100                	addi	s0,sp,128
    1038:	02090103          	lb	sp,32(s2)
    103c:	0100                	addi	s0,sp,128
    103e:	02090103          	lb	sp,32(s2)
    1042:	0100                	addi	s0,sp,128
    1044:	02090103          	lb	sp,32(s2)
    1048:	0100                	addi	s0,sp,128
    104a:	02090103          	lb	sp,32(s2)
    104e:	0100                	addi	s0,sp,128
    1050:	02090103          	lb	sp,32(s2)
    1054:	0100                	addi	s0,sp,128
    1056:	02090103          	lb	sp,32(s2)
    105a:	0100                	addi	s0,sp,128
    105c:	02090103          	lb	sp,32(s2)
    1060:	0100                	addi	s0,sp,128
    1062:	02090103          	lb	sp,32(s2)
    1066:	0100                	addi	s0,sp,128
    1068:	02090103          	lb	sp,32(s2)
    106c:	0100                	addi	s0,sp,128
    106e:	02090103          	lb	sp,32(s2)
    1072:	0100                	addi	s0,sp,128
    1074:	02090103          	lb	sp,32(s2)
    1078:	0100                	addi	s0,sp,128
    107a:	02090103          	lb	sp,32(s2)
    107e:	0100                	addi	s0,sp,128
    1080:	02090103          	lb	sp,32(s2)
    1084:	0100                	addi	s0,sp,128
    1086:	02090103          	lb	sp,32(s2)
    108a:	0100                	addi	s0,sp,128
    108c:	02090203          	lb	tp,32(s2)
    1090:	0100                	addi	s0,sp,128
    1092:	06090103          	lb	sp,96(s2)
    1096:	0100                	addi	s0,sp,128
    1098:	04090403          	lb	s0,64(s2)
    109c:	0100                	addi	s0,sp,128
    109e:	08090103          	lb	sp,128(s2)
    10a2:	0100                	addi	s0,sp,128
    10a4:	04090203          	lb	tp,64(s2)
    10a8:	0100                	addi	s0,sp,128
    10aa:	04090103          	lb	sp,64(s2)
    10ae:	0100                	addi	s0,sp,128
    10b0:	04090103          	lb	sp,64(s2)
    10b4:	0100                	addi	s0,sp,128
    10b6:	04090103          	lb	sp,64(s2)
    10ba:	0100                	addi	s0,sp,128
    10bc:	04090103          	lb	sp,64(s2)
    10c0:	0100                	addi	s0,sp,128
    10c2:	04090103          	lb	sp,64(s2)
    10c6:	0100                	addi	s0,sp,128
    10c8:	04090103          	lb	sp,64(s2)
    10cc:	0100                	addi	s0,sp,128
    10ce:	04090103          	lb	sp,64(s2)
    10d2:	0100                	addi	s0,sp,128
    10d4:	04090103          	lb	sp,64(s2)
    10d8:	0100                	addi	s0,sp,128
    10da:	04090103          	lb	sp,64(s2)
    10de:	0100                	addi	s0,sp,128
    10e0:	04090103          	lb	sp,64(s2)
    10e4:	0100                	addi	s0,sp,128
    10e6:	04090103          	lb	sp,64(s2)
    10ea:	0100                	addi	s0,sp,128
    10ec:	04090103          	lb	sp,64(s2)
    10f0:	0100                	addi	s0,sp,128
    10f2:	04090103          	lb	sp,64(s2)
    10f6:	0100                	addi	s0,sp,128
    10f8:	04090103          	lb	sp,64(s2)
    10fc:	0100                	addi	s0,sp,128
    10fe:	04090103          	lb	sp,64(s2)
    1102:	0100                	addi	s0,sp,128
    1104:	04090103          	lb	sp,64(s2)
    1108:	0100                	addi	s0,sp,128
    110a:	04090103          	lb	sp,64(s2)
    110e:	0100                	addi	s0,sp,128
    1110:	04090103          	lb	sp,64(s2)
    1114:	0100                	addi	s0,sp,128
    1116:	04090103          	lb	sp,64(s2)
    111a:	0100                	addi	s0,sp,128
    111c:	04090103          	lb	sp,64(s2)
    1120:	0100                	addi	s0,sp,128
    1122:	04090103          	lb	sp,64(s2)
    1126:	0100                	addi	s0,sp,128
    1128:	04090103          	lb	sp,64(s2)
    112c:	0100                	addi	s0,sp,128
    112e:	04090103          	lb	sp,64(s2)
    1132:	0100                	addi	s0,sp,128
    1134:	04090103          	lb	sp,64(s2)
    1138:	0100                	addi	s0,sp,128
    113a:	04090103          	lb	sp,64(s2)
    113e:	0100                	addi	s0,sp,128
    1140:	04090103          	lb	sp,64(s2)
    1144:	0100                	addi	s0,sp,128
    1146:	04090103          	lb	sp,64(s2)
    114a:	0100                	addi	s0,sp,128
    114c:	04090103          	lb	sp,64(s2)
    1150:	0100                	addi	s0,sp,128
    1152:	04090103          	lb	sp,64(s2)
    1156:	0100                	addi	s0,sp,128
    1158:	04090103          	lb	sp,64(s2)
    115c:	0100                	addi	s0,sp,128
    115e:	04090103          	lb	sp,64(s2)
    1162:	0100                	addi	s0,sp,128
    1164:	04090103          	lb	sp,64(s2)
    1168:	0100                	addi	s0,sp,128
    116a:	04090803          	lb	a6,64(s2)
    116e:	0100                	addi	s0,sp,128
    1170:	08090403          	lb	s0,128(s2)
    1174:	0100                	addi	s0,sp,128
    1176:	04090103          	lb	sp,64(s2)
    117a:	0100                	addi	s0,sp,128
    117c:	00090103          	lb	sp,0(s2)
    1180:	0100                	addi	s0,sp,128
    1182:	04090103          	lb	sp,64(s2)
    1186:	0100                	addi	s0,sp,128
    1188:	08090103          	lb	sp,128(s2)
    118c:	0100                	addi	s0,sp,128
    118e:	04090103          	lb	sp,64(s2)
    1192:	0100                	addi	s0,sp,128
    1194:	02090303          	lb	t1,32(s2)
    1198:	0100                	addi	s0,sp,128
    119a:	02090103          	lb	sp,32(s2)
    119e:	0100                	addi	s0,sp,128
    11a0:	04090103          	lb	sp,64(s2)
    11a4:	0100                	addi	s0,sp,128
    11a6:	04090303          	lb	t1,64(s2)
    11aa:	0100                	addi	s0,sp,128
    11ac:	08090103          	lb	sp,128(s2)
    11b0:	0100                	addi	s0,sp,128
    11b2:	04090303          	lb	t1,64(s2)
    11b6:	0100                	addi	s0,sp,128
    11b8:	04090303          	lb	t1,64(s2)
    11bc:	0100                	addi	s0,sp,128
    11be:	04090103          	lb	sp,64(s2)
    11c2:	0100                	addi	s0,sp,128
    11c4:	08090303          	lb	t1,128(s2)
    11c8:	0100                	addi	s0,sp,128
    11ca:	04090103          	lb	sp,64(s2)
    11ce:	0100                	addi	s0,sp,128
    11d0:	04090103          	lb	sp,64(s2)
    11d4:	0100                	addi	s0,sp,128
    11d6:	04090203          	lb	tp,64(s2)
    11da:	0100                	addi	s0,sp,128
    11dc:	04090103          	lb	sp,64(s2)
    11e0:	0100                	addi	s0,sp,128
    11e2:	02090103          	lb	sp,32(s2)
    11e6:	0100                	addi	s0,sp,128
    11e8:	04090403          	lb	s0,64(s2)
    11ec:	0100                	addi	s0,sp,128
    11ee:	08090103          	lb	sp,128(s2)
    11f2:	0100                	addi	s0,sp,128
    11f4:	04090103          	lb	sp,64(s2)
    11f8:	0100                	addi	s0,sp,128
    11fa:	04090303          	lb	t1,64(s2)
    11fe:	0100                	addi	s0,sp,128
    1200:	02090703          	lb	a4,32(s2)
    1204:	0100                	addi	s0,sp,128
    1206:	04090103          	lb	sp,64(s2)
    120a:	0100                	addi	s0,sp,128
    120c:	02090303          	lb	t1,32(s2)
    1210:	0100                	addi	s0,sp,128
    1212:	02090103          	lb	sp,32(s2)
    1216:	0100                	addi	s0,sp,128
    1218:	04090103          	lb	sp,64(s2)
    121c:	0100                	addi	s0,sp,128
    121e:	02090103          	lb	sp,32(s2)
    1222:	0100                	addi	s0,sp,128
    1224:	02090103          	lb	sp,32(s2)
    1228:	0100                	addi	s0,sp,128
    122a:	02090103          	lb	sp,32(s2)
    122e:	0100                	addi	s0,sp,128
    1230:	02090103          	lb	sp,32(s2)
    1234:	0100                	addi	s0,sp,128
    1236:	02090103          	lb	sp,32(s2)
    123a:	0100                	addi	s0,sp,128
    123c:	02090103          	lb	sp,32(s2)
    1240:	0100                	addi	s0,sp,128
    1242:	02090103          	lb	sp,32(s2)
    1246:	0100                	addi	s0,sp,128
    1248:	02090103          	lb	sp,32(s2)
    124c:	0100                	addi	s0,sp,128
    124e:	02090103          	lb	sp,32(s2)
    1252:	0100                	addi	s0,sp,128
    1254:	02090103          	lb	sp,32(s2)
    1258:	0100                	addi	s0,sp,128
    125a:	02090103          	lb	sp,32(s2)
    125e:	0100                	addi	s0,sp,128
    1260:	02090103          	lb	sp,32(s2)
    1264:	0100                	addi	s0,sp,128
    1266:	02090103          	lb	sp,32(s2)
    126a:	0100                	addi	s0,sp,128
    126c:	02090103          	lb	sp,32(s2)
    1270:	0100                	addi	s0,sp,128
    1272:	02090103          	lb	sp,32(s2)
    1276:	0100                	addi	s0,sp,128
    1278:	02090103          	lb	sp,32(s2)
    127c:	0100                	addi	s0,sp,128
    127e:	02090103          	lb	sp,32(s2)
    1282:	0100                	addi	s0,sp,128
    1284:	02090103          	lb	sp,32(s2)
    1288:	0100                	addi	s0,sp,128
    128a:	02090103          	lb	sp,32(s2)
    128e:	0100                	addi	s0,sp,128
    1290:	02090103          	lb	sp,32(s2)
    1294:	0100                	addi	s0,sp,128
    1296:	02090103          	lb	sp,32(s2)
    129a:	0100                	addi	s0,sp,128
    129c:	02090103          	lb	sp,32(s2)
    12a0:	0100                	addi	s0,sp,128
    12a2:	02090103          	lb	sp,32(s2)
    12a6:	0100                	addi	s0,sp,128
    12a8:	02090103          	lb	sp,32(s2)
    12ac:	0100                	addi	s0,sp,128
    12ae:	02090103          	lb	sp,32(s2)
    12b2:	0100                	addi	s0,sp,128
    12b4:	02090103          	lb	sp,32(s2)
    12b8:	0100                	addi	s0,sp,128
    12ba:	02090103          	lb	sp,32(s2)
    12be:	0100                	addi	s0,sp,128
    12c0:	02090103          	lb	sp,32(s2)
    12c4:	0100                	addi	s0,sp,128
    12c6:	02090103          	lb	sp,32(s2)
    12ca:	0100                	addi	s0,sp,128
    12cc:	02090303          	lb	t1,32(s2)
    12d0:	0100                	addi	s0,sp,128
    12d2:	04090103          	lb	sp,64(s2)
    12d6:	0100                	addi	s0,sp,128
    12d8:	04090103          	lb	sp,64(s2)
    12dc:	0100                	addi	s0,sp,128
    12de:	04090103          	lb	sp,64(s2)
    12e2:	0100                	addi	s0,sp,128
    12e4:	02090103          	lb	sp,32(s2)
    12e8:	0100                	addi	s0,sp,128
    12ea:	04090103          	lb	sp,64(s2)
    12ee:	0100                	addi	s0,sp,128
    12f0:	04090303          	lb	t1,64(s2)
    12f4:	0100                	addi	s0,sp,128
    12f6:	06090103          	lb	sp,96(s2)
    12fa:	0100                	addi	s0,sp,128
    12fc:	04090203          	lb	tp,64(s2)
    1300:	0100                	addi	s0,sp,128
    1302:	02090103          	lb	sp,32(s2)
    1306:	0100                	addi	s0,sp,128
    1308:	02090103          	lb	sp,32(s2)
    130c:	0100                	addi	s0,sp,128
    130e:	02090103          	lb	sp,32(s2)
    1312:	0100                	addi	s0,sp,128
    1314:	02090103          	lb	sp,32(s2)
    1318:	0100                	addi	s0,sp,128
    131a:	02090103          	lb	sp,32(s2)
    131e:	0100                	addi	s0,sp,128
    1320:	02090103          	lb	sp,32(s2)
    1324:	0100                	addi	s0,sp,128
    1326:	02090103          	lb	sp,32(s2)
    132a:	0100                	addi	s0,sp,128
    132c:	02090103          	lb	sp,32(s2)
    1330:	0100                	addi	s0,sp,128
    1332:	02090103          	lb	sp,32(s2)
    1336:	0100                	addi	s0,sp,128
    1338:	02090103          	lb	sp,32(s2)
    133c:	0100                	addi	s0,sp,128
    133e:	02090103          	lb	sp,32(s2)
    1342:	0100                	addi	s0,sp,128
    1344:	02090103          	lb	sp,32(s2)
    1348:	0100                	addi	s0,sp,128
    134a:	02090103          	lb	sp,32(s2)
    134e:	0100                	addi	s0,sp,128
    1350:	02090103          	lb	sp,32(s2)
    1354:	0100                	addi	s0,sp,128
    1356:	02090103          	lb	sp,32(s2)
    135a:	0100                	addi	s0,sp,128
    135c:	02090103          	lb	sp,32(s2)
    1360:	0100                	addi	s0,sp,128
    1362:	02090103          	lb	sp,32(s2)
    1366:	0100                	addi	s0,sp,128
    1368:	02090103          	lb	sp,32(s2)
    136c:	0100                	addi	s0,sp,128
    136e:	02090103          	lb	sp,32(s2)
    1372:	0100                	addi	s0,sp,128
    1374:	02090103          	lb	sp,32(s2)
    1378:	0100                	addi	s0,sp,128
    137a:	02090103          	lb	sp,32(s2)
    137e:	0100                	addi	s0,sp,128
    1380:	02090103          	lb	sp,32(s2)
    1384:	0100                	addi	s0,sp,128
    1386:	02090103          	lb	sp,32(s2)
    138a:	0100                	addi	s0,sp,128
    138c:	02090103          	lb	sp,32(s2)
    1390:	0100                	addi	s0,sp,128
    1392:	02090103          	lb	sp,32(s2)
    1396:	0100                	addi	s0,sp,128
    1398:	02090103          	lb	sp,32(s2)
    139c:	0100                	addi	s0,sp,128
    139e:	02090103          	lb	sp,32(s2)
    13a2:	0100                	addi	s0,sp,128
    13a4:	02090103          	lb	sp,32(s2)
    13a8:	0100                	addi	s0,sp,128
    13aa:	02090103          	lb	sp,32(s2)
    13ae:	0100                	addi	s0,sp,128
    13b0:	02090203          	lb	tp,32(s2)
    13b4:	0100                	addi	s0,sp,128
    13b6:	02090203          	lb	tp,32(s2)
    13ba:	0100                	addi	s0,sp,128
    13bc:	0409                	addi	s0,s0,2
    13be:	0000                	unimp
    13c0:	0101                	addi	sp,sp,0
    13c2:	005c                	addi	a5,sp,4
    13c4:	0000                	unimp
    13c6:	0005                	c.nop	1
    13c8:	0008                	.insn	2, 0x0008
    13ca:	002e                	c.slli	zero,0xb
    13cc:	0000                	unimp
    13ce:	0101                	addi	sp,sp,0
    13d0:	fb01                	bnez	a4,12e0 <__stack_align+0x12d0>
    13d2:	0d0e                	slli	s10,s10,0x3
    13d4:	0100                	addi	s0,sp,128
    13d6:	0101                	addi	sp,sp,0
    13d8:	0001                	nop
    13da:	0000                	unimp
    13dc:	0001                	nop
    13de:	0100                	addi	s0,sp,128
    13e0:	0101                	addi	sp,sp,0
    13e2:	021f 01f3 0000      	.insn	6, 0x01f3021f
    13e8:	0405                	addi	s0,s0,1
    13ea:	0000                	unimp
    13ec:	0102                	c.slli64	sp
    13ee:	021f 020f 0414      	.insn	6, 0x0414020f021f
    13f4:	0000                	unimp
    13f6:	1401                	addi	s0,s0,-32
    13f8:	0004                	.insn	2, 0x0004
    13fa:	0100                	addi	s0,sp,128
    13fc:	0900                	addi	s0,sp,144
    13fe:	ee02                	sd	zero,280(sp)
    1400:	0001                	nop
    1402:	0080                	addi	s0,sp,64
    1404:	0000                	unimp
    1406:	0300                	addi	s0,sp,384
    1408:	0110                	addi	a2,sp,128
    140a:	0a090103          	lb	sp,160(s2)
    140e:	0100                	addi	s0,sp,128
    1410:	16090603          	lb	a2,352(s2)
    1414:	0100                	addi	s0,sp,128
    1416:	0c090103          	lb	sp,192(s2)
    141a:	0100                	addi	s0,sp,128
    141c:	1609                	addi	a2,a2,-30
    141e:	0000                	unimp
    1420:	0101                	addi	sp,sp,0
    1422:	000000b3          	add	ra,zero,zero
    1426:	0005                	c.nop	1
    1428:	0008                	.insn	2, 0x0008
    142a:	0049                	c.nop	18
    142c:	0000                	unimp
    142e:	0101                	addi	sp,sp,0
    1430:	fb01                	bnez	a4,1340 <__stack_align+0x1330>
    1432:	0d0e                	slli	s10,s10,0x3
    1434:	0100                	addi	s0,sp,128
    1436:	0101                	addi	sp,sp,0
    1438:	0001                	nop
    143a:	0000                	unimp
    143c:	0001                	nop
    143e:	0100                	addi	s0,sp,128
    1440:	0101                	addi	sp,sp,0
    1442:	051f 01f3 0000      	.insn	6, 0x01f3051f
    1448:	0405                	addi	s0,s0,1
    144a:	0000                	unimp
    144c:	029c                	addi	a5,sp,320
    144e:	0000                	unimp
    1450:	0239                	addi	tp,tp,14 # e <__boot_hart+0xe>
    1452:	0000                	unimp
    1454:	02ed                	addi	t0,t0,27
    1456:	0000                	unimp
    1458:	0102                	c.slli64	sp
    145a:	021f 050f 0426      	.insn	6, 0x0426050f021f
    1460:	0000                	unimp
    1462:	2601                	sext.w	a2,a2
    1464:	0004                	.insn	2, 0x0004
    1466:	0100                	addi	s0,sp,128
    1468:	02f8                	addi	a4,sp,332
    146a:	0000                	unimp
    146c:	0902                	c.slli64	s2
    146e:	03000003          	lb	zero,48(zero) # 30 <__stack_align+0x20>
    1472:	042e                	slli	s0,s0,0xb
    1474:	0000                	unimp
    1476:	0504                	addi	s1,sp,640
    1478:	0001                	nop
    147a:	0209                	addi	tp,tp,2 # 2 <__boot_hart+0x2>
    147c:	3eb6                	fld	ft9,360(sp)
    147e:	8000                	.insn	2, 0x8000
    1480:	0000                	unimp
    1482:	0000                	unimp
    1484:	0516                	slli	a0,a0,0x5
    1486:	0305                	addi	t1,t1,1
    1488:	0902                	c.slli64	s2
    148a:	0000                	unimp
    148c:	0501                	addi	a0,a0,0
    148e:	0601                	addi	a2,a2,0
    1490:	00097e03          	.insn	4, 0x00097e03
    1494:	0100                	addi	s0,sp,128
    1496:	0905                	addi	s2,s2,1
    1498:	02090203          	lb	tp,32(s2)
    149c:	0100                	addi	s0,sp,128
    149e:	0105                	addi	sp,sp,1
    14a0:	04097e03          	.insn	4, 0x04097e03
    14a4:	0100                	addi	s0,sp,128
    14a6:	0905                	addi	s2,s2,1
    14a8:	02090203          	lb	tp,32(s2)
    14ac:	0100                	addi	s0,sp,128
    14ae:	0505                	addi	a0,a0,1
    14b0:	0306                	slli	t1,t1,0x1
    14b2:	0902                	c.slli64	s2
    14b4:	0002                	c.slli64	zero
    14b6:	0501                	addi	a0,a0,0
    14b8:	062a                	slli	a2,a2,0xa
    14ba:	00090003          	lb	zero,0(s2)
    14be:	0100                	addi	s0,sp,128
    14c0:	0200                	addi	s0,sp,256
    14c2:	0104                	addi	s1,sp,128
    14c4:	04090003          	lb	zero,64(s2)
    14c8:	0100                	addi	s0,sp,128
    14ca:	0505                	addi	a0,a0,1
    14cc:	0306                	slli	t1,t1,0x1
    14ce:	0901                	addi	s2,s2,0
    14d0:	0004                	.insn	2, 0x0004
    14d2:	0901                	addi	s2,s2,0
    14d4:	0004                	.insn	2, 0x0004
    14d6:	0100                	addi	s0,sp,128
    14d8:	db01                	beqz	a4,13e8 <__stack_align+0x13d8>
    14da:	0000                	unimp
    14dc:	0500                	addi	s0,sp,640
    14de:	0800                	addi	s0,sp,16
    14e0:	4000                	lw	s0,0(s0)
    14e2:	0000                	unimp
    14e4:	0100                	addi	s0,sp,128
    14e6:	0101                	addi	sp,sp,0
    14e8:	000d0efb          	.insn	4, 0x000d0efb
    14ec:	0101                	addi	sp,sp,0
    14ee:	0101                	addi	sp,sp,0
    14f0:	0000                	unimp
    14f2:	0100                	addi	s0,sp,128
    14f4:	0000                	unimp
    14f6:	0101                	addi	sp,sp,0
    14f8:	1f01                	addi	t5,t5,-32
    14fa:	f304                	sd	s1,32(a4)
    14fc:	0001                	nop
    14fe:	0500                	addi	s0,sp,640
    1500:	0004                	.insn	2, 0x0004
    1502:	b000                	fsd	fs0,32(s0)
    1504:	0000                	unimp
    1506:	8700                	.insn	2, 0x8700
    1508:	02000003          	lb	zero,32(zero) # 20 <__stack_align+0x10>
    150c:	1f01                	addi	t5,t5,-32
    150e:	0f02                	c.slli64	t5
    1510:	4004                	lw	s1,0(s0)
    1512:	0004                	.insn	2, 0x0004
    1514:	0100                	addi	s0,sp,128
    1516:	0440                	addi	s0,sp,516
    1518:	0000                	unimp
    151a:	4601                	li	a2,0
    151c:	0004                	.insn	2, 0x0004
    151e:	0200                	addi	s0,sp,256
    1520:	03df 0000 0503      	.insn	6, 0x0503000003df
    1526:	0001                	nop
    1528:	0209                	addi	tp,tp,2 # 2 <__boot_hart+0x2>
    152a:	3ecc                	fld	fa1,184(a3)
    152c:	8000                	.insn	2, 0x8000
    152e:	0000                	unimp
    1530:	0000                	unimp
    1532:	0515                	addi	a0,a0,5
    1534:	0305                	addi	t1,t1,1
    1536:	0901                	addi	s2,s2,0
    1538:	0000                	unimp
    153a:	0301                	addi	t1,t1,0
    153c:	0901                	addi	s2,s2,0
    153e:	0000                	unimp
    1540:	0301                	addi	t1,t1,0
    1542:	0901                	addi	s2,s2,0
    1544:	0000                	unimp
    1546:	0301                	addi	t1,t1,0
    1548:	0901                	addi	s2,s2,0
    154a:	0000                	unimp
    154c:	0301                	addi	t1,t1,0
    154e:	0901                	addi	s2,s2,0
    1550:	0000                	unimp
    1552:	0301                	addi	t1,t1,0
    1554:	0902                	c.slli64	s2
    1556:	0000                	unimp
    1558:	0501                	addi	a0,a0,0
    155a:	0601                	addi	a2,a2,0
    155c:	00097903          	.insn	4, 0x00097903
    1560:	0100                	addi	s0,sp,128
    1562:	0505                	addi	a0,a0,1
    1564:	02090703          	lb	a4,32(s2)
    1568:	0100                	addi	s0,sp,128
    156a:	0105                	addi	sp,sp,1
    156c:	0e097903          	.insn	4, 0x0e097903
    1570:	0100                	addi	s0,sp,128
    1572:	0505                	addi	a0,a0,1
    1574:	04090703          	lb	a4,64(s2)
    1578:	0100                	addi	s0,sp,128
    157a:	0306                	slli	t1,t1,0x1
    157c:	0901                	addi	s2,s2,0
    157e:	0006                	c.slli	zero,0x1
    1580:	0501                	addi	a0,a0,0
    1582:	0601                	addi	a2,a2,0
    1584:	06090103          	lb	sp,96(s2)
    1588:	0100                	addi	s0,sp,128
    158a:	0505                	addi	a0,a0,1
    158c:	04097f03          	.insn	4, 0x04097f03
    1590:	0100                	addi	s0,sp,128
    1592:	0105                	addi	sp,sp,1
    1594:	04090103          	lb	sp,64(s2)
    1598:	0100                	addi	s0,sp,128
    159a:	0505                	addi	a0,a0,1
    159c:	00097f03          	.insn	4, 0x00097f03
    15a0:	0100                	addi	s0,sp,128
    15a2:	0105                	addi	sp,sp,1
    15a4:	02090103          	lb	sp,32(s2)
    15a8:	0100                	addi	s0,sp,128
    15aa:	0505                	addi	a0,a0,1
    15ac:	02097f03          	.insn	4, 0x02097f03
    15b0:	0100                	addi	s0,sp,128
    15b2:	0409                	addi	s0,s0,2
    15b4:	0000                	unimp
    15b6:	0101                	addi	sp,sp,0
    15b8:	0066                	c.slli	zero,0x19
    15ba:	0000                	unimp
    15bc:	0005                	c.nop	1
    15be:	0008                	.insn	2, 0x0008
    15c0:	002e                	c.slli	zero,0xb
    15c2:	0000                	unimp
    15c4:	0101                	addi	sp,sp,0
    15c6:	fb01                	bnez	a4,14d6 <__stack_align+0x14c6>
    15c8:	0d0e                	slli	s10,s10,0x3
    15ca:	0100                	addi	s0,sp,128
    15cc:	0101                	addi	sp,sp,0
    15ce:	0001                	nop
    15d0:	0000                	unimp
    15d2:	0001                	nop
    15d4:	0100                	addi	s0,sp,128
    15d6:	0101                	addi	sp,sp,0
    15d8:	021f 01f3 0000      	.insn	6, 0x01f3021f
    15de:	0405                	addi	s0,s0,1
    15e0:	0000                	unimp
    15e2:	0102                	c.slli64	sp
    15e4:	021f 020f 0457      	.insn	6, 0x0457020f021f
    15ea:	0000                	unimp
    15ec:	5701                	li	a4,-32
    15ee:	0004                	.insn	2, 0x0004
    15f0:	0100                	addi	s0,sp,128
    15f2:	0105                	addi	sp,sp,1
    15f4:	0900                	addi	s0,sp,144
    15f6:	fc02                	sd	zero,56(sp)
    15f8:	003e                	c.slli	zero,0xf
    15fa:	0080                	addi	s0,sp,64
    15fc:	0000                	unimp
    15fe:	1900                	addi	s0,sp,176
    1600:	0505                	addi	a0,a0,1
    1602:	00090103          	lb	sp,0(s2)
    1606:	0100                	addi	s0,sp,128
    1608:	0905                	addi	s2,s2,1
    160a:	0200                	addi	s0,sp,256
    160c:	0104                	addi	s1,sp,128
    160e:	00090103          	lb	sp,0(s2)
    1612:	0100                	addi	s0,sp,128
    1614:	0505                	addi	a0,a0,1
    1616:	04097f03          	.insn	4, 0x04097f03
    161a:	0100                	addi	s0,sp,128
    161c:	0209                	addi	tp,tp,2 # 2 <__boot_hart+0x2>
    161e:	0000                	unimp
    1620:	0101                	addi	sp,sp,0
    1622:	01f2                	slli	gp,gp,0x1c
    1624:	0000                	unimp
    1626:	0005                	c.nop	1
    1628:	0008                	.insn	2, 0x0008
    162a:	00000053          	fadd.s	ft0,ft0,ft0,rne
    162e:	0101                	addi	sp,sp,0
    1630:	fb01                	bnez	a4,1540 <__stack_align+0x1530>
    1632:	0d0e                	slli	s10,s10,0x3
    1634:	0100                	addi	s0,sp,128
    1636:	0101                	addi	sp,sp,0
    1638:	0001                	nop
    163a:	0000                	unimp
    163c:	0001                	nop
    163e:	0100                	addi	s0,sp,128
    1640:	0101                	addi	sp,sp,0
    1642:	051f 01f3 0000      	.insn	6, 0x01f3051f
    1648:	0405                	addi	s0,s0,1
    164a:	0000                	unimp
    164c:	02ed                	addi	t0,t0,27
    164e:	0000                	unimp
    1650:	029c                	addi	a5,sp,320
    1652:	0000                	unimp
    1654:	0239                	addi	tp,tp,14 # e <__boot_hart+0xe>
    1656:	0000                	unimp
    1658:	0102                	c.slli64	sp
    165a:	021f 070f 0466      	.insn	6, 0x0466070f021f
    1660:	0000                	unimp
    1662:	6601                	.insn	2, 0x6601
    1664:	0004                	.insn	2, 0x0004
    1666:	0100                	addi	s0,sp,128
    1668:	046d                	addi	s0,s0,27
    166a:	0000                	unimp
    166c:	7602                	ld	a2,32(sp)
    166e:	0004                	.insn	2, 0x0004
    1670:	0200                	addi	s0,sp,256
    1672:	02f8                	addi	a4,sp,332
    1674:	0000                	unimp
    1676:	00030903          	lb	s2,0(t1)
    167a:	0400                	addi	s0,sp,512
    167c:	00000313          	li	t1,0
    1680:	0502                	c.slli64	a0
    1682:	0001                	nop
    1684:	0209                	addi	tp,tp,2 # 2 <__boot_hart+0x2>
    1686:	3f02                	fld	ft10,32(sp)
    1688:	8000                	.insn	2, 0x8000
    168a:	0000                	unimp
    168c:	0000                	unimp
    168e:	05010c03          	lb	s8,80(sp)
    1692:	0305                	addi	t1,t1,1
    1694:	0901                	addi	s2,s2,0
    1696:	0000                	unimp
    1698:	0301                	addi	t1,t1,0
    169a:	0901                	addi	s2,s2,0
    169c:	0000                	unimp
    169e:	0301                	addi	t1,t1,0
    16a0:	0902                	c.slli64	s2
    16a2:	0000                	unimp
    16a4:	0501                	addi	a0,a0,0
    16a6:	0601                	addi	a2,a2,0
    16a8:	00097c03          	.insn	4, 0x00097c03
    16ac:	0100                	addi	s0,sp,128
    16ae:	0c05                	addi	s8,s8,1
    16b0:	02090403          	lb	s0,32(s2)
    16b4:	0100                	addi	s0,sp,128
    16b6:	0505                	addi	a0,a0,1
    16b8:	0306                	slli	t1,t1,0x1
    16ba:	0901                	addi	s2,s2,0
    16bc:	0002                	c.slli64	zero
    16be:	0501                	addi	a0,a0,0
    16c0:	060c                	addi	a1,sp,768
    16c2:	00090003          	lb	zero,0(s2)
    16c6:	0100                	addi	s0,sp,128
    16c8:	0505                	addi	a0,a0,1
    16ca:	0306                	slli	t1,t1,0x1
    16cc:	0901                	addi	s2,s2,0
    16ce:	0002                	c.slli64	zero
    16d0:	0501                	addi	a0,a0,0
    16d2:	0608                	addi	a0,sp,768
    16d4:	00090303          	lb	t1,0(s2)
    16d8:	0100                	addi	s0,sp,128
    16da:	0c05                	addi	s8,s8,1
    16dc:	04097d03          	.insn	4, 0x04097d03
    16e0:	0100                	addi	s0,sp,128
    16e2:	0505                	addi	a0,a0,1
    16e4:	0306                	slli	t1,t1,0x1
    16e6:	0901                	addi	s2,s2,0
    16e8:	0002                	c.slli64	zero
    16ea:	0501                	addi	a0,a0,0
    16ec:	0608                	addi	a0,sp,768
    16ee:	00090203          	lb	tp,0(s2)
    16f2:	0100                	addi	s0,sp,128
    16f4:	0c05                	addi	s8,s8,1
    16f6:	02097e03          	.insn	4, 0x02097e03
    16fa:	0100                	addi	s0,sp,128
    16fc:	0505                	addi	a0,a0,1
    16fe:	0306                	slli	t1,t1,0x1
    1700:	0902                	c.slli64	s2
    1702:	0002                	c.slli64	zero
    1704:	0501                	addi	a0,a0,0
    1706:	0608                	addi	a0,sp,768
    1708:	00090003          	lb	zero,0(s2)
    170c:	0100                	addi	s0,sp,128
    170e:	0505                	addi	a0,a0,1
    1710:	0306                	slli	t1,t1,0x1
    1712:	0901                	addi	s2,s2,0
    1714:	0004                	.insn	2, 0x0004
    1716:	0401                	addi	s0,s0,0
    1718:	0602                	c.slli64	a2
    171a:	04091503          	lh	a0,64(s2)
    171e:	0100                	addi	s0,sp,128
    1720:	0304                	addi	s1,sp,384
    1722:	1005                	c.nop	-31
    1724:	0200                	addi	s0,sp,256
    1726:	0104                	addi	s1,sp,128
    1728:	0306                	slli	t1,t1,0x1
    172a:	0964                	addi	s1,sp,156
    172c:	0002                	c.slli64	zero
    172e:	0401                	addi	s0,s0,0
    1730:	0502                	c.slli64	a0
    1732:	0305                	addi	t1,t1,1
    1734:	0910                	addi	a2,sp,144
    1736:	0000                	unimp
    1738:	0501                	addi	a0,a0,0
    173a:	060c                	addi	a1,sp,768
    173c:	00090003          	lb	zero,0(s2)
    1740:	0100                	addi	s0,sp,128
    1742:	0304                	addi	s1,sp,384
    1744:	1005                	c.nop	-31
    1746:	0200                	addi	s0,sp,256
    1748:	0104                	addi	s1,sp,128
    174a:	02097003          	.insn	4, 0x02097003
    174e:	0100                	addi	s0,sp,128
    1750:	0e05                	addi	t3,t3,1
    1752:	0306                	slli	t1,t1,0x1
    1754:	0902                	c.slli64	s2
    1756:	0002                	c.slli64	zero
    1758:	0401                	addi	s0,s0,0
    175a:	0502                	c.slli64	a0
    175c:	0305                	addi	t1,t1,1
    175e:	0918                	addi	a4,sp,144
    1760:	0000                	unimp
    1762:	0301                	addi	t1,t1,0
    1764:	0902                	c.slli64	s2
    1766:	0000                	unimp
    1768:	0301                	addi	t1,t1,0
    176a:	090d                	addi	s2,s2,3
    176c:	0004                	.insn	2, 0x0004
    176e:	0401                	addi	s0,s0,0
    1770:	000e0503          	lb	a0,0(t3)
    1774:	0402                	c.slli64	s0
    1776:	0601                	addi	a2,a2,0
    1778:	00095903          	lhu	s2,0(s2)
    177c:	0100                	addi	s0,sp,128
    177e:	0104                	addi	s1,sp,128
    1780:	0505                	addi	a0,a0,1
    1782:	0306                	slli	t1,t1,0x1
    1784:	0906                	slli	s2,s2,0x1
    1786:	0002                	c.slli64	zero
    1788:	0401                	addi	s0,s0,0
    178a:	0502                	c.slli64	a0
    178c:	0320                	addi	s0,sp,392
    178e:	097e                	slli	s2,s2,0x1f
    1790:	0000                	unimp
    1792:	0401                	addi	s0,s0,0
    1794:	0501                	addi	a0,a0,0
    1796:	0305                	addi	t1,t1,1
    1798:	00040903          	lb	s2,0(s0)
    179c:	0501                	addi	a0,a0,0
    179e:	060c                	addi	a1,sp,768
    17a0:	00090003          	lb	zero,0(s2)
    17a4:	0100                	addi	s0,sp,128
    17a6:	0505                	addi	a0,a0,1
    17a8:	0306                	slli	t1,t1,0x1
    17aa:	0901                	addi	s2,s2,0
    17ac:	000a                	c.slli	zero,0x2
    17ae:	0501                	addi	a0,a0,0
    17b0:	0015                	c.nop	5
    17b2:	0402                	c.slli64	s0
    17b4:	0301                	addi	t1,t1,0
    17b6:	0900                	addi	s0,sp,144
    17b8:	0000                	unimp
    17ba:	0501                	addi	a0,a0,0
    17bc:	0305                	addi	t1,t1,1
    17be:	0901                	addi	s2,s2,0
    17c0:	0004                	.insn	2, 0x0004
    17c2:	0501                	addi	a0,a0,0
    17c4:	060e                	slli	a2,a2,0x3
    17c6:	00090003          	lb	zero,0(s2)
    17ca:	0100                	addi	s0,sp,128
    17cc:	0505                	addi	a0,a0,1
    17ce:	0306                	slli	t1,t1,0x1
    17d0:	0901                	addi	s2,s2,0
    17d2:	0008                	.insn	2, 0x0008
    17d4:	0401                	addi	s0,s0,0
    17d6:	097b0303          	lb	t1,151(s6)
    17da:	0000                	unimp
    17dc:	0401                	addi	s0,s0,0
    17de:	0302                	c.slli64	t1
    17e0:	0928                	addi	a0,sp,152
    17e2:	0000                	unimp
    17e4:	0401                	addi	s0,s0,0
    17e6:	0301                	addi	t1,t1,0
    17e8:	095f 0004 0401      	.insn	6, 0x04010004095f
    17ee:	0502                	c.slli64	a0
    17f0:	0320                	addi	s0,sp,392
    17f2:	00000977          	.insn	4, 0x0977
    17f6:	0401                	addi	s0,s0,0
    17f8:	0501                	addi	a0,a0,0
    17fa:	0305                	addi	t1,t1,1
    17fc:	090a                	slli	s2,s2,0x2
    17fe:	0004                	.insn	2, 0x0004
    1800:	0501                	addi	a0,a0,0
    1802:	0003060f          	.insn	4, 0x0003060f
    1806:	0009                	c.nop	2
    1808:	0100                	addi	s0,sp,128
    180a:	0105                	addi	sp,sp,1
    180c:	02090103          	lb	sp,32(s2)
    1810:	0100                	addi	s0,sp,128
    1812:	0409                	addi	s0,s0,2
    1814:	0000                	unimp
    1816:	0101                	addi	sp,sp,0

Disassembly of section .debug_str:

0000000000000000 <.debug_str>:
   0:	20554e47          	fmsub.s	ft8,fa0,ft5,ft4,rmm
   4:	20393943          	fmadd.s	fs2,fs2,ft3,ft4,rup
   8:	3331                	addiw	t1,t1,-20
   a:	322e                	fld	ft4,232(sp)
   c:	302e                	fld	ft0,232(sp)
   e:	2d20                	fld	fs0,88(a0)
  10:	636d                	lui	t1,0x1b
  12:	6f6d                	lui	t5,0x1b
  14:	6564                	ld	s1,200(a0)
  16:	3d6c                	fld	fa1,248(a0)
  18:	656d                	lui	a0,0x1b
  1a:	6164                	ld	s1,192(a0)
  1c:	796e                	ld	s2,248(sp)
  1e:	2d20                	fld	fs0,88(a0)
  20:	616d                	addi	sp,sp,240
  22:	6962                	ld	s2,24(sp)
  24:	6c3d                	lui	s8,0xf
  26:	3670                	fld	fa2,232(a2)
  28:	6434                	ld	a3,72(s0)
  2a:	2d20                	fld	fs0,88(a0)
  2c:	636d                	lui	t1,0x1b
  2e:	6f6d                	lui	t5,0x1b
  30:	6564                	ld	s1,200(a0)
  32:	3d6c                	fld	fa1,248(a0)
  34:	656d                	lui	a0,0x1b
  36:	6164                	ld	s1,192(a0)
  38:	796e                	ld	s2,248(sp)
  3a:	2d20                	fld	fs0,88(a0)
  3c:	746d                	lui	s0,0xffffb
  3e:	6e75                	lui	t3,0x1d
  40:	3d65                	addiw	s10,s10,-7
  42:	6f72                	ld	t5,280(sp)
  44:	74656b63          	bltu	a0,t1,79a <__stack_align+0x78a>
  48:	2d20                	fld	fs0,88(a0)
  4a:	696d                	lui	s2,0x1b
  4c:	732d6173          	csrrsi	sp,mhpmevent18h,26
  50:	6570                	ld	a2,200(a0)
  52:	30323d63          	.insn	4, 0x30323d63
  56:	3931                	addiw	s2,s2,-20 # 1afec <__stack_size+0x12fec>
  58:	3231                	addiw	tp,tp,-20 # ffffffffffffffec <__heap_end+0xffffffff7ffdafec>
  5a:	3331                	addiw	t1,t1,-20 # 1afec <__stack_size+0x12fec>
  5c:	2d20                	fld	fs0,88(a0)
  5e:	616d                	addi	sp,sp,240
  60:	6372                	ld	t1,280(sp)
  62:	3d68                	fld	fa0,248(a0)
  64:	7672                	ld	a2,312(sp)
  66:	3436                	fld	fs0,360(sp)
  68:	6d69                	lui	s10,0x1a
  6a:	6661                	lui	a2,0x18
  6c:	7664                	ld	s1,232(a2)
  6e:	7a5f 6369 7273      	.insn	6, 0x727363697a5f
  74:	7a5f 6576 3233      	.insn	6, 0x323365767a5f
  7a:	5f66                	lw	t5,120(sp)
  7c:	767a                	ld	a2,440(sp)
  7e:	3365                	addiw	t1,t1,-7
  80:	7832                	ld	a6,296(sp)
  82:	7a5f 6576 3436      	.insn	6, 0x343665767a5f
  88:	5f64                	lw	s1,124(a4)
  8a:	767a                	ld	a2,440(sp)
  8c:	3665                	addiw	a2,a2,-7 # 17ff9 <__stack_size+0xfff9>
  8e:	6634                	ld	a3,72(a2)
  90:	7a5f 6576 3436      	.insn	6, 0x343665767a5f
  96:	5f78                	lw	a4,124(a4)
  98:	767a                	ld	a2,440(sp)
  9a:	316c                	fld	fa1,224(a0)
  9c:	3832                	fld	fa6,296(sp)
  9e:	5f62                	lw	t5,56(sp)
  a0:	767a                	ld	a2,440(sp)
  a2:	336c                	fld	fa1,224(a4)
  a4:	6232                	ld	tp,264(sp)
  a6:	7a5f 6c76 3436      	.insn	6, 0x34366c767a5f
  ac:	2062                	fld	ft0,24(sp)
  ae:	672d                	lui	a4,0xb
  b0:	2d20                	fld	fs0,88(a0)
  b2:	2d20324f          	.insn	4, 0x2d20324f
  b6:	3d647473          	csrrci	s0,0x3d6,8
  ba:	39756e67          	.insn	4, 0x39756e67
  be:	2039                	.insn	2, 0x2039
  c0:	662d                	lui	a2,0xb
  c2:	6f6e                	ld	t5,216(sp)
  c4:	632d                	lui	t1,0xb
  c6:	6f6d6d6f          	jal	s10,d67bc <__heap_size+0xb67bc>
  ca:	206e                	fld	ft0,216(sp)
  cc:	662d                	lui	a2,0xb
  ce:	6f6e                	ld	t5,216(sp)
  d0:	622d                	lui	tp,0xb
  d2:	6975                	lui	s2,0x1d
  d4:	746c                	ld	a1,232(s0)
  d6:	6e69                	lui	t3,0x1a
  d8:	702d                	c.lui	zero,0xfffeb
  da:	6972                	ld	s2,280(sp)
  dc:	746e                	ld	s0,248(sp)
  de:	0066                	c.slli	zero,0x19
  e0:	72727563          	bgeu	tp,t2,80a <__stack_align+0x7fa>
  e4:	6f70                	ld	a2,216(a4)
  e6:	6e69                	lui	t3,0x1a
  e8:	0074                	addi	a3,sp,12
  ea:	6e75                	lui	t3,0x1d
  ec:	6e676973          	csrrsi	s2,0x6e6,14
  f0:	6465                	lui	s0,0x19
  f2:	6320                	ld	s0,64(a4)
  f4:	6168                	ld	a0,192(a0)
  f6:	0072                	c.slli	zero,0x1c
  f8:	726f6873          	csrrsi	a6,mhpmevent6h,30
  fc:	2074                	fld	fa3,192(s0)
  fe:	6e75                	lui	t3,0x1d
 100:	6e676973          	csrrsi	s2,0x6e6,14
 104:	6465                	lui	s0,0x19
 106:	6920                	ld	s0,80(a0)
 108:	746e                	ld	s0,248(sp)
 10a:	4100                	lw	s0,0(a0)
 10c:	61757463          	bgeu	a0,s7,714 <__stack_align+0x704>
 110:	6f74                	ld	a3,216(a4)
 112:	0072                	c.slli	zero,0x1c
 114:	5f49                	li	t5,-14
 116:	7270                	ld	a2,224(a2)
 118:	7665                	lui	a2,0xffff9
 11a:	6500                	ld	s0,8(a0)
 11c:	7272                	ld	tp,312(sp)
 11e:	705f726f          	jal	tp,f8022 <__heap_size+0xd8022>
 122:	6572                	ld	a0,280(sp)
 124:	0076                	c.slli	zero,0x1d
 126:	70746573          	csrrsi	a0,0x707,8
 12a:	746e696f          	jal	s2,e6870 <__heap_size+0xc6870>
 12e:	6c00                	ld	s0,24(s0)
 130:	20676e6f          	jal	t3,76336 <__heap_size+0x56336>
 134:	6f6c                	ld	a1,216(a4)
 136:	676e                	ld	a4,216(sp)
 138:	7520                	ld	s0,104(a0)
 13a:	736e                	ld	t1,248(sp)
 13c:	6769                	lui	a4,0x1a
 13e:	656e                	ld	a0,216(sp)
 140:	2064                	fld	fs1,192(s0)
 142:	6e69                	lui	t3,0x1a
 144:	0074                	addi	a3,sp,12
 146:	6361                	lui	t1,0x18
 148:	7574                	ld	a3,232(a0)
 14a:	7461                	lui	s0,0xffff8
 14c:	0073726f          	jal	tp,37952 <__heap_size+0x17952>
 150:	6f6c                	ld	a1,216(a4)
 152:	676e                	ld	a4,216(sp)
 154:	6c20                	ld	s0,88(s0)
 156:	20676e6f          	jal	t3,7635c <__heap_size+0x5635c>
 15a:	6e69                	lui	t3,0x1a
 15c:	0074                	addi	a3,sp,12
 15e:	726f6873          	csrrsi	a6,mhpmevent6h,30
 162:	2074                	fld	fa3,192(s0)
 164:	6e69                	lui	t3,0x1a
 166:	0074                	addi	a3,sp,12
 168:	7074756f          	jal	a0,4806e <__heap_size+0x2806e>
 16c:	7475                	lui	s0,0xffffd
 16e:	5f00                	lw	s0,56(a4)
 170:	695f 746e 3231      	.insn	6, 0x3231746e695f
 176:	2038                	fld	fa4,64(s0)
 178:	6e75                	lui	t3,0x1d
 17a:	6e676973          	csrrsi	s2,0x6e6,14
 17e:	6465                	lui	s0,0x19
 180:	4700                	lw	s0,8(a4)
 182:	554e                	lw	a0,240(sp)
 184:	4320                	lw	s0,64(a4)
 186:	3731                	addiw	a4,a4,-20 # 19fec <__stack_size+0x11fec>
 188:	3120                	fld	fs0,96(a0)
 18a:	2e322e33          	.insn	4, 0x2e322e33
 18e:	2030                	fld	fa2,64(s0)
 190:	6d2d                	lui	s10,0xb
 192:	646f6d63          	bltu	t5,t1,7ec <__stack_align+0x7dc>
 196:	6c65                	lui	s8,0x19
 198:	6d3d                	lui	s10,0xf
 19a:	6465                	lui	s0,0x19
 19c:	6e61                	lui	t3,0x18
 19e:	2079                	.insn	2, 0x2079
 1a0:	6d2d                	lui	s10,0xb
 1a2:	646f6d63          	bltu	t5,t1,7fc <__stack_align+0x7ec>
 1a6:	6c65                	lui	s8,0x19
 1a8:	6d3d                	lui	s10,0xf
 1aa:	6465                	lui	s0,0x19
 1ac:	6e61                	lui	t3,0x18
 1ae:	2079                	.insn	2, 0x2079
 1b0:	6d2d                	lui	s10,0xb
 1b2:	7574                	ld	a3,232(a0)
 1b4:	656e                	ld	a0,216(sp)
 1b6:	723d                	lui	tp,0xfffef
 1b8:	656b636f          	jal	t1,b680e <__heap_size+0x9680e>
 1bc:	2074                	fld	fa3,192(s0)
 1be:	6d2d                	lui	s10,0xb
 1c0:	6261                	lui	tp,0x18
 1c2:	3d69                	addiw	s10,s10,-6 # affa <__stack_size+0x2ffa>
 1c4:	706c                	ld	a1,224(s0)
 1c6:	3436                	fld	fs0,360(sp)
 1c8:	2064                	fld	fs1,192(s0)
 1ca:	6d2d                	lui	s10,0xb
 1cc:	7369                	lui	t1,0xffffa
 1ce:	2d61                	addiw	s10,s10,24 # b018 <__stack_size+0x3018>
 1d0:	63657073          	csrci	0x636,10
 1d4:	323d                	addiw	tp,tp,-17 # 17fef <__stack_size+0xffef>
 1d6:	3130                	fld	fa2,96(a0)
 1d8:	3139                	addiw	sp,sp,-18
 1da:	3132                	fld	ft2,296(sp)
 1dc:	6d2d2033          	.insn	4, 0x6d2d2033
 1e0:	7261                	lui	tp,0xffff8
 1e2:	723d6863          	bltu	s10,gp,912 <__stack_align+0x902>
 1e6:	3676                	fld	fa2,376(sp)
 1e8:	6934                	ld	a3,80(a0)
 1ea:	616d                	addi	sp,sp,240
 1ec:	6466                	ld	s0,88(sp)
 1ee:	697a5f63          	bge	s4,s7,88c <__stack_align+0x87c>
 1f2:	20727363          	bgeu	tp,t2,3f8 <__stack_align+0x3e8>
 1f6:	672d                	lui	a4,0xb
 1f8:	2d20                	fld	fs0,88(a0)
 1fa:	2d20734f          	.insn	4, 0x2d20734f
 1fe:	2d20324f          	.insn	4, 0x2d20324f
 202:	2d20734f          	.insn	4, 0x2d20734f
 206:	6266                	ld	tp,88(sp)
 208:	6975                	lui	s2,0x1d
 20a:	646c                	ld	a1,200(s0)
 20c:	6e69                	lui	t3,0x1a
 20e:	696c2d67          	.insn	4, 0x696c2d67
 212:	6762                	ld	a4,24(sp)
 214:	2d206363          	bltu	zero,s2,4da <__stack_align+0x4ca>
 218:	6e66                	ld	t3,88(sp)
 21a:	74732d6f          	jal	s10,33160 <__heap_size+0x13160>
 21e:	6361                	lui	t1,0x18
 220:	72702d6b          	.insn	4, 0x72702d6b
 224:	6365746f          	jal	s0,5785a <__heap_size+0x3785a>
 228:	6f74                	ld	a3,216(a4)
 22a:	2072                	fld	ft0,280(sp)
 22c:	662d                	lui	a2,0xb
 22e:	6976                	ld	s2,344(sp)
 230:	69626973          	csrrsi	s2,0x696,4
 234:	696c                	ld	a1,208(a0)
 236:	7974                	ld	a3,240(a0)
 238:	683d                	lui	a6,0xf
 23a:	6469                	lui	s0,0x1a
 23c:	6564                	ld	s1,200(a0)
 23e:	006e                	c.slli	zero,0x1b
 240:	465f 5f50 4150      	.insn	6, 0x41505f50465f
 246:	525f4b43          	fmadd.d	fs6,ft10,ft5,fa0,rmm
 24a:	5741                	li	a4,-16
 24c:	315f 665f 6f6c      	.insn	6, 0x6f6c665f315f
 252:	6c00                	ld	s0,24(s0)
 254:	73676e6f          	jal	t3,7698a <__heap_size+0x5698a>
 258:	6600                	ld	s0,8(a2)
 25a:	6172                	ld	sp,280(sp)
 25c:	66003063          	.insn	4, 0x66003063
 260:	6172                	ld	sp,280(sp)
 262:	44003163          	.insn	4, 0x44003163
 266:	7446                	ld	s0,112(sp)
 268:	7079                	c.lui	zero,0xffffe
 26a:	0065                	c.nop	25
 26c:	465f 5f50 4150      	.insn	6, 0x41505f50465f
 272:	535f4b43          	fmadd.d	fs6,ft10,fs5,fa0,rmm
 276:	4d45                	li	s10,17
 278:	5249                	li	tp,-14
 27a:	5741                	li	a4,-16
 27c:	545f 665f 5400      	.insn	6, 0x5400665f545f
 282:	7446                	ld	s0,112(sp)
 284:	7079                	c.lui	zero,0xffffe
 286:	0065                	c.nop	25
 288:	465f 5f50 4150      	.insn	6, 0x41505f50465f
 28e:	535f4b43          	fmadd.d	fs6,ft10,fs5,fa0,rmm
 292:	4d45                	li	s10,17
 294:	5249                	li	tp,-14
 296:	5741                	li	a4,-16
 298:	545f 735f 4100      	.insn	6, 0x4100735f545f
 29e:	665f 0030 5f41      	.insn	6, 0x5f410030665f
 2a4:	3166                	fld	ft2,120(sp)
 2a6:	5f00                	lw	s0,56(a4)
 2a8:	695f 746e 3231      	.insn	6, 0x3231746e695f
 2ae:	0038                	addi	a4,sp,8
 2b0:	665f 7865 5f00      	.insn	6, 0x5f007865665f
 2b6:	5046                	.insn	2, 0x5046
 2b8:	505f 4341 5f4b      	.insn	6, 0x5f4b4341505f
 2be:	494d4553          	.insn	4, 0x494d4553
 2c2:	4152                	lw	sp,20(sp)
 2c4:	5f545f57          	.insn	4, 0x5f545f57
 2c8:	0065                	c.nop	25
 2ca:	465f 5f50 4150      	.insn	6, 0x41505f50465f
 2d0:	535f4b43          	fmadd.d	fs6,ft10,fs5,fa0,rmm
 2d4:	4d45                	li	s10,17
 2d6:	5249                	li	tp,-14
 2d8:	5741                	li	a4,-16
 2da:	545f 635f 5f00      	.insn	6, 0x5f00635f545f
 2e0:	5046                	.insn	2, 0x5046
 2e2:	555f 504e 4341      	.insn	6, 0x4341504e555f
 2e8:	41525f4b          	fnmsub.s	ft10,ft4,fs5,fs0,unknown
 2ec:	5f325f57          	.insn	4, 0x5f325f57
 2f0:	6c66                	ld	s8,88(sp)
 2f2:	7266006f          	j	60a18 <__heap_size+0x40a18>
 2f6:	6361                	lui	t1,0x18
 2f8:	5f00                	lw	s0,56(a4)
 2fa:	5046                	.insn	2, 0x5046
 2fc:	505f 4341 5f4b      	.insn	6, 0x5f4b4341505f
 302:	494d4553          	.insn	4, 0x494d4553
 306:	4152                	lw	sp,20(sp)
 308:	73695f57          	.insn	4, 0x73695f57
 30c:	745f 6e69 0079      	.insn	6, 0x00796e69745f
 312:	465f 5f50 4e55      	.insn	6, 0x4e555f50465f
 318:	4f49                	li	t5,18
 31a:	5f4e                	lw	t5,240(sp)
 31c:	0044                	addi	s1,sp,4
 31e:	5f5f 7274 6e75      	.insn	6, 0x6e7572745f5f
 324:	64667463          	bgeu	a2,t1,96c <__stack_align+0x95c>
 328:	3266                	fld	ft4,120(sp)
 32a:	5f00                	lw	s0,56(a4)
 32c:	5046                	.insn	2, 0x5046
 32e:	555f 494e 4e4f      	.insn	6, 0x4e4f494e555f
 334:	515f 7300 6769      	.insn	6, 0x67697300515f
 33a:	006e                	c.slli	zero,0x1b
 33c:	6f6c                	ld	a1,216(a4)
 33e:	676e                	ld	a4,216(sp)
 340:	6420                	ld	s0,72(s0)
 342:	6c62756f          	jal	a0,27a08 <__heap_size+0x7a08>
 346:	0065                	c.nop	25
 348:	6962                	ld	s2,24(sp)
 34a:	7374                	ld	a3,224(a4)
 34c:	5f00                	lw	s0,56(a4)
 34e:	7266                	ld	tp,120(sp)
 350:	006d                	c.nop	27
 352:	635f 6f6c 6573      	.insn	6, 0x65736f6c635f
 358:	6600                	ld	s0,8(a2)
 35a:	6c69                	lui	s8,0x1a
 35c:	0065                	c.nop	25
 35e:	20554e47          	fmsub.s	ft8,fa0,ft5,ft4,rmm
 362:	20313143          	fmadd.s	ft2,ft2,ft3,ft4,rup
 366:	3331                	addiw	t1,t1,-20 # 17fec <__stack_size+0xffec>
 368:	322e                	fld	ft4,232(sp)
 36a:	302e                	fld	ft0,232(sp)
 36c:	2d20                	fld	fs0,88(a0)
 36e:	636d                	lui	t1,0x1b
 370:	6f6d                	lui	t5,0x1b
 372:	6564                	ld	s1,200(a0)
 374:	3d6c                	fld	fa1,248(a0)
 376:	656d                	lui	a0,0x1b
 378:	6164                	ld	s1,192(a0)
 37a:	796e                	ld	s2,248(sp)
 37c:	2d20                	fld	fs0,88(a0)
 37e:	746d                	lui	s0,0xffffb
 380:	6e75                	lui	t3,0x1d
 382:	3d65                	addiw	s10,s10,-7
 384:	6f72                	ld	t5,280(sp)
 386:	74656b63          	bltu	a0,t1,adc <__stack_align+0xacc>
 38a:	2d20                	fld	fs0,88(a0)
 38c:	616d                	addi	sp,sp,240
 38e:	6962                	ld	s2,24(sp)
 390:	6c3d                	lui	s8,0xf
 392:	3670                	fld	fa2,232(a2)
 394:	6434                	ld	a3,72(s0)
 396:	2d20                	fld	fs0,88(a0)
 398:	696d                	lui	s2,0x1b
 39a:	732d6173          	csrrsi	sp,mhpmevent18h,26
 39e:	6570                	ld	a2,200(a0)
 3a0:	30323d63          	.insn	4, 0x30323d63
 3a4:	3931                	addiw	s2,s2,-20 # 1afec <__stack_size+0x12fec>
 3a6:	3231                	addiw	tp,tp,-20 # ffffffffffff7fec <__heap_end+0xffffffff7ffd2fec>
 3a8:	3331                	addiw	t1,t1,-20 # 1afec <__stack_size+0x12fec>
 3aa:	2d20                	fld	fs0,88(a0)
 3ac:	616d                	addi	sp,sp,240
 3ae:	6372                	ld	t1,280(sp)
 3b0:	3d68                	fld	fa0,248(a0)
 3b2:	7672                	ld	a2,312(sp)
 3b4:	3436                	fld	fs0,360(sp)
 3b6:	6d69                	lui	s10,0x1a
 3b8:	6661                	lui	a2,0x18
 3ba:	6364                	ld	s1,192(a4)
 3bc:	7a5f 6369 7273      	.insn	6, 0x727363697a5f
 3c2:	2d20                	fld	fs0,88(a0)
 3c4:	4f2d2067          	.insn	4, 0x4f2d2067
 3c8:	2032                	fld	ft0,264(sp)
 3ca:	732d                	lui	t1,0xfffeb
 3cc:	6474                	ld	a3,200(s0)
 3ce:	633d                	lui	t1,0xf
 3d0:	3131                	addiw	sp,sp,-20
 3d2:	2d20                	fld	fs0,88(a0)
 3d4:	6e66                	ld	t3,88(sp)
 3d6:	6f632d6f          	jal	s10,32acc <__heap_size+0x12acc>
 3da:	6d6d                	lui	s10,0x1b
 3dc:	2d206e6f          	jal	t3,66ae <__stack_size_min+0x6ae>
 3e0:	6e66                	ld	t3,88(sp)
 3e2:	75622d6f          	jal	s10,22b38 <__heap_size+0x2b38>
 3e6:	6c69                	lui	s8,0x1a
 3e8:	6974                	ld	a3,208(a0)
 3ea:	006e                	c.slli	zero,0x1b
 3ec:	5f5f 7265 6e72      	.insn	6, 0x6e7272655f5f
 3f2:	6f74006f          	j	412e8 <__heap_size+0x212e8>
 3f6:	6f68                	ld	a0,216(a4)
 3f8:	5f007473          	csrrci	s0,0x5f0,0
 3fc:	7865                	lui	a6,0xffff9
 3fe:	7469                	lui	s0,0xffffa
 400:	6600                	ld	s0,8(a2)
 402:	6f72                	ld	t5,280(sp)
 404:	686d                	lui	a6,0x1b
 406:	0074736f          	jal	t1,47c0c <__heap_size+0x27c0c>
 40a:	65646f63          	bltu	s0,s6,a68 <__stack_align+0xa58>
 40e:	5f00                	lw	s0,56(a4)
 410:	755f 6e69 3674      	.insn	6, 0x36746e69755f
 416:	5f34                	lw	a3,120(a4)
 418:	0074                	addi	a3,sp,12
 41a:	5f5f 6975 5f64      	.insn	6, 0x5f6469755f5f
 420:	0074                	addi	a3,sp,12
 422:	6e5f7473          	csrrci	s0,0x6e5,30
 426:	696c                	ld	a1,208(a0)
 428:	6b6e                	ld	s6,216(sp)
 42a:	7400                	ld	s0,40(s0)
 42c:	5f76                	lw	t5,124(sp)
 42e:	736e                	ld	t1,248(sp)
 430:	6365                	lui	t1,0x19
 432:	7300                	ld	s0,32(a4)
 434:	5f74                	lw	a3,124(a4)
 436:	657a6973          	csrrsi	s2,hviprio2h,20
 43a:	7300                	ld	s0,32(a4)
 43c:	5f74                	lw	a3,124(a4)
 43e:	746d                	lui	s0,0xffffb
 440:	6d69                	lui	s10,0x1a
 442:	7300                	ld	s0,32(a4)
 444:	5f74                	lw	a3,124(a4)
 446:	6e69                	lui	t3,0x1a
 448:	7473006f          	j	3138e <__heap_size+0x1138e>
 44c:	625f 6b6c 6973      	.insn	6, 0x69736b6c625f
 452:	657a                	ld	a0,408(sp)
 454:	7300                	ld	s0,32(a4)
 456:	5f74                	lw	a3,124(a4)
 458:	72617073          	csrci	mhpmevent6h,2
 45c:	3465                	addiw	s0,s0,-7 # ffffffffffffaff9 <__heap_end+0xffffffff7ffd5ff9>
 45e:	5f00                	lw	s0,56(a4)
 460:	645f 7665 745f      	.insn	6, 0x745f7665645f
 466:	7300                	ld	s0,32(a4)
 468:	5f74                	lw	a3,124(a4)
 46a:	6c62                	ld	s8,24(sp)
 46c:	736b636f          	jal	t1,b6ba2 <__heap_size+0x96ba2>
 470:	7300                	ld	s0,32(a4)
 472:	5f74                	lw	a3,124(a4)
 474:	6f6d                	lui	t5,0x1b
 476:	6564                	ld	s1,200(a0)
 478:	7300                	ld	s0,32(a4)
 47a:	5f74                	lw	a3,124(a4)
 47c:	7461                	lui	s0,0xffff8
 47e:	6d69                	lui	s10,0x1a
 480:	7400                	ld	s0,40(s0)
 482:	6d69                	lui	s10,0x1a
 484:	5f65                	li	t5,-7
 486:	0074                	addi	a3,sp,12
 488:	5f5f 6c6e 6e69      	.insn	6, 0x6e696c6e5f5f
 48e:	00745f6b          	.insn	4, 0x00745f6b
 492:	5f5f 6975 746e      	.insn	6, 0x746e69755f5f
 498:	745f3233          	.insn	4, 0x745f3233
 49c:	7300                	ld	s0,32(a4)
 49e:	5f74                	lw	a3,124(a4)
 4a0:	6472                	ld	s0,280(sp)
 4a2:	7665                	lui	a2,0xffff9
 4a4:	5f00                	lw	s0,56(a4)
 4a6:	625f 6b6c 6973      	.insn	6, 0x69736b6c625f
 4ac:	657a                	ld	a0,408(sp)
 4ae:	745f 5f00 625f      	.insn	6, 0x625f5f00745f
 4b4:	6b6c                	ld	a1,208(a4)
 4b6:	5f746e63          	bltu	s0,s7,ab2 <__stack_align+0xaa2>
 4ba:	0074                	addi	a3,sp,12
 4bc:	635f7473          	csrrci	s0,0x635,30
 4c0:	6974                	ld	a3,208(a0)
 4c2:	006d                	c.nop	27
 4c4:	755f7473          	csrrci	s0,0x755,30
 4c8:	6469                	lui	s0,0x1a
 4ca:	5f00                	lw	s0,56(a4)
 4cc:	675f 6469 745f      	.insn	6, 0x745f6469675f
 4d2:	5f00                	lw	s0,56(a4)
 4d4:	6f5f 6666 745f      	.insn	6, 0x745f66666f5f
 4da:	7400                	ld	s0,40(s0)
 4dc:	5f76                	lw	t5,124(sp)
 4de:	00636573          	csrrsi	a0,0x6,6
 4e2:	6974                	ld	a3,208(a0)
 4e4:	656d                	lui	a0,0x1b
 4e6:	63657073          	csrci	0x636,10
 4ea:	5f00                	lw	s0,56(a4)
 4ec:	7366                	ld	t1,120(sp)
 4ee:	6174                	ld	a3,192(a0)
 4f0:	0074                	addi	a3,sp,12
 4f2:	5f5f 6f6d 6564      	.insn	6, 0x65646f6d5f5f
 4f8:	745f 5f00 695f      	.insn	6, 0x695f5f00745f
 4fe:	6f6e                	ld	t5,216(sp)
 500:	745f 7300 5f74      	.insn	6, 0x5f747300745f
 506:	6564                	ld	s1,200(a0)
 508:	0076                	c.slli	zero,0x1d
 50a:	675f7473          	csrrci	s0,0x675,30
 50e:	6469                	lui	s0,0x1a
 510:	5f00                	lw	s0,56(a4)
 512:	70746567          	.insn	4, 0x70746567
 516:	6469                	lui	s0,0x1a
 518:	5f00                	lw	s0,56(a4)
 51a:	7369                	lui	t1,0xffffa
 51c:	7461                	lui	s0,0xffff8
 51e:	7974                	ld	a3,240(a0)
 520:	5f00                	lw	s0,56(a4)
 522:	6c6c696b          	.insn	4, 0x6c6c696b
 526:	5f00                	lw	s0,56(a4)
 528:	736c                	ld	a1,224(a4)
 52a:	6565                	lui	a0,0x19
 52c:	725f006b          	.insn	4, 0x725f006b
 530:	6165                	addi	sp,sp,112
 532:	0064                	addi	s1,sp,12
 534:	735f 6973 657a      	.insn	6, 0x657a6973735f
 53a:	745f 7000 7274      	.insn	6, 0x72747000745f
 540:	6964                	ld	s1,208(a0)
 542:	6666                	ld	a2,88(sp)
 544:	745f 5f00 685f      	.insn	6, 0x685f5f00745f
 54a:	6165                	addi	sp,sp,112
 54c:	5f70                	lw	a2,124(a4)
 54e:	6e65                	lui	t3,0x19
 550:	0064                	addi	s1,sp,12
 552:	62727563          	bgeu	tp,t2,b7c <__stack_align+0xb6c>
 556:	6b72                	ld	s6,280(sp)
 558:	5f00                	lw	s0,56(a4)
 55a:	6b726273          	csrrsi	tp,0x6b7,4
 55e:	6900                	ld	s0,16(a0)
 560:	636e                	ld	t1,216(sp)
 562:	0072                	c.slli	zero,0x1c
 564:	62646c6f          	jal	s8,46b8a <__heap_size+0x26b8a>
 568:	6b72                	ld	s6,280(sp)
 56a:	6e00                	ld	s0,24(a2)
 56c:	7765                	lui	a4,0xffff9
 56e:	7262                	ld	tp,56(sp)
 570:	7468006b          	.insn	4, 0x7468006b
 574:	6669                	lui	a2,0x1a
 576:	735f 7379 6163      	.insn	6, 0x61637379735f
 57c:	6c6c                	ld	a1,216(s0)
 57e:	5f00                	lw	s0,56(a4)
 580:	755f 6e69 7074      	.insn	6, 0x70746e69755f
 586:	7274                	ld	a3,224(a2)
 588:	745f 5f00 7277      	.insn	6, 0x72775f00745f
 58e:	7469                	lui	s0,0xffffa
 590:	0065                	c.nop	25
 592:	2e2e                	fld	ft8,200(sp)
 594:	73696d2f          	.insn	4, 0x73696d2f
 598:	72632f63          	.insn	4, 0x72632f63
 59c:	3074                	fld	fa3,224(s0)
 59e:	532e                	lw	t1,232(sp)
 5a0:	2f00                	fld	fs0,24(a4)
 5a2:	6f68                	ld	a0,216(a4)
 5a4:	656d                	lui	a0,0x1b
 5a6:	6b6a682f          	.insn	4, 0x6b6a682f
 5aa:	2f6e6f77          	.insn	4, 0x2f6e6f77
 5ae:	70696863          	bltu	s2,t1,cbe <__stack_align+0xcae>
 5b2:	6179                	addi	sp,sp,464
 5b4:	6472                	ld	s0,280(sp)
 5b6:	6f6f742f          	.insn	4, 0x6f6f742f
 5ba:	636c                	ld	a1,192(a4)
 5bc:	6168                	ld	a0,192(a0)
 5be:	6e69                	lui	t3,0x1a
 5c0:	696c2f73          	csrrs	t5,0x696,s8
 5c4:	6762                	ld	a4,24(sp)
 5c6:	6f6c                	ld	a1,216(a4)
 5c8:	622f7373          	csrrci	t1,0x622,30
 5cc:	6975                	lui	s2,0x1d
 5ce:	646c                	ld	a1,200(s0)
 5d0:	4700                	lw	s0,8(a4)
 5d2:	554e                	lw	a0,240(sp)
 5d4:	4120                	lw	s0,64(a0)
 5d6:	2e322053          	.insn	4, 0x2e322053
 5da:	3234                	fld	fa3,96(a2)
 5dc:	2e00                	fld	fs0,24(a2)
 5de:	2f2e                	fld	ft10,200(sp)
 5e0:	696d                	lui	s2,0x1b
 5e2:	632f6373          	csrrsi	t1,0x632,30
 5e6:	7472                	ld	s0,312(sp)
 5e8:	616d                	addi	sp,sp,240
 5ea:	6e69                	lui	t3,0x1a
 5ec:	532e                	lw	t1,232(sp)
 5ee:	6800                	ld	s0,16(s0)
 5f0:	6e61                	lui	t3,0x18
 5f2:	6c64                	ld	s1,216(s0)
 5f4:	5f65                	li	t5,-7
 5f6:	7274                	ld	a3,224(a2)
 5f8:	7061                	c.lui	zero,0xffff8
 5fa:	6300                	ld	s0,0(a4)
 5fc:	7561                	lui	a0,0xffff8
 5fe:	5f006573          	csrrsi	a0,0x5f0,0
 602:	695f 746e 7470      	.insn	6, 0x7470746e695f
 608:	5f72                	lw	t5,60(sp)
 60a:	0074                	addi	a3,sp,12
 60c:	6572                	ld	a0,280(sp)
 60e:	74007367          	.insn	4, 0x74007367
 612:	6176                	ld	sp,344(sp)
 614:	006c                	addi	a1,sp,12
 616:	5f5f 6e69 7469      	.insn	6, 0x74696e695f5f
 61c:	745f 736c 5f00      	.insn	6, 0x5f00736c745f
 622:	745f 6164 6174      	.insn	6, 0x61746164745f
 628:	735f 7a69 0065      	.insn	6, 0x00657a69735f
 62e:	5f5f 6274 7373      	.insn	6, 0x737362745f5f
 634:	6f5f 6666 6573      	.insn	6, 0x657366666f5f
 63a:	0074                	addi	a3,sp,12
 63c:	5f5f 6874 6572      	.insn	6, 0x657268745f5f
 642:	6461                	lui	s0,0x18
 644:	735f 6c65 0066      	.insn	6, 0x00666c65735f
 64a:	5f5f 6274 7373      	.insn	6, 0x737362745f5f
 650:	735f 7a69 0065      	.insn	6, 0x00657a69735f
 656:	656d                	lui	a0,0x1b
 658:	636d                	lui	t1,0x1b
 65a:	7970                	ld	a2,240(a0)
 65c:	5f00                	lw	s0,56(a4)
 65e:	745f 6164 6174      	.insn	6, 0x61746164745f
 664:	735f 6174 7472      	.insn	6, 0x74726174735f
 66a:	6d00                	ld	s0,24(a0)
 66c:	6d65                	lui	s10,0x19
 66e:	00746573          	csrrsi	a0,0x7,8
 672:	5f5f 616d 6e69      	.insn	6, 0x6e69616d5f5f
 678:	7300                	ld	s0,32(a4)
 67a:	6970                	ld	a2,208(a0)
 67c:	6c6e                	ld	s8,216(sp)
 67e:	5f6b636f          	jal	t1,b6c74 <__heap_size+0x96c74>
 682:	0074                	addi	a3,sp,12
 684:	5f5f 6e69 3374      	.insn	6, 0x33746e695f5f
 68a:	5f32                	lw	t5,44(sp)
 68c:	0074                	addi	a3,sp,12
 68e:	7468                	ld	a0,232(s0)
 690:	6669                	lui	a2,0x1a
 692:	6c5f 636f 006b      	.insn	6, 0x006b636f6c5f
 698:	7461                	lui	s0,0xffff8
 69a:	63696d6f          	jal	s10,96cd0 <__heap_size+0x76cd0>
 69e:	735f 6177 5f70      	.insn	6, 0x5f706177735f
 6a4:	6361                	lui	t1,0x18
 6a6:	7571                	lui	a0,0xffffc
 6a8:	7269                	lui	tp,0xffffa
 6aa:	0065                	c.nop	25
 6ac:	7461                	lui	s0,0xffff8
 6ae:	63696d6f          	jal	s10,96ce4 <__heap_size+0x76ce4>
 6b2:	745f 6100 6f74      	.insn	6, 0x6f746100745f
 6b8:	696d                	lui	s2,0x1b
 6ba:	6f6c5f63          	bge	s8,s6,db8 <__stack_align+0xda8>
 6be:	6461                	lui	s0,0x18
 6c0:	7300                	ld	s0,32(a4)
 6c2:	6970                	ld	a2,208(a0)
 6c4:	5f6e                	lw	t5,248(sp)
 6c6:	6f6c                	ld	a1,216(a4)
 6c8:	73006b63          	bltu	zero,a6,dfe <__stack_align+0xdee>
 6cc:	6970                	ld	a2,208(a0)
 6ce:	5f6e                	lw	t5,248(sp)
 6d0:	6e75                	lui	t3,0x1d
 6d2:	6f6c                	ld	a1,216(a4)
 6d4:	61006b63          	bltu	zero,a6,cea <__stack_align+0xcda>
 6d8:	6f74                	ld	a3,216(a4)
 6da:	696d                	lui	s2,0x1b
 6dc:	6c635f63          	bge	t1,t1,dba <__stack_align+0xdaa>
 6e0:	6165                	addi	sp,sp,112
 6e2:	5f72                	lw	t5,60(sp)
 6e4:	6572                	ld	a0,280(sp)
 6e6:	656c                	ld	a1,200(a0)
 6e8:	7361                	lui	t1,0xffff8
 6ea:	0065                	c.nop	25

Disassembly of section .debug_line_str:

0000000000000000 <.debug_line_str>:
   0:	6d6f682f          	.insn	4, 0x6d6f682f
   4:	2f65                	addiw	t5,t5,25 # 1b019 <__stack_size+0x13019>
   6:	6a68                	ld	a0,208(a2)
   8:	6e6f776b          	.insn	4, 0x6e6f776b
   c:	6968632f          	.insn	4, 0x6968632f
  10:	7970                	ld	a2,240(a0)
  12:	7261                	lui	tp,0xffff8
  14:	2f64                	fld	fs1,216(a4)
  16:	656e6567          	.insn	4, 0x656e6567
  1a:	6172                	ld	sp,280(sp)
  1c:	6f74                	ld	a3,216(a4)
  1e:	7372                	ld	t1,312(sp)
  20:	6c65762f          	.insn	4, 0x6c65762f
  24:	7361                	lui	t1,0xffff8
  26:	7461                	lui	s0,0xffff8
  28:	7275                	lui	tp,0xffffd
  2a:	2f6e                	fld	ft10,216(sp)
  2c:	74666f73          	csrrsi	t5,0x746,12
  30:	65726177          	.insn	4, 0x65726177
  34:	6975622f          	.insn	4, 0x6975622f
  38:	646c                	ld	a1,200(s0)
  3a:	2f00                	fld	fs0,24(a4)
  3c:	6f68                	ld	a0,216(a4)
  3e:	656d                	lui	a0,0x1b
  40:	6b6a682f          	.insn	4, 0x6b6a682f
  44:	2f6e6f77          	.insn	4, 0x2f6e6f77
  48:	70696863          	bltu	s2,t1,758 <__stack_align+0x748>
  4c:	6179                	addi	sp,sp,464
  4e:	6472                	ld	s0,280(sp)
  50:	6e65672f          	.insn	4, 0x6e65672f
  54:	7265                	lui	tp,0xffff9
  56:	7461                	lui	s0,0xffff8
  58:	2f73726f          	jal	tp,37b4e <__heap_size+0x17b4e>
  5c:	6576                	ld	a0,344(sp)
  5e:	616c                	ld	a1,192(a0)
  60:	75746173          	csrrsi	sp,0x757,8
  64:	6e72                	ld	t3,280(sp)
  66:	666f732f          	.insn	4, 0x666f732f
  6a:	7774                	ld	a3,232(a4)
  6c:	7261                	lui	tp,0xffff8
  6e:	2f65                	addiw	t5,t5,25
  70:	6676                	ld	a2,344(sp)
  72:	6970                	ld	a2,208(a0)
  74:	5f64                	lw	s1,124(a4)
  76:	6434                	ld	a3,72(s0)
  78:	632e                	ld	t1,200(sp)
  7a:	2f00                	fld	fs0,24(a4)
  7c:	6f68                	ld	a0,216(a4)
  7e:	656d                	lui	a0,0x1b
  80:	6b6a682f          	.insn	4, 0x6b6a682f
  84:	2f6e6f77          	.insn	4, 0x2f6e6f77
  88:	70696863          	bltu	s2,t1,798 <__stack_align+0x788>
  8c:	6179                	addi	sp,sp,464
  8e:	6472                	ld	s0,280(sp)
  90:	6e65672f          	.insn	4, 0x6e65672f
  94:	7265                	lui	tp,0xffff9
  96:	7461                	lui	s0,0xffff8
  98:	2f73726f          	jal	tp,37b8e <__heap_size+0x17b8e>
  9c:	6576                	ld	a0,344(sp)
  9e:	616c                	ld	a1,192(a0)
  a0:	75746173          	csrrsi	sp,0x757,8
  a4:	6e72                	ld	t3,280(sp)
  a6:	666f732f          	.insn	4, 0x666f732f
  aa:	7774                	ld	a3,232(a4)
  ac:	7261                	lui	tp,0xffff8
  ae:	0065                	c.nop	25
  b0:	6d6f682f          	.insn	4, 0x6d6f682f
  b4:	2f65                	addiw	t5,t5,25
  b6:	6a68                	ld	a0,208(a2)
  b8:	6e6f776b          	.insn	4, 0x6e6f776b
  bc:	6968632f          	.insn	4, 0x6968632f
  c0:	7970                	ld	a2,240(a0)
  c2:	7261                	lui	tp,0xffff8
  c4:	2f64                	fld	fs1,216(a4)
  c6:	632e                	ld	t1,200(sp)
  c8:	61646e6f          	jal	t3,466de <__heap_size+0x266de>
  cc:	652d                	lui	a0,0xb
  ce:	766e                	ld	a2,248(sp)
  d0:	7369722f          	.insn	4, 0x7369722f
  d4:	742d7663          	bgeu	s10,sp,820 <__stack_align+0x810>
  d8:	736c6f6f          	jal	t5,c680e <__heap_size+0xa680e>
  dc:	7369722f          	.insn	4, 0x7369722f
  e0:	34367663          	bgeu	a2,gp,42c <__stack_align+0x41c>
  e4:	752d                	lui	a0,0xfffeb
  e6:	6b6e                	ld	s6,216(sp)
  e8:	6f6e                	ld	t5,216(sp)
  ea:	652d6e77          	.insn	4, 0x652d6e77
  ee:	666c                	ld	a1,200(a2)
  f0:	636e692f          	.insn	4, 0x636e692f
  f4:	756c                	ld	a1,232(a0)
  f6:	6564                	ld	s1,200(a0)
  f8:	7300                	ld	s0,32(a4)
  fa:	6474                	ld	a3,200(s0)
  fc:	6f69                	lui	t5,0x1a
  fe:	682e                	ld	a6,200(sp)
 100:	2e00                	fld	fs0,24(a2)
 102:	2f2e                	fld	ft10,200(sp)
 104:	2e2e                	fld	ft8,200(sp)
 106:	2f2e2e2f          	.insn	4, 0x2f2e2e2f
 10a:	2e2e                	fld	ft8,200(sp)
 10c:	6363672f          	.insn	4, 0x6363672f
 110:	62696c2f          	.insn	4, 0x62696c2f
 114:	2f636367          	.insn	4, 0x2f636367
 118:	74666f73          	csrrsi	t5,0x746,12
 11c:	662d                	lui	a2,0xb
 11e:	2f70                	fld	fa2,216(a4)
 120:	7274                	ld	a3,224(a2)
 122:	6e75                	lui	t3,0x1d
 124:	64667463          	bgeu	a2,t1,76c <__stack_align+0x75c>
 128:	3266                	fld	ft4,120(sp)
 12a:	632e                	ld	t1,200(sp)
 12c:	2f00                	fld	fs0,24(a4)
 12e:	6f68                	ld	a0,216(a4)
 130:	656d                	lui	a0,0x1b
 132:	6e6f632f          	.insn	4, 0x6e6f632f
 136:	6164                	ld	s1,192(a0)
 138:	6565662f          	.insn	4, 0x6565662f
 13c:	7364                	ld	s1,224(a4)
 13e:	6f74                	ld	a3,216(a4)
 140:	725f6b63          	bltu	t5,t0,876 <__stack_align+0x866>
 144:	2f746f6f          	jal	t5,46c3a <__heap_size+0x26c3a>
 148:	7562                	ld	a0,56(sp)
 14a:	6c69                	lui	s8,0x1a
 14c:	5f64                	lw	s1,124(a4)
 14e:	7261                	lui	tp,0xffff8
 150:	6974                	ld	a3,208(a0)
 152:	6166                	ld	sp,88(sp)
 154:	2f737463          	bgeu	t1,s7,43c <__stack_align+0x42c>
 158:	6972                	ld	s2,280(sp)
 15a:	2d766373          	csrrsi	t1,0x2d7,12
 15e:	6f74                	ld	a3,216(a4)
 160:	5f736c6f          	jal	s8,36f56 <__heap_size+0x16f56>
 164:	3731                	addiw	a4,a4,-20 # ffffffffffff8fec <__heap_end+0xffffffff7ffd3fec>
 166:	3031                	.insn	2, 0x3031
 168:	3931                	addiw	s2,s2,-20 # 1afec <__stack_size+0x12fec>
 16a:	3634                	fld	fa3,104(a2)
 16c:	3832                	fld	fa6,296(sp)
 16e:	2f363637          	lui	a2,0x2f363
 172:	6b726f77          	.insn	4, 0x6b726f77
 176:	7369722f          	.insn	4, 0x7369722f
 17a:	672d7663          	bgeu	s10,s2,7e6 <__stack_align+0x7d6>
 17e:	756e                	ld	a0,248(sp)
 180:	742d                	lui	s0,0xfffeb
 182:	636c6f6f          	jal	t5,c67b8 <__heap_size+0xa67b8>
 186:	6168                	ld	a0,192(a0)
 188:	6e69                	lui	t3,0x1a
 18a:	6975622f          	.insn	4, 0x6975622f
 18e:	646c                	ld	a1,200(s0)
 190:	6975622f          	.insn	4, 0x6975622f
 194:	646c                	ld	a1,200(s0)
 196:	672d                	lui	a4,0xb
 198:	6e2d6363          	bltu	s10,sp,87e <__stack_align+0x86e>
 19c:	7765                	lui	a4,0xffff9
 19e:	696c                	ld	a1,208(a0)
 1a0:	2d62                	fld	fs10,24(sp)
 1a2:	67617473          	csrrci	s0,0x676,2
 1a6:	3265                	addiw	tp,tp,-7 # ffffffffffff7ff9 <__heap_end+0xffffffff7ffd2ff9>
 1a8:	7369722f          	.insn	4, 0x7369722f
 1ac:	34367663          	bgeu	a2,gp,4f8 <__stack_align+0x4e8>
 1b0:	752d                	lui	a0,0xfffeb
 1b2:	6b6e                	ld	s6,216(sp)
 1b4:	6f6e                	ld	t5,216(sp)
 1b6:	652d6e77          	.insn	4, 0x652d6e77
 1ba:	666c                	ld	a1,200(a2)
 1bc:	62696c2f          	.insn	4, 0x62696c2f
 1c0:	00636367          	.insn	4, 0x00636367
 1c4:	2e2e                	fld	ft8,200(sp)
 1c6:	2f2e2e2f          	.insn	4, 0x2f2e2e2f
 1ca:	2e2e                	fld	ft8,200(sp)
 1cc:	2f2e2e2f          	.insn	4, 0x2f2e2e2f
 1d0:	2f636367          	.insn	4, 0x2f636367
 1d4:	696c                	ld	a1,208(a0)
 1d6:	6762                	ld	a4,24(sp)
 1d8:	732f6363          	bltu	t5,s2,8fe <__stack_align+0x8ee>
 1dc:	2d74666f          	jal	a2,46cb2 <__heap_size+0x26cb2>
 1e0:	7066                	.insn	2, 0x7066
 1e2:	6400                	ld	s0,8(s0)
 1e4:	6c62756f          	jal	a0,278aa <__heap_size+0x78aa>
 1e8:	2e65                	addiw	t3,t3,25 # 1a019 <__stack_size+0x12019>
 1ea:	0068                	addi	a0,sp,12
 1ec:	7571                	lui	a0,0xffffc
 1ee:	6461                	lui	s0,0x18
 1f0:	682e                	ld	a6,200(sp)
 1f2:	2f00                	fld	fs0,24(a4)
 1f4:	6f68                	ld	a0,216(a4)
 1f6:	656d                	lui	a0,0x1b
 1f8:	6b6a682f          	.insn	4, 0x6b6a682f
 1fc:	2f6e6f77          	.insn	4, 0x2f6e6f77
 200:	70696863          	bltu	s2,t1,910 <__stack_align+0x900>
 204:	6179                	addi	sp,sp,464
 206:	6472                	ld	s0,280(sp)
 208:	6f6f742f          	.insn	4, 0x6f6f742f
 20c:	636c                	ld	a1,192(a4)
 20e:	6168                	ld	a0,192(a0)
 210:	6e69                	lui	t3,0x1a
 212:	696c2f73          	csrrs	t5,0x696,s8
 216:	6762                	ld	a4,24(sp)
 218:	6f6c                	ld	a1,216(a4)
 21a:	622f7373          	csrrci	t1,0x622,30
 21e:	6975                	lui	s2,0x1d
 220:	646c                	ld	a1,200(s0)
 222:	2e00                	fld	fs0,24(a2)
 224:	2f2e                	fld	ft10,200(sp)
 226:	2f737973          	csrrci	s2,0x2f7,6
 22a:	736f6c63          	bltu	t5,s6,962 <__stack_align+0x952>
 22e:	2e65                	addiw	t3,t3,25 # 1a019 <__stack_size+0x12019>
 230:	2e2e0063          	beq	t3,sp,510 <__stack_align+0x500>
 234:	7379732f          	.insn	4, 0x7379732f
 238:	2f00                	fld	fs0,24(a4)
 23a:	6f68                	ld	a0,216(a4)
 23c:	656d                	lui	a0,0x1b
 23e:	6b6a682f          	.insn	4, 0x6b6a682f
 242:	2f6e6f77          	.insn	4, 0x2f6e6f77
 246:	70696863          	bltu	s2,t1,956 <__stack_align+0x946>
 24a:	6179                	addi	sp,sp,464
 24c:	6472                	ld	s0,280(sp)
 24e:	6f632e2f          	.insn	4, 0x6f632e2f
 252:	646e                	ld	s0,216(sp)
 254:	2d61                	addiw	s10,s10,24 # 19018 <__stack_size+0x11018>
 256:	6e65                	lui	t3,0x19
 258:	2f76                	fld	ft10,344(sp)
 25a:	6972                	ld	s2,280(sp)
 25c:	2d766373          	csrrsi	t1,0x2d7,12
 260:	6f74                	ld	a3,216(a4)
 262:	2f736c6f          	jal	s8,36d58 <__heap_size+0x16d58>
 266:	6972                	ld	s2,280(sp)
 268:	36766373          	csrrsi	t1,0x367,12
 26c:	2d34                	fld	fa3,88(a0)
 26e:	6e75                	lui	t3,0x1d
 270:	776f6e6b          	.insn	4, 0x776f6e6b
 274:	2d6e                	fld	fs10,216(sp)
 276:	6c65                	lui	s8,0x19
 278:	2f66                	fld	ft10,88(sp)
 27a:	6e69                	lui	t3,0x1a
 27c:	64756c63          	bltu	a0,t2,8d4 <__stack_align+0x8c4>
 280:	2f65                	addiw	t5,t5,25 # 1a019 <__stack_size+0x12019>
 282:	00737973          	csrrci	s2,0x7,6
 286:	7265                	lui	tp,0xffff9
 288:	6e72                	ld	t3,280(sp)
 28a:	00682e6f          	jal	t3,82290 <__heap_size+0x62290>
 28e:	2e2e                	fld	ft8,200(sp)
 290:	7379732f          	.insn	4, 0x7379732f
 294:	6978652f          	.insn	4, 0x6978652f
 298:	2e74                	fld	fa3,216(a2)
 29a:	682f0063          	beq	t5,sp,91a <__stack_align+0x90a>
 29e:	2f656d6f          	jal	s10,56594 <__heap_size+0x36594>
 2a2:	6a68                	ld	a0,208(a2)
 2a4:	6e6f776b          	.insn	4, 0x6e6f776b
 2a8:	6968632f          	.insn	4, 0x6968632f
 2ac:	7970                	ld	a2,240(a0)
 2ae:	7261                	lui	tp,0xffff8
 2b0:	2f64                	fld	fs1,216(a4)
 2b2:	632e                	ld	t1,200(sp)
 2b4:	61646e6f          	jal	t3,468ca <__heap_size+0x268ca>
 2b8:	652d                	lui	a0,0xb
 2ba:	766e                	ld	a2,248(sp)
 2bc:	7369722f          	.insn	4, 0x7369722f
 2c0:	742d7663          	bgeu	s10,sp,a0c <__stack_align+0x9fc>
 2c4:	736c6f6f          	jal	t5,c69fa <__heap_size+0xa69fa>
 2c8:	7369722f          	.insn	4, 0x7369722f
 2cc:	34367663          	bgeu	a2,gp,618 <__stack_align+0x608>
 2d0:	752d                	lui	a0,0xfffeb
 2d2:	6b6e                	ld	s6,216(sp)
 2d4:	6f6e                	ld	t5,216(sp)
 2d6:	652d6e77          	.insn	4, 0x652d6e77
 2da:	666c                	ld	a1,200(a2)
 2dc:	636e692f          	.insn	4, 0x636e692f
 2e0:	756c                	ld	a1,232(a0)
 2e2:	6564                	ld	s1,200(a0)
 2e4:	63616d2f          	.insn	4, 0x63616d2f
 2e8:	6968                	ld	a0,208(a0)
 2ea:	656e                	ld	a0,216(sp)
 2ec:	2e00                	fld	fs0,24(a2)
 2ee:	2f2e                	fld	ft10,200(sp)
 2f0:	6e69                	lui	t3,0x1a
 2f2:	64756c63          	bltu	a0,t2,94a <__stack_align+0x93a>
 2f6:	0065                	c.nop	25
 2f8:	645f 6665 7561      	.insn	6, 0x75616665645f
 2fe:	746c                	ld	a1,232(s0)
 300:	745f 7079 7365      	.insn	6, 0x73657079745f
 306:	682e                	ld	a6,200(sp)
 308:	5f00                	lw	s0,56(a4)
 30a:	69647473          	csrrci	s0,0x696,8
 30e:	746e                	ld	s0,248(sp)
 310:	682e                	ld	a6,200(sp)
 312:	6800                	ld	s0,16(s0)
 314:	6974                	ld	a3,208(a0)
 316:	2e66                	fld	ft8,88(sp)
 318:	0068                	addi	a0,sp,12
 31a:	2e2e                	fld	ft8,200(sp)
 31c:	7379732f          	.insn	4, 0x7379732f
 320:	7473662f          	.insn	4, 0x7473662f
 324:	7461                	lui	s0,0xffff8
 326:	632e                	ld	t1,200(sp)
 328:	5f00                	lw	s0,56(a4)
 32a:	6974                	ld	a3,208(a0)
 32c:	656d                	lui	a0,0x1b
 32e:	63657073          	csrci	0x636,10
 332:	682e                	ld	a6,200(sp)
 334:	7300                	ld	s0,32(a4)
 336:	6174                	ld	a3,192(a0)
 338:	2e74                	fld	fa3,216(a2)
 33a:	0068                	addi	a0,sp,12
 33c:	2e2e                	fld	ft8,200(sp)
 33e:	7379732f          	.insn	4, 0x7379732f
 342:	7465672f          	.insn	4, 0x7465672f
 346:	6970                	ld	a2,208(a0)
 348:	2e64                	fld	fs1,216(a2)
 34a:	2e2e0063          	beq	t3,sp,62a <__stack_align+0x61a>
 34e:	7379732f          	.insn	4, 0x7379732f
 352:	6173692f          	.insn	4, 0x6173692f
 356:	7474                	ld	a3,232(s0)
 358:	2e79                	addiw	t3,t3,30 # 1a01e <__stack_size+0x1201e>
 35a:	2e2e0063          	beq	t3,sp,63a <__stack_align+0x62a>
 35e:	7379732f          	.insn	4, 0x7379732f
 362:	6c696b2f          	.insn	4, 0x6c696b2f
 366:	2e6c                	fld	fa1,216(a2)
 368:	2e2e0063          	beq	t3,sp,648 <__stack_align+0x638>
 36c:	7379732f          	.insn	4, 0x7379732f
 370:	65736c2f          	.insn	4, 0x65736c2f
 374:	6b65                	lui	s6,0x19
 376:	632e                	ld	t1,200(sp)
 378:	2e00                	fld	fs0,24(a2)
 37a:	2f2e                	fld	ft10,200(sp)
 37c:	2f737973          	csrrci	s2,0x2f7,6
 380:	6572                	ld	a0,280(sp)
 382:	6461                	lui	s0,0x18
 384:	632e                	ld	t1,200(sp)
 386:	2f00                	fld	fs0,24(a4)
 388:	6f68                	ld	a0,216(a4)
 38a:	656d                	lui	a0,0x1b
 38c:	6b6a682f          	.insn	4, 0x6b6a682f
 390:	2f6e6f77          	.insn	4, 0x2f6e6f77
 394:	70696863          	bltu	s2,t1,aa4 <__stack_align+0xa94>
 398:	6179                	addi	sp,sp,464
 39a:	6472                	ld	s0,280(sp)
 39c:	6f632e2f          	.insn	4, 0x6f632e2f
 3a0:	646e                	ld	s0,216(sp)
 3a2:	2d61                	addiw	s10,s10,24
 3a4:	6e65                	lui	t3,0x19
 3a6:	2f76                	fld	ft10,344(sp)
 3a8:	6972                	ld	s2,280(sp)
 3aa:	2d766373          	csrrsi	t1,0x2d7,12
 3ae:	6f74                	ld	a3,216(a4)
 3b0:	2f736c6f          	jal	s8,36ea6 <__heap_size+0x16ea6>
 3b4:	696c                	ld	a1,208(a0)
 3b6:	2f62                	fld	ft10,24(sp)
 3b8:	2f636367          	.insn	4, 0x2f636367
 3bc:	6972                	ld	s2,280(sp)
 3be:	36766373          	csrrsi	t1,0x367,12
 3c2:	2d34                	fld	fa3,88(a0)
 3c4:	6e75                	lui	t3,0x1d
 3c6:	776f6e6b          	.insn	4, 0x776f6e6b
 3ca:	2d6e                	fld	fs10,216(sp)
 3cc:	6c65                	lui	s8,0x19
 3ce:	2f66                	fld	ft10,88(sp)
 3d0:	3331                	addiw	t1,t1,-20 # ffffffffffff7fec <__heap_end+0xffffffff7ffd2fec>
 3d2:	322e                	fld	ft4,232(sp)
 3d4:	302e                	fld	ft0,232(sp)
 3d6:	636e692f          	.insn	4, 0x636e692f
 3da:	756c                	ld	a1,232(a0)
 3dc:	6564                	ld	s1,200(a0)
 3de:	7300                	ld	s0,32(a4)
 3e0:	6474                	ld	a3,200(s0)
 3e2:	6564                	ld	s1,200(a0)
 3e4:	2e66                	fld	ft8,88(sp)
 3e6:	0068                	addi	a0,sp,12
 3e8:	2e2e                	fld	ft8,200(sp)
 3ea:	7379732f          	.insn	4, 0x7379732f
 3ee:	7262732f          	.insn	4, 0x7262732f
 3f2:	00632e6b          	.insn	4, 0x00632e6b
 3f6:	2e2e                	fld	ft8,200(sp)
 3f8:	7379732f          	.insn	4, 0x7379732f
 3fc:	6972772f          	.insn	4, 0x6972772f
 400:	6574                	ld	a3,200(a0)
 402:	632e                	ld	t1,200(sp)
 404:	2e00                	fld	fs0,24(a2)
 406:	2f2e                	fld	ft10,200(sp)
 408:	696d                	lui	s2,0x1b
 40a:	63006373          	csrrsi	t1,0x630,0
 40e:	7472                	ld	s0,312(sp)
 410:	2e30                	fld	fa2,88(a2)
 412:	72630053          	.insn	4, 0x72630053
 416:	6d74                	ld	a3,216(a0)
 418:	6961                	lui	s2,0x18
 41a:	2e6e                	fld	ft8,216(sp)
 41c:	2e2e0053          	.insn	4, 0x2e2e0053
 420:	73696d2f          	.insn	4, 0x73696d2f
 424:	72742f63          	.insn	4, 0x72742f63
 428:	7061                	c.lui	zero,0xffff8
 42a:	00632e73          	csrrs	t3,0x6,t1
 42e:	63737973          	csrrci	s2,0x637,6
 432:	6c61                	lui	s8,0x18
 434:	2e6c                	fld	fa1,216(a2)
 436:	0068                	addi	a0,sp,12
 438:	2e2e                	fld	ft8,200(sp)
 43a:	73696d2f          	.insn	4, 0x73696d2f
 43e:	6c742f63          	.insn	4, 0x6c742f63
 442:	00632e73          	csrrs	t3,0x6,t1
 446:	69727473          	csrrci	s0,0x697,4
 44a:	676e                	ld	a4,216(sp)
 44c:	682e                	ld	a6,200(sp)
 44e:	2e00                	fld	fs0,24(a2)
 450:	2f2e                	fld	ft10,200(sp)
 452:	696d                	lui	s2,0x1b
 454:	6d2f6373          	csrrsi	t1,0x6d2,30
 458:	6961                	lui	s2,0x18
 45a:	2e6e                	fld	ft8,216(sp)
 45c:	2e2e0063          	beq	t3,sp,73c <__stack_align+0x72c>
 460:	73696d2f          	.insn	4, 0x73696d2f
 464:	74682f63          	.insn	4, 0x74682f63
 468:	6669                	lui	a2,0x1a
 46a:	632e                	ld	t1,200(sp)
 46c:	6100                	ld	s0,0(a0)
 46e:	6f74                	ld	a3,216(a4)
 470:	696d                	lui	s2,0x1b
 472:	00682e63          	.insn	4, 0x00682e63
 476:	6e697073          	csrci	0x6e6,18
 47a:	6f6c                	ld	a1,216(a4)
 47c:	682e6b63          	bltu	t3,sp,b12 <__stack_align+0xb02>
	...

Disassembly of section .comment:

0000000000000000 <.comment>:
   0:	3a434347          	fmsub.d	ft6,ft6,ft4,ft7,rmm
   4:	2820                	fld	fs0,80(s0)
   6:	39386367          	.insn	4, 0x39386367
   a:	6431                	lui	s0,0xc
   c:	6438                	ld	a4,72(s0)
   e:	65333263          	.insn	4, 0x65333263
  12:	2029                	.insn	2, 0x2029
  14:	3331                	addiw	t1,t1,-20
  16:	322e                	fld	ft4,232(sp)
  18:	302e                	fld	ft0,232(sp)
  1a:	4700                	lw	s0,8(a4)
  1c:	203a4343          	fmadd.s	ft6,fs4,ft3,ft4,rmm
  20:	4728                	lw	a0,72(a4)
  22:	554e                	lw	a0,240(sp)
  24:	2029                	.insn	2, 0x2029
  26:	3331                	addiw	t1,t1,-20
  28:	322e                	fld	ft4,232(sp)
  2a:	302e                	fld	ft0,232(sp)
	...

Disassembly of section .riscv.attributes:

0000000000000000 <.riscv.attributes>:
   0:	a041                	j	80 <__stack_align+0x70>
   2:	0000                	unimp
   4:	7200                	ld	s0,32(a2)
   6:	7369                	lui	t1,0xffffa
   8:	01007663          	bgeu	zero,a6,14 <__stack_align+0x4>
   c:	0096                	slli	ra,ra,0x5
   e:	0000                	unimp
  10:	1004                	addi	s1,sp,32
  12:	7205                	lui	tp,0xfffe1
  14:	3676                	fld	fa2,376(sp)
  16:	6934                	ld	a3,80(a0)
  18:	7032                	.insn	2, 0x7032
  1a:	5f31                	li	t5,-20
  1c:	326d                	addiw	tp,tp,-5 # fffffffffffe0ffb <__heap_end+0xffffffff7ffbbffb>
  1e:	3070                	fld	fa2,224(s0)
  20:	615f 7032 5f31      	.insn	6, 0x5f317032615f
  26:	3266                	fld	ft4,120(sp)
  28:	3270                	fld	fa2,224(a2)
  2a:	645f 7032 5f32      	.insn	6, 0x5f327032645f
  30:	30703263          	.insn	4, 0x30703263
  34:	765f 7031 5f30      	.insn	6, 0x5f307031765f
  3a:	697a                	ld	s2,408(sp)
  3c:	32727363          	bgeu	tp,t2,362 <__stack_align+0x352>
  40:	3070                	fld	fa2,224(s0)
  42:	7a5f 6d6d 6c75      	.insn	6, 0x6c756d6d7a5f
  48:	7031                	c.lui	zero,0xfffec
  4a:	5f30                	lw	a2,120(a4)
  4c:	767a                	ld	a2,440(sp)
  4e:	3365                	addiw	t1,t1,-7 # ffffffffffff9ff9 <__heap_end+0xffffffff7ffd4ff9>
  50:	6632                	ld	a2,264(sp)
  52:	7031                	c.lui	zero,0xfffec
  54:	5f30                	lw	a2,120(a4)
  56:	767a                	ld	a2,440(sp)
  58:	3365                	addiw	t1,t1,-7
  5a:	7832                	ld	a6,296(sp)
  5c:	7031                	c.lui	zero,0xfffec
  5e:	5f30                	lw	a2,120(a4)
  60:	767a                	ld	a2,440(sp)
  62:	3665                	addiw	a2,a2,-7 # 19ff9 <__stack_size+0x11ff9>
  64:	6434                	ld	a3,72(s0)
  66:	7031                	c.lui	zero,0xfffec
  68:	5f30                	lw	a2,120(a4)
  6a:	767a                	ld	a2,440(sp)
  6c:	3665                	addiw	a2,a2,-7
  6e:	6634                	ld	a3,72(a2)
  70:	7031                	c.lui	zero,0xfffec
  72:	5f30                	lw	a2,120(a4)
  74:	767a                	ld	a2,440(sp)
  76:	3665                	addiw	a2,a2,-7
  78:	7834                	ld	a3,112(s0)
  7a:	7031                	c.lui	zero,0xfffec
  7c:	5f30                	lw	a2,120(a4)
  7e:	767a                	ld	a2,440(sp)
  80:	316c                	fld	fa1,224(a0)
  82:	3832                	fld	fa6,296(sp)
  84:	3162                	fld	ft2,56(sp)
  86:	3070                	fld	fa2,224(s0)
  88:	7a5f 6c76 3233      	.insn	6, 0x32336c767a5f
  8e:	3162                	fld	ft2,56(sp)
  90:	3070                	fld	fa2,224(s0)
  92:	7a5f 6c76 3436      	.insn	6, 0x34366c767a5f
  98:	3162                	fld	ft2,56(sp)
  9a:	3070                	fld	fa2,224(s0)
  9c:	0800                	addi	s0,sp,16
  9e:	0a01                	addi	s4,s4,0
  a0:	Address 0xa0 is out of bounds.


Disassembly of section .debug_frame:

0000000000000000 <.debug_frame>:
   0:	000c                	.insn	2, 0x000c
   2:	0000                	unimp
   4:	ffff                	.insn	2, 0xffff
   6:	ffff                	.insn	2, 0xffff
   8:	7c010003          	lb	zero,1984(sp)
   c:	0d01                	addi	s10,s10,0
   e:	0002                	c.slli64	zero
  10:	0044                	addi	s1,sp,4
  12:	0000                	unimp
  14:	0000                	unimp
  16:	0000                	unimp
  18:	0230                	addi	a2,sp,264
  1a:	8000                	.insn	2, 0x8000
  1c:	0000                	unimp
  1e:	0000                	unimp
  20:	0150                	addi	a2,sp,132
  22:	0000                	unimp
  24:	0000                	unimp
  26:	0000                	unimp
  28:	0e44                	addi	s1,sp,788
  2a:	02d0                	addi	a2,sp,324
  2c:	8164                	.insn	2, 0x8164
  2e:	8802                	jr	a6
  30:	8904                	.insn	2, 0x8904
  32:	9206                	add	tp,tp,ra
  34:	9308                	.insn	2, 0x9308
  36:	940a                	add	s0,s0,sp
  38:	950c                	.insn	2, 0x950c
  3a:	960e                	add	a2,a2,gp
  3c:	0310                	addi	a2,sp,384
  3e:	0100                	addi	s0,sp,128
  40:	44c1                	li	s1,16
  42:	44c8                	lw	a0,12(s1)
  44:	44c9                	li	s1,18
  46:	44d2                	lw	s1,20(sp)
  48:	44d444d3          	.insn	4, 0x44d444d3
  4c:	44d5                	li	s1,21
  4e:	48d6                	lw	a7,84(sp)
  50:	000e                	c.slli	zero,0x3
  52:	0000                	unimp
  54:	0000                	unimp
  56:	0000                	unimp
  58:	000c                	.insn	2, 0x000c
  5a:	0000                	unimp
  5c:	ffff                	.insn	2, 0xffff
  5e:	ffff                	.insn	2, 0xffff
  60:	7c010003          	lb	zero,1984(sp)
  64:	0d01                	addi	s10,s10,0
  66:	0002                	c.slli64	zero
  68:	0014                	.insn	2, 0x0014
  6a:	0000                	unimp
  6c:	0058                	addi	a4,sp,4
  6e:	0000                	unimp
  70:	3bc0                	fld	fs0,176(a5)
  72:	8000                	.insn	2, 0x8000
  74:	0000                	unimp
  76:	0000                	unimp
  78:	0220                	addi	s0,sp,264
  7a:	0000                	unimp
  7c:	0000                	unimp
  7e:	0000                	unimp
  80:	000c                	.insn	2, 0x000c
  82:	0000                	unimp
  84:	ffff                	.insn	2, 0xffff
  86:	ffff                	.insn	2, 0xffff
  88:	7c010003          	lb	zero,1984(sp)
  8c:	0d01                	addi	s10,s10,0
  8e:	0002                	c.slli64	zero
  90:	0024                	addi	s1,sp,8
  92:	0000                	unimp
  94:	0080                	addi	s0,sp,64
  96:	0000                	unimp
  98:	3de0                	fld	fs0,248(a1)
  9a:	8000                	.insn	2, 0x8000
  9c:	0000                	unimp
  9e:	0000                	unimp
  a0:	0014                	.insn	2, 0x0014
  a2:	0000                	unimp
  a4:	0000                	unimp
  a6:	0000                	unimp
  a8:	0e42                	slli	t3,t3,0x10
  aa:	4210                	lw	a2,0(a2)
  ac:	0281                	addi	t0,t0,0
  ae:	c146                	sw	a7,128(sp)
  b0:	0e48                	addi	a0,sp,788
  b2:	0000                	unimp
  b4:	0000                	unimp
  b6:	0000                	unimp
  b8:	000c                	.insn	2, 0x000c
  ba:	0000                	unimp
  bc:	ffff                	.insn	2, 0xffff
  be:	ffff                	.insn	2, 0xffff
  c0:	7c010003          	lb	zero,1984(sp)
  c4:	0d01                	addi	s10,s10,0
  c6:	0002                	c.slli64	zero
  c8:	0014                	.insn	2, 0x0014
  ca:	0000                	unimp
  cc:	00b8                	addi	a4,sp,72
  ce:	0000                	unimp
  d0:	3df4                	fld	fa3,248(a1)
  d2:	8000                	.insn	2, 0x8000
  d4:	0000                	unimp
  d6:	0000                	unimp
  d8:	0022                	c.slli	zero,0x8
  da:	0000                	unimp
  dc:	0000                	unimp
  de:	0000                	unimp
  e0:	000c                	.insn	2, 0x000c
  e2:	0000                	unimp
  e4:	ffff                	.insn	2, 0xffff
  e6:	ffff                	.insn	2, 0xffff
  e8:	7c010003          	lb	zero,1984(sp)
  ec:	0d01                	addi	s10,s10,0
  ee:	0002                	c.slli64	zero
  f0:	0024                	addi	s1,sp,8
  f2:	0000                	unimp
  f4:	00e0                	addi	s0,sp,76
  f6:	0000                	unimp
  f8:	3e16                	fld	ft8,352(sp)
  fa:	8000                	.insn	2, 0x8000
  fc:	0000                	unimp
  fe:	0000                	unimp
 100:	0014                	.insn	2, 0x0014
 102:	0000                	unimp
 104:	0000                	unimp
 106:	0000                	unimp
 108:	0e42                	slli	t3,t3,0x10
 10a:	4210                	lw	a2,0(a2)
 10c:	0281                	addi	t0,t0,0
 10e:	c146                	sw	a7,128(sp)
 110:	0e48                	addi	a0,sp,788
 112:	0000                	unimp
 114:	0000                	unimp
 116:	0000                	unimp
 118:	000c                	.insn	2, 0x000c
 11a:	0000                	unimp
 11c:	ffff                	.insn	2, 0xffff
 11e:	ffff                	.insn	2, 0xffff
 120:	7c010003          	lb	zero,1984(sp)
 124:	0d01                	addi	s10,s10,0
 126:	0002                	c.slli64	zero
 128:	0014                	.insn	2, 0x0014
 12a:	0000                	unimp
 12c:	0118                	addi	a4,sp,128
 12e:	0000                	unimp
 130:	3e2a                	fld	ft8,168(sp)
 132:	8000                	.insn	2, 0x8000
 134:	0000                	unimp
 136:	0000                	unimp
 138:	0004                	.insn	2, 0x0004
 13a:	0000                	unimp
 13c:	0000                	unimp
 13e:	0000                	unimp
 140:	000c                	.insn	2, 0x000c
 142:	0000                	unimp
 144:	ffff                	.insn	2, 0xffff
 146:	ffff                	.insn	2, 0xffff
 148:	7c010003          	lb	zero,1984(sp)
 14c:	0d01                	addi	s10,s10,0
 14e:	0002                	c.slli64	zero
 150:	0014                	.insn	2, 0x0014
 152:	0000                	unimp
 154:	0140                	addi	s0,sp,132
 156:	0000                	unimp
 158:	3e2e                	fld	ft8,232(sp)
 15a:	8000                	.insn	2, 0x8000
 15c:	0000                	unimp
 15e:	0000                	unimp
 160:	0008                	.insn	2, 0x0008
 162:	0000                	unimp
 164:	0000                	unimp
 166:	0000                	unimp
 168:	000c                	.insn	2, 0x000c
 16a:	0000                	unimp
 16c:	ffff                	.insn	2, 0xffff
 16e:	ffff                	.insn	2, 0xffff
 170:	7c010003          	lb	zero,1984(sp)
 174:	0d01                	addi	s10,s10,0
 176:	0002                	c.slli64	zero
 178:	0024                	addi	s1,sp,8
 17a:	0000                	unimp
 17c:	0168                	addi	a0,sp,140
 17e:	0000                	unimp
 180:	3e36                	fld	ft8,360(sp)
 182:	8000                	.insn	2, 0x8000
 184:	0000                	unimp
 186:	0000                	unimp
 188:	0014                	.insn	2, 0x0014
 18a:	0000                	unimp
 18c:	0000                	unimp
 18e:	0000                	unimp
 190:	0e42                	slli	t3,t3,0x10
 192:	4210                	lw	a2,0(a2)
 194:	0281                	addi	t0,t0,0
 196:	c146                	sw	a7,128(sp)
 198:	0e48                	addi	a0,sp,788
 19a:	0000                	unimp
 19c:	0000                	unimp
 19e:	0000                	unimp
 1a0:	000c                	.insn	2, 0x000c
 1a2:	0000                	unimp
 1a4:	ffff                	.insn	2, 0xffff
 1a6:	ffff                	.insn	2, 0xffff
 1a8:	7c010003          	lb	zero,1984(sp)
 1ac:	0d01                	addi	s10,s10,0
 1ae:	0002                	c.slli64	zero
 1b0:	0024                	addi	s1,sp,8
 1b2:	0000                	unimp
 1b4:	01a0                	addi	s0,sp,200
 1b6:	0000                	unimp
 1b8:	3e4a                	fld	ft8,176(sp)
 1ba:	8000                	.insn	2, 0x8000
 1bc:	0000                	unimp
 1be:	0000                	unimp
 1c0:	0014                	.insn	2, 0x0014
 1c2:	0000                	unimp
 1c4:	0000                	unimp
 1c6:	0000                	unimp
 1c8:	0e42                	slli	t3,t3,0x10
 1ca:	4210                	lw	a2,0(a2)
 1cc:	0281                	addi	t0,t0,0
 1ce:	c146                	sw	a7,128(sp)
 1d0:	0e48                	addi	a0,sp,788
 1d2:	0000                	unimp
 1d4:	0000                	unimp
 1d6:	0000                	unimp
 1d8:	000c                	.insn	2, 0x000c
 1da:	0000                	unimp
 1dc:	ffff                	.insn	2, 0xffff
 1de:	ffff                	.insn	2, 0xffff
 1e0:	7c010003          	lb	zero,1984(sp)
 1e4:	0d01                	addi	s10,s10,0
 1e6:	0002                	c.slli64	zero
 1e8:	0024                	addi	s1,sp,8
 1ea:	0000                	unimp
 1ec:	01d8                	addi	a4,sp,196
 1ee:	0000                	unimp
 1f0:	3e5e                	fld	ft8,496(sp)
 1f2:	8000                	.insn	2, 0x8000
 1f4:	0000                	unimp
 1f6:	0000                	unimp
 1f8:	0016                	c.slli	zero,0x5
 1fa:	0000                	unimp
 1fc:	0000                	unimp
 1fe:	0000                	unimp
 200:	0e42                	slli	t3,t3,0x10
 202:	4210                	lw	a2,0(a2)
 204:	0281                	addi	t0,t0,0
 206:	c146                	sw	a7,128(sp)
 208:	0e4a                	slli	t3,t3,0x12
 20a:	0000                	unimp
 20c:	0000                	unimp
 20e:	0000                	unimp
 210:	000c                	.insn	2, 0x000c
 212:	0000                	unimp
 214:	ffff                	.insn	2, 0xffff
 216:	ffff                	.insn	2, 0xffff
 218:	7c010003          	lb	zero,1984(sp)
 21c:	0d01                	addi	s10,s10,0
 21e:	0002                	c.slli64	zero
 220:	0024                	addi	s1,sp,8
 222:	0000                	unimp
 224:	0210                	addi	a2,sp,256
 226:	0000                	unimp
 228:	3e74                	fld	fa3,248(a2)
 22a:	8000                	.insn	2, 0x8000
 22c:	0000                	unimp
 22e:	0000                	unimp
 230:	003c                	addi	a5,sp,8
 232:	0000                	unimp
 234:	0000                	unimp
 236:	0000                	unimp
 238:	0e68                	addi	a0,sp,796
 23a:	4210                	lw	a2,0(a2)
 23c:	0281                	addi	t0,t0,0
 23e:	c146                	sw	a7,128(sp)
 240:	0e4a                	slli	t3,t3,0x12
 242:	0000                	unimp
 244:	0000                	unimp
 246:	0000                	unimp
 248:	000c                	.insn	2, 0x000c
 24a:	0000                	unimp
 24c:	ffff                	.insn	2, 0xffff
 24e:	ffff                	.insn	2, 0xffff
 250:	7c010003          	lb	zero,1984(sp)
 254:	0d01                	addi	s10,s10,0
 256:	0002                	c.slli64	zero
 258:	0014                	.insn	2, 0x0014
 25a:	0000                	unimp
 25c:	0248                	addi	a0,sp,260
 25e:	0000                	unimp
 260:	3eb0                	fld	fa2,120(a3)
 262:	8000                	.insn	2, 0x8000
 264:	0000                	unimp
 266:	0000                	unimp
 268:	0006                	c.slli	zero,0x1
 26a:	0000                	unimp
 26c:	0000                	unimp
 26e:	0000                	unimp
 270:	000c                	.insn	2, 0x000c
 272:	0000                	unimp
 274:	ffff                	.insn	2, 0xffff
 276:	ffff                	.insn	2, 0xffff
 278:	7c010003          	lb	zero,1984(sp)
 27c:	0d01                	addi	s10,s10,0
 27e:	0002                	c.slli64	zero
 280:	001c                	.insn	2, 0x001c
 282:	0000                	unimp
 284:	0270                	addi	a2,sp,268
 286:	0000                	unimp
 288:	3eb6                	fld	ft9,360(sp)
 28a:	8000                	.insn	2, 0x8000
 28c:	0000                	unimp
 28e:	0000                	unimp
 290:	0016                	c.slli	zero,0x5
 292:	0000                	unimp
 294:	0000                	unimp
 296:	0000                	unimp
 298:	0e42                	slli	t3,t3,0x10
 29a:	4610                	lw	a2,8(a2)
 29c:	0281                	addi	t0,t0,0
 29e:	0000                	unimp
 2a0:	000c                	.insn	2, 0x000c
 2a2:	0000                	unimp
 2a4:	ffff                	.insn	2, 0xffff
 2a6:	ffff                	.insn	2, 0xffff
 2a8:	7c010003          	lb	zero,1984(sp)
 2ac:	0d01                	addi	s10,s10,0
 2ae:	0002                	c.slli64	zero
 2b0:	0024                	addi	s1,sp,8
 2b2:	0000                	unimp
 2b4:	02a0                	addi	s0,sp,328
 2b6:	0000                	unimp
 2b8:	3ecc                	fld	fa1,184(a3)
 2ba:	8000                	.insn	2, 0x8000
 2bc:	0000                	unimp
 2be:	0000                	unimp
 2c0:	0030                	addi	a2,sp,8
 2c2:	0000                	unimp
 2c4:	0000                	unimp
 2c6:	0000                	unimp
 2c8:	0e42                	slli	t3,t3,0x10
 2ca:	5210                	lw	a2,32(a2)
 2cc:	0488                	addi	a0,sp,576
 2ce:	0281                	addi	t0,t0,0
 2d0:	c84e                	sw	s3,16(sp)
 2d2:	c142                	sw	a6,128(sp)
 2d4:	0e48                	addi	a0,sp,788
 2d6:	0000                	unimp
 2d8:	000c                	.insn	2, 0x000c
 2da:	0000                	unimp
 2dc:	ffff                	.insn	2, 0xffff
 2de:	ffff                	.insn	2, 0xffff
 2e0:	7c010003          	lb	zero,1984(sp)
 2e4:	0d01                	addi	s10,s10,0
 2e6:	0002                	c.slli64	zero
 2e8:	0014                	.insn	2, 0x0014
 2ea:	0000                	unimp
 2ec:	02d8                	addi	a4,sp,324
 2ee:	0000                	unimp
 2f0:	3efc                	fld	fa5,248(a3)
 2f2:	8000                	.insn	2, 0x8000
 2f4:	0000                	unimp
 2f6:	0000                	unimp
 2f8:	0006                	c.slli	zero,0x1
 2fa:	0000                	unimp
 2fc:	0000                	unimp
 2fe:	0000                	unimp
 300:	000c                	.insn	2, 0x000c
 302:	0000                	unimp
 304:	ffff                	.insn	2, 0xffff
 306:	ffff                	.insn	2, 0xffff
 308:	7c010003          	lb	zero,1984(sp)
 30c:	0d01                	addi	s10,s10,0
 30e:	0002                	c.slli64	zero
 310:	001c                	.insn	2, 0x001c
 312:	0000                	unimp
 314:	0300                	addi	s0,sp,384
 316:	0000                	unimp
 318:	3f02                	fld	ft10,32(sp)
 31a:	8000                	.insn	2, 0x8000
 31c:	0000                	unimp
 31e:	0000                	unimp
 320:	004c                	addi	a1,sp,4
 322:	0000                	unimp
 324:	0000                	unimp
 326:	0000                	unimp
 328:	0e42                	slli	t3,t3,0x10
 32a:	0240                	addi	s0,sp,260
 32c:	0e48                	addi	a0,sp,788
	...
